{"type":"FeatureCollection","name":"大分県","features":[{"type":"Feature","properties":{"name":"大分県"},"geometry":{"type":"MultiLineString","coordinates":[[[132.0024902,33.06942549],[132.00672361,33.06076139],[132.01812192,33.05978047],[131.97581712,33.04616495],[131.92778694,33.05144889],[131.92742667,33.04422249],[131.92083298,33.04352314],[131.92281016,33.0263247],[131.90110043,33.01016135],[131.90819416,32.99919633],[131.9015985,32.99208271],[131.89871569,33.00559598],[131.8895935,32.99299415],[131.89793925,32.98977713],[131.89664899,32.98022042],[131.90586842,32.98171888],[131.90309466,32.97753326],[131.9114932,32.97850399],[131.91639332,32.9700684],[131.91816531,32.97603648],[131.92755298,32.97492631],[131.92379781,32.96481048],[131.93558434,32.96190558],[131.93819883,32.95222803],[131.94927982,32.9592271],[131.95959563,32.94559742],[131.96476942,32.9487921],[131.96066083,32.96047389],[131.96868428,32.95300644],[131.97515917,32.96365083],[131.97185263,32.94652941],[131.98234555,32.93927056],[131.99250278,32.94599],[131.98968389,32.95402305],[132.00329445,32.95888139],[131.99686389,32.93840944],[132.00299272,32.9323893],[132.03399252,32.93956371],[132.03322805,32.95403028],[132.08202289,32.94328353],[132.08351195,32.93123777],[132.05422833,32.93989944],[132.04481283,32.92617233],[132.0380675,32.93587722],[132.02607992,32.93543911],[132.01655222,32.93004777],[132.01746645,32.92348092],[132.00863156,32.92513267],[132.0098025,32.90583389],[131.99594528,32.91166459],[131.98976069,32.92413661],[131.98695673,32.91925432],[131.97658999,32.92231793],[131.98401567,32.91614294],[131.98624834,32.88941453],[131.99336975,32.8903447],[131.99558516,32.8996568],[132.01563486,32.89086347],[132.00103,32.88578805],[131.98461742,32.86275728],[131.9744599,32.86780305],[131.97537139,32.856865],[131.96162139,32.84684472],[131.94968159,32.85501202],[131.95646781,32.84100314],[131.94239717,32.8367742],[131.9578008,32.83674662],[131.96277514,32.81877761],[131.96789416,32.82206361],[131.96369472,32.83870056],[131.97752594,32.82496544],[131.98636104,32.82881045],[131.97511611,32.84505333],[132.01044111,32.83474222],[132.00797445,32.82663139],[131.97341472,32.80650083],[131.97614722,32.79474333],[131.96323667,32.79427278],[131.96477869,32.8043418],[131.95301722,32.80799833],[131.93671667,32.78448972],[131.92206331,32.79396177],[131.92536643,32.80111771],[131.91745234,32.79637423],[131.92019778,32.78525528],[131.90741425,32.79387475],[131.90183861,32.78488833],[131.89467128,32.78864895],[131.89965428,32.80222169],[131.88991642,32.80476428],[131.88488606,32.79109261],[131.8970375,32.77955778],[131.89624431,32.76438641],[131.8798791,32.79130339],[131.87321003,32.78755425],[131.87634667,32.77817889],[131.86851659,32.77482523],[131.87985333,32.76552167],[131.87218833,32.75065805],[131.88579616,32.74598453],[131.84700917,32.73593],[131.84420944,32.77664056],[131.86007805,32.80607056],[131.85879694,32.82143667],[131.83449973,32.81969778],[131.82442778,32.82992722],[131.79390056,32.82194528],[131.78727222,32.833645],[131.76681111,32.83897972],[131.73572805,32.83110167],[131.72947861,32.79973695],[131.71589112,32.78806305],[131.71078166,32.77223833],[131.69559889,32.77476223],[131.66885861,32.76659333],[131.59251195,32.77531416],[131.56891722,32.75416389],[131.53661694,32.75870305],[131.51102584,32.77057667],[131.50874499,32.78411305],[131.51746555,32.80080416],[131.48599969,32.82162666],[131.47525507,32.83724243],[131.43696987,32.82862606],[131.42120881,32.81191601],[131.35919852,32.8040582],[131.34863534,32.81068213],[131.34357529,32.83129327],[131.32760987,32.83327137],[131.31403956,32.85107223],[131.2734369,32.87099626],[131.27319078,32.88180787],[131.2638382,32.87939619],[131.25340283,32.89678414],[131.24580183,32.93967462],[131.25262914,32.94645775],[131.24678837,32.95289805],[131.25298783,32.95573306],[131.24647427,32.9619253],[131.25611486,32.96350197],[131.26321381,32.97715198],[131.24712411,32.98252951],[131.24730171,32.99587096],[131.2236249,33.01716432],[131.2167242,33.05345781],[131.19330121,33.07754629],[131.18575986,33.07390078],[131.17454852,33.08308467],[131.16121745,33.14076757],[131.11951327,33.16900813],[131.10558472,33.18635399],[131.06002012,33.19517549],[131.03884626,33.19413377],[131.01554344,33.17745406],[130.99221813,33.18320432],[130.98205802,33.15742136],[130.98440246,33.1424029],[130.97833245,33.14090206],[130.99460945,33.12929723],[130.99351253,33.12015787],[131.02405073,33.08754447],[131.01078257,33.07095096],[131.01774398,33.06369385],[131.01453658,33.04756959],[130.99128682,33.02396744],[130.97027305,33.02376604],[130.94682021,33.05283736],[130.91585122,33.05348938],[130.90800172,33.0641777],[130.89719111,33.06542205],[130.8897334,33.08358629],[130.87697758,33.09182979],[130.84307057,33.0938244],[130.83983699,33.10484503],[130.86164731,33.11752783],[130.87072739,33.14658442],[130.8796463,33.1529869],[130.87359183,33.16842759],[130.88571826,33.1762934],[130.88749663,33.18648079],[130.836489,33.21059991],[130.85940411,33.22952139],[130.82626145,33.23676325],[130.82870288,33.25745864],[130.86804751,33.26407863],[130.85207413,33.27746967],[130.86634831,33.29211213],[130.8572986,33.32690177],[130.83534796,33.34354595],[130.86115768,33.36165799],[130.86268127,33.37689414],[130.88635012,33.37969639],[130.8949207,33.44615571],[130.92628589,33.45762453],[130.94241833,33.4856425],[130.97289112,33.50551889],[131.01515778,33.50906749],[131.03581306,33.51908167],[131.0441375,33.51002972],[131.07570056,33.5052975],[131.10759027,33.50762778],[131.12801361,33.50158333],[131.17748722,33.50733528],[131.16627472,33.52735749],[131.18851639,33.54778695],[131.18980056,33.56225667],[131.17234222,33.58303333],[131.18795908,33.61973508],[131.232938,33.60140453],[131.24534361,33.61525261],[131.2393762,33.60631628],[131.24667908,33.61148125],[131.25311739,33.60687523],[131.25473414,33.61614261],[131.25573475,33.59895256],[131.27881066,33.58084705],[131.3296175,33.58216089],[131.33826506,33.58013477],[131.34078988,33.57104997],[131.36456698,33.57905283],[131.37232783,33.57565103],[131.37248258,33.58124225],[131.41274986,33.57361531],[131.40926562,33.57935067],[131.42691097,33.56747048],[131.43452678,33.57034572],[131.42463949,33.57900105],[131.42307306,33.59488839],[131.43058314,33.57407316],[131.4240045,33.59306356],[131.46225175,33.6191918],[131.46972197,33.61450169],[131.46437628,33.61936741],[131.47192341,33.61797364],[131.48519742,33.64779195],[131.49458261,33.64367644],[131.49512302,33.65450149],[131.50497566,33.65653758],[131.49687883,33.66378867],[131.499892,33.67128011],[131.52934606,33.67309592],[131.5221637,33.68420167],[131.54401231,33.67719653],[131.56069499,33.68686222],[131.56633962,33.67473867],[131.57550988,33.67506672],[131.57355073,33.68675387],[131.58558445,33.69260805],[131.60751611,33.68690333],[131.60723519,33.67863486],[131.61621178,33.67497047],[131.61959778,33.68085749],[131.6301975,33.67432],[131.63581111,33.68227083],[131.65204911,33.67105253],[131.64727438,33.66236178],[131.66180805,33.67039805],[131.67952778,33.64377777],[131.6928835,33.64024964],[131.70356889,33.60912028],[131.71831151,33.60465439],[131.73377844,33.58279892],[131.73436083,33.56705364],[131.73938314,33.57135423],[131.73608717,33.56445249],[131.74504795,33.54200397],[131.72906222,33.50091723],[131.73242066,33.48808405],[131.73893027,33.49394416],[131.73955555,33.46634361],[131.73369698,33.47061633],[131.72526467,33.46415657],[131.73142209,33.46515496],[131.71127778,33.43865556],[131.70149611,33.40599083],[131.66115639,33.40920805],[131.67368776,33.41736761],[131.65705655,33.42330377],[131.64678555,33.42032349],[131.65196228,33.41446633],[131.63557639,33.42339389],[131.62845778,33.42060508],[131.63462416,33.41581277],[131.62711891,33.41101305],[131.64242202,33.40800492],[131.63427278,33.40783083],[131.64329597,33.40613095],[131.63572803,33.39927797],[131.65006555,33.38405889],[131.64340139,33.37495],[131.59708846,33.37167221],[131.59316252,33.34744442],[131.58322349,33.3539317],[131.58682737,33.34556734],[131.54978603,33.35013489],[131.53894938,33.36546232],[131.52985729,33.36727925],[131.49890699,33.36031147],[131.49608838,33.32637992],[131.5025818,33.32201156],[131.5104504,33.27054224],[131.58926953,33.24564992],[131.59403148,33.24705603],[131.58729392,33.25135961],[131.59748847,33.25555431],[131.60171008,33.24963775],[131.60810661,33.25357264],[131.59920219,33.25657195],[131.62406328,33.26015971],[131.65924922,33.27735078],[131.6687109,33.25831504],[131.66375095,33.27804483],[131.67687591,33.27950641],[131.68484603,33.26624128],[131.67942411,33.28005544],[131.69191477,33.27942778],[131.71549236,33.26886795],[131.71279662,33.25981089],[131.71852839,33.26647195],[131.75943925,33.24022747],[131.75458895,33.25234736],[131.77291662,33.2448938],[131.77871981,33.25313249],[131.77138283,33.241082],[131.77923789,33.24702714],[131.80598817,33.24200313],[131.85637888,33.25569444],[131.87441811,33.24952847],[131.86777661,33.25947716],[131.90267808,33.26780677],[131.89201633,33.24529883],[131.87577319,33.24455267],[131.87111694,33.23298459],[131.87679536,33.22393395],[131.86071275,33.20454336],[131.86919394,33.20135447],[131.83293248,33.18127921],[131.82099939,33.15783992],[131.82575044,33.15446831],[131.82888791,33.16147447],[131.82856047,33.15011489],[131.79836737,33.12715431],[131.81319486,33.12737944],[131.80917066,33.12113928],[131.81481153,33.12746689],[131.82599025,33.12106136],[131.8312037,33.1265872],[131.84344337,33.11435265],[131.86989389,33.13141028],[131.87795591,33.13068772],[131.87575555,33.12257083],[131.89283051,33.12460764],[131.89876445,33.13564861],[131.90134119,33.12736228],[131.91515861,33.12377956],[131.89761368,33.11638913],[131.90101995,33.11018528],[131.89560361,33.10720005],[131.87996076,33.10919948],[131.86922399,33.09048547],[131.8526068,33.08876629],[131.86814064,33.08343889],[131.85890983,33.07744592],[131.88575331,33.07284215],[131.88500905,33.08434269],[131.90182778,33.07533009],[131.91013266,33.08260858],[131.90998337,33.06825652],[131.92501597,33.06581103],[131.9294772,33.06879713],[131.92374625,33.07436847],[131.93267922,33.07452679],[131.93492879,33.08318814],[131.92888499,33.09176333],[131.94087986,33.09685775],[131.93618639,33.08852722],[131.94296778,33.06945611],[131.95333139,33.06614591],[131.95241569,33.07075292],[131.96628635,33.07339811],[131.97112864,33.06145278],[131.98895917,33.06835372],[131.98610903,33.08795739],[132.00113158,33.09673948],[131.99542833,33.08084056],[132.0024902,33.06942549]],[[131.80627584,33.12967056],[131.80627584,33.12967056]],[[131.80542925,33.12970031],[131.80542925,33.12970031]],[[131.80792431,33.12972869],[131.80792431,33.12972869]],[[131.80964328,33.12977253],[131.80964328,33.12977253]],[[131.80710056,33.12994503],[131.80710056,33.12994503]],[[131.80822669,33.24277272],[131.80822669,33.24277272]],[[131.8101237,33.24339436],[131.8101237,33.24339436]],[[131.81029428,33.24340156],[131.81029428,33.24340156]],[[131.81091414,33.24354675],[131.81091414,33.24354675]],[[131.81103969,33.24361869],[131.81103969,33.24361869]],[[131.81062852,33.24365553],[131.81062852,33.24365553]],[[131.81069983,33.24367339],[131.81069983,33.24367339]],[[131.81101745,33.24371675],[131.81101745,33.24371675]],[[131.8109138,33.24371978],[131.8109138,33.24371978]],[[131.77940047,33.25459061],[131.77940047,33.25459061]],[[131.7761673,33.25360649],[131.77071581,33.25806397],[131.7761673,33.25360649]],[[131.54611659,33.2572332],[131.54611659,33.2572332]],[[131.54491555,33.25791608],[131.54491555,33.25791608]],[[131.54942569,33.25805783],[131.54942569,33.25805783]],[[131.74030031,33.2590565],[131.76648123,33.25652265],[131.74030031,33.2590565]],[[131.7652646,33.25727064],[131.7652646,33.25727064]],[[131.73001743,33.26565791],[131.73470267,33.26326534],[131.73001743,33.26565791]],[[131.71645947,33.26990311],[131.71645947,33.26990311]],[[131.50697313,33.28333333],[131.50697313,33.28333333]],[[131.50650134,33.28479455],[131.50650134,33.28479455]],[[131.50644664,33.28504689],[131.50644664,33.28504689]],[[131.50526809,33.29526465],[131.50526809,33.29526465]],[[131.5061962,33.29600424],[131.5061962,33.29600424]],[[131.50756825,33.30790797],[131.50867597,33.29919699],[131.50756825,33.30790797]],[[131.49798049,33.32738993],[131.49798049,33.32738993]],[[131.58755441,33.34555543],[131.58755441,33.34555543]],[[131.50121222,33.35812485],[131.50121222,33.35812485]],[[131.54100563,33.35924609],[131.54100563,33.35924609]],[[131.53701349,33.35961662],[131.53701349,33.35961662]],[[131.53799838,33.36050522],[131.53799838,33.36050522]],[[131.53533642,33.364065],[131.53533642,33.364065]],[[131.53452595,33.36465757],[131.53452595,33.36465757]],[[131.53665139,33.36459096],[131.53665139,33.36459096]],[[131.607091,33.37006024],[131.607091,33.37006024]],[[131.60723269,33.37012997],[131.60723269,33.37012997]],[[131.60794505,33.37046588],[131.60794505,33.37046588]],[[131.60818463,33.37064198],[131.60818463,33.37064198]],[[131.61442678,33.37079916],[131.61442678,33.37079916]],[[131.69441983,33.40411869],[131.69441983,33.40411869]],[[131.64470973,33.40725997],[131.64470973,33.40725997]],[[131.65877389,33.40974695],[131.65877389,33.40974695]],[[131.70955833,33.42838111],[131.70955833,33.42838111]],[[131.71505095,33.4411278],[131.71505095,33.4411278]],[[131.7252825,33.44152472],[131.7252825,33.44152472]],[[131.72500442,33.441787],[131.72500442,33.441787]],[[131.72479944,33.44198416],[131.72479944,33.44198416]],[[131.72450306,33.44249333],[131.72450306,33.44249333]],[[131.72395209,33.44284908],[131.72395209,33.44284908]],[[131.73172089,33.49113253],[131.73172089,33.49113253]],[[131.73176558,33.4912645],[131.73176558,33.4912645]],[[131.73111681,33.49187161],[131.73111681,33.49187161]],[[131.73084416,33.49190861],[131.73084416,33.49190861]],[[131.73280555,33.50000005],[131.73280555,33.50000005]],[[131.73176492,33.50323508],[131.73176492,33.50323508]],[[131.73244375,33.50649544],[131.73244375,33.50649544]],[[131.73228433,33.50830367],[131.73228433,33.50830367]],[[131.74067744,33.53668292],[131.74067744,33.53668292]],[[131.7426772,33.53715233],[131.7426772,33.53715233]],[[131.74268086,33.53725167],[131.74268086,33.53725167]],[[131.74275905,33.53736777],[131.74275905,33.53736777]],[[131.74315224,33.53797169],[131.74315224,33.53797169]],[[131.74289761,33.53824841],[131.74289761,33.53824841]],[[131.7444055,33.54120725],[131.7444055,33.54120725]],[[131.74429914,33.54140941],[131.74429914,33.54140941]],[[131.74429725,33.54145433],[131.74429725,33.54145433]],[[131.74416275,33.54150364],[131.74416275,33.54150364]],[[131.74472856,33.54142397],[131.74472856,33.54142397]],[[131.74526791,33.54229344],[131.74526791,33.54229344]],[[131.74265647,33.54490111],[131.74265647,33.54490111]],[[131.74153442,33.54509711],[131.74153442,33.54509711]],[[131.7414925,33.5451445],[131.7414925,33.5451445]],[[131.74188603,33.5555352],[131.74188603,33.5555352]],[[131.74171856,33.55552169],[131.74171856,33.55552169]],[[131.74173089,33.55566641],[131.74173089,33.55566641]],[[131.74189611,33.55576814],[131.74189611,33.55576814]],[[131.7425137,33.55582656],[131.7425137,33.55582656]],[[131.74011939,33.55704461],[131.74011939,33.55704461]],[[131.74129097,33.56350805],[131.74129097,33.56350805]],[[131.73948567,33.56776736],[131.73948567,33.56776736]],[[131.42753821,33.56884685],[131.42753821,33.56884685]],[[131.42585921,33.57076084],[131.42585921,33.57076084]],[[131.74224975,33.57102175],[131.74224975,33.57102175]],[[131.42343567,33.57331541],[131.42343567,33.57331541]],[[131.73613577,33.57318441],[131.73613577,33.57318441]],[[131.37150124,33.5783558],[131.37150124,33.5783558]],[[131.36447936,33.57930839],[131.36447936,33.57930839]],[[131.36392825,33.57889469],[131.36392825,33.57889469]],[[131.37164475,33.57975278],[131.37164475,33.57975278]],[[131.37252837,33.58242825],[131.37252837,33.58242825]],[[131.32933211,33.58227886],[131.32933211,33.58227886]],[[131.3717593,33.58204178],[131.3717593,33.58204178]],[[131.29956747,33.58333333],[131.29956747,33.58333333]],[[131.37174384,33.58393805],[131.37174384,33.58393805]],[[131.72765942,33.588055],[131.72765942,33.588055]],[[131.72768158,33.58805153],[131.72768158,33.58805153]],[[131.72772805,33.58806847],[131.72772805,33.58806847]],[[131.72783095,33.58814541],[131.72783095,33.58814541]],[[131.72761616,33.58819067],[131.72761616,33.58819067]],[[131.72743686,33.58816178],[131.72743686,33.58816178]],[[131.72721917,33.58817605],[131.72721917,33.58817605]],[[131.72782608,33.58826075],[131.72782608,33.58826075]],[[131.72676428,33.5883668],[131.72676428,33.5883668]],[[131.72689228,33.58835497],[131.72689228,33.58835497]],[[131.72696662,33.58840583],[131.72696662,33.58840583]],[[131.26902411,33.59218072],[131.26902411,33.59218072]],[[131.71973222,33.60416864],[131.71973222,33.60416864]],[[131.24955861,33.61707228],[131.24955861,33.61707228]],[[131.25417992,33.62152555],[131.25417992,33.62152555]],[[131.69754083,33.62933249],[131.69754083,33.62933249]],[[131.48475942,33.64464333],[131.48475942,33.64464333]],[[131.67761814,33.65007725],[131.67761814,33.65007725]],[[131.49727562,33.66756853],[131.49727562,33.66756853]],[[131.66598306,33.66839889],[131.66598306,33.66839889]],[[131.51262219,33.67374303],[131.51262219,33.67374303]],[[131.52144633,33.67362172],[131.52144633,33.67362172]],[[131.54311764,33.680132],[131.54311764,33.680132]],[[131.52278119,33.68183683],[131.52278119,33.68183683]],[[131.54502778,33.68226056],[131.54502778,33.68226056]],[[131.60951392,33.6833802],[131.60951392,33.6833802]],[[131.52222306,33.68447544],[131.52222306,33.68447544]],[[131.57370416,33.68796777],[131.57370416,33.68796777]],[[131.649598,33.71785289],[131.649598,33.71785289]],[[131.63384959,33.72287886],[131.64271973,33.73301249],[131.65492672,33.73016464],[131.66781499,33.74027778],[131.70156409,33.7302028],[131.69017027,33.73237831],[131.66572239,33.7168268],[131.65269745,33.72232539],[131.63304,33.71678998],[131.63384959,33.72287886]],[[131.70199803,33.73109247],[131.70199803,33.73109247]],[[131.64193623,33.73215569],[131.64193623,33.73215569]],[[131.65244669,33.73525478],[131.65244669,33.73525478]],[[131.6539425,33.7376425],[131.6539425,33.7376425]],[[131.82357175,33.12279008],[131.82357175,33.12279008]],[[131.81412309,33.12381],[131.81412309,33.12381]],[[131.81807964,33.12411375],[131.81807964,33.12411375]],[[131.81825961,33.12498577],[131.81825961,33.12498577]],[[131.82046278,33.14721592],[131.82046278,33.14721592]],[[131.8205845,33.14729241],[131.8205845,33.14729241]],[[131.82067358,33.14737495],[131.82067358,33.14737495]],[[131.82756555,33.14862528],[131.82756555,33.14862528]],[[131.82857311,33.14999064],[131.82857311,33.14999064]],[[131.82762078,33.15593489],[131.82762078,33.15593489]],[[131.82863178,33.15790489],[131.82863178,33.15790489]],[[131.82869781,33.15807531],[131.82869781,33.15807531]],[[131.82328322,33.16338356],[131.82328322,33.16338356]],[[131.8427785,33.16377449],[131.8427785,33.16377449]],[[131.84104547,33.16511208],[131.84104547,33.16511208]],[[131.84122195,33.1652925],[131.84122195,33.1652925]],[[131.83990399,33.16799328],[131.83990399,33.16799328]],[[131.82946389,33.17209056],[131.82946389,33.17209056]],[[131.83120521,33.17330422],[131.83120521,33.17330422]],[[131.83197922,33.17388982],[131.83197922,33.17388982]],[[131.83964416,33.17652889],[131.83964416,33.17652889]],[[131.83815528,33.17527333],[131.83815528,33.17527333]],[[131.83922222,33.17749195],[131.83922222,33.17749195]],[[131.83889389,33.17828056],[131.83889389,33.17828056]],[[131.83849889,33.17837639],[131.83849889,33.17837639]],[[131.83707195,33.17841],[131.83707195,33.17841]],[[131.83693805,33.17861277],[131.83693805,33.17861277]],[[131.83645345,33.17864211],[131.83645345,33.17864211]],[[131.83395494,33.18132289],[131.83395494,33.18132289]],[[131.83416528,33.18146861],[131.83416528,33.18146861]],[[131.83441606,33.18181622],[131.83441606,33.18181622]],[[131.83462083,33.18195305],[131.83462083,33.18195305]],[[131.8370298,33.18230275],[131.8370298,33.18230275]],[[131.83847195,33.18246556],[131.83847195,33.18246556]],[[131.83795611,33.18271333],[131.83795611,33.18271333]],[[131.8477527,33.18781964],[131.8477527,33.18781964]],[[131.84794895,33.18783128],[131.84794895,33.18783128]],[[131.84775808,33.18785622],[131.84775808,33.18785622]],[[131.84761659,33.18787213],[131.84761659,33.18787213]],[[131.81167302,33.24384844],[131.81167302,33.24384844]],[[131.81180897,33.24392908],[131.81180897,33.24392908]],[[131.81198219,33.24397853],[131.81198219,33.24397853]],[[131.81234056,33.24401939],[131.81234056,33.24401939]],[[131.81225747,33.2440882],[131.81225747,33.2440882]],[[131.81270608,33.24415289],[131.81270608,33.24415289]],[[131.81321475,33.24437344],[131.81321475,33.24437344]],[[131.81330508,33.24439611],[131.81330508,33.24439611]],[[131.81355078,33.24442689],[131.81355078,33.24442689]],[[131.81304003,33.24443077],[131.81304003,33.24443077]],[[131.81339364,33.24444486],[131.81339364,33.24444486]],[[131.81354594,33.24444739],[131.81354594,33.24444739]],[[131.81310372,33.24446995],[131.81310372,33.24446995]],[[131.81406503,33.24472856],[131.81406503,33.24472856]],[[131.81383141,33.24476356],[131.81383141,33.24476356]],[[131.81388966,33.24479753],[131.81388966,33.24479753]],[[131.8139385,33.24482172],[131.8139385,33.24482172]],[[131.81406691,33.24482908],[131.81406691,33.24482908]],[[131.8143962,33.24489267],[131.8143962,33.24489267]],[[131.81408189,33.24491467],[131.81408189,33.24491467]],[[131.81478078,33.245029],[131.81478078,33.245029]],[[131.81497859,33.24518505],[131.81497859,33.24518505]],[[131.81555322,33.24521969],[131.81555322,33.24521969]],[[131.81705358,33.24541067],[131.81705358,33.24541067]],[[131.81711623,33.24549764],[131.81711623,33.24549764]],[[131.81710358,33.24556003],[131.81710358,33.24556003]],[[131.81711988,33.24555892],[131.81711988,33.24555892]],[[131.81722375,33.24571767],[131.81722375,33.24571767]],[[131.81743492,33.24571708],[131.81743492,33.24571708]],[[131.81737061,33.24570316],[131.81737061,33.24570316]],[[131.81756044,33.2457582],[131.81756044,33.2457582]],[[131.81724355,33.24574916],[131.81724355,33.24574916]],[[131.81720742,33.24577483],[131.81720742,33.24577483]],[[131.81731886,33.24579149],[131.81731886,33.24579149]],[[131.81713581,33.24579425],[131.81713581,33.24579425]],[[131.81755172,33.24581433],[131.81755172,33.24581433]],[[131.81779642,33.24581687],[131.81779642,33.24581687]],[[131.81794017,33.24582314],[131.81794017,33.24582314]],[[131.81743577,33.24584178],[131.81743577,33.24584178]],[[131.81791769,33.24585395],[131.81791769,33.24585395]],[[131.81770789,33.24586416],[131.81770789,33.24586416]],[[131.81749394,33.24585564],[131.81749394,33.24585564]],[[131.81805611,33.24588711],[131.81805611,33.24588711]],[[131.81758341,33.24595614],[131.81758341,33.24595614]],[[131.81986333,33.24603697],[131.81986333,33.24603697]],[[131.81844436,33.24608364],[131.81844436,33.24608364]],[[131.81847525,33.24610283],[131.81847525,33.24610283]],[[131.81988411,33.24607778],[131.81988411,33.24607778]],[[131.81876983,33.24612911],[131.81876983,33.24612911]],[[131.81879739,33.24612597],[131.81879739,33.24612597]],[[131.81988995,33.2462552],[131.81988995,33.2462552]],[[131.8199425,33.24631083],[131.8199425,33.24631083]],[[131.82081756,33.24650875],[131.82081756,33.24650875]],[[131.82051111,33.24653467],[131.82051111,33.24653467]],[[131.82199837,33.24657428],[131.82199837,33.24657428]],[[131.82057897,33.24658705],[131.82057897,33.24658705]],[[131.82200136,33.24660672],[131.82200136,33.24660672]],[[131.8249272,33.24674289],[131.8249272,33.24674289]],[[131.82464827,33.24693472],[131.82464827,33.24693472]],[[131.82276864,33.24704303],[131.82276864,33.24704303]],[[131.82258438,33.24706641],[131.82258438,33.24706641]],[[131.82600348,33.2470802],[131.82600348,33.2470802]],[[131.82329603,33.24712744],[131.82329603,33.24712744]],[[131.82398128,33.24713544],[131.82398128,33.24713544]],[[131.82421419,33.24716339],[131.82421419,33.24716339]],[[131.82404636,33.24721031],[131.82404636,33.24721031]],[[131.82353231,33.24723011],[131.82353231,33.24723011]],[[131.82418575,33.24720956],[131.82418575,33.24720956]],[[131.82616105,33.24724603],[131.82616105,33.24724603]],[[131.82637236,33.24734877],[131.82637236,33.24734877]],[[131.82632567,33.24740444],[131.82632567,33.24740444]],[[131.82687747,33.24742875],[131.82687747,33.24742875]],[[131.82634891,33.24744641],[131.82634891,33.24744641]],[[131.82645355,33.24742425],[131.82645355,33.24742425]],[[131.82880027,33.24778853],[131.82880027,33.24778853]],[[131.82845436,33.24784177],[131.82845436,33.24784177]],[[131.83215992,33.24793813],[131.83215992,33.24793813]],[[131.83215778,33.24800675],[131.83215778,33.24800675]],[[131.83223253,33.24800211],[131.83223253,33.24800211]],[[131.8321592,33.248053],[131.8321592,33.248053]],[[131.83216849,33.24806197],[131.83216849,33.24806197]],[[131.83216639,33.24809967],[131.83216639,33.24809967]],[[131.82989012,33.24811669],[131.82989012,33.24811669]],[[131.83004997,33.24817839],[131.83004997,33.24817839]],[[131.83020647,33.24818239],[131.83020647,33.24818239]],[[131.8303425,33.24817831],[131.8303425,33.24817831]],[[131.83057691,33.24821877],[131.83057691,33.24821877]],[[131.8303702,33.24822431],[131.8303702,33.24822431]],[[131.83050008,33.24823947],[131.83050008,33.24823947]],[[131.83025659,33.24825139],[131.83025659,33.24825139]],[[131.83031616,33.24825514],[131.83031616,33.24825514]],[[131.83026572,33.24828586],[131.83026572,33.24828586]],[[131.83058597,33.24829103],[131.83058597,33.24829103]],[[131.83079458,33.2483808],[131.83079458,33.2483808]],[[131.83168781,33.24846464],[131.83168781,33.24846464]],[[131.83109458,33.24847625],[131.83109458,33.24847625]],[[131.83169995,33.24848944],[131.83169995,33.24848944]],[[131.8310575,33.24851692],[131.8310575,33.24851692]],[[131.83114141,33.24850444],[131.83114141,33.24850444]],[[131.8310517,33.2485485],[131.8310517,33.2485485]],[[131.83162791,33.2486342],[131.83162791,33.2486342]],[[131.83144073,33.24868595],[131.83144073,33.24868595]],[[131.83128097,33.24865633],[131.83128097,33.24865633]],[[131.83160514,33.24868916],[131.83160514,33.24868916]],[[131.83152889,33.24870356],[131.83152889,33.24870356]],[[131.83172759,33.24871061],[131.83172759,33.24871061]],[[131.84319358,33.25194747],[131.84319358,33.25194747]],[[131.84263158,33.25200692],[131.84263158,33.25200692]],[[131.84299333,33.25209392],[131.84299333,33.25209392]],[[131.85924689,33.13879969],[131.85924689,33.13879969]],[[131.85791698,33.13965011],[131.85791698,33.13965011]],[[131.85685828,33.14206713],[131.86350949,33.14272833],[131.85685828,33.14206713]],[[131.84841428,33.18774272],[131.84841428,33.18774272]],[[131.84871978,33.18787508],[131.84871978,33.18787508]],[[131.848119,33.18792678],[131.848119,33.18792678]],[[131.84982447,33.19046516],[131.84982447,33.19046516]],[[131.84981202,33.19049797],[131.84981202,33.19049797]],[[131.85915361,33.19154239],[131.85915361,33.19154239]],[[131.85060881,33.19157989],[131.85060881,33.19157989]],[[131.85924674,33.19158233],[131.85924674,33.19158233]],[[131.85919075,33.19162392],[131.85919075,33.19162392]],[[131.85924616,33.19162083],[131.85924616,33.19162083]],[[131.85923601,33.19166492],[131.85923601,33.19166492]],[[131.85078403,33.19168925],[131.85078403,33.19168925]],[[131.85942978,33.19179775],[131.85942978,33.19179775]],[[131.85963733,33.19182247],[131.85963733,33.19182247]],[[131.85884163,33.19187269],[131.85884163,33.19187269]],[[131.8514583,33.192027],[131.8514583,33.192027]],[[131.85169547,33.19204333],[131.85169547,33.19204333]],[[131.85179516,33.19203689],[131.85179516,33.19203689]],[[131.85947992,33.19207583],[131.85947992,33.19207583]],[[131.86059739,33.19208741],[131.86059739,33.19208741]],[[131.85196095,33.1921022],[131.85196095,33.1921022]],[[131.86036889,33.19217828],[131.86036889,33.19217828]],[[131.86041575,33.19225377],[131.86041575,33.19225377]],[[131.86082497,33.1922955],[131.86082497,33.1922955]],[[131.8604509,33.19229395],[131.8604509,33.19229395]],[[131.85248691,33.19241644],[131.85248691,33.19241644]],[[131.86039051,33.19241347],[131.86039051,33.19241347]],[[131.86064647,33.19242341],[131.86064647,33.19242341]],[[131.85243022,33.19244244],[131.85243022,33.19244244]],[[131.86033798,33.19245008],[131.86033798,33.19245008]],[[131.86220433,33.1924248],[131.86220433,33.1924248]],[[131.85258066,33.19246205],[131.85258066,33.19246205]],[[131.86045942,33.192444],[131.86045942,33.192444]],[[131.85244569,33.19246911],[131.85244569,33.19246911]],[[131.85262625,33.19245192],[131.85262625,33.19245192]],[[131.8603493,33.19246867],[131.8603493,33.19246867]],[[131.86016003,33.19244705],[131.86016003,33.19244705]],[[131.85262564,33.19248916],[131.85262564,33.19248916]],[[131.85255036,33.19251259],[131.85255036,33.19251259]],[[131.86044486,33.19254536],[131.86044486,33.19254536]],[[131.861477,33.19254544],[131.861477,33.19254544]],[[131.86156414,33.19258361],[131.86156414,33.19258361]],[[131.86018778,33.19254228],[131.86018778,33.19254228]],[[131.86161111,33.19260708],[131.86161111,33.19260708]],[[131.86163217,33.19259892],[131.86163217,33.19259892]],[[131.86168506,33.19267647],[131.86168506,33.19267647]],[[131.86138934,33.192661],[131.86138934,33.192661]],[[131.86227322,33.19270269],[131.86227322,33.19270269]],[[131.86204364,33.1926838],[131.86204364,33.1926838]],[[131.86019973,33.19271289],[131.86019973,33.19271289]],[[131.86122569,33.19269695],[131.86122569,33.19269695]],[[131.86208419,33.19275278],[131.86208419,33.19275278]],[[131.86178278,33.19275522],[131.86178278,33.19275522]],[[131.86185558,33.19276697],[131.86185558,33.19276697]],[[131.8614275,33.19271523],[131.8614275,33.19271523]],[[131.8620963,33.19281725],[131.8620963,33.19281725]],[[131.8619155,33.19283961],[131.8619155,33.19283961]],[[131.86208339,33.19284467],[131.86208339,33.19284467]],[[131.86215869,33.19285803],[131.86215869,33.19285803]],[[131.86165078,33.19287967],[131.86165078,33.19287967]],[[131.86128552,33.19288211],[131.86128552,33.19288211]],[[131.86210511,33.19287156],[131.86210511,33.19287156]],[[131.86217042,33.19287128],[131.86217042,33.19287128]],[[131.86213781,33.19289244],[131.86213781,33.19289244]],[[131.86214988,33.19291175],[131.86214988,33.19291175]],[[131.8623773,33.1929492],[131.8623773,33.1929492]],[[131.8612507,33.19293897],[131.8612507,33.19293897]],[[131.86153852,33.19300316],[131.86153852,33.19300316]],[[131.86265776,33.193014],[131.86265776,33.193014]],[[131.86231234,33.19300539],[131.86231234,33.19300539]],[[131.86278231,33.193052],[131.86278231,33.193052]],[[131.86292195,33.1930962],[131.86292195,33.1930962]],[[131.86208005,33.19309553],[131.86208005,33.19309553]],[[131.86226092,33.19313387],[131.86226092,33.19313387]],[[131.8625827,33.19314653],[131.8625827,33.19314653]],[[131.86233983,33.19311953],[131.86233983,33.19311953]],[[131.86272562,33.19315347],[131.86272562,33.19315347]],[[131.86221136,33.19317513],[131.86221136,33.19317513]],[[131.86240947,33.19315547],[131.86240947,33.19315547]],[[131.86213623,33.19317025],[131.86213623,33.19317025]],[[131.86260811,33.19320369],[131.86260811,33.19320369]],[[131.86211795,33.19322016],[131.86211795,33.19322016]],[[131.8622283,33.19322895],[131.8622283,33.19322895]],[[131.86203508,33.19321225],[131.86203508,33.19321225]],[[131.86217414,33.19323925],[131.86217414,33.19323925]],[[131.86262776,33.19329047],[131.86262776,33.19329047]],[[131.86246345,33.19327997],[131.86246345,33.19327997]],[[131.86272228,33.19327359],[131.86272228,33.19327359]],[[131.86219623,33.19328203],[131.86219623,33.19328203]],[[131.86268555,33.19330369],[131.86268555,33.19330369]],[[131.86250669,33.19345678],[131.86250669,33.19345678]],[[131.8625027,33.19349756],[131.8625027,33.19349756]],[[131.85565416,33.19466583],[131.85565416,33.19466583]],[[131.85559761,33.19471769],[131.85559761,33.19471769]],[[131.85569552,33.19473992],[131.85569552,33.19473992]],[[131.85522744,33.19476775],[131.85522744,33.19476775]],[[131.85569186,33.19477105],[131.85569186,33.19477105]],[[131.85577722,33.19477949],[131.85577722,33.19477949]],[[131.86274772,33.19483028],[131.86274772,33.19483028]],[[131.86257455,33.19484572],[131.86257455,33.19484572]],[[131.86269078,33.19491697],[131.86269078,33.19491697]],[[131.86259361,33.1949402],[131.86259361,33.1949402]],[[131.86257348,33.19495187],[131.86257348,33.19495187]],[[131.86253058,33.19495441],[131.86253058,33.19495441]],[[131.86262803,33.19495961],[131.86262803,33.19495961]],[[131.86268523,33.1949742],[131.86268523,33.1949742]],[[131.86252914,33.19497039],[131.86252914,33.19497039]],[[131.86258706,33.19500336],[131.86258706,33.19500336]],[[131.86252453,33.19501316],[131.86252453,33.19501316]],[[131.8625975,33.19503105],[131.8625975,33.19503105]],[[131.86287672,33.19508089],[131.86287672,33.19508089]],[[131.86266686,33.19509297],[131.86266686,33.19509297]],[[131.86280231,33.19511375],[131.86280231,33.19511375]],[[131.8627208,33.1951568],[131.8627208,33.1951568]],[[131.86266341,33.19516711],[131.86266341,33.19516711]],[[131.86272,33.19524147],[131.86272,33.19524147]],[[131.86280372,33.19522583],[131.86280372,33.19522583]],[[131.8626835,33.19524695],[131.8626835,33.19524695]],[[131.86278261,33.19525961],[131.86278261,33.19525961]],[[131.86280005,33.19527816],[131.86280005,33.19527816]],[[131.85649494,33.19542089],[131.85649494,33.19542089]],[[131.85656538,33.19545333],[131.85656538,33.19545333]],[[131.86280815,33.19555492],[131.86280815,33.19555492]],[[131.86280856,33.19557692],[131.86280856,33.19557692]],[[131.86293355,33.195626],[131.86293355,33.195626]],[[131.86284997,33.19564461],[131.86284997,33.19564461]],[[131.85696039,33.19564175],[131.85696039,33.19564175]],[[131.85694472,33.19567333],[131.85694472,33.19567333]],[[131.85700248,33.19568828],[131.85700248,33.19568828]],[[131.85708319,33.19571711],[131.85708319,33.19571711]],[[131.85703425,33.19571295],[131.85703425,33.19571295]],[[131.86288742,33.19575311],[131.86288742,33.19575311]],[[131.86207222,33.20553775],[131.86207222,33.20553775]],[[131.86202791,33.20552544],[131.86202791,33.20552544]],[[131.86180861,33.20554264],[131.86180861,33.20554264]],[[131.86196209,33.20556069],[131.86196209,33.20556069]],[[131.86194499,33.20556892],[131.86194499,33.20556892]],[[131.86200114,33.20558513],[131.86200114,33.20558513]],[[131.86200499,33.20561847],[131.86200499,33.20561847]],[[131.8620891,33.20565141],[131.8620891,33.20565141]],[[131.86190333,33.20565297],[131.86190333,33.20565297]],[[131.86288125,33.20745764],[131.86288125,33.20745764]],[[131.85763236,33.25557003],[131.85763236,33.25557003]],[[131.85781309,33.25554759],[131.85781309,33.25554759]],[[131.85669939,33.25574316],[131.85669939,33.25574316]],[[131.87561833,32.74984139],[131.87561833,32.74984139]],[[131.87517222,32.74971749],[131.87517222,32.74971749]],[[131.87562694,32.76831083],[131.87562694,32.76831083]],[[131.875,32.7689355],[131.875,32.7689355]],[[131.87558694,32.76899778],[131.87558694,32.76899778]],[[131.87458722,32.76952167],[131.87458722,32.76952167]],[[131.87302694,32.77612305],[131.87302694,32.77612305]],[[131.86392017,33.07859345],[131.86392017,33.07859345]],[[131.86375139,33.14301583],[131.86375139,33.14301583]],[[131.86307508,33.19504108],[131.86307508,33.19504108]],[[131.86305827,33.19507764],[131.86305827,33.19507764]],[[131.86300966,33.19518411],[131.86300966,33.19518411]],[[131.86289852,33.19524556],[131.86289852,33.19524556]],[[131.86323195,33.19538814],[131.86323195,33.19538814]],[[131.86296345,33.1955562],[131.86296345,33.1955562]],[[131.86306423,33.19560753],[131.86306423,33.19560753]],[[131.86296847,33.19560953],[131.86296847,33.19560953]],[[131.86293756,33.19567197],[131.86293756,33.19567197]],[[131.86299781,33.19570328],[131.86299781,33.19570328]],[[131.86287728,33.19570503],[131.86287728,33.19570503]],[[131.86296377,33.19578611],[131.86296377,33.19578611]],[[131.86288316,33.19576839],[131.86288316,33.19576839]],[[131.86292472,33.19583913],[131.86292472,33.19583913]],[[131.86315694,33.19589895],[131.86315694,33.19589895]],[[131.86316623,33.19594756],[131.86316623,33.19594756]],[[131.86315569,33.19599914],[131.86315569,33.19599914]],[[131.86355866,33.19628847],[131.86355866,33.19628847]],[[131.8636937,33.19635228],[131.8636937,33.19635228]],[[131.86388514,33.19667186],[131.86388514,33.19667186]],[[131.86387397,33.19676769],[131.86387397,33.19676769]],[[131.86393828,33.19678423],[131.86393828,33.19678423]],[[131.86401472,33.19683616],[131.86401472,33.19683616]],[[131.86395039,33.19687222],[131.86395039,33.19687222]],[[131.86398959,33.19694059],[131.86398959,33.19694059]],[[131.86411431,33.1970718],[131.86411431,33.1970718]],[[131.86417328,33.19711405],[131.86417328,33.19711405]],[[131.86418703,33.19718186],[131.86418703,33.19718186]],[[131.86441698,33.19734453],[131.86441698,33.19734453]],[[131.86439519,33.19756353],[131.86439519,33.19756353]],[[131.86446889,33.19760792],[131.86446889,33.19760792]],[[131.86481553,33.19833905],[131.86481553,33.19833905]],[[131.86479322,33.198363],[131.86479322,33.198363]],[[131.86484925,33.19841916],[131.86484925,33.19841916]],[[131.86490542,33.1984928],[131.86490542,33.1984928]],[[131.86569406,33.19903997],[131.86569406,33.19903997]],[[131.866768,33.19941256],[131.866768,33.19941256]],[[131.86742289,33.19943495],[131.86742289,33.19943495]],[[131.86709236,33.19947944],[131.86709236,33.19947944]],[[131.86693294,33.19942331],[131.86693294,33.19942331]],[[131.86665611,33.19948539],[131.86665611,33.19948539]],[[131.86675808,33.19950531],[131.86675808,33.19950531]],[[131.86666645,33.19950197],[131.86666645,33.19950197]],[[131.867068,33.19953308],[131.867068,33.19953308]],[[131.86681669,33.19955413],[131.86681669,33.19955413]],[[131.86671978,33.19953649],[131.86671978,33.19953649]],[[131.86714039,33.19957561],[131.86714039,33.19957561]],[[131.86704861,33.19956895],[131.86704861,33.19956895]],[[131.86699533,33.19957003],[131.86699533,33.19957003]],[[131.86745525,33.1997568],[131.86745525,33.1997568]],[[131.86758717,33.19982269],[131.86758717,33.19982269]],[[131.86783744,33.19993531],[131.86783744,33.19993531]],[[131.86918728,33.20149267],[131.86918728,33.20149267]],[[131.869163,33.20203214],[131.869163,33.20203214]],[[131.86366689,33.20204461],[131.86366689,33.20204461]],[[131.86895623,33.20231697],[131.86895623,33.20231697]],[[131.86865575,33.2027675],[131.86865575,33.2027675]],[[131.86865805,33.20282572],[131.86865805,33.20282572]],[[131.86616314,33.20281472],[131.86616314,33.20281472]],[[131.86632964,33.20290472],[131.86632964,33.20290472]],[[131.86835297,33.20314922],[131.86835297,33.20314922]],[[131.86830966,33.20317233],[131.86830966,33.20317233]],[[131.86834691,33.20325305],[131.86834691,33.20325305]],[[131.86851472,33.20331067],[131.86851472,33.20331067]],[[131.86818148,33.20352805],[131.86818148,33.20352805]],[[131.86796105,33.20357241],[131.86796105,33.20357241]],[[131.86797056,33.20363205],[131.86797056,33.20363205]],[[131.86815525,33.20368675],[131.86815525,33.20368675]],[[131.86716525,33.20372008],[131.86716525,33.20372008]],[[131.86801664,33.20370656],[131.86801664,33.20370656]],[[131.86771073,33.20371456],[131.86771073,33.20371456]],[[131.86773833,33.20377353],[131.86773833,33.20377353]],[[131.86828158,33.20372841],[131.86828158,33.20372841]],[[131.86737053,33.20377211],[131.86737053,33.20377211]],[[131.86761453,33.20381361],[131.86761453,33.20381361]],[[131.86808856,33.20374411],[131.86808856,33.20374411]],[[131.86798005,33.20377047],[131.86798005,33.20377047]],[[131.86753306,33.20383878],[131.86753306,33.20383878]],[[131.868038,33.20383769],[131.868038,33.20383769]],[[131.86750358,33.20383295],[131.86750358,33.20383295]],[[131.86809708,33.20389003],[131.86809708,33.20389003]],[[131.8682047,33.20388125],[131.8682047,33.20388125]],[[131.86759022,33.20390411],[131.86759022,33.20390411]],[[131.86823756,33.20409239],[131.86823756,33.20409239]],[[131.8683907,33.20412305],[131.8683907,33.20412305]],[[131.86822883,33.2041332],[131.86822883,33.2041332]],[[131.86896411,33.20486136],[131.86896411,33.20486136]],[[131.86935192,33.20494814],[131.86935192,33.20494814]],[[131.86457891,33.21090716],[131.86457891,33.21090716]],[[131.86444536,33.21092759],[131.86444536,33.21092759]],[[131.86450822,33.21092741],[131.86450822,33.21092741]],[[131.86454914,33.21099792],[131.86454914,33.21099792]],[[131.86465642,33.21099953],[131.86465642,33.21099953]],[[131.8655772,33.21219749],[131.8655772,33.21219749]],[[131.86557759,33.21222789],[131.86557759,33.21222789]],[[131.8665038,33.21312575],[131.8665038,33.21312575]],[[131.86748302,33.21345814],[131.86748302,33.21345814]],[[131.86833073,33.21386349],[131.86833073,33.21386349]],[[131.86837808,33.21387083],[131.86837808,33.21387083]],[[131.86847542,33.21398295],[131.86847542,33.21398295]],[[131.868783,33.21409416],[131.868783,33.21409416]],[[131.86868058,33.2141745],[131.86868058,33.2141745]],[[131.86873124,33.21432923],[131.86873124,33.21432923]],[[131.86930575,33.21442341],[131.86930575,33.21442341]],[[131.86945386,33.21445311],[131.86945386,33.21445311]],[[131.86910769,33.21448386],[131.86910769,33.21448386]],[[131.86904205,33.21452967],[131.86904205,33.21452967]],[[131.86896175,33.21464041],[131.86896175,33.21464041]],[[131.86892674,33.21470369],[131.86892674,33.21470369]],[[131.86918795,33.21512467],[131.86918795,33.21512467]],[[131.8723717,33.21583969],[131.8723717,33.21583969]],[[131.87204109,33.21580939],[131.87204109,33.21580939]],[[131.87168003,33.21597267],[131.87168003,33.21597267]],[[131.87209769,33.21592459],[131.87209769,33.21592459]],[[131.87208064,33.21597925],[131.87208064,33.21597925]],[[131.8721672,33.21605287],[131.8721672,33.21605287]],[[131.8720727,33.21604297],[131.8720727,33.21604297]],[[131.87205302,33.21609487],[131.87205302,33.21609487]],[[131.87194783,33.21618405],[131.87194783,33.21618405]],[[131.87201997,33.21622069],[131.87201997,33.21622069]],[[131.87200309,33.21625103],[131.87200309,33.21625103]],[[131.87257628,33.21652283],[131.87257628,33.21652283]],[[131.87248969,33.21653183],[131.87248969,33.21653183]],[[131.87238384,33.21655475],[131.87238384,33.21655475]],[[131.87244805,33.21662697],[131.87244805,33.21662697]],[[131.87230628,33.21710667],[131.87230628,33.21710667]],[[131.87224472,33.21731513],[131.87224472,33.21731513]],[[131.87276131,33.21876936],[131.87276131,33.21876936]],[[131.87283764,33.21916423],[131.87283764,33.21916423]],[[131.8727408,33.21925497],[131.8727408,33.21925497]],[[131.87572983,33.22185683],[131.87572983,33.22185683]],[[131.87503241,33.22898905],[131.87503241,33.22898905]],[[131.87526881,33.22917667],[131.87526881,33.22917667]],[[131.87553869,33.22924672],[131.87553869,33.22924672]],[[131.8731762,33.23687892],[131.8731762,33.23687892]],[[131.87459542,33.23790095],[131.87459542,33.23790095]],[[131.87150328,33.26156764],[131.87150328,33.26156764]],[[131.87275555,33.26168583],[131.87275555,33.26168583]],[[131.87555761,33.26288369],[131.87555761,33.26288369]],[[131.88608139,32.74670416],[131.88608139,32.74670416]],[[131.88193195,32.74868111],[131.88193195,32.74868111]],[[131.88412944,32.74885056],[131.88412944,32.74885056]],[[131.88642672,32.74899797],[131.88642672,32.74899797]],[[131.8848425,32.749205],[131.8848425,32.749205]],[[131.87907338,32.74933633],[131.87907338,32.74933633]],[[131.87637778,32.74941361],[131.87637778,32.74941361]],[[131.87864195,32.74952056],[131.87864195,32.74952056]],[[131.87803584,32.74967249],[131.87803584,32.74967249]],[[131.87680389,32.74965556],[131.87680389,32.74965556]],[[131.88269139,32.74998805],[131.88269139,32.74998805]],[[131.87802497,32.75],[131.87802497,32.75]],[[131.88585416,32.75036583],[131.88585416,32.75036583]],[[131.88303778,32.75015139],[131.88303778,32.75015139]],[[131.8832775,32.75043861],[131.8832775,32.75043861]],[[131.88451545,32.7506542],[131.88451545,32.7506542]],[[131.88701389,32.751965],[131.88701389,32.751965]],[[131.88680083,32.75229195],[131.88680083,32.75229195]],[[131.88355027,32.75318722],[131.88355027,32.75318722]],[[131.88329722,32.75313083],[131.88329722,32.75313083]],[[131.89137166,32.76721723],[131.89137166,32.76721723]],[[131.87566027,32.76814167],[131.87566027,32.76814167]],[[131.87787333,32.77932805],[131.87787333,32.77932805]],[[131.87746639,32.77961916],[131.87746639,32.77961916]],[[131.88210567,33.08350733],[131.88210567,33.08350733]],[[131.88641148,33.08442697],[131.88641148,33.08442697]],[[131.88719562,33.08505575],[131.88719562,33.08505575]],[[131.88481849,33.08492753],[131.88481849,33.08492753]],[[131.87697721,33.10317644],[131.87697721,33.10317644]],[[131.8862285,33.10664047],[131.8862285,33.10664047]],[[131.88723623,33.10733231],[131.88723623,33.10733231]],[[131.88230655,33.12215731],[131.88230655,33.12215731]],[[131.87654384,33.12253328],[131.87654384,33.12253328]],[[131.87575769,33.12267375],[131.87575769,33.12267375]],[[131.87711361,33.12293111],[131.87711361,33.12293111]],[[131.87803795,33.12299364],[131.87803795,33.12299364]],[[131.87997166,33.12336161],[131.87997166,33.12336161]],[[131.87584917,33.12651305],[131.87584917,33.12651305]],[[131.886548,33.12775528],[131.886548,33.12775528]],[[131.88640778,33.12787333],[131.88640778,33.12787333]],[[131.87758163,33.13089323],[131.87758163,33.13089323]],[[131.87591416,33.22219105],[131.87591416,33.22219105]],[[131.87598462,33.22221003],[131.87598462,33.22221003]],[[131.87589538,33.22234131],[131.87589538,33.22234131]],[[131.87585698,33.22241649],[131.87585698,33.22241649]],[[131.87666134,33.22377889],[131.87666134,33.22377889]],[[131.8766473,33.22380341],[131.8766473,33.22380341]],[[131.87684119,33.22380575],[131.87684119,33.22380575]],[[131.87665947,33.22382986],[131.87665947,33.22382986]],[[131.87683881,33.22385808],[131.87683881,33.22385808]],[[131.87677166,33.22412922],[131.87677166,33.22412922]],[[131.87725317,33.22448408],[131.87725317,33.22448408]],[[131.87703144,33.22460656],[131.87703144,33.22460656]],[[131.87699105,33.22492225],[131.87699105,33.22492225]],[[131.87728244,33.2257092],[131.87728244,33.2257092]],[[131.87727859,33.22594383],[131.87727859,33.22594383]],[[131.87735425,33.225958],[131.87735425,33.225958]],[[131.87731686,33.22625303],[131.87731686,33.22625303]],[[131.87731294,33.22628108],[131.87731294,33.22628108]],[[131.87743947,33.22647831],[131.87743947,33.22647831]],[[131.87729248,33.22655239],[131.87729248,33.22655239]],[[131.87737148,33.22651186],[131.87737148,33.22651186]],[[131.87815086,33.22654116],[131.87815086,33.22654116]],[[131.87807728,33.22656172],[131.87807728,33.22656172]],[[131.87729766,33.22660995],[131.87729766,33.22660995]],[[131.87733428,33.22664377],[131.87733428,33.22664377]],[[131.87773497,33.22667431],[131.87773497,33.22667431]],[[131.87718861,33.22672236],[131.87718861,33.22672236]],[[131.87771506,33.22674192],[131.87771506,33.22674192]],[[131.87713256,33.22674997],[131.87713256,33.22674997]],[[131.87760538,33.22685892],[131.87760538,33.22685892]],[[131.87725409,33.22676905],[131.87725409,33.22676905]],[[131.87734066,33.22703661],[131.87734066,33.22703661]],[[131.87722927,33.22956033],[131.87722927,33.22956033]],[[131.87632608,33.22971853],[131.87632608,33.22971853]],[[131.87654306,33.22978741],[131.87654306,33.22978741]],[[131.87670686,33.22980467],[131.87670686,33.22980467]],[[131.87693669,33.2298062],[131.87693669,33.2298062]],[[131.87728253,33.22997122],[131.87728253,33.22997122]],[[131.87712355,33.22994295],[131.87712355,33.22994295]],[[131.87710635,33.23005747],[131.87710635,33.23005747]],[[131.89328051,33.23469187],[131.89328051,33.23469187]],[[131.89292481,33.23501911],[131.89292481,33.23501911]],[[131.8931227,33.23506592],[131.8931227,33.23506592]],[[131.89307051,33.23539875],[131.89307051,33.23539875]],[[131.89317538,33.23561522],[131.89317538,33.23561522]],[[131.89325131,33.23570359],[131.89325131,33.23570359]],[[131.88925484,33.23669233],[131.88925484,33.23669233]],[[131.89142558,33.23687292],[131.89142558,33.23687292]],[[131.88894567,33.23685795],[131.88894567,33.23685795]],[[131.88891956,33.23707767],[131.88891956,33.23707767]],[[131.89119497,33.23674239],[131.89599698,33.23671816],[131.89119497,33.23674239]],[[131.89024717,33.23781856],[131.89024717,33.23781856]],[[131.89018533,33.23784697],[131.89018533,33.23784697]],[[131.89032353,33.23782489],[131.89032353,33.23782489]],[[131.89027908,33.23788597],[131.89027908,33.23788597]],[[131.89051083,33.23797944],[131.89051083,33.23797944]],[[131.89065185,33.23793028],[131.89065185,33.23793028]],[[131.89046086,33.23797339],[131.89046086,33.23797339]],[[131.89057005,33.23795872],[131.89057005,33.23795872]],[[131.89125581,33.23811728],[131.89125581,33.23811728]],[[131.89157572,33.23814467],[131.89157572,33.23814467]],[[131.89195623,33.23823877],[131.89195623,33.23823877]],[[131.89201917,33.23827925],[131.89201917,33.23827925]],[[131.89185066,33.23836867],[131.89185066,33.23836867]],[[131.89259128,33.23832925],[131.89259128,33.23832925]],[[131.89247759,33.23829095],[131.89247759,33.23829095]],[[131.89253708,33.23841377],[131.89253708,33.23841377]],[[131.89070992,33.23841731],[131.89070992,33.23841731]],[[131.89262131,33.23846439],[131.89262131,33.23846439]],[[131.88057267,33.24208683],[131.88057267,33.24208683]],[[131.88100446,33.24166667],[131.88100446,33.24166667]],[[131.88650506,33.2434382],[131.88650506,33.2434382]],[[131.88703163,33.24370828],[131.88703163,33.24370828]],[[131.88920175,33.24396672],[131.88920175,33.24396672]],[[131.88873713,33.24403192],[131.88873713,33.24403192]],[[131.89180856,33.24499033],[131.89180856,33.24499033]],[[131.89150331,33.24514164],[131.89150331,33.24514164]],[[131.89186591,33.24517503],[131.89186591,33.24517503]],[[131.89140056,33.24527503],[131.89140056,33.24527503]],[[131.89220497,33.24541397],[131.89220497,33.24541397]],[[131.89230241,33.2453425],[131.89230241,33.2453425]],[[131.89247655,33.24545423],[131.89247655,33.24545423]],[[131.89214292,33.2454962],[131.89214292,33.2454962]],[[131.89209341,33.24554669],[131.89209341,33.24554669]],[[131.89268025,33.24608989],[131.89268025,33.24608989]],[[131.89320947,33.24689095],[131.89320947,33.24689095]],[[131.89342739,33.24698089],[131.89342739,33.24698089]],[[131.89322039,33.24775169],[131.89322039,33.24775169]],[[131.89339158,33.24794478],[131.89339158,33.24794478]],[[131.89320655,33.24795289],[131.89320655,33.24795289]],[[131.89336584,33.24799772],[131.89336584,33.24799772]],[[131.89324183,33.2480675],[131.89324183,33.2480675]],[[131.88406331,33.26572292],[131.88406331,33.26572292]],[[131.88388419,33.26575639],[131.88388419,33.26575639]],[[131.8859873,33.2660552],[131.8859873,33.2660552]],[[131.88576789,33.26613803],[131.88576789,33.26613803]],[[131.88667542,33.26670133],[131.88667542,33.26670133]],[[131.88636103,33.26680769],[131.88636103,33.26680769]],[[131.88879228,33.26692425],[131.88879228,33.26692425]],[[131.88850438,33.26692313],[131.88850438,33.26692313]],[[131.89259844,33.26796503],[131.89259844,33.26796503]],[[131.89023044,33.26796056],[131.89023044,33.26796056]],[[131.89266239,33.26805725],[131.89266239,33.26805725]],[[131.89118267,33.26845072],[131.89118267,33.26845072]],[[131.89125477,33.26851],[131.89125477,33.26851]],[[131.89148239,33.26852759],[131.89148239,33.26852759]],[[131.89561805,32.76358444],[131.89561805,32.76358444]],[[131.89458611,32.76364167],[131.89458611,32.76364167]],[[131.89673964,32.76453261],[131.89673964,32.76453261]],[[131.89542486,32.76682323],[131.89542486,32.76682323]],[[131.89467423,32.76793316],[131.89467423,32.76793316]],[[131.91080881,32.76899853],[131.91080881,32.76899853]],[[131.90999117,32.76932541],[131.90999117,32.76932541]],[[131.90939833,32.76943223],[131.90939833,32.76943223]],[[131.90992499,32.76943778],[131.90992499,32.76943778]],[[131.908357,32.76991025],[131.908357,32.76991025]],[[131.90930973,32.77003389],[131.90930973,32.77003389]],[[131.90825,32.77047889],[131.90825,32.77047889]],[[131.90746333,32.77107],[131.90746333,32.77107]],[[131.9071138,32.77125792],[131.9071138,32.77125792]],[[131.90650333,32.77123333],[131.90650333,32.77123333]],[[131.90741667,32.77135749],[131.90741667,32.77135749]],[[131.90618528,32.77162333],[131.90618528,32.77162333]],[[131.90711647,32.77156216],[131.90711647,32.77156216]],[[131.90672287,32.77190644],[131.90672287,32.77190644]],[[131.90737195,32.77212472],[131.90737195,32.77212472]],[[131.90680528,32.77207972],[131.90680528,32.77207972]],[[131.91059166,32.77470472],[131.91059166,32.77470472]],[[131.8938925,32.77473223],[131.8938925,32.77473223]],[[131.90309694,32.78405861],[131.90309694,32.78405861]],[[131.90303861,32.78447723],[131.90303861,32.78447723]],[[131.90189861,32.78469695],[131.90189861,32.78469695]],[[131.90198528,32.78469695],[131.90198528,32.78469695]],[[131.90239861,32.78457278],[131.90239861,32.78457278]],[[131.909617,32.97907569],[131.909617,32.97907569]],[[131.90909632,32.98607328],[131.90909632,32.98607328]],[[131.90146498,32.99749022],[131.90146498,32.99749022]],[[131.90807112,33.01220142],[131.91262833,33.01438778],[131.91145222,33.00660361],[131.90807112,33.01220142]],[[131.90713673,33.01095448],[131.90713673,33.01095448]],[[131.89989272,33.0765978],[131.89989272,33.0765978]],[[131.89936052,33.07667081],[131.89936052,33.07667081]],[[131.89972999,33.07665614],[131.89972999,33.07665614]],[[131.89970458,33.07671792],[131.89970458,33.07671792]],[[131.89525357,33.07691768],[131.89525357,33.07691768]],[[131.89535695,33.07689989],[131.89535695,33.07689989]],[[131.89598891,33.0769885],[131.89598891,33.0769885]],[[131.90716204,33.08193906],[131.90716204,33.08193906]],[[131.90885804,33.08383833],[131.90885804,33.08383833]],[[131.9091114,33.08395651],[131.9091114,33.08395651]],[[131.90911861,33.08411578],[131.90911861,33.08411578]],[[131.89344392,33.10535589],[131.89388436,33.10036553],[131.89344392,33.10535589]],[[131.90554689,33.10752339],[131.90554689,33.10752339]],[[131.89787764,33.10933133],[131.89787764,33.10933133]],[[131.90538195,33.11767195],[131.90538195,33.11767195]],[[131.90539528,33.11788583],[131.90539528,33.11788583]],[[131.90479306,33.12825972],[131.90479306,33.12825972]],[[131.90423778,33.12833277],[131.90423778,33.12833277]],[[131.90453017,33.12844795],[131.90453017,33.12844795]],[[131.89841095,33.13575086],[131.89841095,33.13575086]],[[131.89431594,33.23486539],[131.89431594,33.23486539]],[[131.89367635,33.23485536],[131.89367635,33.23485536]],[[131.89356448,33.23491092],[131.89356448,33.23491092]],[[131.89383239,33.23503792],[131.89383239,33.23503792]],[[131.89430511,33.23517059],[131.89430511,33.23517059]],[[131.89491889,33.23528077],[131.89491889,33.23528077]],[[131.89453958,33.23538378],[131.89453958,33.23538378]],[[131.89484969,33.23536722],[131.89484969,33.23536722]],[[131.89462844,33.23546049],[131.89462844,33.23546049]],[[131.89577983,33.23601678],[131.89577983,33.23601678]],[[131.89570914,33.23605931],[131.89570914,33.23605931]],[[131.89559219,33.23607275],[131.89559219,33.23607275]],[[131.89583294,33.23623747],[131.89583294,33.23623747]],[[131.89596141,33.23630416],[131.89596141,33.23630416]],[[131.89581328,33.23640444],[131.89581328,33.23640444]],[[131.89603876,33.23642689],[131.89603876,33.23642689]],[[131.89585584,33.2364418],[131.89585584,33.2364418]],[[131.8962117,33.2364368],[131.8962117,33.2364368]],[[131.89616745,33.23645336],[131.89616745,33.23645336]],[[131.89695761,33.23646653],[131.89695761,33.23646653]],[[131.89586375,33.23651244],[131.89586375,33.23651244]],[[131.89757949,33.23647483],[131.89757949,33.23647483]],[[131.89628564,33.23652347],[131.89628564,33.23652347]],[[131.89627122,33.2365822],[131.89627122,33.2365822]],[[131.89584455,33.23655453],[131.89584455,33.23655453]],[[131.89607889,33.23657664],[131.89607889,33.23657664]],[[131.89621581,33.2365972],[131.89621581,33.2365972]],[[131.89676302,33.23661761],[131.89676302,33.23661761]],[[131.89604431,33.23664783],[131.89604431,33.23664783]],[[131.89611633,33.23674316],[131.89611633,33.23674316]],[[131.89709355,33.23674975],[131.89709355,33.23674975]],[[131.89649211,33.23678728],[131.89649211,33.23678728]],[[131.89587258,33.236738],[131.89587258,33.236738]],[[131.89575776,33.23673386],[131.89575776,33.23673386]],[[131.89678944,33.23684139],[131.89678944,33.23684139]],[[131.89585606,33.23681105],[131.89585606,33.23681105]],[[131.89585764,33.23690131],[131.89585764,33.23690131]],[[131.89603192,33.23692592],[131.89603192,33.23692592]],[[131.89508066,33.23870161],[131.89508066,33.23870161]],[[131.89337161,33.23940975],[131.89337161,33.23940975]],[[131.89366239,33.24792913],[131.89366239,33.24792913]],[[131.89348878,33.24819431],[131.89348878,33.24819431]],[[131.8935302,33.24819528],[131.8935302,33.24819528]],[[131.89364117,33.2501672],[131.89364117,33.2501672]],[[131.89405442,33.25061939],[131.89405442,33.25061939]],[[131.89385828,33.25062233],[131.89385828,33.25062233]],[[131.8947898,33.25261333],[131.8947898,33.25261333]],[[131.89491056,33.25264689],[131.89491056,33.25264689]],[[131.8949515,33.25267544],[131.8949515,33.25267544]],[[131.89504895,33.25280053],[131.89504895,33.25280053]],[[131.89882122,33.25464153],[131.89882122,33.25464153]],[[131.89943878,33.25522544],[131.89943878,33.25522544]],[[131.89914027,33.25569753],[131.89914027,33.25569753]],[[131.89873148,33.25581131],[131.89873148,33.25581131]],[[131.8984925,33.25594389],[131.8984925,33.25594389]],[[131.89849978,33.25610575],[131.89849978,33.25610575]],[[131.9001482,33.25626425],[131.9001482,33.25626425]],[[131.89975889,33.25645667],[131.89975889,33.25645667]],[[131.89873614,33.25823825],[131.89873614,33.25823825]],[[131.89853078,33.25834803],[131.89853078,33.25834803]],[[131.90071425,33.25994236],[131.90071425,33.25994236]],[[131.9005017,33.25997097],[131.9005017,33.25997097]],[[131.90110406,33.26001564],[131.90110406,33.26001564]],[[131.90075414,33.26008536],[131.90075414,33.26008536]],[[131.90081209,33.26024183],[131.90081209,33.26024183]],[[131.90173294,33.26021072],[131.90173294,33.26021072]],[[131.90153406,33.26050113],[131.90153406,33.26050113]],[[131.90177486,33.26081067],[131.90177486,33.26081067]],[[131.90309233,33.26169872],[131.90309233,33.26169872]],[[131.90321044,33.26175659],[131.90321044,33.26175659]],[[131.90335888,33.26180075],[131.90335888,33.26180075]],[[131.9043093,33.26293547],[131.9043093,33.26293547]],[[131.90403075,33.26294256],[131.90403075,33.26294256]],[[131.90447942,33.26295641],[131.90447942,33.26295641]],[[131.90407939,33.26301747],[131.90407939,33.26301747]],[[131.90412051,33.2631958],[131.90412051,33.2631958]],[[131.90425005,33.2632478],[131.90425005,33.2632478]],[[131.90455781,33.26358405],[131.90455781,33.26358405]],[[131.9047015,33.26364623],[131.9047015,33.26364623]],[[131.90317311,33.26456353],[131.90317311,33.26456353]],[[131.90281103,33.26497597],[131.90281103,33.26497597]],[[131.90309341,33.26603836],[131.90309341,33.26603836]],[[131.902859,33.26603941],[131.902859,33.26603941]],[[131.90324839,33.26634072],[131.90324839,33.26634072]],[[131.90307361,33.2666078],[131.90307361,33.2666078]],[[131.90305499,33.26683203],[131.90305499,33.26683203]],[[131.90308525,33.26699808],[131.90308525,33.26699808]],[[131.90343031,33.26720359],[131.90343031,33.26720359]],[[131.90336438,33.26738089],[131.90336438,33.26738089]],[[131.9028082,33.2677062],[131.9028082,33.2677062]],[[131.89952078,33.26782767],[131.89952078,33.26782767]],[[131.90103236,33.2679692],[131.90103236,33.2679692]],[[131.89864241,33.267991],[131.89864241,33.267991]],[[131.9019838,33.26825364],[131.9019838,33.26825364]],[[131.90181669,33.2683075],[131.90181669,33.2683075]],[[131.925,32.71478603],[131.925,32.71478603]],[[131.92351141,32.71622336],[131.92351141,32.71622336]],[[131.92196713,32.7168428],[131.92196713,32.7168428]],[[131.92198409,32.71763708],[131.92198409,32.71763708]],[[131.93232397,32.71842667],[131.93232397,32.71842667]],[[131.93209708,32.7181565],[131.93209708,32.7181565]],[[131.93099083,32.71882864],[131.93099083,32.71882864]],[[131.93061678,32.7190455],[131.93061678,32.7190455]],[[131.93249358,32.71908128],[131.93249358,32.71908128]],[[131.93130211,32.72067583],[131.93130211,32.72067583]],[[131.92390975,32.71687761],[131.92660438,32.72366939],[131.92095966,32.72634392],[131.92929781,32.72674328],[131.93304803,32.72016505],[131.92390975,32.71687761]],[[131.93228856,32.72204716],[131.93228856,32.72204716]],[[131.9306209,32.72238823],[131.9306209,32.72238823]],[[131.9296392,32.72306822],[131.9296392,32.72306822]],[[131.93074708,32.72325716],[131.93074708,32.72325716]],[[131.91741905,32.72568061],[131.91741905,32.72568061]],[[131.91955375,32.726175],[131.91955375,32.726175]],[[131.92504331,32.72701877],[131.92504331,32.72701877]],[[131.92433992,32.72720953],[131.92433992,32.72720953]],[[131.92298172,32.72786692],[131.92298172,32.72786692]],[[131.92331883,32.72801349],[131.92331883,32.72801349]],[[131.92306066,32.72844233],[131.92306066,32.72844233]],[[131.92250538,32.72894778],[131.92250538,32.72894778]],[[131.91781805,32.76786667],[131.91781805,32.76786667]],[[131.91832597,32.76822816],[131.91832597,32.76822816]],[[131.91804472,32.76859916],[131.91804472,32.76859916]],[[131.91137611,32.76851056],[131.91137611,32.76851056]],[[131.91814888,32.76875028],[131.91814888,32.76875028]],[[131.91627805,32.76879639],[131.91627805,32.76879639]],[[131.91861139,32.76872305],[131.91861139,32.76872305]],[[131.91805139,32.76904416],[131.91805139,32.76904416]],[[131.91639287,32.76877656],[131.91639287,32.76877656]],[[131.91381166,32.768965],[131.91381166,32.768965]],[[131.91437139,32.76904944],[131.91437139,32.76904944]],[[131.91128499,32.76891416],[131.91128499,32.76891416]],[[131.91606917,32.76905444],[131.91606917,32.76905444]],[[131.91308499,32.76902695],[131.91308499,32.76902695]],[[131.91196499,32.76919028],[131.91196499,32.76919028]],[[131.91846472,32.76926389],[131.91846472,32.76926389]],[[131.91254278,32.76903722],[131.91254278,32.76903722]],[[131.91960815,32.76947731],[131.91960815,32.76947731]],[[131.92391778,32.76950083],[131.92391778,32.76950083]],[[131.91356944,32.76945389],[131.91356944,32.76945389]],[[131.91940222,32.76943749],[131.91940222,32.76943749]],[[131.92287111,32.76939944],[131.92287111,32.76939944]],[[131.92295778,32.76949472],[131.92295778,32.76949472]],[[131.92119111,32.76973139],[131.92119111,32.76973139]],[[131.92360833,32.76950528],[131.92360833,32.76950528]],[[131.92411499,32.77011889],[131.92411499,32.77011889]],[[131.92414833,32.77022611],[131.92414833,32.77022611]],[[131.92404973,32.77049778],[131.92404973,32.77049778]],[[131.92383112,32.77083556],[131.92383112,32.77083556]],[[131.92418166,32.77090195],[131.92418166,32.77090195]],[[131.92424445,32.77142139],[131.92424445,32.77142139]],[[131.92467083,32.77237916],[131.92467083,32.77237916]],[[131.92443472,32.77233833],[131.92443472,32.77233833]],[[131.9248775,32.77290305],[131.9248775,32.77290305]],[[131.92509083,32.7731],[131.92509083,32.7731]],[[131.92561472,32.77357167],[131.92561472,32.77357167]],[[131.92505472,32.77363361],[131.92505472,32.77363361]],[[131.92573472,32.77387583],[131.92573472,32.77387583]],[[131.92656416,32.77381],[131.92656416,32.77381]],[[131.92513472,32.77394916],[131.92513472,32.77394916]],[[131.92575083,32.77418695],[131.92575083,32.77418695]],[[131.92662139,32.77427028],[131.92662139,32.77427028]],[[131.92618358,32.77453092],[131.92618358,32.77453092]],[[131.92514416,32.77548833],[131.92514416,32.77548833]],[[131.90874973,32.77312056],[131.90829141,32.78098154],[131.92456156,32.77366592],[131.91692472,32.76879639],[131.90874973,32.77312056]],[[131.92684416,32.77506583],[131.92684416,32.77506583]],[[131.92546416,32.77559528],[131.92546416,32.77559528]],[[131.92465083,32.77585416],[131.92465083,32.77585416]],[[131.92436355,32.77587103],[131.92436355,32.77587103]],[[131.91585584,32.77757028],[131.91585584,32.77757028]],[[131.92931056,32.77946528],[131.92931056,32.77946528]],[[131.93289694,32.77966223],[131.93289694,32.77966223]],[[131.93186389,32.77960028],[131.93186389,32.77960028]],[[131.9200883,32.78494928],[131.9200883,32.78494928]],[[131.91858936,32.78507072],[131.91858936,32.78507072]],[[131.91861209,32.78519161],[131.91861209,32.78519161]],[[131.91441494,32.78713064],[131.91441494,32.78713064]],[[131.92251083,32.78964333],[131.92251083,32.78964333]],[[131.91127833,32.79002028],[131.91127833,32.79002028]],[[131.92072917,32.79033583],[131.92072917,32.79033583]],[[131.92062499,32.79059249],[131.92062499,32.79059249]],[[131.92079589,32.79133231],[131.92079589,32.79133231]],[[131.92090163,32.79165186],[131.92090163,32.79165186]],[[131.92216667,32.79536947],[131.92216667,32.79536947]],[[131.92220978,32.79651289],[131.92220978,32.79651289]],[[131.9322306,32.96282514],[131.9322306,32.96282514]],[[131.92449373,32.97999008],[131.92449373,32.97999008]],[[131.918623,32.98103771],[131.918623,32.98103771]],[[131.93235104,32.98857868],[131.93235104,32.98857868]],[[131.91212691,32.9916882],[131.91212691,32.9916882]],[[131.91217195,32.99220723],[131.91217195,32.99220723]],[[131.9270417,32.99872915],[131.94491667,32.99393195],[131.93102324,32.9902825],[131.92439377,32.97995777],[131.9102631,32.98520526],[131.92478092,32.99982286],[131.92474851,33.00664053],[131.91733134,33.00396264],[131.91967778,33.01285944],[131.94354472,33.01606139],[131.9270417,32.99872915]],[[131.93083236,33.00136647],[131.93083236,33.00136647]],[[131.93096872,33.00133647],[131.93096872,33.00133647]],[[131.93212353,33.00272189],[131.93212353,33.00272189]],[[131.93281423,33.00296128],[131.93281423,33.00296128]],[[131.93298195,33.00325333],[131.93298195,33.00325333]],[[131.92863445,33.01610695],[131.92863445,33.01610695]],[[131.92906326,33.01646108],[131.92906326,33.01646108]],[[131.92834061,33.01656928],[131.92834061,33.01656928]],[[131.92961694,33.01685028],[131.92961694,33.01685028]],[[131.92994805,33.01715916],[131.92994805,33.01715916]],[[131.925,33.01995116],[131.925,33.01995116]],[[131.92412694,33.02208895],[131.92412694,33.02208895]],[[131.92279103,33.02696961],[131.92279103,33.02696961]],[[131.9214401,33.02969382],[131.9214401,33.02969382]],[[131.92133925,33.03080247],[131.92133925,33.03080247]],[[131.92171508,33.03090531],[131.92171508,33.03090531]],[[131.92207195,33.03286708],[131.92207195,33.03286708]],[[131.92221891,33.03280014],[131.92221891,33.03280014]],[[131.92240017,33.03318413],[131.92240017,33.03318413]],[[131.92244139,33.03410608],[131.92244139,33.03410608]],[[131.92278503,33.0344272],[131.92278503,33.0344272]],[[131.92208611,33.03463056],[131.92208611,33.03463056]],[[131.92290248,33.03458897],[131.92290248,33.03458897]],[[131.92384839,33.0348815],[131.92384839,33.0348815]],[[131.92381949,33.03512144],[131.92381949,33.03512144]],[[131.92232667,33.03673723],[131.92232667,33.03673723]],[[131.92143814,33.03679192],[131.92143814,33.03679192]],[[131.92170825,33.04086497],[131.92170825,33.04086497]],[[131.92725278,33.04398028],[131.92725278,33.04398028]],[[131.9269172,33.04422095],[131.9269172,33.04422095]],[[131.927558,33.04479061],[131.927558,33.04479061]],[[131.92761759,33.04497047],[131.92761759,33.04497047]],[[131.92788603,33.04501467],[131.92788603,33.04501467]],[[131.92787953,33.04529636],[131.92787953,33.04529636]],[[131.92776205,33.04571125],[131.92776205,33.04571125]],[[131.93429319,33.04798831],[131.93429319,33.04798831]],[[131.93168547,33.05000529],[131.93168547,33.05000529]],[[131.93212134,33.05078711],[131.93212134,33.05078711]],[[131.91961703,33.07142714],[131.91961703,33.07142714]],[[131.91384822,33.07380605],[131.91384822,33.07380605]],[[131.91332944,33.07693635],[131.91332944,33.07693635]],[[131.91328022,33.07698297],[131.91328022,33.07698297]],[[131.92880455,33.0856622],[131.92880455,33.0856622]],[[131.92991713,33.08623067],[131.92991713,33.08623067]],[[131.93038927,33.08673995],[131.93038927,33.08673995]],[[131.91539297,33.12373144],[131.91539297,33.12373144]],[[131.91549828,33.12436739],[131.91549828,33.12436739]],[[131.91440581,33.12701039],[131.91440581,33.12701039]],[[131.9331808,33.28933178],[131.9331808,33.28933178]],[[131.93320192,33.28933836],[131.93320192,33.28933836]],[[131.93327803,33.28941786],[131.93327803,33.28941786]],[[131.93288,33.28975772],[131.93288,33.28975772]],[[131.93322036,33.28994228],[131.93322036,33.28994228]],[[131.93428183,32.71748297],[131.93428183,32.71748297]],[[131.93305431,32.71823739],[131.93305431,32.71823739]],[[131.93368661,32.72013903],[131.93368661,32.72013903]],[[131.93490489,32.72051272],[131.93490489,32.72051272]],[[131.93693416,32.72229931],[131.93693416,32.72229931]],[[131.93737628,32.72326016],[131.93737628,32.72326016]],[[131.93616438,32.78436592],[131.93616438,32.78436592]],[[131.93539728,32.7839555],[131.93539728,32.7839555]],[[131.93704278,32.78465111],[131.93704278,32.78465111]],[[131.93481336,32.784313],[131.93481336,32.784313]],[[131.93396027,32.78498916],[131.93396027,32.78498916]],[[131.93880192,32.78674792],[131.93880192,32.78674792]],[[131.93835869,32.95352404],[131.93835869,32.95352404]],[[131.93406808,32.96294987],[131.93406808,32.96294987]],[[131.93696462,32.99166667],[131.93696462,32.99166667]],[[131.93958253,32.99911923],[131.93958253,32.99911923]],[[131.93650973,33.00691444],[131.93650973,33.00691444]],[[131.93672355,33.00699639],[131.93672355,33.00699639]],[[131.93631584,33.00708916],[131.93631584,33.00708916]],[[131.93677361,33.00723528],[131.93677361,33.00723528]],[[131.93708083,33.00734805],[131.93708083,33.00734805]],[[131.93962083,33.01975028],[131.93962083,33.01975028]],[[131.93661139,33.04742778],[131.93661139,33.04742778]],[[131.93752616,33.09554733],[131.93752616,33.09554733]],[[131.93911361,33.10905777],[131.93911361,33.10905777]],[[131.93720039,33.27637156],[131.93720039,33.27637156]],[[131.93747103,33.27643216],[131.93747103,33.27643216]],[[131.93736917,33.27643459],[131.93736917,33.27643459]],[[131.93753428,33.27646597],[131.93753428,33.27646597]],[[131.93701674,33.27648303],[131.93701674,33.27648303]],[[131.93733019,33.27648428],[131.93733019,33.27648428]],[[131.93683097,33.27654836],[131.93683097,33.27654836]],[[131.9373827,33.27655359],[131.9373827,33.27655359]],[[131.93721859,33.27656653],[131.93721859,33.27656653]],[[131.93669025,33.27657892],[131.93669025,33.27657892]],[[131.93746078,33.27660872],[131.93746078,33.27660872]],[[131.93673742,33.27660361],[131.93673742,33.27660361]],[[131.9373217,33.27662203],[131.9373217,33.27662203]],[[131.93720555,33.27661344],[131.93720555,33.27661344]],[[131.93662114,33.27661044],[131.93662114,33.27661044]],[[131.93669606,33.27664956],[131.93669606,33.27664956]],[[131.93734353,33.2766472],[131.93734353,33.2766472]],[[131.93657361,33.27665453],[131.93657361,33.27665453]],[[131.93714014,33.27665864],[131.93714014,33.27665864]],[[131.93715497,33.27665078],[131.93715497,33.27665078]],[[131.93665628,33.27667475],[131.93665628,33.27667475]],[[131.93662944,33.27669405],[131.93662944,33.27669405]],[[131.93735239,33.27669095],[131.93735239,33.27669095]],[[131.93650406,33.27672547],[131.93650406,33.27672547]],[[131.93820161,33.27676147],[131.93820161,33.27676147]],[[131.93763964,33.27679067],[131.93763964,33.27679067]],[[131.93825808,33.27678403],[131.93825808,33.27678403]],[[131.93850209,33.27680203],[131.93850209,33.27680203]],[[131.93695506,33.27672883],[131.93695506,33.27672883]],[[131.93723827,33.27680272],[131.93723827,33.27680272]],[[131.93798825,33.27678633],[131.93798825,33.27678633]],[[131.93770616,33.27687853],[131.93770616,33.27687853]],[[131.93887822,33.27688349],[131.93887822,33.27688349]],[[131.93635189,33.27687992],[131.93635189,33.27687992]],[[131.93896667,33.27690275],[131.93896667,33.27690275]],[[131.93816939,33.27687169],[131.93816939,33.27687169]],[[131.93932722,33.27689995],[131.93932722,33.27689995]],[[131.93830997,33.27687741],[131.93830997,33.27687741]],[[131.93629881,33.27691403],[131.93629881,33.27691403]],[[131.9375225,33.27690075],[131.9375225,33.27690075]],[[131.93902214,33.27692036],[131.93902214,33.27692036]],[[131.93850964,33.27695823],[131.93850964,33.27695823]],[[131.93830555,33.27692559],[131.93830555,33.27692559]],[[131.93600458,33.27693592],[131.93600458,33.27693592]],[[131.93813506,33.27694356],[131.93813506,33.27694356]],[[131.93881898,33.27697347],[131.93881898,33.27697347]],[[131.937989,33.27699822],[131.937989,33.27699822]],[[131.93884536,33.27701141],[131.93884536,33.27701141]],[[131.93772552,33.2769922],[131.93772552,33.2769922]],[[131.93928436,33.27696841],[131.93928436,33.27696841]],[[131.93705136,33.27701097],[131.93705136,33.27701097]],[[131.93703292,33.27709264],[131.93703292,33.27709264]],[[131.93655355,33.27712833],[131.93655355,33.27712833]],[[131.93712012,33.27711569],[131.93712012,33.27711569]],[[131.93879606,33.27712016],[131.93879606,33.27712016]],[[131.93909811,33.27712853],[131.93909811,33.27712853]],[[131.93681442,33.27714775],[131.93681442,33.27714775]],[[131.93802481,33.27718461],[131.93802481,33.27718461]],[[131.93667222,33.27720156],[131.93667222,33.27720156]],[[131.93687914,33.27715664],[131.93687914,33.27715664]],[[131.93707322,33.27718889],[131.93707322,33.27718889]],[[131.9387473,33.27720944],[131.9387473,33.27720944]],[[131.93638061,33.27724687],[131.93638061,33.27724687]],[[131.93826489,33.27724861],[131.93826489,33.27724861]],[[131.93720689,33.27728022],[131.93720689,33.27728022]],[[131.93839964,33.27724039],[131.93839964,33.27724039]],[[131.93663717,33.27730777],[131.93663717,33.27730777]],[[131.93683267,33.277289],[131.93683267,33.277289]],[[131.936707,33.27730247],[131.936707,33.27730247]],[[131.93848722,33.27733141],[131.93848722,33.27733141]],[[131.93731111,33.27729844],[131.93731111,33.27729844]],[[131.9369018,33.27730136],[131.9369018,33.27730136]],[[131.93620584,33.277336],[131.93620584,33.277336]],[[131.93624591,33.277332],[131.93624591,33.277332]],[[131.93587014,33.27740453],[131.93587014,33.27740453]],[[131.93688577,33.27735847],[131.93688577,33.27735847]],[[131.93675328,33.27739428],[131.93675328,33.27739428]],[[131.93594525,33.27727061],[131.93594525,33.27727061]],[[131.93670555,33.27756847],[131.93670555,33.27756847]],[[131.93701477,33.2777162],[131.93701477,33.2777162]],[[131.93720986,33.27767992],[131.93720986,33.27767992]],[[131.93749611,33.27776603],[131.93749611,33.27776603]],[[131.93712228,33.27785061],[131.93712228,33.27785061]],[[131.93733053,33.27788053],[131.93733053,33.27788053]],[[131.93712008,33.27791683],[131.93712008,33.27791683]],[[131.93686508,33.27794156],[131.93686508,33.27794156]],[[131.93717234,33.27796503],[131.93717234,33.27796503]],[[131.93706205,33.27801239],[131.93706205,33.27801239]],[[131.93752869,33.27798028],[131.93752869,33.27798028]],[[131.93716623,33.27804667],[131.93716623,33.27804667]],[[131.93756866,33.27806592],[131.93756866,33.27806592]],[[131.93864866,33.27809311],[131.93864866,33.27809311]],[[131.93945759,33.27805689],[131.93945759,33.27805689]],[[131.93696066,33.27812856],[131.93696066,33.27812856]],[[131.93813942,33.27815222],[131.93813942,33.27815222]],[[131.938627,33.27815297],[131.938627,33.27815297]],[[131.93885575,33.27817261],[131.93885575,33.27817261]],[[131.93841744,33.27817186],[131.93841744,33.27817186]],[[131.93764959,33.27816367],[131.93764959,33.27816367]],[[131.93785908,33.27821053],[131.93785908,33.27821053]],[[131.93945575,33.27820631],[131.93945575,33.27820631]],[[131.93894499,33.27834823],[131.93894499,33.27834823]],[[131.93854713,33.27832533],[131.93854713,33.27832533]],[[131.93912958,33.27834149],[131.93912958,33.27834149]],[[131.93808202,33.278399],[131.93808202,33.278399]],[[131.93836,33.27883389],[131.93836,33.27883389]],[[131.93752917,33.27887278],[131.93752917,33.27887278]],[[131.93747222,33.27917028],[131.93747222,33.27917028]],[[131.93361384,33.28873225],[131.93361384,33.28873225]],[[131.93333333,33.28889456],[131.93333333,33.28889456]],[[131.93466445,33.28904416],[131.93466445,33.28904416]],[[131.93359328,33.28897928],[131.93359328,33.28897928]],[[131.93437611,33.28915083],[131.93437611,33.28915083]],[[131.93329856,33.28919853],[131.93329856,33.28919853]],[[131.93399608,33.28925008],[131.93399608,33.28925008]],[[131.93419263,33.28968061],[131.93419263,33.28968061]],[[131.93325092,33.28952392],[131.93325092,33.28952392]],[[131.93338403,33.28986583],[131.93338403,33.28986583]],[[131.93415403,33.28997511],[131.93415403,33.28997511]],[[131.93422713,33.29006516],[131.93422713,33.29006516]],[[131.93376014,33.2900795],[131.93376014,33.2900795]],[[131.933499,33.29009553],[131.933499,33.29009553]],[[131.93354519,33.29022916],[131.93354519,33.29022916]],[[131.93988722,32.78723113],[131.93988722,32.78723113]],[[131.94319606,32.78764067],[131.94319606,32.78764067]],[[131.94407112,32.7895155],[131.94407112,32.7895155]],[[131.94396139,32.79057083],[131.94396139,32.79057083]],[[131.94427253,32.79097144],[131.94427253,32.79097144]],[[131.94541889,32.79212556],[131.94541889,32.79212556]],[[131.94510778,32.96092944],[131.94510778,32.96092944]],[[131.94517139,32.9612025],[131.94517139,32.9612025]],[[131.94476694,32.96157139],[131.94476694,32.96157139]],[[131.94455722,32.96186139],[131.94455722,32.96186139]],[[131.94413639,32.96217111],[131.94413639,32.96217111]],[[131.94352472,32.96291749],[131.94352472,32.96291749]],[[131.94312416,32.96319333],[131.94312416,32.96319333]],[[131.94304195,32.963212],[131.94304195,32.963212]],[[131.94233611,32.9645],[131.94233611,32.9645]],[[131.94172166,32.96474223],[131.94172166,32.96474223]],[[131.94042047,32.96936762],[131.94042047,32.96936762]],[[131.94030831,32.96943822],[131.94030831,32.96943822]],[[131.94056625,32.96958395],[131.94056625,32.96958395]],[[131.94028114,32.96963562],[131.94028114,32.96963562]],[[131.94004141,32.97045514],[131.94004141,32.97045514]],[[131.9401606,32.97090041],[131.9401606,32.97090041]],[[131.93983905,32.97092098],[131.93983905,32.97092098]],[[131.94344718,32.99342875],[131.94344718,32.99342875]],[[131.9427176,32.99362153],[131.9427176,32.99362153]],[[131.94518263,32.99655003],[131.94518263,32.99655003]],[[131.94471267,32.99691195],[131.94471267,32.99691195]],[[131.94243499,32.99869864],[131.94243499,32.99869864]],[[131.94228261,32.99892144],[131.94228261,32.99892144]],[[131.93984752,32.99908264],[131.93984752,32.99908264]],[[131.94418438,33.01409128],[131.94418438,33.01409128]],[[131.944336,33.01532011],[131.944336,33.01532011]],[[131.94367959,33.01609828],[131.94367959,33.01609828]],[[131.94235287,33.01629322],[131.94235287,33.01629322]],[[131.94128778,33.01637341],[131.94128778,33.01637341]],[[131.94109144,33.01637736],[131.94109144,33.01637736]],[[131.94404639,33.01637641],[131.94404639,33.01637641]],[[131.93984805,33.01661889],[131.93984805,33.01661889]],[[131.93960722,33.01819028],[131.93960722,33.01819028]],[[131.94341345,33.07088556],[131.94341345,33.07088556]],[[131.9437607,33.071837],[131.9437607,33.071837]],[[131.93973597,33.09722459],[131.93973597,33.09722459]],[[131.94428878,33.26921125],[131.94428878,33.26921125]],[[131.94559949,33.26952236],[131.94559949,33.26952236]],[[131.94481672,33.26950586],[131.94481672,33.26950586]],[[131.9446291,33.26959511],[131.9446291,33.26959511]],[[131.94438895,33.26960028],[131.94438895,33.26960028]],[[131.94470917,33.26960505],[131.94470917,33.26960505]],[[131.94545442,33.26970336],[131.94545442,33.26970336]],[[131.94584525,33.2697462],[131.94584525,33.2697462]],[[131.94547555,33.26976341],[131.94547555,33.26976341]],[[131.94587233,33.26982947],[131.94587233,33.26982947]],[[131.94565114,33.26990078],[131.94565114,33.26990078]],[[131.94588678,33.26984433],[131.94588678,33.26984433]],[[131.94600722,33.27000364],[131.94600722,33.27000364]],[[131.94622278,33.27031561],[131.94622278,33.27031561]],[[131.94596664,33.27038159],[131.94596664,33.27038159]],[[131.94597394,33.27057061],[131.94597394,33.27057061]],[[131.94607516,33.27071969],[131.94607516,33.27071969]],[[131.94548639,33.27094669],[131.94548639,33.27094669]],[[131.94525375,33.27104514],[131.94525375,33.27104514]],[[131.94529241,33.27100749],[131.94529241,33.27100749]],[[131.9450875,33.27109544],[131.9450875,33.27109544]],[[131.944748,33.27114672],[131.944748,33.27114672]],[[131.94488005,33.27119072],[131.94488005,33.27119072]],[[131.94486586,33.27135583],[131.94486586,33.27135583]],[[131.94481139,33.27166983],[131.94481139,33.27166983]],[[131.94469903,33.27170353],[131.94469903,33.27170353]],[[131.94476786,33.27176647],[131.94476786,33.27176647]],[[131.94418306,33.27175441],[131.94418306,33.27175441]],[[131.94473367,33.27179875],[131.94473367,33.27179875]],[[131.94427258,33.27181389],[131.94427258,33.27181389]],[[131.94363365,33.27210014],[131.94363365,33.27210014]],[[131.9436955,33.27215213],[131.9436955,33.27215213]],[[131.9435893,33.27209831],[131.9435893,33.27209831]],[[131.94404375,33.27217592],[131.94404375,33.27217592]],[[131.94396034,33.27228503],[131.94396034,33.27228503]],[[131.94390869,33.27229236],[131.94390869,33.27229236]],[[131.94384744,33.27237597],[131.94384744,33.27237597]],[[131.94406066,33.27246967],[131.94406066,33.27246967]],[[131.94384852,33.27312497],[131.94384852,33.27312497]],[[131.94294681,33.27311064],[131.94294681,33.27311064]],[[131.94382278,33.27314647],[131.94382278,33.27314647]],[[131.94338036,33.27319247],[131.94338036,33.27319247]],[[131.94266953,33.27326883],[131.94266953,33.27326883]],[[131.94248503,33.27331261],[131.94248503,33.27331261]],[[131.94251978,33.27334831],[131.94251978,33.27334831]],[[131.94261737,33.27337995],[131.94261737,33.27337995]],[[131.94290569,33.27354203],[131.94290569,33.27354203]],[[131.94280097,33.27354456],[131.94280097,33.27354456]],[[131.942762,33.27365305],[131.942762,33.27365305]],[[131.9427572,33.27371628],[131.9427572,33.27371628]],[[131.94285678,33.27381328],[131.94285678,33.27381328]],[[131.94214389,33.27390216],[131.94214389,33.27390216]],[[131.94184645,33.27387178],[131.94184645,33.27387178]],[[131.94209377,33.27394278],[131.94209377,33.27394278]],[[131.9420883,33.2739722],[131.9420883,33.2739722]],[[131.94181553,33.27398231],[131.94181553,33.27398231]],[[131.94200575,33.27399131],[131.94200575,33.27399131]],[[131.9418285,33.27407111],[131.9418285,33.27407111]],[[131.94207492,33.27400659],[131.94207492,33.27400659]],[[131.94188708,33.27407849],[131.94188708,33.27407849]],[[131.94191012,33.27412153],[131.94191012,33.27412153]],[[131.94181717,33.27419436],[131.94181717,33.27419436]],[[131.94177564,33.2742548],[131.94177564,33.2742548]],[[131.94171086,33.27430156],[131.94171086,33.27430156]],[[131.94127061,33.27437803],[131.94127061,33.27437803]],[[131.94110117,33.27448256],[131.94110117,33.27448256]],[[131.94121263,33.27450714],[131.94121263,33.27450714]],[[131.94127661,33.27449656],[131.94127661,33.27449656]],[[131.94115725,33.2745778],[131.94115725,33.2745778]],[[131.94113613,33.27461916],[131.94113613,33.27461916]],[[131.94107148,33.274665],[131.94107148,33.274665]],[[131.94100156,33.27473261],[131.94100156,33.27473261]],[[131.94093978,33.27508925],[131.94093978,33.27508925]],[[131.94072733,33.27506686],[131.94072733,33.27506686]],[[131.94068594,33.27515123],[131.94068594,33.27515123]],[[131.94072508,33.27542747],[131.94072508,33.27542747]],[[131.94062302,33.27599],[131.94062302,33.27599]],[[131.94065778,33.27601759],[131.94065778,33.27601759]],[[131.94059278,33.27608436],[131.94059278,33.27608436]],[[131.94035031,33.27608556],[131.94035031,33.27608556]],[[131.94053258,33.27615522],[131.94053258,33.27615522]],[[131.94057051,33.27643889],[131.94057051,33.27643889]],[[131.94050475,33.27646336],[131.94050475,33.27646336]],[[131.94252633,33.27798605],[131.94252633,33.27798605]],[[131.94306903,33.27802928],[131.94306903,33.27802928]],[[131.94242089,33.27802236],[131.94242089,33.27802236]],[[131.94260014,33.27805077],[131.94260014,33.27805077]],[[131.94351027,33.27803447],[131.94351027,33.27803447]],[[131.94319326,33.27814183],[131.94319326,33.27814183]],[[131.94295636,33.27816331],[131.94295636,33.27816331]],[[131.94331275,33.27818241],[131.94331275,33.27818241]],[[131.93967136,33.27822172],[131.93967136,33.27822172]],[[131.93953917,33.27828592],[131.93953917,33.27828592]],[[131.94480209,33.27829192],[131.94480209,33.27829192]],[[131.94312725,33.27832341],[131.94312725,33.27832341]],[[131.94467988,33.2783082],[131.94467988,33.2783082]],[[131.94037764,33.27834305],[131.94037764,33.27834305]],[[131.94459467,33.27832895],[131.94459467,33.27832895]],[[131.93964678,33.27834244],[131.93964678,33.27834244]],[[131.94306185,33.27834267],[131.94306185,33.27834267]],[[131.9432065,33.27835525],[131.9432065,33.27835525]],[[131.94452939,33.27838786],[131.94452939,33.27838786]],[[131.94021878,33.27839656],[131.94021878,33.27839656]],[[131.94474,33.27853647],[131.94474,33.27853647]],[[131.94590367,33.27851656],[131.94590367,33.27851656]],[[131.94587475,33.27868375],[131.94587475,33.27868375]],[[131.94662747,32.79380961],[131.94662747,32.79380961]],[[131.94899197,32.79593733],[131.94899197,32.79593733]],[[131.94814939,32.79613777],[131.94814939,32.79613777]],[[131.94851533,32.79920136],[131.94851533,32.79920136]],[[131.94963197,32.79934103],[131.94963197,32.79934103]],[[131.94787083,32.79959386],[131.94787083,32.79959386]],[[131.94851481,32.79977549],[131.94851481,32.79977549]],[[131.95519817,32.80690428],[131.95519817,32.80690428]],[[131.95513508,32.80735297],[131.95513508,32.80735297]],[[131.95386917,32.9648325],[131.95386917,32.9648325]],[[131.95332139,32.96484389],[131.95332139,32.96484389]],[[131.95617973,32.965075],[131.95314111,32.97117972],[131.95886416,32.97083083],[131.95617973,32.965075]],[[131.95282472,32.96973],[131.95282472,32.96973]],[[131.95285833,32.96995528],[131.95285833,32.96995528]],[[131.95293416,32.97008723],[131.95293416,32.97008723]],[[131.95421611,32.97063916],[131.95421611,32.97063916]],[[131.95350139,32.97120249],[131.95350139,32.97120249]],[[131.95319889,32.97135222],[131.95319889,32.97135222]],[[131.95533083,32.99312195],[131.95533083,32.99312195]],[[131.95516166,32.99326223],[131.95516166,32.99326223]],[[131.95493472,32.99332416],[131.95493472,32.99332416]],[[131.95537555,32.993465],[131.95537555,32.993465]],[[131.95514166,32.99336361],[131.95514166,32.99336361]],[[131.95557805,32.99340361],[131.95557805,32.99340361]],[[131.95437584,32.99571833],[131.95437584,32.99571833]],[[131.95565805,32.99590972],[131.95565805,32.99590972]],[[131.95522898,32.99589928],[131.95522898,32.99589928]],[[131.95502866,32.99601639],[131.95502866,32.99601639]],[[131.95442917,32.99597749],[131.95442917,32.99597749]],[[131.95540886,32.99604525],[131.95540886,32.99604525]],[[131.95563053,32.99606167],[131.95563053,32.99606167]],[[131.95510195,32.99611161],[131.95510195,32.99611161]],[[131.95422056,32.99613505],[131.95422056,32.99613505]],[[131.95491183,32.99620844],[131.95491183,32.99620844]],[[131.9504825,32.99732333],[131.9504825,32.99732333]],[[131.94716205,33.26914672],[131.94716205,33.26914672]],[[131.94687472,33.26917787],[131.94687472,33.26917787]],[[131.94648589,33.26953195],[131.94648589,33.26953195]],[[131.94611173,33.26948267],[131.94611173,33.26948267]],[[131.94673815,33.26978925],[131.94673815,33.26978925]],[[131.94673128,33.27054708],[131.94673128,33.27054708]],[[131.94632014,33.27053425],[131.94632014,33.27053425]],[[131.94636234,33.27053536],[131.94636234,33.27053536]],[[131.94643012,33.27051961],[131.94643012,33.27051961]],[[131.94624681,33.27053336],[131.94624681,33.27053336]],[[131.94631462,33.2705588],[131.94631462,33.2705588]],[[131.94640778,33.27057875],[131.94640778,33.27057875]],[[131.94620536,33.27093944],[131.94620536,33.27093944]],[[131.94649367,33.27096925],[131.94649367,33.27096925]],[[131.94653409,33.27106416],[131.94653409,33.27106416]],[[131.94646725,33.27110659],[131.94646725,33.27110659]],[[131.94650322,33.27114769],[131.94650322,33.27114769]],[[131.94680781,33.27113187],[131.94680781,33.27113187]],[[131.94676519,33.27121405],[131.94676519,33.27121405]],[[131.94653655,33.27120256],[131.94653655,33.27120256]],[[131.94662533,33.27122241],[131.94662533,33.27122241]],[[131.94663876,33.27127372],[131.94663876,33.27127372]],[[131.9466435,33.27128541],[131.9466435,33.27128541]],[[131.94668064,33.27138467],[131.94668064,33.27138467]],[[131.94691419,33.27137433],[131.94691419,33.27137433]],[[131.94735183,33.27140497],[131.94735183,33.27140497]],[[131.94666875,33.2714668],[131.94666875,33.2714668]],[[131.94667358,33.27149672],[131.94667358,33.27149672]],[[131.94677742,33.27164056],[131.94677742,33.27164056]],[[131.94676531,33.271662],[131.94676531,33.271662]],[[131.94700722,33.27167747],[131.94700722,33.27167747]],[[131.94719538,33.27166759],[131.94719538,33.27166759]],[[131.94708661,33.27171439],[131.94708661,33.27171439]],[[131.94698791,33.27172044],[131.94698791,33.27172044]],[[131.94710691,33.27177428],[131.94710691,33.27177428]],[[131.94770289,33.27196449],[131.94770289,33.27196449]],[[131.94770306,33.27199028],[131.94770306,33.27199028]],[[131.94817319,33.2719702],[131.94817319,33.2719702]],[[131.94886258,33.27218333],[131.94886258,33.27218333]],[[131.94915859,33.27216844],[131.94915859,33.27216844]],[[131.94784769,33.27215536],[131.94784769,33.27215536]],[[131.9490382,33.27220156],[131.9490382,33.27220156]],[[131.94780772,33.27218011],[131.94780772,33.27218011]],[[131.94860798,33.27221178],[131.94860798,33.27221178]],[[131.94785552,33.27221364],[131.94785552,33.27221364]],[[131.94857636,33.27225756],[131.94857636,33.27225756]],[[131.9482353,33.27228433],[131.9482353,33.27228433]],[[131.94874613,33.27240349],[131.94874613,33.27240349]],[[131.95258975,33.27352241],[131.95258975,33.27352241]],[[131.95239153,33.27346703],[131.95239153,33.27346703]],[[131.95190542,33.27364936],[131.95190542,33.27364936]],[[131.95331209,33.27365383],[131.95331209,33.27365383]],[[131.95419475,33.27376256],[131.95419475,33.27376256]],[[131.95406248,33.27375989],[131.95406248,33.27375989]],[[131.95287161,33.27407495],[131.95287161,33.27407495]],[[131.95463927,33.27384239],[131.95463927,33.27384239]],[[131.95471472,33.27390005],[131.95471472,33.27390005]],[[131.95071263,33.27399913],[131.95071263,33.27399913]],[[131.95037073,33.27400572],[131.95037073,33.27400572]],[[131.95019903,33.27401003],[131.95019903,33.27401003]],[[131.95030248,33.27401744],[131.95030248,33.27401744]],[[131.9504835,33.27401253],[131.9504835,33.27401253]],[[131.95079623,33.27403395],[131.95079623,33.27403395]],[[131.95056713,33.27406347],[131.95056713,33.27406347]],[[131.94999228,33.27409844],[131.94999228,33.27409844]],[[131.95028636,33.27409503],[131.95028636,33.27409503]],[[131.95044772,33.27405789],[131.95044772,33.27405789]],[[131.95003153,33.27410536],[131.95003153,33.27410536]],[[131.95064672,33.27410649],[131.95064672,33.27410649]],[[131.95261803,33.27410044],[131.95261803,33.27410044]],[[131.95038326,33.27414089],[131.95038326,33.27414089]],[[131.95036428,33.27416431],[131.95036428,33.27416431]],[[131.95061031,33.27416367],[131.95061031,33.27416367]],[[131.95066917,33.27419669],[131.95066917,33.27419669]],[[131.95058394,33.27422708],[131.95058394,33.27422708]],[[131.95068153,33.27422777],[131.95068153,33.27422777]],[[131.95259922,33.27449416],[131.95259922,33.27449416]],[[131.95270698,33.27457213],[131.95270698,33.27457213]],[[131.95537895,33.27461756],[131.95537895,33.27461756]],[[131.955677,33.27477305],[131.955677,33.27477305]],[[131.94146756,33.27440439],[131.93763564,33.27796369],[131.95655662,33.27924311],[131.94575287,33.27069544],[131.94146756,33.27440439]],[[131.95590222,33.27742161],[131.95590222,33.27742161]],[[131.95588161,33.27747156],[131.95588161,33.27747156]],[[131.95595144,33.27751583],[131.95595144,33.27751583]],[[131.95590431,33.2775162],[131.95590431,33.2775162]],[[131.95586973,33.27749292],[131.95586973,33.27749292]],[[131.95595353,33.27756061],[131.95595353,33.27756061]],[[131.95596949,33.27762687],[131.95596949,33.27762687]],[[131.94720112,33.278191],[131.94720112,33.278191]],[[131.94859353,33.27821075],[131.94859353,33.27821075]],[[131.95308345,33.27822897],[131.95308345,33.27822897]],[[131.94876733,33.27822349],[131.94876733,33.27822349]],[[131.94864508,33.2782255],[131.94864508,33.2782255]],[[131.95326614,33.27825716],[131.95326614,33.27825716]],[[131.95365927,33.2782582],[131.95365927,33.2782582]],[[131.94872309,33.2782498],[131.94872309,33.2782498]],[[131.94905025,33.2782482],[131.94905025,33.2782482]],[[131.95357586,33.27825831],[131.95357586,33.27825831]],[[131.95331134,33.27829531],[131.95331134,33.27829531]],[[131.95299759,33.2782785],[131.95299759,33.2782785]],[[131.94864739,33.27831872],[131.94864739,33.27831872]],[[131.95311034,33.27829233],[131.95311034,33.27829233]],[[131.94885891,33.27831269],[131.94885891,33.27831269]],[[131.95434131,33.27841131],[131.95434131,33.27841131]],[[131.95435336,33.27840353],[131.95435336,33.27840353]],[[131.95429808,33.27842416],[131.95429808,33.27842416]],[[131.95420448,33.27853216],[131.95420448,33.27853216]],[[131.95059484,33.27899616],[131.95059484,33.27899616]],[[131.95193423,33.27905361],[131.95193423,33.27905361]],[[131.95193798,33.2790828],[131.95193798,33.2790828]],[[131.95111742,33.27920349],[131.95111742,33.27920349]],[[131.95119481,33.27919336],[131.95119481,33.27919336]],[[131.95118764,33.27926428],[131.95118764,33.27926428]],[[131.9725207,32.78612592],[131.9725207,32.78612592]],[[131.97223111,32.78733053],[131.97223111,32.78733053]],[[131.97147706,32.78834492],[131.97147706,32.78834492]],[[131.97155377,32.78871805],[131.97155377,32.78871805]],[[131.97302294,32.78920716],[131.97302294,32.78920716]],[[131.97200027,32.78927789],[131.97200027,32.78927789]],[[131.97220499,32.78982175],[131.97220499,32.78982175]],[[131.96906214,32.79113131],[131.96906214,32.79113131]],[[131.97126183,32.79135472],[131.97126183,32.79135472]],[[131.97094669,32.79134578],[131.97094669,32.79134578]],[[131.96901484,32.79113661],[131.96901484,32.79113661]],[[131.97054655,32.791386],[131.97054655,32.791386]],[[131.96829881,32.79260564],[131.96829881,32.79260564]],[[131.96397365,32.79286047],[131.96397365,32.79286047]],[[131.96314659,32.79264431],[131.96314659,32.79264431]],[[131.97316889,32.79294916],[131.97316889,32.79294916]],[[131.96326239,32.79348608],[131.96326239,32.79348608]],[[131.97467256,32.79362747],[131.97467256,32.79362747]],[[131.96354185,32.7938725],[131.96354185,32.7938725]],[[131.97569195,32.79400375],[131.97569195,32.79400375]],[[131.96305789,32.79414795],[131.96305789,32.79414795]],[[131.97527803,32.79442267],[131.97527803,32.79442267]],[[131.97516737,32.79975933],[131.97516737,32.79975933]],[[131.97363572,32.80073259],[131.97363572,32.80073259]],[[131.96219099,32.80213081],[131.96219099,32.80213081]],[[131.97276511,32.80175939],[131.97276511,32.80175939]],[[131.97218278,32.80203683],[131.97218278,32.80203683]],[[131.97369017,32.80490764],[131.97369017,32.80490764]],[[131.97340331,32.8052032],[131.97340331,32.8052032]],[[131.97354,32.80594111],[131.97354,32.80594111]],[[131.97494153,32.80708297],[131.97494153,32.80708297]],[[131.9751645,32.80731025],[131.9751645,32.80731025]],[[131.95686112,32.807315],[131.95686112,32.807315]],[[131.95638111,32.80741639],[131.95638111,32.80741639]],[[131.96192827,32.8466368],[131.96192827,32.8466368]],[[131.96184572,32.84681423],[131.96184572,32.84681423]],[[131.96280898,32.84783175],[131.96280898,32.84783175]],[[131.96680669,32.85078667],[131.96680669,32.85078667]],[[131.96696102,32.85077114],[131.96696102,32.85077114]],[[131.96723053,32.85093647],[131.96723053,32.85093647]],[[131.96894448,32.85172775],[131.96894448,32.85172775]],[[131.96990616,32.85207897],[131.96990616,32.85207897]],[[131.97001292,32.8521362],[131.97001292,32.8521362]],[[131.97063973,32.8525345],[131.97063973,32.8525345]],[[131.9709572,32.85312003],[131.9709572,32.85312003]],[[131.97464558,32.85642167],[131.97464558,32.85642167]],[[131.97537386,32.85644339],[131.97537386,32.85644339]],[[131.97519664,32.85643587],[131.97519664,32.85643587]],[[131.97524764,32.8565958],[131.97524764,32.8565958]],[[131.97534433,32.85669347],[131.97534433,32.85669347]],[[131.97575978,32.85694964],[131.97575978,32.85694964]],[[131.97558144,32.857043],[131.97558144,32.857043]],[[131.97566737,32.85707139],[131.97566737,32.85707139]],[[131.97601205,32.85713089],[131.97601205,32.85713089]],[[131.95682655,32.95236787],[131.95682655,32.95236787]],[[131.96431377,32.95810003],[131.96431377,32.95810003]],[[131.96355202,32.96005147],[131.96355202,32.96005147]],[[131.95999248,32.96015395],[131.95999248,32.96015395]],[[131.96371772,32.9601988],[131.96371772,32.9601988]],[[131.96391577,32.96064705],[131.96391577,32.96064705]],[[131.97284056,32.96341167],[131.97284056,32.96341167]],[[131.97503222,32.96394361],[131.97503222,32.96394361]],[[131.97443859,32.96394297],[131.97443859,32.96394297]],[[131.95775584,32.96511444],[131.95775584,32.96511444]],[[131.95771086,32.96522587],[131.95771086,32.96522587]],[[131.95802083,32.96542722],[131.95802083,32.96542722]],[[131.9576598,32.96545867],[131.9576598,32.96545867]],[[131.95741306,32.96547222],[131.95741306,32.96547222]],[[131.97510815,32.96579536],[131.97510815,32.96579536]],[[131.97500416,32.96610389],[131.97500416,32.96610389]],[[131.95667306,32.99332472],[131.95667306,32.99332472]],[[131.95667109,32.99353841],[131.95667109,32.99353841]],[[131.95736292,32.99452839],[131.95736292,32.99452839]],[[131.95628361,32.99490667],[131.95628361,32.99490667]],[[131.95603209,32.99576423],[131.95603209,32.99576423]],[[131.96890217,33.06726761],[131.96890217,33.06726761]],[[131.95697117,33.07462769],[131.95697117,33.07462769]],[[131.97129075,33.15509216],[131.97129075,33.15509216]],[[131.97007306,33.15582333],[131.97007306,33.15582333]],[[131.97001756,33.15598161],[131.97001756,33.15598161]],[[131.9706945,33.15681403],[131.9706945,33.15681403]],[[131.97105647,33.15761469],[131.97105647,33.15761469]],[[131.97004453,33.15617833],[131.98070684,33.16023639],[131.97004453,33.15617833]],[[131.95691981,33.27554641],[131.95691981,33.27554641]],[[131.95685897,33.27558864],[131.95685897,33.27558864]],[[131.95673569,33.2756058],[131.95673569,33.2756058]],[[131.95727669,33.2763998],[131.95727669,33.2763998]],[[131.9568082,33.27662333],[131.9568082,33.27662333]],[[131.95782141,33.27636587],[131.95782141,33.27636587]],[[131.95675039,33.27672522],[131.95675039,33.27672522]],[[131.95596917,33.27737016],[131.95596917,33.27737016]],[[131.95623163,33.27741033],[131.95623163,33.27741033]],[[131.95604683,33.27745305],[131.95604683,33.27745305]],[[131.95619302,33.27745356],[131.95619302,33.27745356]],[[131.95611,33.27750803],[131.95611,33.27750803]],[[131.95602833,33.2775092],[131.95602833,33.2775092]],[[131.95617183,33.2775475],[131.95617183,33.2775475]],[[131.95600186,33.27755322],[131.95600186,33.27755322]],[[131.95610591,33.27753708],[131.95610591,33.27753708]],[[131.95605817,33.2775665],[131.95605817,33.2775665]],[[131.95603297,33.27758083],[131.95603297,33.27758083]],[[131.95620183,33.27757053],[131.95620183,33.27757053]],[[131.95596711,33.27760405],[131.95596711,33.27760405]],[[131.95611436,33.27761069],[131.95611436,33.27761069]],[[131.95622525,33.27765139],[131.95622525,33.27765139]],[[131.95630205,33.27775341],[131.95630205,33.27775341]],[[131.95605713,33.2777598],[131.95605713,33.2777598]],[[131.95628348,33.27776259],[131.95628348,33.27776259]],[[131.95609494,33.27782092],[131.95609494,33.27782092]],[[131.95614525,33.27780575],[131.95614525,33.27780575]],[[131.95615361,33.27783392],[131.95615361,33.27783392]],[[131.958933,33.27783008],[131.958933,33.27783008]],[[131.95880564,33.27788392],[131.95880564,33.27788392]],[[131.95663202,33.2779012],[131.95663202,33.2779012]],[[131.95654542,33.27809869],[131.95654542,33.27809869]],[[131.95649633,33.27810647],[131.95649633,33.27810647]],[[131.95668655,33.27814549],[131.95668655,33.27814549]],[[131.95665761,33.27822803],[131.95665761,33.27822803]],[[131.95642828,33.278283],[131.95642828,33.278283]],[[131.95661338,33.27829825],[131.95661338,33.27829825]],[[131.95641433,33.27831349],[131.95641433,33.27831349]],[[131.956462,33.27831539],[131.956462,33.27831539]],[[131.95643031,33.27838244],[131.95643031,33.27838244]],[[131.95648484,33.27852916],[131.95648484,33.27852916]],[[131.95650817,33.27853089],[131.95650817,33.27853089]],[[131.96053691,33.27870467],[131.96053691,33.27870467]],[[131.95693119,33.27883428],[131.95693119,33.27883428]],[[131.95867772,33.27883023],[131.95867772,33.27883023]],[[131.95869431,33.27886361],[131.95869431,33.27886361]],[[131.95858917,33.27897787],[131.95858917,33.27897787]],[[131.95852742,33.27904461],[131.95852742,33.27904461]],[[131.95873681,33.27906103],[131.95873681,33.27906103]],[[131.95853109,33.27886047],[131.95853109,33.27886047]],[[131.95842613,33.27915956],[131.95842613,33.27915956]],[[131.95836983,33.27917405],[131.95836983,33.27917405]],[[131.95706555,33.27935044],[131.95706555,33.27935044]],[[131.9585407,33.27949336],[131.9585407,33.27949336]],[[131.9596102,33.2797558],[131.9596102,33.2797558]],[[131.9586328,33.27955244],[131.9586328,33.27955244]],[[131.96091839,33.27965164],[131.96091839,33.27965164]],[[131.95947742,33.27963961],[131.95947742,33.27963961]],[[131.959443,33.27985816],[131.959443,33.27985816]],[[131.96223569,33.28048444],[131.96223569,33.28048444]],[[131.96207564,33.28028856],[131.96207564,33.28028856]],[[131.96199389,33.28050911],[131.96199389,33.28050911]],[[131.96174453,33.28055947],[131.96174453,33.28055947]],[[131.96186036,33.28060716],[131.96186036,33.28060716]],[[131.9620545,33.28074939],[131.9620545,33.28074939]],[[131.97660805,32.79512361],[131.97660805,32.79512361]],[[131.98039603,32.79683956],[131.98039603,32.79683956]],[[131.97904891,32.79692916],[131.97904891,32.79692916]],[[131.98098667,32.79686369],[131.98098667,32.79686369]],[[131.97744484,32.79940316],[131.97744484,32.79940316]],[[131.97652647,32.79995247],[131.97652647,32.79995247]],[[131.97675302,32.80197583],[131.97675302,32.80197583]],[[131.97703881,32.80780514],[131.97703881,32.80780514]],[[131.97850866,32.80822144],[131.97850866,32.80822144]],[[131.97701591,32.80803261],[131.97701591,32.80803261]],[[131.97770083,32.80787487],[131.97770083,32.80787487]],[[131.97632898,32.80803261],[131.97632898,32.80803261]],[[131.97910652,32.80876028],[131.97910652,32.80876028]],[[131.98047183,32.80928733],[131.98047183,32.80928733]],[[131.98102041,32.81015603],[131.98102041,32.81015603]],[[131.98156917,32.8107475],[131.98156917,32.8107475]],[[131.98378545,32.81135056],[131.98378545,32.81135056]],[[131.982029,32.84573844],[131.982029,32.84573844]],[[131.98179966,32.84573297],[131.98179966,32.84573297]],[[131.98167917,32.84592933],[131.98167917,32.84592933]],[[131.9865235,32.8462108],[131.9865235,32.8462108]],[[131.98511647,32.84618364],[131.98511647,32.84618364]],[[131.98577239,32.84633849],[131.98577239,32.84633849]],[[131.98636506,32.84629772],[131.98636506,32.84629772]],[[131.98627992,32.84641056],[131.98627992,32.84641056]],[[131.98585703,32.84643175],[131.98585703,32.84643175]],[[131.98609842,32.84635089],[131.98609842,32.84635089]],[[131.97652384,32.86107811],[131.97652384,32.86107811]],[[131.97675742,32.86221303],[131.97675742,32.86221303]],[[131.9843673,32.8625908],[131.9843673,32.8625908]],[[131.98326664,32.86240528],[131.98326664,32.86240528]],[[131.98345064,32.86253008],[131.98345064,32.86253008]],[[131.98376425,32.8625682],[131.98376425,32.8625682]],[[131.98495786,32.86286039],[131.98495786,32.86286039]],[[131.98507066,32.86380672],[131.98507066,32.86380672]],[[131.98481833,32.86375389],[131.98481833,32.86375389]],[[131.98573297,32.86431669],[131.98573297,32.86431669]],[[131.98613409,32.86509367],[131.98613409,32.86509367]],[[131.97997294,32.8649438],[131.97997294,32.8649438]],[[131.97984042,32.86537856],[131.97984042,32.86537856]],[[131.98666014,32.86667608],[131.98666014,32.86667608]],[[131.97778589,32.86679495],[131.97778589,32.86679495]],[[131.97667436,32.86687972],[131.97667436,32.86687972]],[[131.97683633,32.86705864],[131.97683633,32.86705864]],[[131.97760837,32.8670388],[131.97760837,32.8670388]],[[131.98665888,32.86754111],[131.98665888,32.86754111]],[[131.98656577,32.86815356],[131.98656577,32.86815356]],[[131.98650494,32.86848897],[131.98650494,32.86848897]],[[131.98659936,32.86887759],[131.98659936,32.86887759]],[[131.98647025,32.86899841],[131.98647025,32.86899841]],[[131.98557027,32.89911249],[131.98557027,32.89911249]],[[131.98535027,32.90222833],[131.98535027,32.90222833]],[[131.98548061,32.90230483],[131.98548061,32.90230483]],[[131.98541131,32.9024928],[131.98541131,32.9024928]],[[131.98556606,32.90266723],[131.98556606,32.90266723]],[[131.98496333,32.90328167],[131.98496333,32.90328167]],[[131.98551922,32.90523928],[131.98551922,32.90523928]],[[131.98522973,32.90524639],[131.98522973,32.90524639]],[[131.98540361,32.90543889],[131.98540361,32.90543889]],[[131.98591083,32.90541083],[131.98591083,32.90541083]],[[131.98560389,32.90568111],[131.98560389,32.90568111]],[[131.98570389,32.90582749],[131.98570389,32.90582749]],[[131.98545039,32.90601513],[131.98545039,32.90601513]],[[131.98549064,32.9065592],[131.98549064,32.9065592]],[[131.98551497,32.907103],[131.98551497,32.907103]],[[131.98558789,32.90718736],[131.98558789,32.90718736]],[[131.9855065,32.90721483],[131.9855065,32.90721483]],[[131.98551722,32.90757916],[131.98551722,32.90757916]],[[131.98542117,32.90794464],[131.98542117,32.90794464]],[[131.98531508,32.90833333],[131.98531508,32.90833333]],[[131.98541639,32.90849639],[131.98541639,32.90849639]],[[131.98438875,32.90950116],[131.98438875,32.90950116]],[[131.98424278,32.909725],[131.98424278,32.909725]],[[131.98464275,32.91185244],[131.98464275,32.91185244]],[[131.9848782,32.91198939],[131.9848782,32.91198939]],[[131.98483883,32.91236583],[131.98483883,32.91236583]],[[131.98477197,32.91287328],[131.98477197,32.91287328]],[[131.98495639,32.91299749],[131.98495639,32.91299749]],[[131.98466876,32.91312072],[131.98466876,32.91312072]],[[131.98504973,32.91325667],[131.98504973,32.91325667]],[[131.98445717,32.9133382],[131.98445717,32.9133382]],[[131.98414287,32.9136558],[131.98414287,32.9136558]],[[131.98378139,32.91387],[131.98378139,32.91387]],[[131.9793,32.92128936],[131.9793,32.92128936]],[[131.97819958,32.94565787],[131.97819958,32.94565787]],[[131.98105555,32.97717916],[131.98105555,32.97717916]],[[131.98209722,32.98571139],[131.98209722,32.98571139]],[[131.983071,32.98579505],[131.983071,32.98579505]],[[131.98312808,32.98579816],[131.98312808,32.98579816]],[[131.98231936,32.98590836],[131.98231936,32.98590836]],[[131.98309423,32.985896],[131.98309423,32.985896]],[[131.98325564,32.98586767],[131.98325564,32.98586767]],[[131.98249248,32.98585828],[131.98249248,32.98585828]],[[131.98261744,32.98597547],[131.98261744,32.98597547]],[[131.98333317,32.98598587],[131.98333317,32.98598587]],[[131.98235153,32.98605675],[131.98235153,32.98605675]],[[131.98312341,32.98602486],[131.98312341,32.98602486]],[[131.9824947,32.98609592],[131.9824947,32.98609592]],[[131.97746331,33.04660733],[131.97746331,33.04660733]],[[131.98649272,33.04855133],[131.98649272,33.04855133]],[[131.98623805,33.04871916],[131.98623805,33.04871916]],[[131.98641003,33.04884372],[131.98641003,33.04884372]],[[131.98169014,33.07692122],[131.98169014,33.07692122]],[[131.98468747,33.0801508],[131.98468747,33.0801508]],[[131.98595859,33.08783631],[131.98595859,33.08783631]],[[131.98615025,33.09208169],[131.98615025,33.09208169]],[[131.9767828,33.15521495],[131.9767828,33.15521495]],[[131.9768308,33.1553322],[131.9768308,33.1553322]],[[131.98081481,33.15965472],[131.98081481,33.15965472]],[[131.98086117,33.15979303],[131.98086117,33.15979303]],[[131.98073,33.15977849],[131.98073,33.15977849]],[[131.98069075,33.15999149],[131.98069075,33.15999149]],[[131.97777507,33.16006752],[131.97777507,33.16006752]],[[131.9807737,33.16007295],[131.9807737,33.16007295]],[[131.98089086,33.16018949],[131.98089086,33.16018949]],[[131.98067195,33.16039164],[131.98067195,33.16039164]],[[131.98080966,33.16045892],[131.98080966,33.16045892]],[[131.98107575,33.16045775],[131.98107575,33.16045775]],[[131.98099895,33.16046669],[131.98099895,33.16046669]],[[131.98056261,33.16047377],[131.98056261,33.16047377]],[[131.98038258,33.16061741],[131.98038258,33.16061741]],[[131.97968333,33.16118283],[131.97968333,33.16118283]],[[131.97948713,33.16122539],[131.97948713,33.16122539]],[[131.97966416,33.1613288],[131.97966416,33.1613288]],[[131.98052409,33.16205305],[131.98052409,33.16205305]],[[131.98099703,33.16209989],[131.98099703,33.16209989]],[[131.98118647,33.16220978],[131.98118647,33.16220978]],[[131.98075073,33.16223614],[131.98075073,33.16223614]],[[131.97982708,33.16245969],[131.97982708,33.16245969]],[[131.97992105,33.16254441],[131.97992105,33.16254441]],[[131.98299031,33.16297805],[131.98299031,33.16297805]],[[131.98278667,33.16305611],[131.98278667,33.16305611]],[[131.98303139,33.16307397],[131.98303139,33.16307397]],[[131.982906,33.16327269],[131.982906,33.16327269]],[[131.98260689,33.16333169],[131.98260689,33.16333169]],[[131.98252275,33.16352744],[131.98252275,33.16352744]],[[131.98304027,33.16367528],[131.98304027,33.16367528]],[[131.9829317,33.16376456],[131.9829317,33.16376456]],[[131.98436881,33.16431497],[131.98436881,33.16431497]],[[131.98128722,33.16506639],[131.98128722,33.16506639]],[[131.98817973,33.16631723],[131.98004878,33.16257192],[131.98330105,33.17037477],[131.99269442,33.17121547],[131.98817973,33.16631723]],[[131.98498239,33.1709632],[131.98498239,33.1709632]],[[131.985509,33.17125122],[131.985509,33.17125122]],[[131.98567492,33.17125633],[131.98567492,33.17125633]],[[131.98546852,33.17132505],[131.98546852,33.17132505]],[[131.98636978,33.17131228],[131.98636978,33.17131228]],[[131.98609545,33.17131856],[131.98609545,33.17131856]],[[131.98559936,33.1713432],[131.98559936,33.1713432]],[[131.98997064,32.81739614],[131.98997064,32.81739614]],[[131.99184486,32.81896956],[131.99184486,32.81896956]],[[131.9933292,32.8189198],[131.9933292,32.8189198]],[[131.99375173,32.81948267],[131.99375173,32.81948267]],[[131.99549956,32.81978749],[131.99549956,32.81978749]],[[131.99717964,32.82048705],[131.99717964,32.82048705]],[[131.99770306,32.82039528],[131.99770306,32.82039528]],[[131.99801073,32.82061528],[131.99801073,32.82061528]],[[131.99807694,32.82062403],[131.99807694,32.82062403]],[[131.99856173,32.8208782],[131.99856173,32.8208782]],[[131.99910611,32.820843],[131.99910611,32.820843]],[[131.99864567,32.82099778],[131.99864567,32.82099778]],[[132.00046,32.82138247],[132.00046,32.82138247]],[[132.00125036,32.82183883],[132.00125036,32.82183883]],[[132.00389528,32.82320695],[132.00389528,32.82320695]],[[132.00487131,32.82422723],[132.00487131,32.82422723]],[[132.00517572,32.82499064],[132.00517572,32.82499064]],[[132.00626467,32.82518292],[132.00626467,32.82518292]],[[131.99663287,32.83926459],[131.99663287,32.83926459]],[[131.99674681,32.83942313],[131.99674681,32.83942313]],[[131.99663759,32.83947149],[131.99663759,32.83947149]],[[131.99680833,32.83945611],[131.99680833,32.83945611]],[[131.99386205,32.84211111],[131.99386205,32.84211111]],[[131.99330528,32.84217667],[131.99330528,32.84217667]],[[131.99249772,32.84222716],[131.99249772,32.84222716]],[[131.99350759,32.8422198],[131.99350759,32.8422198]],[[131.99245228,32.84240933],[131.99245228,32.84240933]],[[131.99337289,32.84241897],[131.99337289,32.84241897]],[[131.99159647,32.84264008],[131.99159647,32.84264008]],[[131.99052297,32.84386867],[131.99052297,32.84386867]],[[131.98810394,32.84501361],[131.98810394,32.84501361]],[[131.98839219,32.84517459],[131.98839219,32.84517459]],[[131.98768628,32.84558564],[131.98768628,32.84558564]],[[131.9872382,32.84592216],[131.9872382,32.84592216]],[[131.98700795,32.84599775],[131.98700795,32.84599775]],[[131.98670005,32.84619553],[131.98670005,32.84619553]],[[131.99166667,32.87224211],[131.99166667,32.87224211]],[[131.99170095,32.87248856],[131.99170095,32.87248856]],[[131.99162097,32.87278405],[131.99162097,32.87278405]],[[131.9921373,32.87343259],[131.9921373,32.87343259]],[[131.99213883,32.8738995],[131.99213883,32.8738995]],[[131.99226472,32.87411041],[131.99226472,32.87411041]],[[131.99887759,32.87751369],[131.99887759,32.87751369]],[[131.99675883,32.87765441],[131.99675883,32.87765441]],[[131.99686061,32.87788553],[131.99686061,32.87788553]],[[132.00362425,32.88710947],[132.00362425,32.88710947]],[[132.00404131,32.88718669],[132.00404131,32.88718669]],[[132.00572051,32.88792016],[132.00572051,32.88792016]],[[132.00474224,32.88794223],[132.00474224,32.88794223]],[[132.00561905,32.88811723],[132.00561905,32.88811723]],[[132.00487545,32.88814997],[132.00487545,32.88814997]],[[132.00024258,32.8945308],[132.00024258,32.8945308]],[[132.00085475,32.89446867],[132.00085475,32.89446867]],[[132.00066764,32.89454603],[132.00066764,32.89454603]],[[132.00070516,32.89472669],[132.00070516,32.89472669]],[[132.00113608,32.89469092],[132.00113608,32.89469092]],[[131.99800703,32.89749116],[131.99800703,32.89749116]],[[131.99764122,32.89797041],[131.99764122,32.89797041]],[[131.98793917,32.89904083],[131.98793917,32.89904083]],[[132.00577694,32.90628722],[132.00577694,32.90628722]],[[132.00543278,32.90679583],[132.00543278,32.90679583]],[[132.00513861,32.90676277],[132.00513861,32.90676277]],[[132.0053265,32.90689903],[132.0053265,32.90689903]],[[131.99707917,32.91098139],[131.99707917,32.91098139]],[[131.99690584,32.91093083],[131.99690584,32.91093083]],[[131.99562263,32.91171756],[131.99562263,32.91171756]],[[132.00700584,32.93585944],[132.00700584,32.93585944]],[[132.00697222,32.93599472],[132.00697222,32.93599472]],[[132.00120166,32.93792083],[132.00120166,32.93792083]],[[131.99985983,32.94241769],[131.99985983,32.94241769]],[[132.00083975,32.94460453],[132.00083975,32.94460453]],[[132.00128722,32.94452167],[132.00128722,32.94452167]],[[131.98987083,32.94613777],[131.98987083,32.94613777]],[[131.98937,32.9539725],[131.98937,32.9539725]],[[131.99266889,32.95407972],[131.99266889,32.95407972]],[[131.99152722,32.95438916],[131.99152722,32.95438916]],[[131.98708436,33.04910372],[131.98708436,33.04910372]],[[131.98829722,33.05263809],[131.98829722,33.05263809]],[[131.9893762,33.05260563],[131.9893762,33.05260563]],[[131.99129183,33.05327156],[131.99129183,33.05327156]],[[131.99169445,33.05344822],[131.99169445,33.05344822]],[[131.9917692,33.05342705],[131.9917692,33.05342705]],[[131.99257795,33.05361413],[131.99257795,33.05361413]],[[131.99275669,33.05394528],[131.99275669,33.05394528]],[[132.00675027,33.05541639],[132.00675027,33.05541639]],[[132.00499589,33.06527396],[132.00499589,33.06527396]],[[132.00147333,33.07714883],[132.00147333,33.07714883]],[[131.99722761,33.085684],[131.99722761,33.085684]],[[131.99790139,33.08712361],[131.99790139,33.08712361]],[[131.99894472,33.08775972],[131.99894472,33.08775972]],[[131.99772289,33.08791769],[131.99772289,33.08791769]],[[131.99887477,33.08817123],[131.99887477,33.08817123]],[[131.99935713,33.08890513],[131.99935713,33.08890513]],[[131.98662186,33.08923249],[131.98662186,33.08923249]],[[131.98673492,33.08934056],[131.98673492,33.08934056]],[[131.99137798,33.09215547],[131.99137798,33.09215547]],[[132.00213891,33.09412683],[132.00213891,33.09412683]],[[132.00238341,33.09448275],[132.00238341,33.09448275]],[[131.99456153,33.09485103],[131.99456153,33.09485103]],[[131.99493722,33.09501667],[131.99493722,33.09501667]],[[131.99869086,33.09517278],[131.99869086,33.09517278]],[[131.99509805,33.09519695],[131.99509805,33.09519695]],[[131.99844961,33.09542936],[131.99844961,33.09542936]],[[131.99867189,33.09557216],[131.99867189,33.09557216]],[[131.99937292,33.09585067],[131.99937292,33.09585067]],[[131.99965358,33.09584947],[131.99965358,33.09584947]],[[132.0030775,33.09602333],[132.0030775,33.09602333]],[[132.0037428,33.09669944],[132.0037428,33.09669944]],[[132.00413178,33.09671083],[132.00413178,33.09671083]],[[132.00087224,33.09704247],[132.00087224,33.09704247]],[[132.00711336,33.09917695],[132.00711336,33.09917695]],[[132.00263123,33.10030206],[132.00263123,33.10030206]],[[132.00343307,33.10092351],[132.00343307,33.10092351]],[[131.99271025,33.16186841],[131.99271025,33.16186841]],[[131.99129694,33.162425],[131.99129694,33.162425]],[[131.99200684,33.1625762],[131.99200684,33.1625762]],[[131.99099122,33.16259092],[131.99099122,33.16259092]],[[131.99155031,33.16257308],[131.99155031,33.16257308]],[[131.99121533,33.16263439],[131.99121533,33.16263439]],[[131.99181961,33.16273925],[131.99181961,33.16273925]],[[131.99013278,33.16311883],[131.99013278,33.16311883]],[[131.98788572,33.16434247],[131.98788572,33.16434247]],[[131.98792647,33.16478156],[131.98792647,33.16478156]],[[131.98778131,33.16490139],[131.98778131,33.16490139]],[[131.98774759,33.16513378],[131.98774759,33.16513378]],[[131.99229322,33.17022561],[131.99229322,33.17022561]],[[131.99222019,33.17053067],[131.99222019,33.17053067]],[[131.99283117,33.17063116],[131.99283117,33.17063116]],[[131.99253197,33.17063825],[131.99253197,33.17063825]],[[131.99476306,33.17058083],[131.99476306,33.17058083]],[[131.99351888,33.17065389],[131.99351888,33.17065389]],[[131.99237185,33.17071987],[131.99237185,33.17071987]],[[131.99467611,33.17077805],[131.99467611,33.17077805]],[[131.99281292,33.17082628],[131.99281292,33.17082628]],[[131.99281431,33.17094808],[131.99281431,33.17094808]],[[131.99098253,33.17108608],[131.99098253,33.17108608]],[[131.98974472,33.17108195],[131.98974472,33.17108195]],[[131.9877235,33.17113992],[131.9877235,33.17113992]],[[131.9902462,33.17119389],[131.9902462,33.17119389]],[[131.988129,33.17112469],[131.988129,33.17112469]],[[131.98839306,33.17117195],[131.98839306,33.17117195]],[[131.99130256,33.17112769],[131.99130256,33.17112769]],[[131.99112339,33.171162],[131.99112339,33.171162]],[[131.98793694,33.17117278],[131.98793694,33.17117278]],[[131.98994012,33.17119878],[131.98994012,33.17119878]],[[131.9930517,33.17108522],[131.9930517,33.17108522]],[[131.9916908,33.17124175],[131.9916908,33.17124175]],[[131.99249966,33.17130753],[131.99249966,33.17130753]],[[132.00730392,32.82624939],[132.00730392,32.82624939]],[[132.00859306,32.82747436],[132.00859306,32.82747436]],[[132.00833333,32.82782323],[132.00833333,32.82782323]],[[132.00864166,32.82807305],[132.00864166,32.82807305]],[[132.00864248,32.82852813],[132.00864248,32.82852813]],[[132.00858888,32.82877177],[132.00858888,32.82877177]],[[132.00971567,32.82886083],[132.00971567,32.82886083]],[[132.00988183,32.83111136],[132.00988183,32.83111136]],[[132.01095445,32.83415083],[132.01095445,32.83415083]],[[132.01206995,32.83454661],[132.01206995,32.83454661]],[[132.01104292,32.83515816],[132.01104292,32.83515816]],[[132.00905992,32.83631836],[132.00905992,32.83631836]],[[132.00896964,32.83636967],[132.00896964,32.83636967]],[[132.00855895,32.83684461],[132.00855895,32.83684461]],[[132.01885639,32.88881305],[132.01885639,32.88881305]],[[132.00810533,32.8888032],[132.00810533,32.8888032]],[[132.00714345,32.888942],[132.00714345,32.888942]],[[132.00810533,32.88923739],[132.00810533,32.88923739]],[[132.0075518,32.88940036],[132.0075518,32.88940036]],[[132.00942973,32.88933661],[132.00942973,32.88933661]],[[132.01730306,32.88936861],[132.01730306,32.88936861]],[[132.00805392,32.8894742],[132.00805392,32.8894742]],[[132.01377178,32.88975056],[132.01377178,32.88975056]],[[132.01556555,32.88994489],[132.01556555,32.88994489]],[[132.01581973,32.88993969],[132.01581973,32.88993969]],[[132.01629905,32.89001275],[132.01629905,32.89001275]],[[132.01671499,32.88997889],[132.01671499,32.88997889]],[[132.00925728,32.89001064],[132.00925728,32.89001064]],[[132.01628628,32.89013716],[132.01628628,32.89013716]],[[132.01586189,32.89013789],[132.01586189,32.89013789]],[[132.00840742,32.89011953],[132.00840742,32.89011953]],[[132.00989027,32.89021333],[132.00989027,32.89021333]],[[132.01449012,32.89023713],[132.01449012,32.89023713]],[[132.0155128,32.89024939],[132.0155128,32.89024939]],[[132.01578195,32.89033167],[132.01578195,32.89033167]],[[132.01538389,32.89044375],[132.01538389,32.89044375]],[[132.01105078,32.890327],[132.01105078,32.890327]],[[132.01521114,32.89039764],[132.01521114,32.89039764]],[[132.01159328,32.89068547],[132.01159328,32.89068547]],[[132.01585109,32.89058697],[132.01585109,32.89058697]],[[132.01306601,32.89076331],[132.01306601,32.89076331]],[[132.01592275,32.89069886],[132.01592275,32.89069886]],[[132.01269036,32.89075278],[132.01269036,32.89075278]],[[132.01622112,32.89071667],[132.01622112,32.89071667]],[[132.0156875,32.89079],[132.0156875,32.89079]],[[132.01660983,32.89120013],[132.01660983,32.89120013]],[[132.01513717,32.89162278],[132.01513717,32.89162278]],[[132.00810778,32.89260249],[132.00810778,32.89260249]],[[132.00781499,32.89266528],[132.00781499,32.89266528]],[[132.01286258,32.8932778],[132.01286258,32.8932778]],[[132.01118389,32.89336389],[132.01118389,32.89336389]],[[132.01203805,32.89343722],[132.01203805,32.89343722]],[[132.01179195,32.89348889],[132.01179195,32.89348889]],[[132.00851499,32.90505639],[132.00851499,32.90505639]],[[132.00898222,32.90523556],[132.00898222,32.90523556]],[[132.00968306,32.90517944],[132.00968306,32.90517944]],[[132.00952725,32.90550733],[132.00952725,32.90550733]],[[132.009103,32.90577803],[132.009103,32.90577803]],[[132.00995694,32.90581644],[132.00995694,32.90581644]],[[132.01006917,32.9059125],[132.01006917,32.9059125]],[[132.01023197,32.90602878],[132.01023197,32.90602878]],[[132.01069092,32.90624672],[132.01069092,32.90624672]],[[132.00842778,32.90614916],[132.00842778,32.90614916]],[[132.010358,32.90623853],[132.010358,32.90623853]],[[132.01114278,32.90659086],[132.01114278,32.90659086]],[[132.0102175,32.90648753],[132.0102175,32.90648753]],[[132.01041639,32.90643639],[132.01041639,32.90643639]],[[132.01002917,32.90715167],[132.01002917,32.90715167]],[[132.0103893,32.90780461],[132.0103893,32.90780461]],[[132.0104025,32.90798528],[132.0104025,32.90798528]],[[132.01044365,32.90828467],[132.01044365,32.90828467]],[[132.01014973,32.90891944],[132.01014973,32.90891944]],[[132.01042172,32.90940039],[132.01042172,32.90940039]],[[132.01020917,32.90938223],[132.01020917,32.90938223]],[[132.01027584,32.90956777],[132.01027584,32.90956777]],[[132.00953737,32.90998833],[132.00953737,32.90998833]],[[132.00922833,32.91037333],[132.00922833,32.91037333]],[[132.0094515,32.910605],[132.0094515,32.910605]],[[132.00925995,32.9108068],[132.00925995,32.9108068]],[[132.00917698,32.91114516],[132.00917698,32.91114516]],[[132.00957562,32.91254808],[132.00957562,32.91254808]],[[132.00949283,32.9143762],[132.00949283,32.9143762]],[[132.00970861,32.91440056],[132.00970861,32.91440056]],[[132.00958914,32.9144708],[132.00958914,32.9144708]],[[132.00988889,32.91455277],[132.00988889,32.91455277]],[[132.01069667,32.91463667],[132.01069667,32.91463667]],[[132.00922195,32.9199425],[132.00922195,32.9199425]],[[132.00956833,32.92018047],[132.00956833,32.92018047]],[[132.00864472,32.92059028],[132.00864472,32.92059028]],[[132.00891861,32.92106361],[132.00891861,32.92106361]],[[132.00837083,32.92109722],[132.00837083,32.92109722]],[[132.01003445,32.92199305],[132.01003445,32.92199305]],[[132.01008645,32.9224215],[132.01008645,32.9224215]],[[132.01601722,32.92232528],[132.01601722,32.92232528]],[[132.01632956,32.92290411],[132.01632956,32.92290411]],[[132.01675139,32.92314777],[132.01675139,32.92314777]],[[132.00962584,32.92341777],[132.00962584,32.92341777]],[[132.00960694,32.923835],[132.00960694,32.923835]],[[132.01433614,32.92383633],[132.01433614,32.92383633]],[[132.01415361,32.92387972],[132.01415361,32.92387972]],[[132.01380041,32.92416392],[132.01380041,32.92416392]],[[132.01687139,32.92550749],[132.01687139,32.92550749]],[[132.01630528,32.92615583],[132.01630528,32.92615583]],[[132.01685944,32.92716367],[132.01685944,32.92716367]],[[132.01660555,32.92740056],[132.01660555,32.92740056]],[[132.01701112,32.92769861],[132.01701112,32.92769861]],[[132.01728694,32.92780611],[132.01728694,32.92780611]],[[132.01683175,32.92946639],[132.01683175,32.92946639]],[[132.01673114,32.92948305],[132.01673114,32.92948305]],[[132.01922111,32.93062723],[132.01922111,32.93062723]],[[132.01968445,32.93081389],[132.01968445,32.93081389]],[[132.01938389,32.93078583],[132.01938389,32.93078583]],[[132.01842195,32.93098861],[132.01842195,32.93098861]],[[132.0154,32.93647916],[132.0154,32.93647916]],[[132.01886519,33.06013053],[132.01886519,33.06013053]],[[132.00944528,33.06068805],[132.00944528,33.06068805]],[[132.01172555,33.06094195],[132.01172555,33.06094195]],[[132.01233416,33.06098695],[132.01233416,33.06098695]],[[132.01652503,33.06098395],[132.01652503,33.06098395]],[[132.01144472,33.06098695],[132.01144472,33.06098695]],[[132.01208,33.06098695],[132.01208,33.06098695]],[[132.01196639,33.06103195],[132.01196639,33.06103195]],[[132.01088263,33.06103733],[132.01088263,33.06103733]],[[132.01821484,33.06130044],[132.01821484,33.06130044]],[[132.01782584,33.06159083],[132.01782584,33.06159083]],[[132.01816584,33.06187139],[132.01816584,33.06187139]],[[132.01110778,33.09966331],[132.01110778,33.09966331]],[[132.00809805,33.09981483],[132.00809805,33.09981483]],[[132.00793086,33.09989495],[132.00793086,33.09989495]],[[132.00848815,33.09998189],[132.00848815,33.09998189]],[[132.00989128,33.10036178],[132.00989128,33.10036178]],[[132.01410338,33.10297359],[132.01410338,33.10297359]],[[132.01380433,33.10299575],[132.01380433,33.10299575]],[[132.01552983,33.10432036],[132.01552983,33.10432036]],[[132.00558776,33.09793364],[132.00414694,33.10912056],[132.01096332,33.11154896],[132.01666263,33.10672344],[132.00558776,33.09793364]],[[132.01677361,33.10706011],[132.01677361,33.10706011]],[[132.01867939,33.10707987],[132.01867939,33.10707987]],[[132.016927,33.10711103],[132.016927,33.10711103]],[[132.01750275,33.10717447],[132.01750275,33.10717447]],[[132.01852606,33.10721047],[132.01852606,33.10721047]],[[132.01815876,33.10720897],[132.01815876,33.10720897]],[[132.01859105,33.10731775],[132.01859105,33.10731775]],[[132.01708416,33.107397],[132.01708416,33.107397]],[[132.01754289,33.10740264],[132.01754289,33.10740264]],[[132.0190075,33.10769472],[132.0190075,33.10769472]],[[132.01843769,33.10760147],[132.01843769,33.10760147]],[[132.01097117,33.11167283],[132.01097117,33.11167283]],[[132.01139112,33.11206744],[132.01139112,33.11206744]],[[132.03054447,32.87879525],[132.03054447,32.87879525]],[[132.03604805,32.87899611],[132.03604805,32.87899611]],[[132.03522472,32.87975675],[132.03522472,32.87975675]],[[132.03566316,32.87966456],[132.03566316,32.87966456]],[[132.03081839,32.88127064],[132.03517805,32.88022167],[132.03081839,32.88127064]],[[132.02958027,32.88050305],[132.02958027,32.88050305]],[[132.03379,32.88088639],[132.03379,32.88088639]],[[132.03419056,32.88112833],[132.03419056,32.88112833]],[[132.03392817,32.88119592],[132.03392817,32.88119592]],[[132.03218572,32.88124867],[132.03218572,32.88124867]],[[132.02816253,32.88491389],[132.02816253,32.88491389]],[[132.02686652,32.88564672],[132.02686652,32.88564672]],[[132.02720647,32.88580644],[132.02720647,32.88580644]],[[132.02673597,32.88607303],[132.02673597,32.88607303]],[[132.02583,32.88665389],[132.02583,32.88665389]],[[132.02375278,32.88686608],[132.02375278,32.88686608]],[[132.02386861,32.88726777],[132.02386861,32.88726777]],[[132.02468917,32.88739723],[132.02468917,32.88739723]],[[132.02283105,32.887711],[132.02283105,32.887711]],[[132.02582861,32.88797972],[132.02582861,32.88797972]],[[132.02208694,32.88834361],[132.02208694,32.88834361]],[[132.02568195,32.88817003],[132.02568195,32.88817003]],[[132.04981889,32.91266667],[132.04981889,32.91266667]],[[132.04953472,32.91306056],[132.04953472,32.91306056]],[[132.04897294,32.91358123],[132.04897294,32.91358123]],[[132.04999499,32.91377611],[132.04999499,32.91377611]],[[132.04867192,32.91358305],[132.04867192,32.91358305]],[[132.0496928,32.91395577],[132.0496928,32.91395577]],[[132.04739608,32.91466569],[132.04739608,32.91466569]],[[132.04725027,32.91473944],[132.04725027,32.91473944]],[[132.04619861,32.91637277],[132.04619861,32.91637277]],[[132.04951472,32.91549944],[132.0449745,32.91955677],[132.04951472,32.91549944]],[[132.04898056,32.91725139],[132.04898056,32.91725139]],[[132.04864722,32.91735277],[132.04864722,32.91735277]],[[132.04840694,32.91766805],[132.04840694,32.91766805]],[[132.04792195,32.9176425],[132.04792195,32.9176425]],[[132.04826027,32.9177525],[132.04826027,32.9177525]],[[132.04862416,32.91790472],[132.04862416,32.91790472]],[[132.04490973,32.91791805],[132.04490973,32.91791805]],[[132.04518756,32.9180022],[132.04518756,32.9180022]],[[132.04766639,32.91801167],[132.04766639,32.91801167]],[[132.04424944,32.91894828],[132.04424944,32.91894828]],[[132.04509339,32.91909225],[132.04509339,32.91909225]],[[132.0444555,32.91913828],[132.0444555,32.91913828]],[[132.04461031,32.919338],[132.04461031,32.919338]],[[132.04675725,32.91990949],[132.04675725,32.91990949]],[[132.04659639,32.92019139],[132.04659639,32.92019139]],[[132.04642442,32.92025364],[132.04642442,32.92025364]],[[132.04475306,32.92059695],[132.04475306,32.92059695]],[[132.04497205,32.92067983],[132.04497205,32.92067983]],[[132.04675769,32.92083195],[132.04675769,32.92083195]],[[132.04693112,32.92087487],[132.04693112,32.92087487]],[[132.04524722,32.9209125],[132.04524722,32.9209125]],[[132.04487333,32.92094639],[132.04487333,32.92094639]],[[132.04473306,32.92101944],[132.04473306,32.92101944]],[[132.04557445,32.92184723],[132.04557445,32.92184723]],[[132.0454363,32.92263633],[132.0454363,32.92263633]],[[132.04563575,32.92270833],[132.04563575,32.92270833]],[[132.04718861,32.92296741],[132.04718861,32.92296741]],[[132.04609499,32.92337944],[132.04609499,32.92337944]],[[132.04630861,32.92356528],[132.04630861,32.92356528]],[[132.04656917,32.92356528],[132.04656917,32.92356528]],[[132.04585445,32.92426389],[132.04585445,32.92426389]],[[132.045409,32.92494041],[132.045409,32.92494041]],[[132.04526667,32.92522667],[132.04526667,32.92522667]],[[132.04493944,32.92522111],[132.04493944,32.92522111]],[[132.04488222,32.92544695],[132.04488222,32.92544695]],[[132.04544333,32.92542416],[132.04544333,32.92542416]],[[132.04610805,32.92585195],[132.04610805,32.92585195]],[[132.04307953,32.92655161],[132.04307953,32.92655161]],[[132.04128161,32.9269228],[132.04128161,32.9269228]],[[132.04516686,32.92716692],[132.04516686,32.92716692]],[[132.03907175,32.92731669],[132.03907175,32.92731669]],[[132.04523767,32.9282975],[132.04523767,32.9282975]],[[132.03860445,32.92875861],[132.03860445,32.92875861]],[[132.02407361,32.92882641],[132.02407361,32.92882641]],[[132.04631197,32.92937467],[132.04631197,32.92937467]],[[132.04748949,32.93015536],[132.04748949,32.93015536]],[[132.04718997,32.93013364],[132.04718997,32.93013364]],[[132.02281348,32.93058844],[132.02281348,32.93058844]],[[132.02282306,32.93076889],[132.02282306,32.93076889]],[[132.02301144,32.93081725],[132.02301144,32.93081725]],[[132.0239572,32.93085308],[132.0239572,32.93085308]],[[132.02392445,32.93106953],[132.02392445,32.93106953]],[[132.02305586,32.93113528],[132.02305586,32.93113528]],[[132.02419611,32.93124695],[132.02419611,32.93124695]],[[132.01979499,32.9312525],[132.01979499,32.9312525]],[[132.03905499,32.93135444],[132.03905499,32.93135444]],[[132.02293761,32.93133167],[132.02293761,32.93133167]],[[132.02435066,32.93141853],[132.02435066,32.93141853]],[[132.02214166,32.93150695],[132.02214166,32.93150695]],[[132.02112667,32.93155749],[132.02112667,32.93155749]],[[132.03923195,32.93166277],[132.03923195,32.93166277]],[[132.02148472,32.93180472],[132.02148472,32.93180472]],[[132.03944584,32.93202556],[132.03944584,32.93202556]],[[132.03959842,32.93235711],[132.03959842,32.93235711]],[[132.02396195,32.93292],[132.02396195,32.93292]],[[132.02404861,32.93310028],[132.02404861,32.93310028]],[[132.02427584,32.93320167],[132.02427584,32.93320167]],[[132.02529111,32.93328611],[132.02529111,32.93328611]],[[132.02505722,32.93382667],[132.02505722,32.93382667]],[[132.02517639,32.93388611],[132.02517639,32.93388611]],[[132.02549805,32.93397861],[132.02549805,32.93397861]],[[132.04862445,32.93418223],[132.04862445,32.93418223]],[[132.02577139,32.93428833],[132.02577139,32.93428833]],[[132.04780766,32.93514072],[132.04780766,32.93514072]],[[132.02765205,32.93568983],[132.02765205,32.93568983]],[[132.02796499,32.93585556],[132.02796499,32.93585556]],[[132.02927083,32.93596139],[132.02927083,32.93596139]],[[132.02887484,32.93599108],[132.02887484,32.93599108]],[[132.02957795,32.93622556],[132.02957795,32.93622556]],[[132.03107214,32.93650653],[132.03107214,32.93650653]],[[132.03287667,32.93672195],[132.03287667,32.93672195]],[[132.04784672,32.93680075],[132.04784672,32.93680075]],[[132.02477278,32.93905472],[132.02477278,32.93905472]],[[132.02578389,32.93910972],[132.02578389,32.93910972]],[[132.02960083,32.94043472],[132.02960083,32.94043472]],[[132.02324611,32.94043333],[132.02324611,32.94043333]],[[132.02287406,32.94042836],[132.02287406,32.94042836]],[[132.02302584,32.94036583],[132.02302584,32.94036583]],[[132.02976389,32.94058556],[132.02976389,32.94058556]],[[132.02932603,32.94080069],[132.02932603,32.94080069]],[[132.02959416,32.94078416],[132.02959416,32.94078416]],[[132.04924215,32.9481198],[132.04924215,32.9481198]],[[132.03553222,32.95090416],[132.03553222,32.95090416]],[[132.03096341,32.95092878],[132.03096341,32.95092878]],[[132.04948973,32.95350695],[132.04948973,32.95350695]],[[132.03243306,32.95524083],[132.03243306,32.95524083]],[[132.03095639,32.95522639],[132.03095639,32.95522639]],[[132.03333333,32.95525103],[132.03333333,32.95525103]],[[132.03189416,32.95536275],[132.03189416,32.95536275]],[[132.03113083,32.95547749],[132.03113083,32.95547749]],[[132.03139027,32.95549111],[132.03139027,32.95549111]],[[132.03339472,32.95547749],[132.03339472,32.95547749]],[[132.03347222,32.95592556],[132.03347222,32.95592556]],[[132.03379591,32.95619036],[132.03379591,32.95619036]],[[132.02159614,33.10922672],[132.02159614,33.10922672]],[[132.02239866,33.10946678],[132.02239866,33.10946678]],[[132.02116694,33.10955267],[132.02116694,33.10955267]],[[132.02187642,33.10953728],[132.02187642,33.10953728]],[[132.02145655,33.1096222],[132.02145655,33.1096222]],[[132.02269925,33.10981341],[132.02269925,33.10981341]],[[132.02360119,33.11009411],[132.02360119,33.11009411]],[[132.02360119,33.1101805],[132.02360119,33.1101805]],[[132.02424345,33.11043892],[132.02424345,33.11043892]],[[132.02570969,33.11144623],[132.02570969,33.11144623]],[[132.02673759,33.11259833],[132.02673759,33.11259833]],[[132.02777117,33.11333203],[132.02777117,33.11333203]],[[132.05176447,32.9105178],[132.05176447,32.9105178]],[[132.05078639,32.91070667],[132.05078639,32.91070667]],[[132.05034195,32.91085833],[132.05034195,32.91085833]],[[132.05111333,32.91108416],[132.05111333,32.91108416]],[[132.04992872,32.91160705],[132.04992872,32.91160705]],[[132.05071944,32.91224444],[132.05071944,32.91224444]],[[132.05101224,32.91235813],[132.05101224,32.91235813]],[[132.04991406,32.91275133],[132.04991406,32.91275133]],[[132.05021258,32.91290583],[132.05021258,32.91290583]],[[132.04992365,32.91343389],[132.04992365,32.91343389]],[[132.05047555,32.91337056],[132.05047555,32.91337056]],[[132.04973861,32.91345528],[132.04973861,32.91345528]],[[132.04984691,32.91395833],[132.04984691,32.91395833]],[[132.04992172,32.91394887],[132.04992172,32.91394887]],[[132.05034195,32.91419861],[132.05034195,32.91419861]],[[132.05,32.91416708],[132.05,32.91416708]],[[132.05013917,32.91464389],[132.05013917,32.91464389]],[[132.05067917,32.91516778],[132.05067917,32.91516778]],[[132.05032672,32.91538167],[132.05032672,32.91538167]],[[132.05101319,32.91534836],[132.05101319,32.91534836]],[[132.05021222,32.91555611],[132.05021222,32.91555611]],[[132.05000678,32.91564436],[132.05000678,32.91564436]],[[132.05013888,32.91573639],[132.05013888,32.91573639]],[[132.05034652,32.91575169],[132.05034652,32.91575169]],[[132.05030988,32.91599525],[132.05030988,32.91599525]],[[132.08399528,32.93102239],[132.08399528,32.93102239]],[[132.08229,32.93133333],[132.08229,32.93133333]],[[132.08449939,32.93142686],[132.08449939,32.93142686]],[[132.04984114,32.93154616],[132.04984114,32.93154616]],[[132.07641869,32.93278356],[132.07641869,32.93278356]],[[132.07600372,32.93282553],[132.07600372,32.93282553]],[[132.07616166,32.93291389],[132.07616166,32.93291389]],[[132.07608244,32.9330708],[132.07608244,32.9330708]],[[132.06415156,32.93412172],[132.06415156,32.93412172]],[[132.06465694,32.93445416],[132.06465694,32.93445416]],[[132.0651262,32.93536572],[132.0651262,32.93536572]],[[132.05272964,32.93558753],[132.05272964,32.93558753]],[[132.05333416,32.93562292],[132.05333416,32.93562292]],[[132.05862886,32.93594211],[132.05862886,32.93594211]],[[132.05919611,32.93596861],[132.05919611,32.93596861]],[[132.06934956,32.93619497],[132.06934956,32.93619497]],[[132.0654963,32.93617359],[132.0654963,32.93617359]],[[132.05283708,32.93620023],[132.05283708,32.93620023]],[[132.05256878,32.93618449],[132.05256878,32.93618449]],[[132.05333959,32.93628933],[132.05333959,32.93628933]],[[132.05271581,32.93640295],[132.05271581,32.93640295]],[[132.06787044,32.93667644],[132.06787044,32.93667644]],[[132.05794027,32.93692556],[132.05794027,32.93692556]],[[132.08234306,32.93696],[132.08234306,32.93696]],[[132.05713528,32.93716416],[132.05713528,32.93716416]],[[132.08245528,32.93731611],[132.08245528,32.93731611]],[[132.05379214,32.93781061],[132.05379214,32.93781061]],[[132.08293722,32.93773025],[132.08293722,32.93773025]],[[132.08241639,32.93821611],[132.08241639,32.93821611]],[[132.08285027,32.93844139],[132.08285027,32.93844139]],[[132.08234166,32.93862277],[132.08234166,32.93862277]],[[132.08213584,32.93868916],[132.08213584,32.93868916]],[[132.05482944,32.93951861],[132.05482944,32.93951861]],[[132.05510034,32.93948216],[132.05510034,32.93948216]],[[132.05465642,32.93966578],[132.05465642,32.93966578]],[[132.05500717,32.93972605],[132.05500717,32.93972605]],[[132.05450849,32.93970025],[132.05450849,32.93970025]],[[132.08255639,32.93981583],[132.08255639,32.93981583]],[[132.08222222,32.94045223],[132.08222222,32.94045223]],[[132.08360472,32.94043528],[132.08360472,32.94043528]],[[132.0825383,32.94051431],[132.0825383,32.94051431]],[[132.08219139,32.94064972],[132.08219139,32.94064972]],[[132.08243472,32.94080278],[132.08243472,32.94080278]],[[132.08266445,32.94078083],[132.08266445,32.94078083]],[[132.08351139,32.9417925],[132.08351139,32.9417925]],[[132.08319639,32.94209833],[132.08319639,32.94209833]],[[132.08384499,32.94269944],[132.08384499,32.94269944]],[[132.08324973,32.94293195],[132.08324973,32.94293195]],[[132.08372472,32.94327972],[132.08372472,32.94327972]],[[132.07732555,32.94418222],[132.07732555,32.94418222]],[[132.07930333,32.94429889],[132.07930333,32.94429889]],[[132.07816056,32.94564695],[132.07816056,32.94564695]],[[132.07878917,32.94561139],[132.07878917,32.94561139]],[[132.07868111,32.94593416],[132.07868111,32.94593416]],[[132.07932917,32.94622139],[132.07932917,32.94622139]],[[132.06505027,32.94666611],[132.06505027,32.94666611]],[[132.06482472,32.94662472],[132.06482472,32.94662472]],[[132.06509694,32.94707167],[132.06509694,32.94707167]],[[132.06491778,32.94695722],[132.06491778,32.94695722]],[[132.07264389,32.94765195],[132.07264389,32.94765195]],[[132.07292528,32.94779083],[132.07292528,32.94779083]],[[132.07156278,32.94812305],[132.07156278,32.94812305]],[[132.07090876,32.94914113],[132.07090876,32.94914113]],[[132.07048056,32.94968361],[132.07048056,32.94968361]],[[132.05168639,32.95242222],[132.05168639,32.95242222]],[[132.0757425,32.95801361],[132.0757425,32.95801361]],[[132.07641365,32.95856572],[132.07641365,32.95856572]],[[132.0788075,32.96130056],[132.0788075,32.96130056]],[[132.07932861,32.96321],[132.07932861,32.96321]],[[132.06025472,32.96374695],[132.06025472,32.96374695]],[[132.07985888,32.96386278],[132.07985888,32.96386278]],[[132.06038805,32.9641075],[132.07354995,32.96795863],[132.07450528,32.97773249],[132.0803528,32.97423225],[132.080867,32.95995211],[132.07322056,32.95271944],[132.06038805,32.9641075]],[[132.06889639,32.96550223],[132.06889639,32.96550223]],[[132.06859584,32.96557528],[132.06859584,32.96557528]],[[132.07085525,32.96608886],[132.07085525,32.96608886]],[[132.07918805,32.96621222],[132.07918805,32.96621222]],[[132.07925472,32.96680583],[132.07925472,32.96680583]],[[132.07074126,32.96666667],[132.07074126,32.96666667]],[[132.07890722,32.96692416],[132.07890722,32.96692416]],[[132.07875438,32.96693272],[132.07875438,32.96693272]],[[132.07916112,32.96702861],[132.07916112,32.96702861]],[[132.1011875,32.96824611],[132.1011875,32.96824611]],[[132.07170074,32.96810018],[132.07170074,32.96810018]],[[132.07195865,32.96860161],[132.07195865,32.96860161]],[[132.07956,32.96922389],[132.07956,32.96922389]],[[132.08045222,32.96975944],[132.08045222,32.96975944]],[[132.08215044,32.97034533],[132.08215044,32.97034533]],[[132.08162528,32.97053472],[132.08162528,32.97053472]],[[132.10134778,32.97029639],[132.10134778,32.97029639]],[[132.08226667,32.9705775],[132.08226667,32.9705775]],[[132.08152499,32.97093444],[132.08152499,32.97093444]],[[132.08124445,32.97095695],[132.08124445,32.97095695]],[[132.09913694,32.97115249],[132.09913694,32.97115249]],[[132.09892973,32.97122889],[132.09892973,32.97122889]],[[132.09896973,32.97140249],[132.09896973,32.97140249]],[[132.08020798,32.97352564],[132.08020798,32.97352564]],[[132.07853278,32.97471916],[132.07853278,32.97471916]],[[132.07686306,32.97533889],[132.07686306,32.97533889]],[[132.0771992,32.9753532],[132.0771992,32.9753532]],[[132.07588778,32.97635833],[132.07588778,32.97635833]],[[132.07584166,32.97644083],[132.07584166,32.97644083]],[[132.075,32.97770997],[132.075,32.97770997]],[[132.075,32.97787472],[132.075,32.97787472]],[[132.07515086,32.97794789],[132.07515086,32.97794789]],[[132.07461973,32.97864333],[132.07461973,32.97864333]],[[132.07482584,32.97874056],[132.07482584,32.97874056]],[[132.07071166,32.98001916],[132.07071166,32.98001916]],[[132.07011056,32.98222695],[132.07011056,32.98222695]],[[132.06999694,32.98261556],[132.06999694,32.98261556]],[[132.06999195,32.98281028],[132.06999195,32.98281028]],[[132.0694025,32.98298723],[132.0694025,32.98298723]],[[132.07061917,32.98312111],[132.07061917,32.98312111]],[[132.06960944,32.98391639],[132.06960944,32.98391639]],[[132.06604944,32.98432777],[132.06604944,32.98432777]],[[132.06601611,32.98402361],[132.07049222,32.98508111],[132.06601611,32.98402361]],[[132.06785278,32.98513305],[132.06785278,32.98513305]],[[132.07009833,32.98594889],[132.07009833,32.98594889]],[[132.17723911,33.04280683],[132.17723911,33.04280683]],[[132.17709722,33.04431222],[132.17709722,33.04431222]],[[132.17719555,33.04414111],[132.17719555,33.04414111]],[[132.177322,33.0444468],[132.177322,33.0444468]],[[132.17716662,33.04441603],[132.17716662,33.04441603]]]}}]}