{"type":"FeatureCollection","name":"岩手県","features":[{"type":"Feature","properties":{"name":"岩手県"},"geometry":{"type":"MultiLineString","coordinates":[[[141.71211827,38.93620289],[141.71211827,38.93620289]],[[141.71228864,38.93641737],[141.71228864,38.93641737]],[[141.7122175,38.9367377],[141.7122175,38.9367377]],[[141.70997555,38.93764587],[141.70997555,38.93764587]],[[141.70895118,38.93790012],[141.70895118,38.93790012]],[[141.70844673,38.93824388],[141.70844673,38.93824388]],[[141.71041118,38.93864515],[141.71041118,38.93864515]],[[141.70474978,38.93839704],[141.70474978,38.93839704]],[[141.71288886,38.93849696],[141.71288886,38.93849696]],[[141.71166904,38.93844823],[141.71166904,38.93844823]],[[141.71230664,38.93866062],[141.71230664,38.93866062]],[[141.7126009,38.9386139],[141.7126009,38.9386139]],[[141.7125506,38.93873491],[141.7125506,38.93873491]],[[141.71261527,38.93882514],[141.71261527,38.93882514]],[[141.69927134,38.93886878],[141.69927134,38.93886878]],[[141.71141262,38.93894445],[141.71141262,38.93894445]],[[141.71007604,38.93894099],[141.71007604,38.93894099]],[[141.70855951,38.9395454],[141.70855951,38.9395454]],[[141.7102061,38.94023768],[141.7102061,38.94023768]],[[141.71067857,38.94006964],[141.71067857,38.94006964]],[[141.70032796,38.94028293],[141.70032796,38.94028293]],[[141.71002826,38.94066206],[141.71002826,38.94066206]],[[141.71063821,38.94087468],[141.71063821,38.94087468]],[[141.71037947,38.94137975],[141.71037947,38.94137975]],[[141.70731676,38.94140722],[141.70731676,38.94140722]],[[141.70108471,38.94143175],[141.70108471,38.94143175]],[[141.69750232,38.94155462],[141.69750232,38.94155462]],[[141.69805449,38.941609],[141.69805449,38.941609]],[[141.70886817,38.9439433],[141.70886817,38.9439433]],[[141.71032611,38.94505427],[141.71032611,38.94505427]],[[141.71215263,38.9454425],[141.71215263,38.9454425]],[[141.692447,38.94567262],[141.692447,38.94567262]],[[141.69142088,38.94578783],[141.69142088,38.94578783]],[[141.69284642,38.94590607],[141.69284642,38.94590607]],[[141.69302415,38.94597881],[141.69302415,38.94597881]],[[141.69284629,38.94600985],[141.69284629,38.94600985]],[[141.69321117,38.94614292],[141.69321117,38.94614292]],[[141.6912637,38.94647138],[141.6912637,38.94647138]],[[141.69311442,38.94646109],[141.69311442,38.94646109]],[[141.6915082,38.94643742],[141.6915082,38.94643742]],[[141.69343875,38.94645699],[141.69343875,38.94645699]],[[141.69043636,38.94650123],[141.69043636,38.94650123]],[[141.69693795,38.94660682],[141.69693795,38.94660682]],[[141.68905708,38.94677801],[141.68905708,38.94677801]],[[141.68951651,38.94696535],[141.68951651,38.94696535]],[[141.68902851,38.94693452],[141.68902851,38.94693452]],[[141.68912428,38.94724317],[141.68912428,38.94724317]],[[141.68881865,38.94871813],[141.68881865,38.94871813]],[[141.6887352,38.94899269],[141.6887352,38.94899269]],[[141.68876397,38.94902472],[141.68876397,38.94902472]],[[141.68886707,38.94931026],[141.68886707,38.94931026]],[[141.68850017,38.94931592],[141.68850017,38.94931592]],[[141.688576,38.94939635],[141.688576,38.94939635]],[[141.68698708,38.95004092],[141.68698708,38.95004092]],[[141.68508333,38.95122695],[141.68508333,38.95122695]],[[141.68486448,38.95163897],[141.68486448,38.95163897]],[[141.68866431,38.95059987],[141.68866431,38.95059987]],[[141.12548511,38.8166348],[141.12373514,38.82546344],[141.10494903,38.82268784],[141.10326737,38.83281589],[141.10608012,38.83791753],[141.12533633,38.8368612],[141.1465238,38.85593789],[141.1398308,38.87750464],[141.10739842,38.87751836],[141.09334942,38.88786103],[141.07477214,38.87946597],[141.05192558,38.88326761],[141.03726117,38.87668531],[141.02069973,38.88639659],[140.98981311,38.87431751],[140.97061995,38.88801431],[140.95786319,38.90813103],[140.92653542,38.92141095],[140.92216131,38.91434239],[140.91456864,38.91682659],[140.91037419,38.92744436],[140.88153267,38.92790339],[140.82445591,38.96408095],[140.77359017,38.95808447],[140.76403289,39.00019205],[140.77868825,39.00814472],[140.79528694,39.02942905],[140.79355891,39.04186131],[140.81025047,39.05740897],[140.79953167,39.0609735],[140.80238691,39.07789489],[140.75270044,39.08619633],[140.76324681,39.10885822],[140.75595547,39.11830189],[140.76998075,39.12416486],[140.74894148,39.1381222],[140.77413105,39.16785323],[140.7837428,39.16541264],[140.80819572,39.18041728],[140.79739272,39.1899562],[140.76484905,39.19776047],[140.76305042,39.21322687],[140.77022698,39.22340764],[140.78762425,39.22678505],[140.78866239,39.23842867],[140.75134944,39.26280723],[140.71782872,39.27260884],[140.71732747,39.29650808],[140.69358589,39.29959297],[140.69404416,39.3197642],[140.70820183,39.33445944],[140.70323611,39.34358564],[140.68845289,39.34752467],[140.69273051,39.35859664],[140.67563969,39.36834153],[140.6789728,39.38318186],[140.65312481,39.39099844],[140.66370966,39.40366984],[140.65838089,39.41509492],[140.67967008,39.41706761],[140.68512497,39.42466541],[140.68559506,39.43726297],[140.67679547,39.44779167],[140.68190092,39.45722333],[140.72440455,39.48053436],[140.71357472,39.49885359],[140.72396639,39.50441884],[140.72468102,39.51859411],[140.73783886,39.52239764],[140.74135936,39.53618567],[140.7397082,39.54659764],[140.7274792,39.55595411],[140.72961942,39.565128],[140.75429672,39.5707195],[140.7638635,39.58756723],[140.78066186,39.590326],[140.78219586,39.6039688],[140.79754092,39.60408923],[140.80710525,39.63219675],[140.82230414,39.64995336],[140.82257581,39.68817475],[140.81135027,39.69553797],[140.80990361,39.70802253],[140.79446058,39.709596],[140.77482248,39.73455272],[140.8037273,39.74475213],[140.80533036,39.75664528],[140.84827056,39.79325139],[140.8416473,39.80492089],[140.82131944,39.81542303],[140.78664895,39.82339939],[140.78909586,39.85018353],[140.78221163,39.86770636],[140.79922737,39.88163628],[140.81565034,39.87935144],[140.82581737,39.88623805],[140.83248694,39.87514461],[140.85319914,39.86574189],[140.87935209,39.87822613],[140.86805425,39.91166092],[140.85469494,39.92328913],[140.85735345,39.95286317],[140.84806419,39.9583588],[140.84531272,39.97495911],[140.84899864,40.00806828],[140.85586192,40.01570547],[140.8504007,40.03142578],[140.85544139,40.04634331],[140.84447781,40.07459095],[140.87533586,40.09456569],[140.88102684,40.11372631],[140.87120322,40.11595164],[140.86698895,40.13236784],[140.88360683,40.15731705],[140.8687915,40.15951631],[140.85918997,40.17142589],[140.89269365,40.19245808],[140.88952523,40.20053564],[140.90548083,40.22213767],[140.94095992,40.22689836],[140.94494808,40.24637539],[140.96536808,40.2397178],[140.96858844,40.22639633],[140.97948681,40.21974436],[141.01584361,40.21804428],[141.07640586,40.25263836],[141.10417092,40.25581253],[141.1100545,40.26105172],[141.09984903,40.28095769],[141.13837341,40.30049656],[141.21848564,40.3152212],[141.22616051,40.32783375],[141.26013036,40.34187239],[141.26242944,40.34947547],[141.27953311,40.34475072],[141.2923183,40.35166825],[141.29349014,40.36323133],[141.31600306,40.37262195],[141.33633808,40.36019669],[141.33400462,40.34560105],[141.35099664,40.33107297],[141.38157503,40.34214008],[141.39725361,40.36724869],[141.40712645,40.35712478],[141.4272891,40.36180961],[141.44172031,40.37605647],[141.47998387,40.37635944],[141.51817239,40.35183605],[141.539031,40.34797261],[141.58560947,40.37833997],[141.58123988,40.39842628],[141.58692175,40.40696078],[141.65495525,40.42858811],[141.68259083,40.4502556],[141.70536757,40.42208965],[141.71467983,40.42057902],[141.72894457,40.38901466],[141.75423283,40.36917234],[141.75490986,40.35494809],[141.76912473,40.34936114],[141.76397189,40.34775519],[141.77266348,40.34257174],[141.77426979,40.32135658],[141.78576754,40.31428432],[141.82503878,40.25214749],[141.83537585,40.21724677],[141.81957258,40.22141545],[141.81257437,40.21223903],[141.80710236,40.21517657],[141.79865817,40.20139152],[141.81270235,40.18933786],[141.80653857,40.19753512],[141.80242724,40.18923358],[141.79571104,40.19515478],[141.79402861,40.19072095],[141.85291713,40.16846375],[141.87665935,40.1437866],[141.86559302,40.13248572],[141.84587569,40.13345213],[141.82879891,40.11318089],[141.82563694,40.10133359],[141.83315567,40.07478762],[141.85152587,40.05536037],[141.8782103,40.04758744],[141.9051035,40.01057097],[141.93531532,40.00968901],[141.95597288,39.98373262],[141.96130111,39.94577692],[141.94307471,39.94369176],[141.93973248,39.9196042],[141.955211,39.89110739],[141.97116611,39.88463047],[141.977129,39.87164061],[141.97841322,39.85155631],[141.9727828,39.85145513],[141.98125036,39.83999613],[141.9784383,39.82937672],[141.98621725,39.830154],[141.99139377,39.82046087],[141.98368969,39.81407953],[141.98864767,39.7976992],[141.98350959,39.78889852],[142.00436388,39.77582762],[141.98973665,39.76708653],[141.98853891,39.75801422],[142.00415594,39.75159895],[141.98912892,39.74607626],[141.98536462,39.73457286],[141.97093951,39.73099389],[141.98803156,39.72326405],[141.9823338,39.71757903],[141.98677448,39.70990536],[141.9757707,39.70643387],[141.9670306,39.6904646],[141.98635834,39.68526056],[141.96978288,39.65292534],[141.98334197,39.64704764],[141.96937202,39.64656903],[141.97389103,39.63785565],[141.96375511,39.637259],[141.97707198,39.62867976],[141.96578827,39.63528911],[141.97153681,39.62591492],[141.9678746,39.61846852],[141.96397476,39.62395231],[141.9636193,39.61114531],[141.94518407,39.59590949],[141.94807276,39.5876639],[141.95901958,39.58642],[142.01598542,39.65512136],[142.02447514,39.65626813],[142.02877647,39.63679317],[142.02311117,39.63616959],[142.02825458,39.6313095],[142.02245279,39.62966206],[142.02241022,39.61586572],[142.03452061,39.60969017],[142.02575007,39.60713571],[142.03416859,39.59808172],[142.02737817,39.57506511],[142.05741683,39.57443523],[142.05693008,39.56136647],[142.06778778,39.56246522],[142.07248095,39.54796244],[142.06552389,39.53358611],[142.05164782,39.53268951],[142.06230722,39.52600789],[142.05816141,39.52257125],[142.04482403,39.53136595],[142.03344054,39.52936179],[142.02608283,39.50513131],[142.01061467,39.50084856],[142.01107406,39.4766805],[141.97362669,39.48244705],[141.95583643,39.47501417],[141.95374166,39.4666302],[141.96190575,39.45953128],[141.95719744,39.45687522],[141.98002519,39.43867525],[141.99510036,39.45232664],[142.00482431,39.4452292],[142.00176639,39.45496384],[142.00890178,39.46488122],[142.03572995,39.48345922],[142.05066939,39.48472875],[142.05252564,39.47464222],[142.06152294,39.47144184],[142.0492245,39.45075017],[142.03833406,39.44649033],[142.04464339,39.42605747],[142.03593886,39.41837675],[142.02553445,39.41602972],[142.01084843,39.42645064],[142.00536536,39.41044233],[141.98363978,39.40838244],[141.98235262,39.42598566],[141.97426725,39.42633187],[141.93788367,39.38445365],[141.94838966,39.37043631],[141.96651078,39.37785384],[141.95742372,39.3559778],[141.93141591,39.34754977],[141.91596741,39.3560648],[141.9153009,39.34559987],[141.89721211,39.33741018],[141.90258241,39.32708601],[141.91460951,39.32396239],[141.92348805,39.33290922],[141.94447457,39.3296126],[141.95588019,39.34046122],[141.97548903,39.33722872],[141.99697652,39.35069572],[141.98040241,39.33652717],[141.97028447,39.31299286],[141.94554798,39.3159556],[141.93655458,39.30807692],[141.9216645,39.30989578],[141.91783708,39.30298303],[141.90609889,39.30947395],[141.88719294,39.30319898],[141.92567475,39.28555753],[141.92125071,39.27924841],[141.92960615,39.27046946],[141.92267178,39.26529896],[141.88857783,39.27366277],[141.89315341,39.27059997],[141.88680189,39.26861],[141.89760406,39.26629997],[141.90307802,39.25669185],[141.88993861,39.2476827],[141.91353017,39.24834284],[141.91342357,39.24051762],[141.92215612,39.23771437],[141.93848228,39.24843851],[141.97130075,39.24766789],[141.94430624,39.24187263],[141.95530981,39.22446933],[141.94761737,39.21698459],[141.92463525,39.22270664],[141.92762558,39.21552547],[141.90451494,39.20505841],[141.88738756,39.20901965],[141.89368101,39.20417297],[141.88979148,39.19760028],[141.86682444,39.20634979],[141.86401988,39.2019344],[141.87278534,39.19776831],[141.86646348,39.19170816],[141.8807576,39.1910523],[141.89092289,39.1811216],[141.92012746,39.18586582],[141.92221973,39.17797388],[141.88733554,39.1557451],[141.84999799,39.15702304],[141.83600997,39.1469345],[141.87265328,39.13055495],[141.87414454,39.11533047],[141.90039337,39.12007447],[141.92096769,39.10447443],[141.89226062,39.09633689],[141.88078484,39.083966],[141.87785879,39.09305874],[141.86222527,39.09635901],[141.86045615,39.10382826],[141.8335945,39.10430596],[141.8120937,39.11350055],[141.8093542,39.10247206],[141.81583837,39.09464196],[141.80878096,39.09009441],[141.82428673,39.08620469],[141.82174344,39.07644539],[141.87047984,39.07198368],[141.87587084,39.06487449],[141.86363261,39.05909953],[141.81445982,39.05862567],[141.81764667,39.04941215],[141.84710763,39.03852369],[141.85286739,39.02880928],[141.80016635,39.02424245],[141.79430468,39.03004497],[141.79622449,39.04324986],[141.78228598,39.02730529],[141.76874725,39.03461458],[141.75877758,39.0175892],[141.74511703,39.0248942],[141.7333885,39.02165237],[141.72788869,39.02842583],[141.7384765,39.03072506],[141.73076671,39.03321473],[141.73778175,39.036087],[141.73356909,39.0454291],[141.74105802,39.05201309],[141.7341173,39.05105528],[141.73873891,39.06360691],[141.7296869,39.07092332],[141.72196737,39.06573712],[141.72490144,39.04073161],[141.70950005,39.02428705],[141.71572128,39.01526472],[141.7316803,39.01529345],[141.74422849,38.99019519],[141.72283188,38.98791691],[141.72077027,38.99665386],[141.71144206,38.99670363],[141.71766237,38.9821663],[141.71002585,38.98488871],[141.69650789,38.96962978],[141.70225848,38.96445254],[141.71817601,38.96724799],[141.72841092,38.95226936],[141.71230143,38.95085873],[141.71590892,38.94748854],[141.70427423,38.9450559],[141.7038801,38.93825957],[141.6887556,38.94751342],[141.68888738,38.96461431],[141.66803774,38.97631392],[141.6677628,38.98900387],[141.6827324,38.99654908],[141.67005721,39.00513042],[141.62764856,39.00274063],[141.62910959,38.99429758],[141.62209662,38.99391405],[141.62985496,38.99358587],[141.62481192,38.98564308],[141.63406192,38.97226225],[141.62920914,38.97024764],[141.60181567,38.98615167],[141.57453837,38.98729253],[141.56712961,38.9959605],[141.52313423,38.99134589],[141.51787847,39.00165797],[141.49045392,38.99794447],[141.48353397,38.97816669],[141.49396339,38.95534975],[141.48557234,38.93572839],[141.49186141,38.91281403],[141.45110756,38.87631714],[141.45266942,38.86255233],[141.46616633,38.85667605],[141.44983486,38.8373898],[141.4586725,38.8139602],[141.42941508,38.81060108],[141.43634489,38.805606],[141.43253241,38.7915852],[141.43979503,38.78561869],[141.42169577,38.77982864],[141.42305633,38.77183947],[141.41402256,38.76803903],[141.41486399,38.78620208],[141.39685861,38.79010592],[141.39381267,38.79983987],[141.37918345,38.79609113],[141.37132092,38.80747484],[141.3527235,38.81252117],[141.33429895,38.80697084],[141.31617992,38.82322741],[141.30672722,38.81932641],[141.30454975,38.79346036],[141.272482,38.7969652],[141.25806433,38.77619069],[141.25680856,38.76093853],[141.22884436,38.75256775],[141.23687878,38.75201823],[141.23371222,38.74780917],[141.21583861,38.74847056],[141.19560025,38.77681084],[141.18065375,38.78453653],[141.16764603,38.77725305],[141.14014905,38.78864196],[141.14239606,38.81212214],[141.12548511,38.8166348]],[[141.88915945,39.27314252],[141.88915945,39.27314252]],[[142.00131685,39.44759474],[142.00131685,39.44759474]],[[141.68732161,38.95602706],[141.68732161,38.95602706]],[[141.68571741,38.9561796],[141.68571741,38.9561796]],[[141.68712827,38.95614523],[141.68712827,38.95614523]],[[141.6869042,38.95634613],[141.6869042,38.95634613]],[[141.68714629,38.95675209],[141.68714629,38.95675209]],[[141.68650084,38.95703869],[141.68650084,38.95703869]],[[141.6883062,38.95914536],[141.6883062,38.95914536]],[[141.68819121,38.95952285],[141.68819121,38.95952285]],[[141.68652652,38.96029606],[141.68652652,38.96029606]],[[141.68671276,38.96040299],[141.68671276,38.96040299]],[[141.6865029,38.96056749],[141.6865029,38.96056749]],[[141.68543498,38.96574598],[141.68543498,38.96574598]],[[141.69973145,38.96641311],[141.69973145,38.96641311]],[[141.68476564,38.96650137],[141.68476564,38.96650137]],[[141.710621,38.96728962],[141.710621,38.96728962]],[[141.71414032,38.96742311],[141.71414032,38.96742311]],[[141.70768855,38.96751874],[141.70768855,38.96751874]],[[141.71112402,38.96758023],[141.71112402,38.96758023]],[[141.71161259,38.96762656],[141.71161259,38.96762656]],[[141.71013409,38.9676211],[141.71013409,38.9676211]],[[141.70770536,38.96775013],[141.70770536,38.96775013]],[[141.70778873,38.96786706],[141.70778873,38.96786706]],[[141.71423817,38.96785081],[141.71423817,38.96785081]],[[141.71221204,38.96804427],[141.71221204,38.96804427]],[[141.71193804,38.96812444],[141.71193804,38.96812444]],[[141.7142222,38.96822073],[141.7142222,38.96822073]],[[141.71287649,38.96823141],[141.71287649,38.96823141]],[[141.71293885,38.96843166],[141.71293885,38.96843166]],[[141.71335282,38.96841584],[141.71335282,38.96841584]],[[141.71393151,38.96853587],[141.71393151,38.96853587]],[[141.67771022,38.96856441],[141.67771022,38.96856441]],[[141.71367213,38.96870602],[141.71367213,38.96870602]],[[141.71298288,38.96872635],[141.71298288,38.96872635]],[[141.63408672,38.9719238],[141.63408672,38.9719238]],[[141.63424659,38.97194695],[141.63424659,38.97194695]],[[141.69829196,38.9719658],[141.69829196,38.9719658]],[[141.69804652,38.97203348],[141.69804652,38.97203348]],[[141.63421163,38.97202969],[141.63421163,38.97202969]],[[141.67299824,38.97261926],[141.67299824,38.97261926]],[[141.63348075,38.97286764],[141.63348075,38.97286764]],[[141.69767917,38.97335044],[141.69767917,38.97335044]],[[141.63346436,38.97383175],[141.63346436,38.97383175]],[[141.69873588,38.97438976],[141.69873588,38.97438976]],[[141.69841614,38.97444122],[141.69841614,38.97444122]],[[141.63292686,38.97450305],[141.63292686,38.97450305]],[[141.63297625,38.97443084],[141.63297625,38.97443084]],[[141.7,38.97476284],[141.7,38.97476284]],[[141.66853833,38.97474736],[141.66853833,38.97474736]],[[141.69873159,38.97489174],[141.69873159,38.97489174]],[[141.6687623,38.97494034],[141.6687623,38.97494034]],[[141.632503,38.97507989],[141.632503,38.97507989]],[[141.63223361,38.97501705],[141.63223361,38.97501705]],[[141.6319492,38.97520595],[141.6319492,38.97520595]],[[141.63254698,38.97540831],[141.63254698,38.97540831]],[[141.66866739,38.97540839],[141.66866739,38.97540839]],[[141.63281652,38.97553889],[141.63281652,38.97553889]],[[141.71382314,38.97609354],[141.71382314,38.97609354]],[[141.71370766,38.97666627],[141.71370766,38.97666627]],[[141.70400735,38.97675455],[141.70400735,38.97675455]],[[141.62908153,38.97708164],[141.62908153,38.97708164]],[[141.70833676,38.97707827],[141.70833676,38.97707827]],[[141.70815964,38.97717517],[141.70815964,38.97717517]],[[141.70412822,38.97719173],[141.70412822,38.97719173]],[[141.70910668,38.97733311],[141.70910668,38.97733311]],[[141.70393897,38.97734376],[141.70393897,38.97734376]],[[141.70932903,38.97745089],[141.70932903,38.97745089]],[[141.70884729,38.97753377],[141.70884729,38.97753377]],[[141.70857076,38.97759053],[141.70857076,38.97759053]],[[141.62848039,38.97764066],[141.62848039,38.97764066]],[[141.7091518,38.97774481],[141.7091518,38.97774481]],[[141.66876664,38.97778465],[141.66876664,38.97778465]],[[141.62835752,38.97777887],[141.62835752,38.97777887]],[[141.62846353,38.97788805],[141.62846353,38.97788805]],[[141.7082944,38.97814654],[141.7082944,38.97814654]],[[141.62805498,38.97804371],[141.62805498,38.97804371]],[[141.70418974,38.97811454],[141.70418974,38.97811454]],[[141.70644655,38.97814768],[141.70644655,38.97814768]],[[141.7077611,38.97833638],[141.7077611,38.97833638]],[[141.70897846,38.9783259],[141.70897846,38.9783259]],[[141.70946132,38.97846596],[141.70946132,38.97846596]],[[141.62798016,38.97865923],[141.62798016,38.97865923]],[[141.62813292,38.97918267],[141.62813292,38.97918267]],[[141.70897544,38.9793274],[141.70897544,38.9793274]],[[141.70906284,38.97943322],[141.70906284,38.97943322]],[[141.7088169,38.97948984],[141.7088169,38.97948984]],[[141.70889525,38.97966689],[141.70889525,38.97966689]],[[141.70870664,38.9799364],[141.70870664,38.9799364]],[[141.62915224,38.9799645],[141.62915224,38.9799645]],[[141.62926991,38.97999091],[141.62926991,38.97999091]],[[141.62915283,38.98000784],[141.62915283,38.98000784]],[[141.62909834,38.98006748],[141.62909834,38.98006748]],[[141.62738886,38.98084719],[141.62738886,38.98084719]],[[141.70976533,38.98085398],[141.70976533,38.98085398]],[[141.70988536,38.98087218],[141.70988536,38.98087218]],[[141.62738243,38.98099353],[141.62738243,38.98099353]],[[141.70951992,38.98115068],[141.70951992,38.98115068]],[[141.70932217,38.98119323],[141.70932217,38.98119323]],[[141.70968656,38.98121437],[141.70968656,38.98121437]],[[141.66598698,38.98142214],[141.66598698,38.98142214]],[[141.66610083,38.98154439],[141.66610083,38.98154439]],[[141.62542689,38.98231729],[141.62542689,38.98231729]],[[141.62664769,38.98378747],[141.62664769,38.98378747]],[[141.71433586,38.98584988],[141.71433586,38.98584988]],[[141.71425108,38.98587331],[141.71425108,38.98587331]],[[141.71411117,38.98617913],[141.71411117,38.98617913]],[[141.71442463,38.98614866],[141.71442463,38.98614866]],[[141.62930477,38.98617519],[141.62930477,38.98617519]],[[141.7141555,38.98647823],[141.7141555,38.98647823]],[[141.6290269,38.98689361],[141.6290269,38.98689361]],[[141.71383515,38.98734933],[141.71383515,38.98734933]],[[141.71431257,38.98748095],[141.71431257,38.98748095]],[[141.62771226,38.98799305],[141.62771226,38.98799305]],[[141.62888838,38.98809935],[141.62888838,38.98809935]],[[141.62854456,38.98876346],[141.62854456,38.98876346]],[[141.62824113,38.98886868],[141.62824113,38.98886868]],[[141.62846899,38.98943601],[141.62846899,38.98943601]],[[141.62915895,38.98952257],[141.62915895,38.98952257]],[[141.71403161,38.98980005],[141.71403161,38.98980005]],[[141.71424169,38.98985521],[141.71424169,38.98985521]],[[141.71433817,38.98992871],[141.71433817,38.98992871]],[[141.71417638,38.9900901],[141.71417638,38.9900901]],[[141.62904192,38.99012098],[141.62904192,38.99012098]],[[141.71406397,38.9901386],[141.71406397,38.9901386]],[[141.71411058,38.99037842],[141.71411058,38.99037842]],[[141.71367768,38.99072022],[141.71367768,38.99072022]],[[141.62875874,38.99075892],[141.62875874,38.99075892]],[[141.62957151,38.99173737],[141.62957151,38.99173737]],[[141.63011394,38.99178051],[141.63011394,38.99178051]],[[141.62964996,38.99183701],[141.62964996,38.99183701]],[[141.62981671,38.99201748],[141.62981671,38.99201748]],[[141.62963691,38.99205348],[141.62963691,38.99205348]],[[141.62993188,38.99204561],[141.62993188,38.99204561]],[[141.62969108,38.99207608],[141.62969108,38.99207608]],[[141.62889405,38.99215269],[141.62889405,38.99215269]],[[141.62970462,38.99227462],[141.62970462,38.99227462]],[[141.6299091,38.99218729],[141.6299091,38.99218729]],[[141.71344183,38.99259242],[141.71344183,38.99259242]],[[141.67603685,38.99394519],[141.67603685,38.99394519]],[[141.71271186,38.99700693],[141.71271186,38.99700693]],[[141.66492326,39.00372939],[141.66492326,39.00372939]],[[141.64605357,39.0043562],[141.64605357,39.0043562]],[[141.71080578,39.02580325],[141.71080578,39.02580325]],[[141.71090914,39.02594346],[141.71090914,39.02594346]],[[141.71126319,39.02608943],[141.71126319,39.02608943]],[[141.71118434,39.02611084],[141.71118434,39.02611084]],[[141.71167249,39.02678009],[141.71167249,39.02678009]],[[141.71234411,39.02713878],[141.71234411,39.02713878]],[[141.71424519,39.0281786],[141.71424519,39.0281786]],[[141.71410798,40.42158379],[141.71410798,40.42158379]],[[141.71388729,40.42199328],[141.71388729,40.42199328]],[[141.71331795,40.42283087],[141.71331795,40.42283087]],[[141.70296933,40.43152052],[141.70296933,40.43152052]],[[141.70263962,40.43166269],[141.70263962,40.43166269]],[[141.70281462,40.43170659],[141.70281462,40.43170659]],[[141.70286274,40.43186509],[141.70286274,40.43186509]],[[141.70236529,40.43159279],[141.70236529,40.43159279]],[[141.7029679,40.43199534],[141.7029679,40.43199534]],[[141.70290728,40.43213792],[141.70290728,40.43213792]],[[141.70184926,40.43219414],[141.70184926,40.43219414]],[[141.70266859,40.43220005],[141.70266859,40.43220005]],[[141.70247581,40.43242396],[141.70247581,40.43242396]],[[141.7019097,40.43246749],[141.7019097,40.43246749]],[[141.70162721,40.43263451],[141.70162721,40.43263451]],[[141.7014062,40.43267796],[141.7014062,40.43267796]],[[141.70280741,40.43266554],[141.70280741,40.43266554]],[[141.7027565,40.43273041],[141.7027565,40.43273041]],[[141.70167188,40.43286284],[141.70167188,40.43286284]],[[141.70223719,40.43292173],[141.70223719,40.43292173]],[[141.70225091,40.4329807],[141.70225091,40.4329807]],[[141.70154983,40.43297804],[141.70154983,40.43297804]],[[141.70158115,40.43322314],[141.70158115,40.43322314]],[[141.70141004,40.433618],[141.70141004,40.433618]],[[141.70138091,40.43369045],[141.70138091,40.43369045]],[[141.70172807,40.43386824],[141.70172807,40.43386824]],[[141.70188457,40.43394011],[141.70188457,40.43394011]],[[141.69657907,40.43463136],[141.69657907,40.43463136]],[[141.69628482,40.43489492],[141.69628482,40.43489492]],[[141.69618646,40.4350927],[141.69618646,40.4350927]],[[141.69633786,40.43515228],[141.69633786,40.43515228]],[[141.69580047,40.43531561],[141.69580047,40.43531561]],[[141.69616401,40.43535523],[141.69616401,40.43535523]],[[141.68975178,40.44309541],[141.68975178,40.44309541]],[[141.68950668,40.44405982],[141.68950668,40.44405982]],[[141.68739804,40.445561],[141.68739804,40.445561]],[[141.68735418,40.44572686],[141.68735418,40.44572686]],[[141.68729827,40.44576249],[141.68729827,40.44576249]],[[141.6869513,40.44590807],[141.6869513,40.44590807]],[[141.68700786,40.44583146],[141.68700786,40.44583146]],[[141.6868061,40.44599452],[141.6868061,40.44599452]],[[141.68701161,40.44611837],[141.68701161,40.44611837]],[[141.68652532,40.44647149],[141.68652532,40.44647149]],[[141.68608357,40.44756],[141.68608357,40.44756]],[[141.68583022,40.44759673],[141.68583022,40.44759673]],[[141.68602442,40.44759997],[141.68602442,40.44759997]],[[141.68588646,40.44772798],[141.68588646,40.44772798]],[[141.68562554,40.44778133],[141.68562554,40.44778133]],[[141.68552556,40.44787403],[141.68552556,40.44787403]],[[141.68530069,40.44787829],[141.68530069,40.44787829]],[[141.68534665,40.44790614],[141.68534665,40.44790614]],[[141.68561077,40.44801173],[141.68561077,40.44801173]],[[141.68511706,40.44813335],[141.68511706,40.44813335]],[[141.71756253,38.93420053],[141.71756253,38.93420053]],[[141.71836745,38.93458685],[141.71836745,38.93458685]],[[141.71885965,38.93461752],[141.71885965,38.93461752]],[[141.71819209,38.9352421],[141.71819209,38.9352421]],[[141.71662958,38.93528205],[141.71662958,38.93528205]],[[141.7186068,38.93533922],[141.7186068,38.93533922]],[[141.7161656,38.93541492],[141.7161656,38.93541492]],[[141.71628541,38.93547752],[141.71628541,38.93547752]],[[141.71818054,38.93561262],[141.71818054,38.93561262]],[[141.71636921,38.93551004],[141.71636921,38.93551004]],[[141.71747689,38.93600676],[141.71747689,38.93600676]],[[141.71769022,38.93629999],[141.71769022,38.93629999]],[[141.71672034,38.93642337],[141.71672034,38.93642337]],[[141.71815314,38.93648927],[141.71815314,38.93648927]],[[141.71660755,38.93648088],[141.71660755,38.93648088]],[[141.71933879,38.93663116],[141.71933879,38.93663116]],[[141.71852365,38.93652735],[141.71852365,38.93652735]],[[141.71734151,38.93679855],[141.71734151,38.93679855]],[[141.71860332,38.93685051],[141.71860332,38.93685051]],[[141.71826515,38.93695415],[141.71826515,38.93695415]],[[141.71448328,38.93814162],[141.71448328,38.93814162]],[[141.71648388,38.93836677],[141.71648388,38.93836677]],[[141.7167387,38.93901949],[141.7167387,38.93901949]],[[141.71662074,38.93945026],[141.71662074,38.93945026]],[[141.71483248,38.94799043],[141.71483248,38.94799043]],[[141.71480565,38.94811658],[141.71480565,38.94811658]],[[141.72331437,38.94994532],[141.72331437,38.94994532]],[[141.72364258,38.95002786],[141.72364258,38.95002786]],[[141.72346882,38.95033105],[141.72346882,38.95033105]],[[141.72326933,38.95044797],[141.72326933,38.95044797]],[[141.72200824,38.95070586],[141.72200824,38.95070586]],[[141.71834613,38.95077846],[141.71834613,38.95077846]],[[141.72390127,38.9508053],[141.72390127,38.9508053]],[[141.72478992,38.95089634],[141.72478992,38.95089634]],[[141.72535621,38.9510576],[141.72535621,38.9510576]],[[141.72467843,38.95099377],[141.72467843,38.95099377]],[[141.72508945,38.95105558],[141.72508945,38.95105558]],[[141.72770648,38.95104005],[141.72770648,38.95104005]],[[141.71459751,38.95114131],[141.71459751,38.95114131]],[[141.72480833,38.95117691],[141.72480833,38.95117691]],[[141.71623183,38.95129255],[141.71623183,38.95129255]],[[141.71472309,38.95135161],[141.71472309,38.95135161]],[[141.72503693,38.95137515],[141.72503693,38.95137515]],[[141.72657123,38.951349],[141.72657123,38.951349]],[[141.71620849,38.95136425],[141.71620849,38.95136425]],[[141.72557069,38.95173879],[141.72557069,38.95173879]],[[141.726021,38.95153005],[141.726021,38.95153005]],[[141.72818913,38.95172415],[141.72818913,38.95172415]],[[141.72608449,38.95179964],[141.72608449,38.95179964]],[[141.72518496,38.95182651],[141.72518496,38.95182651]],[[141.725751,38.95205109],[141.725751,38.95205109]],[[141.7278628,38.95310432],[141.7278628,38.95310432]],[[141.72748126,38.95318643],[141.72748126,38.95318643]],[[141.72624594,38.95340345],[141.72624594,38.95340345]],[[141.7271897,38.95381827],[141.7271897,38.95381827]],[[141.72690249,38.95404442],[141.72690249,38.95404442]],[[141.72589979,38.95419164],[141.72589979,38.95419164]],[[141.72751484,38.95424287],[141.72751484,38.95424287]],[[141.72710575,38.95434528],[141.72710575,38.95434528]],[[141.72734415,38.95443165],[141.72734415,38.95443165]],[[141.72722593,38.95456237],[141.72722593,38.95456237]],[[141.72736315,38.95460267],[141.72736315,38.95460267]],[[141.72718152,38.95460955],[141.72718152,38.95460955]],[[141.72797244,38.95469484],[141.72797244,38.95469484]],[[141.72616307,38.95557981],[141.72616307,38.95557981]],[[141.72633729,38.95567235],[141.72633729,38.95567235]],[[141.72584284,38.95581342],[141.72584284,38.95581342]],[[141.72514258,38.9562055],[141.72514258,38.9562055]],[[141.72436821,38.95652186],[141.72436821,38.95652186]],[[141.7245199,38.95654637],[141.7245199,38.95654637]],[[141.72459921,38.95656838],[141.72459921,38.95656838]],[[141.72439774,38.95657686],[141.72439774,38.95657686]],[[141.72509549,38.95763074],[141.72509549,38.95763074]],[[141.72521582,38.95765775],[141.72521582,38.95765775]],[[141.72450281,38.95797354],[141.72450281,38.95797354]],[[141.72518189,38.95814519],[141.72518189,38.95814519]],[[141.72619818,38.95841469],[141.72619818,38.95841469]],[[141.7265652,38.95844215],[141.7265652,38.95844215]],[[141.72655761,38.95849869],[141.72655761,38.95849869]],[[141.72627938,38.95857704],[141.72627938,38.95857704]],[[141.72672056,38.95871311],[141.72672056,38.95871311]],[[141.72539466,38.95884469],[141.72539466,38.95884469]],[[141.72629052,38.95861965],[141.72629052,38.95861965]],[[141.72790946,38.95889831],[141.72790946,38.95889831]],[[141.72572476,38.95897342],[141.72572476,38.95897342]],[[141.72688486,38.95901652],[141.72688486,38.95901652]],[[141.72700137,38.95915175],[141.72700137,38.95915175]],[[141.72635978,38.95931124],[141.72635978,38.95931124]],[[141.72653835,38.95966706],[141.72653835,38.95966706]],[[141.72485001,38.95970637],[141.72485001,38.95970637]],[[141.72422451,38.95982447],[141.72422451,38.95982447]],[[141.72409533,38.96117394],[141.72409533,38.96117394]],[[141.72393014,38.9612878],[141.72393014,38.9612878]],[[141.72425373,38.96138452],[141.72425373,38.96138452]],[[141.72376553,38.9615022],[141.72376553,38.9615022]],[[141.7241463,38.9616137],[141.7241463,38.9616137]],[[141.7235629,38.96168635],[141.7235629,38.96168635]],[[141.72446219,38.96197965],[141.72446219,38.96197965]],[[141.72411279,38.9623377],[141.72411279,38.9623377]],[[141.72407517,38.96242978],[141.72407517,38.96242978]],[[141.72385088,38.96272661],[141.72385088,38.96272661]],[[141.72383298,38.96304763],[141.72383298,38.96304763]],[[141.72323239,38.96307474],[141.72323239,38.96307474]],[[141.72336781,38.96328351],[141.72336781,38.96328351]],[[141.72315014,38.9635102],[141.72315014,38.9635102]],[[141.72323807,38.96352899],[141.72323807,38.96352899]],[[141.72255029,38.96380899],[141.72255029,38.96380899]],[[141.72264353,38.96393899],[141.72264353,38.96393899]],[[141.72225532,38.96422203],[141.72225532,38.96422203]],[[141.72387903,38.96430117],[141.72387903,38.96430117]],[[141.72203655,38.96439828],[141.72203655,38.96439828]],[[141.722323,38.9646976],[141.722323,38.9646976]],[[141.72170773,38.96473391],[141.72170773,38.96473391]],[[141.72096329,38.96496993],[141.72096329,38.96496993]],[[141.71814431,38.96543194],[141.71814431,38.96543194]],[[141.71830307,38.96545037],[141.71830307,38.96545037]],[[141.71846968,38.96564324],[141.71846968,38.96564324]],[[141.71812945,38.96660396],[141.71812945,38.96660396]],[[141.71785196,38.96669895],[141.71785196,38.96669895]],[[141.71614171,38.96706944],[141.71614171,38.96706944]],[[141.71686346,38.96715064],[141.71686346,38.96715064]],[[141.71836052,38.96722947],[141.71836052,38.96722947]],[[141.71482217,38.96731013],[141.71482217,38.96731013]],[[141.71904922,38.96734316],[141.71904922,38.96734316]],[[141.71653949,38.96737813],[141.71653949,38.96737813]],[[141.71791746,38.96766929],[141.71791746,38.96766929]],[[141.71442882,38.96756407],[141.71442882,38.96756407]],[[141.71470738,38.96877405],[141.71470738,38.96877405]],[[141.71603405,38.97327952],[141.71603405,38.97327952]],[[141.71550061,38.97365723],[141.71550061,38.97365723]],[[141.71829759,38.97809335],[141.71829759,38.97809335]],[[141.71635486,38.98063873],[141.71635486,38.98063873]],[[141.71719645,38.98072001],[141.71719645,38.98072001]],[[141.71708162,38.98076745],[141.71708162,38.98076745]],[[141.71649124,38.98062598],[141.71649124,38.98062598]],[[141.71747184,38.98100844],[141.71747184,38.98100844]],[[141.71661744,38.98127112],[141.71661744,38.98127112]],[[141.71505886,38.98130786],[141.71505886,38.98130786]],[[141.7148969,38.98133395],[141.7148969,38.98133395]],[[141.71715173,38.98152345],[141.71715173,38.98152345]],[[141.71824897,38.98166954],[141.71824897,38.98166954]],[[141.71473809,38.98162278],[141.71473809,38.98162278]],[[141.71809007,38.98220963],[141.71809007,38.98220963]],[[141.71803396,38.98233752],[141.71803396,38.98233752]],[[141.71754362,38.98238078],[141.71754362,38.98238078]],[[141.7171424,38.98320477],[141.7171424,38.98320477]],[[141.71701091,38.9833699],[141.71701091,38.9833699]],[[141.71744931,38.98328028],[141.71744931,38.98328028]],[[141.71757113,38.98352537],[141.71757113,38.98352537]],[[141.71740043,38.98394322],[141.71740043,38.98394322]],[[141.71682279,38.98416019],[141.71682279,38.98416019]],[[141.71717996,38.98423019],[141.71717996,38.98423019]],[[141.71632952,38.98447923],[141.71632952,38.98447923]],[[141.71662494,38.98447482],[141.71662494,38.98447482]],[[141.71716315,38.98447507],[141.71716315,38.98447507]],[[141.71648218,38.98456914],[141.71648218,38.98456914]],[[141.71652157,38.98458992],[141.71652157,38.98458992]],[[141.71595573,38.9848568],[141.71595573,38.9848568]],[[141.71549754,38.98492413],[141.71549754,38.98492413]],[[141.71495076,38.98509033],[141.71495076,38.98509033]],[[141.71472403,38.9853105],[141.71472403,38.9853105]],[[141.7145631,38.98526154],[141.7145631,38.98526154]],[[141.71437055,38.98591016],[141.71437055,38.98591016]],[[141.72866054,38.98648278],[141.72866054,38.98648278]],[[141.7281446,38.98712498],[141.7281446,38.98712498]],[[141.7249093,38.98732514],[141.7249093,38.98732514]],[[141.71433741,38.9874741],[141.71433741,38.9874741]],[[141.72870724,38.98755893],[141.72870724,38.98755893]],[[141.72825994,38.98769514],[141.72825994,38.98769514]],[[141.72824708,38.98774677],[141.72824708,38.98774677]],[[141.72814826,38.98778195],[141.72814826,38.98778195]],[[141.72436342,38.98801314],[141.72436342,38.98801314]],[[141.72448623,38.98827922],[141.72448623,38.98827922]],[[141.72258054,38.98808792],[141.72258054,38.98808792]],[[141.72472652,38.9881946],[141.72472652,38.9881946]],[[141.7150976,38.98818038],[141.7150976,38.98818038]],[[141.71496685,38.98818299],[141.71496685,38.98818299]],[[141.71453885,38.98819208],[141.71453885,38.98819208]],[[141.72423494,38.9882516],[141.72423494,38.9882516]],[[141.71491141,38.98827341],[141.71491141,38.98827341]],[[141.71444543,38.98830124],[141.71444543,38.98830124]],[[141.71469492,38.98836098],[141.71469492,38.98836098]],[[141.72303122,38.98843239],[141.72303122,38.98843239]],[[141.72397646,38.98846031],[141.72397646,38.98846031]],[[141.72320926,38.9884922],[141.72320926,38.9884922]],[[141.72426602,38.98859449],[141.72426602,38.98859449]],[[141.72047326,38.98863978],[141.72047326,38.98863978]],[[141.72041388,38.98869122],[141.72041388,38.98869122]],[[141.72452344,38.9887798],[141.72452344,38.9887798]],[[141.71436886,38.98891196],[141.71436886,38.98891196]],[[141.7207354,38.98881462],[141.7207354,38.98881462]],[[141.72636287,38.98892303],[141.72636287,38.98892303]],[[141.7207514,38.9891452],[141.7207514,38.9891452]],[[141.72094542,38.98917075],[141.72094542,38.98917075]],[[141.72730809,38.98985744],[141.72730809,38.98985744]],[[141.72722341,38.98998033],[141.72722341,38.98998033]],[[141.72258406,38.99004759],[141.72258406,38.99004759]],[[141.72759707,39.01564786],[141.72759707,39.01564786]],[[141.72759219,39.01570123],[141.72759219,39.01570123]],[[141.7267454,39.01582627],[141.7267454,39.01582627]],[[141.72780939,39.015692],[141.72780939,39.015692]],[[141.72807341,39.01583276],[141.72807341,39.01583276]],[[141.72598831,39.01610808],[141.72598831,39.01610808]],[[141.72762407,39.01611402],[141.72762407,39.01611402]],[[141.72802722,39.01650234],[141.72802722,39.01650234]],[[141.72587755,39.01656521],[141.72587755,39.01656521]],[[141.72804511,39.016584],[141.72804511,39.016584]],[[141.7260158,39.01664991],[141.7260158,39.01664991]],[[141.72794003,39.01673877],[141.72794003,39.01673877]],[[141.7250483,39.01742698],[141.7250483,39.01742698]],[[141.72486934,39.0174016],[141.72486934,39.0174016]],[[141.72470585,39.017495],[141.72470585,39.017495]],[[141.72494187,39.01789867],[141.72494187,39.01789867]],[[141.71831468,39.01830487],[141.71831468,39.01830487]],[[141.72358252,39.01843487],[141.72358252,39.01843487]],[[141.71851193,39.01853678],[141.71851193,39.01853678]],[[141.72185945,39.01924408],[141.72185945,39.01924408]],[[141.72224432,39.01927033],[141.72224432,39.01927033]],[[141.72024914,39.01977422],[141.72024914,39.01977422]],[[141.71765514,39.02110833],[141.71765514,39.02110833]],[[141.72875686,39.02569926],[141.72875686,39.02569926]],[[141.72865833,39.0259536],[141.72865833,39.0259536]],[[141.72832101,39.02712765],[141.72832101,39.02712765]],[[141.72821087,39.0273874],[141.72821087,39.0273874]],[[141.71451119,39.02873845],[141.71451119,39.02873845]],[[141.71458568,39.02978952],[141.71458568,39.02978952]],[[141.71461263,39.03019227],[141.71461263,39.03019227]],[[141.71474649,39.03035881],[141.71474649,39.03035881]],[[141.71485668,39.0304714],[141.71485668,39.0304714]],[[141.71498795,39.03076525],[141.71498795,39.03076525]],[[141.71655668,39.03169719],[141.71655668,39.03169719]],[[141.72687442,39.03795482],[141.72687442,39.03795482]],[[141.72361759,39.05418278],[141.72361759,39.05418278]],[[141.72883996,40.39364597],[141.72883996,40.39364597]],[[141.72712331,40.3946576],[141.72712331,40.3946576]],[[141.72829934,40.39473532],[141.72829934,40.39473532]],[[141.72792659,40.39477604],[141.72792659,40.39477604]],[[141.72793358,40.39485938],[141.72793358,40.39485938]],[[141.727612,40.39488592],[141.727612,40.39488592]],[[141.72783135,40.39487828],[141.72783135,40.39487828]],[[141.7273882,40.39501149],[141.7273882,40.39501149]],[[141.72722414,40.39507651],[141.72722414,40.39507651]],[[141.72803917,40.39510345],[141.72803917,40.39510345]],[[141.72681953,40.39516692],[141.72681953,40.39516692]],[[141.72601833,40.39514339],[141.72601833,40.39514339]],[[141.72707707,40.39510765],[141.72707707,40.39510765]],[[141.72744534,40.39514659],[141.72744534,40.39514659]],[[141.727061,40.39519288],[141.727061,40.39519288]],[[141.72606786,40.39550478],[141.72606786,40.39550478]],[[141.72553254,40.39550919],[141.72553254,40.39550919]],[[141.72561258,40.39554919],[141.72561258,40.39554919]],[[141.72600965,40.39601121],[141.72600965,40.39601121]],[[141.72530664,40.3962616],[141.72530664,40.3962616]],[[141.72461346,40.39669466],[141.72461346,40.39669466]],[[141.72463028,40.39711341],[141.72463028,40.39711341]],[[141.7252303,40.39751975],[141.7252303,40.39751975]],[[141.72576765,40.39791746],[141.72576765,40.39791746]],[[141.72584929,40.39795322],[141.72584929,40.39795322]],[[141.72324488,40.39811712],[141.72324488,40.39811712]],[[141.72568393,40.39810714],[141.72568393,40.39810714]],[[141.72305628,40.39809047],[141.72305628,40.39809047]],[[141.72443039,40.39821273],[141.72443039,40.39821273]],[[141.72283458,40.39836822],[141.72283458,40.39836822]],[[141.72296484,40.39853599],[141.72296484,40.39853599]],[[141.7212383,40.39908938],[141.7212383,40.39908938]],[[141.72208115,40.39927518],[141.72208115,40.39927518]],[[141.7211635,40.39943877],[141.7211635,40.39943877]],[[141.72133444,40.39939404],[141.72133444,40.39939404]],[[141.72140508,40.39953507],[141.72140508,40.39953507]],[[141.72495628,40.4037416],[141.72495628,40.4037416]],[[141.72465533,40.40633612],[141.72465533,40.40633612]],[[141.72427754,40.40654464],[141.72427754,40.40654464]],[[141.72426537,40.40661309],[141.72426537,40.40661309]],[[141.72419394,40.40679008],[141.72419394,40.40679008]],[[141.72405569,40.40680393],[141.72405569,40.40680393]],[[141.71907131,40.41565118],[141.71907131,40.41565118]],[[141.71896485,40.4156737],[141.71896485,40.4156737]],[[141.71892752,40.41592715],[141.71892752,40.41592715]],[[141.7187501,40.41665775],[141.7187501,40.41665775]],[[141.71844612,40.41674987],[141.71844612,40.41674987]],[[141.71851987,40.41726969],[141.71851987,40.41726969]],[[141.71823676,40.41742577],[141.71823676,40.41742577]],[[141.71756634,40.41936599],[141.71756634,40.41936599]],[[141.71464445,40.4218144],[141.71464445,40.4218144]],[[141.73476861,38.95794514],[141.73476861,38.95794514]],[[141.73265555,38.95936584],[141.73265555,38.95936584]],[[141.73994022,38.98206794],[141.73994022,38.98206794]],[[141.7394735,38.98213399],[141.7394735,38.98213399]],[[141.73960865,38.9822786],[141.73960865,38.9822786]],[[141.7397521,38.98251279],[141.7397521,38.98251279]],[[141.73985822,38.98263359],[141.73985822,38.98263359]],[[141.73989114,38.98323293],[141.73989114,38.98323293]],[[141.73965712,38.98330969],[141.73965712,38.98330969]],[[141.73997606,38.9833301],[141.73997606,38.9833301]],[[141.7396107,38.98335357],[141.7396107,38.98335357]],[[141.73965009,38.98341858],[141.73965009,38.98341858]],[[141.74021608,38.9834803],[141.74021608,38.9834803]],[[141.74005728,38.9835717],[141.74005728,38.9835717]],[[141.73984121,38.98385211],[141.73984121,38.98385211]],[[141.73990471,38.98394349],[141.73990471,38.98394349]],[[141.74207075,38.98477065],[141.74207075,38.98477065]],[[141.74125613,38.98468232],[141.74125613,38.98468232]],[[141.74123005,38.98467323],[141.74123005,38.98467323]],[[141.74089105,38.98476343],[141.74089105,38.98476343]],[[141.74236623,38.98504022],[141.74236623,38.98504022]],[[141.74091304,38.98505667],[141.74091304,38.98505667]],[[141.74153245,38.98517013],[141.74153245,38.98517013]],[[141.73994243,38.98517259],[141.73994243,38.98517259]],[[141.74107195,38.98509111],[141.74107195,38.98509111]],[[141.74055608,38.98512377],[141.74055608,38.98512377]],[[141.74021405,38.98523858],[141.74021405,38.98523858]],[[141.73995174,38.98532377],[141.73995174,38.98532377]],[[141.74338427,38.9858616],[141.74338427,38.9858616]],[[141.7407314,38.98599127],[141.7407314,38.98599127]],[[141.72912256,38.98594855],[141.72912256,38.98594855]],[[141.74050292,38.98626735],[141.74050292,38.98626735]],[[141.74230804,38.98594161],[141.74230804,38.98594161]],[[141.7436206,38.98657818],[141.7436206,38.98657818]],[[141.73339275,38.98670293],[141.73339275,38.98670293]],[[141.72892735,38.98664315],[141.72892735,38.98664315]],[[141.73543153,38.98675871],[141.73543153,38.98675871]],[[141.73394684,38.98688828],[141.73394684,38.98688828]],[[141.74366097,38.98704505],[141.74366097,38.98704505]],[[141.74333855,38.98714062],[141.74333855,38.98714062]],[[141.74266364,38.98722173],[141.74266364,38.98722173]],[[141.74007874,38.98738941],[141.74007874,38.98738941]],[[141.74303055,38.98738066],[141.74303055,38.98738066]],[[141.74004623,38.98741912],[141.74004623,38.98741912]],[[141.74265805,38.98747896],[141.74265805,38.98747896]],[[141.73505241,38.98742719],[141.73505241,38.98742719]],[[141.7397797,38.98760919],[141.7397797,38.98760919]],[[141.73481472,38.98767973],[141.73481472,38.98767973]],[[141.73803829,38.98773802],[141.73803829,38.98773802]],[[141.73304641,38.98774626],[141.73304641,38.98774626]],[[141.73496464,38.98779668],[141.73496464,38.98779668]],[[141.73560016,38.98791328],[141.73560016,38.98791328]],[[141.73303538,38.98779571],[141.73303538,38.98779571]],[[141.73271972,38.98800749],[141.73271972,38.98800749]],[[141.73291805,38.98816578],[141.73291805,38.98816578]],[[141.73676363,38.98820147],[141.73676363,38.98820147]],[[141.73672988,38.98837947],[141.73672988,38.98837947]],[[141.74379079,38.98849259],[141.74379079,38.98849259]],[[141.7384977,38.98851891],[141.7384977,38.98851891]],[[141.74413016,38.98871903],[141.74413016,38.98871903]],[[141.73218571,38.98880787],[141.73218571,38.98880787]],[[141.73260329,38.98885996],[141.73260329,38.98885996]],[[141.73233887,38.98900776],[141.73233887,38.98900776]],[[141.73245575,38.98912171],[141.73245575,38.98912171]],[[141.7435672,38.98914122],[141.7435672,38.98914122]],[[141.73211388,38.98989988],[141.73211388,38.98989988]],[[141.74508311,38.99020158],[141.74508311,38.99020158]],[[141.74498595,38.99029422],[141.74498595,38.99029422]],[[141.74450444,38.99059607],[141.74450444,38.99059607]],[[141.74492717,38.99142595],[141.74492717,38.99142595]],[[141.74409154,38.99151473],[141.74409154,38.99151473]],[[141.74501715,38.99176226],[141.74501715,38.99176226]],[[141.74521991,38.99192895],[141.74521991,38.99192895]],[[141.74369824,38.99255836],[141.74369824,38.99255836]],[[141.74364584,38.99271228],[141.74364584,38.99271228]],[[141.74286516,38.99306438],[141.74286516,38.99306438]],[[141.74303114,38.99315281],[141.74303114,38.99315281]],[[141.74273925,38.9933548],[141.74273925,38.9933548]],[[141.74372301,38.99381584],[141.74372301,38.99381584]],[[141.74355473,38.99381814],[141.74355473,38.99381814]],[[141.74525215,38.99392956],[141.74525215,38.99392956]],[[141.74491576,38.99402741],[141.74491576,38.99402741]],[[141.7445356,38.9942773],[141.7445356,38.9942773]],[[141.74463259,38.99482894],[141.74463259,38.99482894]],[[141.74413368,38.99482031],[141.74413368,38.99482031]],[[141.74459737,38.9952227],[141.74459737,38.9952227]],[[141.7447613,38.99524187],[141.7447613,38.99524187]],[[141.74371648,38.99509031],[141.74371648,38.99509031]],[[141.74477375,38.99567229],[141.74477375,38.99567229]],[[141.74482441,38.99592304],[141.74482441,38.99592304]],[[141.74469708,38.9959325],[141.74469708,38.9959325]],[[141.74446942,38.99611121],[141.74446942,38.99611121]],[[141.74540659,38.99617622],[141.74540659,38.99617622]],[[141.74538828,38.99630501],[141.74538828,38.99630501]],[[141.74429407,38.99630932],[141.74429407,38.99630932]],[[141.74428337,38.99642067],[141.74428337,38.99642067]],[[141.74473796,38.99669826],[141.74473796,38.99669826]],[[141.74561952,38.99652247],[141.74561952,38.99652247]],[[141.74399917,38.9967634],[141.74399917,38.9967634]],[[141.74297735,38.99718431],[141.74297735,38.99718431]],[[141.74218799,38.99725813],[141.74218799,38.99725813]],[[141.7420644,38.99722648],[141.7420644,38.99722648]],[[141.74239558,38.99737785],[141.74239558,38.99737785]],[[141.74207228,38.99737352],[141.74207228,38.99737352]],[[141.74394794,38.99742322],[141.74394794,38.99742322]],[[141.74346885,38.99753064],[141.74346885,38.99753064]],[[141.7429263,38.99742542],[141.7429263,38.99742542]],[[141.74845499,38.99838689],[141.74845499,38.99838689]],[[141.74740248,38.99878953],[141.74740248,38.99878953]],[[141.74226595,38.99877741],[141.74226595,38.99877741]],[[141.74760482,38.9990836],[141.74760482,38.9990836]],[[141.74170735,38.99916822],[141.74170735,38.99916822]],[[141.74242742,38.99918973],[141.74242742,38.99918973]],[[141.74711267,38.9992261],[141.74711267,38.9992261]],[[141.7472654,38.99928814],[141.7472654,38.99928814]],[[141.74210999,38.99928319],[141.74210999,38.99928319]],[[141.74187008,38.99939938],[141.74187008,38.99939938]],[[141.74713677,38.99946634],[141.74713677,38.99946634]],[[141.74763606,38.9994564],[141.74763606,38.9994564]],[[141.74069776,38.99969118],[141.74069776,38.99969118]],[[141.74061151,38.99986158],[141.74061151,38.99986158]],[[141.74327402,38.99996749],[141.74327402,38.99996749]],[[141.74156636,39.00034825],[141.74156636,39.00034825]],[[141.74307743,39.00064457],[141.74307743,39.00064457]],[[141.74127914,39.00128034],[141.74127914,39.00128034]],[[141.74312176,39.00146507],[141.74312176,39.00146507]],[[141.73867694,39.00218681],[141.73867694,39.00218681]],[[141.738532,39.00253602],[141.738532,39.00253602]],[[141.73937076,39.0028903],[141.73937076,39.0028903]],[[141.73942565,39.00319363],[141.73942565,39.00319363]],[[141.73940365,39.00323272],[141.73940365,39.00323272]],[[141.74092296,39.00340144],[141.74092296,39.00340144]],[[141.73934693,39.00371051],[141.73934693,39.00371051]],[[141.73856948,39.00390113],[141.73856948,39.00390113]],[[141.73794117,39.0049335],[141.73794117,39.0049335]],[[141.73737349,39.00586001],[141.73737349,39.00586001]],[[141.73756327,39.00598367],[141.73756327,39.00598367]],[[141.74051393,39.00644991],[141.74051393,39.00644991]],[[141.74023018,39.0066522],[141.74023018,39.0066522]],[[141.74088288,39.00672549],[141.74088288,39.00672549]],[[141.74033075,39.0068151],[141.74033075,39.0068151]],[[141.73743703,39.00688801],[141.73743703,39.00688801]],[[141.74031096,39.00692912],[141.74031096,39.00692912]],[[141.73485396,39.00776551],[141.73485396,39.00776551]],[[141.73463667,39.00779367],[141.73463667,39.00779367]],[[141.73505166,39.00785947],[141.73505166,39.00785947]],[[141.73520712,39.0083185],[141.73520712,39.0083185]],[[141.73446197,39.00832976],[141.73446197,39.00832976]],[[141.73537372,39.00851784],[141.73537372,39.00851784]],[[141.73430803,39.00886424],[141.73430803,39.00886424]],[[141.73382975,39.00869813],[141.73382975,39.00869813]],[[141.73342847,39.00936731],[141.73342847,39.00936731]],[[141.73333333,39.00951228],[141.73333333,39.00951228]],[[141.73422731,39.0101383],[141.73422731,39.0101383]],[[141.73396103,39.01007153],[141.73396103,39.01007153]],[[141.73416516,39.01032615],[141.73416516,39.01032615]],[[141.73269423,39.01032363],[141.73269423,39.01032363]],[[141.73204262,39.01089375],[141.73204262,39.01089375]],[[141.73237009,39.01097761],[141.73237009,39.01097761]],[[141.73193936,39.01140225],[141.73193936,39.01140225]],[[141.7318831,39.01327968],[141.7318831,39.01327968]],[[141.72977197,39.01426577],[141.72977197,39.01426577]],[[141.72929759,39.01430886],[141.72929759,39.01430886]],[[141.72977783,39.01446462],[141.72977783,39.01446462]],[[141.72955524,39.0146047],[141.72955524,39.0146047]],[[141.75287706,39.01654891],[141.75287706,39.01654891]],[[141.75252921,39.01648391],[141.75252921,39.01648391]],[[141.73231925,39.01775917],[141.73231925,39.01775917]],[[141.75195266,39.01752829],[141.75195266,39.01752829]],[[141.75184983,39.01789889],[141.75184983,39.01789889]],[[141.75105922,39.01849318],[141.75105922,39.01849318]],[[141.75094014,39.01833926],[141.75094014,39.01833926]],[[141.75100988,39.01849077],[141.75100988,39.01849077]],[[141.74972231,39.01874872],[141.74972231,39.01874872]],[[141.75069498,39.01874945],[141.75069498,39.01874945]],[[141.74975,39.01882759],[141.74975,39.01882759]],[[141.75064536,39.01898496],[141.75064536,39.01898496]],[[141.75078328,39.01901432],[141.75078328,39.01901432]],[[141.75100131,39.01901576],[141.75100131,39.01901576]],[[141.7503372,39.0189972],[141.7503372,39.0189972]],[[141.75073696,39.01900495],[141.75073696,39.01900495]],[[141.75095817,39.01906385],[141.75095817,39.01906385]],[[141.75000847,39.01916086],[141.75000847,39.01916086]],[[141.75095467,39.01915963],[141.75095467,39.01915963]],[[141.75093662,39.01922769],[141.75093662,39.01922769]],[[141.75078384,39.01928114],[141.75078384,39.01928114]],[[141.75016183,39.01935865],[141.75016183,39.01935865]],[[141.75049304,39.01949342],[141.75049304,39.01949342]],[[141.74917508,39.01959187],[141.74917508,39.01959187]],[[141.74945582,39.01949463],[141.74945582,39.01949463]],[[141.74907324,39.01990581],[141.74907324,39.01990581]],[[141.73273151,39.01971973],[141.73273151,39.01971973]],[[141.74877499,39.02083087],[141.74877499,39.02083087]],[[141.74862899,39.02104336],[141.74862899,39.02104336]],[[141.7481808,39.02109714],[141.7481808,39.02109714]],[[141.74808003,39.02123423],[141.74808003,39.02123423]],[[141.74816191,39.02120764],[141.74816191,39.02120764]],[[141.74771584,39.02130834],[141.74771584,39.02130834]],[[141.73627349,39.02144567],[141.73627349,39.02144567]],[[141.73601852,39.02151971],[141.73601852,39.02151971]],[[141.74262148,39.02139762],[141.74262148,39.02139762]],[[141.74797938,39.02144401],[141.74797938,39.02144401]],[[141.74809429,39.02149023],[141.74809429,39.02149023]],[[141.7482303,39.0215051],[141.7482303,39.0215051]],[[141.74816284,39.02157572],[141.74816284,39.02157572]],[[141.7479644,39.02158141],[141.7479644,39.02158141]],[[141.73559575,39.02141137],[141.73559575,39.02141137]],[[141.74293779,39.02165081],[141.74293779,39.02165081]],[[141.74766529,39.02161619],[141.74766529,39.02161619]],[[141.74795039,39.02164963],[141.74795039,39.02164963]],[[141.74759838,39.02179184],[141.74759838,39.02179184]],[[141.74231043,39.02187172],[141.74231043,39.02187172]],[[141.73326953,39.02204317],[141.73326953,39.02204317]],[[141.73317995,39.02205494],[141.73317995,39.02205494]],[[141.74204816,39.02224896],[141.74204816,39.02224896]],[[141.73201586,39.02238164],[141.73201586,39.02238164]],[[141.73152205,39.02244481],[141.73152205,39.02244481]],[[141.73929765,39.02263466],[141.73929765,39.02263466]],[[141.74021086,39.02243217],[141.74021086,39.02243217]],[[141.7419496,39.02244395],[141.7419496,39.02244395]],[[141.73257952,39.02260809],[141.73257952,39.02260809]],[[141.73411021,39.02255015],[141.73411021,39.02255015]],[[141.74150319,39.02261868],[141.74150319,39.02261868]],[[141.73602235,39.02266537],[141.73602235,39.02266537]],[[141.74200814,39.02267789],[141.74200814,39.02267789]],[[141.74728888,39.02275168],[141.74728888,39.02275168]],[[141.74004966,39.02275079],[141.74004966,39.02275079]],[[141.74185492,39.02286006],[141.74185492,39.02286006]],[[141.74697523,39.0229215],[141.74697523,39.0229215]],[[141.7309769,39.02289636],[141.7309769,39.02289636]],[[141.73242082,39.02299803],[141.73242082,39.02299803]],[[141.74185479,39.02299375],[141.74185479,39.02299375]],[[141.73098048,39.02309631],[141.73098048,39.02309631]],[[141.731293,39.02318049],[141.731293,39.02318049]],[[141.73098105,39.02318721],[141.73098105,39.02318721]],[[141.73157044,39.02324798],[141.73157044,39.02324798]],[[141.74665423,39.0232931],[141.74665423,39.0232931]],[[141.72984467,39.02325099],[141.72984467,39.02325099]],[[141.73191472,39.02331379],[141.73191472,39.02331379]],[[141.7313569,39.02330205],[141.7313569,39.02330205]],[[141.74646051,39.02353153],[141.74646051,39.02353153]],[[141.74655916,39.02356049],[141.74655916,39.02356049]],[[141.72966034,39.02349635],[141.72966034,39.02349635]],[[141.72970095,39.02381322],[141.72970095,39.02381322]],[[141.74609352,39.02422436],[141.74609352,39.02422436]],[[141.74581109,39.02434521],[141.74581109,39.02434521]],[[141.73314318,39.04005738],[141.73314318,39.04005738]],[[141.73285828,39.04197538],[141.73285828,39.04197538]],[[141.73221311,39.04218458],[141.73221311,39.04218458]],[[141.73306831,39.04718608],[141.73306831,39.04718608]],[[141.73173432,39.06587326],[141.73173432,39.06587326]],[[141.73199651,39.06748661],[141.73199651,39.06748661]],[[141.73129284,39.06915136],[141.73129284,39.06915136]],[[141.73227608,39.06900172],[141.73227608,39.06900172]],[[141.73132621,39.06935956],[141.73132621,39.06935956]],[[141.73138678,39.06946115],[141.73138678,39.06946115]],[[141.73112091,39.06956365],[141.73112091,39.06956365]],[[141.75183837,40.37076741],[141.75183837,40.37076741]],[[141.75171661,40.37106269],[141.75171661,40.37106269]],[[141.75161262,40.37102677],[141.75161262,40.37102677]],[[141.74298468,40.37879141],[141.74298468,40.37879141]],[[141.74080846,40.38202062],[141.74080846,40.38202062]],[[141.7364713,40.38501487],[141.7364713,40.38501487]],[[141.73638835,40.38510971],[141.73638835,40.38510971]],[[141.73642187,40.38529949],[141.73642187,40.38529949]],[[141.73551293,40.38541141],[141.73551293,40.38541141]],[[141.73538959,40.38543534],[141.73538959,40.38543534]],[[141.73624664,40.38555735],[141.73624664,40.38555735]],[[141.73029256,40.38864567],[141.73029256,40.38864567]],[[141.73256677,40.38886982],[141.73256677,40.38886982]],[[141.73233331,40.38932051],[141.73233331,40.38932051]],[[141.73203147,40.38941301],[141.73203147,40.38941301]],[[141.73217071,40.38947686],[141.73217071,40.38947686]],[[141.72982341,40.3924288],[141.72982341,40.3924288]],[[141.7299935,40.39256267],[141.7299935,40.39256267]],[[141.7297699,40.39250622],[141.7297699,40.39250622]],[[141.72945012,40.39252617],[141.72945012,40.39252617]],[[141.73040159,40.39271874],[141.73040159,40.39271874]],[[141.73029503,40.39294301],[141.73029503,40.39294301]],[[141.73003357,40.39289262],[141.73003357,40.39289262]],[[141.72929166,40.39297673],[141.72929166,40.39297673]],[[141.72909912,40.39373592],[141.72909912,40.39373592]],[[141.72993864,40.39407399],[141.72993864,40.39407399]],[[141.72945147,40.39422691],[141.72945147,40.39422691]],[[141.7610832,39.01404951],[141.7610832,39.01404951]],[[141.76104838,39.01423022],[141.76104838,39.01423022]],[[141.76136883,39.01432091],[141.76136883,39.01432091]],[[141.76132103,39.01437372],[141.76132103,39.01437372]],[[141.76106201,39.01436362],[141.76106201,39.01436362]],[[141.76128148,39.01466969],[141.76128148,39.01466969]],[[141.76186275,39.01473092],[141.76186275,39.01473092]],[[141.76165948,39.01478974],[141.76165948,39.01478974]],[[141.76186964,39.01486022],[141.76186964,39.01486022]],[[141.76195899,39.01490203],[141.76195899,39.01490203]],[[141.76206125,39.01496076],[141.76206125,39.01496076]],[[141.76187527,39.01507007],[141.76187527,39.01507007]],[[141.76231608,39.015128],[141.76231608,39.015128]],[[141.7599311,39.01545163],[141.7599311,39.01545163]],[[141.75932166,39.01583437],[141.75932166,39.01583437]],[[141.75305166,39.015792],[141.75305166,39.015792]],[[141.75989996,39.01583473],[141.75989996,39.01583473]],[[141.75958754,39.01591793],[141.75958754,39.01591793]],[[141.75952166,39.01600196],[141.75952166,39.01600196]],[[141.75931454,39.01611188],[141.75931454,39.01611188]],[[141.7598208,39.01630885],[141.7598208,39.01630885]],[[141.75926927,39.01623494],[141.75926927,39.01623494]],[[141.75979477,39.01658804],[141.75979477,39.01658804]],[[141.75981719,39.01649084],[141.75981719,39.01649084]],[[141.75954172,39.01691228],[141.75954172,39.01691228]],[[141.75903407,39.01691838],[141.75903407,39.01691838]],[[141.75885804,39.01689752],[141.75885804,39.01689752]],[[141.7590963,39.01710409],[141.7590963,39.01710409]],[[141.75888214,39.01707147],[141.75888214,39.01707147]],[[141.75931909,39.01708872],[141.75931909,39.01708872]],[[141.75936377,39.01738915],[141.75936377,39.01738915]],[[141.75913257,39.01729938],[141.75913257,39.01729938]],[[141.75924222,39.01759632],[141.75924222,39.01759632]],[[141.75913507,39.01749141],[141.75913507,39.01749141]],[[141.76067768,39.01793967],[141.76067768,39.01793967]],[[141.75424453,39.01793118],[141.75424453,39.01793118]],[[141.75444883,39.01796073],[141.75444883,39.01796073]],[[141.76152694,39.01812074],[141.76152694,39.01812074]],[[141.75923728,39.01817379],[141.75923728,39.01817379]],[[141.75392698,39.0182969],[141.75392698,39.0182969]],[[141.75917925,39.01832848],[141.75917925,39.01832848]],[[141.75411427,39.01829669],[141.75411427,39.01829669]],[[141.76150591,39.01834053],[141.76150591,39.01834053]],[[141.75399005,39.01841513],[141.75399005,39.01841513]],[[141.75481021,39.01849784],[141.75481021,39.01849784]],[[141.75496385,39.01851213],[141.75496385,39.01851213]],[[141.76078551,39.01850436],[141.76078551,39.01850436]],[[141.76130955,39.01850397],[141.76130955,39.01850397]],[[141.7572107,39.01853083],[141.7572107,39.01853083]],[[141.76068467,39.01856353],[141.76068467,39.01856353]],[[141.76053821,39.01853398],[141.76053821,39.01853398]],[[141.7571871,39.0185984],[141.7571871,39.0185984]],[[141.75988812,39.01866193],[141.75988812,39.01866193]],[[141.76116441,39.01868196],[141.76116441,39.01868196]],[[141.75713214,39.01863487],[141.75713214,39.01863487]],[[141.75476213,39.01872578],[141.75476213,39.01872578]],[[141.75463646,39.01871496],[141.75463646,39.01871496]],[[141.7548253,39.01870968],[141.7548253,39.01870968]],[[141.76100261,39.01873342],[141.76100261,39.01873342]],[[141.75515549,39.01878275],[141.75515549,39.01878275]],[[141.7571349,39.01900635],[141.7571349,39.01900635]],[[141.75623101,39.01933177],[141.75623101,39.01933177]],[[141.75614073,39.01943941],[141.75614073,39.01943941]],[[141.76167517,39.01976052],[141.76167517,39.01976052]],[[141.76164894,39.01987333],[141.76164894,39.01987333]],[[141.76526747,39.01991754],[141.76526747,39.01991754]],[[141.76261787,39.01992265],[141.76261787,39.01992265]],[[141.76293318,39.01995266],[141.76293318,39.01995266]],[[141.7614513,39.01990473],[141.7614513,39.01990473]],[[141.76288873,39.01988265],[141.76288873,39.01988265]],[[141.76251379,39.0199641],[141.76251379,39.0199641]],[[141.76126899,39.0199777],[141.76126899,39.0199777]],[[141.76131752,39.01997128],[141.76131752,39.01997128]],[[141.7627249,39.01999152],[141.7627249,39.01999152]],[[141.76214698,39.02003891],[141.76214698,39.02003891]],[[141.76066913,39.02006986],[141.76066913,39.02006986]],[[141.76131931,39.02003739],[141.76131931,39.02003739]],[[141.76253962,39.02006704],[141.76253962,39.02006704]],[[141.76158335,39.02004141],[141.76158335,39.02004141]],[[141.76240232,39.0200757],[141.76240232,39.0200757]],[[141.76055099,39.02009557],[141.76055099,39.02009557]],[[141.76296536,39.02012545],[141.76296536,39.02012545]],[[141.76267717,39.02014702],[141.76267717,39.02014702]],[[141.76301105,39.02011418],[141.76301105,39.02011418]],[[141.7621928,39.02017052],[141.7621928,39.02017052]],[[141.76067782,39.02014312],[141.76067782,39.02014312]],[[141.76113925,39.02017611],[141.76113925,39.02017611]],[[141.76307638,39.02023537],[141.76307638,39.02023537]],[[141.76149376,39.02021068],[141.76149376,39.02021068]],[[141.7634892,39.02025126],[141.7634892,39.02025126]],[[141.76297242,39.0201807],[141.76297242,39.0201807]],[[141.76333709,39.02026779],[141.76333709,39.02026779]],[[141.76205726,39.02030537],[141.76205726,39.02030537]],[[141.76155898,39.02025295],[141.76155898,39.02025295]],[[141.76208921,39.02031034],[141.76208921,39.02031034]],[[141.76427371,39.02034437],[141.76427371,39.02034437]],[[141.76413363,39.02038801],[141.76413363,39.02038801]],[[141.7630882,39.02042382],[141.7630882,39.02042382]],[[141.76338717,39.02047576],[141.76338717,39.02047576]],[[141.76419601,39.02048552],[141.76419601,39.02048552]],[[141.76316276,39.02051727],[141.76316276,39.02051727]],[[141.76354467,39.02058926],[141.76354467,39.02058926]],[[141.76316918,39.02074378],[141.76316918,39.02074378]],[[141.76340222,39.02069896],[141.76340222,39.02069896]],[[141.76353927,39.02070605],[141.76353927,39.02070605]],[[141.76488076,39.02074706],[141.76488076,39.02074706]],[[141.76325463,39.02080462],[141.76325463,39.02080462]],[[141.76317617,39.0208448],[141.76317617,39.0208448]],[[141.76492536,39.02098569],[141.76492536,39.02098569]],[[141.76381466,39.02210458],[141.76381466,39.02210458]],[[141.76398298,39.02225078],[141.76398298,39.02225078]],[[141.76454309,39.02226866],[141.76454309,39.02226866]],[[141.76407865,39.02280034],[141.76407865,39.02280034]],[[141.76421907,39.02301011],[141.76421907,39.02301011]],[[141.76457427,39.02308727],[141.76457427,39.02308727]],[[141.76330863,39.02314565],[141.76330863,39.02314565]],[[141.7642403,39.02325578],[141.7642403,39.02325578]],[[141.76410971,39.02322268],[141.76410971,39.02322268]],[[141.76365453,39.02335846],[141.76365453,39.02335846]],[[141.7627635,39.02335422],[141.7627635,39.02335422]],[[141.76275511,39.02345365],[141.76275511,39.02345365]],[[141.7626937,39.02349981],[141.7626937,39.02349981]],[[141.76254708,39.02351232],[141.76254708,39.02351232]],[[141.76412498,39.02451922],[141.76412498,39.02451922]],[[141.76375471,39.02432336],[141.76375471,39.02432336]],[[141.76381381,39.02451522],[141.76381381,39.02451522]],[[141.76394803,39.02465738],[141.76394803,39.02465738]],[[141.76458916,39.0245747],[141.76458916,39.0245747]],[[141.76372677,39.02467617],[141.76372677,39.02467617]],[[141.76477202,39.02466585],[141.76477202,39.02466585]],[[141.76356799,39.0246505],[141.76356799,39.0246505]],[[141.76387498,39.02475922],[141.76387498,39.02475922]],[[141.76365007,39.0247365],[141.76365007,39.0247365]],[[141.76428934,39.0248369],[141.76428934,39.0248369]],[[141.76251259,39.02482989],[141.76251259,39.02482989]],[[141.76393903,39.02486105],[141.76393903,39.02486105]],[[141.76432759,39.02501549],[141.76432759,39.02501549]],[[141.76416297,39.02501168],[141.76416297,39.02501168]],[[141.7645161,39.02508769],[141.7645161,39.02508769]],[[141.76436996,39.02543684],[141.76436996,39.02543684]],[[141.76459115,39.02575623],[141.76459115,39.02575623]],[[141.7649549,39.02629013],[141.7649549,39.02629013]],[[141.77952926,39.02615632],[141.77952926,39.02615632]],[[141.76684995,39.02653423],[141.76684995,39.02653423]],[[141.76646595,39.02664081],[141.76646595,39.02664081]],[[141.76617071,39.02682082],[141.76617071,39.02682082]],[[141.76652639,39.02680995],[141.76652639,39.02680995]],[[141.7659153,39.02697502],[141.7659153,39.02697502]],[[141.76604862,39.02710177],[141.76604862,39.02710177]],[[141.76634253,39.0271524],[141.76634253,39.0271524]],[[141.76593386,39.02712197],[141.76593386,39.02712197]],[[141.76548401,39.02718998],[141.76548401,39.02718998]],[[141.76539885,39.02725732],[141.76539885,39.02725732]],[[141.76605703,39.02728404],[141.76605703,39.02728404]],[[141.76518062,39.02739347],[141.76518062,39.02739347]],[[141.76527523,39.02745641],[141.76527523,39.02745641]],[[141.78102067,39.02752204],[141.78102067,39.02752204]],[[141.78118421,39.02753955],[141.78118421,39.02753955]],[[141.76514614,39.02759004],[141.76514614,39.02759004]],[[141.78101222,39.02767634],[141.78101222,39.02767634]],[[141.78015301,39.02772269],[141.78015301,39.02772269]],[[141.77917093,39.02771903],[141.77917093,39.02771903]],[[141.78025013,39.02776604],[141.78025013,39.02776604]],[[141.78275008,39.02782769],[141.78275008,39.02782769]],[[141.78104067,39.02786087],[141.78104067,39.02786087]],[[141.78108528,39.02786285],[141.78108528,39.02786285]],[[141.78026868,39.02790876],[141.78026868,39.02790876]],[[141.76486747,39.02793459],[141.76486747,39.02793459]],[[141.77983637,39.02795938],[141.77983637,39.02795938]],[[141.78128678,39.02795589],[141.78128678,39.02795589]],[[141.78145991,39.02807664],[141.78145991,39.02807664]],[[141.78179102,39.02810278],[141.78179102,39.02810278]],[[141.77914252,39.02813473],[141.77914252,39.02813473]],[[141.777478,39.02809687],[141.777478,39.02809687]],[[141.78133883,39.02815149],[141.78133883,39.02815149]],[[141.77800987,39.02824588],[141.77800987,39.02824588]],[[141.77729955,39.0283554],[141.77729955,39.0283554]],[[141.77722121,39.02837955],[141.77722121,39.02837955]],[[141.7665216,39.02840376],[141.7665216,39.02840376]],[[141.77721772,39.02843823],[141.77721772,39.02843823]],[[141.77649974,39.02854538],[141.77649974,39.02854538]],[[141.77645813,39.02856904],[141.77645813,39.02856904]],[[141.7778741,39.02864046],[141.7778741,39.02864046]],[[141.76648144,39.02862587],[141.76648144,39.02862587]],[[141.76621041,39.02863785],[141.76621041,39.02863785]],[[141.76552995,39.02868311],[141.76552995,39.02868311]],[[141.7781868,39.0286446],[141.7781868,39.0286446]],[[141.77708955,39.02869231],[141.77708955,39.02869231]],[[141.78377388,39.02876505],[141.78377388,39.02876505]],[[141.76696208,39.02909694],[141.76696208,39.02909694]],[[141.76667226,39.02934834],[141.76667226,39.02934834]],[[141.76657108,39.0294004],[141.76657108,39.0294004]],[[141.77620935,39.0294727],[141.77620935,39.0294727]],[[141.77625147,39.02946038],[141.77625147,39.02946038]],[[141.76646358,39.02955107],[141.76646358,39.02955107]],[[141.76597812,39.0296018],[141.76597812,39.0296018]],[[141.77567099,39.02948687],[141.77567099,39.02948687]],[[141.76666667,39.02968773],[141.76666667,39.02968773]],[[141.76635423,39.02971995],[141.76635423,39.02971995]],[[141.76624889,39.02969314],[141.76624889,39.02969314]],[[141.76865794,39.02991617],[141.76865794,39.02991617]],[[141.78341252,39.02992998],[141.78341252,39.02992998]],[[141.76877254,39.03017271],[141.76877254,39.03017271]],[[141.76794419,39.03025061],[141.76794419,39.03025061]],[[141.78350979,39.03021709],[141.78350979,39.03021709]],[[141.78379399,39.03029279],[141.78379399,39.03029279]],[[141.78334302,39.03026061],[141.78334302,39.03026061]],[[141.7679184,39.03038045],[141.7679184,39.03038045]],[[141.7836954,39.03035513],[141.7836954,39.03035513]],[[141.76819691,39.03038407],[141.76819691,39.03038407]],[[141.76616782,39.03050238],[141.76616782,39.03050238]],[[141.78375315,39.03050239],[141.78375315,39.03050239]],[[141.783687,39.03050464],[141.783687,39.03050464]],[[141.76626427,39.03055503],[141.76626427,39.03055503]],[[141.78366354,39.03059022],[141.78366354,39.03059022]],[[141.76633399,39.03075446],[141.76633399,39.03075446]],[[141.77452594,39.03103438],[141.77452594,39.03103438]],[[141.78374912,39.03094311],[141.78374912,39.03094311]],[[141.76811895,39.03101438],[141.76811895,39.03101438]],[[141.78388261,39.03105273],[141.78388261,39.03105273]],[[141.77309204,39.03096352],[141.77309204,39.03096352]],[[141.78410152,39.03108185],[141.78410152,39.03108185]],[[141.78402987,39.0312953],[141.78402987,39.0312953]],[[141.77366169,39.03135701],[141.77366169,39.03135701]],[[141.78416708,39.03137219],[141.78416708,39.03137219]],[[141.78405259,39.03140484],[141.78405259,39.03140484]],[[141.76819501,39.03141311],[141.76819501,39.03141311]],[[141.77290489,39.03140535],[141.77290489,39.03140535]],[[141.77383231,39.03155093],[141.77383231,39.03155093]],[[141.76815747,39.03158033],[141.76815747,39.03158033]],[[141.76824774,39.03160277],[141.76824774,39.03160277]],[[141.76810942,39.03162351],[141.76810942,39.03162351]],[[141.78402202,39.03164921],[141.78402202,39.03164921]],[[141.77370949,39.03166173],[141.77370949,39.03166173]],[[141.78441978,39.03179379],[141.78441978,39.03179379]],[[141.7733256,39.0317414],[141.7733256,39.0317414]],[[141.76802746,39.03179343],[141.76802746,39.03179343]],[[141.77273585,39.03176642],[141.77273585,39.03176642]],[[141.76789772,39.03214112],[141.76789772,39.03214112]],[[141.76802284,39.03216236],[141.76802284,39.03216236]],[[141.76788195,39.03232069],[141.76788195,39.03232069]],[[141.78459921,39.03234986],[141.78459921,39.03234986]],[[141.78454856,39.03260386],[141.78454856,39.03260386]],[[141.78474553,39.03255496],[141.78474553,39.03255496]],[[141.76784993,39.03259985],[141.76784993,39.03259985]],[[141.78484577,39.0326235],[141.78484577,39.0326235]],[[141.78479051,39.03260161],[141.78479051,39.03260161]],[[141.76810223,39.03296275],[141.76810223,39.03296275]],[[141.77198515,39.0330357],[141.77198515,39.0330357]],[[141.77092674,39.03315196],[141.77092674,39.03315196]],[[141.7708072,39.0332394],[141.7708072,39.0332394]],[[141.77172035,39.03332646],[141.77172035,39.03332646]],[[141.78480488,40.31524765],[141.78480488,40.31524765]],[[141.78455523,40.31536606],[141.78455523,40.31536606]],[[141.78433716,40.31545414],[141.78433716,40.31545414]],[[141.78425114,40.315487],[141.78425114,40.315487]],[[141.78422338,40.31553874],[141.78422338,40.31553874]],[[141.78424406,40.31562818],[141.78424406,40.31562818]],[[141.78343449,40.31576417],[141.78343449,40.31576417]],[[141.78326767,40.31580778],[141.78326767,40.31580778]],[[141.78323549,40.31581966],[141.78323549,40.31581966]],[[141.78309354,40.31582506],[141.78309354,40.31582506]],[[141.78303115,40.31581459],[141.78303115,40.31581459]],[[141.78314995,40.31584496],[141.78314995,40.31584496]],[[141.78314524,40.31591209],[141.78314524,40.31591209]],[[141.78300446,40.31594116],[141.78300446,40.31594116]],[[141.78329817,40.31598631],[141.78329817,40.31598631]],[[141.7804771,40.31655901],[141.7804771,40.31655901]],[[141.7803066,40.31682744],[141.7803066,40.31682744]],[[141.7800627,40.31740891],[141.7800627,40.31740891]],[[141.78007966,40.31752009],[141.78007966,40.31752009]],[[141.78001787,40.31762868],[141.78001787,40.31762868]],[[141.78006648,40.31768871],[141.78006648,40.31768871]],[[141.78006464,40.31778392],[141.78006464,40.31778392]],[[141.78002359,40.31813902],[141.78002359,40.31813902]],[[141.77985641,40.31843499],[141.77985641,40.31843499]],[[141.77983874,40.31850097],[141.77983874,40.31850097]],[[141.77821205,40.31879536],[141.77821205,40.31879536]],[[141.77676122,40.31950132],[141.77676122,40.31950132]],[[141.76989323,40.34785005],[141.76989323,40.34785005]],[[141.76525664,40.34891963],[141.76525664,40.34891963]],[[141.7653104,40.34900305],[141.7653104,40.34900305]],[[141.75559773,40.36821777],[141.75559773,40.36821777]],[[141.75561719,40.36820268],[141.75561719,40.36820268]],[[141.80028051,39.02390784],[141.80028051,39.02390784]],[[141.80018896,39.02395211],[141.80018896,39.02395211]],[[141.80028807,39.02417397],[141.80028807,39.02417397]],[[141.80068297,39.02423754],[141.80068297,39.02423754]],[[141.79974253,39.02442991],[141.79974253,39.02442991]],[[141.79930546,39.0246201],[141.79930546,39.0246201]],[[141.799398,39.02467311],[141.799398,39.02467311]],[[141.79876617,39.02525046],[141.79876617,39.02525046]],[[141.7984862,39.02544322],[141.7984862,39.02544322]],[[141.79864669,39.0257806],[141.79864669,39.0257806]],[[141.79649625,39.02596413],[141.79649625,39.02596413]],[[141.79656909,39.02603001],[141.79656909,39.02603001]],[[141.79621393,39.02607005],[141.79621393,39.02607005]],[[141.79639864,39.02646481],[141.79639864,39.02646481]],[[141.7963217,39.02665012],[141.7963217,39.02665012]],[[141.79642449,39.02655639],[141.79642449,39.02655639]],[[141.79553245,39.02734874],[141.79553245,39.02734874]],[[141.79446022,39.02953941],[141.79446022,39.02953941]],[[141.79507953,39.02974689],[141.79507953,39.02974689]],[[141.79442016,39.02985629],[141.79442016,39.02985629]],[[141.79431396,39.03014975],[141.79431396,39.03014975]],[[141.79414953,39.03061386],[141.79414953,39.03061386]],[[141.79418476,39.03100588],[141.79418476,39.03100588]],[[141.79413843,39.03120085],[141.79413843,39.03120085]],[[141.79431175,39.03125815],[141.79431175,39.03125815]],[[141.79298362,39.03182841],[141.79298362,39.03182841]],[[141.79432721,39.03195644],[141.79432721,39.03195644]],[[141.79418319,39.03201619],[141.79418319,39.03201619]],[[141.79432882,39.03208381],[141.79432882,39.03208381]],[[141.79452113,39.03210033],[141.79452113,39.03210033]],[[141.7945359,39.03235559],[141.7945359,39.03235559]],[[141.78563327,39.03251348],[141.78563327,39.03251348]],[[141.78499554,39.03244023],[141.78499554,39.03244023]],[[141.79487148,39.03264092],[141.79487148,39.03264092]],[[141.7856669,39.03254941],[141.7856669,39.03254941]],[[141.78647949,39.03265593],[141.78647949,39.03265593]],[[141.78630575,39.03266257],[141.78630575,39.03266257]],[[141.78600376,39.03279485],[141.78600376,39.03279485]],[[141.78678514,39.0328735],[141.78678514,39.0328735]],[[141.78559638,39.03281069],[141.78559638,39.03281069]],[[141.78550763,39.03281593],[141.78550763,39.03281593]],[[141.79130952,39.03272068],[141.79130952,39.03272068]],[[141.78607128,39.03297167],[141.78607128,39.03297167]],[[141.78662944,39.03296756],[141.78662944,39.03296756]],[[141.79497501,39.03301851],[141.79497501,39.03301851]],[[141.78704012,39.03305888],[141.78704012,39.03305888]],[[141.79039096,39.03346645],[141.79039096,39.03346645]],[[141.78748464,39.03349459],[141.78748464,39.03349459]],[[141.78862685,39.03349614],[141.78862685,39.03349614]],[[141.78744975,39.0336572],[141.78744975,39.0336572]],[[141.7904823,39.03365325],[141.7904823,39.03365325]],[[141.78762411,39.0337136],[141.78762411,39.0337136]],[[141.79032996,39.03381665],[141.79032996,39.03381665]],[[141.79046694,39.03380796],[141.79046694,39.03380796]],[[141.79556278,39.03392881],[141.79556278,39.03392881]],[[141.78811422,39.03394751],[141.78811422,39.03394751]],[[141.79510354,39.03401458],[141.79510354,39.03401458]],[[141.7889763,39.03401585],[141.7889763,39.03401585]],[[141.79515537,39.03403712],[141.79515537,39.03403712]],[[141.78853943,39.03424364],[141.78853943,39.03424364]],[[141.7948094,39.03440157],[141.7948094,39.03440157]],[[141.79079162,39.0345874],[141.79079162,39.0345874]],[[141.79565322,39.0360153],[141.79565322,39.0360153]],[[141.79127263,39.03607982],[141.79127263,39.03607982]],[[141.79604877,39.03610554],[141.79604877,39.03610554]],[[141.79131903,39.03618781],[141.79131903,39.03618781]],[[141.79613918,39.0362146],[141.79613918,39.0362146]],[[141.79136171,39.03636421],[141.79136171,39.03636421]],[[141.79126715,39.03685395],[141.79126715,39.03685395]],[[141.79120732,39.03687165],[141.79120732,39.03687165]],[[141.79618532,39.03700038],[141.79618532,39.03700038]],[[141.79175861,39.03755455],[141.79175861,39.03755455]],[[141.79678183,39.03799015],[141.79678183,39.03799015]],[[141.80063328,40.28842694],[141.80063328,40.28842694]],[[141.80022064,40.28872804],[141.80022064,40.28872804]],[[141.80076746,40.28878103],[141.80076746,40.28878103]],[[141.80039892,40.28906502],[141.80039892,40.28906502]],[[141.80132371,40.28908277],[141.80132371,40.28908277]],[[141.80072839,40.2892741],[141.80072839,40.2892741]],[[141.8006271,40.28927152],[141.8006271,40.28927152]],[[141.79945859,40.28980573],[141.79945859,40.28980573]],[[141.79942584,40.28981059],[141.79942584,40.28981059]],[[141.79936549,40.28982587],[141.79936549,40.28982587]],[[141.79941877,40.28984218],[141.79941877,40.28984218]],[[141.79932204,40.28983056],[141.79932204,40.28983056]],[[141.79935245,40.28984363],[141.79935245,40.28984363]],[[141.79939227,40.28994787],[141.79939227,40.28994787]],[[141.7992946,40.29000182],[141.7992946,40.29000182]],[[141.79919204,40.29008373],[141.79919204,40.29008373]],[[141.79978905,40.29006839],[141.79978905,40.29006839]],[[141.79984244,40.29019961],[141.79984244,40.29019961]],[[141.79900471,40.29027605],[141.79900471,40.29027605]],[[141.79902127,40.29050558],[141.79902127,40.29050558]],[[141.79937731,40.2908961],[141.79937731,40.2908961]],[[141.79954891,40.29096194],[141.79954891,40.29096194]],[[141.79837021,40.29260879],[141.79837021,40.29260879]],[[141.79845519,40.2927865],[141.79845519,40.2927865]],[[141.79842246,40.29300041],[141.79842246,40.29300041]],[[141.79820897,40.29347051],[141.79820897,40.29347051]],[[141.79750586,40.29398416],[141.79750586,40.29398416]],[[141.79759971,40.29419071],[141.79759971,40.29419071]],[[141.79624092,40.29435297],[141.79624092,40.29435297]],[[141.79620169,40.29476228],[141.79620169,40.29476228]],[[141.79620847,40.29483392],[141.79620847,40.29483392]],[[141.7957392,40.29486925],[141.7957392,40.29486925]],[[141.79633859,40.2949111],[141.79633859,40.2949111]],[[141.79574297,40.29509465],[141.79574297,40.29509465]],[[141.79580514,40.29513962],[141.79580514,40.29513962]],[[141.79625792,40.29530995],[141.79625792,40.29530995]],[[141.79612581,40.29530843],[141.79612581,40.29530843]],[[141.79536167,40.29541152],[141.79536167,40.29541152]],[[141.79598396,40.29555657],[141.79598396,40.29555657]],[[141.79486114,40.2956322],[141.79486114,40.2956322]],[[141.79654831,40.29560699],[141.79654831,40.29560699]],[[141.79484507,40.29565214],[141.79484507,40.29565214]],[[141.79480455,40.29565572],[141.79480455,40.29565572]],[[141.79486339,40.29570702],[141.79486339,40.29570702]],[[141.79610219,40.29571581],[141.79610219,40.29571581]],[[141.79639999,40.29577278],[141.79639999,40.29577278]],[[141.79471488,40.29577697],[141.79471488,40.29577697]],[[141.79670464,40.29584832],[141.79670464,40.29584832]],[[141.79586984,40.29586221],[141.79586984,40.29586221]],[[141.79655866,40.29597158],[141.79655866,40.29597158]],[[141.79657284,40.29631586],[141.79657284,40.29631586]],[[141.796471,40.29633355],[141.796471,40.29633355]],[[141.79666079,40.29638754],[141.79666079,40.29638754]],[[141.7967418,40.29642704],[141.7967418,40.29642704]],[[141.79654455,40.29644399],[141.79654455,40.29644399]],[[141.79650624,40.29646269],[141.79650624,40.29646269]],[[141.79668354,40.29649093],[141.79668354,40.29649093]],[[141.79579971,40.29699643],[141.79579971,40.29699643]],[[141.79591344,40.29701926],[141.79591344,40.29701926]],[[141.79565196,40.29717724],[141.79565196,40.29717724]],[[141.7954894,40.29730991],[141.7954894,40.29730991]],[[141.79549174,40.29746588],[141.79549174,40.29746588]],[[141.79544163,40.29757411],[141.79544163,40.29757411]],[[141.79420345,40.29883214],[141.79420345,40.29883214]],[[141.79425632,40.29908497],[141.79425632,40.29908497]],[[141.79379344,40.29960768],[141.79379344,40.29960768]],[[141.79258938,40.29979806],[141.79258938,40.29979806]],[[141.79257802,40.30005979],[141.79257802,40.30005979]],[[141.79253512,40.30008717],[141.79253512,40.30008717]],[[141.79308794,40.300067],[141.79308794,40.300067]],[[141.79312488,40.30005139],[141.79312488,40.30005139]],[[141.79283489,40.3002232],[141.79283489,40.3002232]],[[141.79294706,40.30019471],[141.79294706,40.30019471]],[[141.79303564,40.30028665],[141.79303564,40.30028665]],[[141.7925862,40.30034667],[141.7925862,40.30034667]],[[141.79314664,40.30039183],[141.79314664,40.30039183]],[[141.791741,40.30094477],[141.791741,40.30094477]],[[141.79347057,40.30094655],[141.79347057,40.30094655]],[[141.79136537,40.30102497],[141.79136537,40.30102497]],[[141.79174614,40.30128327],[141.79174614,40.30128327]],[[141.79170673,40.30154911],[141.79170673,40.30154911]],[[141.7916514,40.30197926],[141.7916514,40.30197926]],[[141.7915503,40.30200892],[141.7915503,40.30200892]],[[141.79206776,40.3020747],[141.79206776,40.3020747]],[[141.7914689,40.3020086],[141.7914689,40.3020086]],[[141.79209911,40.30210327],[141.79209911,40.30210327]],[[141.79161558,40.30213276],[141.79161558,40.30213276]],[[141.79194428,40.30216877],[141.79194428,40.30216877]],[[141.79198375,40.30211494],[141.79198375,40.30211494]],[[141.79188898,40.30219219],[141.79188898,40.30219219]],[[141.79180117,40.30227199],[141.79180117,40.30227199]],[[141.7913458,40.30233818],[141.7913458,40.30233818]],[[141.79146457,40.30240123],[141.79146457,40.30240123]],[[141.79130416,40.30238004],[141.79130416,40.30238004]],[[141.79116796,40.30239775],[141.79116796,40.30239775]],[[141.79143206,40.3024822],[141.79143206,40.3024822]],[[141.79133837,40.30240282],[141.79133837,40.30240282]],[[141.79118595,40.30253107],[141.79118595,40.30253107]],[[141.79108045,40.30245755],[141.79108045,40.30245755]],[[141.79228279,40.30248226],[141.79228279,40.30248226]],[[141.79150261,40.30249648],[141.79150261,40.30249648]],[[141.79105065,40.30260388],[141.79105065,40.30260388]],[[141.79231654,40.30260555],[141.79231654,40.30260555]],[[141.79085494,40.30274798],[141.79085494,40.30274798]],[[141.79106964,40.30295723],[141.79106964,40.30295723]],[[141.79071887,40.30314197],[141.79071887,40.30314197]],[[141.79079726,40.30311214],[141.79079726,40.30311214]],[[141.79099589,40.30345733],[141.79099589,40.30345733]],[[141.79057167,40.30356495],[141.79057167,40.30356495]],[[141.79059616,40.30362429],[141.79059616,40.30362429]],[[141.78986547,40.30370436],[141.78986547,40.30370436]],[[141.78984214,40.30377589],[141.78984214,40.30377589]],[[141.78979731,40.30390911],[141.78979731,40.30390911]],[[141.78968646,40.30405665],[141.78968646,40.30405665]],[[141.78951053,40.30409404],[141.78951053,40.30409404]],[[141.78950156,40.30413329],[141.78950156,40.30413329]],[[141.79033053,40.30414904],[141.79033053,40.30414904]],[[141.7894952,40.30416631],[141.7894952,40.30416631]],[[141.79042882,40.30415363],[141.79042882,40.30415363]],[[141.79035458,40.30418568],[141.79035458,40.30418568]],[[141.79043289,40.30418377],[141.79043289,40.30418377]],[[141.79041076,40.30420764],[141.79041076,40.30420764]],[[141.79017219,40.30439073],[141.79017219,40.30439073]],[[141.78983371,40.30453826],[141.78983371,40.30453826]],[[141.78980861,40.30453559],[141.78980861,40.30453559]],[[141.79038236,40.30471214],[141.79038236,40.30471214]],[[141.7896239,40.30475102],[141.7896239,40.30475102]],[[141.78983467,40.30473081],[141.78983467,40.30473081]],[[141.78961045,40.30476446],[141.78961045,40.30476446]],[[141.78976843,40.30475523],[141.78976843,40.30475523]],[[141.78961516,40.30476522],[141.78961516,40.30476522]],[[141.78943569,40.30479373],[141.78943569,40.30479373]],[[141.79004991,40.30487809],[141.79004991,40.30487809]],[[141.79001803,40.30490384],[141.79001803,40.30490384]],[[141.7895432,40.30489281],[141.7895432,40.30489281]],[[141.78969248,40.30490815],[141.78969248,40.30490815]],[[141.78939384,40.30489522],[141.78939384,40.30489522]],[[141.78974719,40.30496714],[141.78974719,40.30496714]],[[141.78972069,40.30503239],[141.78972069,40.30503239]],[[141.78952407,40.30502924],[141.78952407,40.30502924]],[[141.78955407,40.30507933],[141.78955407,40.30507933]],[[141.78946955,40.30517469],[141.78946955,40.30517469]],[[141.78953598,40.30515649],[141.78953598,40.30515649]],[[141.7895879,40.30516705],[141.7895879,40.30516705]],[[141.78921589,40.30528198],[141.78921589,40.30528198]],[[141.78953245,40.3054567],[141.78953245,40.3054567]],[[141.78930726,40.30551323],[141.78930726,40.30551323]],[[141.78935172,40.30555457],[141.78935172,40.30555457]],[[141.78928555,40.30562509],[141.78928555,40.30562509]],[[141.78943652,40.30587026],[141.78943652,40.30587026]],[[141.78912044,40.30636372],[141.78912044,40.30636372]],[[141.78909503,40.30641365],[141.78909503,40.30641365]],[[141.7887798,40.30651767],[141.7887798,40.30651767]],[[141.78904099,40.30654387],[141.78904099,40.30654387]],[[141.78920189,40.30662549],[141.78920189,40.30662549]],[[141.78886352,40.3066555],[141.78886352,40.3066555]],[[141.78909453,40.30667844],[141.78909453,40.30667844]],[[141.78902938,40.30659648],[141.78902938,40.30659648]],[[141.78838934,40.30720087],[141.78838934,40.30720087]],[[141.7884616,40.30723604],[141.7884616,40.30723604]],[[141.78876944,40.3078108],[141.78876944,40.3078108]],[[141.78842708,40.30859404],[141.78842708,40.30859404]],[[141.78847384,40.30879845],[141.78847384,40.30879845]],[[141.78847671,40.30887678],[141.78847671,40.30887678]],[[141.78792686,40.30969758],[141.78792686,40.30969758]],[[141.78788235,40.30972839],[141.78788235,40.30972839]],[[141.78785866,40.30973362],[141.78785866,40.30973362]],[[141.78785449,40.30984677],[141.78785449,40.30984677]],[[141.78776839,40.30994025],[141.78776839,40.30994025]],[[141.78767724,40.30997496],[141.78767724,40.30997496]],[[141.78768562,40.31000236],[141.78768562,40.31000236]],[[141.7867866,40.31032347],[141.7867866,40.31032347]],[[141.78640532,40.31056717],[141.78640532,40.31056717]],[[141.78633466,40.31056127],[141.78633466,40.31056127]],[[141.78631638,40.31060879],[141.78631638,40.31060879]],[[141.78625935,40.31066996],[141.78625935,40.31066996]],[[141.78638466,40.3106538],[141.78638466,40.3106538]],[[141.78684044,40.31076335],[141.78684044,40.31076335]],[[141.78662285,40.31073398],[141.78662285,40.31073398]],[[141.78670165,40.31078196],[141.78670165,40.31078196]],[[141.78601463,40.31079465],[141.78601463,40.31079465]],[[141.78613344,40.31081817],[141.78613344,40.31081817]],[[141.78624953,40.31082478],[141.78624953,40.31082478]],[[141.7860917,40.310921],[141.7860917,40.310921]],[[141.78614432,40.31093994],[141.78614432,40.31093994]],[[141.78611466,40.3109635],[141.78611466,40.3109635]],[[141.78593096,40.31102707],[141.78593096,40.31102707]],[[141.78572855,40.31102333],[141.78572855,40.31102333]],[[141.78553521,40.31108806],[141.78553521,40.31108806]],[[141.78566599,40.31114256],[141.78566599,40.31114256]],[[141.78567795,40.31129899],[141.78567795,40.31129899]],[[141.78512619,40.31151761],[141.78512619,40.31151761]],[[141.78561013,40.31158028],[141.78561013,40.31158028]],[[141.7854823,40.31167526],[141.7854823,40.31167526]],[[141.78568798,40.31174481],[141.78568798,40.31174481]],[[141.7860277,40.31177453],[141.7860277,40.31177453]],[[141.78552117,40.31175402],[141.78552117,40.31175402]],[[141.7853955,40.31198787],[141.7853955,40.31198787]],[[141.78533307,40.31204999],[141.78533307,40.31204999]],[[141.78528077,40.31209518],[141.78528077,40.31209518]],[[141.78544943,40.31223402],[141.78544943,40.31223402]],[[141.78539384,40.31228807],[141.78539384,40.31228807]],[[141.78549119,40.31235095],[141.78549119,40.31235095]],[[141.78539234,40.31239886],[141.78539234,40.31239886]],[[141.78556889,40.31242073],[141.78556889,40.31242073]],[[141.78558131,40.31245098],[141.78558131,40.31245098]],[[141.78560981,40.31246156],[141.78560981,40.31246156]],[[141.78548875,40.31258756],[141.78548875,40.31258756]],[[141.78543608,40.31265761],[141.78543608,40.31265761]],[[141.78588393,40.31302193],[141.78588393,40.31302193]],[[141.78608179,40.31460209],[141.78608179,40.31460209]],[[141.81843925,39.02239914],[141.81843925,39.02239914]],[[141.81841874,39.02246995],[141.81841874,39.02246995]],[[141.81847022,39.02250131],[141.81847022,39.02250131]],[[141.81756367,39.02269129],[141.81756367,39.02269129]],[[141.81736472,39.0228607],[141.81736472,39.0228607]],[[141.81813271,39.02308682],[141.81813271,39.02308682]],[[141.81796808,39.02327396],[141.81796808,39.02327396]],[[141.81460896,39.023371],[141.81460896,39.023371]],[[141.81803936,39.02338434],[141.81803936,39.02338434]],[[141.8144668,39.02343759],[141.8144668,39.02343759]],[[141.81384092,39.02341602],[141.81384092,39.02341602]],[[141.81448923,39.02354073],[141.81448923,39.02354073]],[[141.81523886,39.02354136],[141.81523886,39.02354136]],[[141.81355169,39.02346169],[141.81355169,39.02346169]],[[141.81318835,39.02370292],[141.81318835,39.02370292]],[[141.81309796,39.02371458],[141.81309796,39.02371458]],[[141.81393532,39.02372042],[141.81393532,39.02372042]],[[141.8136317,39.02382909],[141.8136317,39.02382909]],[[141.81525921,39.02381874],[141.81525921,39.02381874]],[[141.80763846,39.023784],[141.80763846,39.023784]],[[141.81378892,39.02378246],[141.81378892,39.02378246]],[[141.81344082,39.02382124],[141.81344082,39.02382124]],[[141.81306232,39.02382568],[141.81306232,39.02382568]],[[141.81527991,39.02385477],[141.81527991,39.02385477]],[[141.81453849,39.02387111],[141.81453849,39.02387111]],[[141.81393354,39.02391006],[141.81393354,39.02391006]],[[141.81417407,39.02391642],[141.81417407,39.02391642]],[[141.8142259,39.02392292],[141.8142259,39.02392292]],[[141.81442523,39.02390566],[141.81442523,39.02390566]],[[141.81463868,39.02385801],[141.81463868,39.02385801]],[[141.81347182,39.02389214],[141.81347182,39.02389214]],[[141.81308934,39.02390068],[141.81308934,39.02390068]],[[141.81366028,39.02389966],[141.81366028,39.02389966]],[[141.81351828,39.02395265],[141.81351828,39.02395265]],[[141.81417694,39.02394847],[141.81417694,39.02394847]],[[141.81380348,39.02397494],[141.81380348,39.02397494]],[[141.81424807,39.02400624],[141.81424807,39.02400624]],[[141.81420698,39.02404965],[141.81420698,39.02404965]],[[141.81485524,39.02398564],[141.81485524,39.02398564]],[[141.81476687,39.02405953],[141.81476687,39.02405953]],[[141.80697205,39.02408305],[141.80697205,39.02408305]],[[141.807423,39.0240646],[141.807423,39.0240646]],[[141.81335265,39.02401836],[141.81335265,39.02401836]],[[141.81097429,39.02422452],[141.81097429,39.02422452]],[[141.81209699,39.02421988],[141.81209699,39.02421988]],[[141.80761676,39.02428964],[141.80761676,39.02428964]],[[141.81128328,39.02415329],[141.81128328,39.02415329]],[[141.81504875,39.02435822],[141.81504875,39.02435822]],[[141.81715974,39.02448511],[141.81715974,39.02448511]],[[141.80685571,39.02465227],[141.80685571,39.02465227]],[[141.81254139,39.02473116],[141.81254139,39.02473116]],[[141.80685051,39.02479528],[141.80685051,39.02479528]],[[141.80678041,39.02482929],[141.80678041,39.02482929]],[[141.81666667,39.02481285],[141.81666667,39.02481285]],[[141.81692907,39.02485658],[141.81692907,39.02485658]],[[141.80676248,39.02486024],[141.80676248,39.02486024]],[[141.81214035,39.02490208],[141.81214035,39.02490208]],[[141.80717149,39.0248744],[141.80717149,39.0248744]],[[141.81087035,39.02505425],[141.81087035,39.02505425]],[[141.81211052,39.02508403],[141.81211052,39.02508403]],[[141.81138754,39.02519909],[141.81138754,39.02519909]],[[141.81141744,39.02521541],[141.81141744,39.02521541]],[[141.80290827,39.02531186],[141.80290827,39.02531186]],[[141.81181671,39.02525089],[141.81181671,39.02525089]],[[141.80703158,39.02528292],[141.80703158,39.02528292]],[[141.81173765,39.02528822],[141.81173765,39.02528822]],[[141.80322652,39.02534363],[141.80322652,39.02534363]],[[141.80268127,39.02534933],[141.80268127,39.02534933]],[[141.80822588,39.02545383],[141.80822588,39.02545383]],[[141.80720825,39.02543999],[141.80720825,39.02543999]],[[141.81138895,39.0255024],[141.81138895,39.0255024]],[[141.81086803,39.02555604],[141.81086803,39.02555604]],[[141.81111957,39.02557321],[141.81111957,39.02557321]],[[141.80855593,39.02587276],[141.80855593,39.02587276]],[[141.80305842,39.02570996],[141.80305842,39.02570996]],[[141.80288161,39.02586277],[141.80288161,39.02586277]],[[141.80818516,39.02591954],[141.80818516,39.02591954]],[[141.80588245,39.02592129],[141.80588245,39.02592129]],[[141.8045214,39.02632414],[141.8045214,39.02632414]],[[141.80633874,39.02608855],[141.80633874,39.02608855]],[[141.80875602,39.02612998],[141.80875602,39.02612998]],[[141.80599791,39.02608761],[141.80599791,39.02608761]],[[141.806241,39.02626341],[141.806241,39.02626341]],[[141.8061028,39.02631627],[141.8061028,39.02631627]],[[141.81890076,39.04924157],[141.81890076,39.04924157]],[[141.81973061,39.04957543],[141.81973061,39.04957543]],[[141.8195108,39.05274369],[141.8195108,39.05274369]],[[141.81735102,39.05329911],[141.81735102,39.05329911]],[[141.81766843,39.05576533],[141.81766843,39.05576533]],[[141.81531122,39.05864913],[141.81531122,39.05864913]],[[141.81789803,39.0588863],[141.81789803,39.0588863]],[[141.81701838,39.05890057],[141.81701838,39.05890057]],[[141.81717252,39.05891792],[141.81717252,39.05891792]],[[141.81614211,39.05894336],[141.81614211,39.05894336]],[[141.81782367,39.05899836],[141.81782367,39.05899836]],[[141.81797921,39.05893327],[141.81797921,39.05893327]],[[141.81756615,39.0590326],[141.81756615,39.0590326]],[[141.81845442,39.05907339],[141.81845442,39.05907339]],[[141.81779633,39.05915939],[141.81779633,39.05915939]],[[141.81810776,39.05910361],[141.81810776,39.05910361]],[[141.81822122,39.05920364],[141.81822122,39.05920364]],[[141.81910979,39.08654242],[141.81910979,39.08654242]],[[141.81780735,39.0866418],[141.81780735,39.0866418]],[[141.81826576,39.08688178],[141.81826576,39.08688178]],[[141.81841852,39.08709452],[141.81841852,39.08709452]],[[141.81834159,39.08738957],[141.81834159,39.08738957]],[[141.8192334,39.08763309],[141.8192334,39.08763309]],[[141.81928873,39.08771315],[141.81928873,39.08771315]],[[141.8192361,39.08786809],[141.8192361,39.08786809]],[[141.81874042,39.08780805],[141.81874042,39.08780805]],[[141.81925577,39.08810268],[141.81925577,39.08810268]],[[141.81902141,39.08814826],[141.81902141,39.08814826]],[[141.81022772,39.08857783],[141.81022772,39.08857783]],[[141.80949102,39.08914513],[141.80949102,39.08914513]],[[141.81274974,39.09320375],[141.81274974,39.09320375]],[[141.81223358,39.09323628],[141.81223358,39.09323628]],[[141.81119497,39.09324725],[141.81119497,39.09324725]],[[141.81229042,39.09332525],[141.81229042,39.09332525]],[[141.81267481,39.09341949],[141.81267481,39.09341949]],[[141.81297318,39.09354536],[141.81297318,39.09354536]],[[141.81590855,39.0947592],[141.81590855,39.0947592]],[[141.81594698,39.09480472],[141.81594698,39.09480472]],[[141.81588454,39.09521197],[141.81588454,39.09521197]],[[141.81508903,39.09563314],[141.81508903,39.09563314]],[[141.81403254,39.09813623],[141.81403254,39.09813623]],[[141.81374361,39.0982428],[141.81374361,39.0982428]],[[141.81342764,39.09830824],[141.81342764,39.09830824]],[[141.81347326,39.09871332],[141.81347326,39.09871332]],[[141.81257527,39.09964439],[141.81257527,39.09964439]],[[141.81258,39.09979478],[141.81258,39.09979478]],[[141.81251809,39.09976567],[141.81251809,39.09976567]],[[141.81291396,39.10028464],[141.81291396,39.10028464]],[[141.81281987,39.10027805],[141.81281987,39.10027805]],[[141.81044511,39.10329906],[141.81044511,39.10329906]],[[141.81186183,39.10379083],[141.81186183,39.10379083]],[[141.81244341,39.10376892],[141.81244341,39.10376892]],[[141.8125307,39.10381098],[141.8125307,39.10381098]],[[141.81252209,39.10388978],[141.81252209,39.10388978]],[[141.81475955,39.10495313],[141.81475955,39.10495313]],[[141.81410396,39.10509232],[141.81410396,39.10509232]],[[141.81411973,39.10527154],[141.81411973,39.10527154]],[[141.81405726,39.10572779],[141.81405726,39.10572779]],[[141.8141149,39.10581586],[141.8141149,39.10581586]],[[141.81511462,39.10603787],[141.81511462,39.10603787]],[[141.81458508,39.10610468],[141.81458508,39.10610468]],[[141.8144954,39.10611506],[141.8144954,39.10611506]],[[141.8151511,39.10635042],[141.8151511,39.10635042]],[[141.81472279,39.10643799],[141.81472279,39.10643799]],[[141.81448651,39.10667491],[141.81448651,39.10667491]],[[141.81445152,39.10686969],[141.81445152,39.10686969]],[[141.81467729,39.10688374],[141.81467729,39.10688374]],[[141.81905543,40.17951602],[141.81905543,40.17951602]],[[141.81729335,40.18053524],[141.81729335,40.18053524]],[[141.81734886,40.18072085],[141.81734886,40.18072085]],[[141.81335492,40.18298774],[141.81335492,40.18298774]],[[141.81236231,40.18297146],[141.81236231,40.18297146]],[[141.81281659,40.18307434],[141.81281659,40.18307434]],[[141.81451715,40.18327619],[141.81451715,40.18327619]],[[141.81403195,40.18329318],[141.81403195,40.18329318]],[[141.81297798,40.18334677],[141.81297798,40.18334677]],[[141.81433053,40.1833808],[141.81433053,40.1833808]],[[141.81600851,40.21442067],[141.81600851,40.21442067]],[[141.81415947,40.21632665],[141.81415947,40.21632665]],[[141.81499673,40.21544466],[141.81499673,40.21544466]],[[141.81956521,40.25983896],[141.81956521,40.25983896]],[[141.81943468,40.26017584],[141.81943468,40.26017584]],[[141.81992276,40.26192965],[141.81992276,40.26192965]],[[141.81946139,40.26333462],[141.81946139,40.26333462]],[[141.81820886,40.26446299],[141.81820886,40.26446299]],[[141.81792742,40.26490212],[141.81792742,40.26490212]],[[141.81872064,40.26520842],[141.81872064,40.26520842]],[[141.81904296,40.26501906],[141.81904296,40.26501906]],[[141.81862071,40.26523341],[141.81862071,40.26523341]],[[141.81866314,40.26529772],[141.81866314,40.26529772]],[[141.81916271,40.26529068],[141.81916271,40.26529068]],[[141.81880305,40.26543522],[141.81880305,40.26543522]],[[141.81881464,40.26546431],[141.81881464,40.26546431]],[[141.81891388,40.2656027],[141.81891388,40.2656027]],[[141.81905916,40.26560048],[141.81905916,40.26560048]],[[141.81606257,40.26860008],[141.81606257,40.26860008]],[[141.81612301,40.26943735],[141.81612301,40.26943735]],[[141.8161698,40.26942957],[141.8161698,40.26942957]],[[141.81657515,40.27043997],[141.81657515,40.27043997]],[[141.81658389,40.27067777],[141.81658389,40.27067777]],[[141.81579822,40.27205873],[141.81579822,40.27205873]],[[141.81518886,40.27233122],[141.81518886,40.27233122]],[[141.81476537,40.27295995],[141.81476537,40.27295995]],[[141.81460104,40.27295549],[141.81460104,40.27295549]],[[141.81435197,40.27340135],[141.81435197,40.27340135]],[[141.81420458,40.27354391],[141.81420458,40.27354391]],[[141.81405,40.27357872],[141.81405,40.27357872]],[[141.81406789,40.27361234],[141.81406789,40.27361234]],[[141.81395249,40.27369104],[141.81395249,40.27369104]],[[141.81319209,40.27399353],[141.81319209,40.27399353]],[[141.81306248,40.27398301],[141.81306248,40.27398301]],[[141.81294816,40.27414376],[141.81294816,40.27414376]],[[141.81369061,40.27404759],[141.81369061,40.27404759]],[[141.81285848,40.27418793],[141.81285848,40.27418793]],[[141.81195534,40.27542918],[141.81195534,40.27542918]],[[141.81192092,40.27544812],[141.81192092,40.27544812]],[[141.8120649,40.27555786],[141.8120649,40.27555786]],[[141.81109796,40.27566204],[141.81109796,40.27566204]],[[141.81109139,40.2756711],[141.81109139,40.2756711]],[[141.81180435,40.27618709],[141.81180435,40.27618709]],[[141.81149282,40.27621639],[141.81149282,40.27621639]],[[141.81139267,40.276261],[141.81139267,40.276261]],[[141.81004243,40.27676038],[141.81004243,40.27676038]],[[141.81113817,40.2776378],[141.81113817,40.2776378]],[[141.81032652,40.27774113],[141.81032652,40.27774113]],[[141.8104554,40.27778939],[141.8104554,40.27778939]],[[141.81049001,40.27795625],[141.81049001,40.27795625]],[[141.80932813,40.2787607],[141.80932813,40.2787607]],[[141.80933878,40.27892841],[141.80933878,40.27892841]],[[141.80949835,40.27906693],[141.80949835,40.27906693]],[[141.80898069,40.27919694],[141.80898069,40.27919694]],[[141.80870966,40.27952651],[141.80870966,40.27952651]],[[141.80868739,40.27957227],[141.80868739,40.27957227]],[[141.80907813,40.27981585],[141.80907813,40.27981585]],[[141.80829359,40.27994224],[141.80829359,40.27994224]],[[141.8082635,40.28000059],[141.8082635,40.28000059]],[[141.80840643,40.2799793],[141.80840643,40.2799793]],[[141.80831078,40.28004117],[141.80831078,40.28004117]],[[141.80899716,40.28013032],[141.80899716,40.28013032]],[[141.8083296,40.28022169],[141.8083296,40.28022169]],[[141.80827541,40.28028113],[141.80827541,40.28028113]],[[141.80872496,40.28027113],[141.80872496,40.28027113]],[[141.80858362,40.28033743],[141.80858362,40.28033743]],[[141.80891838,40.280351],[141.80891838,40.280351]],[[141.80838646,40.28035747],[141.80838646,40.28035747]],[[141.80881341,40.28036314],[141.80881341,40.28036314]],[[141.80885873,40.28047237],[141.80885873,40.28047237]],[[141.8084037,40.2807954],[141.8084037,40.2807954]],[[141.80833947,40.28099093],[141.80833947,40.28099093]],[[141.8086487,40.28105299],[141.8086487,40.28105299]],[[141.80862506,40.28110137],[141.80862506,40.28110137]],[[141.80791484,40.28225225],[141.80791484,40.28225225]],[[141.80766616,40.28232938],[141.80766616,40.28232938]],[[141.80790082,40.28257039],[141.80790082,40.28257039]],[[141.80776992,40.28262679],[141.80776992,40.28262679]],[[141.80742809,40.28282547],[141.80742809,40.28282547]],[[141.8056455,40.28348173],[141.8056455,40.28348173]],[[141.80586403,40.28354914],[141.80586403,40.28354914]],[[141.80580677,40.28359952],[141.80580677,40.28359952]],[[141.80564371,40.28371771],[141.80564371,40.28371771]],[[141.80652735,40.28371722],[141.80652735,40.28371722]],[[141.80553808,40.28376516],[141.80553808,40.28376516]],[[141.80672313,40.28487037],[141.80672313,40.28487037]],[[141.80660681,40.28493557],[141.80660681,40.28493557]],[[141.80546869,40.28498774],[141.80546869,40.28498774]],[[141.80643361,40.28512616],[141.80643361,40.28512616]],[[141.80647201,40.28514691],[141.80647201,40.28514691]],[[141.80471352,40.28556851],[141.80471352,40.28556851]],[[141.8046368,40.28557375],[141.8046368,40.28557375]],[[141.80465908,40.28571776],[141.80465908,40.28571776]],[[141.80473027,40.28586847],[141.80473027,40.28586847]],[[141.80449411,40.28593295],[141.80449411,40.28593295]],[[141.80630176,40.28599522],[141.80630176,40.28599522]],[[141.80464498,40.28598968],[141.80464498,40.28598968]],[[141.80595942,40.28619165],[141.80595942,40.28619165]],[[141.80511851,40.28612477],[141.80511851,40.28612477]],[[141.80524018,40.28628541],[141.80524018,40.28628541]],[[141.80428157,40.28629292],[141.80428157,40.28629292]],[[141.80460912,40.28631008],[141.80460912,40.28631008]],[[141.80524436,40.28633815],[141.80524436,40.28633815]],[[141.80432895,40.28634116],[141.80432895,40.28634116]],[[141.80506016,40.28631142],[141.80506016,40.28631142]],[[141.80417363,40.28637669],[141.80417363,40.28637669]],[[141.80410388,40.28644951],[141.80410388,40.28644951]],[[141.80348695,40.28668254],[141.80348695,40.28668254]],[[141.80461647,40.28668414],[141.80461647,40.28668414]],[[141.80459204,40.28675234],[141.80459204,40.28675234]],[[141.8040675,40.28680061],[141.8040675,40.28680061]],[[141.80449043,40.28680175],[141.80449043,40.28680175]],[[141.80378351,40.28676237],[141.80378351,40.28676237]],[[141.80475252,40.28695373],[141.80475252,40.28695373]],[[141.80232603,40.2869449],[141.80232603,40.2869449]],[[141.80434709,40.287001],[141.80434709,40.287001]],[[141.80245571,40.28699074],[141.80245571,40.28699074]],[[141.80402507,40.28709007],[141.80402507,40.28709007]],[[141.80222444,40.28716785],[141.80222444,40.28716785]],[[141.80198992,40.2872253],[141.80198992,40.2872253]],[[141.80225329,40.28743465],[141.80225329,40.28743465]],[[141.80147879,40.28833799],[141.80147879,40.28833799]],[[141.80181654,40.28856627],[141.80181654,40.28856627]],[[141.8211954,39.02378744],[141.8211954,39.02378744]],[[141.82030108,39.02383726],[141.82030108,39.02383726]],[[141.8208346,39.02388635],[141.8208346,39.02388635]],[[141.8202176,39.02388076],[141.8202176,39.02388076]],[[141.82154668,39.02403544],[141.82154668,39.02403544]],[[141.8204302,39.02415362],[141.8204302,39.02415362]],[[141.82100004,39.0240979],[141.82100004,39.0240979]],[[141.82045756,39.02422798],[141.82045756,39.02422798]],[[141.82098228,39.02434885],[141.82098228,39.02434885]],[[141.82061436,39.02430016],[141.82061436,39.02430016]],[[141.82027584,39.02433122],[141.82027584,39.02433122]],[[141.82127138,39.02416092],[141.82127138,39.02416092]],[[141.82043384,39.02432403],[141.82043384,39.02432403]],[[141.82007467,39.02432365],[141.82007467,39.02432365]],[[141.82029656,39.02431798],[141.82029656,39.02431798]],[[141.82055128,39.02436547],[141.82055128,39.02436547]],[[141.82044594,39.02438834],[141.82044594,39.02438834]],[[141.82146962,39.02466343],[141.82146962,39.02466343]],[[141.82390812,39.02463869],[141.82390812,39.02463869]],[[141.82376743,39.02486924],[141.82376743,39.02486924]],[[141.82283523,39.0251175],[141.82283523,39.0251175]],[[141.82300477,39.02501102],[141.82300477,39.02501102]],[[141.82174772,39.0250124],[141.82174772,39.0250124]],[[141.82129324,39.02504292],[141.82129324,39.02504292]],[[141.82289237,39.02519088],[141.82289237,39.02519088]],[[141.8241269,39.02527157],[141.8241269,39.02527157]],[[141.82409436,39.02537274],[141.82409436,39.02537274]],[[141.82283525,39.02532649],[141.82283525,39.02532649]],[[141.82369886,39.02541708],[141.82369886,39.02541708]],[[141.82718393,39.02541699],[141.82718393,39.02541699]],[[141.82316671,39.02547547],[141.82316671,39.02547547]],[[141.82263048,39.02551614],[141.82263048,39.02551614]],[[141.82288355,39.02577623],[141.82288355,39.02577623]],[[141.82708966,39.02584415],[141.82708966,39.02584415]],[[141.82325553,39.02593153],[141.82325553,39.02593153]],[[141.82358938,39.02582303],[141.82358938,39.02582303]],[[141.82643453,39.02587126],[141.82643453,39.02587126]],[[141.82236481,39.02590269],[141.82236481,39.02590269]],[[141.82254516,39.02589909],[141.82254516,39.02589909]],[[141.82654193,39.02595377],[141.82654193,39.02595377]],[[141.8222229,39.02592876],[141.8222229,39.02592876]],[[141.82669512,39.0259739],[141.82669512,39.0259739]],[[141.82385907,39.02597306],[141.82385907,39.02597306]],[[141.82333678,39.02605254],[141.82333678,39.02605254]],[[141.8268878,39.02614972],[141.8268878,39.02614972]],[[141.82662869,39.02626868],[141.82662869,39.02626868]],[[141.82436097,39.02630328],[141.82436097,39.02630328]],[[141.82462869,39.02629614],[141.82462869,39.02629614]],[[141.82452747,39.02669823],[141.82452747,39.02669823]],[[141.82548394,39.02694513],[141.82548394,39.02694513]],[[141.82554599,39.02701351],[141.82554599,39.02701351]],[[141.82724365,39.04499876],[141.82724365,39.04499876]],[[141.82685048,39.04504507],[141.82685048,39.04504507]],[[141.82719486,39.04548346],[141.82719486,39.04548346]],[[141.82608431,39.04584199],[141.82608431,39.04584199]],[[141.82667512,39.04608423],[141.82667512,39.04608423]],[[141.82467682,39.04610781],[141.82467682,39.04610781]],[[141.82548462,39.04622022],[141.82548462,39.04622022]],[[141.82410193,39.04629368],[141.82410193,39.04629368]],[[141.82352965,39.04626106],[141.82352965,39.04626106]],[[141.82502429,39.04632123],[141.82502429,39.04632123]],[[141.82511336,39.04631318],[141.82511336,39.04631318]],[[141.8257356,39.0463242],[141.8257356,39.0463242]],[[141.82420611,39.04637486],[141.82420611,39.04637486]],[[141.8236969,39.04653278],[141.8236969,39.04653278]],[[141.82430038,39.04672231],[141.82430038,39.04672231]],[[141.82438065,39.0468282],[141.82438065,39.0468282]],[[141.82450432,39.04681643],[141.82450432,39.04681643]],[[141.82367043,39.04723421],[141.82367043,39.04723421]],[[141.82323594,39.04738329],[141.82323594,39.04738329]],[[141.82323447,39.04743555],[141.82323447,39.04743555]],[[141.82356195,39.04745727],[141.82356195,39.04745727]],[[141.82406211,39.04740456],[141.82406211,39.04740456]],[[141.82348502,39.04754089],[141.82348502,39.04754089]],[[141.82383322,39.04761658],[141.82383322,39.04761658]],[[141.82136128,39.0478768],[141.82136128,39.0478768]],[[141.8223868,39.04798477],[141.8223868,39.04798477]],[[141.82251466,39.04799116],[141.82251466,39.04799116]],[[141.82166529,39.04802169],[141.82166529,39.04802169]],[[141.8216793,39.04817354],[141.8216793,39.04817354]],[[141.82122344,39.04869521],[141.82122344,39.04869521]],[[141.81992638,39.0487087],[141.81992638,39.0487087]],[[141.82165403,39.04883037],[141.82165403,39.04883037]],[[141.82075857,39.04887048],[141.82075857,39.04887048]],[[141.82053997,39.04891881],[141.82053997,39.04891881]],[[141.82105362,39.04895266],[141.82105362,39.04895266]],[[141.82064558,39.04889413],[141.82064558,39.04889413]],[[141.82061748,39.04900122],[141.82061748,39.04900122]],[[141.82111128,39.04900405],[141.82111128,39.04900405]],[[141.82057036,39.04904322],[141.82057036,39.04904322]],[[141.82330056,39.05796063],[141.82330056,39.05796063]],[[141.82587148,39.05818605],[141.82587148,39.05818605]],[[141.82284839,39.05811374],[141.82284839,39.05811374]],[[141.82505156,39.05839725],[141.82505156,39.05839725]],[[141.82111844,39.05848982],[141.82111844,39.05848982]],[[141.82512598,39.05860462],[141.82512598,39.05860462]],[[141.82501503,39.05859476],[141.82501503,39.05859476]],[[141.82118556,39.05864725],[141.82118556,39.05864725]],[[141.82487436,39.05862351],[141.82487436,39.05862351]],[[141.82109665,39.0587171],[141.82109665,39.0587171]],[[141.82155118,39.05872496],[141.82155118,39.05872496]],[[141.82117226,39.05874529],[141.82117226,39.05874529]],[[141.82130608,39.05877217],[141.82130608,39.05877217]],[[141.82589235,39.05886709],[141.82589235,39.05886709]],[[141.8213956,39.05891113],[141.8213956,39.05891113]],[[141.82193313,39.05896296],[141.82193313,39.05896296]],[[141.82132843,39.05898322],[141.82132843,39.05898322]],[[141.82607747,39.05902568],[141.82607747,39.05902568]],[[141.8208254,39.05901902],[141.8208254,39.05901902]],[[141.82167637,39.05902739],[141.82167637,39.05902739]],[[141.82212127,39.059131],[141.82212127,39.059131]],[[141.8262878,39.05923523],[141.8262878,39.05923523]],[[141.82012363,39.05942798],[141.82012363,39.05942798]],[[141.82630358,39.05946282],[141.82630358,39.05946282]],[[141.82603955,39.07487848],[141.82603955,39.07487848]],[[141.82727672,39.07501937],[141.82727672,39.07501937]],[[141.82711637,39.07505696],[141.82711637,39.07505696]],[[141.82700379,39.07509728],[141.82700379,39.07509728]],[[141.82240169,39.07926561],[141.82240169,39.07926561]],[[141.82221828,39.07929851],[141.82221828,39.07929851]],[[141.82227036,39.07940383],[141.82227036,39.07940383]],[[141.82240257,39.07937776],[141.82240257,39.07937776]],[[141.82224315,39.07950793],[141.82224315,39.07950793]],[[141.82233468,39.07949877],[141.82233468,39.07949877]],[[141.82232058,39.07952394],[141.82232058,39.07952394]],[[141.82229843,39.07956817],[141.82229843,39.07956817]],[[141.82197982,39.08009173],[141.82197982,39.08009173]],[[141.82204759,39.08012827],[141.82204759,39.08012827]],[[141.82153005,39.08028624],[141.82153005,39.08028624]],[[141.82139752,39.08031386],[141.82139752,39.08031386]],[[141.82154187,39.08038794],[141.82154187,39.08038794]],[[141.82120389,39.08047675],[141.82120389,39.08047675]],[[141.82127014,39.08050393],[141.82127014,39.08050393]],[[141.82137687,39.08082237],[141.82137687,39.08082237]],[[141.82114782,39.08133751],[141.82114782,39.08133751]],[[141.82096293,39.08219423],[141.82096293,39.08219423]],[[141.82089754,39.08228739],[141.82089754,39.08228739]],[[141.8209158,39.08241938],[141.8209158,39.08241938]],[[141.82177568,39.08303826],[141.82177568,39.08303826]],[[141.82201064,39.08303689],[141.82201064,39.08303689]],[[141.8213775,39.08305442],[141.8213775,39.08305442]],[[141.82234016,39.08325192],[141.82234016,39.08325192]],[[141.8224052,39.08351441],[141.8224052,39.08351441]],[[141.82265476,39.08383866],[141.82265476,39.08383866]],[[141.82280305,39.08384623],[141.82280305,39.08384623]],[[141.82008214,39.08568977],[141.82008214,39.08568977]],[[141.82371685,39.08621016],[141.82371685,39.08621016]],[[141.82377607,39.08623002],[141.82377607,39.08623002]],[[141.82274398,39.08636976],[141.82274398,39.08636976]],[[141.82259431,39.08641175],[141.82259431,39.08641175]],[[141.82349654,39.08640896],[141.82349654,39.08640896]],[[141.82271227,39.08645732],[141.82271227,39.08645732]],[[141.82442828,39.11150794],[141.82442828,39.11150794]],[[141.82325396,39.11197131],[141.82325396,39.11197131]],[[141.82255392,39.11206021],[141.82255392,39.11206021]],[[141.82028616,40.17963145],[141.82028616,40.17963145]],[[141.82587403,40.17986657],[141.82587403,40.17986657]],[[141.82559686,40.17997568],[141.82559686,40.17997568]],[[141.82114826,40.18013323],[141.82114826,40.18013323]],[[141.82557511,40.18007871],[141.82557511,40.18007871]],[[141.82684192,40.18022772],[141.82684192,40.18022772]],[[141.82567608,40.18032814],[141.82567608,40.18032814]],[[141.821033,40.18028193],[141.821033,40.18028193]],[[141.82694615,40.18035337],[141.82694615,40.18035337]],[[141.82438214,40.180412],[141.82438214,40.180412]],[[141.82366362,40.18044328],[141.82366362,40.18044328]],[[141.82050979,40.18051921],[141.82050979,40.18051921]],[[141.82436318,40.18051331],[141.82436318,40.18051331]],[[141.82354079,40.18058122],[141.82354079,40.18058122]],[[141.82495442,40.18069999],[141.82495442,40.18069999]],[[141.82633384,40.18075968],[141.82633384,40.18075968]],[[141.82692444,40.18067644],[141.82692444,40.18067644]],[[141.8236827,40.18074637],[141.8236827,40.18074637]],[[141.82264115,40.18090812],[141.82264115,40.18090812]],[[141.82373311,40.18099992],[141.82373311,40.18099992]],[[141.82249555,40.181054],[141.82249555,40.181054]],[[141.82638553,40.24206308],[141.82638553,40.24206308]],[[141.82660493,40.24252007],[141.82660493,40.24252007]],[[141.82695128,40.24291348],[141.82695128,40.24291348]],[[141.82708546,40.24310362],[141.82708546,40.24310362]],[[141.82691204,40.24357318],[141.82691204,40.24357318]],[[141.82611096,40.24376748],[141.82611096,40.24376748]],[[141.82627791,40.24376334],[141.82627791,40.24376334]],[[141.82654619,40.24385633],[141.82654619,40.24385633]],[[141.82605807,40.24385647],[141.82605807,40.24385647]],[[141.82670991,40.2438643],[141.82670991,40.2438643]],[[141.82693055,40.24404343],[141.82693055,40.24404343]],[[141.82529791,40.24449515],[141.82529791,40.24449515]],[[141.82566556,40.24475337],[141.82566556,40.24475337]],[[141.82517595,40.2449567],[141.82517595,40.2449567]],[[141.82555145,40.24490728],[141.82555145,40.24490728]],[[141.824948,40.24504232],[141.824948,40.24504232]],[[141.82503966,40.24503325],[141.82503966,40.24503325]],[[141.82553633,40.24523164],[141.82553633,40.24523164]],[[141.82469759,40.24531106],[141.82469759,40.24531106]],[[141.82457206,40.24546443],[141.82457206,40.24546443]],[[141.8238754,40.24557487],[141.8238754,40.24557487]],[[141.82456738,40.24559444],[141.82456738,40.24559444]],[[141.82483283,40.24566332],[141.82483283,40.24566332]],[[141.824719,40.24589323],[141.824719,40.24589323]],[[141.82375284,40.24590763],[141.82375284,40.24590763]],[[141.82419246,40.2459027],[141.82419246,40.2459027]],[[141.82341067,40.24597127],[141.82341067,40.24597127]],[[141.82441686,40.24596869],[141.82441686,40.24596869]],[[141.82394523,40.24601983],[141.82394523,40.24601983]],[[141.82303494,40.24670725],[141.82303494,40.24670725]],[[141.82340916,40.24695578],[141.82340916,40.24695578]],[[141.82363842,40.2473393],[141.82363842,40.2473393]],[[141.82386191,40.24743924],[141.82386191,40.24743924]],[[141.82420841,40.24755985],[141.82420841,40.24755985]],[[141.8245539,40.24836126],[141.8245539,40.24836126]],[[141.82453813,40.24843218],[141.82453813,40.24843218]],[[141.82377287,40.24848286],[141.82377287,40.24848286]],[[141.82419805,40.24855903],[141.82419805,40.24855903]],[[141.82449741,40.24876631],[141.82449741,40.24876631]],[[141.82512154,40.24914446],[141.82512154,40.24914446]],[[141.82454807,40.24966149],[141.82454807,40.24966149]],[[141.8250004,40.24971013],[141.8250004,40.24971013]],[[141.82486995,40.2498494],[141.82486995,40.2498494]],[[141.82494795,40.24993492],[141.82494795,40.24993492]],[[141.82562624,40.25018957],[141.82562624,40.25018957]],[[141.82451162,40.25040213],[141.82451162,40.25040213]],[[141.82439219,40.25086114],[141.82439219,40.25086114]],[[141.82452182,40.25095531],[141.82452182,40.25095531]],[[141.82405429,40.25112981],[141.82405429,40.25112981]],[[141.82420582,40.25196035],[141.82420582,40.25196035]],[[141.82422424,40.25215158],[141.82422424,40.25215158]],[[141.82310486,40.25224186],[141.82310486,40.25224186]],[[141.82409877,40.25291379],[141.82409877,40.25291379]],[[141.82449682,40.25292425],[141.82449682,40.25292425]],[[141.82348186,40.25322718],[141.82348186,40.25322718]],[[141.82246925,40.25338508],[141.82246925,40.25338508]],[[141.82205143,40.25347052],[141.82205143,40.25347052]],[[141.8231342,40.25360969],[141.8231342,40.25360969]],[[141.82176903,40.25358002],[141.82176903,40.25358002]],[[141.82390633,40.25361434],[141.82390633,40.25361434]],[[141.82181759,40.2536376],[141.82181759,40.2536376]],[[141.82365422,40.25374547],[141.82365422,40.25374547]],[[141.8224211,40.25372756],[141.8224211,40.25372756]],[[141.82273785,40.25378924],[141.82273785,40.25378924]],[[141.82130881,40.25377371],[141.82130881,40.25377371]],[[141.82144786,40.2538535],[141.82144786,40.2538535]],[[141.82217317,40.25465446],[141.82217317,40.25465446]],[[141.82276571,40.25469254],[141.82276571,40.25469254]],[[141.82121554,40.2547645],[141.82121554,40.2547645]],[[141.82144575,40.25491249],[141.82144575,40.25491249]],[[141.82316084,40.25505914],[141.82316084,40.25505914]],[[141.82303617,40.25514298],[141.82303617,40.25514298]],[[141.82239184,40.25507653],[141.82239184,40.25507653]],[[141.82275944,40.25524685],[141.82275944,40.25524685]],[[141.82195016,40.2552354],[141.82195016,40.2552354]],[[141.82172554,40.25532585],[141.82172554,40.25532585]],[[141.82096652,40.25535187],[141.82096652,40.25535187]],[[141.8209645,40.25542286],[141.8209645,40.25542286]],[[141.82097515,40.25571818],[141.82097515,40.25571818]],[[141.82057073,40.25577171],[141.82057073,40.25577171]],[[141.8207735,40.25582816],[141.8207735,40.25582816]],[[141.82063467,40.25588473],[141.82063467,40.25588473]],[[141.82114711,40.25593539],[141.82114711,40.25593539]],[[141.82120044,40.25602951],[141.82120044,40.25602951]],[[141.82085009,40.25598629],[141.82085009,40.25598629]],[[141.8209252,40.25639031],[141.8209252,40.25639031]],[[141.82218117,40.25641534],[141.82218117,40.25641534]],[[141.82118861,40.25643633],[141.82118861,40.25643633]],[[141.82094377,40.25646257],[141.82094377,40.25646257]],[[141.82121839,40.25650417],[141.82121839,40.25650417]],[[141.82024039,40.25654773],[141.82024039,40.25654773]],[[141.82051196,40.25658928],[141.82051196,40.25658928]],[[141.82167528,40.25660583],[141.82167528,40.25660583]],[[141.82170877,40.25661293],[141.82170877,40.25661293]],[[141.82191824,40.25701552],[141.82191824,40.25701552]],[[141.82143449,40.25707225],[141.82143449,40.25707225]],[[141.82111124,40.25720327],[141.82111124,40.25720327]],[[141.82016329,40.25731799],[141.82016329,40.25731799]],[[141.81996119,40.25738159],[141.81996119,40.25738159]],[[141.82107104,40.25737339],[141.82107104,40.25737339]],[[141.82004724,40.25740481],[141.82004724,40.25740481]],[[141.81981096,40.25893577],[141.81981096,40.25893577]],[[141.82045847,40.26005957],[141.82045847,40.26005957]],[[141.82047183,40.26052545],[141.82047183,40.26052545]],[[141.82024139,40.2619154],[141.82024139,40.2619154]],[[141.82022152,40.2619725],[141.82022152,40.2619725]],[[141.82043409,40.26200526],[141.82043409,40.26200526]],[[141.83840936,39.02484201],[141.83840936,39.02484201]],[[141.83534597,39.02475188],[141.83534597,39.02475188]],[[141.83443647,39.02480618],[141.83443647,39.02480618]],[[141.83308219,39.02482473],[141.83308219,39.02482473]],[[141.83398604,39.02493535],[141.83398604,39.02493535]],[[141.83232634,39.02496552],[141.83232634,39.02496552]],[[141.83407999,39.02499634],[141.83407999,39.02499634]],[[141.83388981,39.02496572],[141.83388981,39.02496572]],[[141.83409769,39.02500745],[141.83409769,39.02500745]],[[141.83242021,39.0250621],[141.83242021,39.0250621]],[[141.83791368,39.02502878],[141.83791368,39.02502878]],[[141.83396769,39.0251082],[141.83396769,39.0251082]],[[141.82914057,39.02532202],[141.82914057,39.02532202]],[[141.82946292,39.02545583],[141.82946292,39.02545583]],[[141.8381691,39.02560528],[141.8381691,39.02560528]],[[141.8299611,39.0256594],[141.8299611,39.0256594]],[[141.82765502,39.02574024],[141.82765502,39.02574024]],[[141.83906615,39.02586186],[141.83906615,39.02586186]],[[141.83853751,39.02597262],[141.83853751,39.02597262]],[[141.83931066,39.02599343],[141.83931066,39.02599343]],[[141.8391487,39.02610464],[141.8391487,39.02610464]],[[141.82840306,39.02620293],[141.82840306,39.02620293]],[[141.83684087,39.04178204],[141.83684087,39.04178204]],[[141.83677567,39.041868],[141.83677567,39.041868]],[[141.8366273,39.04210196],[141.8366273,39.04210196]],[[141.83661703,39.04219241],[141.83661703,39.04219241]],[[141.8361973,39.04248167],[141.8361973,39.04248167]],[[141.83390149,39.0426494],[141.83390149,39.0426494]],[[141.83398707,39.04272136],[141.83398707,39.04272136]],[[141.83421807,39.04276009],[141.83421807,39.04276009]],[[141.83594747,39.04280235],[141.83594747,39.04280235]],[[141.83567127,39.04291651],[141.83567127,39.04291651]],[[141.83431591,39.04285059],[141.83431591,39.04285059]],[[141.83530305,39.04291131],[141.83530305,39.04291131]],[[141.83260449,39.04346946],[141.83260449,39.04346946]],[[141.83269494,39.04351085],[141.83269494,39.04351085]],[[141.83254494,39.04357258],[141.83254494,39.04357258]],[[141.83264571,39.04362378],[141.83264571,39.04362378]],[[141.83235682,39.04379787],[141.83235682,39.04379787]],[[141.83163842,39.04408444],[141.83163842,39.04408444]],[[141.83127184,39.04416424],[141.83127184,39.04416424]],[[141.82796087,39.04502958],[141.82796087,39.04502958]],[[141.82723895,39.04619699],[141.82723895,39.04619699]],[[141.83370756,39.05742303],[141.83370756,39.05742303]],[[141.8336452,39.0579328],[141.8336452,39.0579328]],[[141.8310997,39.05816919],[141.8310997,39.05816919]],[[141.83013651,39.0581576],[141.83013651,39.0581576]],[[141.82990652,39.05815336],[141.82990652,39.05815336]],[[141.829909,39.05821478],[141.829909,39.05821478]],[[141.83033873,39.0582664],[141.83033873,39.0582664]],[[141.8302211,39.05823336],[141.8302211,39.05823336]],[[141.83020416,39.05825269],[141.83020416,39.05825269]],[[141.83029873,39.05836287],[141.83029873,39.05836287]],[[141.82811109,39.05847163],[141.82811109,39.05847163]],[[141.83138202,39.05855854],[141.83138202,39.05855854]],[[141.83131298,39.05855454],[141.83131298,39.05855454]],[[141.82757895,39.05860607],[141.82757895,39.05860607]],[[141.82796457,39.05862684],[141.82796457,39.05862684]],[[141.83163236,39.05905627],[141.83163236,39.05905627]],[[141.8317017,39.05913936],[141.8317017,39.05913936]],[[141.83206394,39.05916509],[141.83206394,39.05916509]],[[141.83165575,39.05918245],[141.83165575,39.05918245]],[[141.83306366,39.05933164],[141.83306366,39.05933164]],[[141.83285144,39.05941633],[141.83285144,39.05941633]],[[141.83438956,39.05952322],[141.83438956,39.05952322]],[[141.83400546,39.05947211],[141.83400546,39.05947211]],[[141.8363099,39.059704],[141.8363099,39.059704]],[[141.83592115,39.05965105],[141.83592115,39.05965105]],[[141.83411473,39.05991159],[141.83411473,39.05991159]],[[141.83555916,39.05995341],[141.83555916,39.05995341]],[[141.83568525,39.0599725],[141.83568525,39.0599725]],[[141.83411017,39.06005531],[141.83411017,39.06005531]],[[141.83755036,39.06012771],[141.83755036,39.06012771]],[[141.83601205,39.06024544],[141.83601205,39.06024544]],[[141.836862,39.0602866],[141.836862,39.0602866]],[[141.83608554,39.06035913],[141.83608554,39.06035913]],[[141.83679975,39.06037829],[141.83679975,39.06037829]],[[141.83718492,39.06038209],[141.83718492,39.06038209]],[[141.83725999,39.06040397],[141.83725999,39.06040397]],[[141.8379579,39.06045489],[141.8379579,39.06045489]],[[141.83748573,39.06054085],[141.83748573,39.06054085]],[[141.83494149,39.07350345],[141.83494149,39.07350345]],[[141.83477825,39.07424218],[141.83477825,39.07424218]],[[141.83398096,39.07475015],[141.83398096,39.07475015]],[[141.83445088,39.07475999],[141.83445088,39.07475999]],[[141.83410614,39.07490709],[141.83410614,39.07490709]],[[141.83446874,39.07487938],[141.83446874,39.07487938]],[[141.833097,39.07494051],[141.833097,39.07494051]],[[141.83405952,39.07492857],[141.83405952,39.07492857]],[[141.83135956,39.07498999],[141.83135956,39.07498999]],[[141.83298296,39.07517877],[141.83298296,39.07517877]],[[141.83288053,39.07518487],[141.83288053,39.07518487]],[[141.83268763,39.0752576],[141.83268763,39.0752576]],[[141.82903641,39.07524505],[141.82903641,39.07524505]],[[141.83314294,39.07527991],[141.83314294,39.07527991]],[[141.82823083,39.07528121],[141.82823083,39.07528121]],[[141.83319879,39.07532349],[141.83319879,39.07532349]],[[141.82963377,39.07534292],[141.82963377,39.07534292]],[[141.83312735,39.07546985],[141.83312735,39.07546985]],[[141.83031064,39.07541505],[141.83031064,39.07541505]],[[141.83318632,39.07567563],[141.83318632,39.07567563]],[[141.83274667,39.07575615],[141.83274667,39.07575615]],[[141.8330387,39.07599282],[141.8330387,39.07599282]],[[141.83932052,39.10355937],[141.83932052,39.10355937]],[[141.83494086,39.10428242],[141.83494086,39.10428242]],[[141.83735787,39.1043273],[141.83735787,39.1043273]],[[141.83696699,39.10433697],[141.83696699,39.10433697]],[[141.83162524,39.10566056],[141.83162524,39.10566056]],[[141.83072013,39.10637932],[141.83072013,39.10637932]],[[141.83059241,39.10644726],[141.83059241,39.10644726]],[[141.83881463,40.07013809],[141.83881463,40.07013809]],[[141.83880735,40.07024912],[141.83880735,40.07024912]],[[141.83842545,40.07040302],[141.83842545,40.07040302]],[[141.83841235,40.07076449],[141.83841235,40.07076449]],[[141.83819573,40.07087004],[141.83819573,40.07087004]],[[141.83821494,40.07096515],[141.83821494,40.07096515]],[[141.83781745,40.07098401],[141.83781745,40.07098401]],[[141.83288261,40.07788983],[141.83288261,40.07788983]],[[141.83299042,40.07793403],[141.83299042,40.07793403]],[[141.833019,40.07804528],[141.833019,40.07804528]],[[141.83329328,40.0781764],[141.83329328,40.0781764]],[[141.83307065,40.07823335],[141.83307065,40.07823335]],[[141.83327533,40.07832714],[141.83327533,40.07832714]],[[141.82925127,40.08927761],[141.82925127,40.08927761]],[[141.82928508,40.08927201],[141.82928508,40.08927201]],[[141.82975433,40.08956618],[141.82975433,40.08956618]],[[141.82989942,40.08958349],[141.82989942,40.08958349]],[[141.83028546,40.08973634],[141.83028546,40.08973634]],[[141.83021763,40.08978908],[141.83021763,40.08978908]],[[141.83947075,40.17377675],[141.83947075,40.17377675]],[[141.83783754,40.17493693],[141.83783754,40.17493693]],[[141.83832313,40.17516571],[141.83832313,40.17516571]],[[141.83821413,40.17519486],[141.83821413,40.17519486]],[[141.83829565,40.17526971],[141.83829565,40.17526971]],[[141.83881136,40.17544617],[141.83881136,40.17544617]],[[141.83811511,40.17554265],[141.83811511,40.17554265]],[[141.83840968,40.17565996],[141.83840968,40.17565996]],[[141.83804451,40.17568359],[141.83804451,40.17568359]],[[141.83871233,40.17572165],[141.83871233,40.17572165]],[[141.83830442,40.17591126],[141.83830442,40.17591126]],[[141.8383751,40.17593442],[141.8383751,40.17593442]],[[141.83871995,40.17595917],[141.83871995,40.17595917]],[[141.83915323,40.17609501],[141.83915323,40.17609501]],[[141.83577187,40.17618892],[141.83577187,40.17618892]],[[141.83573773,40.17622299],[141.83573773,40.17622299]],[[141.83559288,40.17625685],[141.83559288,40.17625685]],[[141.83619615,40.17627224],[141.83619615,40.17627224]],[[141.83579189,40.17632042],[141.83579189,40.17632042]],[[141.83605536,40.17639929],[141.83605536,40.17639929]],[[141.83912161,40.17664919],[141.83912161,40.17664919]],[[141.8358873,40.17646911],[141.8358873,40.17646911]],[[141.8361108,40.17659272],[141.8361108,40.17659272]],[[141.8383366,40.17685127],[141.8383366,40.17685127]],[[141.83508285,40.17706591],[141.83508285,40.17706591]],[[141.83492197,40.17739181],[141.83492197,40.17739181]],[[141.83690082,40.17783851],[141.83690082,40.17783851]],[[141.83485284,40.17769674],[141.83485284,40.17769674]],[[141.83496741,40.17787021],[141.83496741,40.17787021]],[[141.83601192,40.17804283],[141.83601192,40.17804283]],[[141.83340882,40.17822395],[141.83340882,40.17822395]],[[141.8355078,40.17826317],[141.8355078,40.17826317]],[[141.83545066,40.17843398],[141.83545066,40.17843398]],[[141.83383624,40.17876849],[141.83383624,40.17876849]],[[141.83575857,40.17870764],[141.83575857,40.17870764]],[[141.83644868,40.17879001],[141.83644868,40.17879001]],[[141.83675981,40.17885099],[141.83675981,40.17885099]],[[141.82982056,40.17887004],[141.82982056,40.17887004]],[[141.8284442,40.17889728],[141.8284442,40.17889728]],[[141.8293303,40.17891587],[141.8293303,40.17891587]],[[141.82847293,40.17891081],[141.82847293,40.17891081]],[[141.82989193,40.17897318],[141.82989193,40.17897318]],[[141.82967254,40.17891347],[141.82967254,40.17891347]],[[141.82836431,40.17896552],[141.82836431,40.17896552]],[[141.82939846,40.17895969],[141.82939846,40.17895969]],[[141.82817877,40.17902115],[141.82817877,40.17902115]],[[141.83427983,40.17909493],[141.83427983,40.17909493]],[[141.82789874,40.17911155],[141.82789874,40.17911155]],[[141.83645084,40.17933534],[141.83645084,40.17933534]],[[141.83215533,40.17922946],[141.83215533,40.17922946]],[[141.83246559,40.17921642],[141.83246559,40.17921642]],[[141.82786664,40.17925251],[141.82786664,40.17925251]],[[141.82728994,40.17933014],[141.82728994,40.17933014]],[[141.83081403,40.17946268],[141.83081403,40.17946268]],[[141.82818353,40.17961258],[141.82818353,40.17961258]],[[141.8285517,40.17960032],[141.8285517,40.17960032]],[[141.83073201,40.17965081],[141.83073201,40.17965081]],[[141.83067327,40.17971283],[141.83067327,40.17971283]],[[141.82835065,40.17979136],[141.82835065,40.17979136]],[[141.83068889,40.17996858],[141.83068889,40.17996858]],[[141.83214965,40.18013962],[141.83214965,40.18013962]],[[141.82762322,40.18010438],[141.82762322,40.18010438]],[[141.82734942,40.18026723],[141.82734942,40.18026723]],[[141.82852725,40.1802979],[141.82852725,40.1802979]],[[141.82798953,40.1803508],[141.82798953,40.1803508]],[[141.83215938,40.18045018],[141.83215938,40.18045018]],[[141.82796577,40.18050141],[141.82796577,40.18050141]],[[141.82748874,40.18054559],[141.82748874,40.18054559]],[[141.82798646,40.18058329],[141.82798646,40.18058329]],[[141.82806594,40.18053351],[141.82806594,40.18053351]],[[141.82742109,40.1806892],[141.82742109,40.1806892]],[[141.83201328,40.18072127],[141.83201328,40.18072127]],[[141.83813057,40.18247245],[141.84285458,40.18858428],[141.83813057,40.18247245]],[[141.837417,40.20828314],[141.83563405,40.21372885],[141.837417,40.20828314]],[[141.83574239,40.21767627],[141.83574239,40.21767627]],[[141.83936004,40.21832649],[141.83936004,40.21832649]],[[141.83481198,40.21837639],[141.83481198,40.21837639]],[[141.83496847,40.21865522],[141.83496847,40.21865522]],[[141.83524001,40.21888858],[141.83524001,40.21888858]],[[141.83414052,40.21926122],[141.83414052,40.21926122]],[[141.83368039,40.21925854],[141.83368039,40.21925854]],[[141.83379436,40.21926666],[141.83379436,40.21926666]],[[141.8318759,40.22008588],[141.8318759,40.22008588]],[[141.83087359,40.22063933],[141.83087359,40.22063933]],[[141.83081223,40.22067678],[141.83081223,40.22067678]],[[141.83295795,40.2209699],[141.83295795,40.2209699]],[[141.83314825,40.2209669],[141.83314825,40.2209669]],[[141.83305601,40.22191762],[141.83305601,40.22191762]],[[141.83290974,40.2219668],[141.83290974,40.2219668]],[[141.83372751,40.22305313],[141.83372751,40.22305313]],[[141.83421733,40.22343473],[141.83421733,40.22343473]],[[141.83288147,40.22349599],[141.83288147,40.22349599]],[[141.83314252,40.22388614],[141.83314252,40.22388614]],[[141.83362152,40.22389957],[141.83362152,40.22389957]],[[141.83211663,40.22415656],[141.83211663,40.22415656]],[[141.83183176,40.22444173],[141.83183176,40.22444173]],[[141.83206803,40.22448805],[141.83206803,40.22448805]],[[141.83105834,40.22607164],[141.83105834,40.22607164]],[[141.83184249,40.2286928],[141.83184249,40.2286928]],[[141.83132022,40.22883186],[141.83132022,40.22883186]],[[141.83159358,40.22883446],[141.83159358,40.22883446]],[[141.83151658,40.22907244],[141.83151658,40.22907244]],[[141.83209486,40.22909916],[141.83209486,40.22909916]],[[141.83330062,40.23136893],[141.83330062,40.23136893]],[[141.83358025,40.23162931],[141.83358025,40.23162931]],[[141.83220313,40.23195635],[141.83220313,40.23195635]],[[141.83213358,40.23222228],[141.83213358,40.23222228]],[[141.83227881,40.23350806],[141.83227881,40.23350806]],[[141.83224633,40.23353761],[141.83224633,40.23353761]],[[141.83231968,40.23366649],[141.83231968,40.23366649]],[[141.83303789,40.23365623],[141.83303789,40.23365623]],[[141.83214302,40.23380824],[141.83214302,40.23380824]],[[141.83238812,40.23410983],[141.83238812,40.23410983]],[[141.83367838,40.23432898],[141.83367838,40.23432898]],[[141.8319027,40.23508023],[141.8319027,40.23508023]],[[141.83242878,40.23516496],[141.83242878,40.23516496]],[[141.83198647,40.23524668],[141.83198647,40.23524668]],[[141.83344934,40.23523197],[141.83344934,40.23523197]],[[141.83154126,40.23590709],[141.83154126,40.23590709]],[[141.82995869,40.23806725],[141.82995869,40.23806725]],[[141.82982263,40.23822117],[141.82982263,40.23822117]],[[141.82979176,40.23822468],[141.82979176,40.23822468]],[[141.82968424,40.23827289],[141.82968424,40.23827289]],[[141.82969926,40.23834373],[141.82969926,40.23834373]],[[141.82978861,40.23833783],[141.82978861,40.23833783]],[[141.82996139,40.23850765],[141.82996139,40.23850765]],[[141.82991551,40.23884137],[141.82991551,40.23884137]],[[141.82993927,40.23903507],[141.82993927,40.23903507]],[[141.82975812,40.23915985],[141.82975812,40.23915985]],[[141.82963448,40.23939958],[141.82963448,40.23939958]],[[141.82949165,40.23966227],[141.82949165,40.23966227]],[[141.83126981,40.23996668],[141.83126981,40.23996668]],[[141.83130798,40.2400447],[141.83130798,40.2400447]],[[141.83218182,40.24009535],[141.83218182,40.24009535]],[[141.8291286,40.24007032],[141.8291286,40.24007032]],[[141.82936318,40.24009397],[141.82936318,40.24009397]],[[141.83164816,40.24014472],[141.83164816,40.24014472]],[[141.83179839,40.24024313],[141.83179839,40.24024313]],[[141.83170319,40.240267],[141.83170319,40.240267]],[[141.83278687,40.2403215],[141.83278687,40.2403215]],[[141.83071676,40.24106529],[141.83071676,40.24106529]],[[141.83029302,40.24135859],[141.83029302,40.24135859]],[[141.83026049,40.2414882],[141.83026049,40.2414882]],[[141.82991305,40.24154289],[141.82991305,40.24154289]],[[141.83069665,40.24164935],[141.83069665,40.24164935]],[[141.82988923,40.24161731],[141.82988923,40.24161731]],[[141.83022092,40.24161076],[141.83022092,40.24161076]],[[141.83039579,40.24168968],[141.83039579,40.24168968]],[[141.82997394,40.2416717],[141.82997394,40.2416717]],[[141.83007196,40.24179956],[141.83007196,40.24179956]],[[141.82741283,40.2431789],[141.82741283,40.2431789]],[[141.82719402,40.24319726],[141.82719402,40.24319726]],[[141.8286069,40.24401858],[141.8286069,40.24401858]],[[141.82781457,40.24433675],[141.82781457,40.24433675]],[[141.84100114,39.02522646],[141.84100114,39.02522646]],[[141.84033895,39.02527623],[141.84033895,39.02527623]],[[141.84142236,39.02526949],[141.84142236,39.02526949]],[[141.84124406,39.02527931],[141.84124406,39.02527931]],[[141.84039532,39.02534997],[141.84039532,39.02534997]],[[141.84013293,39.02541566],[141.84013293,39.02541566]],[[141.8397853,39.02569179],[141.8397853,39.02569179]],[[141.84553147,39.02573657],[141.84553147,39.02573657]],[[141.84574757,39.02591702],[141.84574757,39.02591702]],[[141.84602283,39.02593661],[141.84602283,39.02593661]],[[141.83959934,39.02601517],[141.83959934,39.02601517]],[[141.84494598,39.0260145],[141.84494598,39.0260145]],[[141.84402169,39.02599586],[141.84402169,39.02599586]],[[141.84339115,39.02600591],[141.84339115,39.02600591]],[[141.84553564,39.02608651],[141.84553564,39.02608651]],[[141.84380174,39.026081],[141.84380174,39.026081]],[[141.84370807,39.02608028],[141.84370807,39.02608028]],[[141.8461713,39.02614341],[141.8461713,39.02614341]],[[141.84774724,39.02627916],[141.84774724,39.02627916]],[[141.84887654,39.02630753],[141.84887654,39.02630753]],[[141.84832979,39.0264104],[141.84832979,39.0264104]],[[141.84254047,39.02659908],[141.84254047,39.02659908]],[[141.84312441,39.02660141],[141.84312441,39.02660141]],[[141.84268291,39.02666704],[141.84268291,39.02666704]],[[141.84952623,39.02668275],[141.84952623,39.02668275]],[[141.84852918,39.02667314],[141.84852918,39.02667314]],[[141.84938415,39.02698793],[141.84938415,39.02698793]],[[141.84986065,39.02777641],[141.84986065,39.02777641]],[[141.85108083,39.02807602],[141.85108083,39.02807602]],[[141.84997263,39.02822495],[141.84997263,39.02822495]],[[141.85103857,39.02852806],[141.85103857,39.02852806]],[[141.85050667,39.0308437],[141.85050667,39.0308437]],[[141.85084493,39.03106722],[141.85084493,39.03106722]],[[141.85026298,39.03113499],[141.85026298,39.03113499]],[[141.85014244,39.03187094],[141.85014244,39.03187094]],[[141.85016056,39.03194213],[141.85016056,39.03194213]],[[141.85017121,39.0320568],[141.85017121,39.0320568]],[[141.85020571,39.03207821],[141.85020571,39.03207821]],[[141.85102926,39.03321787],[141.85102926,39.03321787]],[[141.85105405,39.03333486],[141.85105405,39.03333486]],[[141.84985926,39.03371038],[141.84985926,39.03371038]],[[141.85012725,39.03368768],[141.85012725,39.03368768]],[[141.84988834,39.03386129],[141.84988834,39.03386129]],[[141.850031,39.03412066],[141.850031,39.03412066]],[[141.84996078,39.03416955],[141.84996078,39.03416955]],[[141.84985874,39.03422251],[141.84985874,39.03422251]],[[141.84981309,39.034252],[141.84981309,39.034252]],[[141.85195898,39.03505547],[141.85195898,39.03505547]],[[141.84960706,39.03447955],[141.84960706,39.03447955]],[[141.8495049,39.03473447],[141.8495049,39.03473447]],[[141.85061703,39.03490872],[141.85061703,39.03490872]],[[141.85111078,39.03495451],[141.85111078,39.03495451]],[[141.84921718,39.03511316],[141.84921718,39.03511316]],[[141.8491259,39.03511909],[141.8491259,39.03511909]],[[141.8493123,39.0371901],[141.8493123,39.0371901]],[[141.8502878,39.03730591],[141.8502878,39.03730591]],[[141.84937997,39.03737454],[141.84937997,39.03737454]],[[141.85001626,39.03748521],[141.85001626,39.03748521]],[[141.84836741,39.03754983],[141.84836741,39.03754983]],[[141.84974708,39.0374489],[141.84974708,39.0374489]],[[141.84872401,39.03764096],[141.84872401,39.03764096]],[[141.84923148,39.03766068],[141.84923148,39.03766068]],[[141.84926361,39.03779084],[141.84926361,39.03779084]],[[141.84942388,39.0380287],[141.84942388,39.0380287]],[[141.8481115,39.03806319],[141.8481115,39.03806319]],[[141.84801036,39.03815442],[141.84801036,39.03815442]],[[141.84734182,39.03818816],[141.84734182,39.03818816]],[[141.8446818,39.0384089],[141.8446818,39.0384089]],[[141.84759877,39.03848365],[141.84759877,39.03848365]],[[141.84518048,39.03854006],[141.84518048,39.03854006]],[[141.84465013,39.03852871],[141.84465013,39.03852871]],[[141.84508949,39.03854229],[141.84508949,39.03854229]],[[141.8464091,39.03853696],[141.8464091,39.03853696]],[[141.84439739,39.03919239],[141.84439739,39.03919239]],[[141.84494157,39.03977636],[141.84494157,39.03977636]],[[141.8442307,39.0398726],[141.8442307,39.0398726]],[[141.84424021,39.04016691],[141.84424021,39.04016691]],[[141.84434412,39.04026141],[141.84434412,39.04026141]],[[141.84057642,39.04028905],[141.84057642,39.04028905]],[[141.84434301,39.04028844],[141.84434301,39.04028844]],[[141.84040331,39.04046234],[141.84040331,39.04046234]],[[141.8412694,39.04047801],[141.8412694,39.04047801]],[[141.84108256,39.04051422],[141.84108256,39.04051422]],[[141.84152984,39.04054008],[141.84152984,39.04054008]],[[141.84058582,39.04056895],[141.84058582,39.04056895]],[[141.84075023,39.04060384],[141.84075023,39.04060384]],[[141.84057564,39.04063282],[141.84057564,39.04063282]],[[141.84267099,39.04082423],[141.84267099,39.04082423]],[[141.84268625,39.04108507],[141.84268625,39.04108507]],[[141.84271318,39.04112727],[141.84271318,39.04112727]],[[141.85003262,39.05663532],[141.85003262,39.05663532]],[[141.85084297,39.05698669],[141.85084297,39.05698669]],[[141.84975772,39.05724469],[141.84975772,39.05724469]],[[141.84988642,39.05774416],[141.84988642,39.05774416]],[[141.85025908,39.0578518],[141.85025908,39.0578518]],[[141.84916756,39.05820534],[141.84916756,39.05820534]],[[141.85046807,39.05839705],[141.85046807,39.05839705]],[[141.84803018,39.05850487],[141.84803018,39.05850487]],[[141.84829971,39.05851918],[141.84829971,39.05851918]],[[141.85021338,39.05858061],[141.85021338,39.05858061]],[[141.85033027,39.05877138],[141.85033027,39.05877138]],[[141.8481327,39.05857973],[141.8481327,39.05857973]],[[141.84809844,39.05874506],[141.84809844,39.05874506]],[[141.84736577,39.05928454],[141.84736577,39.05928454]],[[141.84636323,39.0593265],[141.84636323,39.0593265]],[[141.84476484,39.05951405],[141.84476484,39.05951405]],[[141.84483699,39.05952676],[141.84483699,39.05952676]],[[141.84358744,39.05959443],[141.84358744,39.05959443]],[[141.8448725,39.05961013],[141.8448725,39.05961013]],[[141.84463975,39.05968017],[141.84463975,39.05968017]],[[141.84503102,39.0596184],[141.84503102,39.0596184]],[[141.84534997,39.05964554],[141.84534997,39.05964554]],[[141.84158328,39.05965493],[141.84158328,39.05965493]],[[141.84507006,39.05966553],[141.84507006,39.05966553]],[[141.84156527,39.05971229],[141.84156527,39.05971229]],[[141.84540278,39.05969445],[141.84540278,39.05969445]],[[141.84524935,39.05976019],[141.84524935,39.05976019]],[[141.84483593,39.0598244],[141.84483593,39.0598244]],[[141.84148198,39.05994127],[141.84148198,39.05994127]],[[141.84117716,39.06000543],[141.84117716,39.06000543]],[[141.84106112,39.06003463],[141.84106112,39.06003463]],[[141.84125817,39.06010338],[141.84125817,39.06010338]],[[141.84085118,39.06015725],[141.84085118,39.06015725]],[[141.84098682,39.06016481],[141.84098682,39.06016481]],[[141.84050945,39.06021002],[141.84050945,39.06021002]],[[141.8399032,39.0603574],[141.8399032,39.0603574]],[[141.84027362,39.06034799],[141.84027362,39.06034799]],[[141.84014371,39.06044234],[141.84014371,39.06044234]],[[141.8495887,39.07328987],[141.8495887,39.07328987]],[[141.85114741,39.07334366],[141.85114741,39.07334366]],[[141.84887166,39.07348629],[141.84887166,39.07348629]],[[141.84862667,39.07358355],[141.84862667,39.07358355]],[[141.84787604,39.07367881],[141.84787604,39.07367881]],[[141.84746853,39.07405656],[141.84746853,39.07405656]],[[141.84734565,39.07413537],[141.84734565,39.07413537]],[[141.84474173,39.07624952],[141.84474173,39.07624952]],[[141.84453125,39.07637692],[141.84453125,39.07637692]],[[141.84386982,39.07644067],[141.84386982,39.07644067]],[[141.84434335,39.07642711],[141.84434335,39.07642711]],[[141.84211454,39.10347496],[141.84211454,39.10347496]],[[141.84217891,39.10352151],[141.84217891,39.10352151]],[[141.8400445,39.10356753],[141.8400445,39.10356753]],[[141.84126567,39.10358697],[141.84126567,39.10358697]],[[141.84265901,39.10362447],[141.84265901,39.10362447]],[[141.84397889,39.10370563],[141.84397889,39.10370563]],[[141.84794704,39.10407806],[141.84794704,39.10407806]],[[141.84779363,39.10418371],[141.84779363,39.10418371]],[[141.85104852,39.10422075],[141.85104852,39.10422075]],[[141.85084484,39.13824999],[141.85084484,39.13824999]],[[141.85090348,39.13825768],[141.85090348,39.13825768]],[[141.84916562,39.1401641],[141.84916562,39.1401641]],[[141.84902183,39.14050217],[141.84902183,39.14050217]],[[141.84884751,39.14078357],[141.84884751,39.14078357]],[[141.84847134,39.14148453],[141.84847134,39.14148453]],[[141.84456141,39.14284011],[141.84456141,39.14284011]],[[141.84410798,39.14297087],[141.84410798,39.14297087]],[[141.84386004,39.14310598],[141.84386004,39.14310598]],[[141.8438261,39.15403152],[141.8438261,39.15403152]],[[141.84407849,39.15424562],[141.84407849,39.15424562]],[[141.84430402,39.15427232],[141.84430402,39.15427232]],[[141.84450939,39.15464428],[141.84450939,39.15464428]],[[141.84465301,39.15474428],[141.84465301,39.15474428]],[[141.85114899,39.15654925],[141.85114899,39.15654925]],[[141.85087319,40.05753808],[141.85087319,40.05753808]],[[141.84971157,40.05932532],[141.84971157,40.05932532]],[[141.84966674,40.05940082],[141.84966674,40.05940082]],[[141.85028071,40.05943254],[141.85028071,40.05943254]],[[141.84995555,40.05948728],[141.84995555,40.05948728]],[[141.84952338,40.0594953],[141.84952338,40.0594953]],[[141.84940713,40.05960693],[141.84940713,40.05960693]],[[141.84983349,40.05988636],[141.84983349,40.05988636]],[[141.84929184,40.06009222],[141.84929184,40.06009222]],[[141.85006905,40.06006487],[141.85006905,40.06006487]],[[141.84948763,40.06002341],[141.84948763,40.06002341]],[[141.8487996,40.0603962],[141.8487996,40.0603962]],[[141.84895176,40.06037334],[141.84895176,40.06037334]],[[141.84871047,40.06043238],[141.84871047,40.06043238]],[[141.84966144,40.06050312],[141.84966144,40.06050312]],[[141.84890425,40.06060811],[141.84890425,40.06060811]],[[141.84916402,40.06083812],[141.84916402,40.06083812]],[[141.84870517,40.06080278],[141.84870517,40.06080278]],[[141.84838485,40.06080405],[141.84838485,40.06080405]],[[141.84809045,40.06081564],[141.84809045,40.06081564]],[[141.84866729,40.06089534],[141.84866729,40.06089534]],[[141.84880977,40.06097831],[141.84880977,40.06097831]],[[141.84950479,40.06113902],[141.84950479,40.06113902]],[[141.84805475,40.06111147],[141.84805475,40.06111147]],[[141.84735742,40.06109559],[141.84735742,40.06109559]],[[141.8478886,40.06109996],[141.8478886,40.06109996]],[[141.84841634,40.06122061],[141.84841634,40.06122061]],[[141.84807996,40.06131732],[141.84807996,40.06131732]],[[141.8478363,40.06130387],[141.8478363,40.06130387]],[[141.84859479,40.06136478],[141.84859479,40.06136478]],[[141.84823028,40.06132104],[141.84823028,40.06132104]],[[141.84720628,40.06150322],[141.84720628,40.06150322]],[[141.84698892,40.06150133],[141.84698892,40.06150133]],[[141.84842533,40.06164422],[141.84842533,40.06164422]],[[141.84709564,40.06177286],[141.84709564,40.06177286]],[[141.84677777,40.06217842],[141.84677777,40.06217842]],[[141.84632239,40.06229004],[141.84632239,40.06229004]],[[141.84612521,40.06224195],[141.84612521,40.06224195]],[[141.84661683,40.06243175],[141.84661683,40.06243175]],[[141.84609972,40.06266513],[141.84609972,40.06266513]],[[141.84569971,40.06266205],[141.84569971,40.06266205]],[[141.84485856,40.06421685],[141.84485856,40.06421685]],[[141.84471676,40.06440183],[141.84471676,40.06440183]],[[141.84350549,40.06598831],[141.84350549,40.06598831]],[[141.84166515,40.06780101],[141.84166515,40.06780101]],[[141.84151276,40.06780972],[141.84151276,40.06780972]],[[141.84173226,40.06787554],[141.84173226,40.06787554]],[[141.84153204,40.06797932],[141.84153204,40.06797932]],[[141.84157515,40.06806505],[141.84157515,40.06806505]],[[141.84174959,40.06806516],[141.84174959,40.06806516]],[[141.84149425,40.06811214],[141.84149425,40.06811214]],[[141.8407002,40.06908683],[141.8407002,40.06908683]],[[141.85117091,40.13415541],[141.85117091,40.13415541]],[[141.85251624,40.16952591],[141.85251624,40.16952591]],[[141.84663481,40.16958366],[141.84663481,40.16958366]],[[141.84648267,40.1699557],[141.84648267,40.1699557]],[[141.84650939,40.16992025],[141.84650939,40.16992025]],[[141.84612988,40.17030402],[141.84612988,40.17030402]],[[141.84664433,40.17071238],[141.84664433,40.17071238]],[[141.84559355,40.17067401],[141.84559355,40.17067401]],[[141.84598271,40.17066322],[141.84598271,40.17066322]],[[141.84569386,40.17076365],[141.84569386,40.17076365]],[[141.84520468,40.17079044],[141.84520468,40.17079044]],[[141.84532148,40.17079717],[141.84532148,40.17079717]],[[141.84504489,40.17080589],[141.84504489,40.17080589]],[[141.84693627,40.17087482],[141.84693627,40.17087482]],[[141.84556047,40.17093559],[141.84556047,40.17093559]],[[141.84632445,40.17092917],[141.84632445,40.17092917]],[[141.84520537,40.17102687],[141.84520537,40.17102687]],[[141.84540615,40.17109869],[141.84540615,40.17109869]],[[141.84537436,40.17129846],[141.84537436,40.17129846]],[[141.84596533,40.17123097],[141.84596533,40.17123097]],[[141.84633844,40.17128607],[141.84633844,40.17128607]],[[141.84483317,40.17146811],[141.84483317,40.17146811]],[[141.8454586,40.1714684],[141.8454586,40.1714684]],[[141.84570655,40.17144336],[141.84570655,40.17144336]],[[141.84540293,40.17158543],[141.84540293,40.17158543]],[[141.84411733,40.17172834],[141.84411733,40.17172834]],[[141.84451494,40.17181214],[141.84451494,40.17181214]],[[141.84495536,40.17181361],[141.84495536,40.17181361]],[[141.84436283,40.17188669],[141.84436283,40.17188669]],[[141.84358722,40.17187014],[141.84358722,40.17187014]],[[141.84487855,40.17187507],[141.84487855,40.17187507]],[[141.84344865,40.17191566],[141.84344865,40.17191566]],[[141.84411546,40.17194316],[141.84411546,40.17194316]],[[141.84355869,40.17200477],[141.84355869,40.17200477]],[[141.84486267,40.172024],[141.84486267,40.172024]],[[141.84432658,40.17207813],[141.84432658,40.17207813]],[[141.84293991,40.17206583],[141.84293991,40.17206583]],[[141.84356862,40.17213627],[141.84356862,40.17213627]],[[141.84561506,40.1722081],[141.84561506,40.1722081]],[[141.84347735,40.17224415],[141.84347735,40.17224415]],[[141.84165781,40.17236665],[141.84165781,40.17236665]],[[141.84370126,40.17243458],[141.84370126,40.17243458]],[[141.84370995,40.17244243],[141.84370995,40.17244243]],[[141.84155309,40.17250222],[141.84155309,40.17250222]],[[141.84332287,40.17253119],[141.84332287,40.17253119]],[[141.8438696,40.17257514],[141.8438696,40.17257514]],[[141.84180131,40.17262245],[141.84180131,40.17262245]],[[141.84145639,40.1726804],[141.84145639,40.1726804]],[[141.84179533,40.17274968],[141.84179533,40.17274968]],[[141.8426924,40.17276168],[141.8426924,40.17276168]],[[141.84157034,40.17277929],[141.84157034,40.17277929]],[[141.84166564,40.17289599],[141.84166564,40.17289599]],[[141.84184418,40.1729646],[141.84184418,40.1729646]],[[141.84129228,40.17299985],[141.84129228,40.17299985]],[[141.84553744,40.17318707],[141.84553744,40.17318707]],[[141.84350147,40.17322926],[141.84350147,40.17322926]],[[141.8400945,40.17374854],[141.8400945,40.17374854]],[[141.84022872,40.17380475],[141.84022872,40.17380475]],[[141.83988435,40.17390843],[141.83988435,40.17390843]],[[141.84047895,40.17401368],[141.84047895,40.17401368]],[[141.84051471,40.174169],[141.84051471,40.174169]],[[141.84085438,40.17444723],[141.84085438,40.17444723]],[[141.84120521,40.17454271],[141.84120521,40.17454271]],[[141.84050365,40.174588],[141.84050365,40.174588]],[[141.8408937,40.17478698],[141.8408937,40.17478698]],[[141.84020838,40.17501117],[141.84020838,40.17501117]],[[141.83999096,40.17534703],[141.83999096,40.17534703]],[[141.84067402,40.17597074],[141.84067402,40.17597074]],[[141.84044393,40.19916626],[141.84260756,40.19327715],[141.84044393,40.19916626]],[[141.85246494,39.0285384],[141.85246494,39.0285384]],[[141.8531889,39.02945039],[141.8531889,39.02945039]],[[141.8533861,39.02952595],[141.8533861,39.02952595]],[[141.85252494,39.02993381],[141.85252494,39.02993381]],[[141.85130396,39.03007266],[141.85130396,39.03007266]],[[141.85191124,39.03021068],[141.85191124,39.03021068]],[[141.85191161,39.0302441],[141.85191161,39.0302441]],[[141.85159659,39.03045629],[141.85159659,39.03045629]],[[141.85163161,39.03044202],[141.85163161,39.03044202]],[[141.85114734,39.03123961],[141.85114734,39.03123961]],[[141.85179368,39.03160295],[141.85179368,39.03160295]],[[141.85143744,39.03243725],[141.85143744,39.03243725]],[[141.85151051,39.03246634],[141.85151051,39.03246634]],[[141.85175615,39.03264131],[141.85175615,39.03264131]],[[141.85178365,39.03393727],[141.85178365,39.03393727]],[[141.85196397,39.03514595],[141.85196397,39.03514595]],[[141.85203768,39.0572466],[141.85203768,39.0572466]],[[141.85205568,39.05765497],[141.85205568,39.05765497]],[[141.85179916,39.05758947],[141.85179916,39.05758947]],[[141.85161301,39.05776496],[141.85161301,39.05776496]],[[141.85170283,39.05790523],[141.85170283,39.05790523]],[[141.8523937,39.05827818],[141.8523937,39.05827818]],[[141.85176538,39.0585277],[141.85176538,39.0585277]],[[141.85160621,39.05858666],[141.85160621,39.05858666]],[[141.85432338,39.05864271],[141.85432338,39.05864271]],[[141.86364066,39.05907342],[141.86364066,39.05907342]],[[141.8522072,39.0590247],[141.8522072,39.0590247]],[[141.85451559,39.05903136],[141.85451559,39.05903136]],[[141.85235138,39.0591119],[141.85235138,39.0591119]],[[141.85229069,39.05911802],[141.85229069,39.05911802]],[[141.85274039,39.05918336],[141.85274039,39.05918336]],[[141.85479144,39.05916325],[141.85479144,39.05916325]],[[141.85236122,39.05922614],[141.85236122,39.05922614]],[[141.85234982,39.05927713],[141.85234982,39.05927713]],[[141.85269746,39.05940327],[141.85269746,39.05940327]],[[141.85295144,39.05946924],[141.85295144,39.05946924]],[[141.85310861,39.0595756],[141.85310861,39.0595756]],[[141.85304179,39.05959718],[141.85304179,39.05959718]],[[141.85383703,39.0596349],[141.85383703,39.0596349]],[[141.85602231,39.0597398],[141.85602231,39.0597398]],[[141.85539415,39.06030391],[141.85539415,39.06030391]],[[141.86381703,39.06045166],[141.86381703,39.06045166]],[[141.8593028,39.06051344],[141.8593028,39.06051344]],[[141.86134371,39.06054826],[141.86134371,39.06054826]],[[141.85532497,39.06067422],[141.85532497,39.06067422]],[[141.86141113,39.06077576],[141.86141113,39.06077576]],[[141.85939265,39.06080551],[141.85939265,39.06080551]],[[141.85580629,39.06102457],[141.85580629,39.06102457]],[[141.85584224,39.06108163],[141.85584224,39.06108163]],[[141.85737776,39.06124391],[141.85737776,39.06124391]],[[141.85748695,39.06128412],[141.85748695,39.06128412]],[[141.85731946,39.06129577],[141.85731946,39.06129577]],[[141.8576375,39.06129928],[141.8576375,39.06129928]],[[141.85794816,39.06136898],[141.85794816,39.06136898]],[[141.85754457,39.06131307],[141.85754457,39.06131307]],[[141.85740742,39.06136148],[141.85740742,39.06136148]],[[141.85712208,39.06138164],[141.85712208,39.06138164]],[[141.86161051,39.0613689],[141.86161051,39.0613689]],[[141.86189109,39.0613721],[141.86189109,39.0613721]],[[141.85732027,39.06137594],[141.85732027,39.06137594]],[[141.86198975,39.06137141],[141.86198975,39.06137141]],[[141.85720805,39.06139043],[141.85720805,39.06139043]],[[141.86171852,39.0613756],[141.86171852,39.0613756]],[[141.8616914,39.06146557],[141.8616914,39.06146557]],[[141.86717774,39.06173405],[141.86717774,39.06173405]],[[141.85768651,39.07119784],[141.85768651,39.07119784]],[[141.85761272,39.07125803],[141.85761272,39.07125803]],[[141.86447245,39.07121658],[141.86447245,39.07121658]],[[141.86642545,39.07133477],[141.86642545,39.07133477]],[[141.85913345,39.0713488],[141.85913345,39.0713488]],[[141.8646035,39.07139135],[141.8646035,39.07139135]],[[141.86100899,39.07143434],[141.86100899,39.07143434]],[[141.8609152,39.07144589],[141.8609152,39.07144589]],[[141.86299933,39.07152984],[141.86299933,39.07152984]],[[141.86046051,39.07155998],[141.86046051,39.07155998]],[[141.85630772,39.0716282],[141.85630772,39.0716282]],[[141.85999502,39.07178316],[141.85999502,39.07178316]],[[141.85753668,39.07199323],[141.85753668,39.07199323]],[[141.85788781,39.07203645],[141.85788781,39.07203645]],[[141.85797064,39.07211436],[141.85797064,39.07211436]],[[141.85654603,39.07287843],[141.85654603,39.07287843]],[[141.85682576,39.0729466],[141.85682576,39.0729466]],[[141.85289988,39.07361959],[141.85289988,39.07361959]],[[141.85299187,39.07364338],[141.85299187,39.07364338]],[[141.86216978,39.09637463],[141.86216978,39.09637463]],[[141.86193652,39.09635309],[141.86193652,39.09635309]],[[141.86218206,39.0964484],[141.86218206,39.0964484]],[[141.86398624,39.09650966],[141.86398624,39.09650966]],[[141.86223151,39.09656515],[141.86223151,39.09656515]],[[141.86215774,39.09667642],[141.86215774,39.09667642]],[[141.85122912,39.10439807],[141.85122912,39.10439807]],[[141.85135876,39.10452098],[141.85135876,39.10452098]],[[141.85171165,39.10467563],[141.85171165,39.10467563]],[[141.8570232,39.1047891],[141.8570232,39.1047891]],[[141.86749342,39.13308628],[141.86749342,39.13308628]],[[141.86352301,39.13322549],[141.86352301,39.13322549]],[[141.86484479,39.13328821],[141.86484479,39.13328821]],[[141.86359866,39.13332211],[141.86359866,39.13332211]],[[141.8636976,39.13329304],[141.8636976,39.13329304]],[[141.86520115,39.13347098],[141.86520115,39.13347098]],[[141.86352109,39.1338086],[141.86352109,39.1338086]],[[141.86309016,39.13394537],[141.86309016,39.13394537]],[[141.86277655,39.1338949],[141.86277655,39.1338949]],[[141.86024224,39.133896],[141.86024224,39.133896]],[[141.86296411,39.13408269],[141.86296411,39.13408269]],[[141.86059377,39.13423215],[141.86059377,39.13423215]],[[141.85910266,39.13428303],[141.85910266,39.13428303]],[[141.85924389,39.13488858],[141.85924389,39.13488858]],[[141.86403328,39.13495261],[141.86403328,39.13495261]],[[141.85848833,39.13503809],[141.85848833,39.13503809]],[[141.85602267,39.13543755],[141.85602267,39.13543755]],[[141.85411145,39.13597084],[141.85411145,39.13597084]],[[141.8525298,39.13663605],[141.8525298,39.13663605]],[[141.8521373,39.13701855],[141.8521373,39.13701855]],[[141.85128191,39.15633073],[141.85128191,39.15633073]],[[141.85167385,39.15635955],[141.85167385,39.15635955]],[[141.86696489,39.19454044],[141.86696489,39.19454044]],[[141.86723761,39.19493511],[141.86723761,39.19493511]],[[141.86550106,39.20402674],[141.86550106,39.20402674]],[[141.86545235,39.20428903],[141.86545235,39.20428903]],[[141.86546031,39.2044774],[141.86546031,39.2044774]],[[141.86422499,40.05141073],[141.86422499,40.05141073]],[[141.86429361,40.05142201],[141.86429361,40.05142201]],[[141.86572406,40.05179602],[141.86572406,40.05179602]],[[141.86496951,40.05182652],[141.86496951,40.05182652]],[[141.86487455,40.05186366],[141.86487455,40.05186366]],[[141.86602847,40.0520546],[141.86602847,40.0520546]],[[141.86327732,40.05200288],[141.86327732,40.05200288]],[[141.86574881,40.05212338],[141.86574881,40.05212338]],[[141.86206505,40.05234259],[141.86206505,40.05234259]],[[141.86234118,40.05237454],[141.86234118,40.05237454]],[[141.8622007,40.05243946],[141.8622007,40.05243946]],[[141.86160402,40.05249367],[141.86160402,40.05249367]],[[141.86666492,40.05253033],[141.86666492,40.05253033]],[[141.86341892,40.05254987],[141.86341892,40.05254987]],[[141.86623584,40.05264701],[141.86623584,40.05264701]],[[141.86680873,40.05266324],[141.86680873,40.05266324]],[[141.86711173,40.05275755],[141.86711173,40.05275755]],[[141.86703931,40.05284421],[141.86703931,40.05284421]],[[141.8666759,40.05282377],[141.8666759,40.05282377]],[[141.86712398,40.05303404],[141.86712398,40.05303404]],[[141.86698987,40.05303911],[141.86698987,40.05303911]],[[141.86719244,40.05311187],[141.86719244,40.05311187]],[[141.86724402,40.05320553],[141.86724402,40.05320553]],[[141.85781197,40.05367887],[141.85781197,40.05367887]],[[141.85699275,40.05401828],[141.85699275,40.05401828]],[[141.85675782,40.05409367],[141.85675782,40.05409367]],[[141.85707516,40.05405853],[141.85707516,40.05405853]],[[141.86057598,40.05416085],[141.86057598,40.05416085]],[[141.86046064,40.05431615],[141.86046064,40.05431615]],[[141.86032982,40.05438522],[141.86032982,40.05438522]],[[141.85632931,40.05441396],[141.85632931,40.05441396]],[[141.85652899,40.05489739],[141.85652899,40.05489739]],[[141.85673134,40.05486173],[141.85673134,40.05486173]],[[141.85567169,40.05480795],[141.85567169,40.05480795]],[[141.8557927,40.05489722],[141.8557927,40.05489722]],[[141.85590412,40.0552874],[141.85590412,40.0552874]],[[141.85614127,40.05534448],[141.85614127,40.05534448]],[[141.85633597,40.05530628],[141.85633597,40.05530628]],[[141.85552269,40.05541758],[141.85552269,40.05541758]],[[141.8549124,40.05573991],[141.8549124,40.05573991]],[[141.85565118,40.05581194],[141.85565118,40.05581194]],[[141.85563311,40.05582668],[141.85563311,40.05582668]],[[141.85483623,40.05586677],[141.85483623,40.05586677]],[[141.85412108,40.05583119],[141.85412108,40.05583119]],[[141.85488996,40.05598788],[141.85488996,40.05598788]],[[141.85419774,40.05607495],[141.85419774,40.05607495]],[[141.8547856,40.05627513],[141.8547856,40.05627513]],[[141.85426702,40.05640561],[141.85426702,40.05640561]],[[141.85248418,40.05728119],[141.85248418,40.05728119]],[[141.86287261,40.13043238],[141.86287261,40.13043238]],[[141.86291112,40.130659],[141.86291112,40.130659]],[[141.85933204,40.13109166],[141.85933204,40.13109166]],[[141.85863019,40.13117443],[141.85863019,40.13117443]],[[141.85898074,40.13117069],[141.85898074,40.13117069]],[[141.85882397,40.13128683],[141.85882397,40.13128683]],[[141.86332502,40.13155725],[141.86332502,40.13155725]],[[141.85053172,40.13280805],[141.85053172,40.13280805]],[[141.8658521,40.13248513],[141.8658521,40.13248513]],[[141.86590595,40.13269432],[141.86590595,40.13269432]],[[141.86611099,40.13276616],[141.86611099,40.13276616]],[[141.85126261,40.13403248],[141.85126261,40.13403248]],[[141.86668017,40.15416398],[141.86668017,40.15416398]],[[141.86673035,40.15426035],[141.86673035,40.15426035]],[[141.86708741,40.15456259],[141.86708741,40.15456259]],[[141.86497584,40.15542722],[141.86497584,40.15542722]],[[141.86502555,40.15556287],[141.86502555,40.15556287]],[[141.86502464,40.15585199],[141.86502464,40.15585199]],[[141.86564459,40.15619772],[141.86564459,40.15619772]],[[141.86572272,40.15629556],[141.86572272,40.15629556]],[[141.86540039,40.15633338],[141.86540039,40.15633338]],[[141.86534025,40.15638489],[141.86534025,40.15638489]],[[141.86511454,40.15660297],[141.86511454,40.15660297]],[[141.86694519,40.15681758],[141.86694519,40.15681758]],[[141.86438698,40.15686506],[141.86438698,40.15686506]],[[141.8668966,40.15689574],[141.8668966,40.15689574]],[[141.86550708,40.15689868],[141.86550708,40.15689868]],[[141.86690422,40.15696412],[141.86690422,40.15696412]],[[141.86398113,40.15717184],[141.86398113,40.15717184]],[[141.86509764,40.15737094],[141.86509764,40.15737094]],[[141.86403743,40.15741767],[141.86403743,40.15741767]],[[141.86398885,40.1574099],[141.86398885,40.1574099]],[[141.86517674,40.15744049],[141.86517674,40.15744049]],[[141.86390743,40.15749925],[141.86390743,40.15749925]],[[141.86397628,40.15758816],[141.86397628,40.15758816]],[[141.86411824,40.1575752],[141.86411824,40.1575752]],[[141.86390607,40.15761068],[141.86390607,40.15761068]],[[141.86397377,40.15766349],[141.86397377,40.15766349]],[[141.86292305,40.15813532],[141.86292305,40.15813532]],[[141.8631823,40.15969378],[141.8631823,40.15969378]],[[141.86293532,40.15979513],[141.86293532,40.15979513]],[[141.86362001,40.16008823],[141.86362001,40.16008823]],[[141.86296534,40.16018944],[141.86296534,40.16018944]],[[141.86320019,40.16034254],[141.86320019,40.16034254]],[[141.86312446,40.16090009],[141.86312446,40.16090009]],[[141.86357615,40.16099208],[141.86357615,40.16099208]],[[141.86292958,40.1610471],[141.86292958,40.1610471]],[[141.86322329,40.16110933],[141.86322329,40.16110933]],[[141.86158551,40.16107282],[141.86158551,40.16107282]],[[141.86170462,40.16120227],[141.86170462,40.16120227]],[[141.86531586,40.16125579],[141.86531586,40.16125579]],[[141.86538757,40.16122435],[141.86538757,40.16122435]],[[141.86358175,40.16158791],[141.86358175,40.16158791]],[[141.86220118,40.16152877],[141.86220118,40.16152877]],[[141.86371511,40.16156448],[141.86371511,40.16156448]],[[141.862381,40.16184609],[141.862381,40.16184609]],[[141.86022441,40.16186163],[141.86022441,40.16186163]],[[141.86329508,40.16198404],[141.86329508,40.16198404]],[[141.86205735,40.16230523],[141.86205735,40.16230523]],[[141.86181952,40.162461],[141.86181952,40.162461]],[[141.8602228,40.16277483],[141.8602228,40.16277483]],[[141.86060415,40.16301309],[141.86060415,40.16301309]],[[141.8606375,40.1630526],[141.8606375,40.1630526]],[[141.86072499,40.16314036],[141.86072499,40.16314036]],[[141.86155876,40.1635478],[141.86155876,40.1635478]],[[141.86101292,40.16366704],[141.86101292,40.16366704]],[[141.86097023,40.16373289],[141.86097023,40.16373289]],[[141.86114602,40.16403945],[141.86114602,40.16403945]],[[141.86102268,40.16414376],[141.86102268,40.16414376]],[[141.85991646,40.16411907],[141.85991646,40.16411907]],[[141.85961337,40.16452652],[141.85961337,40.16452652]],[[141.85918165,40.16466202],[141.85918165,40.16466202]],[[141.86015354,40.16473113],[141.86015354,40.16473113]],[[141.85846052,40.16482089],[141.85846052,40.16482089]],[[141.85883425,40.16499627],[141.85883425,40.16499627]],[[141.85936875,40.16494128],[141.85936875,40.16494128]],[[141.85905217,40.16499795],[141.85905217,40.16499795]],[[141.85948079,40.16499901],[141.85948079,40.16499901]],[[141.85961519,40.16495089],[141.85961519,40.16495089]],[[141.85962754,40.16501419],[141.85962754,40.16501419]],[[141.85964511,40.16536323],[141.85964511,40.16536323]],[[141.85737994,40.16559701],[141.85737994,40.16559701]],[[141.85711551,40.16565654],[141.85711551,40.16565654]],[[141.85809799,40.16613123],[141.85809799,40.16613123]],[[141.85792895,40.16617929],[141.85792895,40.16617929]],[[141.85824205,40.16634251],[141.85824205,40.16634251]],[[141.85766628,40.16685477],[141.85766628,40.16685477]],[[141.85470751,40.16703762],[141.85470751,40.16703762]],[[141.85374184,40.16752826],[141.85374184,40.16752826]],[[141.85492165,40.1676172],[141.85492165,40.1676172]],[[141.85674581,40.16772691],[141.85674581,40.16772691]],[[141.85461431,40.16777482],[141.85461431,40.16777482]],[[141.85358523,40.16776336],[141.85358523,40.16776336]],[[141.85345332,40.16777416],[141.85345332,40.16777416]],[[141.85479571,40.16781519],[141.85479571,40.16781519]],[[141.85326005,40.16788287],[141.85326005,40.16788287]],[[141.85381999,40.1679407],[141.85381999,40.1679407]],[[141.85394943,40.16791389],[141.85394943,40.16791389]],[[141.85507599,40.16795917],[141.85507599,40.16795917]],[[141.85309811,40.16798895],[141.85309811,40.16798895]],[[141.85312612,40.16808777],[141.85312612,40.16808777]],[[141.85284988,40.16802607],[141.85284988,40.16802607]],[[141.85285158,40.16810001],[141.85285158,40.16810001]],[[141.85471707,40.16820083],[141.85471707,40.16820083]],[[141.85325873,40.16859386],[141.85325873,40.16859386]],[[141.85371303,40.16877917],[141.85371303,40.16877917]],[[141.85355997,40.16906359],[141.85355997,40.16906359]],[[141.85332521,40.16908268],[141.85332521,40.16908268]],[[141.85300029,40.16924217],[141.85300029,40.16924217]],[[141.85366403,40.16937196],[141.85366403,40.16937196]],[[141.85379789,40.1694594],[141.85379789,40.1694594]],[[141.85568966,40.21357508],[141.85568966,40.21357508]],[[141.86798567,39.06079445],[141.86798567,39.06079445]],[[141.86795376,39.06092751],[141.86795376,39.06092751]],[[141.86810643,39.06149151],[141.86810643,39.06149151]],[[141.86791984,39.06208681],[141.86791984,39.06208681]],[[141.86789444,39.06220685],[141.86789444,39.06220685]],[[141.87127879,39.0621656],[141.87127879,39.0621656]],[[141.86803128,39.06235157],[141.86803128,39.06235157]],[[141.87321516,39.0624041],[141.87321516,39.0624041]],[[141.86829726,39.06241433],[141.86829726,39.06241433]],[[141.86806684,39.062428],[141.86806684,39.062428]],[[141.87318598,39.06248678],[141.87318598,39.06248678]],[[141.87327271,39.06252286],[141.87327271,39.06252286]],[[141.86926329,39.06284446],[141.86926329,39.06284446]],[[141.86933671,39.06325855],[141.86933671,39.06325855]],[[141.87353289,39.06482772],[141.87353289,39.06482772]],[[141.87335275,39.0648278],[141.87335275,39.0648278]],[[141.87344507,39.06505533],[141.87344507,39.06505533]],[[141.87372594,39.06531317],[141.87372594,39.06531317]],[[141.87294659,39.06552118],[141.87294659,39.06552118]],[[141.87371402,39.06559496],[141.87371402,39.06559496]],[[141.87336678,39.06564229],[141.87336678,39.06564229]],[[141.87262396,39.06565432],[141.87262396,39.06565432]],[[141.87200456,39.06573857],[141.87200456,39.06573857]],[[141.87259188,39.06575225],[141.87259188,39.06575225]],[[141.87185317,39.06576082],[141.87185317,39.06576082]],[[141.87250968,39.06584352],[141.87250968,39.06584352]],[[141.8716525,39.06578008],[141.8716525,39.06578008]],[[141.87181342,39.06587945],[141.87181342,39.06587945]],[[141.87261141,39.06609061],[141.87261141,39.06609061]],[[141.87143406,39.06609263],[141.87143406,39.06609263]],[[141.87264658,39.06614092],[141.87264658,39.06614092]],[[141.87191204,39.06637123],[141.87191204,39.06637123]],[[141.87176681,39.06664178],[141.87176681,39.06664178]],[[141.87180901,39.06672185],[141.87180901,39.06672185]],[[141.8725686,39.06689813],[141.8725686,39.06689813]],[[141.87270061,39.06688587],[141.87270061,39.06688587]],[[141.87293804,39.06695465],[141.87293804,39.06695465]],[[141.87207999,39.06716381],[141.87207999,39.06716381]],[[141.87350062,39.06717114],[141.87350062,39.06717114]],[[141.87382101,39.06727828],[141.87382101,39.06727828]],[[141.8730223,39.06798705],[141.8730223,39.06798705]],[[141.87217245,39.06814209],[141.87217245,39.06814209]],[[141.87300782,39.06864659],[141.87300782,39.06864659]],[[141.87408686,39.06904585],[141.87408686,39.06904585]],[[141.87332527,39.06882878],[141.87332527,39.06882878]],[[141.87281694,39.06882899],[141.87281694,39.06882899]],[[141.87408357,39.06881391],[141.87408357,39.06881391]],[[141.87324655,39.06885895],[141.87324655,39.06885895]],[[141.87266371,39.06914448],[141.87266371,39.06914448]],[[141.87201084,39.06921795],[141.87201084,39.06921795]],[[141.87230067,39.06925068],[141.87230067,39.06925068]],[[141.8718239,39.06924403],[141.8718239,39.06924403]],[[141.87270882,39.06931298],[141.87270882,39.06931298]],[[141.87194765,39.06929022],[141.87194765,39.06929022]],[[141.87183249,39.06930142],[141.87183249,39.06930142]],[[141.87334602,39.06928216],[141.87334602,39.06928216]],[[141.87135305,39.06935785],[141.87135305,39.06935785]],[[141.87145814,39.06965292],[141.87145814,39.06965292]],[[141.87162016,39.07011784],[141.87162016,39.07011784]],[[141.8718511,39.07023288],[141.8718511,39.07023288]],[[141.87144642,39.07031216],[141.87144642,39.07031216]],[[141.87070651,39.07074771],[141.87070651,39.07074771]],[[141.87165188,39.07100568],[141.87165188,39.07100568]],[[141.87047969,39.07093882],[141.87047969,39.07093882]],[[141.87042671,39.07171705],[141.87042671,39.07171705]],[[141.87047361,39.07169943],[141.87047361,39.07169943]],[[141.86997261,39.07187099],[141.86997261,39.07187099]],[[141.86980938,39.07214423],[141.86980938,39.07214423]],[[141.86833966,39.07232735],[141.86833966,39.07232735]],[[141.87371934,39.09438609],[141.87371934,39.09438609]],[[141.87260529,39.09453503],[141.87260529,39.09453503]],[[141.87075373,39.09587644],[141.87075373,39.09587644]],[[141.87127938,39.09596338],[141.87127938,39.09596338]],[[141.86956468,39.09666803],[141.86956468,39.09666803]],[[141.86931611,39.09674536],[141.86931611,39.09674536]],[[141.86887922,39.09680735],[141.86887922,39.09680735]],[[141.8744606,39.11549763],[141.8744606,39.11549763]],[[141.87379358,39.11577734],[141.87379358,39.11577734]],[[141.87375052,39.11597105],[141.87375052,39.11597105]],[[141.87250226,39.11654663],[141.87250226,39.11654663]],[[141.87237804,39.11705696],[141.87237804,39.11705696]],[[141.87283414,39.11764897],[141.87283414,39.11764897]],[[141.8728885,39.11784631],[141.8728885,39.11784631]],[[141.8722216,39.11843544],[141.8722216,39.11843544]],[[141.87265619,39.11904304],[141.87265619,39.11904304]],[[141.8725483,39.11909103],[141.8725483,39.11909103]],[[141.8729786,39.11937374],[141.8729786,39.11937374]],[[141.87285576,39.11955338],[141.87285576,39.11955338]],[[141.87349577,39.12053235],[141.87349577,39.12053235]],[[141.87340979,39.12155851],[141.87340979,39.12155851]],[[141.8732929,39.12158433],[141.8732929,39.12158433]],[[141.87107953,39.12154046],[141.87107953,39.12154046]],[[141.87270048,39.122042],[141.87270048,39.122042]],[[141.87339339,39.12223562],[141.87339339,39.12223562]],[[141.87010861,39.12296969],[141.87010861,39.12296969]],[[141.87135213,39.12433867],[141.87135213,39.12433867]],[[141.87068743,39.12432648],[141.87068743,39.12432648]],[[141.87261519,39.12662549],[141.87261519,39.12662549]],[[141.87258697,39.1269866],[141.87258697,39.1269866]],[[141.87293527,39.12693674],[141.87293527,39.12693674]],[[141.87389333,39.12836679],[141.87389333,39.12836679]],[[141.87358551,39.12861439],[141.87358551,39.12861439]],[[141.8730908,39.12952322],[141.8730908,39.12952322]],[[141.87140896,39.13081051],[141.87140896,39.13081051]],[[141.87143816,39.13090854],[141.87143816,39.13090854]],[[141.87074466,39.13097101],[141.87074466,39.13097101]],[[141.87024386,39.13156298],[141.87024386,39.13156298]],[[141.86834502,39.13254733],[141.86834502,39.13254733]],[[141.86780591,39.13240484],[141.86780591,39.13240484]],[[141.8690385,39.15355786],[141.8690385,39.15355786]],[[141.86926161,39.15359993],[141.86926161,39.15359993]],[[141.8687382,39.15361593],[141.8687382,39.15361593]],[[141.87048449,39.19186638],[141.87048449,39.19186638]],[[141.86849944,39.19565272],[141.86849944,39.19565272]],[[141.86914403,39.19595184],[141.86914403,39.19595184]],[[141.87122239,39.19635428],[141.87122239,39.19635428]],[[141.87064721,39.19667397],[141.87064721,39.19667397]],[[141.87336017,39.19771516],[141.87336017,39.19771516]],[[141.87346217,39.19772344],[141.87346217,39.19772344]],[[141.87101613,39.19930095],[141.87101613,39.19930095]],[[141.87017861,39.20062178],[141.87017861,39.20062178]],[[141.87392623,39.20589562],[141.87392623,39.20589562]],[[141.87261735,40.04832947],[141.87261735,40.04832947]],[[141.87231189,40.04837274],[141.87231189,40.04837274]],[[141.87276224,40.04844013],[141.87276224,40.04844013]],[[141.87159375,40.04837486],[141.87159375,40.04837486]],[[141.87197844,40.04846382],[141.87197844,40.04846382]],[[141.87236695,40.0484796],[141.87236695,40.0484796]],[[141.87168048,40.04847531],[141.87168048,40.04847531]],[[141.8732792,40.04861031],[141.8732792,40.04861031]],[[141.87192044,40.04859584],[141.87192044,40.04859584]],[[141.87440058,40.04862932],[141.87440058,40.04862932]],[[141.87428022,40.04883721],[141.87428022,40.04883721]],[[141.87243134,40.04884533],[141.87243134,40.04884533]],[[141.87354114,40.04891913],[141.87354114,40.04891913]],[[141.87364405,40.04888904],[141.87364405,40.04888904]],[[141.87350554,40.04908239],[141.87350554,40.04908239]],[[141.87150375,40.04990501],[141.87150375,40.04990501]],[[141.87150977,40.05008527],[141.87150977,40.05008527]],[[141.87147285,40.05016297],[141.87147285,40.05016297]],[[141.87155878,40.05034954],[141.87155878,40.05034954]],[[141.87028392,40.05042086],[141.87028392,40.05042086]],[[141.87060555,40.05039996],[141.87060555,40.05039996]],[[141.87044594,40.0509346],[141.87044594,40.0509346]],[[141.87004986,40.05081447],[141.87004986,40.05081447]],[[141.87011872,40.05091923],[141.87011872,40.05091923]],[[141.86915873,40.05115867],[141.86915873,40.05115867]],[[141.87058244,40.05102505],[141.87058244,40.05102505]],[[141.86988259,40.05113823],[141.86988259,40.05113823]],[[141.87011855,40.05143397],[141.87011855,40.05143397]],[[141.8703854,40.05153327],[141.8703854,40.05153327]],[[141.86864252,40.05257239],[141.86864252,40.05257239]],[[141.86735149,40.05298878],[141.86735149,40.05298878]],[[141.86771532,40.05304416],[141.86771532,40.05304416]],[[141.86991066,40.05310659],[141.86991066,40.05310659]],[[141.86932878,40.05313223],[141.86932878,40.05313223]],[[141.86733213,40.0531498],[141.86733213,40.0531498]],[[141.8677423,40.05309229],[141.8677423,40.05309229]],[[141.87021217,40.05311056],[141.87021217,40.05311056]],[[141.86763968,40.05311851],[141.86763968,40.05311851]],[[141.86855964,40.0532988],[141.86855964,40.0532988]],[[141.86939536,40.05317884],[141.86939536,40.05317884]],[[141.86885215,40.05322765],[141.86885215,40.05322765]],[[141.86872766,40.05335035],[141.86872766,40.05335035]],[[141.86938436,40.05324964],[141.86938436,40.05324964]],[[141.8695244,40.05325569],[141.8695244,40.05325569]],[[141.86785816,40.05328282],[141.86785816,40.05328282]],[[141.86834669,40.05329197],[141.86834669,40.05329197]],[[141.86913476,40.05332222],[141.86913476,40.05332222]],[[141.86749707,40.05335341],[141.86749707,40.05335341]],[[141.86833912,40.05334185],[141.86833912,40.05334185]],[[141.86932184,40.05337837],[141.86932184,40.05337837]],[[141.86884134,40.05333394],[141.86884134,40.05333394]],[[141.86774358,40.05327826],[141.86774358,40.05327826]],[[141.86996191,40.05334076],[141.86996191,40.05334076]],[[141.86917075,40.0533382],[141.86917075,40.0533382]],[[141.86756822,40.05339268],[141.86756822,40.05339268]],[[141.86786106,40.05342024],[141.86786106,40.05342024]],[[141.87046054,40.0535058],[141.87046054,40.0535058]],[[141.87006852,40.05344599],[141.87006852,40.05344599]],[[141.870286,40.05378297],[141.870286,40.05378297]],[[141.87070725,40.05379901],[141.87070725,40.05379901]],[[141.86982363,40.05419268],[141.86982363,40.05419268]],[[141.86998678,40.05413925],[141.86998678,40.05413925]],[[141.8744652,40.13318483],[141.8744652,40.13318483]],[[141.87357569,40.13327316],[141.87357569,40.13327316]],[[141.87375032,40.13325907],[141.87375032,40.13325907]],[[141.87380953,40.13344786],[141.87380953,40.13344786]],[[141.87040078,40.13377395],[141.87040078,40.13377395]],[[141.87389396,40.13386708],[141.87389396,40.13386708]],[[141.87361282,40.13388375],[141.87361282,40.13388375]],[[141.87404969,40.13388369],[141.87404969,40.13388369]],[[141.87373715,40.13393396],[141.87373715,40.13393396]],[[141.87375,40.13391503],[141.87375,40.13391503]],[[141.87357388,40.13394606],[141.87357388,40.13394606]],[[141.87371502,40.13396065],[141.87371502,40.13396065]],[[141.87405306,40.1340438],[141.87405306,40.1340438]],[[141.87396269,40.13414233],[141.87396269,40.13414233]],[[141.87414281,40.13418061],[141.87414281,40.13418061]],[[141.87113908,40.13422802],[141.87113908,40.13422802]],[[141.87039875,40.1342886],[141.87039875,40.1342886]],[[141.87052991,40.13430211],[141.87052991,40.13430211]],[[141.87059514,40.13437808],[141.87059514,40.13437808]],[[141.87241536,40.1349553],[141.87241536,40.1349553]],[[141.87270656,40.13501402],[141.87270656,40.13501402]],[[141.872569,40.13539704],[141.872569,40.13539704]],[[141.871942,40.13551085],[141.871942,40.13551085]],[[141.8720822,40.13621093],[141.8720822,40.13621093]],[[141.87291731,40.13705466],[141.87291731,40.13705466]],[[141.87282425,40.13707801],[141.87282425,40.13707801]],[[141.87273196,40.13707388],[141.87273196,40.13707388]],[[141.87282028,40.1374646],[141.87282028,40.1374646]],[[141.87277585,40.13762055],[141.87277585,40.13762055]],[[141.87303082,40.13791124],[141.87303082,40.13791124]],[[141.87363742,40.13793606],[141.87363742,40.13793606]],[[141.87288874,40.13800637],[141.87288874,40.13800637]],[[141.87306568,40.13806621],[141.87306568,40.13806621]],[[141.87294303,40.13808019],[141.87294303,40.13808019]],[[141.87365903,40.13816769],[141.87365903,40.13816769]],[[141.8732521,40.1382325],[141.8732521,40.1382325]],[[141.87296693,40.13822372],[141.87296693,40.13822372]],[[141.87315582,40.13835992],[141.87315582,40.13835992]],[[141.87342975,40.13916977],[141.87342975,40.13916977]],[[141.87396032,40.13930973],[141.87396032,40.13930973]],[[141.87439235,40.13933665],[141.87439235,40.13933665]],[[141.87390479,40.13968473],[141.87390479,40.13968473]],[[141.87438793,40.1401536],[141.87438793,40.1401536]],[[141.87427393,40.14025873],[141.87427393,40.14025873]],[[141.87454697,40.1406324],[141.87454697,40.1406324]],[[141.87439012,40.14062786],[141.87439012,40.14062786]],[[141.87461935,40.14119934],[141.87461935,40.14119934]],[[141.87455598,40.14133032],[141.87455598,40.14133032]],[[141.87429459,40.14447221],[141.87429459,40.14447221]],[[141.87443428,40.14455093],[141.87443428,40.14455093]],[[141.87375074,40.14451087],[141.87375074,40.14451087]],[[141.87395908,40.14457403],[141.87395908,40.14457403]],[[141.87417115,40.14452015],[141.87417115,40.14452015]],[[141.87483306,40.14450429],[141.87483306,40.14450429]],[[141.87380035,40.1446321],[141.87380035,40.1446321]],[[141.87206663,40.14747836],[141.87206663,40.14747836]],[[141.87160292,40.14811037],[141.87160292,40.14811037]],[[141.87071099,40.14909369],[141.87071099,40.14909369]],[[141.87098446,40.14921733],[141.87098446,40.14921733]],[[141.87081066,40.14941136],[141.87081066,40.14941136]],[[141.87045267,40.1495267],[141.87045267,40.1495267]],[[141.87121738,40.14958361],[141.87121738,40.14958361]],[[141.87294777,40.15029988],[141.87294777,40.15029988]],[[141.87256339,40.15135513],[141.87256339,40.15135513]],[[141.86999464,40.15146822],[141.86999464,40.15146822]],[[141.87067581,40.15178005],[141.87067581,40.15178005]],[[141.87047328,40.15191534],[141.87047328,40.15191534]],[[141.87079917,40.1519117],[141.87079917,40.1519117]],[[141.87168518,40.15197779],[141.87168518,40.15197779]],[[141.86976569,40.15201976],[141.86976569,40.15201976]],[[141.87120981,40.15196179],[141.87120981,40.15196179]],[[141.86982209,40.15205411],[141.86982209,40.15205411]],[[141.86966204,40.15214957],[141.86966204,40.15214957]],[[141.86959331,40.1522298],[141.86959331,40.1522298]],[[141.86980165,40.15222281],[141.86980165,40.15222281]],[[141.86899288,40.15228813],[141.86899288,40.15228813]],[[141.87128232,40.15232276],[141.87128232,40.15232276]],[[141.86936028,40.1524131],[141.86936028,40.1524131]],[[141.87110689,40.15234892],[141.87110689,40.15234892]],[[141.8712832,40.15239633],[141.8712832,40.15239633]],[[141.86976192,40.1524504],[141.86976192,40.1524504]],[[141.86942577,40.15246683],[141.86942577,40.15246683]],[[141.87113733,40.15265198],[141.87113733,40.15265198]],[[141.87079855,40.15271122],[141.87079855,40.15271122]],[[141.87053999,40.15271237],[141.87053999,40.15271237]],[[141.87110429,40.15267147],[141.87110429,40.15267147]],[[141.87055099,40.15297202],[141.87055099,40.15297202]],[[141.87074678,40.15319714],[141.87074678,40.15319714]],[[141.87061372,40.15333893],[141.87061372,40.15333893]],[[141.86778747,40.1533489],[141.86778747,40.1533489]],[[141.87050473,40.15340395],[141.87050473,40.15340395]],[[141.86817294,40.15352784],[141.86817294,40.15352784]],[[141.86786633,40.1542376],[141.86786633,40.1542376]],[[141.86738447,40.15439835],[141.86738447,40.15439835]],[[141.86731791,40.15439057],[141.86731791,40.15439057]],[[141.86803659,40.15453537],[141.86803659,40.15453537]],[[141.86740458,40.15451705],[141.86740458,40.15451705]],[[141.86731547,40.15461657],[141.86731547,40.15461657]],[[141.86745866,40.15487855],[141.86745866,40.15487855]],[[141.87500254,39.0655785],[141.87500254,39.0655785]],[[141.87546612,39.06591578],[141.87546612,39.06591578]],[[141.87844257,39.0842643],[141.87844257,39.0842643]],[[141.88255301,39.084051],[141.88255301,39.084051]],[[141.88335658,39.08449822],[141.88335658,39.08449822]],[[141.87780589,39.08455096],[141.87780589,39.08455096]],[[141.87844337,39.0847029],[141.87844337,39.0847029]],[[141.88292616,39.08495945],[141.88292616,39.08495945]],[[141.87804529,39.08494473],[141.87804529,39.08494473]],[[141.87862123,39.08503019],[141.87862123,39.08503019]],[[141.87901968,39.0848361],[141.87901968,39.0848361]],[[141.88298947,39.08499644],[141.88298947,39.08499644]],[[141.87855859,39.08524173],[141.87855859,39.08524173]],[[141.87838789,39.08533659],[141.87838789,39.08533659]],[[141.87846125,39.08556122],[141.87846125,39.08556122]],[[141.87856634,39.08585359],[141.87856634,39.08585359]],[[141.87843064,39.08585255],[141.87843064,39.08585255]],[[141.88274494,39.08638005],[141.88274494,39.08638005]],[[141.87843569,39.08652388],[141.87843569,39.08652388]],[[141.88282857,39.08719589],[141.88282857,39.08719589]],[[141.87866413,39.08719241],[141.87866413,39.08719241]],[[141.87865009,39.08740062],[141.87865009,39.08740062]],[[141.88319686,39.08866263],[141.88319686,39.08866263]],[[141.88229483,39.08874308],[141.88229483,39.08874308]],[[141.87795375,39.08891006],[141.87795375,39.08891006]],[[141.88491156,39.08900732],[141.88491156,39.08900732]],[[141.88266901,39.08915805],[141.88266901,39.08915805]],[[141.88847438,39.08900576],[141.88847438,39.08900576]],[[141.88963361,39.08907336],[141.88963361,39.08907336]],[[141.88820847,39.08914167],[141.88820847,39.08914167]],[[141.8892718,39.08922014],[141.8892718,39.08922014]],[[141.87852438,39.08932266],[141.87852438,39.08932266]],[[141.88756676,39.08946348],[141.88756676,39.08946348]],[[141.87813429,39.08943398],[141.87813429,39.08943398]],[[141.88535054,39.08941828],[141.88535054,39.08941828]],[[141.88497285,39.08953933],[141.88497285,39.08953933]],[[141.87814386,39.0895111],[141.87814386,39.0895111]],[[141.88380978,39.08972647],[141.88380978,39.08972647]],[[141.88392537,39.08974164],[141.88392537,39.08974164]],[[141.88449732,39.08976532],[141.88449732,39.08976532]],[[141.88631454,39.08982765],[141.88631454,39.08982765]],[[141.8836924,39.08992544],[141.8836924,39.08992544]],[[141.87865332,39.09017143],[141.87865332,39.09017143]],[[141.87827198,39.09075146],[141.87827198,39.09075146]],[[141.87753866,39.0910572],[141.87753866,39.0910572]],[[141.87780044,39.09136806],[141.87780044,39.09136806]],[[141.87780127,39.09148669],[141.87780127,39.09148669]],[[141.87824948,39.09177986],[141.87824948,39.09177986]],[[141.87828879,39.09201534],[141.87828879,39.09201534]],[[141.87527052,39.09217577],[141.87527052,39.09217577]],[[141.8778701,39.09223493],[141.8778701,39.09223493]],[[141.8765596,39.09272194],[141.8765596,39.09272194]],[[141.87668613,39.09289169],[141.87668613,39.09289169]],[[141.87531799,39.09296662],[141.87531799,39.09296662]],[[141.87691074,39.09297004],[141.87691074,39.09297004]],[[141.8749506,39.09335798],[141.8749506,39.09335798]],[[141.88565712,39.11574048],[141.88565712,39.11574048]],[[141.88612623,39.11585488],[141.88612623,39.11585488]],[[141.88629952,39.11584458],[141.88629952,39.11584458]],[[141.87548625,39.1162656],[141.87548625,39.1162656]],[[141.87942828,39.11627388],[141.87942828,39.11627388]],[[141.87924944,39.11627],[141.87924944,39.11627]],[[141.88760497,39.11638309],[141.88760497,39.11638309]],[[141.88301,39.11631556],[141.88301,39.11631556]],[[141.88018372,39.11654744],[141.88018372,39.11654744]],[[141.88026313,39.11651376],[141.88026313,39.11651376]],[[141.88291337,39.11666153],[141.88291337,39.11666153]],[[141.88771704,39.11658656],[141.88771704,39.11658656]],[[141.88392956,39.11676876],[141.88392956,39.11676876]],[[141.88775682,39.11682698],[141.88775682,39.11682698]],[[141.88962987,39.11687182],[141.88962987,39.11687182]],[[141.88983936,39.1171172],[141.88983936,39.1171172]],[[141.88962563,39.11727723],[141.88962563,39.11727723]],[[141.88241285,39.15397673],[141.88241285,39.15397673]],[[141.88310224,39.15426122],[141.88310224,39.15426122]],[[141.87961555,39.15481369],[141.87961555,39.15481369]],[[141.87934691,39.15484565],[141.87934691,39.15484565]],[[141.87689406,39.15503879],[141.87689406,39.15503879]],[[141.8800511,39.15523136],[141.8800511,39.15523136]],[[141.87962969,39.15517434],[141.87962969,39.15517434]],[[141.88432006,39.15519348],[141.88432006,39.15519348]],[[141.8787692,39.15524241],[141.8787692,39.15524241]],[[141.87967982,39.15522379],[141.87967982,39.15522379]],[[141.87720384,39.15523041],[141.87720384,39.15523041]],[[141.88028444,39.15536249],[141.88028444,39.15536249]],[[141.87847796,39.15541294],[141.87847796,39.15541294]],[[141.8799018,39.15543186],[141.8799018,39.15543186]],[[141.88974582,39.18335069],[141.88974582,39.18335069]],[[141.88939253,39.18373449],[141.88939253,39.18373449]],[[141.88942032,39.18392881],[141.88942032,39.18392881]],[[141.88860493,39.18435696],[141.88860493,39.18435696]],[[141.8893015,39.18448127],[141.8893015,39.18448127]],[[141.88880407,39.18451532],[141.88880407,39.18451532]],[[141.88799995,39.18483131],[141.88799995,39.18483131]],[[141.88679708,39.18489156],[141.88679708,39.18489156]],[[141.88722795,39.18491144],[141.88722795,39.18491144]],[[141.88731186,39.18501121],[141.88731186,39.18501121]],[[141.88665755,39.18509739],[141.88665755,39.18509739]],[[141.88681064,39.18516438],[141.88681064,39.18516438]],[[141.88325108,39.18520542],[141.88325108,39.18520542]],[[141.88692935,39.18526203],[141.88692935,39.18526203]],[[141.88291508,39.18526178],[141.88291508,39.18526178]],[[141.88273755,39.18538769],[141.88273755,39.18538769]],[[141.88375944,39.18554018],[141.88375944,39.18554018]],[[141.88667258,39.18563918],[141.88667258,39.18563918]],[[141.88517645,39.18552551],[141.88517645,39.18552551]],[[141.88608851,39.18559239],[141.88608851,39.18559239]],[[141.88370586,39.18565011],[141.88370586,39.18565011]],[[141.88634778,39.18567742],[141.88634778,39.18567742]],[[141.88431309,39.1856194],[141.88431309,39.1856194]],[[141.8845113,39.18572338],[141.8845113,39.18572338]],[[141.88518018,39.18583795],[141.88518018,39.18583795]],[[141.8849896,39.1858804],[141.8849896,39.1858804]],[[141.88615903,39.1859509],[141.88615903,39.1859509]],[[141.88707243,39.1862782],[141.88707243,39.1862782]],[[141.88631658,39.18647996],[141.88631658,39.18647996]],[[141.88731866,39.18654378],[141.88731866,39.18654378]],[[141.88657698,39.18668614],[141.88657698,39.18668614]],[[141.8868544,39.186684],[141.8868544,39.186684]],[[141.88684874,39.18680917],[141.88684874,39.18680917]],[[141.88669206,39.18685086],[141.88669206,39.18685086]],[[141.88165924,39.18678266],[141.88165924,39.18678266]],[[141.88234898,39.18699967],[141.88234898,39.18699967]],[[141.8825262,39.18705473],[141.8825262,39.18705473]],[[141.88181917,39.18722414],[141.88181917,39.18722414]],[[141.8821941,39.18736499],[141.8821941,39.18736499]],[[141.8826485,39.18837404],[141.8826485,39.18837404]],[[141.88300019,39.18846275],[141.88300019,39.18846275]],[[141.88289462,39.18854721],[141.88289462,39.18854721]],[[141.88221505,39.1887352],[141.88221505,39.1887352]],[[141.88181913,39.18870958],[141.88181913,39.18870958]],[[141.88124984,39.18874001],[141.88124984,39.18874001]],[[141.88161398,39.18949395],[141.88161398,39.18949395]],[[141.88020083,39.19096831],[141.88020083,39.19096831]],[[141.88015156,39.19100991],[141.88015156,39.19100991]],[[141.88037848,39.19133946],[141.88037848,39.19133946]],[[141.88016351,39.19136265],[141.88016351,39.19136265]],[[141.87833599,39.1912896],[141.87833599,39.1912896]],[[141.87886287,39.19146559],[141.87886287,39.19146559]],[[141.87824975,39.19171178],[141.87824975,39.19171178]],[[141.87706197,39.1920105],[141.87706197,39.1920105]],[[141.87701895,39.19205187],[141.87701895,39.19205187]],[[141.8757538,39.19235714],[141.8757538,39.19235714]],[[141.87675708,39.19242633],[141.87675708,39.19242633]],[[141.88840839,39.19833132],[141.88840839,39.19833132]],[[141.888042,39.19866964],[141.888042,39.19866964]],[[141.88731336,39.1987498],[141.88731336,39.1987498]],[[141.88369639,39.20127639],[141.88369639,39.20127639]],[[141.88367111,39.20143945],[141.88367111,39.20143945]],[[141.88363861,39.20155805],[141.88363861,39.20155805]],[[141.88387694,39.20162424],[141.88387694,39.20162424]],[[141.88135978,39.20270833],[141.88135978,39.20270833]],[[141.87770065,39.20407664],[141.87770065,39.20407664]],[[141.87793613,39.20409921],[141.87793613,39.20409921]],[[141.87785074,39.2041651],[141.87785074,39.2041651]],[[141.88818156,39.20775278],[141.88818156,39.20775278]],[[141.88953232,39.27163968],[141.88953232,39.27163968]],[[141.88728755,39.30237859],[141.88728755,39.30237859]],[[141.88731064,39.30253494],[141.88731064,39.30253494]],[[141.88729711,39.3026836],[141.88729711,39.3026836]],[[141.88910834,39.3044739],[141.88910834,39.3044739]],[[141.8893086,39.30466052],[141.8893086,39.30466052]],[[141.88889271,40.03116214],[141.88889271,40.03116214]],[[141.88873409,40.0313384],[141.88873409,40.0313384]],[[141.88840912,40.03146278],[141.88840912,40.03146278]],[[141.88765706,40.03156375],[141.88765706,40.03156375]],[[141.88761524,40.03166356],[141.88761524,40.03166356]],[[141.8880383,40.03251346],[141.8880383,40.03251346]],[[141.88591975,40.03370803],[141.88591975,40.03370803]],[[141.88548503,40.03427148],[141.88548503,40.03427148]],[[141.88570961,40.03433716],[141.88570961,40.03433716]],[[141.88556017,40.03460828],[141.88556017,40.03460828]],[[141.88531372,40.03475165],[141.88531372,40.03475165]],[[141.88560127,40.03491224],[141.88560127,40.03491224]],[[141.88538978,40.03581943],[141.88538978,40.03581943]],[[141.8850684,40.03650047],[141.8850684,40.03650047]],[[141.88515126,40.03653214],[141.88515126,40.03653214]],[[141.88455144,40.03672268],[141.88455144,40.03672268]],[[141.88490756,40.0369303],[141.88490756,40.0369303]],[[141.88420496,40.03701269],[141.88420496,40.03701269]],[[141.88513811,40.03710914],[141.88513811,40.03710914]],[[141.88426485,40.03712896],[141.88426485,40.03712896]],[[141.88420215,40.03730381],[141.88420215,40.03730381]],[[141.88381281,40.03749721],[141.88381281,40.03749721]],[[141.88323028,40.03809765],[141.88323028,40.03809765]],[[141.8836666,40.0384764],[141.8836666,40.0384764]],[[141.88308726,40.03864377],[141.88308726,40.03864377]],[[141.88337209,40.03859525],[141.88337209,40.03859525]],[[141.88360978,40.03895058],[141.88360978,40.03895058]],[[141.88342157,40.03888022],[141.88342157,40.03888022]],[[141.88338125,40.0391163],[141.88338125,40.0391163]],[[141.88331825,40.03919569],[141.88331825,40.03919569]],[[141.88334112,40.03922709],[141.88334112,40.03922709]],[[141.88307626,40.0393473],[141.88307626,40.0393473]],[[141.8831208,40.03956999],[141.8831208,40.03956999]],[[141.88360113,40.03946296],[141.88360113,40.03946296]],[[141.88275224,40.03949191],[141.88275224,40.03949191]],[[141.88299921,40.03961027],[141.88299921,40.03961027]],[[141.88342079,40.03966158],[141.88342079,40.03966158]],[[141.88230009,40.04002272],[141.88230009,40.04002272]],[[141.88169192,40.04172105],[141.88169192,40.04172105]],[[141.88160571,40.04190647],[141.88160571,40.04190647]],[[141.88190504,40.04197833],[141.88190504,40.04197833]],[[141.8817978,40.04209963],[141.8817978,40.04209963]],[[141.88039388,40.04391909],[141.88039388,40.04391909]],[[141.87902693,40.0443906],[141.87902693,40.0443906]],[[141.87975207,40.04486483],[141.87975207,40.04486483]],[[141.87962629,40.04527578],[141.87962629,40.04527578]],[[141.8790386,40.04556804],[141.8790386,40.04556804]],[[141.87935988,40.04565701],[141.87935988,40.04565701]],[[141.87961849,40.04563981],[141.87961849,40.04563981]],[[141.87890587,40.04578675],[141.87890587,40.04578675]],[[141.87926586,40.0456774],[141.87926586,40.0456774]],[[141.87836745,40.04604352],[141.87836745,40.04604352]],[[141.87891712,40.04639181],[141.87891712,40.04639181]],[[141.87888572,40.04720604],[141.87888572,40.04720604]],[[141.8786197,40.04751314],[141.8786197,40.04751314]],[[141.87796185,40.04784115],[141.87796185,40.04784115]],[[141.87688239,40.04825681],[141.87688239,40.04825681]],[[141.87709337,40.0485506],[141.87709337,40.0485506]],[[141.87687074,40.04861476],[141.87687074,40.04861476]],[[141.87634388,40.04893312],[141.87634388,40.04893312]],[[141.87514073,40.04884829],[141.87514073,40.04884829]],[[141.87534248,40.04892105],[141.87534248,40.04892105]],[[141.87512901,40.0490252],[141.87512901,40.0490252]],[[141.87658841,40.04914438],[141.87658841,40.04914438]],[[141.87668641,40.04917682],[141.87668641,40.04917682]],[[141.8754549,40.04906911],[141.8754549,40.04906911]],[[141.87671524,40.04933076],[141.87671524,40.04933076]],[[141.8768494,40.04937558],[141.8768494,40.04937558]],[[141.87581013,40.04952309],[141.87581013,40.04952309]],[[141.87699423,40.0495272],[141.87699423,40.0495272]],[[141.87580864,40.04961056],[141.87580864,40.04961056]],[[141.87485367,40.1331045],[141.87485367,40.1331045]],[[141.87609023,40.13338222],[141.87609023,40.13338222]],[[141.8748252,40.13341459],[141.8748252,40.13341459]],[[141.87589,40.1333942],[141.87589,40.1333942]],[[141.87574897,40.13344942],[141.87574897,40.13344942]],[[141.87590681,40.13346592],[141.87590681,40.13346592]],[[141.87476234,40.13347091],[141.87476234,40.13347091]],[[141.87474035,40.14013214],[141.87474035,40.14013214]],[[141.87481678,40.14042615],[141.87481678,40.14042615]],[[141.87477151,40.14048924],[141.87477151,40.14048924]],[[141.8800187,40.14157244],[141.8800187,40.14157244]],[[141.87990274,40.14171642],[141.87990274,40.14171642]],[[141.87577656,40.14185858],[141.87577656,40.14185858]],[[141.87492786,40.14183631],[141.87492786,40.14183631]],[[141.87930023,40.14193073],[141.87930023,40.14193073]],[[141.87520456,40.14196604],[141.87520456,40.14196604]],[[141.87562105,40.14195724],[141.87562105,40.14195724]],[[141.8757523,40.14204451],[141.8757523,40.14204451]],[[141.87550567,40.14207852],[141.87550567,40.14207852]],[[141.8752546,40.14199143],[141.8752546,40.14199143]],[[141.87537052,40.14208181],[141.87537052,40.14208181]],[[141.87902777,40.14213197],[141.87902777,40.14213197]],[[141.87981296,40.14225961],[141.87981296,40.14225961]],[[141.87611761,40.14321794],[141.87611761,40.14321794]],[[141.88003879,40.14329469],[141.88003879,40.14329469]],[[141.87587584,40.14331639],[141.87587584,40.14331639]],[[141.87669791,40.14349119],[141.87669791,40.14349119]],[[141.87686507,40.14357867],[141.87686507,40.14357867]],[[141.87681423,40.14365379],[141.87681423,40.14365379]],[[141.87653298,40.1437037],[141.87653298,40.1437037]],[[141.87666921,40.14397015],[141.87666921,40.14397015]],[[141.87519651,40.14403466],[141.87519651,40.14403466]],[[141.87505568,40.14411987],[141.87505568,40.14411987]],[[141.87600716,40.1441993],[141.87600716,40.1441993]],[[141.87561093,40.14423637],[141.87561093,40.14423637]],[[141.87621333,40.14424302],[141.87621333,40.14424302]],[[141.87591052,40.14419522],[141.87591052,40.14419522]],[[141.8801038,40.14432616],[141.8801038,40.14432616]],[[141.87651685,40.14436772],[141.87651685,40.14436772]],[[141.87465224,40.1444607],[141.87465224,40.1444607]],[[141.87943896,40.14468577],[141.87943896,40.14468577]],[[141.87932148,40.14465505],[141.87932148,40.14465505]],[[141.87510467,40.14492958],[141.87510467,40.14492958]],[[141.87968135,40.14520057],[141.87968135,40.14520057]],[[141.88552861,40.14559286],[141.88552861,40.14559286]],[[141.88515693,40.14550185],[141.88515693,40.14550185]],[[141.87687866,40.14570933],[141.87687866,40.14570933]],[[141.87691394,40.14582096],[141.87691394,40.14582096]],[[141.87675034,40.14589792],[141.87675034,40.14589792]],[[141.8869987,40.14653555],[141.8869987,40.14653555]],[[141.88729419,40.14657888],[141.88729419,40.14657888]],[[141.8908287,39.08871733],[141.8908287,39.08871733]],[[141.8898146,39.08872347],[141.8898146,39.08872347]],[[141.88994135,39.0889286],[141.88994135,39.0889286]],[[141.88981245,39.08902085],[141.88981245,39.08902085]],[[141.8904011,39.08923369],[141.8904011,39.08923369]],[[141.88999348,39.08954799],[141.88999348,39.08954799]],[[141.89039743,39.08997095],[141.89039743,39.08997095]],[[141.8910929,39.09139974],[141.8910929,39.09139974]],[[141.89107674,39.0916024],[141.89107674,39.0916024]],[[141.89069562,39.09184943],[141.89069562,39.09184943]],[[141.89220722,39.09236522],[141.89220722,39.09236522]],[[141.89231222,39.09245254],[141.89231222,39.09245254]],[[141.89200355,39.09242759],[141.89200355,39.09242759]],[[141.89218909,39.09254392],[141.89218909,39.09254392]],[[141.89207169,39.0929717],[141.89207169,39.0929717]],[[141.89169385,39.09304495],[141.89169385,39.09304495]],[[141.89204973,39.09325783],[141.89204973,39.09325783]],[[141.89320433,39.09387701],[141.89320433,39.09387701]],[[141.89171182,39.09396056],[141.89171182,39.09396056]],[[141.89478261,39.09571239],[141.89478261,39.09571239]],[[141.89443595,39.09593859],[141.89443595,39.09593859]],[[141.89581162,39.09623143],[141.89581162,39.09623143]],[[141.89679599,39.0964328],[141.89679599,39.0964328]],[[141.89646922,39.09642741],[141.89646922,39.09642741]],[[141.89409926,39.09648971],[141.89409926,39.09648971]],[[141.89486805,39.0964846],[141.89486805,39.0964846]],[[141.89403549,39.09649245],[141.89403549,39.09649245]],[[141.89647296,39.09650673],[141.89647296,39.09650673]],[[141.89563056,39.0965146],[141.89563056,39.0965146]],[[141.89436302,39.09660216],[141.89436302,39.09660216]],[[141.89511445,39.09657974],[141.89511445,39.09657974]],[[141.89446433,39.09667484],[141.89446433,39.09667484]],[[141.89782267,39.09664891],[141.89782267,39.09664891]],[[141.89462001,39.09669531],[141.89462001,39.09669531]],[[141.89698889,39.09670615],[141.89698889,39.09670615]],[[141.89731896,39.09675431],[141.89731896,39.09675431]],[[141.89729314,39.09682111],[141.89729314,39.09682111]],[[141.89744056,39.09705272],[141.89744056,39.09705272]],[[141.89836807,39.09727693],[141.89836807,39.09727693]],[[141.89732114,39.09732207],[141.89732114,39.09732207]],[[141.89851974,39.09733869],[141.89851974,39.09733869]],[[141.89858883,39.09735913],[141.89858883,39.09735913]],[[141.89868696,39.09735041],[141.89868696,39.09735041]],[[141.89936507,39.09736412],[141.89936507,39.09736412]],[[141.89867908,39.09740272],[141.89867908,39.09740272]],[[141.89957647,39.09848956],[141.89957647,39.09848956]],[[141.90168058,39.09854849],[141.90168058,39.09854849]],[[141.90178293,39.09857367],[141.90178293,39.09857367]],[[141.90177371,39.09888994],[141.90177371,39.09888994]],[[141.9017376,39.09963804],[141.9017376,39.09963804]],[[141.9031938,39.09969909],[141.9031938,39.09969909]],[[141.90271624,39.10005182],[141.90271624,39.10005182]],[[141.90284079,39.10006248],[141.90284079,39.10006248]],[[141.90356047,39.10090444],[141.90356047,39.10090444]],[[141.90207262,39.10089269],[141.90207262,39.10089269]],[[141.90231381,39.10092543],[141.90231381,39.10092543]],[[141.9022792,39.10092917],[141.9022792,39.10092917]],[[141.9029015,39.10092778],[141.9029015,39.10092778]],[[141.90395156,39.10097211],[141.90395156,39.10097211]],[[141.90384248,39.10101401],[141.90384248,39.10101401]],[[141.90441075,39.10155955],[141.90441075,39.10155955]],[[141.90451332,39.10159167],[141.90451332,39.10159167]],[[141.904448,39.10162226],[141.904448,39.10162226]],[[141.89130955,39.11713089],[141.89130955,39.11713089]],[[141.89032506,39.11721882],[141.89032506,39.11721882]],[[141.89006026,39.11735914],[141.89006026,39.11735914]],[[141.89377358,39.11770538],[141.89377358,39.11770538]],[[141.90256945,39.11791338],[141.90256945,39.11791338]],[[141.8940993,39.11797239],[141.8940993,39.11797239]],[[141.8930046,39.11804514],[141.8930046,39.11804514]],[[141.90126434,39.11808046],[141.90126434,39.11808046]],[[141.8960416,39.11881416],[141.8960416,39.11881416]],[[141.89718174,39.11917905],[141.89718174,39.11917905]],[[141.90219445,39.11950522],[141.90219445,39.11950522]],[[141.90185427,39.11949987],[141.90185427,39.11949987]],[[141.89731646,39.11944049],[141.89731646,39.11944049]],[[141.90248758,39.11952686],[141.90248758,39.11952686]],[[141.89853874,39.11980731],[141.89853874,39.11980731]],[[141.89876735,39.12033643],[141.89876735,39.12033643]],[[141.89889695,39.1203493],[141.89889695,39.1203493]],[[141.89050377,39.15750181],[141.89050377,39.15750181]],[[141.89010731,39.15753595],[141.89010731,39.15753595]],[[141.8921575,39.15867352],[141.8921575,39.15867352]],[[141.89296031,39.15876225],[141.89296031,39.15876225]],[[141.89693228,39.15882047],[141.89693228,39.15882047]],[[141.8969892,39.15914154],[141.8969892,39.15914154]],[[141.89249163,39.15912017],[141.89249163,39.15912017]],[[141.89273966,39.15917917],[141.89273966,39.15917917]],[[141.89908995,39.15931872],[141.89908995,39.15931872]],[[141.89868136,39.15963107],[141.89868136,39.15963107]],[[141.8928231,39.15968926],[141.8928231,39.15968926]],[[141.89874799,39.1596374],[141.89874799,39.1596374]],[[141.89912556,39.15983861],[141.89912556,39.15983861]],[[141.89804938,39.15979232],[141.89804938,39.15979232]],[[141.89596301,39.15984939],[141.89596301,39.15984939]],[[141.89862429,39.15970627],[141.89862429,39.15970627]],[[141.89778951,39.16035303],[141.89778951,39.16035303]],[[141.89349209,39.16023438],[141.89349209,39.16023438]],[[141.89357071,39.16032312],[141.89357071,39.16032312]],[[141.89413293,39.1603235],[141.89413293,39.1603235]],[[141.89825097,39.16041628],[141.89825097,39.16041628]],[[141.89339407,39.16044183],[141.89339407,39.16044183]],[[141.89741314,39.16071597],[141.89741314,39.16071597]],[[141.89660911,39.16101724],[141.89660911,39.16101724]],[[141.8973654,39.16171027],[141.8973654,39.16171027]],[[141.89780829,39.16291195],[141.89780829,39.16291195]],[[141.89787853,39.16294348],[141.89787853,39.16294348]],[[141.89792586,39.16301259],[141.89792586,39.16301259]],[[141.89827501,39.16309227],[141.89827501,39.16309227]],[[141.8977141,39.16324278],[141.8977141,39.16324278]],[[141.89774576,39.16369993],[141.89774576,39.16369993]],[[141.89964185,39.16371691],[141.89964185,39.16371691]],[[141.89966777,39.16377036],[141.89966777,39.16377036]],[[141.89966167,39.16379618],[141.89966167,39.16379618]],[[141.89987336,39.16386793],[141.89987336,39.16386793]],[[141.89869865,39.16396101],[141.89869865,39.16396101]],[[141.90018052,39.16394078],[141.90018052,39.16394078]],[[141.8990854,39.1640472],[141.8990854,39.1640472]],[[141.90042577,39.16409726],[141.90042577,39.16409726]],[[141.90049677,39.16407157],[141.90049677,39.16407157]],[[141.89903473,39.16409414],[141.89903473,39.16409414]],[[141.90068953,39.16417736],[141.90068953,39.16417736]],[[141.90037794,39.16411734],[141.90037794,39.16411734]],[[141.89975016,39.16418371],[141.89975016,39.16418371]],[[141.90057231,39.16423096],[141.90057231,39.16423096]],[[141.89978575,39.1642195],[141.89978575,39.1642195]],[[141.900682,39.16431399],[141.900682,39.16431399]],[[141.89954683,39.16435915],[141.89954683,39.16435915]],[[141.90025876,39.1644856],[141.90025876,39.1644856]],[[141.8994191,39.16442951],[141.8994191,39.16442951]],[[141.90079521,39.16445484],[141.90079521,39.16445484]],[[141.90104128,39.16451267],[141.90104128,39.16451267]],[[141.90178767,39.16499605],[141.90178767,39.16499605]],[[141.90318602,39.16552712],[141.90318602,39.16552712]],[[141.9023692,39.16541346],[141.9023692,39.16541346]],[[141.90361541,39.16569289],[141.90361541,39.16569289]],[[141.90412357,39.16603187],[141.90412357,39.16603187]],[[141.90459254,39.1665722],[141.90459254,39.1665722]],[[141.90391014,39.16683024],[141.90391014,39.16683024]],[[141.90467479,39.16722587],[141.90467479,39.16722587]],[[141.89087629,39.18119454],[141.89087629,39.18119454]],[[141.89157663,39.18276008],[141.89157663,39.18276008]],[[141.90232279,39.18378511],[141.90232279,39.18378511]],[[141.90275498,39.18397589],[141.90275498,39.18397589]],[[141.90298475,39.18417503],[141.90298475,39.18417503]],[[141.90299842,39.18425228],[141.90299842,39.18425228]],[[141.90349796,39.18433579],[141.90349796,39.18433579]],[[141.90344025,39.18450603],[141.90344025,39.18450603]],[[141.89548992,39.18453608],[141.89548992,39.18453608]],[[141.89667158,39.18455908],[141.89667158,39.18455908]],[[141.89444383,39.18463723],[141.89444383,39.18463723]],[[141.89542201,39.18487658],[141.89542201,39.18487658]],[[141.89970018,39.18466364],[141.89970018,39.18466364]],[[141.89720949,39.1849526],[141.89720949,39.1849526]],[[141.89814377,39.18492704],[141.89814377,39.18492704]],[[141.89027462,39.19767195],[141.89027462,39.19767195]],[[141.89192428,39.19871989],[141.89192428,39.19871989]],[[141.89215681,39.19903208],[141.89215681,39.19903208]],[[141.89386629,39.2001874],[141.89386629,39.2001874]],[[141.89277847,39.20054022],[141.89277847,39.20054022]],[[141.89371366,39.20098545],[141.89371366,39.20098545]],[[141.89204192,39.202129],[141.89204192,39.202129]],[[141.89306044,39.20250105],[141.89306044,39.20250105]],[[141.89315158,39.20282668],[141.89315158,39.20282668]],[[141.902263,39.20446133],[141.902263,39.20446133]],[[141.89460848,39.20490931],[141.89460848,39.20490931]],[[141.89133437,39.20486613],[141.89133437,39.20486613]],[[141.89939725,39.2056808],[141.89939725,39.2056808]],[[141.90147514,39.20562367],[141.90147514,39.20562367]],[[141.90515878,39.20594053],[141.90515878,39.20594053]],[[141.90498859,39.20600056],[141.90498859,39.20600056]],[[141.89124341,39.20615725],[141.89124341,39.20615725]],[[141.90061953,39.20627575],[141.90061953,39.20627575]],[[141.89820608,39.20636225],[141.89820608,39.20636225]],[[141.90501086,39.20633951],[141.90501086,39.20633951]],[[141.89115252,39.20635797],[141.89115252,39.20635797]],[[141.90032095,39.20640633],[141.90032095,39.20640633]],[[141.89090822,39.20651261],[141.89090822,39.20651261]],[[141.89597503,39.2073137],[141.89597503,39.2073137]],[[141.89083837,39.20666378],[141.89083837,39.20666378]],[[141.90156484,39.24905844],[141.90156484,39.24905844]],[[141.90087043,39.24952503],[141.90087043,39.24952503]],[[141.90351274,39.24967238],[141.90351274,39.24967238]],[[141.90334346,39.24985472],[141.90334346,39.24985472]],[[141.90493861,39.25030802],[141.90493861,39.25030802]],[[141.90545575,39.25034352],[141.90545575,39.25034352]],[[141.9051644,39.25083192],[141.9051644,39.25083192]],[[141.90492399,39.25119713],[141.90492399,39.25119713]],[[141.90200552,39.25533104],[141.90200552,39.25533104]],[[141.90213022,39.25553862],[141.90213022,39.25553862]],[[141.90228721,39.25559915],[141.90228721,39.25559915]],[[141.90233682,39.25575273],[141.90233682,39.25575273]],[[141.90285929,39.25567155],[141.90285929,39.25567155]],[[141.90247687,39.25727649],[141.90247687,39.25727649]],[[141.90242553,39.25771006],[141.90242553,39.25771006]],[[141.90010163,39.25798289],[141.90010163,39.25798289]],[[141.89986503,39.25813467],[141.89986503,39.25813467]],[[141.89990951,39.25848539],[141.89990951,39.25848539]],[[141.89917739,39.25912364],[141.89917739,39.25912364]],[[141.8993331,39.25932192],[141.8993331,39.25932192]],[[141.89924192,39.25954425],[141.89924192,39.25954425]],[[141.89965706,39.260132],[141.89965706,39.260132]],[[141.89985091,39.26042948],[141.89985091,39.26042948]],[[141.89967616,39.26068051],[141.89967616,39.26068051]],[[141.8983375,39.26260425],[141.8983375,39.26260425]],[[141.89785097,39.26285831],[141.89785097,39.26285831]],[[141.89776095,39.26296651],[141.89776095,39.26296651]],[[141.89746336,39.26312695],[141.89746336,39.26312695]],[[141.89405857,39.27005989],[141.89405857,39.27005989]],[[141.90418297,39.27018944],[141.90418297,39.27018944]],[[141.90413789,39.27019608],[141.90413789,39.27019608]],[[141.89344986,39.27032387],[141.89344986,39.27032387]],[[141.90332799,39.27036674],[141.90332799,39.27036674]],[[141.90434577,39.29244647],[141.90434577,39.29244647]],[[141.90426908,39.29251141],[141.90426908,39.29251141]],[[141.90425163,39.29252308],[141.90425163,39.29252308]],[[141.90421927,39.29759078],[141.90421927,39.29759078]],[[141.90465419,39.29773053],[141.90465419,39.29773053]],[[141.90429185,39.29791864],[141.90429185,39.29791864]],[[141.90507776,39.29815984],[141.90507776,39.29815984]],[[141.90489469,39.29821375],[141.90489469,39.29821375]],[[141.90470691,39.29823764],[141.90470691,39.29823764]],[[141.90047889,39.29890092],[141.90047889,39.29890092]],[[141.89751988,39.29959764],[141.89751988,39.29959764]],[[141.897707,39.29988886],[141.897707,39.29988886]],[[141.89780163,39.30002087],[141.89780163,39.30002087]],[[141.890757,39.30097928],[141.890757,39.30097928]],[[141.89259349,39.30094997],[141.89259349,39.30094997]],[[141.8908138,39.30106317],[141.8908138,39.30106317]],[[141.89269708,39.30113793],[141.89269708,39.30113793]],[[141.89138339,39.30113825],[141.89138339,39.30113825]],[[141.89120796,39.30118452],[141.89120796,39.30118452]],[[141.89378569,39.30115792],[141.89378569,39.30115792]],[[141.90205333,39.30326431],[141.90205333,39.30326431]],[[141.89465228,39.30370259],[141.89465228,39.30370259]],[[141.89102872,39.30464978],[141.89102872,39.30464978]],[[141.89104824,39.30479201],[141.89104824,39.30479201]],[[141.89188866,39.30479545],[141.89188866,39.30479545]],[[141.89151278,39.3049656],[141.89151278,39.3049656]],[[141.89155662,39.30499664],[141.89155662,39.30499664]],[[141.89165469,39.30500368],[141.89165469,39.30500368]],[[141.90210268,39.30734684],[141.90210268,39.30734684]],[[141.90483084,39.30863888],[141.90483084,39.30863888]],[[141.89868516,39.33179933],[141.89868516,39.33179933]],[[141.90429925,40.01428533],[141.90429925,40.01428533]],[[141.90379147,40.01432335],[141.90379147,40.01432335]],[[141.90417878,40.01425934],[141.90417878,40.01425934]],[[141.90427542,40.01433455],[141.90427542,40.01433455]],[[141.9037117,40.01455566],[141.9037117,40.01455566]],[[141.90464586,40.01459295],[141.90464586,40.01459295]],[[141.90326639,40.01474702],[141.90326639,40.01474702]],[[141.90372607,40.01479313],[141.90372607,40.01479313]],[[141.90450698,40.01471511],[141.90450698,40.01471511]],[[141.90492542,40.01488228],[141.90492542,40.01488228]],[[141.90403364,40.01503905],[141.90403364,40.01503905]],[[141.90339466,40.01500163],[141.90339466,40.01500163]],[[141.90310333,40.01518121],[141.90310333,40.01518121]],[[141.89978167,40.01729852],[141.89978167,40.01729852]],[[141.90207729,40.01881358],[141.90207729,40.01881358]],[[141.90298136,40.01917838],[141.90298136,40.01917838]],[[141.90127464,40.0194093],[141.90127464,40.0194093]],[[141.90177302,40.01956214],[141.90177302,40.01956214]],[[141.90064326,40.01979439],[141.90064326,40.01979439]],[[141.90069376,40.0198105],[141.90069376,40.0198105]],[[141.90081003,40.02003207],[141.90081003,40.02003207]],[[141.90228118,40.01997384],[141.90228118,40.01997384]],[[141.90103717,40.02029532],[141.90103717,40.02029532]],[[141.89789944,40.02243223],[141.89789944,40.02243223]],[[141.89802755,40.02381468],[141.89802755,40.02381468]],[[141.89762682,40.02424041],[141.89762682,40.02424041]],[[141.89649159,40.0248588],[141.89649159,40.0248588]],[[141.89536076,40.02632196],[141.89536076,40.02632196]],[[141.89425089,40.02769558],[141.89425089,40.02769558]],[[141.89282804,40.0279797],[141.89282804,40.0279797]],[[141.89262136,40.02822081],[141.89262136,40.02822081]],[[141.89287585,40.02852472],[141.89287585,40.02852472]],[[141.89138073,40.0285382],[141.89138073,40.0285382]],[[141.89204936,40.02897748],[141.89204936,40.02897748]],[[141.89116475,40.029104],[141.89116475,40.029104]],[[141.8914244,40.0292034],[141.8914244,40.0292034]],[[141.8908741,40.02955357],[141.8908741,40.02955357]],[[141.89076354,40.03035294],[141.89076354,40.03035294]],[[141.89033394,40.03040919],[141.89033394,40.03040919]],[[141.90589558,39.10121836],[141.90589558,39.10121836]],[[141.90627598,39.10171688],[141.90627598,39.10171688]],[[141.90760088,39.10254704],[141.90760088,39.10254704]],[[141.90757195,39.10275061],[141.90757195,39.10275061]],[[141.90821166,39.10289695],[141.90821166,39.10289695]],[[141.91560818,39.10417804],[141.91560818,39.10417804]],[[141.91616527,39.10448346],[141.91616527,39.10448346]],[[141.91749587,39.10456523],[141.91749587,39.10456523]],[[141.91878196,39.10573982],[141.91878196,39.10573982]],[[141.9194524,39.10586599],[141.9194524,39.10586599]],[[141.91652149,39.10703766],[141.91652149,39.10703766]],[[141.9156935,39.1072238],[141.9156935,39.1072238]],[[141.91586781,39.10734181],[141.91586781,39.10734181]],[[141.90960244,39.10940847],[141.90960244,39.10940847]],[[141.90898795,39.11065933],[141.90898795,39.11065933]],[[141.90858157,39.11105034],[141.90858157,39.11105034]],[[141.9086462,39.11127829],[141.9086462,39.11127829]],[[141.90748278,39.11208596],[141.90748278,39.11208596]],[[141.90641468,39.11254179],[141.90641468,39.11254179]],[[141.90887931,39.11278464],[141.90887931,39.11278464]],[[141.90573361,39.11392865],[141.90573361,39.11392865]],[[141.90615123,39.11482598],[141.90615123,39.11482598]],[[141.90575851,39.11518182],[141.90575851,39.11518182]],[[141.90607344,39.11510947],[141.90607344,39.11510947]],[[141.90599167,39.11523066],[141.90599167,39.11523066]],[[141.90670349,39.11532077],[141.90670349,39.11532077]],[[141.90589904,39.11558868],[141.90589904,39.11558868]],[[141.90753665,39.11593213],[141.90753665,39.11593213]],[[141.90580835,39.11692885],[141.90580835,39.11692885]],[[141.90490287,39.16751501],[141.90490287,39.16751501]],[[141.90549113,39.16799171],[141.90549113,39.16799171]],[[141.90633695,39.16866404],[141.90633695,39.16866404]],[[141.90683768,39.16896101],[141.90683768,39.16896101]],[[141.90784241,39.16927532],[141.90784241,39.16927532]],[[141.90754411,39.16942941],[141.90754411,39.16942941]],[[141.91222336,39.17112743],[141.91222336,39.17112743]],[[141.91220393,39.17145424],[141.91220393,39.17145424]],[[141.91217523,39.17155972],[141.91217523,39.17155972]],[[141.91526804,39.17184966],[141.91526804,39.17184966]],[[141.91579319,39.17191703],[141.91579319,39.17191703]],[[141.91221786,39.17197893],[141.91221786,39.17197893]],[[141.91652894,39.17363397],[141.91652894,39.17363397]],[[141.91682017,39.17375828],[141.91682017,39.17375828]],[[141.91660392,39.17385154],[141.91660392,39.17385154]],[[141.91724917,39.17438351],[141.91724917,39.17438351]],[[141.91734738,39.17455329],[141.91734738,39.17455329]],[[141.91794373,39.17473385],[141.91794373,39.17473385]],[[141.92027441,39.1751084],[141.92027441,39.1751084]],[[141.92044715,39.17510507],[141.92044715,39.17510507]],[[141.91950785,39.17514815],[141.91950785,39.17514815]],[[141.91954883,39.17528523],[141.91954883,39.17528523]],[[141.91958794,39.17572068],[141.91958794,39.17572068]],[[141.91950388,39.17604917],[141.91950388,39.17604917]],[[141.92040323,39.17676197],[141.92040323,39.17676197]],[[141.90543628,39.18503753],[141.90543628,39.18503753]],[[141.90657695,39.18514269],[141.90657695,39.18514269]],[[141.91757475,39.18572404],[141.91757475,39.18572404]],[[141.90908802,39.18594188],[141.90908802,39.18594188]],[[141.9078769,39.18600071],[141.9078769,39.18600071]],[[141.91119376,39.18618653],[141.91119376,39.18618653]],[[141.91106428,39.18614431],[141.91106428,39.18614431]],[[141.91691254,39.18629608],[141.91691254,39.18629608]],[[141.91669647,39.186268],[141.91669647,39.186268]],[[141.90575594,39.20647803],[141.90575594,39.20647803]],[[141.9062037,39.20666936],[141.9062037,39.20666936]],[[141.90565997,39.20679861],[141.90565997,39.20679861]],[[141.90639272,39.20682661],[141.90639272,39.20682661]],[[141.90594058,39.20681017],[141.90594058,39.20681017]],[[141.90559267,39.2069338],[141.90559267,39.2069338]],[[141.90603611,39.20707041],[141.90603611,39.20707041]],[[141.90828803,39.20719297],[141.90828803,39.20719297]],[[141.90879987,39.20728881],[141.90879987,39.20728881]],[[141.90933528,39.20741923],[141.90933528,39.20741923]],[[141.91071678,39.20785651],[141.91071678,39.20785651]],[[141.91065477,39.20798256],[141.91065477,39.20798256]],[[141.90953376,39.20841956],[141.90953376,39.20841956]],[[141.91038789,39.20895977],[141.91038789,39.20895977]],[[141.91035477,39.20910387],[141.91035477,39.20910387]],[[141.91087122,39.20930295],[141.91087122,39.20930295]],[[141.91183075,39.20942431],[141.91183075,39.20942431]],[[141.91055501,39.20961303],[141.91055501,39.20961303]],[[141.91163661,39.20979039],[141.91163661,39.20979039]],[[141.91291686,39.20992544],[141.91291686,39.20992544]],[[141.91177633,39.210076],[141.91177633,39.210076]],[[141.91236078,39.21000403],[141.91236078,39.21000403]],[[141.91731969,39.24077384],[141.91731969,39.24077384]],[[141.91370911,39.24228451],[141.91370911,39.24228451]],[[141.9144045,39.24388469],[141.9144045,39.24388469]],[[141.91485253,39.24384244],[141.91485253,39.24384244]],[[141.9151083,39.24396977],[141.9151083,39.24396977]],[[141.91563508,39.24371625],[141.91563508,39.24371625]],[[141.9142465,39.24442125],[141.9142465,39.24442125]],[[141.91456791,39.24556477],[141.91456791,39.24556477]],[[141.91529012,39.24706411],[141.91529012,39.24706411]],[[141.90859681,39.24722503],[141.90859681,39.24722503]],[[141.90875781,39.24720803],[141.90875781,39.24720803]],[[141.90866433,39.24719414],[141.90866433,39.24719414]],[[141.91031302,39.24750641],[141.91031302,39.24750641]],[[141.90965272,39.2475408],[141.90965272,39.2475408]],[[141.91034075,39.24760733],[141.91034075,39.24760733]],[[141.91065635,39.24761692],[141.91065635,39.24761692]],[[141.91016423,39.24760175],[141.91016423,39.24760175]],[[141.91090128,39.24776897],[141.91090128,39.24776897]],[[141.9142145,39.24782267],[141.9142145,39.24782267]],[[141.90681141,39.24808202],[141.90681141,39.24808202]],[[141.91441416,39.24816564],[141.91441416,39.24816564]],[[141.90679847,39.2481978],[141.90679847,39.2481978]],[[141.91401608,39.24827761],[141.91401608,39.24827761]],[[141.91243134,39.24831436],[141.91243134,39.24831436]],[[141.91408419,39.24866241],[141.91408419,39.24866241]],[[141.91379394,39.24872061],[141.91379394,39.24872061]],[[141.90696294,39.24870441],[141.90696294,39.24870441]],[[141.91429616,39.24877964],[141.91429616,39.24877964]],[[141.91305163,39.24879261],[141.91305163,39.24879261]],[[141.91431866,39.24887995],[141.91431866,39.24887995]],[[141.90691541,39.24893069],[141.90691541,39.24893069]],[[141.91393297,39.24919656],[141.91393297,39.24919656]],[[141.91460119,39.24963247],[141.91460119,39.24963247]],[[141.915077,39.24953428],[141.915077,39.24953428]],[[141.91493141,39.24949833],[141.91493141,39.24949833]],[[141.91573961,39.24977736],[141.91573961,39.24977736]],[[141.91692178,39.24982905],[141.91692178,39.24982905]],[[141.91625516,39.24995841],[141.91625516,39.24995841]],[[141.9141672,39.25013724],[141.9141672,39.25013724]],[[141.91391603,39.25006977],[141.91391603,39.25006977]],[[141.91616381,39.25015788],[141.91616381,39.25015788]],[[141.9140589,39.25035714],[141.9140589,39.25035714]],[[141.90529852,39.25057828],[141.90529852,39.25057828]],[[141.91639584,39.2517223],[141.91639584,39.2517223]],[[141.92065591,39.26652784],[141.92065591,39.26652784]],[[141.91331695,39.26641751],[141.91331695,39.26641751]],[[141.91281258,39.26647407],[141.91281258,39.26647407]],[[141.91415035,39.26772169],[141.91415035,39.26772169]],[[141.91397802,39.26785598],[141.91397802,39.26785598]],[[141.91389881,39.26789779],[141.91389881,39.26789779]],[[141.91395429,39.26822012],[141.91395429,39.26822012]],[[141.91412027,39.26982189],[141.91412027,39.26982189]],[[141.91448873,39.27033769],[141.91448873,39.27033769]],[[141.91974577,39.28617769],[141.91974577,39.28617769]],[[141.91928528,39.28629244],[141.91928528,39.28629244]],[[141.91606109,39.28635111],[141.91606109,39.28635111]],[[141.91979128,39.28640797],[141.91979128,39.28640797]],[[141.91845703,39.28678505],[141.91845703,39.28678505]],[[141.915942,39.28685241],[141.915942,39.28685241]],[[141.91835652,39.28689877],[141.91835652,39.28689877]],[[141.92037514,39.28699884],[141.92037514,39.28699884]],[[141.92046606,39.28705431],[141.92046606,39.28705431]],[[141.92048639,39.28747847],[141.92048639,39.28747847]],[[141.920104,39.28756175],[141.920104,39.28756175]],[[141.92037336,39.28769464],[141.92037336,39.28769464]],[[141.9161172,39.28775086],[141.9161172,39.28775086]],[[141.9203507,39.28808731],[141.9203507,39.28808731]],[[141.92054153,39.28824039],[141.92054153,39.28824039]],[[141.91076822,39.28900575],[141.91076822,39.28900575]],[[141.91089639,39.28900403],[141.91089639,39.28900403]],[[141.91442222,39.28908167],[141.91442222,39.28908167]],[[141.91098903,39.28905875],[141.91098903,39.28905875]],[[141.9154908,39.28895059],[141.9154908,39.28895059]],[[141.91044747,39.289165],[141.91044747,39.289165]],[[141.91105027,39.28911428],[141.91105027,39.28911428]],[[141.91097772,39.28917567],[141.91097772,39.28917567]],[[141.91109844,39.28915636],[141.91109844,39.28915636]],[[141.91469348,39.28923328],[141.91469348,39.28923328]],[[141.91098655,39.28925305],[141.91098655,39.28925305]],[[141.91471791,39.28929261],[141.91471791,39.28929261]],[[141.91519706,39.28933364],[141.91519706,39.28933364]],[[141.91136795,39.28931439],[141.91136795,39.28931439]],[[141.91471642,39.28930847],[141.91471642,39.28930847]],[[141.91121489,39.28934941],[141.91121489,39.28934941]],[[141.91155416,39.28938536],[141.91155416,39.28938536]],[[141.91153322,39.28943295],[141.91153322,39.28943295]],[[141.911187,39.28944992],[141.911187,39.28944992]],[[141.91476591,39.28945925],[141.91476591,39.28945925]],[[141.91468542,39.28947884],[141.91468542,39.28947884]],[[141.91479953,39.28949569],[141.91479953,39.28949569]],[[141.9143145,39.28951036],[141.9143145,39.28951036]],[[141.91380486,39.28985397],[141.91380486,39.28985397]],[[141.91303464,39.28988003],[141.91303464,39.28988003]],[[141.91318737,39.28992961],[141.91318737,39.28992961]],[[141.91334117,39.289898],[141.91334117,39.289898]],[[141.91005639,39.29009725],[141.91005639,39.29009725]],[[141.91368442,39.29026053],[141.91368442,39.29026053]],[[141.90824255,39.29027823],[141.90824255,39.29027823]],[[141.9094427,39.29036269],[141.9094427,39.29036269]],[[141.90961538,39.29041317],[141.90961538,39.29041317]],[[141.90968711,39.29050977],[141.90968711,39.29050977]],[[141.90939258,39.29067025],[141.90939258,39.29067025]],[[141.90939095,39.29076089],[141.90939095,39.29076089]],[[141.90720117,39.29079739],[141.90720117,39.29079739]],[[141.90919776,39.29077195],[141.90919776,39.29077195]],[[141.90774283,39.29079528],[141.90774283,39.29079528]],[[141.90733728,39.29097305],[141.90733728,39.29097305]],[[141.90811008,39.29103061],[141.90811008,39.29103061]],[[141.90801103,39.29094387],[141.90801103,39.29094387]],[[141.90798925,39.291278],[141.90798925,39.291278]],[[141.90799589,39.29447303],[141.90799589,39.29447303]],[[141.91000944,39.29482897],[141.91000944,39.29482897]],[[141.91015949,39.29489108],[141.91015949,39.29489108]],[[141.90940698,39.29578244],[141.90940698,39.29578244]],[[141.90863511,39.29583533],[141.90863511,39.29583533]],[[141.90710475,39.29676422],[141.90710475,39.29676422]],[[141.90669414,39.29760086],[141.90669414,39.29760086]],[[141.90590531,39.29769704],[141.90590531,39.29769704]],[[141.90775581,39.29777978],[141.90775581,39.29777978]],[[141.91884367,39.30321378],[141.91884367,39.30321378]],[[141.91664355,39.30339461],[141.91664355,39.30339461]],[[141.91629558,39.30404805],[141.91629558,39.30404805]],[[141.91376973,39.3042868],[141.91376973,39.3042868]],[[141.91406739,39.3041682],[141.91406739,39.3041682]],[[141.91635374,39.30439728],[141.91635374,39.30439728]],[[141.91631425,39.30449178],[141.91631425,39.30449178]],[[141.91030553,39.30454997],[141.91030553,39.30454997]],[[141.91608811,39.30456461],[141.91608811,39.30456461]],[[141.91856603,39.30456711],[141.91856603,39.30456711]],[[141.91822319,39.30456047],[141.91822319,39.30456047]],[[141.91345542,39.30458986],[141.91345542,39.30458986]],[[141.91239802,39.30460525],[141.91239802,39.30460525]],[[141.9185983,39.30461572],[141.9185983,39.30461572]],[[141.909833,39.30472925],[141.909833,39.30472925]],[[141.91239197,39.30468756],[141.91239197,39.30468756]],[[141.91591606,39.30481959],[141.91591606,39.30481959]],[[141.911682,39.30492626],[141.911682,39.30492626]],[[141.91590869,39.30490623],[141.91590869,39.30490623]],[[141.91179628,39.30490141],[141.91179628,39.30490141]],[[141.91237525,39.30483813],[141.91237525,39.30483813]],[[141.91595367,39.30510847],[141.91595367,39.30510847]],[[141.91162377,39.3051375],[141.91162377,39.3051375]],[[141.90927411,39.30533867],[141.90927411,39.30533867]],[[141.90869358,39.30527225],[141.90869358,39.30527225]],[[141.91418455,39.30530372],[141.91418455,39.30530372]],[[141.90794278,39.30529197],[141.90794278,39.30529197]],[[141.90843051,39.30549167],[141.90843051,39.30549167]],[[141.92004464,39.30554877],[141.92004464,39.30554877]],[[141.9189325,39.30566103],[141.9189325,39.30566103]],[[141.9077927,39.30582544],[141.9077927,39.30582544]],[[141.90753411,39.30662036],[141.90753411,39.30662036]],[[141.91485357,39.32657115],[141.91485357,39.32657115]],[[141.91133606,39.32849426],[141.91133606,39.32849426]],[[141.91186545,39.32903235],[141.91186545,39.32903235]],[[141.91086931,39.32906643],[141.91086931,39.32906643]],[[141.91180576,39.32917901],[141.91180576,39.32917901]],[[141.91994165,39.33040037],[141.91994165,39.33040037]],[[141.92023546,39.33058103],[141.92023546,39.33058103]],[[141.90778411,39.34103925],[141.90778411,39.34103925]],[[141.908128,39.34132144],[141.908128,39.34132144]],[[141.90786645,39.34135528],[141.90786645,39.34135528]],[[141.90789114,39.34145908],[141.90789114,39.34145908]],[[141.91249621,39.34387435],[141.91249621,39.34387435]],[[141.91230099,39.34393543],[141.91230099,39.34393543]],[[141.91337872,39.34463653],[141.91337872,39.34463653]],[[141.91304192,39.34464315],[141.91304192,39.34464315]],[[141.91537476,39.34480029],[141.91537476,39.34480029]],[[141.91500078,39.34480961],[141.91500078,39.34480961]],[[141.91507922,39.34483447],[141.91507922,39.34483447]],[[141.91654973,39.34490459],[141.91654973,39.34490459]],[[141.91493191,39.34533163],[141.91493191,39.34533163]],[[141.91571314,39.34769413],[141.91571314,39.34769413]],[[141.920401,39.35280822],[141.920401,39.35280822]],[[141.92009879,39.35288553],[141.92009879,39.35288553]],[[141.91993931,39.3529562],[141.91993931,39.3529562]],[[141.91978267,39.35293352],[141.91978267,39.35293352]],[[141.91842683,40.0080464],[141.91842683,40.0080464]],[[141.9179176,40.00825543],[141.9179176,40.00825543]],[[141.91584782,40.00952827],[141.91584782,40.00952827]],[[141.91201401,40.00997788],[141.91201401,40.00997788]],[[141.91535154,40.01008466],[141.91535154,40.01008466]],[[141.91235994,40.01006221],[141.91235994,40.01006221]],[[141.91513332,40.01011353],[141.91513332,40.01011353]],[[141.91274172,40.01031958],[141.91274172,40.01031958]],[[141.91196103,40.01070487],[141.91196103,40.01070487]],[[141.91121388,40.01093716],[141.91121388,40.01093716]],[[141.91192838,40.01098195],[141.91192838,40.01098195]],[[141.91190511,40.01106611],[141.91190511,40.01106611]],[[141.91146623,40.01105208],[141.91146623,40.01105208]],[[141.91105961,40.01104857],[141.91105961,40.01104857]],[[141.91156671,40.01131118],[141.91156671,40.01131118]],[[141.91214215,40.01140615],[141.91214215,40.01140615]],[[141.91187873,40.01144437],[141.91187873,40.01144437]],[[141.91151189,40.01169114],[141.91151189,40.01169114]],[[141.90918962,40.01285461],[141.90918962,40.01285461]],[[141.90895802,40.0135238],[141.90895802,40.0135238]],[[141.90534811,40.01528944],[141.90534811,40.01528944]],[[141.90536812,40.01555739],[141.90536812,40.01555739]],[[141.90583394,40.01561478],[141.90583394,40.01561478]],[[141.92254154,39.10425489],[141.92254154,39.10425489]],[[141.92063827,39.10426167],[141.92063827,39.10426167]],[[141.92214052,39.104724],[141.92214052,39.104724]],[[141.92200817,39.10480099],[141.92200817,39.10480099]],[[141.92228462,39.10479408],[141.92228462,39.10479408]],[[141.92070318,39.10543896],[141.92070318,39.10543896]],[[141.92056055,39.10558407],[141.92056055,39.10558407]],[[141.92055891,39.17523041],[141.92055891,39.17523041]],[[141.92142307,39.17640933],[141.92142307,39.17640933]],[[141.92038075,39.17641465],[141.92038075,39.17641465]],[[141.92216678,39.17704718],[141.92216678,39.17704718]],[[141.92140646,39.17837919],[141.92140646,39.17837919]],[[141.92163625,39.17836047],[141.92163625,39.17836047]],[[141.92222062,39.17882685],[141.92222062,39.17882685]],[[141.92132455,39.18031101],[141.92132455,39.18031101]],[[141.92135091,39.18042147],[141.92135091,39.18042147]],[[141.92337025,39.18381736],[141.92337025,39.18381736]],[[141.92275044,39.18456074],[141.92275044,39.18456074]],[[141.92257332,39.18466437],[141.92257332,39.18466437]],[[141.92317978,39.18483255],[141.92317978,39.18483255]],[[141.92268196,39.18521554],[141.92268196,39.18521554]],[[141.92609152,39.18532612],[141.92609152,39.18532612]],[[141.92680018,39.18547125],[141.92680018,39.18547125]],[[141.92646014,39.18560029],[141.92646014,39.18560029]],[[141.92298787,39.18537231],[141.92298787,39.18537231]],[[141.92324455,39.18567654],[141.92324455,39.18567654]],[[141.92659917,39.18585553],[141.92659917,39.18585553]],[[141.92476446,39.18572203],[141.92476446,39.18572203]],[[141.92560594,39.21353097],[141.92560594,39.21353097]],[[141.92555416,39.21358975],[141.92555416,39.21358975]],[[141.92531211,39.21370469],[141.92531211,39.21370469]],[[141.92790662,39.21387656],[141.92790662,39.21387656]],[[141.92533292,39.21430111],[141.92533292,39.21430111]],[[141.92507017,39.21455525],[141.92507017,39.21455525]],[[141.92729606,39.21463292],[141.92729606,39.21463292]],[[141.92708506,39.21464741],[141.92708506,39.21464741]],[[141.92662664,39.21453533],[141.92662664,39.21453533]],[[141.92770745,39.21480903],[141.92770745,39.21480903]],[[141.92339652,39.2147692],[141.92339652,39.2147692]],[[141.92386161,39.21510984],[141.92386161,39.21510984]],[[141.92221564,39.2151902],[141.92221564,39.2151902]],[[141.92222425,39.21526795],[141.92222425,39.21526795]],[[141.9223618,39.21529584],[141.9223618,39.21529584]],[[141.92856633,39.21543033],[141.92856633,39.21543033]],[[141.92779986,39.21564556],[141.92779986,39.21564556]],[[141.92914066,39.21656789],[141.92914066,39.21656789]],[[141.92913411,39.21721867],[141.92913411,39.21721867]],[[141.9287828,39.21719884],[141.9287828,39.21719884]],[[141.92892516,39.21726867],[141.92892516,39.21726867]],[[141.92888494,39.21734895],[141.92888494,39.21734895]],[[141.92867569,39.21755005],[141.92867569,39.21755005]],[[141.92746934,39.21840364],[141.92746934,39.21840364]],[[141.92822114,39.21845613],[141.92822114,39.21845613]],[[141.92637639,39.21903764],[141.92637639,39.21903764]],[[141.92765022,39.22049864],[141.92765022,39.22049864]],[[141.93087211,39.22049608],[141.93087211,39.22049608]],[[141.92757114,39.22049292],[141.92757114,39.22049292]],[[141.92384161,39.22077787],[141.92384161,39.22077787]],[[141.92432942,39.22090697],[141.92432942,39.22090697]],[[141.92803234,39.22103247],[141.92803234,39.22103247]],[[141.93013997,39.22119397],[141.93013997,39.22119397]],[[141.92811,39.2214472],[141.92811,39.2214472]],[[141.9282155,39.22148503],[141.9282155,39.22148503]],[[141.92702017,39.22159084],[141.92702017,39.22159084]],[[141.9299453,39.22161053],[141.9299453,39.22161053]],[[141.92834684,39.22161964],[141.92834684,39.22161964]],[[141.92918936,39.22150244],[141.92918936,39.22150244]],[[141.92940772,39.22178972],[141.92940772,39.22178972]],[[141.92455175,39.24293686],[141.92455175,39.24293686]],[[141.92454285,39.24302642],[141.92454285,39.24302642]],[[141.92450542,39.24312385],[141.92450542,39.24312385]],[[141.92701834,39.2451302],[141.92701834,39.2451302]],[[141.9276438,39.24545959],[141.9276438,39.24545959]],[[141.92755616,39.24550005],[141.92755616,39.24550005]],[[141.92869397,39.24642841],[141.92869397,39.24642841]],[[141.92898888,39.24665644],[141.92898888,39.24665644]],[[141.92865175,39.24680564],[141.92865175,39.24680564]],[[141.93152599,39.25915725],[141.92543316,39.26353529],[141.93152599,39.25915725]],[[141.92244691,39.26531043],[141.92244691,39.26531043]],[[141.92176944,39.26544288],[141.92176944,39.26544288]],[[141.92209949,39.26543682],[141.92209949,39.26543682]],[[141.92223996,39.26564044],[141.92223996,39.26564044]],[[141.92519296,39.26585086],[141.92519296,39.26585086]],[[141.92318878,39.26585667],[141.92318878,39.26585667]],[[141.92741278,39.26597064],[141.92741278,39.26597064]],[[141.92556544,39.26622669],[141.92556544,39.26622669]],[[141.92213434,39.2662582],[141.92213434,39.2662582]],[[141.92559629,39.2662955],[141.92559629,39.2662955]],[[141.92216953,39.26649568],[141.92216953,39.26649568]],[[141.92663634,39.2665948],[141.92663634,39.2665948]],[[141.9223549,39.26649286],[141.9223549,39.26649286]],[[141.92920115,39.26670725],[141.92920115,39.26670725]],[[141.9222452,39.26685466],[141.9222452,39.26685466]],[[141.92793371,39.26707687],[141.92793371,39.26707687]],[[141.92809473,39.26729659],[141.92809473,39.26729659]],[[141.92166942,39.26756114],[141.92166942,39.26756114]],[[141.92891248,39.26780028],[141.92891248,39.26780028]],[[141.92880743,39.26776668],[141.92880743,39.26776668]],[[141.92147004,39.26792475],[141.92147004,39.26792475]],[[141.92131131,39.26801694],[141.92131131,39.26801694]],[[141.93006808,39.26806865],[141.93006808,39.26806865]],[[141.92949485,39.26833159],[141.92949485,39.26833159]],[[141.93033581,39.26986195],[141.93033581,39.26986195]],[[141.92991872,39.26982353],[141.92991872,39.26982353]],[[141.92980785,39.26992223],[141.92980785,39.26992223]],[[141.93002575,39.26983639],[141.93002575,39.26983639]],[[141.92971855,39.26994793],[141.92971855,39.26994793]],[[141.92940924,39.26998462],[141.92940924,39.26998462]],[[141.93043527,39.26995964],[141.93043527,39.26995964]],[[141.93068877,39.27110017],[141.93068877,39.27110017]],[[141.93016938,39.27122803],[141.93016938,39.27122803]],[[141.93086831,39.27122153],[141.93086831,39.27122153]],[[141.92976545,39.27148531],[141.92976545,39.27148531]],[[141.92962665,39.27159949],[141.92962665,39.27159949]],[[141.93053909,39.27164648],[141.93053909,39.27164648]],[[141.92857206,39.27201639],[141.92857206,39.27201639]],[[141.92962441,39.27209504],[141.92962441,39.27209504]],[[141.92782977,39.272172],[141.92782977,39.272172]],[[141.9301903,39.27245119],[141.9301903,39.27245119]],[[141.92998746,39.27236717],[141.92998746,39.27236717]],[[141.92718127,39.27249427],[141.92718127,39.27249427]],[[141.92954958,39.27253667],[141.92954958,39.27253667]],[[141.92733401,39.27251617],[141.92733401,39.27251617]],[[141.92679193,39.27274367],[141.92679193,39.27274367]],[[141.92714897,39.27304802],[141.92714897,39.27304802]],[[141.92691014,39.27324349],[141.92691014,39.27324349]],[[141.92612942,39.27369382],[141.92612942,39.27369382]],[[141.92680991,39.27384805],[141.92680991,39.27384805]],[[141.92614297,39.27386494],[141.92614297,39.27386494]],[[141.92658763,39.27407912],[141.92658763,39.27407912]],[[141.92856514,39.27459441],[141.92856514,39.27459441]],[[141.92858725,39.27485311],[141.92858725,39.27485311]],[[141.92608014,39.27508744],[141.92608014,39.27508744]],[[141.92812603,39.27532433],[141.92812603,39.27532433]],[[141.9283408,39.27540797],[141.9283408,39.27540797]],[[141.92592975,39.27641853],[141.92592975,39.27641853]],[[141.92448061,39.2775862],[141.92448061,39.2775862]],[[141.92419445,39.2781472],[141.92419445,39.2781472]],[[141.92203118,39.27892322],[141.92203118,39.27892322]],[[141.92497516,39.28013367],[141.92497516,39.28013367]],[[141.92496102,39.28023839],[141.92496102,39.28023839]],[[141.92289895,39.28034789],[141.92289895,39.28034789]],[[141.92339905,39.28043751],[141.92339905,39.28043751]],[[141.92260375,39.28044611],[141.92260375,39.28044611]],[[141.92302525,39.28045156],[141.92302525,39.28045156]],[[141.92305817,39.28063817],[141.92305817,39.28063817]],[[141.9229902,39.28064275],[141.9229902,39.28064275]],[[141.92675458,39.28096525],[141.92675458,39.28096525]],[[141.92680586,39.28113251],[141.92680586,39.28113251]],[[141.92679064,39.28125695],[141.92679064,39.28125695]],[[141.92669331,39.28115311],[141.92669331,39.28115311]],[[141.92544667,39.28133541],[141.92544667,39.28133541]],[[141.92547353,39.28134056],[141.92547353,39.28134056]],[[141.92688601,39.28133541],[141.92688601,39.28133541]],[[141.92543494,39.28137192],[141.92543494,39.28137192]],[[141.92533958,39.281373],[141.92533958,39.281373]],[[141.92562365,39.28140203],[141.92562365,39.28140203]],[[141.92571728,39.28142251],[141.92571728,39.28142251]],[[141.92563881,39.28142325],[141.92563881,39.28142325]],[[141.92565988,39.2814452],[141.92565988,39.2814452]],[[141.92572039,39.28147472],[141.92572039,39.28147472]],[[141.92605338,39.28159347],[141.92605338,39.28159347]],[[141.92588947,39.28255353],[141.92588947,39.28255353]],[[141.92590448,39.28294605],[141.92590448,39.28294605]],[[141.92593895,39.28297869],[141.92593895,39.28297869]],[[141.92574597,39.28311436],[141.92574597,39.28311436]],[[141.92576477,39.28312203],[141.92576477,39.28312203]],[[141.92593591,39.28304511],[141.92593591,39.28304511]],[[141.92753292,39.28333511],[141.92753292,39.28333511]],[[141.92684947,39.2833102],[141.92684947,39.2833102]],[[141.92665345,39.28333808],[141.92665345,39.28333808]],[[141.92671905,39.28332314],[141.92671905,39.28332314]],[[141.92603333,39.28337533],[141.92603333,39.28337533]],[[141.92591861,39.28340011],[141.92591861,39.28340011]],[[141.92586528,39.28342231],[141.92586528,39.28342231]],[[141.92674703,39.28340889],[141.92674703,39.28340889]],[[141.92604361,39.28345639],[141.92604361,39.28345639]],[[141.92601949,39.28348589],[141.92601949,39.28348589]],[[141.9259747,39.28349569],[141.9259747,39.28349569]],[[141.92747375,39.28362267],[141.92747375,39.28362267]],[[141.92715803,39.28348251],[141.92715803,39.28348251]],[[141.92840019,39.28367297],[141.92840019,39.28367297]],[[141.92646623,39.28374753],[141.92646623,39.28374753]],[[141.92645594,39.28377222],[141.92645594,39.28377222]],[[141.92637214,39.28382444],[141.92637214,39.28382444]],[[141.926934,39.28371431],[141.926934,39.28371431]],[[141.92691256,39.2842658],[141.92691256,39.2842658]],[[141.92733756,39.28410641],[141.92733756,39.28410641]],[[141.92613645,39.28434984],[141.92613645,39.28434984]],[[141.92617005,39.28437897],[141.92617005,39.28437897]],[[141.92580361,39.28448789],[141.92580361,39.28448789]],[[141.92691361,39.284588],[141.92691361,39.284588]],[[141.92664202,39.28463944],[141.92664202,39.28463944]],[[141.9263007,39.28490947],[141.9263007,39.28490947]],[[141.92603739,39.28508328],[141.92603739,39.28508328]],[[141.92619698,39.28524544],[141.92619698,39.28524544]],[[141.9267472,39.28522228],[141.9267472,39.28522228]],[[141.92598,39.28541811],[141.92598,39.28541811]],[[141.92655519,39.28558556],[141.92655519,39.28558556]],[[141.92590414,39.28557869],[141.92590414,39.28557869]],[[141.92609061,39.28574917],[141.92609061,39.28574917]],[[141.92314983,39.28576764],[141.92314983,39.28576764]],[[141.92443925,39.28588753],[141.92443925,39.28588753]],[[141.92552992,39.28589703],[141.92552992,39.28589703]],[[141.92282555,39.28590544],[141.92282555,39.28590544]],[[141.92301017,39.28602984],[141.92301017,39.28602984]],[[141.9254562,39.28603186],[141.9254562,39.28603186]],[[141.9258235,39.28602951],[141.9258235,39.28602951]],[[141.92442567,39.28589244],[141.92442567,39.28589244]],[[141.92560462,39.28609413],[141.92560462,39.28609413]],[[141.92544625,39.28612284],[141.92544625,39.28612284]],[[141.92222733,39.28616787],[141.92222733,39.28616787]],[[141.922681,39.28635322],[141.922681,39.28635322]],[[141.9239617,39.28640978],[141.9239617,39.28640978]],[[141.92239195,39.28638567],[141.92239195,39.28638567]],[[141.92285053,39.28650028],[141.92285053,39.28650028]],[[141.92233355,39.28651556],[141.92233355,39.28651556]],[[141.92128241,39.28658041],[141.92128241,39.28658041]],[[141.92138131,39.28673075],[141.92138131,39.28673075]],[[141.92545849,39.28691903],[141.92545849,39.28691903]],[[141.92074497,39.28756531],[141.92074497,39.28756531]],[[141.92056725,39.28832103],[141.92056725,39.28832103]],[[141.92165555,39.2895172],[141.92165555,39.2895172]],[[141.92066083,39.30523739],[141.92066083,39.30523739]],[[141.92863881,39.30809239],[141.92863881,39.30809239]],[[141.92868668,39.30856458],[141.92868668,39.30856458]],[[141.92891333,39.30856776],[141.92891333,39.30856776]],[[141.92608765,39.30899658],[141.92608765,39.30899658]],[[141.92927462,39.30924103],[141.92927462,39.30924103]],[[141.92972445,39.30941505],[141.92972445,39.30941505]],[[141.92582734,39.30937756],[141.92582734,39.30937756]],[[141.92275612,39.30971154],[141.92275612,39.30971154]],[[141.92088307,39.33098159],[141.92088307,39.33098159]],[[141.92789441,39.33215615],[141.92789441,39.33215615]],[[141.928238,39.33221732],[141.928238,39.33221732]],[[141.92860438,39.33222243],[141.92860438,39.33222243]],[[141.92780323,39.33224403],[141.92780323,39.33224403]],[[141.9290601,39.33229705],[141.9290601,39.33229705]],[[141.92770132,39.33232218],[141.92770132,39.33232218]],[[141.9287504,39.33239257],[141.9287504,39.33239257]],[[141.92891288,39.33240599],[141.92891288,39.33240599]],[[141.92657027,39.33272195],[141.92657027,39.33272195]],[[141.92308031,39.33264532],[141.92308031,39.33264532]],[[141.9268682,39.332815],[141.9268682,39.332815]],[[141.92472818,39.33304064],[141.92472818,39.33304064]],[[141.92610615,39.33300195],[141.92610615,39.33300195]],[[141.92559447,39.33303017],[141.92559447,39.33303017]],[[141.92609486,39.33310438],[141.92609486,39.33310438]],[[141.92532376,39.33311963],[141.92532376,39.33311963]],[[141.92516595,39.33317615],[141.92516595,39.33317615]],[[141.92627222,39.33350611],[141.92627222,39.33350611]],[[141.92613318,39.34991932],[141.92613318,39.34991932]],[[141.92226055,39.35216722],[141.92226055,39.35216722]],[[141.92148338,39.35248616],[141.92148338,39.35248616]],[[141.92126165,39.35250031],[141.92126165,39.35250031]],[[141.92121527,39.35251677],[141.92121527,39.35251677]],[[141.92150715,40.00816495],[141.92150715,40.00816495]],[[141.92120818,40.00827917],[141.92120818,40.00827917]],[[141.92098336,40.00831271],[141.92098336,40.00831271]],[[141.92139983,40.00831105],[141.92139983,40.00831105]],[[141.92152512,40.00837473],[141.92152512,40.00837473]],[[141.92247171,40.00840231],[141.92247171,40.00840231]],[[141.92266344,40.00846113],[141.92266344,40.00846113]],[[141.92144776,40.00856991],[141.92144776,40.00856991]],[[141.92273187,40.00847022],[141.92273187,40.00847022]],[[141.92100398,40.00846087],[141.92100398,40.00846087]],[[141.92502586,40.00856968],[141.92502586,40.00856968]],[[141.92251863,40.00849473],[141.92251863,40.00849473]],[[141.92281428,40.00871794],[141.92281428,40.00871794]],[[141.92132341,40.00885362],[141.92132341,40.00885362]],[[141.92184496,40.00891808],[141.92184496,40.00891808]],[[141.92551926,40.00899978],[141.92551926,40.00899978]],[[141.92160361,40.00900276],[141.92160361,40.00900276]],[[141.92138427,40.00897591],[141.92138427,40.00897591]],[[141.92279593,40.00894805],[141.92279593,40.00894805]],[[141.9252269,40.00915322],[141.9252269,40.00915322]],[[141.9249834,40.00913904],[141.9249834,40.00913904]],[[141.92529319,40.00924159],[141.92529319,40.00924159]],[[141.92599696,40.0092898],[141.92599696,40.0092898]],[[141.92157341,40.00933567],[141.92157341,40.00933567]],[[141.92210925,40.00940097],[141.92210925,40.00940097]],[[141.92782082,40.00958576],[141.92782082,40.00958576]],[[141.92885547,40.00981637],[141.92885547,40.00981637]],[[141.92675768,40.00979395],[141.92675768,40.00979395]],[[141.94381847,39.21754739],[141.94381847,39.21754739]],[[141.94294036,39.21795111],[141.94294036,39.21795111]],[[141.94395319,39.21788725],[141.94395319,39.21788725]],[[141.94225861,39.21783897],[141.94225861,39.21783897]],[[141.94167966,39.21802022],[141.94167966,39.21802022]],[[141.94188481,39.2182442],[141.94188481,39.2182442]],[[141.94227975,39.21828556],[141.94227975,39.21828556]],[[141.94079056,39.21830939],[141.94079056,39.21830939]],[[141.94134302,39.21858039],[141.94134302,39.21858039]],[[141.94245925,39.21852769],[141.94245925,39.21852769]],[[141.94143669,39.21884336],[141.94143669,39.21884336]],[[141.94123538,39.2189222],[141.94123538,39.2189222]],[[141.94136947,39.21905405],[141.94136947,39.21905405]],[[141.94136361,39.21921851],[141.94136361,39.21921851]],[[141.94179453,39.21917469],[141.94179453,39.21917469]],[[141.94050511,39.21983505],[141.94050511,39.21983505]],[[141.94129883,39.21990914],[141.94129883,39.21990914]],[[141.94071674,39.21996395],[141.94071674,39.21996395]],[[141.94092044,39.22022269],[141.94092044,39.22022269]],[[141.9402945,39.22030269],[141.9402945,39.22030269]],[[141.94108876,39.22029044],[141.94108876,39.22029044]],[[141.94116815,39.22036178],[141.94116815,39.22036178]],[[141.93985553,39.22038659],[141.93985553,39.22038659]],[[141.94033914,39.22062161],[141.94033914,39.22062161]],[[141.93965058,39.22050556],[141.93965058,39.22050556]],[[141.94058795,39.2205378],[141.94058795,39.2205378]],[[141.93090625,39.22057664],[141.93090625,39.22057664]],[[141.9391928,39.22048475],[141.9391928,39.22048475]],[[141.9313385,39.22066969],[141.9313385,39.22066969]],[[141.93474635,39.22073111],[141.93474635,39.22073111]],[[141.93993597,39.22083405],[141.93993597,39.22083405]],[[141.94050949,39.22080059],[141.94050949,39.22080059]],[[141.94040808,39.22084633],[141.94040808,39.22084633]],[[141.93467416,39.22073475],[141.93467416,39.22073475]],[[141.93148903,39.22123253],[141.93148903,39.22123253]],[[141.93074403,39.22105228],[141.93074403,39.22105228]],[[141.93958814,39.22136711],[141.93958814,39.22136711]],[[141.93154944,39.2214095],[141.93154944,39.2214095]],[[141.93968694,39.22148023],[141.93968694,39.22148023]],[[141.93197019,39.22166217],[141.93197019,39.22166217]],[[141.93962908,39.22171923],[141.93962908,39.22171923]],[[141.93472364,39.22177417],[141.93472364,39.22177417]],[[141.93186966,39.22172922],[141.93186966,39.22172922]],[[141.93557594,39.22211923],[141.93557594,39.22211923]],[[141.93874964,39.22211653],[141.93874964,39.22211653]],[[141.93435872,39.22215117],[141.93435872,39.22215117]],[[141.93383397,39.2222318],[141.93383397,39.2222318]],[[141.93186411,39.22227203],[141.93186411,39.22227203]],[[141.93241803,39.22228761],[141.93241803,39.22228761]],[[141.93225733,39.22231931],[141.93225733,39.22231931]],[[141.93893005,39.22224886],[141.93893005,39.22224886]],[[141.93429345,39.22240628],[141.93429345,39.22240628]],[[141.93208056,39.2223678],[141.93208056,39.2223678]],[[141.93438776,39.22235684],[141.93438776,39.22235684]],[[141.93329842,39.22250997],[141.93329842,39.22250997]],[[141.93423044,39.22250892],[141.93423044,39.22250892]],[[141.93411458,39.22264759],[141.93411458,39.22264759]],[[141.93893122,39.22254475],[141.93893122,39.22254475]],[[141.93250119,39.22261469],[141.93250119,39.22261469]],[[141.93595555,39.22265169],[141.93595555,39.22265169]],[[141.93289992,39.22266517],[141.93289992,39.22266517]],[[141.9371627,39.22275123],[141.9371627,39.22275123]],[[141.93299842,39.22270759],[141.93299842,39.22270759]],[[141.93727881,39.22280833],[141.93727881,39.22280833]],[[141.94429876,39.23904156],[141.94429876,39.23904156]],[[141.94482214,39.23916097],[141.94482214,39.23916097]],[[141.94418861,39.23927861],[141.94418861,39.23927861]],[[141.94470678,39.2393162],[141.94470678,39.2393162]],[[141.94480128,39.23943259],[141.94480128,39.23943259]],[[141.94417425,39.23952025],[141.94417425,39.23952025]],[[141.94490536,39.24198317],[141.94490536,39.24198317]],[[141.93202822,39.24330387],[141.93202822,39.24330387]],[[141.93448713,39.24329759],[141.93448713,39.24329759]],[[141.93591261,39.24423164],[141.93591261,39.24423164]],[[141.93580275,39.24433295],[141.93580275,39.24433295]],[[141.93496409,39.24432908],[141.93496409,39.24432908]],[[141.93855205,39.2445882],[141.93855205,39.2445882]],[[141.93128872,39.2450592],[141.93128872,39.2450592]],[[141.942963,39.24697803],[141.942963,39.24697803]],[[141.94293639,39.247187],[141.94293639,39.247187]],[[141.93837636,39.24746287],[141.93837636,39.24746287]],[[141.94470122,39.24761831],[141.94470122,39.24761831]],[[141.94162022,39.24801125],[141.94162022,39.24801125]],[[141.94474608,39.24807559],[141.94474608,39.24807559]],[[141.93816034,39.24805528],[141.93816034,39.24805528]],[[141.9416917,39.24828241],[141.9416917,39.24828241]],[[141.93730497,39.2484512],[141.93730497,39.2484512]],[[141.94054326,39.24861375],[141.94054326,39.24861375]],[[141.9382363,39.24858539],[141.9382363,39.24858539]],[[141.93755908,39.24866164],[141.93755908,39.24866164]],[[141.93732525,39.24871844],[141.93732525,39.24871844]],[[141.93740866,39.24865928],[141.93740866,39.24865928]],[[141.93670547,39.24866884],[141.93670547,39.24866884]],[[141.93748742,39.2486862],[141.93748742,39.2486862]],[[141.93808341,39.24875025],[141.93808341,39.24875025]],[[141.93725674,39.24875305],[141.93725674,39.24875305]],[[141.93819073,39.24872869],[141.93819073,39.24872869]],[[141.93616891,39.24878433],[141.93616891,39.24878433]],[[141.93655109,39.24883369],[141.93655109,39.24883369]],[[141.93812956,39.24883225],[141.93812956,39.24883225]],[[141.93711034,39.24893208],[141.93711034,39.24893208]],[[141.93865876,39.24900944],[141.93865876,39.24900944]],[[141.93866367,39.24924892],[141.93866367,39.24924892]],[[141.93674012,39.24915664],[141.93674012,39.24915664]],[[141.93837795,39.24926092],[141.93837795,39.24926092]],[[141.93645767,39.24944559],[141.93645767,39.24944559]],[[141.93678934,39.24947389],[141.93678934,39.24947389]],[[141.93761414,39.24993484],[141.93761414,39.24993484]],[[141.93705878,39.24951547],[141.93705878,39.24951547]],[[141.93865445,39.24952384],[141.93865445,39.24952384]],[[141.93873783,39.24964825],[141.93873783,39.24964825]],[[141.93755048,39.2501519],[141.93755048,39.2501519]],[[141.93747054,39.25088365],[141.93747054,39.25088365]],[[141.93706951,39.25102779],[141.93706951,39.25102779]],[[141.93696813,39.25105722],[141.93696813,39.25105722]],[[141.93702927,39.25123212],[141.93702927,39.25123212]],[[141.93176268,39.25628213],[141.93608086,39.25197075],[141.93176268,39.25628213]],[[141.93099608,39.26967223],[141.93099608,39.26967223]],[[141.93546503,39.26969417],[141.93546503,39.26969417]],[[141.9369535,39.30710613],[141.9369535,39.30710613]],[[141.93666127,39.30727674],[141.93666127,39.30727674]],[[141.93627634,39.30757363],[141.93627634,39.30757363]],[[141.93532093,39.30777479],[141.93532093,39.30777479]],[[141.93737411,39.30837136],[141.93737411,39.30837136]],[[141.93902772,39.30870569],[141.93902772,39.30870569]],[[141.93100442,39.30910104],[141.93100442,39.30910104]],[[141.93437681,39.30963805],[141.93437681,39.30963805]],[[141.93154419,39.30973344],[141.93154419,39.30973344]],[[141.93208231,39.30983584],[141.93208231,39.30983584]],[[141.93241852,39.30985636],[141.93241852,39.30985636]],[[141.94313128,39.31310607],[141.94313128,39.31310607]],[[141.94473934,39.3131102],[141.94473934,39.3131102]],[[141.94244809,39.31313808],[141.94244809,39.31313808]],[[141.94398113,39.31353809],[141.94398113,39.31353809]],[[141.93900224,39.32917812],[141.93900224,39.32917812]],[[141.93892564,39.32918939],[141.93892564,39.32918939]],[[141.93934339,39.32934945],[141.93934339,39.32934945]],[[141.93758992,39.32964417],[141.93758992,39.32964417]],[[141.93740089,39.32979253],[141.93740089,39.32979253]],[[141.93514172,39.33009632],[141.93514172,39.33009632]],[[141.93432056,39.33092641],[141.93432056,39.33092641]],[[141.93395319,39.33113853],[141.93395319,39.33113853]],[[141.94311878,39.33194406],[141.94311878,39.33194406]],[[141.93397137,39.33177312],[141.93397137,39.33177312]],[[141.94343301,39.33205501],[141.94343301,39.33205501]],[[141.94365349,39.33211975],[141.94365349,39.33211975]],[[141.94386689,39.33220626],[141.94386689,39.33220626]],[[141.93140447,39.33222839],[141.93140447,39.33222839]],[[141.94400198,39.33219741],[141.94400198,39.33219741]],[[141.93144787,39.33227401],[141.93144787,39.33227401]],[[141.93279283,39.33235203],[141.93279283,39.33235203]],[[141.93287261,39.33240317],[141.93287261,39.33240317]],[[141.93976406,39.34794997],[141.93976406,39.34794997]],[[141.93993958,39.34841667],[141.93993958,39.34841667]],[[141.93883672,39.34849979],[141.93883672,39.34849979]],[[141.94128189,39.34974114],[141.94128189,39.34974114]],[[141.941414,39.34987842],[141.941414,39.34987842]],[[141.94147249,39.35001181],[141.94147249,39.35001181]],[[141.94157154,39.35019327],[141.94157154,39.35019327]],[[141.94393414,39.35046425],[141.94393414,39.35046425]],[[141.943457,39.35045741],[141.943457,39.35045741]],[[141.94181866,39.35045047],[141.94181866,39.35045047]],[[141.94477197,39.35050731],[141.94477197,39.35050731]],[[141.94318903,39.37717317],[141.94318903,39.37717317]],[[141.94165322,39.37941961],[141.94165322,39.37941961]],[[141.94139078,39.37987364],[141.94139078,39.37987364]],[[141.94127355,39.38012222],[141.94127355,39.38012222]],[[141.94010276,39.38005598],[141.94010276,39.38005598]],[[141.94018106,39.3802444],[141.94018106,39.3802444]],[[141.93984958,39.38025953],[141.93984958,39.38025953]],[[141.94029302,39.38030667],[141.94029302,39.38030667]],[[141.9398872,39.38032673],[141.9398872,39.38032673]],[[141.94109934,39.38035735],[141.94109934,39.38035735]],[[141.94134289,39.3875386],[141.94134289,39.3875386]],[[141.94149925,39.38749387],[141.94149925,39.38749387]],[[141.94114995,39.38776527],[141.94114995,39.38776527]],[[141.94109219,39.38777609],[141.94109219,39.38777609]],[[141.94297335,39.38805696],[141.94297335,39.38805696]],[[141.9430072,39.38815733],[141.9430072,39.38815733]],[[141.94282468,39.38835274],[141.94282468,39.38835274]],[[141.94364086,39.38864572],[141.94364086,39.38864572]],[[141.94423859,39.38881531],[141.94423859,39.38881531]],[[141.94470516,39.38933717],[141.94470516,39.38933717]],[[141.9443896,39.38978022],[141.9443896,39.38978022]],[[141.94440006,39.39065981],[141.94440006,39.39065981]],[[141.94467578,39.39087246],[141.94467578,39.39087246]],[[141.94482625,39.391159],[141.94482625,39.391159]],[[141.94351397,39.91568841],[141.94351397,39.91568841]],[[141.9432053,39.91611649],[141.9432053,39.91611649]],[[141.94426811,39.91655936],[141.94426811,39.91655936]],[[141.9442506,39.91669175],[141.9442506,39.91669175]],[[141.94454481,39.91989928],[141.94454481,39.91989928]],[[141.94258053,39.919137],[141.94258053,39.919137]],[[141.94106302,39.9218515],[141.94106302,39.9218515]],[[141.94098961,39.92192067],[141.94098961,39.92192067]],[[141.94100828,39.92200369],[141.94100828,39.92200369]],[[141.94115124,39.92220239],[141.94115124,39.92220239]],[[141.94099497,39.92233961],[141.94099497,39.92233961]],[[141.94104345,39.92236364],[141.94104345,39.92236364]],[[141.94095805,39.92235708],[141.94095805,39.92235708]],[[141.94142564,39.92244495],[141.94142564,39.92244495]],[[141.94076053,39.9227822],[141.94076053,39.9227822]],[[141.94078739,39.92290192],[141.94078739,39.92290192]],[[141.9409107,39.92295305],[141.9409107,39.92295305]],[[141.94112856,39.9231532],[141.94112856,39.9231532]],[[141.94111197,39.92319028],[141.94111197,39.92319028]],[[141.94109109,39.92331659],[141.94109109,39.92331659]],[[141.94118209,39.92338136],[141.94118209,39.92338136]],[[141.94138319,39.92346231],[141.94138319,39.92346231]],[[141.9415708,39.92344592],[141.9415708,39.92344592]],[[141.94247883,39.92404844],[141.94247883,39.92404844]],[[141.94243958,39.92413961],[141.94243958,39.92413961]],[[141.94259636,39.92417647],[141.94259636,39.92417647]],[[141.94243739,39.92415659],[141.94243739,39.92415659]],[[141.9424108,39.92418347],[141.9424108,39.92418347]],[[141.9425675,39.92421478],[141.9425675,39.92421478]],[[141.94254416,39.92428469],[141.94254416,39.92428469]],[[141.94256795,39.924374],[141.94256795,39.924374]],[[141.94274983,39.92445125],[141.94274983,39.92445125]],[[141.94325503,39.92525939],[141.94325503,39.92525939]],[[141.94341703,39.92529467],[141.94341703,39.92529467]],[[141.94400431,39.9257448],[141.94400431,39.9257448]],[[141.94342986,39.92562492],[141.94342986,39.92562492]],[[141.9428282,39.92590017],[141.9428282,39.92590017]],[[141.94108003,39.92583267],[141.94108003,39.92583267]],[[141.94110903,39.92584536],[141.94110903,39.92584536]],[[141.94268895,39.92586125],[141.94268895,39.92586125]],[[141.94119261,39.92592861],[141.94119261,39.92592861]],[[141.94168603,39.92596369],[141.94168603,39.92596369]],[[141.94178202,39.92602656],[141.94178202,39.92602656]],[[141.94202936,39.926179],[141.94202936,39.926179]],[[141.94142917,39.92615403],[141.94142917,39.92615403]],[[141.9415482,39.92613569],[141.9415482,39.92613569]],[[141.94171664,39.926251],[141.94171664,39.926251]],[[141.94072686,39.9279025],[141.94072686,39.9279025]],[[141.94095973,39.92796305],[141.94095973,39.92796305]],[[141.94319642,39.92942475],[141.94319642,39.92942475]],[[141.9433263,39.92953564],[141.9433263,39.92953564]],[[141.94445603,39.92961795],[141.94445603,39.92961795]],[[141.94285241,39.93028377],[141.94285241,39.93028377]],[[141.94288467,39.93036939],[141.94288467,39.93036939]],[[141.94202021,39.93138437],[141.94202021,39.93138437]],[[141.94163433,39.93354341],[141.94163433,39.93354341]],[[141.94187053,39.93348433],[141.94187053,39.93348433]],[[141.94160328,39.93375069],[141.94160328,39.93375069]],[[141.941328,39.93376656],[141.941328,39.93376656]],[[141.94132236,39.93388164],[141.94132236,39.93388164]],[[141.9416925,39.93400941],[141.9416925,39.93400941]],[[141.94166667,39.93431211],[141.94166667,39.93431211]],[[141.94178075,39.93430156],[141.94178075,39.93430156]],[[141.94200003,39.93504875],[141.94200003,39.93504875]],[[141.94220211,39.93602967],[141.94220211,39.93602967]],[[141.94225891,39.93676577],[141.94225891,39.93676577]],[[141.94222389,39.93756072],[141.94222389,39.93756072]],[[141.94181891,39.93783441],[141.94181891,39.93783441]],[[141.94129394,39.9382862],[141.94129394,39.9382862]],[[141.94292414,39.94031011],[141.94292414,39.94031011]],[[141.94365215,39.94178568],[141.94365215,39.94178568]],[[141.943441,39.94262878],[141.943441,39.94262878]],[[141.94325523,39.94279086],[141.94325523,39.94279086]],[[141.94333051,39.94305405],[141.94333051,39.94305405]],[[141.94385479,39.99752127],[141.94385479,39.99752127]],[[141.94482909,39.99845836],[141.94482909,39.99845836]],[[141.94381156,39.99864807],[141.94381156,39.99864807]],[[141.94117152,39.99892895],[141.94117152,39.99892895]],[[141.93999074,40.00028117],[141.93999074,40.00028117]],[[141.94074048,40.00027329],[141.94074048,40.00027329]],[[141.94081672,40.00103354],[141.94081672,40.00103354]],[[141.94125866,40.00168349],[141.94125866,40.00168349]],[[141.94078278,40.00179585],[141.94078278,40.00179585]],[[141.94070719,40.00187978],[141.94070719,40.00187978]],[[141.93987655,40.00195698],[141.93987655,40.00195698]],[[141.94029658,40.00231514],[141.94029658,40.00231514]],[[141.94092162,40.00280058],[141.94092162,40.00280058]],[[141.94003157,40.00265038],[141.94003157,40.00265038]],[[141.93929911,40.0028167],[141.93929911,40.0028167]],[[141.93877968,40.00301161],[141.93877968,40.00301161]],[[141.93784345,40.00630423],[141.93784345,40.00630423]],[[141.93704047,40.00658876],[141.93704047,40.00658876]],[[141.93708677,40.00710026],[141.93708677,40.00710026]],[[141.93714939,40.00746129],[141.93714939,40.00746129]],[[141.93611253,40.00836634],[141.93611253,40.00836634]],[[141.9359868,40.00911979],[141.9359868,40.00911979]],[[141.93482056,40.01024268],[141.93482056,40.01024268]],[[141.94598569,39.21530236],[141.94598569,39.21530236]],[[141.94593545,39.21670439],[141.94593545,39.21670439]],[[141.94932523,39.21666656],[141.94932523,39.21666656]],[[141.94650711,39.2165485],[141.94650711,39.2165485]],[[141.94642545,39.21673692],[141.94642545,39.21673692]],[[141.94526839,39.21673708],[141.94526839,39.21673708]],[[141.94762733,39.21681056],[141.94762733,39.21681056]],[[141.94758292,39.21684378],[141.94758292,39.21684378]],[[141.94859761,39.216869],[141.94859761,39.216869]],[[141.9480227,39.21702495],[141.9480227,39.21702495]],[[141.94551183,39.21698959],[141.94551183,39.21698959]],[[141.94890134,39.2170278],[141.94890134,39.2170278]],[[141.94679876,39.21697595],[141.94679876,39.21697595]],[[141.94791102,39.21703575],[141.94791102,39.21703575]],[[141.94814856,39.21749144],[141.94814856,39.21749144]],[[141.94524834,39.21736033],[141.94524834,39.21736033]],[[141.94729808,39.21731347],[141.94729808,39.21731347]],[[141.94843122,39.21758033],[141.94843122,39.21758033]],[[141.94670659,39.21754241],[141.94670659,39.21754241]],[[141.94791314,39.21758675],[141.94791314,39.21758675]],[[141.94809114,39.21761097],[141.94809114,39.21761097]],[[141.95062983,39.21806236],[141.95062983,39.21806236]],[[141.95142031,39.22064764],[141.95142031,39.22064764]],[[141.95143189,39.22068428],[141.95143189,39.22068428]],[[141.95159406,39.22076731],[141.95159406,39.22076731]],[[141.95175409,39.2208972],[141.95175409,39.2208972]],[[141.95146197,39.22495989],[141.95146197,39.22495989]],[[141.95240153,39.22504428],[141.95240153,39.22504428]],[[141.95218864,39.22502108],[141.95218864,39.22502108]],[[141.95140297,39.225138],[141.95140297,39.225138]],[[141.95238814,39.22535384],[141.95238814,39.22535384]],[[141.95133834,39.22554011],[141.95133834,39.22554011]],[[141.9509275,39.22605561],[141.9509275,39.22605561]],[[141.9507472,39.22603517],[141.9507472,39.22603517]],[[141.95124659,39.22636178],[141.95124659,39.22636178]],[[141.95144895,39.22638678],[141.95144895,39.22638678]],[[141.95150008,39.22674075],[141.95150008,39.22674075]],[[141.95127442,39.22694156],[141.95127442,39.22694156]],[[141.951,39.22703353],[141.951,39.22703353]],[[141.95123419,39.22704111],[141.95123419,39.22704111]],[[141.95010428,39.22731128],[141.95010428,39.22731128]],[[141.94974416,39.22793728],[141.94974416,39.22793728]],[[141.94995014,39.22793277],[141.94995014,39.22793277]],[[141.94941558,39.22799311],[141.94941558,39.22799311]],[[141.94972448,39.22799547],[141.94972448,39.22799547]],[[141.94970577,39.22814528],[141.94970577,39.22814528]],[[141.94982883,39.22819428],[141.94982883,39.22819428]],[[141.94972153,39.22818917],[141.94972153,39.22818917]],[[141.94987536,39.22830067],[141.94987536,39.22830067]],[[141.9498,39.22859667],[141.9498,39.22859667]],[[141.95008311,39.22921225],[141.95008311,39.22921225]],[[141.95,39.22931339],[141.95,39.22931339]],[[141.94996494,39.22956931],[141.94996494,39.22956931]],[[141.95033064,39.22970317],[141.95033064,39.22970317]],[[141.94991502,39.22979477],[141.94991502,39.22979477]],[[141.94989547,39.22984036],[141.94989547,39.22984036]],[[141.95205274,39.23039259],[141.95205274,39.23039259]],[[141.94965053,39.23112167],[141.94965053,39.23112167]],[[141.94967044,39.23225353],[141.94967044,39.23225353]],[[141.94930494,39.23302431],[141.94930494,39.23302431]],[[141.94985536,39.23571439],[141.94985536,39.23571439]],[[141.95006014,39.23601961],[141.95006014,39.23601961]],[[141.94952322,39.23623597],[141.94952322,39.23623597]],[[141.95302409,39.23639533],[141.95302409,39.23639533]],[[141.95077302,39.23670367],[141.95077302,39.23670367]],[[141.94587927,39.23738739],[141.94587927,39.23738739]],[[141.94605331,39.23739131],[141.94605331,39.23739131]],[[141.94857761,39.23740256],[141.94857761,39.23740256]],[[141.94789992,39.23759469],[141.94789992,39.23759469]],[[141.94855889,39.2377635],[141.94855889,39.2377635]],[[141.94507411,39.23782033],[141.94507411,39.23782033]],[[141.9494928,39.23776808],[141.9494928,39.23776808]],[[141.94953725,39.23791097],[141.94953725,39.23791097]],[[141.94863326,39.23781353],[141.94863326,39.23781353]],[[141.94940309,39.23832528],[141.94940309,39.23832528]],[[141.94536704,39.23990116],[141.94536704,39.23990116]],[[141.94546589,39.24024984],[141.94546589,39.24024984]],[[141.94851472,39.24111128],[141.94851472,39.24111128]],[[141.94900014,39.24137011],[141.94900014,39.24137011]],[[141.94833639,39.24138656],[141.94833639,39.24138656]],[[141.94900776,39.24147047],[141.94900776,39.24147047]],[[141.94635783,39.24252978],[141.94635783,39.24252978]],[[141.95044167,39.24269344],[141.95044167,39.24269344]],[[141.95264782,39.24286946],[141.95264782,39.24286946]],[[141.95053341,39.24305828],[141.95053341,39.24305828]],[[141.95305966,39.24357341],[141.95305966,39.24357341]],[[141.95301306,39.24443753],[141.95301306,39.24443753]],[[141.94505538,39.24822008],[141.94505538,39.24822008]],[[141.94505151,39.24825256],[141.94505151,39.24825256]],[[141.94973008,39.24899411],[141.94973008,39.24899411]],[[141.94768501,39.2490708],[141.94768501,39.2490708]],[[141.94795236,39.24897339],[141.94795236,39.24897339]],[[141.94987661,39.24930661],[141.94987661,39.24930661]],[[141.95080341,39.24940692],[141.95080341,39.24940692]],[[141.95321681,39.24919933],[141.95321681,39.24919933]],[[141.94830003,39.24954439],[141.94830003,39.24954439]],[[141.95152501,39.25],[141.95152501,39.25]],[[141.94604883,39.31221554],[141.94604883,39.31221554]],[[141.95144026,39.31319978],[141.95144026,39.31319978]],[[141.94535508,39.31319132],[141.94535508,39.31319132]],[[141.95117154,39.31321984],[141.95117154,39.31321984]],[[141.95229803,39.31337611],[141.95229803,39.31337611]],[[141.94523917,39.31354447],[141.94523917,39.31354447]],[[141.94538477,39.31366739],[141.94538477,39.31366739]],[[141.94565431,39.313839],[141.94565431,39.313839]],[[141.94799442,39.31422963],[141.94799442,39.31422963]],[[141.94506883,39.31423482],[141.94506883,39.31423482]],[[141.94888385,39.31432506],[141.94888385,39.31432506]],[[141.94943027,39.31426046],[141.94943027,39.31426046]],[[141.94643392,39.31440328],[141.94643392,39.31440328]],[[141.94652632,39.31432854],[141.94652632,39.31432854]],[[141.94886117,39.31445229],[141.94886117,39.31445229]],[[141.94514458,39.31454405],[141.94514458,39.31454405]],[[141.94497032,39.31456779],[141.94497032,39.31456779]],[[141.94830643,39.314848],[141.94830643,39.314848]],[[141.94814983,39.3149104],[141.94814983,39.3149104]],[[141.94786384,39.31490836],[141.94786384,39.31490836]],[[141.94806647,39.31499155],[141.94806647,39.31499155]],[[141.94575964,39.31539312],[141.94575964,39.31539312]],[[141.94758803,39.3355868],[141.94758803,39.3355868]],[[141.94748464,39.33558411],[141.94748464,39.33558411]],[[141.94775925,39.33571859],[141.94775925,39.33571859]],[[141.947911,39.33612995],[141.947911,39.33612995]],[[141.94895258,39.33632256],[141.94895258,39.33632256]],[[141.95217017,39.33788361],[141.95217017,39.33788361]],[[141.94486503,39.35038739],[141.94486503,39.35038739]],[[141.94671584,39.35056389],[141.94671584,39.35056389]],[[141.94676542,39.35063403],[141.94676542,39.35063403]],[[141.9466838,39.35108325],[141.9466838,39.35108325]],[[141.94953306,39.37411906],[141.94953306,39.37411906]],[[141.94476521,39.3913727],[141.94476521,39.3913727]],[[141.94522106,39.39150337],[141.94522106,39.39150337]],[[141.94573416,39.39161169],[141.94573416,39.39161169]],[[141.94642669,39.39349277],[141.94642669,39.39349277]],[[141.94657973,39.39347731],[141.94657973,39.39347731]],[[141.9484063,39.39414675],[141.9484063,39.39414675]],[[141.94954659,39.39493939],[141.94954659,39.39493939]],[[141.94914341,39.39510167],[141.94914341,39.39510167]],[[141.94939073,39.39509513],[141.94939073,39.39509513]],[[141.95005012,39.39556225],[141.95005012,39.39556225]],[[141.95054025,39.39595072],[141.95054025,39.39595072]],[[141.95121717,39.3966122],[141.95121717,39.3966122]],[[141.95113547,39.39657723],[141.95113547,39.39657723]],[[141.95082445,39.39660613],[141.95082445,39.39660613]],[[141.95206,39.39701756],[141.95206,39.39701756]],[[141.9525238,39.39730728],[141.9525238,39.39730728]],[[141.95254781,39.39751595],[141.95254781,39.39751595]],[[141.952969,39.39774075],[141.952969,39.39774075]],[[141.95266789,39.39781733],[141.95266789,39.39781733]],[[141.95257925,39.39787072],[141.95257925,39.39787072]],[[141.9525907,39.39802753],[141.9525907,39.39802753]],[[141.95321283,39.39828059],[141.95321283,39.39828059]],[[141.95287508,39.39875036],[141.95287508,39.39875036]],[[141.95295942,39.89968413],[141.95295942,39.89968413]],[[141.95155384,39.90116223],[141.95155384,39.90116223]],[[141.95155825,39.90120353],[141.95155825,39.90120353]],[[141.95005767,39.90832239],[141.95005767,39.90832239]],[[141.94996992,39.90845689],[141.94996992,39.90845689]],[[141.95003628,39.90849625],[141.95003628,39.90849625]],[[141.94980306,39.90879095],[141.94980306,39.90879095]],[[141.95142283,39.90886559],[141.95142283,39.90886559]],[[141.94973825,39.90893289],[141.94973825,39.90893289]],[[141.94970545,39.9089948],[141.94970545,39.9089948]],[[141.95164389,39.90907341],[141.95164389,39.90907341]],[[141.94973228,39.90911353],[141.94973228,39.90911353]],[[141.94968856,39.90915089],[141.94968856,39.90915089]],[[141.94965111,39.909178],[141.94965111,39.909178]],[[141.94972406,39.90921178],[141.94972406,39.90921178]],[[141.95077462,39.90920753],[141.95077462,39.90920753]],[[141.95,39.90927947],[141.95,39.90927947]],[[141.94999922,39.90946141],[141.94999922,39.90946141]],[[141.95003698,39.90959761],[141.95003698,39.90959761]],[[141.94994025,39.90960375],[141.94994025,39.90960375]],[[141.94990573,39.9097764],[141.94990573,39.9097764]],[[141.95033128,39.90997305],[141.95033128,39.90997305]],[[141.95024186,39.91002075],[141.95024186,39.91002075]],[[141.95061387,39.91157214],[141.95061387,39.91157214]],[[141.94909722,39.91295669],[141.94909722,39.91295669]],[[141.94900328,39.91295533],[141.94900328,39.91295533]],[[141.94896781,39.91317664],[141.94896781,39.91317664]],[[141.94903403,39.91316375],[141.94903403,39.91316375]],[[141.94905898,39.91319339],[141.94905898,39.91319339]],[[141.948952,39.91321811],[141.948952,39.91321811]],[[141.94872419,39.91327192],[141.94872419,39.91327192]],[[141.94898231,39.913277],[141.94898231,39.913277]],[[141.94913623,39.91331984],[141.94913623,39.91331984]],[[141.94890027,39.91334705],[141.94890027,39.91334705]],[[141.94869798,39.91336405],[141.94869798,39.91336405]],[[141.9490207,39.91340111],[141.9490207,39.91340111]],[[141.94883642,39.91341161],[141.94883642,39.91341161]],[[141.9488662,39.91338684],[141.9488662,39.91338684]],[[141.94898331,39.91341039],[141.94898331,39.91341039]],[[141.94915908,39.91340923],[141.94915908,39.91340923]],[[141.94844214,39.91342028],[141.94844214,39.91342028]],[[141.94912289,39.913443],[141.94912289,39.913443]],[[141.94884988,39.91344131],[141.94884988,39.91344131]],[[141.94843927,39.91348831],[141.94843927,39.91348831]],[[141.94878163,39.91348231],[141.94878163,39.91348231]],[[141.94915852,39.91350544],[141.94915852,39.91350544]],[[141.94917436,39.91351572],[141.94917436,39.91351572]],[[141.948807,39.91353864],[141.948807,39.91353864]],[[141.94900844,39.91356839],[141.94900844,39.91356839]],[[141.94886326,39.91356628],[141.94886326,39.91356628]],[[141.9493902,39.91359553],[141.9493902,39.91359553]],[[141.94904064,39.91356331],[141.94904064,39.91356331]],[[141.94831211,39.91357267],[141.94831211,39.91357267]],[[141.94927528,39.91362231],[141.94927528,39.91362231]],[[141.94919939,39.91365203],[141.94919939,39.91365203]],[[141.949359,39.91366987],[141.949359,39.91366987]],[[141.9490875,39.9137048],[141.9490875,39.9137048]],[[141.94922953,39.91370678],[141.94922953,39.91370678]],[[141.94933805,39.91373556],[141.94933805,39.91373556]],[[141.94929,39.91380059],[141.94929,39.91380059]],[[141.94470528,39.91580327],[141.94977951,39.91164024],[141.94470528,39.91580327]],[[141.94944202,39.91396522],[141.94944202,39.91396522]],[[141.95084698,39.91425656],[141.95084698,39.91425656]],[[141.95003397,39.91444561],[141.95003397,39.91444561]],[[141.9487691,39.94478908],[141.9487691,39.94478908]],[[141.94862112,39.94483484],[141.94862112,39.94483484]],[[141.94866311,39.94499167],[141.94866311,39.94499167]],[[141.9477485,39.94523041],[141.9477485,39.94523041]],[[141.94722725,39.94528569],[141.94722725,39.94528569]],[[141.94724562,39.94535622],[141.94724562,39.94535622]],[[141.95075992,39.94540652],[141.95075992,39.94540652]],[[141.94703903,39.94541917],[141.94703903,39.94541917]],[[141.95106638,39.94543509],[141.95106638,39.94543509]],[[141.94764022,39.94550256],[141.94764022,39.94550256]],[[141.94736039,39.94554236],[141.94736039,39.94554236]],[[141.94744895,39.94552747],[141.94744895,39.94552747]],[[141.95310533,39.94557925],[141.95310533,39.94557925]],[[141.95089629,39.94562479],[141.95089629,39.94562479]],[[141.95266438,39.94561314],[141.95266438,39.94561314]],[[141.95056942,39.94566522],[141.95056942,39.94566522]],[[141.94861403,39.94574487],[141.94861403,39.94574487]],[[141.94745053,39.945682],[141.94745053,39.945682]],[[141.95033825,39.94573464],[141.95033825,39.94573464]],[[141.94802183,39.94566822],[141.94802183,39.94566822]],[[141.94898883,39.94578097],[141.94898883,39.94578097]],[[141.953062,39.94574856],[141.953062,39.94574856]],[[141.94839745,39.94578241],[141.94839745,39.94578241]],[[141.94903027,39.9457832],[141.94903027,39.9457832]],[[141.95283244,39.94575869],[141.95283244,39.94575869]],[[141.9483665,39.94580064],[141.9483665,39.94580064]],[[141.95274097,39.94586892],[141.95274097,39.94586892]],[[141.94888338,39.94588125],[141.94888338,39.94588125]],[[141.94852905,39.9458888],[141.94852905,39.9458888]],[[141.94871519,39.94600095],[141.94871519,39.94600095]],[[141.95117603,39.94613892],[141.95117603,39.94613892]],[[141.95120258,39.94617531],[141.95120258,39.94617531]],[[141.95245419,39.94630203],[141.95245419,39.94630203]],[[141.95239787,39.98699272],[141.95239787,39.98699272]],[[141.95173891,39.98736079],[141.95173891,39.98736079]],[[141.95089597,39.98720212],[141.95089597,39.98720212]],[[141.95199362,39.98730529],[141.95199362,39.98730529]],[[141.95113646,39.98724466],[141.95113646,39.98724466]],[[141.95272196,39.98739382],[141.95272196,39.98739382]],[[141.95081361,39.98739286],[141.95081361,39.98739286]],[[141.95108861,39.9875056],[141.95108861,39.9875056]],[[141.95080118,39.98754332],[141.95080118,39.98754332]],[[141.95115681,39.98758798],[141.95115681,39.98758798]],[[141.95098289,39.98778636],[141.95098289,39.98778636]],[[141.95151223,39.98825871],[141.95151223,39.98825871]],[[141.95024755,39.98842546],[141.95024755,39.98842546]],[[141.95059799,39.98859736],[141.95059799,39.98859736]],[[141.95132306,39.98858514],[141.95132306,39.98858514]],[[141.95115232,39.98853365],[141.95115232,39.98853365]],[[141.9510318,39.98879042],[141.9510318,39.98879042]],[[141.9514602,39.98881601],[141.9514602,39.98881601]],[[141.94892512,39.98927619],[141.94892512,39.98927619]],[[141.94824641,39.98953276],[141.94824641,39.98953276]],[[141.9491718,39.98951132],[141.9491718,39.98951132]],[[141.9485956,39.98958415],[141.9485956,39.98958415]],[[141.94846206,39.98958085],[141.94846206,39.98958085]],[[141.94924366,39.98959467],[141.94924366,39.98959467]],[[141.94819451,39.98966142],[141.94819451,39.98966142]],[[141.94838149,39.98965944],[141.94838149,39.98965944]],[[141.94794092,39.99070775],[141.94794092,39.99070775]],[[141.94792529,39.99089894],[141.94792529,39.99089894]],[[141.9485821,39.9911657],[141.9485821,39.9911657]],[[141.95031738,39.99146927],[141.95031738,39.99146927]],[[141.9505898,39.99147223],[141.9505898,39.99147223]],[[141.94845773,39.99167669],[141.94845773,39.99167669]],[[141.94614407,39.99497867],[141.94614407,39.99497867]],[[141.94582248,39.99652804],[141.94582248,39.99652804]],[[141.95651642,39.21980231],[141.95651642,39.21980231]],[[141.95428805,39.22094967],[141.95428805,39.22094967]],[[141.95483092,39.22089608],[141.95483092,39.22089608]],[[141.95471706,39.22090187],[141.95471706,39.22090187]],[[141.95402883,39.22131789],[141.95402883,39.22131789]],[[141.95625966,39.22177886],[141.95625966,39.22177886]],[[141.95605608,39.22191651],[141.95605608,39.22191651]],[[141.95546883,39.22190928],[141.95546883,39.22190928]],[[141.95627403,39.22217869],[141.95627403,39.22217869]],[[141.95584964,39.22180228],[141.95584964,39.22180228]],[[141.95633769,39.22223464],[141.95633769,39.22223464]],[[141.95626494,39.22245756],[141.95626494,39.22245756]],[[141.95619031,39.22258511],[141.95619031,39.22258511]],[[141.95629837,39.22271605],[141.95629837,39.22271605]],[[141.95595811,39.22267231],[141.95595811,39.22267231]],[[141.95677825,39.22275069],[141.95677825,39.22275069]],[[141.95585467,39.22280267],[141.95585467,39.22280267]],[[141.95461844,39.22294267],[141.95461844,39.22294267]],[[141.95755708,39.22301297],[141.95755708,39.22301297]],[[141.954604,39.22301728],[141.954604,39.22301728]],[[141.95650995,39.22305125],[141.95650995,39.22305125]],[[141.95679506,39.22314428],[141.95679506,39.22314428]],[[141.95438839,39.22364614],[141.95438839,39.22364614]],[[141.95478616,39.22374464],[141.95478616,39.22374464]],[[141.95587372,39.22387486],[141.95587372,39.22387486]],[[141.95445569,39.22379295],[141.95445569,39.22379295]],[[141.95640706,39.22391944],[141.95640706,39.22391944]],[[141.95637267,39.22411083],[141.95637267,39.22411083]],[[141.95789725,39.22440114],[141.95789725,39.22440114]],[[141.95371953,39.22442817],[141.95371953,39.22442817]],[[141.95394064,39.22444478],[141.95394064,39.22444478]],[[141.95455536,39.22457523],[141.95455536,39.22457523]],[[141.95511361,39.22457741],[141.95511361,39.22457741]],[[141.95527942,39.22461195],[141.95527942,39.22461195]],[[141.95402781,39.22477039],[141.95402781,39.22477039]],[[141.95321233,39.22482651],[141.95321233,39.22482651]],[[141.9539973,39.22486147],[141.9539973,39.22486147]],[[141.9543585,39.22493339],[141.9543585,39.22493339]],[[141.95462384,39.22495508],[141.95462384,39.22495508]],[[141.95410224,39.22496578],[141.95410224,39.22496578]],[[141.95328058,39.22496041],[141.95328058,39.22496041]],[[141.95451805,39.22501861],[141.95451805,39.22501861]],[[141.95330752,39.22550425],[141.95330752,39.22550425]],[[141.95468364,39.22569297],[141.95468364,39.22569297]],[[141.95372211,39.24239647],[141.95372211,39.24239647]],[[141.95330742,39.243367],[141.95330742,39.243367]],[[141.95390139,39.24326761],[141.95390139,39.24326761]],[[141.95710447,39.2434652],[141.95710447,39.2434652]],[[141.95705511,39.24355844],[141.95705511,39.24355844]],[[141.95347652,39.2436132],[141.95347652,39.2436132]],[[141.95663725,39.24410222],[141.95663725,39.24410222]],[[141.95452331,39.24428392],[141.95452331,39.24428392]],[[141.95433119,39.24447667],[141.95433119,39.24447667]],[[141.95412898,39.24963295],[141.95412898,39.24963295]],[[141.95377733,39.24985017],[141.95377733,39.24985017]],[[141.95299786,39.25001703],[141.95299786,39.25001703]],[[141.95711689,39.25038297],[141.95711689,39.25038297]],[[141.95463742,39.31252902],[141.95463742,39.31252902]],[[141.95769703,39.31267138],[141.95769703,39.31267138]],[[141.95600817,39.31268975],[141.95600817,39.31268975]],[[141.95440083,39.31305672],[141.95440083,39.31305672]],[[141.95582009,39.3134157],[141.95582009,39.3134157]],[[141.95561952,39.31341087],[141.95561952,39.31341087]],[[141.95569482,39.31352275],[141.95569482,39.31352275]],[[141.95714361,39.31371811],[141.95714361,39.31371811]],[[141.95783799,39.31381338],[141.95783799,39.31381338]],[[141.9570434,39.31401364],[141.9570434,39.31401364]],[[141.95717301,39.31415678],[141.95717301,39.31415678]],[[141.95739626,39.31653521],[141.95739626,39.31653521]],[[141.95774739,39.33998984],[141.95774739,39.33998984]],[[141.95767083,39.34025847],[141.95767083,39.34025847]],[[141.95744219,39.34038228],[141.95744219,39.34038228]],[[141.95626591,39.34054075],[141.95626591,39.34054075]],[[141.95749438,39.34057753],[141.95749438,39.34057753]],[[141.95346455,39.35394314],[141.95346455,39.35394314]],[[141.95530647,39.354727],[141.95530647,39.354727]],[[141.95630842,39.35529395],[141.95630842,39.35529395]],[[141.95614209,39.35537217],[141.95614209,39.35537217]],[[141.95597047,39.35547723],[141.95597047,39.35547723]],[[141.9561444,39.36099179],[141.9561444,39.36099179]],[[141.95706849,39.36244087],[141.95706849,39.36244087]],[[141.95406396,39.37391292],[141.95406396,39.37391292]],[[141.95474872,39.37444008],[141.95474872,39.37444008]],[[141.95584031,39.3762102],[141.95584031,39.3762102]],[[141.95717581,39.37624453],[141.95717581,39.37624453]],[[141.95712292,39.37629495],[141.95712292,39.37629495]],[[141.95758428,39.37635253],[141.95758428,39.37635253]],[[141.95752981,39.37631322],[141.95752981,39.37631322]],[[141.95666178,39.37640884],[141.95666178,39.37640884]],[[141.95651581,39.37653287],[141.95651581,39.37653287]],[[141.95313842,39.39789497],[141.95313842,39.39789497]],[[141.95311776,39.39795975],[141.95311776,39.39795975]],[[141.9535418,39.39814556],[141.9535418,39.39814556]],[[141.95342903,39.39886851],[141.95342903,39.39886851]],[[141.95371827,39.39899436],[141.95371827,39.39899436]],[[141.95333248,39.39902411],[141.95333248,39.39902411]],[[141.95340969,39.39948247],[141.95340969,39.39948247]],[[141.95401567,39.39948395],[141.95401567,39.39948395]],[[141.95393458,39.39948833],[141.95393458,39.39948833]],[[141.95401397,39.39950864],[141.95401397,39.39950864]],[[141.95433586,39.39973084],[141.95433586,39.39973084]],[[141.95376722,39.39978197],[141.95376722,39.39978197]],[[141.95432961,39.39981123],[141.95432961,39.39981123]],[[141.95400958,39.39975],[141.95400958,39.39975]],[[141.95384966,39.39995033],[141.95384966,39.39995033]],[[141.95407151,39.40029617],[141.95407151,39.40029617]],[[141.95442953,39.40030967],[141.95442953,39.40030967]],[[141.95451341,39.40052972],[141.95451341,39.40052972]],[[141.95635241,39.40054053],[141.95635241,39.40054053]],[[141.95638486,39.40052877],[141.95638486,39.40052877]],[[141.95623175,39.40068969],[141.95623175,39.40068969]],[[141.95731409,39.40215344],[141.95731409,39.40215344]],[[141.95671898,39.4021345],[141.95671898,39.4021345]],[[141.95734516,39.40229547],[141.95734516,39.40229547]],[[141.95705978,39.40245451],[141.95705978,39.40245451]],[[141.95697903,39.40241375],[141.95697903,39.40241375]],[[141.9572985,39.40253469],[141.9572985,39.40253469]],[[141.95711136,39.40252923],[141.95711136,39.40252923]],[[141.95715258,39.40281878],[141.95715258,39.40281878]],[[141.95773633,39.40450775],[141.95773633,39.40450775]],[[141.95766567,39.89006447],[141.95766567,39.89006447]],[[141.95641616,39.89070589],[141.95641616,39.89070589]],[[141.95493822,39.89409267],[141.95493822,39.89409267]],[[141.95390531,39.89746911],[141.95390531,39.89746911]],[[141.9553954,39.89758862],[141.9553954,39.89758862]],[[141.9532837,39.8979032],[141.9532837,39.8979032]],[[141.95328433,39.89984472],[141.95328433,39.89984472]],[[141.95641306,39.94432339],[141.95641306,39.94432339]],[[141.9565655,39.94435039],[141.9565655,39.94435039]],[[141.95564217,39.94453847],[141.95564217,39.94453847]],[[141.95553934,39.94492064],[141.95553934,39.94492064]],[[141.95357367,39.94494164],[141.95357367,39.94494164]],[[141.95342594,39.94497431],[141.95342594,39.94497431]],[[141.95336403,39.94505308],[141.95336403,39.94505308]],[[141.95701914,39.9450552],[141.95701914,39.9450552]],[[141.95382287,39.94516728],[141.95382287,39.94516728]],[[141.95341467,39.9451368],[141.95341467,39.9451368]],[[141.95510686,39.94528013],[141.95510686,39.94528013]],[[141.95522725,39.94532861],[141.95522725,39.94532861]],[[141.95368745,39.94548878],[141.95368745,39.94548878]],[[141.95489856,39.94536503],[141.95489856,39.94536503]],[[141.95405355,39.94555864],[141.95405355,39.94555864]],[[141.95341866,39.94542525],[141.95341866,39.94542525]],[[141.954706,39.94542661],[141.954706,39.94542661]],[[141.95533161,39.94548467],[141.95533161,39.94548467]],[[141.95424056,39.94550189],[141.95424056,39.94550189]],[[141.95341467,39.94546772],[141.95341467,39.94546772]],[[141.95349384,39.94553605],[141.95349384,39.94553605]],[[141.95452828,39.94552803],[141.95452828,39.94552803]],[[141.95348316,39.94555622],[141.95348316,39.94555622]],[[141.95392613,39.94554503],[141.95392613,39.94554503]],[[141.95308764,39.94556969],[141.95308764,39.94556969]],[[141.95428231,39.94560056],[141.95428231,39.94560056]],[[141.95450983,39.94560925],[141.95450983,39.94560925]],[[141.9531127,39.94569295],[141.9531127,39.94569295]],[[141.95470036,39.94563228],[141.95470036,39.94563228]],[[141.95313827,39.94568278],[141.95313827,39.94568278]],[[141.95780153,39.94573528],[141.95780153,39.94573528]],[[141.95718172,39.95506917],[141.95718172,39.95506917]],[[141.95740591,39.95516517],[141.95740591,39.95516517]],[[141.95768728,39.95525205],[141.95768728,39.95525205]],[[141.9576138,39.95540444],[141.9576138,39.95540444]],[[141.95690861,39.95768831],[141.95690861,39.95768831]],[[141.95589139,39.95936867],[141.95589139,39.95936867]],[[141.9557515,39.95947556],[141.9557515,39.95947556]],[[141.95610095,39.96026003],[141.95610095,39.96026003]],[[141.95787263,39.96126547],[141.95787263,39.96126547]],[[141.95786355,39.961277],[141.95786355,39.961277]],[[141.95611414,39.96254644],[141.95611414,39.96254644]],[[141.95690258,39.96253341],[141.95690258,39.96253341]],[[141.95761594,39.96288064],[141.95761594,39.96288064]],[[141.95687828,39.96291472],[141.95687828,39.96291472]],[[141.95740852,39.9631878],[141.95740852,39.9631878]],[[141.95558317,39.96331017],[141.95558317,39.96331017]],[[141.95557192,39.9633382],[141.95557192,39.9633382]],[[141.95627992,39.96349436],[141.95627992,39.96349436]],[[141.95541073,39.96410992],[141.95541073,39.96410992]],[[141.95535464,39.96418792],[141.95535464,39.96418792]],[[141.95522361,39.9646008],[141.95522361,39.9646008]],[[141.95555224,39.96485659],[141.95555224,39.96485659]],[[141.95544814,39.964939],[141.95544814,39.964939]],[[141.95550661,39.96502031],[141.95550661,39.96502031]],[[141.95567597,39.96524951],[141.95567597,39.96524951]],[[141.95541852,39.96549644],[141.95541852,39.96549644]],[[141.95550778,39.96545803],[141.95550778,39.96545803]],[[141.95567528,39.96554378],[141.95567528,39.96554378]],[[141.95546278,39.9655615],[141.95546278,39.9655615]],[[141.95553798,39.96554339],[141.95553798,39.96554339]],[[141.95560414,39.96563867],[141.95560414,39.96563867]],[[141.95538178,39.965662],[141.95538178,39.965662]],[[141.95649828,39.96569289],[141.95649828,39.96569289]],[[141.95572756,39.96570495],[141.95572756,39.96570495]],[[141.95581538,39.96567167],[141.95581538,39.96567167]],[[141.95550341,39.96569161],[141.95550341,39.96569161]],[[141.95557287,39.96575867],[141.95557287,39.96575867]],[[141.95634672,39.96573731],[141.95634672,39.96573731]],[[141.95543019,39.96583067],[141.95543019,39.96583067]],[[141.95548514,39.96588444],[141.95548514,39.96588444]],[[141.95634667,39.96590575],[141.95634667,39.96590575]],[[141.95538558,39.96597387],[141.95538558,39.96597387]],[[141.95516949,39.96600856],[141.95516949,39.96600856]],[[141.95524005,39.96611525],[141.95524005,39.96611525]],[[141.95530134,39.9663482],[141.95530134,39.9663482]],[[141.95524423,39.96639836],[141.95524423,39.96639836]],[[141.9554107,39.96646475],[141.9554107,39.96646475]],[[141.95553533,39.96658514],[141.95553533,39.96658514]],[[141.95547256,39.96690425],[141.95547256,39.96690425]],[[141.95538361,39.96705517],[141.95538361,39.96705517]],[[141.95533322,39.96703033],[141.95533322,39.96703033]],[[141.9557055,39.96763505],[141.9557055,39.96763505]],[[141.95611739,39.96894831],[141.95611739,39.96894831]],[[141.95671547,39.96918577],[141.95671547,39.96918577]],[[141.95483567,39.96976241],[141.95483567,39.96976241]],[[141.95460808,39.96982667],[141.95460808,39.96982667]],[[141.954438,39.97003431],[141.954438,39.97003431]],[[141.95444156,39.97071078],[141.95444156,39.97071078]],[[141.95453611,39.97092361],[141.95453611,39.97092361]],[[141.95602839,39.97105064],[141.95602839,39.97105064]],[[141.95446241,39.97166467],[141.95446241,39.97166467]],[[141.95438228,39.97170336],[141.95438228,39.97170336]],[[141.95456428,39.97172997],[141.95456428,39.97172997]],[[141.95495881,39.97176661],[141.95495881,39.97176661]],[[141.95444781,39.97186728],[141.95444781,39.97186728]],[[141.95655869,39.97210184],[141.95655869,39.97210184]],[[141.95678975,39.97234261],[141.95678975,39.97234261]],[[141.95505791,39.97294608],[141.95505791,39.97294608]],[[141.95488075,39.97299284],[141.95488075,39.97299284]],[[141.954806,39.97314036],[141.954806,39.97314036]],[[141.95580258,39.97313359],[141.95580258,39.97313359]],[[141.95556756,39.97317092],[141.95556756,39.97317092]],[[141.95544659,39.97329728],[141.95544659,39.97329728]],[[141.95504425,39.9733778],[141.95504425,39.9733778]],[[141.95491973,39.97338667],[141.95491973,39.97338667]],[[141.95510161,39.97374339],[141.95510161,39.97374339]],[[141.95559075,39.97380161],[141.95559075,39.97380161]],[[141.95581552,39.97406651],[141.95581552,39.97406651]],[[141.95480497,39.97484689],[141.95480497,39.97484689]],[[141.9563528,39.97537133],[141.9563528,39.97537133]],[[141.95587134,39.97581003],[141.95587134,39.97581003]],[[141.95483827,39.975601],[141.95483827,39.975601]],[[141.95483224,39.9756622],[141.95483224,39.9756622]],[[141.95490872,39.97576531],[141.95490872,39.97576531]],[[141.95473438,39.97612836],[141.95473438,39.97612836]],[[141.95485477,39.97634525],[141.95485477,39.97634525]],[[141.95541861,39.97654444],[141.95541861,39.97654444]],[[141.95467917,39.97659011],[141.95467917,39.97659011]],[[141.95462425,39.97661011],[141.95462425,39.97661011]],[[141.95527811,39.97664603],[141.95527811,39.97664603]],[[141.95471516,39.9767728],[141.95471516,39.9767728]],[[141.95463403,39.97682131],[141.95463403,39.97682131]],[[141.95495109,39.9770598],[141.95495109,39.9770598]],[[141.95477122,39.97719989],[141.95477122,39.97719989]],[[141.95476494,39.97731723],[141.95476494,39.97731723]],[[141.95470927,39.97754295],[141.95470927,39.97754295]],[[141.9549862,39.97760213],[141.9549862,39.97760213]],[[141.95719423,39.97799011],[141.95719423,39.97799011]],[[141.95582986,39.97819087],[141.95582986,39.97819087]],[[141.95691384,39.97814728],[141.95691384,39.97814728]],[[141.95604553,39.97824244],[141.95604553,39.97824244]],[[141.95665756,39.97835503],[141.95665756,39.97835503]],[[141.95711589,39.97836808],[141.95711589,39.97836808]],[[141.95760032,39.97924689],[141.95760032,39.97924689]],[[141.95658988,39.97978508],[141.95658988,39.97978508]],[[141.95639959,39.97983187],[141.95639959,39.97983187]],[[141.95690197,39.97981105],[141.95690197,39.97981105]],[[141.95567274,39.97994119],[141.95567274,39.97994119]],[[141.95532683,39.979976],[141.95532683,39.979976]],[[141.9553173,39.98011039],[141.9553173,39.98011039]],[[141.95661973,39.98110636],[141.95661973,39.98110636]],[[141.95656447,39.98119164],[141.95656447,39.98119164]],[[141.95654197,39.98150575],[141.95654197,39.98150575]],[[141.95545333,39.98154639],[141.95545333,39.98154639]],[[141.95701742,39.98185495],[141.95701742,39.98185495]],[[141.95664647,39.982596],[141.95664647,39.982596]],[[141.95540494,39.98286103],[141.95540494,39.98286103]],[[141.95460706,39.98282878],[141.95460706,39.98282878]],[[141.95480966,39.98300992],[141.95480966,39.98300992]],[[141.95604259,39.98368556],[141.95604259,39.98368556]],[[141.95536348,39.98447041],[141.95536348,39.98447041]],[[141.95476664,39.98509812],[141.95476664,39.98509812]],[[141.9550439,39.98532727],[141.9550439,39.98532727]],[[141.95371187,39.98561766],[141.95371187,39.98561766]],[[141.95420917,39.98695198],[141.95420917,39.98695198]],[[141.95317512,39.98753157],[141.95317512,39.98753157]],[[141.95940564,39.22272361],[141.95940564,39.22272361]],[[141.95934597,39.22274456],[141.95934597,39.22274456]],[[141.95796811,39.22273947],[141.95796811,39.22273947]],[[141.95926475,39.22318295],[141.95926475,39.22318295]],[[141.95803597,39.22398777],[141.95803597,39.22398777]],[[141.9577562,39.24318056],[141.9577562,39.24318056]],[[141.958093,39.24356797],[141.958093,39.24356797]],[[141.95798978,39.24378525],[141.95798978,39.24378525]],[[141.95873686,39.24409717],[141.95873686,39.24409717]],[[141.95821783,39.24413851],[141.95821783,39.24413851]],[[141.96524414,39.2453708],[141.96524414,39.2453708]],[[141.96442662,39.24583941],[141.96442662,39.24583941]],[[141.95917997,39.2458372],[141.95917997,39.2458372]],[[141.96527428,39.246086],[141.96527428,39.246086]],[[141.96531569,39.24611751],[141.96531569,39.24611751]],[[141.96394399,39.24630205],[141.96394399,39.24630205]],[[141.95830778,39.25042786],[141.95830778,39.25042786]],[[141.95878428,39.25058711],[141.95878428,39.25058711]],[[141.96111066,39.25077639],[141.96111066,39.25077639]],[[141.95911798,39.25084953],[141.95911798,39.25084953]],[[141.95921131,39.25095564],[141.95921131,39.25095564]],[[141.95882772,39.25110861],[141.95882772,39.25110861]],[[141.95958031,39.251166],[141.95958031,39.251166]],[[141.96515949,39.251161],[141.96515949,39.251161]],[[141.95828409,39.251098],[141.95828409,39.251098]],[[141.96095494,39.25128872],[141.96095494,39.25128872]],[[141.95907545,39.25139187],[141.95907545,39.25139187]],[[141.9639528,39.25151117],[141.9639528,39.25151117]],[[141.95954453,39.25147784],[141.95954453,39.25147784]],[[141.96370012,39.25161775],[141.96370012,39.25161775]],[[141.96401508,39.25166487],[141.96401508,39.25166487]],[[141.95877953,39.25168153],[141.95877953,39.25168153]],[[141.96416959,39.25177047],[141.96416959,39.25177047]],[[141.96456776,39.25223725],[141.96456776,39.25223725]],[[141.96449562,39.25275941],[141.96449562,39.25275941]],[[141.96440289,39.25341961],[141.96440289,39.25341961]],[[141.96513725,39.25379792],[141.96513725,39.25379792]],[[141.96441957,39.31341728],[141.96441957,39.31341728]],[[141.96468607,39.31350249],[141.96468607,39.31350249]],[[141.9580011,39.31360039],[141.9580011,39.31360039]],[[141.95791851,39.31370036],[141.95791851,39.31370036]],[[141.96485752,39.31383146],[141.96485752,39.31383146]],[[141.96364344,39.31388322],[141.96364344,39.31388322]],[[141.96382709,39.31411672],[141.96382709,39.31411672]],[[141.96396842,39.3142906],[141.96396842,39.3142906]],[[141.96292795,39.31480378],[141.96292795,39.31480378]],[[141.96000958,39.31492305],[141.96000958,39.31492305]],[[141.9625318,39.31496869],[141.9625318,39.31496869]],[[141.9603135,39.31546436],[141.9603135,39.31546436]],[[141.95923437,39.31572096],[141.95923437,39.31572096]],[[141.96080419,39.31579963],[141.96080419,39.31579963]],[[141.96066436,39.33699275],[141.96066436,39.33699275]],[[141.96207217,39.33711061],[141.96207217,39.33711061]],[[141.96503328,39.33724264],[141.96503328,39.33724264]],[[141.96167944,39.33725008],[141.96167944,39.33725008]],[[141.96221336,39.33728525],[141.96221336,39.33728525]],[[141.96146961,39.33734464],[141.96146961,39.33734464]],[[141.96297414,39.33739687],[141.96297414,39.33739687]],[[141.96132616,39.33741997],[141.96132616,39.33741997]],[[141.96207837,39.33748961],[141.96207837,39.33748961]],[[141.96210438,39.33750539],[141.96210438,39.33750539]],[[141.9632075,39.3378568],[141.9632075,39.3378568]],[[141.96453987,39.33870461],[141.96453987,39.33870461]],[[141.96037027,39.34013951],[141.96037027,39.34013951]],[[141.95958044,39.34062617],[141.95958044,39.34062617]],[[141.95982294,39.34065841],[141.95982294,39.34065841]],[[141.95982503,39.34079477],[141.95982503,39.34079477]],[[141.96073861,39.34089195],[141.96073861,39.34089195]],[[141.95796528,39.35666228],[141.95796528,39.35666228]],[[141.95789925,39.35733011],[141.95789925,39.35733011]],[[141.95840409,39.35795528],[141.95840409,39.35795528]],[[141.95885681,39.35806403],[141.95885681,39.35806403]],[[141.95848078,39.35952528],[141.95848078,39.35952528]],[[141.95793903,39.35975511],[141.95793903,39.35975511]],[[141.95828689,39.36300903],[141.95828689,39.36300903]],[[141.95962805,39.36304232],[141.95962805,39.36304232]],[[141.9587293,39.36322547],[141.9587293,39.36322547]],[[141.96035433,39.36352569],[141.96035433,39.36352569]],[[141.9593302,39.36431522],[141.9593302,39.36431522]],[[141.96045423,39.36473633],[141.96045423,39.36473633]],[[141.96044314,39.36487203],[141.96044314,39.36487203]],[[141.96058623,39.36499705],[141.96058623,39.36499705]],[[141.96108414,39.365195],[141.96108414,39.365195]],[[141.96102898,39.36523841],[141.96102898,39.36523841]],[[141.96429608,39.36869164],[141.96429608,39.36869164]],[[141.96418856,39.36865211],[141.96418856,39.36865211]],[[141.96571817,39.36933313],[141.96571817,39.36933313]],[[141.96587606,39.36939323],[141.96587606,39.36939323]],[[141.96554516,39.37065392],[141.96554516,39.37065392]],[[141.96483864,39.37103078],[141.96483864,39.37103078]],[[141.96534817,39.37103711],[141.96534817,39.37103711]],[[141.9647817,39.37106051],[141.9647817,39.37106051]],[[141.9656772,39.37138028],[141.9656772,39.37138028]],[[141.95840275,39.37626961],[141.95840275,39.37626961]],[[141.95893066,39.37719877],[141.95893066,39.37719877]],[[141.96532156,39.37853414],[141.96532156,39.37853414]],[[141.96314997,39.37845159],[141.96314997,39.37845159]],[[141.95795086,39.40448378],[141.95795086,39.40448378]],[[141.96078403,39.40661695],[141.96078403,39.40661695]],[[141.96090438,39.40686556],[141.96090438,39.40686556]],[[141.96098966,39.406855],[141.96098966,39.406855]],[[141.96108759,39.40716005],[141.96108759,39.40716005]],[[141.96101861,39.40714567],[141.96101861,39.40714567]],[[141.96111822,39.40737441],[141.96111822,39.40737441]],[[141.96218674,39.40884625],[141.96218674,39.40884625]],[[141.9623773,39.40892584],[141.9623773,39.40892584]],[[141.96323903,39.40960305],[141.96323903,39.40960305]],[[141.96315039,39.41014059],[141.96315039,39.41014059]],[[141.96345567,39.41107578],[141.96345567,39.41107578]],[[141.96416575,39.41262197],[141.96416575,39.41262197]],[[141.9643383,39.41252769],[141.9643383,39.41252769]],[[141.96436511,39.41252005],[141.96436511,39.41252005]],[[141.96450141,39.41261951],[141.96450141,39.41261951]],[[141.96498475,39.41269911],[141.96498475,39.41269911]],[[141.96364563,39.45671589],[141.96364563,39.45671589]],[[141.96350067,39.45661903],[141.96350067,39.45661903]],[[141.96166852,39.45796697],[141.96166852,39.45796697]],[[141.96173615,39.45821772],[141.96173615,39.45821772]],[[141.96168091,39.45830113],[141.96168091,39.45830113]],[[141.95857007,39.4629355],[141.95857007,39.4629355]],[[141.96275936,39.61066339],[141.96275936,39.61066339]],[[141.96358525,39.61106467],[141.96358525,39.61106467]],[[141.96343341,39.61581294],[141.96343341,39.61581294]],[[141.96349065,39.61583067],[141.96349065,39.61583067]],[[141.96365808,39.61612917],[141.96365808,39.61612917]],[[141.96493423,39.62352033],[141.96493423,39.62352033]],[[141.96203476,39.88649049],[141.96203476,39.88649049]],[[141.96163552,39.88675784],[141.96163552,39.88675784]],[[141.96166336,39.88689247],[141.96166336,39.88689247]],[[141.96203551,39.88742027],[141.96203551,39.88742027]],[[141.95995691,39.8879782],[141.95995691,39.8879782]],[[141.96033158,39.88808092],[141.96033158,39.88808092]],[[141.959188,39.88812528],[141.959188,39.88812528]],[[141.96026397,39.88822272],[141.96026397,39.88822272]],[[141.96062428,39.88845556],[141.96062428,39.88845556]],[[141.96024041,39.88865492],[141.96024041,39.88865492]],[[141.96009973,39.88877384],[141.96009973,39.88877384]],[[141.96037338,39.88887828],[141.96037338,39.88887828]],[[141.95846435,39.88888159],[141.95846435,39.88888159]],[[141.95847642,39.88936984],[141.95847642,39.88936984]],[[141.9583707,39.88959097],[141.9583707,39.88959097]],[[141.95889416,39.88982603],[141.95889416,39.88982603]],[[141.96080861,39.94303589],[141.96080861,39.94303589]],[[141.96007584,39.94321908],[141.96007584,39.94321908]],[[141.96221847,39.94323833],[141.96221847,39.94323833]],[[141.96230844,39.94325836],[141.96230844,39.94325836]],[[141.96165981,39.94329303],[141.96165981,39.94329303]],[[141.96076936,39.943317],[141.96076936,39.943317]],[[141.95994416,39.94339584],[141.95994416,39.94339584]],[[141.96102375,39.94349531],[141.96102375,39.94349531]],[[141.960039,39.94349859],[141.960039,39.94349859]],[[141.96018083,39.94349836],[141.96018083,39.94349836]],[[141.96151623,39.943556],[141.96151623,39.943556]],[[141.96057,39.94356123],[141.96057,39.94356123]],[[141.96094552,39.94362695],[141.96094552,39.94362695]],[[141.95810913,39.94369619],[141.95810913,39.94369619]],[[141.96132472,39.94374492],[141.96132472,39.94374492]],[[141.96141905,39.94378228],[141.96141905,39.94378228]],[[141.96012973,39.94370675],[141.96012973,39.94370675]],[[141.96163387,39.94409356],[141.96163387,39.94409356]],[[141.96224927,39.94445008],[141.96224927,39.94445008]],[[141.96151525,39.94462331],[141.96151525,39.94462331]],[[141.95890134,39.94475267],[141.95890134,39.94475267]],[[141.95853087,39.94497513],[141.95853087,39.94497513]],[[141.96141211,39.94540369],[141.96141211,39.94540369]],[[141.9589937,39.94542523],[141.9589937,39.94542523]],[[141.96135983,39.94541959],[141.96135983,39.94541959]],[[141.95893594,39.94550036],[141.95893594,39.94550036]],[[141.96125667,39.94558003],[141.96125667,39.94558003]],[[141.96149153,39.94567131],[141.96149153,39.94567131]],[[141.96186066,39.9456962],[141.96186066,39.9456962]],[[141.96178361,39.94583572],[141.96178361,39.94583572]],[[141.96202936,39.94584353],[141.96202936,39.94584353]],[[141.96191036,39.94585197],[141.96191036,39.94585197]],[[141.96102983,39.94589711],[141.96102983,39.94589711]],[[141.95807492,39.94587313],[141.95807492,39.94587313]],[[141.96098014,39.94594847],[141.96098014,39.94594847]],[[141.96159681,39.94601787],[141.96159681,39.94601787]],[[141.96152387,39.94612351],[141.96152387,39.94612351]],[[141.96115878,39.94640231],[141.96115878,39.94640231]],[[141.96217178,39.94642092],[141.96217178,39.94642092]],[[141.96100927,39.94642672],[141.96100927,39.94642672]],[[141.9607118,39.94646141],[141.9607118,39.94646141]],[[141.96223639,39.94647884],[141.96223639,39.94647884]],[[141.96047785,39.94633841],[141.96047785,39.94633841]],[[141.96055595,39.94657687],[141.96055595,39.94657687]],[[141.96044974,39.94676498],[141.96044974,39.94676498]],[[141.96028189,39.94699744],[141.96028189,39.94699744]],[[141.96055759,39.94686823],[141.96055759,39.94686823]],[[141.96016294,39.94720092],[141.96016294,39.94720092]],[[141.96194197,39.94718405],[141.96194197,39.94718405]],[[141.9607917,39.94747897],[141.9607917,39.94747897]],[[141.96030514,39.94770786],[141.96030514,39.94770786]],[[141.96118209,39.94760703],[141.96118209,39.94760703]],[[141.95926484,39.94774544],[141.95926484,39.94774544]],[[141.95987966,39.94779641],[141.95987966,39.94779641]],[[141.96084267,39.94783984],[141.96084267,39.94783984]],[[141.96112047,39.94780344],[141.96112047,39.94780344]],[[141.96059097,39.94796908],[141.96059097,39.94796908]],[[141.95922372,39.94791536],[141.95922372,39.94791536]],[[141.95962205,39.94820603],[141.95962205,39.94820603]],[[141.96125375,39.94810944],[141.96125375,39.94810944]],[[141.96035814,39.9487055],[141.96035814,39.9487055]],[[141.95861341,39.948692],[141.95861341,39.948692]],[[141.96071445,39.94890361],[141.96071445,39.94890361]],[[141.960761,39.94890253],[141.960761,39.94890253]],[[141.96008411,39.94890839],[141.96008411,39.94890839]],[[141.96024706,39.94898959],[141.96024706,39.94898959]],[[141.95812745,39.94905808],[141.95812745,39.94905808]],[[141.9580898,39.94916059],[141.9580898,39.94916059]],[[141.95817681,39.94925592],[141.95817681,39.94925592]],[[141.95833684,39.94925203],[141.95833684,39.94925203]],[[141.95815922,39.94941967],[141.95815922,39.94941967]],[[141.95823625,39.94942017],[141.95823625,39.94942017]],[[141.95800822,39.94958172],[141.95800822,39.94958172]],[[141.95966175,39.94994188],[141.95966175,39.94994188]],[[141.95791795,39.95007041],[141.95791795,39.95007041]],[[141.95799447,39.95009887],[141.95799447,39.95009887]],[[141.95793533,39.95011841],[141.95793533,39.95011841]],[[141.95806689,39.95018444],[141.95806689,39.95018444]],[[141.95790997,39.95017803],[141.95790997,39.95017803]],[[141.95793102,39.95021269],[141.95793102,39.95021269]],[[141.96078961,39.95026761],[141.96078961,39.95026761]],[[141.9581527,39.95037086],[141.9581527,39.95037086]],[[141.95810553,39.95054856],[141.95810553,39.95054856]],[[141.96094562,39.95055295],[141.96094562,39.95055295]],[[141.96138817,39.95049317],[141.96138817,39.95049317]],[[141.96126292,39.95077531],[141.96126292,39.95077531]],[[141.96090017,39.95073525],[141.96090017,39.95073525]],[[141.96011253,39.95075469],[141.96011253,39.95075469]],[[141.96222328,39.95087784],[141.96222328,39.95087784]],[[141.96122384,39.95085441],[141.96122384,39.95085441]],[[141.96256161,39.95090541],[141.96256161,39.95090541]],[[141.96163375,39.95082403],[141.96163375,39.95082403]],[[141.96113139,39.95105428],[141.96113139,39.95105428]],[[141.96176397,39.95105775],[141.96176397,39.95105775]],[[141.96147222,39.95097114],[141.96147222,39.95097114]],[[141.96114798,39.95107347],[141.96114798,39.95107347]],[[141.96147925,39.95117159],[141.96147925,39.95117159]],[[141.96166781,39.95122225],[141.96166781,39.95122225]],[[141.96089625,39.95121011],[141.96089625,39.95121011]],[[141.96127462,39.95126661],[141.96127462,39.95126661]],[[141.96060425,39.9512588],[141.96060425,39.9512588]],[[141.96056073,39.95164472],[141.96056073,39.95164472]],[[141.96062141,39.95164177],[141.96062141,39.95164177]],[[141.96135647,39.95184703],[141.96135647,39.95184703]],[[141.96211589,39.95181169],[141.96211589,39.95181169]],[[141.96266248,39.95206505],[141.96266248,39.95206505]],[[141.96240837,39.95246844],[141.96240837,39.95246844]],[[141.96264655,39.95247053],[141.96264655,39.95247053]],[[141.96193681,39.95255203],[141.96193681,39.95255203]],[[141.96361587,39.95247528],[141.96361587,39.95247528]],[[141.96384895,39.95279025],[141.96384895,39.95279025]],[[141.96330178,39.95276613],[141.96330178,39.95276613]],[[141.9632773,39.95280231],[141.9632773,39.95280231]],[[141.96408103,39.95285617],[141.96408103,39.95285617]],[[141.96069759,39.95289453],[141.96069759,39.95289453]],[[141.9605362,39.95295933],[141.9605362,39.95295933]],[[141.96010309,39.9529748],[141.96010309,39.9529748]],[[141.96031778,39.95303423],[141.96031778,39.95303423]],[[141.96344988,39.95338941],[141.96344988,39.95338941]],[[141.96369889,39.95344284],[141.96369889,39.95344284]],[[141.95831914,39.95345192],[141.95831914,39.95345192]],[[141.96332433,39.9534408],[141.96332433,39.9534408]],[[141.96187185,39.95346277],[141.96187185,39.95346277]],[[141.95830778,39.95354347],[141.95830778,39.95354347]],[[141.96372739,39.95357495],[141.96372739,39.95357495]],[[141.95814896,39.95369316],[141.95814896,39.95369316]],[[141.95836345,39.95368305],[141.95836345,39.95368305]],[[141.958298,39.95377503],[141.958298,39.95377503]],[[141.95852842,39.95385197],[141.95852842,39.95385197]],[[141.9581545,39.95400359],[141.9581545,39.95400359]],[[141.95877469,39.95570356],[141.95877469,39.95570356]],[[141.95864577,39.95617856],[141.95864577,39.95617856]],[[141.95896747,39.95663244],[141.95896747,39.95663244]],[[141.95939652,39.95677608],[141.95939652,39.95677608]],[[141.95910139,39.95714931],[141.95910139,39.95714931]],[[141.95852606,39.95723677],[141.95852606,39.95723677]],[[141.95907492,39.95736178],[141.95907492,39.95736178]],[[141.95899287,39.95739661],[141.95899287,39.95739661]],[[141.95838078,39.96142592],[141.95838078,39.96142592]],[[141.95976195,39.9794729],[141.95976195,39.9794729]],[[141.95794433,39.97988384],[141.95794433,39.97988384]],[[141.95815235,39.98222789],[141.95815235,39.98222789]],[[141.96817014,39.24523133],[141.96817014,39.24523133]],[[141.96848975,39.24612156],[141.96848975,39.24612156]],[[141.96710577,39.24693825],[141.96710577,39.24693825]],[[141.97013783,39.24696259],[141.97013783,39.24696259]],[[141.96763708,39.24703272],[141.96763708,39.24703272]],[[141.97211791,39.24699925],[141.97211791,39.24699925]],[[141.97013922,39.24714984],[141.97013922,39.24714984]],[[141.97101214,39.24727903],[141.97101214,39.24727903]],[[141.96880283,39.24731673],[141.96880283,39.24731673]],[[141.97292322,39.2473872],[141.97292322,39.2473872]],[[141.96878027,39.24740196],[141.96878027,39.24740196]],[[141.97184742,39.24745825],[141.97184742,39.24745825]],[[141.97070647,39.24745408],[141.97070647,39.24745408]],[[141.96977586,39.24757232],[141.96977586,39.24757232]],[[141.97176789,39.24769061],[141.97176789,39.24769061]],[[141.96944358,39.24769113],[141.96944358,39.24769113]],[[141.97162364,39.24775417],[141.97162364,39.24775417]],[[141.96970245,39.24771459],[141.96970245,39.24771459]],[[141.97213611,39.24780817],[141.97213611,39.24780817]],[[141.97265737,39.248254],[141.97265737,39.248254]],[[141.97232294,39.24822817],[141.97232294,39.24822817]],[[141.96743192,39.25094505],[141.96743192,39.25094505]],[[141.97069891,39.2509312],[141.97069891,39.2509312]],[[141.97101616,39.25106233],[141.97101616,39.25106233]],[[141.97058834,39.25109984],[141.97058834,39.25109984]],[[141.96811672,39.25126853],[141.96811672,39.25126853]],[[141.97076572,39.25129339],[141.97076572,39.25129339]],[[141.97074769,39.25136761],[141.97074769,39.25136761]],[[141.97010414,39.2514412],[141.97010414,39.2514412]],[[141.96916603,39.2518428],[141.96916603,39.2518428]],[[141.9699163,39.25179172],[141.9699163,39.25179172]],[[141.97027222,39.25239384],[141.97027222,39.25239384]],[[141.97561236,39.30405936],[141.97561236,39.30405936]],[[141.97557689,39.30440839],[141.97557689,39.30440839]],[[141.97503124,39.30784647],[141.97503124,39.30784647]],[[141.97514552,39.30787641],[141.97514552,39.30787641]],[[141.97550283,39.3081038],[141.97550283,39.3081038]],[[141.97525309,39.30819723],[141.97525309,39.30819723]],[[141.97100939,39.31303911],[141.97100939,39.31303911]],[[141.97117876,39.31305387],[141.97117876,39.31305387]],[[141.97086575,39.3131912],[141.97086575,39.3131912]],[[141.97069111,39.3131385],[141.97069111,39.3131385]],[[141.97076608,39.31320325],[141.97076608,39.31320325]],[[141.96738645,39.31322599],[141.96738645,39.31322599]],[[141.96802947,39.31327905],[141.96802947,39.31327905]],[[141.97131316,39.31450887],[141.97131316,39.31450887]],[[141.97128031,39.31455244],[141.97128031,39.31455244]],[[141.97188939,39.31502164],[141.97188939,39.31502164]],[[141.97166367,39.31503584],[141.97166367,39.31503584]],[[141.9714438,39.31521369],[141.9714438,39.31521369]],[[141.97232117,39.31611147],[141.97232117,39.31611147]],[[141.972671,39.31641253],[141.972671,39.31641253]],[[141.97297508,39.31655069],[141.97297508,39.31655069]],[[141.97428103,39.3175868],[141.97428103,39.3175868]],[[141.97559988,39.318092],[141.97559988,39.318092]],[[141.9753282,39.31806111],[141.9753282,39.31806111]],[[141.97510438,39.3183895],[141.97510438,39.3183895]],[[141.975,39.31879061],[141.975,39.31879061]],[[141.97421211,39.32465514],[141.97421211,39.32465514]],[[141.97524728,39.32615269],[141.97524728,39.32615269]],[[141.97537148,39.32745972],[141.97537148,39.32745972]],[[141.96965411,39.33604284],[141.96965411,39.33604284]],[[141.96903263,39.3361305],[141.96903263,39.3361305]],[[141.96862377,39.33641841],[141.96862377,39.33641841]],[[141.96619778,39.33695569],[141.96619778,39.33695569]],[[141.96750256,39.33720105],[141.96750256,39.33720105]],[[141.968574,39.33722736],[141.968574,39.33722736]],[[141.96672645,39.337383],[141.96672645,39.337383]],[[141.96760497,39.33731561],[141.96760497,39.33731561]],[[141.96833562,39.33739244],[141.96833562,39.33739244]],[[141.96706591,39.33763075],[141.96706591,39.33763075]],[[141.97279022,39.33805567],[141.97279022,39.33805567]],[[141.97326667,39.337838],[141.97326667,39.337838]],[[141.97341008,39.33799108],[141.97341008,39.33799108]],[[141.96622633,39.36980341],[141.96622633,39.36980341]],[[141.96590786,39.36972225],[141.96590786,39.36972225]],[[141.96721518,39.3727524],[141.96721518,39.3727524]],[[141.96724012,39.37283071],[141.96724012,39.37283071]],[[141.96769161,39.37292095],[141.96769161,39.37292095]],[[141.96825289,39.37303889],[141.96825289,39.37303889]],[[141.96775372,39.37352184],[141.96775372,39.37352184]],[[141.96796053,39.37380853],[141.96796053,39.37380853]],[[141.96616889,39.37559377],[141.96616889,39.37559377]],[[141.96630386,39.37643536],[141.96630386,39.37643536]],[[141.96625575,39.3766005],[141.96625575,39.3766005]],[[141.966367,39.37660295],[141.966367,39.37660295]],[[141.96636628,39.37672195],[141.96636628,39.37672195]],[[141.96746355,39.37669805],[141.96746355,39.37669805]],[[141.96782051,39.37705356],[141.96782051,39.37705356]],[[141.9685318,39.37730744],[141.9685318,39.37730744]],[[141.96782747,39.3773718],[141.96782747,39.3773718]],[[141.96666241,39.37713453],[141.96666241,39.37713453]],[[141.9674838,39.37759847],[141.9674838,39.37759847]],[[141.96727353,39.37781044],[141.96727353,39.37781044]],[[141.96736861,39.37770633],[141.96736861,39.37770633]],[[141.96806891,39.37786322],[141.96806891,39.37786322]],[[141.96733647,39.37843886],[141.96733647,39.37843886]],[[141.96734669,39.378455],[141.96734669,39.378455]],[[141.96715722,39.37858333],[141.96715722,39.37858333]],[[141.96757672,39.37957711],[141.96757672,39.37957711]],[[141.96912667,39.37949072],[141.96912667,39.37949072]],[[141.96917752,39.37996505],[141.96917752,39.37996505]],[[141.96816322,39.38072841],[141.96816322,39.38072841]],[[141.96677414,39.4138782],[141.96677414,39.4138782]],[[141.96709258,39.41385914],[141.96709258,39.41385914]],[[141.96702586,39.41413533],[141.96702586,39.41413533]],[[141.96770453,39.41493267],[141.96770453,39.41493267]],[[141.96845319,39.41572641],[141.96845319,39.41572641]],[[141.96912655,39.41655214],[141.96912655,39.41655214]],[[141.96988089,39.41664331],[141.96988089,39.41664331]],[[141.96945931,39.41687704],[141.96945931,39.41687704]],[[141.96955826,39.41689238],[141.96955826,39.41689238]],[[141.96956624,39.41699723],[141.96956624,39.41699723]],[[141.96997611,39.41720707],[141.96997611,39.41720707]],[[141.96983027,39.41738775],[141.96983027,39.41738775]],[[141.96994255,39.41733648],[141.96994255,39.41733648]],[[141.97274988,39.4190756],[141.97274988,39.4190756]],[[141.97263503,39.41922616],[141.97263503,39.41922616]],[[141.97232477,39.41932161],[141.97232477,39.41932161]],[[141.9722713,39.41933259],[141.9722713,39.41933259]],[[141.97275397,39.41962683],[141.97275397,39.41962683]],[[141.97266997,39.41963882],[141.97266997,39.41963882]],[[141.97282983,39.44310692],[141.97282983,39.44310692]],[[141.97281014,39.44318196],[141.97281014,39.44318196]],[[141.9731372,39.44335405],[141.9731372,39.44335405]],[[141.97145686,39.44877128],[141.97145686,39.44877128]],[[141.97145533,39.44888489],[141.97145533,39.44888489]],[[141.96992623,39.44954039],[141.96992623,39.44954039]],[[141.9726639,39.45507308],[141.9726639,39.45507308]],[[141.97443403,39.45789303],[141.97443403,39.45789303]],[[141.97478533,39.46098361],[141.97478533,39.46098361]],[[141.97486162,39.46347615],[141.97486162,39.46347615]],[[141.9724545,39.47945289],[141.9724545,39.47945289]],[[141.97310387,39.47983547],[141.97780667,39.48043575],[141.97310387,39.47983547]],[[141.97109185,39.60464633],[141.97109185,39.60464633]],[[141.97117947,39.60470628],[141.97117947,39.60470628]],[[141.97140947,39.60497839],[141.97140947,39.60497839]],[[141.97178789,39.60553113],[141.97178789,39.60553113]],[[141.97200044,39.60623875],[141.97200044,39.60623875]],[[141.97248847,39.60659356],[141.97248847,39.60659356]],[[141.97266462,39.60676872],[141.97266462,39.60676872]],[[141.97325367,39.60685067],[141.97325367,39.60685067]],[[141.97284722,39.60685564],[141.97284722,39.60685564]],[[141.97302104,39.6069378],[141.97302104,39.6069378]],[[141.97330511,39.60691295],[141.97330511,39.60691295]],[[141.97264348,39.60687144],[141.97264348,39.60687144]],[[141.97427883,39.60737456],[141.97427883,39.60737456]],[[141.9745534,39.60747941],[141.9745534,39.60747941]],[[141.97469414,39.60790147],[141.97469414,39.60790147]],[[141.97580012,39.60918118],[141.97580012,39.60918118]],[[141.97416178,39.62648247],[141.97416178,39.62648247]],[[141.97081291,39.63545251],[141.97081291,39.63545251]],[[141.96750956,39.63648587],[141.96750956,39.63648587]],[[141.9749248,39.63926369],[141.9749248,39.63926369]],[[141.975,39.64104313],[141.975,39.64104313]],[[141.9693882,39.64654635],[141.9693882,39.64654635]],[[141.97228859,39.65479097],[141.97228859,39.65479097]],[[141.97281114,39.65534692],[141.97281114,39.65534692]],[[141.97438105,39.65569684],[141.97438105,39.65569684]],[[141.97512651,39.65606746],[141.97512651,39.65606746]],[[141.97497844,39.65654505],[141.97497844,39.65654505]],[[141.97535594,39.65651953],[141.97535594,39.65651953]],[[141.9750075,39.65691541],[141.9750075,39.65691541]],[[141.9755772,39.65704141],[141.9755772,39.65704141]],[[141.9744492,39.65714147],[141.9744492,39.65714147]],[[141.97506232,39.65857563],[141.97506232,39.65857563]],[[141.97327109,39.65867384],[141.97327109,39.65867384]],[[141.97393096,39.65928095],[141.97393096,39.65928095]],[[141.97258103,39.66001289],[141.97258103,39.66001289]],[[141.97299927,39.66018333],[141.97299927,39.66018333]],[[141.97176453,39.66049928],[141.97176453,39.66049928]],[[141.97175255,39.66055811],[141.97175255,39.66055811]],[[141.97230386,39.66071872],[141.97230386,39.66071872]],[[141.97230656,39.66186351],[141.97230656,39.66186351]],[[141.97315039,39.66198917],[141.97315039,39.66198917]],[[141.97307272,39.66243995],[141.97307272,39.66243995]],[[141.97465525,39.66309284],[141.97465525,39.66309284]],[[141.97478562,39.66269369],[141.97478562,39.66269369]],[[141.97569725,39.66496897],[141.97569725,39.66496897]],[[141.97524117,39.6665882],[141.97524117,39.6665882]],[[141.97537472,39.66859074],[141.97537472,39.66859074]],[[141.97544742,39.66866649],[141.97544742,39.66866649]],[[141.97530875,39.68796069],[141.97530875,39.68796069]],[[141.97510883,39.68821],[141.97510883,39.68821]],[[141.9750528,39.68822003],[141.9750528,39.68822003]],[[141.97521895,39.68832593],[141.97521895,39.68832593]],[[141.97398908,39.6885442],[141.97398908,39.6885442]],[[141.97418783,39.68852775],[141.97418783,39.68852775]],[[141.96816492,39.68860839],[141.96816492,39.68860839]],[[141.97447,39.68888525],[141.97447,39.68888525]],[[141.96817341,39.68959864],[141.96817341,39.68959864]],[[141.97254608,39.69028632],[141.97254608,39.69028632]],[[141.97153436,39.69140863],[141.97153436,39.69140863]],[[141.97051311,39.6922508],[141.97051311,39.6922508]],[[141.972032,39.69256856],[141.972032,39.69256856]],[[141.97197577,39.6927508],[141.97197577,39.6927508]],[[141.97172492,39.69291039],[141.97172492,39.69291039]],[[141.97311988,39.6934805],[141.97311988,39.6934805]],[[141.97221445,39.69347561],[141.97221445,39.69347561]],[[141.97335253,39.69337014],[141.97335253,39.69337014]],[[141.97234606,39.69355178],[141.97234606,39.69355178]],[[141.97343012,39.69362825],[141.97343012,39.69362825]],[[141.9734473,39.69362411],[141.9734473,39.69362411]],[[141.9733875,39.69366117],[141.9733875,39.69366117]],[[141.97506302,39.693673],[141.97506302,39.693673]],[[141.97527431,39.69372992],[141.97527431,39.69372992]],[[141.97365195,39.69373928],[141.97365195,39.69373928]],[[141.97313205,39.69378817],[141.97313205,39.69378817]],[[141.97384453,39.69378036],[141.97384453,39.69378036]],[[141.97304903,39.69371639],[141.97304903,39.69371639]],[[141.9752983,39.69377164],[141.9752983,39.69377164]],[[141.97351445,39.69385684],[141.97351445,39.69385684]],[[141.9724447,39.69384292],[141.9724447,39.69384292]],[[141.97374706,39.69383741],[141.97374706,39.69383741]],[[141.97316387,39.69390053],[141.97316387,39.69390053]],[[141.97399275,39.69401605],[141.97399275,39.69401605]],[[141.97515834,39.69407872],[141.97515834,39.69407872]],[[141.97540272,39.69403725],[141.97540272,39.69403725]],[[141.97275684,39.69406351],[141.97275684,39.69406351]],[[141.97277733,39.69422517],[141.97277733,39.69422517]],[[141.97349903,39.69415277],[141.97349903,39.69415277]],[[141.97345025,39.69425639],[141.97345025,39.69425639]],[[141.97329477,39.69426844],[141.97329477,39.69426844]],[[141.97419278,39.69732767],[141.97419278,39.69732767]],[[141.9747773,39.69737131],[141.9747773,39.69737131]],[[141.97512706,39.69764367],[141.97512706,39.69764367]],[[141.97470144,39.69760713],[141.97470144,39.69760713]],[[141.97487014,39.69768339],[141.97487014,39.69768339]],[[141.97394886,39.69814272],[141.97394886,39.69814272]],[[141.97405492,39.69831541],[141.97405492,39.69831541]],[[141.97307986,39.69881031],[141.97307986,39.69881031]],[[141.9754524,39.7016276],[141.9754524,39.7016276]],[[141.97535438,39.70174386],[141.97535438,39.70174386]],[[141.97357876,39.70168347],[141.97357876,39.70168347]],[[141.97519553,39.70228603],[141.97519553,39.70228603]],[[141.97482458,39.70270925],[141.97482458,39.70270925]],[[141.97542783,39.70313628],[141.97542783,39.70313628]],[[141.97532289,39.70317903],[141.97532289,39.70317903]],[[141.97529151,39.70352503],[141.97529151,39.70352503]],[[141.97552898,39.72736928],[141.97552898,39.72736928]],[[141.97543192,39.72770025],[141.97543192,39.72770025]],[[141.97507125,39.72770831],[141.97507125,39.72770831]],[[141.97455886,39.72825008],[141.97455886,39.72825008]],[[141.97329341,39.72812047],[141.97329341,39.72812047]],[[141.97400156,39.72840905],[141.97400156,39.72840905]],[[141.9733373,39.72838951],[141.9733373,39.72838951]],[[141.97260326,39.72856347],[141.97260326,39.72856347]],[[141.97225608,39.72861184],[141.97225608,39.72861184]],[[141.97513903,39.84605277],[141.97513903,39.84605277]],[[141.9750862,39.84607897],[141.9750862,39.84607897]],[[141.97500464,39.8461932],[141.97500464,39.8461932]],[[141.97506591,39.84621041],[141.97506591,39.84621041]],[[141.97541049,39.85929588],[141.97541049,39.85929588]],[[141.974591,39.87553214],[141.974591,39.87553214]],[[141.97448831,39.87595998],[141.97448831,39.87595998]],[[141.97501966,39.87596953],[141.97501966,39.87596953]],[[141.97440407,39.87604016],[141.97440407,39.87604016]],[[141.9739315,39.8768694],[141.9739315,39.8768694]],[[141.97396051,39.87698928],[141.97396051,39.87698928]],[[141.97405811,39.87847805],[141.97405811,39.87847805]],[[141.97347882,39.87947182],[141.97347882,39.87947182]],[[141.97300953,39.87991417],[141.97300953,39.87991417]],[[141.97201036,39.88065986],[141.97201036,39.88065986]],[[141.97229506,39.88124017],[141.97229506,39.88124017]],[[141.97193195,39.88128923],[141.97193195,39.88128923]],[[141.97273455,39.88205405],[141.97273455,39.88205405]],[[141.97165542,39.88244014],[141.97165542,39.88244014]],[[141.97244355,39.88290231],[141.97244355,39.88290231]],[[141.97435292,39.8834562],[141.97435292,39.8834562]],[[141.97469953,39.88357275],[141.97469953,39.88357275]],[[141.97146197,39.88411769],[141.97146197,39.88411769]],[[141.97137942,39.88462723],[141.97137942,39.88462723]],[[141.97063406,39.8851698],[141.97063406,39.8851698]],[[141.96682201,39.88572486],[141.96682201,39.88572486]],[[141.97049331,39.88577259],[141.97049331,39.88577259]],[[141.96787969,39.88602517],[141.96787969,39.88602517]],[[141.96794183,39.88644103],[141.96794183,39.88644103]],[[141.96925875,39.88636628],[141.96925875,39.88636628]],[[141.96675372,39.88689625],[141.96675372,39.88689625]],[[141.96874042,39.88688797],[141.96874042,39.88688797]],[[141.96748416,39.88691984],[141.96748416,39.88691984]],[[141.96926745,39.88703469],[141.96926745,39.88703469]],[[141.96937752,39.8871862],[141.96937752,39.8871862]],[[141.96933934,39.88726095],[141.96933934,39.88726095]],[[141.97921244,39.30198936],[141.97921244,39.30198936]],[[141.97833778,39.30365233],[141.97833778,39.30365233]],[[141.97580331,39.30418133],[141.97580331,39.30418133]],[[141.97885533,39.30458886],[141.97885533,39.30458886]],[[141.97611492,39.30449664],[141.97611492,39.30449664]],[[141.97598944,39.30492764],[141.97598944,39.30492764]],[[141.97657852,39.30533561],[141.97657852,39.30533561]],[[141.97573869,39.30693005],[141.97573869,39.30693005]],[[141.97574603,39.30731814],[141.97574603,39.30731814]],[[141.97716039,39.30783486],[141.97716039,39.30783486]],[[141.97598798,39.30817587],[141.97598798,39.30817587]],[[141.97659066,39.30869995],[141.97659066,39.30869995]],[[141.97758726,39.32052404],[141.97758726,39.32052404]],[[141.9758462,39.32751133],[141.9758462,39.32751133]],[[141.97704703,39.32817144],[141.97704703,39.32817144]],[[141.97701661,39.32878761],[141.97701661,39.32878761]],[[141.97751748,39.32900987],[141.97751748,39.32900987]],[[141.97822756,39.32903003],[141.97822756,39.32903003]],[[141.97838222,39.32936995],[141.97838222,39.32936995]],[[141.97873255,39.33001928],[141.97873255,39.33001928]],[[141.97944689,39.33092436],[141.97944689,39.33092436]],[[141.97982606,39.3307798],[141.97982606,39.3307798]],[[141.97955623,39.33319451],[141.97955623,39.33319451]],[[141.98048664,39.33321911],[141.98048664,39.33321911]],[[141.97674073,39.33867075],[141.97674073,39.33867075]],[[141.97687005,39.33923367],[141.97687005,39.33923367]],[[141.97699183,39.33928559],[141.97699183,39.33928559]],[[141.97920698,39.34224411],[141.97920698,39.34224411]],[[141.9791025,39.34251989],[141.9791025,39.34251989]],[[141.97995614,39.3442372],[141.97995614,39.3442372]],[[141.9803938,39.40833333],[141.9803938,39.40833333]],[[141.98020556,39.40861812],[141.98020556,39.40861812]],[[141.97995903,39.40889303],[141.97995903,39.40889303]],[[141.97819196,39.40996415],[141.97819196,39.40996415]],[[141.97760721,39.4098383],[141.97760721,39.4098383]],[[141.97789433,39.41000644],[141.97789433,39.41000644]],[[141.98035555,39.41006787],[141.98035555,39.41006787]],[[141.97902215,39.41013865],[141.97902215,39.41013865]],[[141.97814471,39.41012144],[141.97814471,39.41012144]],[[141.97870861,39.41033586],[141.97870861,39.41033586]],[[141.97865909,39.41040354],[141.97865909,39.41040354]],[[141.9787851,39.41041878],[141.9787851,39.41041878]],[[141.97647505,39.45790055],[141.97647505,39.45790055]],[[141.97656972,39.45792718],[141.97656972,39.45792718]],[[141.9763082,39.45836347],[141.9763082,39.45836347]],[[141.97730261,39.61270844],[141.97730261,39.61270844]],[[141.97714416,39.61285241],[141.97714416,39.61285241]],[[141.97877234,39.61317595],[141.97877234,39.61317595]],[[141.97890922,39.61337005],[141.97890922,39.61337005]],[[141.97936389,39.61356978],[141.97936389,39.61356978]],[[141.97992545,39.61397092],[141.97992545,39.61397092]],[[141.98015635,39.61423851],[141.98015635,39.61423851]],[[141.97622934,39.64310375],[141.97622934,39.64310375]],[[141.97661683,39.64336484],[141.97661683,39.64336484]],[[141.97826922,39.64390692],[141.97826922,39.64390692]],[[141.97935409,39.64407187],[141.97935409,39.64407187]],[[141.97962528,39.64776687],[141.97962528,39.64776687]],[[141.98091876,39.65057997],[141.98091876,39.65057997]],[[141.97927802,39.65293599],[141.97927802,39.65293599]],[[141.9796682,39.65284836],[141.9796682,39.65284836]],[[141.98009397,39.65323561],[141.98009397,39.65323561]],[[141.97595533,39.65692067],[141.97595533,39.65692067]],[[141.97617849,39.65849856],[141.97617849,39.65849856]],[[141.97573623,39.66429277],[141.97573623,39.66429277]],[[141.976158,39.66455453],[141.976158,39.66455453]],[[141.97605981,39.664658],[141.97605981,39.664658]],[[141.97671683,39.66618917],[141.97671683,39.66618917]],[[141.976112,39.66664422],[141.976112,39.66664422]],[[141.97624633,39.66673269],[141.97624633,39.66673269]],[[141.97666659,39.66685971],[141.97666659,39.66685971]],[[141.97996411,39.67054225],[141.97996411,39.67054225]],[[141.97701781,39.67071505],[141.97701781,39.67071505]],[[141.98043652,39.67090283],[141.98043652,39.67090283]],[[141.97729034,39.67098484],[141.97729034,39.67098484]],[[141.97742536,39.67097441],[141.97742536,39.67097441]],[[141.97920516,39.67066567],[141.97920516,39.67066567]],[[141.98072233,39.67231386],[141.98072233,39.67231386]],[[141.98091916,39.67234606],[141.98091916,39.67234606]],[[141.98075039,39.67558675],[141.98075039,39.67558675]],[[141.97620672,39.68657756],[141.97620672,39.68657756]],[[141.97652961,39.68666002],[141.97652961,39.68666002]],[[141.97626025,39.68664861],[141.97626025,39.68664861]],[[141.9779149,39.68679896],[141.9779149,39.68679896]],[[141.97760616,39.68695333],[141.97760616,39.68695333]],[[141.97805292,39.68701],[141.97805292,39.68701]],[[141.98030664,39.68721886],[141.98030664,39.68721886]],[[141.97973178,39.68757169],[141.97973178,39.68757169]],[[141.98005875,39.68775951],[141.98005875,39.68775951]],[[141.97689175,39.6970065],[141.97689175,39.6970065]],[[141.97618294,39.69711184],[141.97618294,39.69711184]],[[141.97664722,39.69783208],[141.97664722,39.69783208]],[[141.9765015,39.69806662],[141.9765015,39.69806662]],[[141.97572891,39.69817908],[141.97572891,39.69817908]],[[141.9780973,39.69843433],[141.9780973,39.69843433]],[[141.97565384,39.70230269],[141.97565384,39.70230269]],[[141.97710209,39.70259197],[141.97710209,39.70259197]],[[141.97719694,39.70330892],[141.97719694,39.70330892]],[[141.97801151,39.70627489],[141.97801151,39.70627489]],[[141.97842348,39.72671772],[141.97842348,39.72671772]],[[141.97627917,39.72687578],[141.97627917,39.72687578]],[[141.98066958,39.72688308],[141.98066958,39.72688308]],[[141.97837148,39.72693164],[141.97837148,39.72693164]],[[141.97914481,39.72697697],[141.97914481,39.72697697]],[[141.98030922,39.72700059],[141.98030922,39.72700059]],[[141.97962103,39.72691803],[141.97962103,39.72691803]],[[141.97628188,39.72691304],[141.97628188,39.72691304]],[[141.97659849,39.72695686],[141.97659849,39.72695686]],[[141.976503,39.72703777],[141.976503,39.72703777]],[[141.97993711,39.72702139],[141.97993711,39.72702139]],[[141.97842283,39.72706751],[141.97842283,39.72706751]],[[141.97986603,39.72709667],[141.97986603,39.72709667]],[[141.97857078,39.72713917],[141.97857078,39.72713917]],[[141.98081027,39.72717244],[141.98081027,39.72717244]],[[141.98011516,39.72732036],[141.98011516,39.72732036]],[[141.97644056,39.72730987],[141.97644056,39.72730987]],[[141.97910508,39.72762839],[141.97910508,39.72762839]],[[141.97880512,39.7311565],[141.97880512,39.7311565]],[[141.97881752,39.73170159],[141.97881752,39.73170159]],[[141.97839472,39.73179059],[141.97839472,39.73179059]],[[141.97856455,39.73202292],[141.97856455,39.73202292]],[[141.97852905,39.73214695],[141.97852905,39.73214695]],[[141.97938003,39.73231384],[141.97938003,39.73231384]],[[141.97880039,39.73239925],[141.97880039,39.73239925]],[[141.98104117,39.73294989],[141.98104117,39.73294989]],[[141.97976196,39.73296119],[141.97976196,39.73296119]],[[141.98006975,39.73303407],[141.98006975,39.73303407]],[[141.980488,39.73307813],[141.980488,39.73307813]],[[141.98052769,39.73306549],[141.98052769,39.73306549]],[[141.98035472,39.73312395],[141.98035472,39.73312395]],[[141.98050153,39.83123944],[141.98050153,39.83123944]],[[141.98017255,39.83280559],[141.98017255,39.83280559]],[[141.97939669,39.83311436],[141.97939669,39.83311436]],[[141.97929953,39.83320169],[141.97929953,39.83320169]],[[141.98036224,39.83329622],[141.98036224,39.83329622]],[[141.97976822,39.83346639],[141.97976822,39.83346639]],[[141.98026316,39.83361064],[141.98026316,39.83361064]],[[141.97983558,39.83373864],[141.97983558,39.83373864]],[[141.98024581,39.83379628],[141.98024581,39.83379628]],[[141.98036131,39.83390672],[141.98036131,39.83390672]],[[141.97988214,39.83388859],[141.97988214,39.83388859]],[[141.98021934,39.83416456],[141.98021934,39.83416456]],[[141.98019555,39.83433547],[141.98019555,39.83433547]],[[141.97905956,39.8351622],[141.97905956,39.8351622]],[[141.97931263,39.83551595],[141.97931263,39.83551595]],[[141.97958711,39.83567139],[141.97958711,39.83567139]],[[141.97958,39.83585584],[141.97958,39.83585584]],[[141.980432,39.83638531],[141.980432,39.83638531]],[[141.98023119,39.83645017],[141.98023119,39.83645017]],[[141.9802655,39.83669336],[141.9802655,39.83669336]],[[141.98054514,39.83673195],[141.98054514,39.83673195]],[[141.98045109,39.83673117],[141.98045109,39.83673117]],[[141.98079995,39.83678697],[141.98079995,39.83678697]],[[141.98050872,39.83685356],[141.98050872,39.83685356]],[[141.98049603,39.83696184],[141.98049603,39.83696184]],[[141.98010633,39.83695103],[141.98010633,39.83695103]],[[141.98068292,39.83697297],[141.98068292,39.83697297]],[[141.98027365,39.83704933],[141.98027365,39.83704933]],[[141.98083683,39.83709503],[141.98083683,39.83709503]],[[141.9799785,39.83709828],[141.9799785,39.83709828]],[[141.98077628,39.83718441],[141.98077628,39.83718441]],[[141.9797783,39.83729059],[141.9797783,39.83729059]],[[141.98095523,39.83736389],[141.98095523,39.83736389]],[[141.9801393,39.83750039],[141.9801393,39.83750039]],[[141.97958131,39.83751447],[141.97958131,39.83751447]],[[141.97938103,39.83792777],[141.97938103,39.83792777]],[[141.97977869,39.83808717],[141.97977869,39.83808717]],[[141.9795815,39.83808253],[141.9795815,39.83808253]],[[141.9794438,39.83808578],[141.9794438,39.83808578]],[[141.97979564,39.83824931],[141.97979564,39.83824931]],[[141.97987244,39.83837887],[141.97987244,39.83837887]],[[141.97985348,39.83850128],[141.97985348,39.83850128]],[[141.98029475,39.83887297],[141.98029475,39.83887297]],[[141.98030416,39.83889187],[141.98030416,39.83889187]],[[141.98049694,39.83904569],[141.98049694,39.83904569]],[[141.98000012,39.84041995],[141.98000012,39.84041995]],[[141.97872903,39.84083584],[141.97872903,39.84083584]],[[141.97879737,39.84095514],[141.97879737,39.84095514]],[[141.97893947,39.84130203],[141.97893947,39.84130203]],[[141.97963662,39.84140369],[141.97963662,39.84140369]],[[141.9784891,39.84139672],[141.9784891,39.84139672]],[[141.97984375,39.84144469],[141.97984375,39.84144469]],[[141.97957983,39.84157241],[141.97957983,39.84157241]],[[141.97815747,39.84167617],[141.97815747,39.84167617]],[[141.97777214,39.84375889],[141.97777214,39.84375889]],[[141.97712691,39.84376614],[141.97712691,39.84376614]],[[141.97836603,39.84389092],[141.97836603,39.84389092]],[[141.97869431,39.84397892],[141.97869431,39.84397892]],[[141.97812239,39.84398744],[141.97812239,39.84398744]],[[141.97670589,39.84523717],[141.97670589,39.84523717]],[[141.97906922,39.84531103],[141.97906922,39.84531103]],[[141.97702981,39.84546347],[141.97702981,39.84546347]],[[141.97876936,39.8454918],[141.97876936,39.8454918]],[[141.97705533,39.84548017],[141.97705533,39.84548017]],[[141.97797608,39.84563384],[141.97797608,39.84563384]],[[141.97630772,39.84568352],[141.97630772,39.84568352]],[[141.97623367,39.84562895],[141.97623367,39.84562895]],[[141.97671872,39.845729],[141.97671872,39.845729]],[[141.97610602,39.84568254],[141.97610602,39.84568254]],[[141.9766083,39.8457508],[141.9766083,39.8457508]],[[141.97892698,39.84594843],[141.97892698,39.84594843]],[[141.97818516,39.84863264],[141.97818516,39.84863264]],[[141.97718897,39.85123647],[141.97718897,39.85123647]],[[141.97772694,39.85118461],[141.97772694,39.85118461]],[[141.97769891,39.85141889],[141.97769891,39.85141889]],[[141.97907108,39.85152378],[141.97907108,39.85152378]],[[141.97881946,39.8515505],[141.97881946,39.8515505]],[[141.9760718,39.85227989],[141.9760718,39.85227989]],[[141.97852725,39.85362761],[141.97852725,39.85362761]],[[141.97860518,39.85367611],[141.97860518,39.85367611]],[[141.97793808,39.85399731],[141.97793808,39.85399731]],[[141.97765606,39.85424184],[141.97765606,39.85424184]],[[141.97688361,39.85608761],[141.97688361,39.85608761]],[[141.97655795,39.85607533],[141.97655795,39.85607533]],[[141.975962,39.85669359],[141.975962,39.85669359]],[[141.97583872,39.8572445],[141.97583872,39.8572445]],[[141.976629,39.85744289],[141.976629,39.85744289]],[[141.97699453,39.85806589],[141.97699453,39.85806589]],[[141.97667289,39.85835369],[141.97667289,39.85835369]],[[141.97597525,39.85892322],[141.97597525,39.85892322]],[[141.97560219,39.85988208],[141.97560219,39.85988208]],[[141.97685761,39.86018225],[141.97685761,39.86018225]],[[141.97661639,39.86047792],[141.97661639,39.86047792]],[[141.97641589,39.86050997],[141.97641589,39.86050997]],[[141.97690842,39.86085558],[141.97690842,39.86085558]],[[141.97657842,39.8609498],[141.97657842,39.8609498]],[[141.97684158,39.86091253],[141.97684158,39.86091253]],[[141.97579207,39.86109139],[141.97579207,39.86109139]],[[141.97685694,39.86115539],[141.97685694,39.86115539]],[[141.97670715,39.86159433],[141.97670715,39.86159433]],[[141.97714222,39.86197769],[141.97714222,39.86197769]],[[141.97802274,39.86231371],[141.97802274,39.86231371]],[[141.97855825,39.86251613],[141.97855825,39.86251613]],[[141.97817222,39.86273567],[141.97817222,39.86273567]],[[141.97925269,39.86276596],[141.97925269,39.86276596]],[[141.97861581,39.86279361],[141.97861581,39.86279361]],[[141.97999703,39.86288895],[141.97999703,39.86288895]],[[141.97939689,39.8629398],[141.97939689,39.8629398]],[[141.97789883,39.86310097],[141.97789883,39.86310097]],[[141.97777959,39.863401],[141.97777959,39.863401]],[[141.97922017,39.86360053],[141.97922017,39.86360053]],[[141.97926645,39.86374047],[141.97926645,39.86374047]],[[141.98044927,39.86405736],[141.98044927,39.86405736]],[[141.97936986,39.86420925],[141.97936986,39.86420925]],[[141.97972319,39.86429387],[141.97972319,39.86429387]],[[141.97973986,39.86486023],[141.97973986,39.86486023]],[[141.97978003,39.86532172],[141.97978003,39.86532172]],[[141.97864241,39.86572961],[141.97864241,39.86572961]],[[141.97944047,39.8658128],[141.97944047,39.8658128]],[[141.97875158,39.86619953],[141.97875158,39.86619953]],[[141.97882808,39.86637269],[141.97882808,39.86637269]],[[141.97856214,39.86632144],[141.97856214,39.86632144]],[[141.979398,39.86653341],[141.979398,39.86653341]],[[141.97943092,39.86666314],[141.97943092,39.86666314]],[[141.97947764,39.86673177],[141.97947764,39.86673177]],[[141.97915584,39.86676523],[141.97915584,39.86676523]],[[141.97957523,39.86682177],[141.97957523,39.86682177]],[[141.97678895,39.86991936],[141.97678895,39.86991936]],[[141.97782056,39.87031878],[141.97782056,39.87031878]],[[141.97697564,39.87058469],[141.97697564,39.87058469]],[[141.97709752,39.87068764],[141.97709752,39.87068764]],[[141.97734328,39.87071267],[141.97734328,39.87071267]],[[141.9771045,39.8707978],[141.9771045,39.8707978]],[[141.97727348,39.87089423],[141.97727348,39.87089423]],[[141.97722659,39.87111175],[141.97722659,39.87111175]],[[141.9771892,39.87187187],[141.9771892,39.87187187]],[[141.97892175,39.87200239],[141.97892175,39.87200239]],[[141.97878744,39.87214386],[141.97878744,39.87214386]],[[141.97826387,39.87232484],[141.97826387,39.87232484]],[[141.97883302,39.87224214],[141.97883302,39.87224214]],[[141.97776861,39.87243295],[141.97776861,39.87243295]],[[141.97685645,39.87241025],[141.97685645,39.87241025]],[[141.9787372,39.87266461],[141.9787372,39.87266461]],[[141.97841317,39.87265861],[141.97841317,39.87265861]],[[141.97821139,39.87262151],[141.97821139,39.87262151]],[[141.97782756,39.8726325],[141.97782756,39.8726325]],[[141.97864324,39.87274343],[141.97864324,39.87274343]],[[141.9779909,39.87285111],[141.9779909,39.87285111]],[[141.97830114,39.87284499],[141.97830114,39.87284499]],[[141.97560686,39.87329831],[141.97560686,39.87329831]],[[141.97622053,39.87852792],[141.97622053,39.87852792]],[[141.97637381,39.87938162],[141.97637381,39.87938162]],[[141.97604079,39.87947605],[141.97604079,39.87947605]],[[141.97622844,39.88040633],[141.97622844,39.88040633]],[[141.98430111,39.30289147],[141.98430111,39.30289147]],[[141.98385144,39.30282541],[141.98385144,39.30282541]],[[141.98549766,39.30376531],[141.98549766,39.30376531]],[[141.98521086,39.3045835],[141.98521086,39.3045835]],[[141.98555803,39.30465495],[141.98555803,39.30465495]],[[141.98528217,39.3046972],[141.98528217,39.3046972]],[[141.97861333,39.30483644],[141.98817345,39.30552089],[141.97861333,39.30483644]],[[141.98333852,39.307],[141.98333852,39.307]],[[141.982769,39.30728167],[141.982769,39.30728167]],[[141.9859527,39.30734975],[141.9859527,39.30734975]],[[141.98591739,39.30755564],[141.98591739,39.30755564]],[[141.98467633,39.30786031],[141.98467633,39.30786031]],[[141.98413197,39.30796336],[141.98413197,39.30796336]],[[141.98296183,39.30828213],[141.98296183,39.30828213]],[[141.98106922,39.30856217],[141.98106922,39.30856217]],[[141.98098117,39.30859623],[141.98098117,39.30859623]],[[141.98167927,39.3090485],[141.98167927,39.3090485]],[[141.98159012,39.30922923],[141.98159012,39.30922923]],[[141.98154737,39.33311723],[141.98154737,39.33311723]],[[141.98142545,39.33587672],[141.98142545,39.33587672]],[[141.98119134,39.33674364],[141.98119134,39.33674364]],[[141.98239805,39.337075],[141.98239805,39.337075]],[[141.98203197,39.33737159],[141.98203197,39.33737159]],[[141.98312769,39.33868617],[141.98312769,39.33868617]],[[141.983028,39.33867541],[141.983028,39.33867541]],[[141.9847802,39.34021669],[141.9847802,39.34021669]],[[141.98177372,39.34606747],[141.98177372,39.34606747]],[[141.98097263,39.34615528],[141.98097263,39.34615528]],[[141.98252756,39.34710839],[141.98252756,39.34710839]],[[141.98473022,39.34728059],[141.98473022,39.34728059]],[[141.98514287,39.34737903],[141.98514287,39.34737903]],[[141.98567322,39.40837736],[141.98567322,39.40837736]],[[141.98517258,39.40848653],[141.98517258,39.40848653]],[[141.98320542,39.40851869],[141.98320542,39.40851869]],[[141.98485959,39.40858825],[141.98485959,39.40858825]],[[141.98290331,39.40858356],[141.98290331,39.40858356]],[[141.98283586,39.40869125],[141.98283586,39.40869125]],[[141.98123501,39.40874172],[141.98123501,39.40874172]],[[141.98138914,39.40909187],[141.98138914,39.40909187]],[[141.98183322,39.41474303],[141.98183322,39.41474303]],[[141.98178908,39.4148548],[141.98178908,39.4148548]],[[141.98207706,39.41529964],[141.98207706,39.41529964]],[[141.98594307,39.44762751],[141.98594307,39.44762751]],[[141.98408814,39.48056211],[141.98408814,39.48056211]],[[141.9840098,39.48051341],[141.9840098,39.48051341]],[[141.98384964,39.48067489],[141.98384964,39.48067489]],[[141.98441209,39.61572567],[141.98441209,39.61572567]],[[141.98462542,39.61639244],[141.98462542,39.61639244]],[[141.98079403,39.64118296],[141.98079403,39.64118296]],[[141.9824055,39.64625617],[141.9824055,39.64625617]],[[141.98545659,39.65041641],[141.98545659,39.65041641]],[[141.98055659,39.65202443],[141.98558224,39.65080608],[141.98055659,39.65202443]],[[141.98531418,39.6695547],[141.98531418,39.6695547]],[[141.98333333,39.67146425],[141.98333333,39.67146425]],[[141.98327908,39.67156584],[141.98327908,39.67156584]],[[141.98295559,39.6716475],[141.98295559,39.6716475]],[[141.98253754,39.67195131],[141.98253754,39.67195131]],[[141.98180683,39.67259175],[141.98180683,39.67259175]],[[141.98136702,39.67267275],[141.98136702,39.67267275]],[[141.98210728,39.67294005],[141.98210728,39.67294005]],[[141.9814097,39.67426544],[141.9814097,39.67426544]],[[141.9825727,39.67445256],[141.9825727,39.67445256]],[[141.98154756,39.67450988],[141.98154756,39.67450988]],[[141.98169625,39.67468341],[141.98169625,39.67468341]],[[141.98131314,39.67550823],[141.98131314,39.67550823]],[[141.98155377,39.67567303],[141.98155377,39.67567303]],[[141.98239606,39.67674944],[141.98239606,39.67674944]],[[141.98240275,39.6780048],[141.98240275,39.6780048]],[[141.98323589,39.67858292],[141.98323589,39.67858292]],[[141.98303197,39.67875725],[141.98303197,39.67875725]],[[141.9833144,39.67875563],[141.9833144,39.67875563]],[[141.9830208,39.67889139],[141.9830208,39.67889139]],[[141.98302255,39.67897586],[141.98302255,39.67897586]],[[141.98485275,39.67921959],[141.98485275,39.67921959]],[[141.98373338,39.67987514],[141.98373338,39.67987514]],[[141.98613822,39.68064069],[141.98613822,39.68064069]],[[141.985474,39.68071051],[141.985474,39.68071051]],[[141.98572852,39.68112753],[141.98572852,39.68112753]],[[141.98546917,39.68117092],[141.98546917,39.68117092]],[[141.98521942,39.68118861],[141.98521942,39.68118861]],[[141.98514761,39.68143387],[141.98514761,39.68143387]],[[141.98487944,39.68149392],[141.98487944,39.68149392]],[[141.98566572,39.68220975],[141.98566572,39.68220975]],[[141.98585608,39.68259456],[141.98585608,39.68259456]],[[141.98622842,39.68255275],[141.98622842,39.68255275]],[[141.98621031,39.6827175],[141.98621031,39.6827175]],[[141.98575292,39.6865992],[141.98575292,39.6865992]],[[141.98637462,39.68705187],[141.98637462,39.68705187]],[[141.98551041,39.68696269],[141.98551041,39.68696269]],[[141.98155525,39.68743875],[141.98155525,39.68743875]],[[141.98124202,39.68746986],[141.98124202,39.68746986]],[[141.98533022,39.68749133],[141.98533022,39.68749133]],[[141.98182686,39.68776067],[141.98182686,39.68776067]],[[141.98570255,39.68841403],[141.98570255,39.68841403]],[[141.98428331,39.68798108],[141.98428331,39.68798108]],[[141.98192516,39.70580364],[141.98192516,39.70580364]],[[141.98455255,39.70664536],[141.98455255,39.70664536]],[[141.98231742,39.70668705],[141.98231742,39.70668705]],[[141.98317547,39.70682086],[141.98317547,39.70682086]],[[141.98261795,39.70677261],[141.98261795,39.70677261]],[[141.98110283,39.70688786],[141.98110283,39.70688786]],[[141.98333333,39.7072262],[141.98333333,39.7072262]],[[141.98150582,39.70725235],[141.98150582,39.70725235]],[[141.98155887,39.70732199],[141.98155887,39.70732199]],[[141.98143872,39.70734822],[141.98143872,39.70734822]],[[141.98220795,39.70741969],[141.98220795,39.70741969]],[[141.98198837,39.707378],[141.98198837,39.707378]],[[141.98260283,39.70744253],[141.98260283,39.70744253]],[[141.98154279,39.70742852],[141.98154279,39.70742852]],[[141.9824507,39.70750233],[141.9824507,39.70750233]],[[141.98216464,39.7075792],[141.98216464,39.7075792]],[[141.9841383,39.70753333],[141.9841383,39.70753333]],[[141.98230255,39.70774636],[141.98230255,39.70774636]],[[141.98388713,39.70764005],[141.98388713,39.70764005]],[[141.98368744,39.70764464],[141.98368744,39.70764464]],[[141.98393224,39.70783659],[141.98393224,39.70783659]],[[141.98580073,39.70786021],[141.98580073,39.70786021]],[[141.98296209,39.70795403],[141.98296209,39.70795403]],[[141.9831682,39.70817444],[141.9831682,39.70817444]],[[141.98453717,39.70887678],[141.98453717,39.70887678]],[[141.98453358,39.70901164],[141.98453358,39.70901164]],[[141.98366789,39.70924056],[141.98366789,39.70924056]],[[141.9856417,39.70944569],[141.9856417,39.70944569]],[[141.98493839,39.70950286],[141.98493839,39.70950286]],[[141.98466058,39.70948786],[141.98466058,39.70948786]],[[141.9855808,39.70962041],[141.9855808,39.70962041]],[[141.98577927,39.71049611],[141.98577927,39.71049611]],[[141.98553283,39.71420197],[141.98553283,39.71420197]],[[141.98530014,39.71432739],[141.98530014,39.71432739]],[[141.98566489,39.7148145],[141.98566489,39.7148145]],[[141.98611881,39.71485636],[141.98611881,39.71485636]],[[141.98590966,39.71514911],[141.98590966,39.71514911]],[[141.98330875,39.71939108],[141.98330875,39.71939108]],[[141.98417635,39.72019467],[141.98417635,39.72019467]],[[141.98445122,39.72024067],[141.98445122,39.72024067]],[[141.98541481,39.72037731],[141.98541481,39.72037731]],[[141.98526839,39.72036047],[141.98526839,39.72036047]],[[141.9843973,39.72039397],[141.9843973,39.72039397]],[[141.98598698,39.7206812],[141.98598698,39.7206812]],[[141.98576078,39.72320913],[141.98576078,39.72320913]],[[141.98467244,39.72412392],[141.98467244,39.72412392]],[[141.98527036,39.72431325],[141.98527036,39.72431325]],[[141.98474886,39.7243142],[141.98474886,39.7243142]],[[141.9852783,39.72460869],[141.9852783,39.72460869]],[[141.98593462,39.724739],[141.98593462,39.724739]],[[141.98485886,39.72527489],[141.98485886,39.72527489]],[[141.98486462,39.72578995],[141.98486462,39.72578995]],[[141.98467645,39.72589413],[141.98467645,39.72589413]],[[141.98353922,39.72611664],[141.98353922,39.72611664]],[[141.98333333,39.72630887],[141.98333333,39.72630887]],[[141.98372997,39.72635039],[141.98372997,39.72635039]],[[141.98354575,39.72637617],[141.98354575,39.72637617]],[[141.98470828,39.72643959],[141.98470828,39.72643959]],[[141.98510178,39.72647036],[141.98510178,39.72647036]],[[141.98551795,39.72651017],[141.98551795,39.72651017]],[[141.98464117,39.72659895],[141.98464117,39.72659895]],[[141.98258897,39.72670367],[141.98258897,39.72670367]],[[141.98236403,39.72667275],[141.98236403,39.72667275]],[[141.9830065,39.72676269],[141.9830065,39.72676269]],[[141.98209433,39.72672839],[141.98209433,39.72672839]],[[141.98384117,39.72674405],[141.98384117,39.72674405]],[[141.9825447,39.72694461],[141.9825447,39.72694461]],[[141.98322936,39.72688586],[141.98322936,39.72688586]],[[141.98316681,39.72712256],[141.98316681,39.72712256]],[[141.98271128,39.72702251],[141.98271128,39.72702251]],[[141.98207163,39.7272378],[141.98207163,39.7272378]],[[141.98183175,39.72734025],[141.98183175,39.72734025]],[[141.98326925,39.72725756],[141.98326925,39.72725756]],[[141.98390008,39.72730544],[141.98390008,39.72730544]],[[141.98417228,39.72731633],[141.98417228,39.72731633]],[[141.98494284,39.72778499],[141.98494284,39.72778499]],[[141.98124121,39.73320804],[141.98124121,39.73320804]],[[141.98167569,39.73329508],[141.98167569,39.73329508]],[[141.98215567,39.73324836],[141.98215567,39.73324836]],[[141.98109739,39.73343501],[141.98109739,39.73343501]],[[141.98121917,39.73345461],[141.98121917,39.73345461]],[[141.98126568,39.73348775],[141.98126568,39.73348775]],[[141.98127898,39.73353688],[141.98127898,39.73353688]],[[141.98110944,39.73397865],[141.98110944,39.73397865]],[[141.98193496,39.73407137],[141.98193496,39.73407137]],[[141.98265828,39.7341151],[141.98265828,39.7341151]],[[141.98259826,39.73414713],[141.98259826,39.73414713]],[[141.98393239,39.73420993],[141.98393239,39.73420993]],[[141.98248724,39.73420533],[141.98248724,39.73420533]],[[141.98220569,39.73421713],[141.98220569,39.73421713]],[[141.98117628,39.73430135],[141.98117628,39.73430135]],[[141.98171917,39.73431904],[141.98171917,39.73431904]],[[141.98368013,39.73430539],[141.98368013,39.73430539]],[[141.9822255,39.73442625],[141.9822255,39.73442625]],[[141.98129865,39.73439255],[141.98129865,39.73439255]],[[141.98353507,39.73443589],[141.98353507,39.73443589]],[[141.98342844,39.73445019],[141.98342844,39.73445019]],[[141.98149842,39.73445128],[141.98149842,39.73445128]],[[141.98251925,39.73449622],[141.98251925,39.73449622]],[[141.98264725,39.73446919],[141.98264725,39.73446919]],[[141.98337725,39.73454239],[141.98337725,39.73454239]],[[141.98321214,39.73454051],[141.98321214,39.73454051]],[[141.98426953,39.73537356],[141.98426953,39.73537356]],[[141.98341157,39.73623567],[141.98341157,39.73623567]],[[141.98343258,39.73653892],[141.98343258,39.73653892]],[[141.98341447,39.73669086],[141.98341447,39.73669086]],[[141.98326332,39.7366938],[141.98326332,39.7366938]],[[141.98621922,39.737644],[141.98621922,39.737644]],[[141.98554769,39.73757351],[141.98554769,39.73757351]],[[141.98615547,39.73773805],[141.98615547,39.73773805]],[[141.98534173,39.78827147],[141.98534173,39.78827147]],[[141.98562764,39.7882852],[141.98562764,39.7882852]],[[141.98575728,39.78856043],[141.98575728,39.78856043]],[[141.98562508,39.78859354],[141.98562508,39.78859354]],[[141.98605508,39.78855811],[141.98605508,39.78855811]],[[141.98525817,39.78857484],[141.98525817,39.78857484]],[[141.98538623,39.788615],[141.98538623,39.788615]],[[141.98610195,39.78898106],[141.98610195,39.78898106]],[[141.98493458,39.79074103],[141.98493458,39.79074103]],[[141.98593698,39.79139364],[141.98593698,39.79139364]],[[141.98578027,39.79140086],[141.98578027,39.79140086]],[[141.98602872,39.79150523],[141.98602872,39.79150523]],[[141.98542983,39.79144651],[141.98542983,39.79144651]],[[141.98531694,39.79154489],[141.98531694,39.79154489]],[[141.98557575,39.79165472],[141.98557575,39.79165472]],[[141.98524603,39.79168304],[141.98524603,39.79168304]],[[141.98609358,39.79545931],[141.98609358,39.79545931]],[[141.98568908,39.80048875],[141.98568908,39.80048875]],[[141.98516524,39.8017198],[141.98516524,39.8017198]],[[141.98439014,39.8030328],[141.98439014,39.8030328]],[[141.98401095,39.80417931],[141.98401095,39.80417931]],[[141.98467453,39.80442111],[141.98467453,39.80442111]],[[141.98497436,39.80457875],[141.98497436,39.80457875]],[[141.98431711,39.80462697],[141.98431711,39.80462697]],[[141.98464419,39.80473],[141.98464419,39.80473]],[[141.98442039,39.80640736],[141.98442039,39.80640736]],[[141.98433423,39.80983928],[141.98433423,39.80983928]],[[141.98513114,39.81003359],[141.98513114,39.81003359]],[[141.98505686,39.81005431],[141.98505686,39.81005431]],[[141.98624475,39.81069967],[141.98624475,39.81069967]],[[141.98576852,39.81078503],[141.98576852,39.81078503]],[[141.98534642,39.81121751],[141.98534642,39.81121751]],[[141.98576386,39.81144259],[141.98576386,39.81144259]],[[141.9849017,39.81165208],[141.9849017,39.81165208]],[[141.98498075,39.81170759],[141.98498075,39.81170759]],[[141.98437192,39.81173544],[141.98437192,39.81173544]],[[141.98599729,39.81427973],[141.98599729,39.81427973]],[[141.98411747,39.82983744],[141.98411747,39.82983744]],[[141.98458822,39.83005253],[141.98458822,39.83005253]],[[141.98221552,39.83520395],[141.98221552,39.83520395]],[[141.98091876,39.83533325],[141.98091876,39.83533325]],[[141.98094275,39.83558241],[141.98094275,39.83558241]],[[141.98131425,39.83577031],[141.98131425,39.83577031]],[[141.98054319,39.83584992],[141.98054319,39.83584992]],[[141.98296014,39.83604772],[141.98296014,39.83604772]],[[141.9823775,39.83639867],[141.9823775,39.83639867]],[[141.98284012,39.83645928],[141.98284012,39.83645928]],[[141.98261036,39.83655333],[141.98261036,39.83655333]],[[141.98114397,39.83653878],[141.98114397,39.83653878]],[[141.98281406,39.83657097],[141.98281406,39.83657097]],[[141.98228567,39.83667941],[141.98228567,39.83667941]],[[141.98319367,39.83674761],[141.98319367,39.83674761]],[[141.98094808,39.83680911],[141.98094808,39.83680911]],[[141.98356278,39.83688275],[141.98356278,39.83688275]],[[141.98099005,39.83694389],[141.98099005,39.83694389]],[[141.98102949,39.83710941],[141.98102949,39.83710941]],[[141.98093151,39.83732764],[141.98093151,39.83732764]],[[141.98194341,39.83951731],[141.98194341,39.83951731]],[[141.98213686,39.83959151],[141.98213686,39.83959151]],[[141.98214341,39.83980203],[141.98214341,39.83980203]],[[141.9832163,39.83984239],[141.9832163,39.83984239]],[[141.98310297,39.83988422],[141.98310297,39.83988422]],[[141.98211425,39.83994517],[141.98211425,39.83994517]],[[141.98232345,39.83990608],[141.98232345,39.83990608]],[[141.9822715,39.83998567],[141.9822715,39.83998567]],[[141.98303058,39.83995628],[141.98303058,39.83995628]],[[141.98133942,39.8399822],[141.98133942,39.8399822]],[[141.98312167,39.8400722],[141.98312167,39.8400722]],[[141.9813593,39.84013928],[141.9813593,39.84013928]],[[141.98391872,39.84019713],[141.98391872,39.84019713]],[[141.98376636,39.84023197],[141.98376636,39.84023197]],[[141.98144725,39.84019353],[141.98144725,39.84019353]],[[141.98213905,39.8402625],[141.98213905,39.8402625]],[[141.98319384,39.84051164],[141.98319384,39.84051164]],[[141.98199,39.84068597],[141.98199,39.84068597]],[[141.9820475,39.84072853],[141.9820475,39.84072853]],[[141.98145027,39.84061989],[141.98145027,39.84061989]],[[141.98209005,39.84090439],[141.98209005,39.84090439]],[[141.98240992,39.840923],[141.98240992,39.840923]],[[141.98702878,39.30423111],[141.98702878,39.30423111]],[[141.98652183,39.3045052],[141.98652183,39.3045052]],[[141.98648514,39.30493869],[141.98648514,39.30493869]],[[141.98846752,39.30518484],[141.98846752,39.30518484]],[[141.98826044,39.30547061],[141.98826044,39.30547061]],[[141.98840161,39.30583811],[141.98840161,39.30583811]],[[141.98707086,39.30643308],[141.98707086,39.30643308]],[[141.98689131,39.30717356],[141.98689131,39.30717356]],[[141.98847717,39.30732084],[141.98847717,39.30732084]],[[141.987289,39.30736578],[141.987289,39.30736578]],[[141.98685808,39.30731986],[141.98685808,39.30731986]],[[141.98783012,39.30741884],[141.98783012,39.30741884]],[[141.98644747,39.30747036],[141.98644747,39.30747036]],[[141.98901122,39.30817392],[141.98901122,39.30817392]],[[141.98787403,39.30856086],[141.98787403,39.30856086]],[[141.98992239,39.3086218],[141.98992239,39.3086218]],[[141.98951306,39.30857103],[141.98951306,39.30857103]],[[141.98970258,39.30869089],[141.98970258,39.30869089]],[[141.98933986,39.30872141],[141.98933986,39.30872141]],[[141.9885582,39.30883711],[141.9885582,39.30883711]],[[141.989993,39.30853564],[141.989993,39.30853564]],[[141.98994436,39.30891397],[141.98994436,39.30891397]],[[141.98810575,39.30905761],[141.98810575,39.30905761]],[[141.98824525,39.30899617],[141.98824525,39.30899617]],[[141.99296981,39.34404541],[141.99296981,39.34404541]],[[141.99071567,39.34428172],[141.99071567,39.34428172]],[[141.99161105,39.34458084],[141.99161105,39.34458084]],[[141.990786,39.34466489],[141.990786,39.34466489]],[[141.99124355,39.34451825],[141.99124355,39.34451825]],[[141.99088341,39.34477795],[141.99088341,39.34477795]],[[141.99118811,39.34491728],[141.99118811,39.34491728]],[[141.99097128,39.34492611],[141.99097128,39.34492611]],[[141.99235875,39.34517431],[141.99235875,39.34517431]],[[141.99140341,39.34509408],[141.99140341,39.34509408]],[[141.99165061,39.34522944],[141.99165061,39.34522944]],[[141.98751211,39.34853447],[141.98751211,39.34853447]],[[141.98962737,39.34916731],[141.98962737,39.34916731]],[[141.99279267,39.34971953],[141.99279267,39.34971953]],[[141.99360445,39.4011722],[141.99360445,39.4011722]],[[141.99399031,39.40110411],[141.99399031,39.40110411]],[[141.99078153,39.40843464],[141.99078153,39.40843464]],[[141.99116652,39.4084962],[141.99116652,39.4084962]],[[141.99013759,39.408297],[141.99013759,39.408297]],[[141.99340105,39.40880461],[141.99340105,39.40880461]],[[141.99210424,39.4088651],[141.99210424,39.4088651]],[[141.99195547,39.4089064],[141.99195547,39.4089064]],[[141.99218202,39.40894241],[141.99218202,39.40894241]],[[141.99285031,39.4089508],[141.99285031,39.4089508]],[[141.99270119,39.408963],[141.99270119,39.408963]],[[141.99249995,39.40901761],[141.99249995,39.40901761]],[[141.99243834,39.40906344],[141.99243834,39.40906344]],[[141.98638874,39.44769065],[141.98638874,39.44769065]],[[141.98951361,39.45077113],[141.98951361,39.45077113]],[[141.98751384,39.61851195],[141.98751384,39.61851195]],[[141.99137086,39.62412277],[141.99137086,39.62412277]],[[141.99151258,39.62495284],[141.99151258,39.62495284]],[[141.98794056,39.66798613],[141.98794056,39.66798613]],[[141.98838599,39.66844764],[141.98838599,39.66844764]],[[141.98762275,39.66906564],[141.98762275,39.66906564]],[[141.98905913,39.66925529],[141.98905913,39.66925529]],[[141.99012822,39.66959557],[141.99012822,39.66959557]],[[141.98973595,39.67008109],[141.98973595,39.67008109]],[[141.98897551,39.67065162],[141.98897551,39.67065162]],[[141.98651153,39.67096505],[141.98651153,39.67096505]],[[141.98617358,39.68057295],[141.98617358,39.68057295]],[[141.98687467,39.68092475],[141.98687467,39.68092475]],[[141.98650586,39.68103795],[141.98650586,39.68103795]],[[141.98722591,39.6823617],[141.98722591,39.6823617]],[[141.98702778,39.68342797],[141.98702778,39.68342797]],[[141.98709141,39.68337284],[141.98709141,39.68337284]],[[141.98675428,39.68348384],[141.98675428,39.68348384]],[[141.98695008,39.6836152],[141.98695008,39.6836152]],[[141.98666041,39.68355222],[141.98666041,39.68355222]],[[141.98663003,39.68466905],[141.98663003,39.68466905]],[[141.98737109,39.68480753],[141.98737109,39.68480753]],[[141.98770319,39.68495375],[141.98770319,39.68495375]],[[141.98648075,39.68503741],[141.98648075,39.68503741]],[[141.98703691,39.6853222],[141.98703691,39.6853222]],[[141.98664681,39.68537633],[141.98664681,39.68537633]],[[141.98697624,39.6862718],[141.98697624,39.6862718]],[[141.98788292,39.68632314],[141.98788292,39.68632314]],[[141.98658939,39.68640949],[141.98658939,39.68640949]],[[141.98758484,39.6863869],[141.98758484,39.6863869]],[[141.98798899,39.68642729],[141.98798899,39.68642729]],[[141.98704726,39.68642764],[141.98704726,39.68642764]],[[141.98754761,39.68645473],[141.98754761,39.68645473]],[[141.98694079,39.68647463],[141.98694079,39.68647463]],[[141.98854869,39.68649053],[141.98854869,39.68649053]],[[141.98794725,39.68672728],[141.98794725,39.68672728]],[[141.98829008,39.68666939],[141.98829008,39.68666939]],[[141.98671083,39.68679984],[141.98671083,39.68679984]],[[141.98660314,39.68704761],[141.98660314,39.68704761]],[[141.98674795,39.68740484],[141.98674795,39.68740484]],[[141.98659886,39.68719564],[141.98659886,39.68719564]],[[141.987603,39.68763233],[141.987603,39.68763233]],[[141.9873645,39.68775197],[141.9873645,39.68775197]],[[141.987562,39.68787153],[141.987562,39.68787153]],[[141.98799786,39.68809317],[141.98799786,39.68809317]],[[141.98746031,39.68812175],[141.98746031,39.68812175]],[[141.98718406,39.70733675],[141.98718406,39.70733675]],[[141.98626214,39.71044241],[141.98626214,39.71044241]],[[141.98837781,39.7106208],[141.98837781,39.7106208]],[[141.98769691,39.71070828],[141.98769691,39.71070828]],[[141.98659769,39.71088575],[141.98659769,39.71088575]],[[141.98633628,39.71182077],[141.98633628,39.71182077]],[[141.98725061,39.71224753],[141.98725061,39.71224753]],[[141.98697261,39.71237586],[141.98697261,39.71237586]],[[141.98722613,39.71238972],[141.98722613,39.71238972]],[[141.98694326,39.71265105],[141.98694326,39.71265105]],[[141.98641372,39.71284375],[141.98641372,39.71284375]],[[141.98856403,39.71263233],[141.98856403,39.71263233]],[[141.98784353,39.71260572],[141.98784353,39.71260572]],[[141.98856672,39.71376623],[141.98856672,39.71376623]],[[141.9879455,39.71388761],[141.9879455,39.71388761]],[[141.98851384,39.71414756],[141.98851384,39.71414756]],[[141.98890241,39.71407633],[141.98890241,39.71407633]],[[141.9879918,39.71413287],[141.9879918,39.71413287]],[[141.98630205,39.7142408],[141.98630205,39.7142408]],[[141.98658603,39.71418467],[141.98658603,39.71418467]],[[141.98643523,39.71673933],[141.98643523,39.71673933]],[[141.98697861,39.72052651],[141.98697861,39.72052651]],[[141.98644606,39.72091208],[141.98644606,39.72091208]],[[141.98904739,39.72209128],[141.98904739,39.72209128]],[[141.98686878,39.72245413],[141.98686878,39.72245413]],[[141.98643698,39.72264975],[141.98643698,39.72264975]],[[141.98870141,39.72301841],[141.98870141,39.72301841]],[[141.98654514,39.72340869],[141.98654514,39.72340869]],[[141.98843462,39.7235198],[141.98843462,39.7235198]],[[141.98750625,39.72365261],[141.98750625,39.72365261]],[[141.98833317,39.72377951],[141.98833317,39.72377951]],[[141.98710003,39.72422817],[141.98710003,39.72422817]],[[141.98656044,39.72511903],[141.98656044,39.72511903]],[[141.98629228,39.72535759],[141.98629228,39.72535759]],[[141.98731263,39.72550661],[141.98731263,39.72550661]],[[141.98772445,39.73716059],[141.98772445,39.73716059]],[[141.98859866,39.73741561],[141.98859866,39.73741561]],[[141.98654528,39.73753675],[141.98654528,39.73753675]],[[141.98622575,39.73865817],[141.98622575,39.73865817]],[[141.98758209,39.73900441],[141.98758209,39.73900441]],[[141.98724761,39.73923725],[141.98724761,39.73923725]],[[141.98703815,39.73925464],[141.98703815,39.73925464]],[[141.9867517,39.73948392],[141.9867517,39.73948392]],[[141.98691472,39.73977297],[141.98691472,39.73977297]],[[141.9870983,39.73980475],[141.9870983,39.73980475]],[[141.99370642,39.74571961],[141.99370642,39.74571961]],[[141.99395397,39.74609275],[141.99395397,39.74609275]],[[141.99377708,39.74660659],[141.99377708,39.74660659]],[[141.99360759,39.74703403],[141.99360759,39.74703403]],[[141.99351691,39.7470952],[141.99351691,39.7470952]],[[141.99282156,39.74713411],[141.99282156,39.74713411]],[[141.9928215,39.74732589],[141.9928215,39.74732589]],[[141.99264017,39.74734589],[141.99264017,39.74734589]],[[141.99251244,39.74739741],[141.99251244,39.74739741]],[[141.99207516,39.74751969],[141.99207516,39.74751969]],[[141.99271467,39.747558],[141.99271467,39.747558]],[[141.99380628,39.75235941],[141.99380628,39.75235941]],[[141.99317231,39.75261786],[141.99317231,39.75261786]],[[141.99252136,39.75283711],[141.99252136,39.75283711]],[[141.99332136,39.75350953],[141.99332136,39.75350953]],[[141.99325494,39.75367539],[141.99325494,39.75367539]],[[141.98852529,39.75962961],[141.98852529,39.75962961]],[[141.98838358,39.7610455],[141.98838358,39.7610455]],[[141.98848635,39.76263577],[141.98848635,39.76263577]],[[141.99259036,39.76938947],[141.99259036,39.76938947]],[[141.99295058,39.76949477],[141.99295058,39.76949477]],[[141.99282651,39.76950933],[141.99282651,39.76950933]],[[141.99287713,39.76955594],[141.99287713,39.76955594]],[[141.99307687,39.76964131],[141.99307687,39.76964131]],[[141.99355307,39.78135291],[141.99355307,39.78135291]],[[141.99293584,39.78152499],[141.99293584,39.78152499]],[[141.99265848,39.78207629],[141.99265848,39.78207629]],[[141.993916,39.78212389],[141.993916,39.78212389]],[[141.99274189,39.7824958],[141.99274189,39.7824958]],[[141.99223057,39.78251084],[141.99223057,39.78251084]],[[141.9920253,39.78278724],[141.9920253,39.78278724]],[[141.99202114,39.78293608],[141.99202114,39.78293608]],[[141.99183905,39.78298653],[141.99183905,39.78298653]],[[141.99382895,39.78333333],[141.99382895,39.78333333]],[[141.99172669,39.78356869],[141.99172669,39.78356869]],[[141.99109708,39.78519725],[141.99109708,39.78519725]],[[141.9921445,39.7854535],[141.9921445,39.7854535]],[[141.9899663,39.78574995],[141.9899663,39.78574995]],[[141.98910014,39.78608464],[141.98910014,39.78608464]],[[141.9906985,39.78619372],[141.9906985,39.78619372]],[[141.99077163,39.78622478],[141.99077163,39.78622478]],[[141.98912997,39.78654747],[141.98912997,39.78654747]],[[141.98892156,39.78754403],[141.98892156,39.78754403]],[[141.98792525,39.78758177],[141.98792525,39.78758177]],[[141.98903394,39.78776557],[141.98903394,39.78776557]],[[141.98805786,39.78766478],[141.98805786,39.78766478]],[[141.98831314,39.78769656],[141.98831314,39.78769656]],[[141.98980283,39.78793841],[141.98980283,39.78793841]],[[141.98662058,39.7878912],[141.98662058,39.7878912]],[[141.98976484,39.78800408],[141.98976484,39.78800408]],[[141.9894108,39.78807175],[141.9894108,39.78807175]],[[141.9865998,39.78818528],[141.9865998,39.78818528]],[[141.98912811,39.7887038],[141.98912811,39.7887038]],[[141.99002844,39.7887415],[141.99002844,39.7887415]],[[141.98744209,39.79242133],[141.98744209,39.79242133]],[[141.98743659,39.79267897],[141.98743659,39.79267897]],[[141.98709031,39.79278456],[141.98709031,39.79278456]],[[141.98726983,39.79304039],[141.98726983,39.79304039]],[[141.98725856,39.79335844],[141.98725856,39.79335844]],[[141.98713584,39.79393117],[141.98713584,39.79393117]],[[141.98700795,39.7941452],[141.98700795,39.7941452]],[[141.986798,39.79413069],[141.986798,39.79413069]],[[141.98725708,39.79429069],[141.98725708,39.79429069]],[[141.98742745,39.79442311],[141.98742745,39.79442311]],[[141.98678897,39.79489711],[141.98678897,39.79489711]],[[141.98737964,39.79531386],[141.98737964,39.79531386]],[[141.98649706,39.79551178],[141.98649706,39.79551178]],[[141.99085272,39.79611872],[141.99085272,39.79611872]],[[141.99094433,39.79617833],[141.99094433,39.79617833]],[[141.98783717,39.79684611],[141.98783717,39.79684611]],[[141.9885124,39.7969178],[141.9885124,39.7969178]],[[141.98805384,39.79701713],[141.98805384,39.79701713]],[[141.98809484,39.79710275],[141.98809484,39.79710275]],[[141.98869317,39.79754228],[141.98869317,39.79754228]],[[141.9893291,39.79748911],[141.9893291,39.79748911]],[[141.98874112,39.79774311],[141.98874112,39.79774311]],[[141.98881394,39.79800575],[141.98881394,39.79800575]],[[141.98861044,39.79798031],[141.98861044,39.79798031]],[[141.98861411,39.79821905],[141.98861411,39.79821905]],[[141.98930345,39.79882908],[141.98930345,39.79882908]],[[141.98731808,39.79947017],[141.98731808,39.79947017]],[[141.9878183,39.79944708],[141.9878183,39.79944708]],[[141.98790314,39.79989731],[141.98790314,39.79989731]],[[141.98696484,39.80101353],[141.98696484,39.80101353]],[[141.98623582,39.80103513],[141.98623582,39.80103513]],[[141.98642594,39.81015654],[141.98642594,39.81015654]],[[141.98639567,39.81046208],[141.98639567,39.81046208]],[[141.98633458,39.81086811],[141.98633458,39.81086811]],[[141.98636808,39.81117392],[141.98636808,39.81117392]],[[141.98649464,39.81131128],[141.98649464,39.81131128]],[[141.98883019,39.81400169],[141.98883019,39.81400169]],[[141.98703392,39.81421395],[141.98703392,39.81421395]],[[141.98878095,39.81419169],[141.98878095,39.81419169]],[[141.98932623,39.81428031],[141.98932623,39.81428031]],[[141.98924397,39.81427247],[141.98924397,39.81427247]],[[141.98615623,39.81436939],[141.98615623,39.81436939]],[[141.98726684,39.81431225],[141.98726684,39.81431225]],[[141.98896217,39.81453044],[141.98896217,39.81453044]],[[141.98873224,39.8144852],[141.98873224,39.8144852]],[[141.98883817,39.81458987],[141.98883817,39.81458987]],[[141.98838477,39.81449261],[141.98838477,39.81449261]],[[141.98798211,39.81469144],[141.98798211,39.81469144]],[[141.98834936,39.81475633],[141.98834936,39.81475633]],[[141.98809134,39.81483886],[141.98809134,39.81483886]],[[141.98855027,39.81498122],[141.98855027,39.81498122]],[[141.98948017,39.81688125],[141.98948017,39.81688125]],[[141.99109355,39.81821867],[141.99109355,39.81821867]],[[141.99101584,39.81836111],[141.99101584,39.81836111]],[[141.98988523,39.81899064],[141.98988523,39.81899064]],[[141.99074791,39.81934592],[141.99074791,39.81934592]],[[141.99008606,39.81950239],[141.99008606,39.81950239]],[[141.99017017,39.82311113],[141.99017017,39.82311113]],[[141.98994467,39.82317714],[141.98994467,39.82317714]],[[141.98984878,39.82327636],[141.98984878,39.82327636]],[[141.98878089,39.82362523],[141.98878089,39.82362523]],[[141.98837833,39.82552444],[141.98837833,39.82552444]],[[141.99110944,39.82552547],[141.99110944,39.82552547]],[[141.99006776,39.82569692],[141.99006776,39.82569692]],[[141.99057458,39.82563897],[141.99057458,39.82563897]],[[141.99051394,39.82595275],[141.99051394,39.82595275]],[[141.99011747,39.82582736],[141.99011747,39.82582736]],[[141.99040698,39.82596014],[141.99040698,39.82596014]],[[141.99135214,39.82598241],[141.99135214,39.82598241]],[[141.99031272,39.82619147],[141.99031272,39.82619147]],[[141.99124742,39.82620933],[141.99124742,39.82620933]],[[141.99051061,39.82633117],[141.99051061,39.82633117]],[[141.99028925,39.82635186],[141.99028925,39.82635186]],[[141.99051144,39.82651941],[141.99051144,39.82651941]],[[141.99135431,39.82618017],[141.99135431,39.82618017]],[[141.99031003,39.8266722],[141.99031003,39.8266722]],[[141.99062598,39.82669022],[141.99062598,39.82669022]],[[141.99056027,39.82681941],[141.99056027,39.82681941]],[[141.99142034,39.82697547],[141.99142034,39.82697547]],[[141.9924573,39.82705151],[141.9924573,39.82705151]],[[141.99202795,39.82720125],[141.99202795,39.82720125]],[[141.98823161,39.82730575],[141.98823161,39.82730575]],[[141.99107908,39.82736347],[141.99107908,39.82736347]],[[141.98818244,39.82783803],[141.98818244,39.82783803]],[[141.98850813,39.82805977],[141.98850813,39.82805977]],[[141.98662339,39.82922106],[141.98662339,39.82922106]],[[141.99427494,39.35045933],[141.99427494,39.35045933]],[[141.99431316,39.35068744],[141.99431316,39.35068744]],[[141.99512053,39.35097031],[141.99512053,39.35097031]],[[141.99563292,39.35117153],[141.99563292,39.35117153]],[[141.99587601,39.35133628],[141.99587601,39.35133628]],[[141.99500065,39.39987313],[141.99500065,39.39987313]],[[141.99601853,39.40260895],[141.99601853,39.40260895]],[[141.99616003,39.40273905],[141.99616003,39.40273905]],[[141.99902925,39.40303911],[141.99902925,39.40303911]],[[141.99971209,39.40469813],[141.99384584,39.40073039],[141.99971209,39.40469813]],[[141.99929996,39.40327304],[141.99929996,39.40327304]],[[141.99954141,39.403424],[141.99954141,39.403424]],[[141.99974822,39.40355031],[141.99974822,39.40355031]],[[141.99847234,39.405373],[141.99847234,39.405373]],[[142.00452423,39.40601023],[142.00452423,39.40601023]],[[142.00475645,39.4060442],[142.00475645,39.4060442]],[[142.00045222,39.40653359],[142.00045222,39.40653359]],[[141.99986964,39.40692101],[141.99986964,39.40692101]],[[141.99947805,39.40690404],[141.99947805,39.40690404]],[[142.00459978,39.40700677],[142.00459978,39.40700677]],[[142.00507849,39.40693647],[142.00507849,39.40693647]],[[142.00033497,39.40687644],[142.00033497,39.40687644]],[[142.00007752,39.40693172],[142.00007752,39.40693172]],[[141.99985023,39.40696949],[141.99985023,39.40696949]],[[142.00447992,39.40708753],[142.00447992,39.40708753]],[[142.00480275,39.40721569],[142.00480275,39.40721569]],[[142.00449608,39.40715178],[142.00449608,39.40715178]],[[142.00462309,39.40726256],[142.00462309,39.40726256]],[[142.00341652,39.40728848],[142.00341652,39.40728848]],[[142.00470477,39.40730092],[142.00470477,39.40730092]],[[142.00316026,39.40732303],[142.00316026,39.40732303]],[[142.00330634,39.40733751],[142.00330634,39.40733751]],[[142.00328032,39.40738551],[142.00328032,39.40738551]],[[142.00496795,39.40930797],[142.00496795,39.40930797]],[[141.99521372,39.40929275],[141.99521372,39.40929275]],[[141.9951085,39.40934651],[141.9951085,39.40934651]],[[141.99457464,39.40929428],[141.99457464,39.40929428]],[[141.99484255,39.40938022],[141.99484255,39.40938022]],[[141.99638861,39.40964275],[141.99638861,39.40964275]],[[141.99648297,39.40972325],[141.99648297,39.40972325]],[[141.99541226,39.40966161],[141.99541226,39.40966161]],[[142.00202814,39.40968722],[142.00202814,39.40968722]],[[141.99690554,39.40973145],[141.99690554,39.40973145]],[[142.00186869,39.40976861],[142.00186869,39.40976861]],[[142.0041555,39.40961492],[142.0041555,39.40961492]],[[142.00187183,39.40991541],[142.00187183,39.40991541]],[[142.00185781,39.41002159],[142.00185781,39.41002159]],[[142.00156511,39.41003775],[142.00156511,39.41003775]],[[142.00425053,39.41019369],[142.00425053,39.41019369]],[[142.00098876,39.41018613],[142.00098876,39.41018613]],[[142.00502949,39.41025944],[142.00502949,39.41025944]],[[142.00103898,39.41023184],[142.00103898,39.41023184]],[[142.00385135,39.41042561],[142.00385135,39.41042561]],[[142.0035786,39.41048888],[142.0035786,39.41048888]],[[142.00362924,39.41056576],[142.00362924,39.41056576]],[[142.00357594,39.41063584],[142.00357594,39.41063584]],[[142.00032192,39.41082336],[142.00032192,39.41082336]],[[142.00174075,39.41085641],[142.00174075,39.41085641]],[[142.00277579,39.41095689],[142.00277579,39.41095689]],[[142.00238061,39.41096977],[142.00238061,39.41096977]],[[142.00018209,39.4108978],[142.00018209,39.4108978]],[[141.99971036,39.41104117],[141.99971036,39.41104117]],[[142.00249597,39.41099997],[142.00249597,39.41099997]],[[142.00232302,39.41106017],[142.00232302,39.41106017]],[[142.00260414,39.41103833],[142.00260414,39.41103833]],[[141.99987,39.41144472],[141.99987,39.41144472]],[[141.99493772,39.45251795],[141.99493772,39.45251795]],[[141.99561175,39.45603274],[141.99561175,39.45603274]],[[142.00192805,39.45950375],[142.00192805,39.45950375]],[[142.00233776,39.4610518],[142.00233776,39.4610518]],[[141.99451409,39.62829117],[141.99451409,39.62829117]],[[141.99573353,39.62977978],[141.99573353,39.62977978]],[[141.99589927,39.63008489],[141.99589927,39.63008489]],[[141.99718348,39.63164633],[141.99718348,39.63164633]],[[141.99788272,39.63273569],[141.99788272,39.63273569]],[[141.99804348,39.63273489],[141.99804348,39.63273489]],[[141.99792494,39.63278705],[141.99792494,39.63278705]],[[141.998382,39.63292328],[141.998382,39.63292328]],[[141.99832481,39.63296484],[141.99832481,39.63296484]],[[141.99891287,39.63430553],[141.99891287,39.63430553]],[[142.00051956,39.63466039],[142.00051956,39.63466039]],[[142.00081577,39.63496997],[142.00081577,39.63496997]],[[142.00383003,39.63834828],[142.00383003,39.63834828]],[[142.00404044,39.64072705],[142.00404044,39.64072705]],[[142.00419022,39.64071059],[142.00419022,39.64071059]],[[142.00400114,39.64087544],[142.00400114,39.64087544]],[[142.00440586,39.64120003],[142.00440586,39.64120003]],[[141.99411258,39.74615097],[141.99411258,39.74615097]],[[141.99435628,39.74656423],[141.99435628,39.74656423]],[[141.99424287,39.74678736],[141.99424287,39.74678736]],[[141.99697728,39.74677161],[141.99697728,39.74677161]],[[141.99713733,39.74709534],[141.99713733,39.74709534]],[[141.99518759,39.74722828],[141.99518759,39.74722828]],[[141.99450239,39.74732331],[141.99450239,39.74732331]],[[142.00038044,39.74735344],[142.00038044,39.74735344]],[[141.99760158,39.74734269],[141.99760158,39.74734269]],[[142.00010953,39.74750776],[142.00010953,39.74750776]],[[141.99872377,39.74756761],[141.99872377,39.74756761]],[[141.99946278,39.74757812],[141.99946278,39.74757812]],[[141.99751506,39.74775547],[141.99751506,39.74775547]],[[141.9973725,39.74788192],[141.9973725,39.74788192]],[[142.00061353,39.74802186],[142.00061353,39.74802186]],[[141.99488462,39.74807267],[141.99488462,39.74807267]],[[141.9999862,39.74803347],[141.9999862,39.74803347]],[[141.99723825,39.74808656],[141.99723825,39.74808656]],[[142.00026603,39.74817984],[142.00026603,39.74817984]],[[141.99515128,39.74817222],[141.99515128,39.74817222]],[[141.99722197,39.74817264],[141.99722197,39.74817264]],[[141.99711717,39.74824739],[141.99711717,39.74824739]],[[141.99508545,39.74825459],[141.99508545,39.74825459]],[[142.00025214,39.74829111],[142.00025214,39.74829111]],[[142.00030742,39.7483992],[142.00030742,39.7483992]],[[141.99546944,39.74828767],[141.99546944,39.74828767]],[[141.99938531,39.74836044],[141.99938531,39.74836044]],[[141.99717886,39.74839853],[141.99717886,39.74839853]],[[141.99725267,39.74838087],[141.99725267,39.74838087]],[[141.99821336,39.74849353],[141.99821336,39.74849353]],[[141.99848616,39.74864608],[141.99848616,39.74864608]],[[141.99859511,39.74867147],[141.99859511,39.74867147]],[[141.99879555,39.74875431],[141.99879555,39.74875431]],[[141.99971111,39.74876359],[141.99971111,39.74876359]],[[141.99797014,39.74884392],[141.99797014,39.74884392]],[[141.9989328,39.74891405],[141.9989328,39.74891405]],[[141.99790128,39.74893269],[141.99790128,39.74893269]],[[141.99877477,39.74900853],[141.99877477,39.74900853]],[[142.002161,39.7489068],[142.002161,39.7489068]],[[141.99927263,39.74896551],[141.99927263,39.74896551]],[[141.99877041,39.74912395],[141.99877041,39.74912395]],[[142.00035361,39.74924241],[142.00035361,39.74924241]],[[142.00075781,39.74928259],[142.00075781,39.74928259]],[[142.00030689,39.74924659],[142.00030689,39.74924659]],[[141.99991153,39.74927236],[141.99991153,39.74927236]],[[142.00042092,39.74927444],[142.00042092,39.74927444]],[[141.99969189,39.74958097],[141.99969189,39.74958097]],[[141.99971769,39.74958305],[141.99971769,39.74958305]],[[141.99974589,39.74979384],[141.99974589,39.74979384]],[[142.00263392,39.75],[142.00263392,39.75]],[[142.00339431,39.7499928],[142.00339431,39.7499928]],[[142.00002255,39.75009784],[142.00002255,39.75009784]],[[142.00301409,39.75007808],[142.00301409,39.75007808]],[[142.00171217,39.75011884],[142.00171217,39.75011884]],[[142.00204236,39.75010931],[142.00204236,39.75010931]],[[142.00351966,39.75018008],[142.00351966,39.75018008]],[[142.00198399,39.75015725],[142.00198399,39.75015725]],[[142.00168817,39.75016097],[142.00168817,39.75016097]],[[142.00185372,39.75014659],[142.00185372,39.75014659]],[[142.00178311,39.75014513],[142.00178311,39.75014513]],[[142.00301183,39.75015933],[142.00301183,39.75015933]],[[142.00168795,39.75019689],[142.00168795,39.75019689]],[[142.001991,39.75020556],[142.001991,39.75020556]],[[142.0015937,39.75019136],[142.0015937,39.75019136]],[[142.00198317,39.750225],[142.00198317,39.750225]],[[142.00301808,39.75023917],[142.00301808,39.75023917]],[[142.00367064,39.75033853],[142.00367064,39.75033853]],[[142.0007725,39.7503468],[142.0007725,39.7503468]],[[142.00017294,39.75034608],[142.00017294,39.75034608]],[[142.00107514,39.75040022],[142.00107514,39.75040022]],[[142.00119338,39.75040851],[142.00119338,39.75040851]],[[142.00071348,39.75039686],[142.00071348,39.75039686]],[[142.00119756,39.75043413],[142.00119756,39.75043413]],[[142.0036715,39.75043064],[142.0036715,39.75043064]],[[142.00057878,39.75046305],[142.00057878,39.75046305]],[[142.00042511,39.75049892],[142.00042511,39.75049892]],[[142.00008737,39.75050295],[142.00008737,39.75050295]],[[142.00360075,39.7504898],[142.00360075,39.7504898]],[[142.00061083,39.75054525],[142.00061083,39.75054525]],[[142.00036986,39.75053044],[142.00036986,39.75053044]],[[142.00074869,39.75056908],[142.00074869,39.75056908]],[[142.00022153,39.75058384],[142.00022153,39.75058384]],[[142.00080275,39.75056997],[142.00080275,39.75056997]],[[142.00048414,39.75056722],[142.00048414,39.75056722]],[[142.00325131,39.75065069],[142.00325131,39.75065069]],[[142.00464056,39.75066172],[142.00464056,39.75066172]],[[142.00444745,39.75064222],[142.00444745,39.75064222]],[[142.00434263,39.75075733],[142.00434263,39.75075733]],[[142.00480859,39.75127539],[142.00480859,39.75127539]],[[142.00411805,39.75119464],[142.00411805,39.75119464]],[[142.00456302,39.75121769],[142.00456302,39.75121769]],[[142.00411825,39.75128875],[142.00411825,39.75128875]],[[142.00380064,39.75169736],[142.00380064,39.75169736]],[[142.00424506,39.75169333],[142.00424506,39.75169333]],[[142.00451606,39.75172428],[142.00451606,39.75172428]],[[142.0048927,39.751714],[142.0048927,39.751714]],[[142.003933,39.75177547],[142.003933,39.75177547]],[[142.00402934,39.75176477],[142.00402934,39.75176477]],[[142.00500575,39.75195461],[142.00500575,39.75195461]],[[142.0009527,39.75206203],[142.0009527,39.75206203]],[[142.00230197,39.75206214],[142.00230197,39.75206214]],[[142.0020935,39.75228608],[142.0020935,39.75228608]],[[142.00425477,39.75237851],[142.00425477,39.75237851]],[[142.00221961,39.75234569],[142.00221961,39.75234569]],[[142.00433591,39.75260025],[142.00433591,39.75260025]],[[142.00102092,39.75283477],[142.00102092,39.75283477]],[[141.99436001,39.75256321],[141.99436001,39.75256321]],[[142.0024292,39.75262325],[142.0024292,39.75262325]],[[142.00337636,39.75271828],[142.00337636,39.75271828]],[[141.99430808,39.75277134],[141.99430808,39.75277134]],[[142.00305759,39.75285759],[142.00305759,39.75285759]],[[142.00349501,39.75292895],[142.00349501,39.75292895]],[[142.00309367,39.75288695],[142.00309367,39.75288695]],[[141.99879728,39.75301665],[141.99879728,39.75301665]],[[141.99808003,39.7530551],[141.99808003,39.7530551]],[[141.99842267,39.75312642],[141.99842267,39.75312642]],[[142.00403672,39.753297],[142.00403672,39.753297]],[[142.00385061,39.75331095],[142.00385061,39.75331095]],[[142.00393272,39.7533095],[142.00393272,39.7533095]],[[141.99863326,39.75340722],[141.99863326,39.75340722]],[[141.99885322,39.75357309],[141.99885322,39.75357309]],[[141.99829425,39.75344792],[141.99829425,39.75344792]],[[141.99873409,39.75356051],[141.99873409,39.75356051]],[[141.9992962,39.75319339],[141.9992962,39.75319339]],[[141.99802689,39.75377305],[141.99802689,39.75377305]],[[141.99900428,39.7536738],[141.99900428,39.7536738]],[[141.99879026,39.75378404],[141.99879026,39.75378404]],[[141.99872979,39.75392191],[141.99872979,39.75392191]],[[141.99458978,39.77057697],[141.99458978,39.77057697]],[[141.99613036,39.77165086],[141.99613036,39.77165086]],[[142.00044245,39.77292649],[142.00044245,39.77292649]],[[142.00055414,39.7734576],[142.00055414,39.7734576]],[[142.00091864,39.77373872],[142.00091864,39.77373872]],[[142.00211877,39.7741426],[142.00211877,39.7741426]],[[142.00319086,39.77472501],[142.00319086,39.77472501]],[[142.00359603,39.77476695],[142.00359603,39.77476695]],[[142.0038392,39.77474053],[142.0038392,39.77474053]],[[142.00387847,39.77482615],[142.00387847,39.77482615]],[[142.003638,39.77485308],[142.003638,39.77485308]],[[142.00354349,39.77490376],[142.00354349,39.77490376]],[[142.00432961,39.77520387],[142.00432961,39.77520387]],[[142.00414532,39.7751778],[142.00414532,39.7751778]],[[142.00463283,39.7753387],[142.00463283,39.7753387]],[[142.00444664,39.77585489],[142.00444664,39.77585489]],[[142.00462341,39.77602947],[142.00462341,39.77602947]],[[142.00383755,39.77633796],[142.00383755,39.77633796]],[[142.00243639,39.77717831],[142.00243639,39.77717831]],[[142.00225729,39.77747294],[142.00225729,39.77747294]],[[142.00231544,39.77745965],[142.00231544,39.77745965]],[[142.00281438,39.77772997],[142.00281438,39.77772997]],[[142.00181519,39.7778022],[142.00181519,39.7778022]],[[142.00221817,39.77781667],[142.00221817,39.77781667]],[[142.00181856,39.77796005],[142.00181856,39.77796005]],[[141.99671821,39.77792662],[141.99671821,39.77792662]],[[142.00237053,39.77795592],[142.00237053,39.77795592]],[[142.00289097,39.77792428],[142.00289097,39.77792428]],[[142.00195497,39.77798453],[142.00195497,39.77798453]],[[141.99676179,39.77797022],[141.99676179,39.77797022]],[[142.00090804,39.77799505],[142.00090804,39.77799505]],[[142.00092555,39.77804397],[142.00092555,39.77804397]],[[142.00182791,39.77808559],[142.00182791,39.77808559]],[[142.00136752,39.77811303],[142.00136752,39.77811303]],[[142.00190594,39.77808878],[142.00190594,39.77808878]],[[141.99754616,39.77817952],[141.99754616,39.77817952]],[[141.99759617,39.77817578],[141.99759617,39.77817578]],[[142.00186903,39.77821128],[142.00186903,39.77821128]],[[141.99805192,39.77815625],[141.99805192,39.77815625]],[[142.00234978,39.778282],[142.00234978,39.778282]],[[141.99761242,39.77827406],[141.99761242,39.77827406]],[[141.99764956,39.77825414],[141.99764956,39.77825414]],[[141.99979328,39.77828108],[141.99979328,39.77828108]],[[142.00195739,39.77830775],[142.00195739,39.77830775]],[[141.99812319,39.77832614],[141.99812319,39.77832614]],[[141.99924647,39.77844689],[141.99924647,39.77844689]],[[141.9996907,39.77836641],[141.9996907,39.77836641]],[[141.99772387,39.77841661],[141.99772387,39.77841661]],[[142.00103899,39.77850471],[142.00103899,39.77850471]],[[141.99605161,39.77856164],[141.99605161,39.77856164]],[[142.0003027,39.77866859],[142.0003027,39.77866859]],[[141.99985477,39.77865389],[141.99985477,39.77865389]],[[142.0019208,39.77864931],[142.0019208,39.77864931]],[[141.99866533,39.77865269],[141.99866533,39.77865269]],[[141.99828886,39.77879077],[141.99828886,39.77879077]],[[141.99815372,39.77878644],[141.99815372,39.77878644]],[[141.99962348,39.77906622],[141.99962348,39.77906622]],[[141.99543445,39.77924253],[141.99543445,39.77924253]],[[141.99591358,39.77957092],[141.99591358,39.77957092]],[[141.99560776,39.78034344],[141.99560776,39.78034344]],[[141.99465003,39.78050229],[141.99465003,39.78050229]],[[141.99427992,39.78086114],[141.99427992,39.78086114]],[[141.99451623,39.78100136],[141.99451623,39.78100136]],[[141.9948918,39.78107967],[141.9948918,39.78107967]],[[141.99434501,39.78098325],[141.99434501,39.78098325]],[[141.99429706,39.78105417],[141.99429706,39.78105417]],[[141.994497,39.78108659],[141.994497,39.78108659]],[[141.99440542,39.78224392],[141.99440542,39.78224392]],[[141.99405672,39.78424556],[141.99405672,39.78424556]],[[142.00619384,39.40629625],[142.00619384,39.40629625]],[[142.00565467,39.40650136],[142.00565467,39.40650136]],[[142.00528205,39.40634056],[142.00528205,39.40634056]],[[142.00571636,39.40692628],[142.00571636,39.40692628]],[[142.00506419,39.40692223],[142.00506419,39.40692223]],[[142.00513123,39.40707629],[142.00513123,39.40707629]],[[142.00513947,39.40719375],[142.00513947,39.40719375]],[[142.0067298,39.41004451],[142.0067298,39.41004451]],[[142.00635195,39.41010524],[142.00635195,39.41010524]],[[142.00589163,39.41025022],[142.00589163,39.41025022]],[[142.00666791,39.41034111],[142.00666791,39.41034111]],[[142.00579552,39.41062672],[142.00579552,39.41062672]],[[142.00569136,39.41065371],[142.00569136,39.41065371]],[[142.00631467,39.41087478],[142.00631467,39.41087478]],[[142.00560542,39.41090895],[142.00560542,39.41090895]],[[142.00531966,39.41090363],[142.00531966,39.41090363]],[[142.00583348,39.41092367],[142.00583348,39.41092367]],[[142.00744571,39.41098074],[142.00744571,39.41098074]],[[142.00520438,39.41101667],[142.00520438,39.41101667]],[[142.00745371,39.41103479],[142.00745371,39.41103479]],[[142.00662213,39.41101878],[142.00662213,39.41101878]],[[142.00697464,39.41098892],[142.00697464,39.41098892]],[[142.00583148,39.411276],[142.00583148,39.411276]],[[142.00620881,39.41148739],[142.00620881,39.41148739]],[[142.00700889,39.41154264],[142.00700889,39.41154264]],[[142.00669458,39.41158553],[142.00669458,39.41158553]],[[142.00611847,39.41157792],[142.00611847,39.41157792]],[[142.00554874,39.4118937],[142.00554874,39.4118937]],[[142.00638786,39.41209584],[142.00638786,39.41209584]],[[142.00706956,39.41224525],[142.00706956,39.41224525]],[[142.00579879,39.41271403],[142.00579879,39.41271403]],[[142.00578412,39.412733],[142.00578412,39.412733]],[[142.00584642,39.41285406],[142.00584642,39.41285406]],[[142.00616992,39.41289414],[142.00616992,39.41289414]],[[142.00582477,39.41339204],[142.00582477,39.41339204]],[[142.00570929,39.41343698],[142.00570929,39.41343698]],[[142.00578698,39.41345061],[142.00578698,39.41345061]],[[142.00995837,39.41385717],[142.00995837,39.41385717]],[[142.00594669,39.41385524],[142.00594669,39.41385524]],[[142.00995571,39.41389249],[142.00995571,39.41389249]],[[142.00582602,39.41395104],[142.00582602,39.41395104]],[[142.00577289,39.41403769],[142.00577289,39.41403769]],[[142.01168745,39.41467684],[142.01168745,39.41467684]],[[142.00977786,39.41413111],[142.00977786,39.41413111]],[[142.00625837,39.41434689],[142.00625837,39.41434689]],[[142.01031195,39.41418787],[142.01031195,39.41418787]],[[142.01158584,39.41483513],[142.01158584,39.41483513]],[[142.01171565,39.41489749],[142.01171565,39.41489749]],[[142.01154577,39.41498092],[142.01154577,39.41498092]],[[142.00832575,39.41517689],[142.00832575,39.41517689]],[[142.00823148,39.41520595],[142.00823148,39.41520595]],[[142.00792501,39.4153365],[142.00792501,39.4153365]],[[142.00830366,39.41534898],[142.00830366,39.41534898]],[[142.00788781,39.41547361],[142.00788781,39.41547361]],[[142.00825265,39.41549884],[142.00825265,39.41549884]],[[142.01149742,39.4156885],[142.01149742,39.4156885]],[[142.0197393,39.41656677],[142.0197393,39.41656677]],[[142.02272672,39.41736936],[142.02272672,39.41736936]],[[142.01023333,39.41774513],[142.01023333,39.41774513]],[[142.00909767,39.41864811],[142.00909767,39.41864811]],[[142.02256484,39.41896905],[142.02256484,39.41896905]],[[142.02254017,39.41915767],[142.02254017,39.41915767]],[[142.02215148,39.41934153],[142.02215148,39.41934153]],[[142.00761508,39.41957303],[142.00761508,39.41957303]],[[142.00770528,39.41955664],[142.00770528,39.41955664]],[[142.00745051,39.41971072],[142.00745051,39.41971072]],[[142.00741572,39.42001164],[142.00741572,39.42001164]],[[142.0074625,39.42032923],[142.0074625,39.42032923]],[[142.00733542,39.42035556],[142.00733542,39.42035556]],[[142.00724815,39.42038597],[142.00724815,39.42038597]],[[142.00737855,39.420565],[142.00737855,39.420565]],[[142.00725842,39.42056234],[142.00725842,39.42056234]],[[142.00722738,39.42065048],[142.00722738,39.42065048]],[[142.00718375,39.42069469],[142.00718375,39.42069469]],[[142.02128436,39.42086403],[142.02128436,39.42086403]],[[142.0070258,39.42132449],[142.0070258,39.42132449]],[[142.00690812,39.42137738],[142.00690812,39.42137738]],[[142.01809944,39.42219422],[142.01809944,39.42219422]],[[142.00808131,39.42219136],[142.00808131,39.42219136]],[[142.00772569,39.4223587],[142.00772569,39.4223587]],[[142.00802988,39.42252669],[142.00802988,39.42252669]],[[142.00787205,39.42250459],[142.00787205,39.42250459]],[[142.00797531,39.42282422],[142.00797531,39.42282422]],[[142.00838562,39.42300886],[142.00838562,39.42300886]],[[142.00827078,39.42311425],[142.00827078,39.42311425]],[[142.00845616,39.42316517],[142.00845616,39.42316517]],[[142.00854,39.42348886],[142.00854,39.42348886]],[[142.01799119,39.42373805],[142.01799119,39.42373805]],[[142.01799988,39.42384011],[142.01799988,39.42384011]],[[142.00848392,39.42379361],[142.00848392,39.42379361]],[[142.0082755,39.42390103],[142.0082755,39.42390103]],[[142.0096263,39.42396869],[142.0096263,39.42396869]],[[142.00971219,39.42397161],[142.00971219,39.42397161]],[[142.00784294,39.42409211],[142.00784294,39.42409211]],[[142.01559097,39.42473847],[142.01559097,39.42473847]],[[142.01553828,39.42481467],[142.01553828,39.42481467]],[[142.01639031,39.42496741],[142.01639031,39.42496741]],[[142.01499668,39.42523992],[142.01499668,39.42523992]],[[142.00569253,39.46018484],[142.00569253,39.46018484]],[[142.00548372,39.46030331],[142.00548372,39.46030331]],[[142.00570017,39.46044031],[142.00570017,39.46044031]],[[142.00581973,39.46061977],[142.00581973,39.46061977]],[[142.00774847,39.46228664],[142.00774847,39.46228664]],[[142.00884703,39.46452228],[142.00884703,39.46452228]],[[142.00934012,39.46524025],[142.00934012,39.46524025]],[[142.01099895,39.46563556],[142.01099895,39.46563556]],[[142.0163808,39.46924033],[142.0163808,39.46924033]],[[142.01787355,39.47010123],[142.01787355,39.47010123]],[[142.01941759,39.47057097],[142.01941759,39.47057097]],[[142.0212482,39.47137341],[142.0212482,39.47137341]],[[142.00881409,39.4758308],[142.00881409,39.4758308]],[[142.00865822,39.47593405],[142.00865822,39.47593405]],[[142.00836805,39.47600628],[142.00836805,39.47600628]],[[142.00834569,39.47627869],[142.00834569,39.47627869]],[[142.00827144,39.47619064],[142.00827144,39.47619064]],[[142.00847484,39.47634233],[142.00847484,39.47634233]],[[142.00959905,39.476553],[142.00959905,39.476553]],[[142.01043956,39.47710125],[142.01043956,39.47710125]],[[142.01041506,39.477185],[142.01041506,39.477185]],[[142.0108982,39.47719687],[142.0108982,39.47719687]],[[142.01049878,39.47737369],[142.01049878,39.47737369]],[[142.01059542,39.477369],[142.01059542,39.477369]],[[142.01086667,39.47737411],[142.01086667,39.47737411]],[[142.01071689,39.47743192],[142.01071689,39.47743192]],[[142.01157523,39.47787125],[142.01157523,39.47787125]],[[142.0114504,39.47792747],[142.0114504,39.47792747]],[[142.01165484,39.47908295],[142.01165484,39.47908295]],[[142.01193817,39.47906611],[142.01193817,39.47906611]],[[142.01199222,39.47925256],[142.01199222,39.47925256]],[[142.01178817,39.48037895],[142.01178817,39.48037895]],[[142.01191611,39.480507],[142.01191611,39.480507]],[[142.01171772,39.48069459],[142.01171772,39.48069459]],[[142.01180769,39.48155011],[142.01180769,39.48155011]],[[142.01129278,39.48215647],[142.01129278,39.48215647]],[[142.01157486,39.48223128],[142.01157486,39.48223128]],[[142.01513917,39.48328644],[142.01513917,39.48328644]],[[142.01190839,39.48348697],[142.01190839,39.48348697]],[[142.01158914,39.48384825],[142.01158914,39.48384825]],[[142.01196739,39.48395141],[142.01196739,39.48395141]],[[142.0109193,39.4840795],[142.0109193,39.4840795]],[[142.01103611,39.48474056],[142.01103611,39.48474056]],[[142.01092066,39.48535216],[142.01092066,39.48535216]],[[142.0112682,39.48565318],[142.0112682,39.48565318]],[[142.01080231,39.48567511],[142.01080231,39.48567511]],[[142.01130918,39.485726],[142.01130918,39.485726]],[[142.01094297,39.48580584],[142.01094297,39.48580584]],[[142.01121703,39.48579007],[142.01121703,39.48579007]],[[142.01095691,39.48582711],[142.01095691,39.48582711]],[[142.01117123,39.48581747],[142.01117123,39.48581747]],[[142.01081905,39.48602759],[142.01081905,39.48602759]],[[142.01121872,39.48622025],[142.01121872,39.48622025]],[[142.01291319,39.48634972],[142.01291319,39.48634972]],[[142.01346492,39.48640584],[142.01346492,39.48640584]],[[142.01058594,39.48653436],[142.01058594,39.48653436]],[[142.012783,39.48658333],[142.012783,39.48658333]],[[142.01266365,39.48672987],[142.01266365,39.48672987]],[[142.01070075,39.48675308],[142.01070075,39.48675308]],[[142.013733,39.48677141],[142.013733,39.48677141]],[[142.01066889,39.48705513],[142.01066889,39.48705513]],[[142.01194423,39.48745423],[142.01194423,39.48745423]],[[142.01018748,39.48743294],[142.01018748,39.48743294]],[[142.01002968,39.48753209],[142.01002968,39.48753209]],[[142.01090148,39.48769467],[142.01090148,39.48769467]],[[142.01087477,39.4877171],[142.01087477,39.4877171]],[[142.01098795,39.48774172],[142.01098795,39.48774172]],[[142.01097367,39.48771547],[142.01097367,39.48771547]],[[142.01090935,39.48772702],[142.01090935,39.48772702]],[[142.01097545,39.48775797],[142.01097545,39.48775797]],[[142.01085939,39.4878458],[142.01085939,39.4878458]],[[142.00988112,39.48791847],[142.00988112,39.48791847]],[[142.00972219,39.48793153],[142.00972219,39.48793153]],[[142.00986228,39.48799496],[142.00986228,39.48799496]],[[142.01051889,39.48814233],[142.01051889,39.48814233]],[[142.01046975,39.48818572],[142.01046975,39.48818572]],[[142.01085436,39.48823659],[142.01085436,39.48823659]],[[142.00961336,39.48828295],[142.00961336,39.48828295]],[[142.01025914,39.48827649],[142.01025914,39.48827649]],[[142.00944119,39.48902087],[142.00944119,39.48902087]],[[142.01044445,39.48921392],[142.01044445,39.48921392]],[[142.00984523,39.48940372],[142.00984523,39.48940372]],[[142.01009986,39.489447],[142.01009986,39.489447]],[[142.00987105,39.48953661],[142.00987105,39.48953661]],[[142.01084538,39.48967592],[142.01084538,39.48967592]],[[142.01180645,39.48979389],[142.01180645,39.48979389]],[[142.010331,39.48989703],[142.010331,39.48989703]],[[142.01060272,39.48992733],[142.01060272,39.48992733]],[[142.01024852,39.49004595],[142.01024852,39.49004595]],[[142.01144742,39.49050059],[142.01144742,39.49050059]],[[142.00949431,39.49136533],[142.00949431,39.49136533]],[[142.00921364,39.49143159],[142.00921364,39.49143159]],[[142.0094728,39.49148914],[142.0094728,39.49148914]],[[142.00956252,39.49150166],[142.00956252,39.49150166]],[[142.00930623,39.492601],[142.00930623,39.492601]],[[142.01137936,39.49307381],[142.01137936,39.49307381]],[[142.011738,39.49675695],[142.011738,39.49675695]],[[142.01141581,39.49680292],[142.01141581,39.49680292]],[[142.01163012,39.49685992],[142.01163012,39.49685992]],[[142.01137781,39.49688689],[142.01137781,39.49688689]],[[142.0110537,39.49688133],[142.0110537,39.49688133]],[[142.01113992,39.49698811],[142.01113992,39.49698811]],[[142.01192536,39.49708428],[142.01192536,39.49708428]],[[142.01167997,39.49707892],[142.01167997,39.49707892]],[[142.01211608,39.49717656],[142.01211608,39.49717656]],[[142.01201628,39.49719341],[142.01201628,39.49719341]],[[142.0124427,39.49741095],[142.0124427,39.49741095]],[[142.01266772,39.49798678],[142.01266772,39.49798678]],[[142.02039144,39.49919903],[142.02039144,39.49919903]],[[142.019813,39.49925186],[142.019813,39.49925186]],[[142.01747486,39.49957305],[142.01747486,39.49957305]],[[142.01774725,39.49962703],[142.01774725,39.49962703]],[[142.01751331,39.49968641],[142.01751331,39.49968641]],[[142.01850927,39.49970969],[142.01850927,39.49970969]],[[142.01836953,39.49982569],[142.01836953,39.49982569]],[[142.01724058,39.4998878],[142.01724058,39.4998878]],[[142.01841322,39.5],[142.01841322,39.5]],[[142.02156394,39.50057547],[142.02156394,39.50057547]],[[142.01363387,39.50063175],[142.01363387,39.50063175]],[[142.01862136,39.50065353],[142.01862136,39.50065353]],[[142.01852908,39.5007032],[142.01852908,39.5007032]],[[142.01834886,39.50069008],[142.01834886,39.50069008]],[[142.01860178,39.500712],[142.01860178,39.500712]],[[142.02292041,39.50074292],[142.02292041,39.50074292]],[[142.01817764,39.50076803],[142.01817764,39.50076803]],[[142.02104392,39.50109708],[142.02104392,39.50109708]],[[142.02285623,39.50084411],[142.02285623,39.50084411]],[[142.02292423,39.50098031],[142.02292423,39.50098031]],[[142.016396,39.50093668],[142.016396,39.50093668]],[[142.0202982,39.50143375],[142.0202982,39.50143375]],[[142.02051234,39.50145869],[142.02051234,39.50145869]],[[142.02002289,39.50152969],[142.02002289,39.50152969]],[[142.01180737,39.50166128],[142.01180737,39.50166128]],[[142.01248384,39.5016892],[142.01248384,39.5016892]],[[142.01266856,39.50167489],[142.01266856,39.50167489]],[[142.01249217,39.50178441],[142.01249217,39.50178441]],[[142.01993241,39.50178175],[142.01993241,39.50178175]],[[142.02071455,39.5019178],[142.02071455,39.5019178]],[[142.02079425,39.502092],[142.02079425,39.502092]],[[142.02296014,39.62899917],[142.02296014,39.62899917]],[[142.00613628,39.64280514],[142.00613628,39.64280514]],[[142.0061985,39.64285486],[142.0061985,39.64285486]],[[142.00585567,39.64327844],[142.00585567,39.64327844]],[[142.00608888,39.64371105],[142.00608888,39.64371105]],[[142.00672614,39.64434197],[142.00672614,39.64434197]],[[142.00703326,39.64487172],[142.00703326,39.64487172]],[[142.00701495,39.64488587],[142.00701495,39.64488587]],[[142.00680947,39.64501216],[142.00680947,39.64501216]],[[142.00710252,39.64507559],[142.00710252,39.64507559]],[[142.00704259,39.6451006],[142.00704259,39.6451006]],[[142.00698812,39.64518654],[142.00698812,39.64518654]],[[142.00794776,39.64697895],[142.00794776,39.64697895]],[[142.01046782,39.64820877],[142.01046782,39.64820877]],[[142.01029401,39.64872583],[142.01029401,39.64872583]],[[142.01246875,39.64953289],[142.01246875,39.64953289]],[[142.01277611,39.65093095],[142.01277611,39.65093095]],[[142.01282261,39.65116459],[142.01282261,39.65116459]],[[142.01376484,39.65216031],[142.01376484,39.65216031]],[[142.01385711,39.65222836],[142.01385711,39.65222836]],[[142.01353744,39.65225936],[142.01353744,39.65225936]],[[142.01535531,39.65455014],[142.01535531,39.65455014]],[[142.02178036,39.65489253],[142.02178036,39.65489253]],[[142.01606053,39.65541244],[142.01606053,39.65541244]],[[142.01898397,39.65543928],[142.01898397,39.65543928]],[[142.01692818,39.65542495],[142.01692818,39.65542495]],[[142.01483455,39.65539241],[142.01483455,39.65539241]],[[142.02198545,39.65559244],[142.02198545,39.65559244]],[[142.01660752,39.65548208],[142.01660752,39.65548208]],[[142.02023458,39.6556798],[142.02023458,39.6556798]],[[142.01850628,39.65557205],[142.01850628,39.65557205]],[[142.02060231,39.65575872],[142.02060231,39.65575872]],[[142.01993903,39.65592295],[142.01993903,39.65592295]],[[142.02194254,39.6557951],[142.02194254,39.6557951]],[[142.01711531,39.65571136],[142.01711531,39.65571136]],[[142.0176992,39.65585925],[142.0176992,39.65585925]],[[142.01934331,39.65603695],[142.01934331,39.65603695]],[[142.01804538,39.65611731],[142.01804538,39.65611731]],[[142.02036109,39.65603736],[142.02036109,39.65603736]],[[142.01990235,39.6563175],[142.01990235,39.6563175]],[[142.01806192,39.65638354],[142.01806192,39.65638354]],[[142.02014429,39.65656568],[142.02014429,39.65656568]],[[142.02043423,39.65672295],[142.02043423,39.65672295]],[[142.00550886,39.75173759],[142.00550886,39.75173759]],[[142.0053962,39.75201605],[142.0053962,39.75201605]],[[142.00538533,39.75205103],[142.00538533,39.75205103]],[[142.00546856,39.75238156],[142.00546856,39.75238156]],[[142.0285708,39.41533975],[142.0285708,39.41533975]],[[142.02695248,39.41556544],[142.02695248,39.41556544]],[[142.02786767,39.41561397],[142.02786767,39.41561397]],[[142.02728294,39.41529847],[142.02728294,39.41529847]],[[142.02639613,39.41582705],[142.02639613,39.41582705]],[[142.02613953,39.41575287],[142.02613953,39.41575287]],[[142.02688041,39.41594369],[142.02688041,39.41594369]],[[142.02695397,39.41591267],[142.02695397,39.41591267]],[[142.02642314,39.4160545],[142.02642314,39.4160545]],[[142.02541789,39.41613325],[142.02541789,39.41613325]],[[142.02444594,39.41692841],[142.02444594,39.41692841]],[[142.02447545,39.41759675],[142.02447545,39.41759675]],[[142.02437328,39.47261711],[142.02437328,39.47261711]],[[142.02542639,39.47312795],[142.02542639,39.47312795]],[[142.02508078,39.47315705],[142.02508078,39.47315705]],[[142.02530922,39.47328497],[142.02530922,39.47328497]],[[142.02302603,39.50104584],[142.02302603,39.50104584]],[[142.0252607,39.50423584],[142.0252607,39.50423584]],[[142.02544073,39.50453025],[142.02544073,39.50453025]],[[142.0268283,39.50535651],[142.0268283,39.50535651]],[[142.02677905,39.50541464],[142.02677905,39.50541464]],[[142.02632209,39.50556372],[142.02632209,39.50556372]],[[142.02647272,39.50560705],[142.02647272,39.50560705]],[[142.02680073,39.50576384],[142.02680073,39.50576384]],[[142.02643267,39.50583533],[142.02643267,39.50583533]],[[142.02699161,39.50599211],[142.02699161,39.50599211]],[[142.02621233,39.5065375],[142.02621233,39.5065375]],[[142.02693057,39.50718118],[142.02693057,39.50718118]],[[142.02626776,39.50777753],[142.02626776,39.50777753]],[[142.02682462,39.50782531],[142.02682462,39.50782531]],[[142.02719869,39.50791461],[142.02719869,39.50791461]],[[142.02706053,39.50795413],[142.02706053,39.50795413]],[[142.02704811,39.50810405],[142.02704811,39.50810405]],[[142.02858603,39.50804978],[142.02858603,39.50804978]],[[142.02667283,39.50810961],[142.02667283,39.50810961]],[[142.02730791,39.50807939],[142.02730791,39.50807939]],[[142.02839178,39.50819411],[142.02839178,39.50819411]],[[142.02822983,39.50825141],[142.02822983,39.50825141]],[[142.02734511,39.50833333],[142.02734511,39.50833333]],[[142.02869423,39.50854805],[142.02869423,39.50854805]],[[142.02810297,39.50975139],[142.02810297,39.50975139]],[[142.02777752,39.50991741],[142.02777752,39.50991741]],[[142.02829664,39.51013431],[142.02829664,39.51013431]],[[142.02871625,39.51083625],[142.02871625,39.51083625]],[[142.02845414,39.51104651],[142.02845414,39.51104651]],[[142.02854575,39.51112111],[142.02854575,39.51112111]],[[142.02909861,39.57719397],[142.02909861,39.57719397]],[[142.02852103,39.57726692],[142.02852103,39.57726692]],[[142.02842558,39.57730151],[142.02842558,39.57730151]],[[142.02831428,39.57756459],[142.02831428,39.57756459]],[[142.02788283,39.5777768],[142.02788283,39.5777768]],[[142.02842311,39.57773947],[142.02842311,39.57773947]],[[142.02809815,39.5776795],[142.02809815,39.5776795]],[[142.02767122,39.57991284],[142.02767122,39.57991284]],[[142.02721494,39.58025305],[142.02721494,39.58025305]],[[142.02870844,39.5803032],[142.02870844,39.5803032]],[[142.02733717,39.58037467],[142.02733717,39.58037467]],[[142.02802956,39.58036908],[142.02802956,39.58036908]],[[142.02892876,39.58084244],[142.02892876,39.58084244]],[[142.02870134,39.58183405],[142.02870134,39.58183405]],[[142.02602575,39.60582889],[142.02602575,39.60582889]],[[142.02756927,39.60600192],[142.02756927,39.60600192]],[[142.02627389,39.60616736],[142.02627389,39.60616736]],[[142.02656445,39.60634605],[142.02656445,39.60634605]],[[142.0263808,39.6064335],[142.0263808,39.6064335]],[[142.02787113,39.60733118],[142.02787113,39.60733118]],[[142.02745336,39.6079432],[142.02745336,39.6079432]],[[142.02781331,39.60831061],[142.02781331,39.60831061]],[[142.02799087,39.60844397],[142.02799087,39.60844397]],[[142.02910205,39.60871636],[142.02910205,39.60871636]],[[142.02846886,39.60889564],[142.02846886,39.60889564]],[[142.02655123,39.61294947],[142.02655123,39.61294947]],[[142.02555355,39.61294205],[142.02555355,39.61294205]],[[142.02559477,39.61308503],[142.02559477,39.61308503]],[[142.02911355,39.61316892],[142.02911355,39.61316892]],[[142.02407847,39.61322505],[142.02407847,39.61322505]],[[142.02903717,39.61325672],[142.02903717,39.61325672]],[[142.02439416,39.6137955],[142.02439416,39.6137955]],[[142.02614922,39.61397278],[142.02614922,39.61397278]],[[142.02585575,39.61400075],[142.02585575,39.61400075]],[[142.02358647,39.61431513],[142.02358647,39.61431513]],[[142.02378838,39.61527856],[142.02378838,39.61527856]],[[142.02370236,39.61553228],[142.02370236,39.61553228]],[[142.02558674,39.61605203],[142.02558674,39.61605203]],[[142.02544803,39.6160912],[142.02544803,39.6160912]],[[142.02506625,39.61630814],[142.02506625,39.61630814]],[[142.02562167,39.61662805],[142.02562167,39.61662805]],[[142.0242682,39.61688217],[142.0242682,39.61688217]],[[142.02548492,39.61699886],[142.02548492,39.61699886]],[[142.0261037,39.61717625],[142.0261037,39.61717625]],[[142.02376219,39.61721036],[142.02376219,39.61721036]],[[142.02433377,39.61709975],[142.02433377,39.61709975]],[[142.02514025,39.6174652],[142.02514025,39.6174652]],[[142.02589733,39.61771917],[142.02589733,39.61771917]],[[142.02396042,39.61853608],[142.02396042,39.61853608]],[[142.02529761,39.61867397],[142.02529761,39.61867397]],[[142.02506377,39.61949703],[142.02506377,39.61949703]],[[142.02443311,39.61962078],[142.02443311,39.61962078]],[[142.02623489,39.61978459],[142.02623489,39.61978459]],[[142.02498361,39.61976889],[142.02498361,39.61976889]],[[142.02588881,39.61972014],[142.02588881,39.61972014]],[[142.02516136,39.62000584],[142.02516136,39.62000584]],[[142.0254593,39.61998675],[142.0254593,39.61998675]],[[142.02508864,39.61997686],[142.02508864,39.61997686]],[[142.02362036,39.62000544],[142.02362036,39.62000544]],[[142.024269,39.62006121],[142.024269,39.62006121]],[[142.02553988,39.62116003],[142.02553988,39.62116003]],[[142.02652606,39.62141832],[142.02652606,39.62141832]],[[142.02482372,39.62141131],[142.02482372,39.62141131]],[[142.02597119,39.62165695],[142.02597119,39.62165695]],[[142.02614713,39.62228475],[142.02614713,39.62228475]],[[142.02478844,39.6220382],[142.02478844,39.6220382]],[[142.02432776,39.62289114],[142.02432776,39.62289114]],[[142.02631545,39.62393317],[142.02631545,39.62393317]],[[142.02440808,39.62419277],[142.02440808,39.62419277]],[[142.02350842,39.62416525],[142.02350842,39.62416525]],[[142.02661389,39.62430175],[142.02661389,39.62430175]],[[142.02519844,39.624394],[142.02519844,39.624394]],[[142.02438348,39.6244755],[142.02438348,39.6244755]],[[142.02555861,39.6247416],[142.02555861,39.6247416]],[[142.02386012,39.62474623],[142.02386012,39.62474623]],[[142.02402387,39.62470384],[142.02402387,39.62470384]],[[142.02407934,39.62497177],[142.02407934,39.62497177]],[[142.02558545,39.62720086],[142.02558545,39.62720086]],[[142.02445936,39.627972],[142.02445936,39.627972]],[[142.02378486,39.62870833],[142.02378486,39.62870833]],[[142.02713756,39.62993892],[142.02713756,39.62993892]],[[142.02679178,39.63012684],[142.02679178,39.63012684]],[[142.02712805,39.63007761],[142.02712805,39.63007761]],[[142.02907562,39.63112144],[142.02907562,39.63112144]],[[142.0285263,39.63198477],[142.0285263,39.63198477]],[[142.02895275,39.63194913],[142.02895275,39.63194913]],[[142.02721742,39.63234205],[142.02721742,39.63234205]],[[142.02687241,39.63251367],[142.02687241,39.63251367]],[[142.02750821,39.63247957],[142.02750821,39.63247957]],[[142.02637175,39.63299584],[142.02637175,39.63299584]],[[142.02811376,39.6330444],[142.02811376,39.6330444]],[[142.02928445,39.63302172],[142.02928445,39.63302172]],[[142.02860519,39.633164],[142.02860519,39.633164]],[[142.02779329,39.63298987],[142.02779329,39.63298987]],[[142.02630716,39.63313476],[142.02630716,39.63313476]],[[142.02671402,39.63326119],[142.02671402,39.63326119]],[[142.02844706,39.63334336],[142.02844706,39.63334336]],[[142.02885467,39.6335465],[142.02885467,39.6335465]],[[142.0266951,39.63337343],[142.0266951,39.63337343]],[[142.0269821,39.6333449],[142.0269821,39.6333449]],[[142.02879606,39.63364644],[142.02879606,39.63364644]],[[142.02852875,39.63377089],[142.02852875,39.63377089]],[[142.02919538,39.63409984],[142.02919538,39.63409984]],[[142.02596179,39.63453363],[142.02596179,39.63453363]],[[142.02650769,39.63473816],[142.02650769,39.63473816]],[[142.025911,39.63472313],[142.025911,39.63472313]],[[142.02682468,39.63478588],[142.02682468,39.63478588]],[[142.02427384,39.63490908],[142.02427384,39.63490908]],[[142.02638274,39.6349912],[142.02638274,39.6349912]],[[142.02664684,39.63497813],[142.02664684,39.63497813]],[[142.0261735,39.6350174],[142.0261735,39.6350174]],[[142.02458086,39.63515047],[142.02458086,39.63515047]],[[142.0251265,39.63675113],[142.0251265,39.63675113]],[[142.02556577,39.63691913],[142.02556577,39.63691913]],[[142.02877278,39.63749192],[142.02877278,39.63749192]],[[142.02817837,39.63736653],[142.02817837,39.63736653]],[[142.02812886,39.63764536],[142.02812886,39.63764536]],[[142.02819409,39.63788086],[142.02819409,39.63788086]],[[142.02828959,39.63843444],[142.02828959,39.63843444]],[[142.0277363,39.63875108],[142.0277363,39.63875108]],[[142.02717189,39.63859717],[142.02717189,39.63859717]],[[142.02671825,39.64003472],[142.02671825,39.64003472]],[[142.02796061,39.640243],[142.02796061,39.640243]],[[142.02658433,39.64043736],[142.02658433,39.64043736]],[[142.026924,39.64048936],[142.026924,39.64048936]],[[142.02509025,39.64081489],[142.02509025,39.64081489]],[[142.02794047,39.64092128],[142.02794047,39.64092128]],[[142.0255462,39.64132075],[142.0255462,39.64132075]],[[142.02717875,39.64292556],[142.02717875,39.64292556]],[[142.02713467,39.64309951],[142.02713467,39.64309951]],[[142.02557558,39.64345267],[142.02557558,39.64345267]],[[142.02670728,39.64403217],[142.02670728,39.64403217]],[[142.02699361,39.64463895],[142.02699361,39.64463895]],[[142.02755704,39.64471305],[142.02755704,39.64471305]],[[142.02911058,39.64485495],[142.02911058,39.64485495]],[[142.02812691,39.64488472],[142.02812691,39.64488472]],[[142.02774847,39.64495787],[142.02774847,39.64495787]],[[142.02929022,39.64532689],[142.02929022,39.64532689]],[[142.02792333,39.64538292],[142.02792333,39.64538292]],[[142.02876895,39.64543475],[142.02876895,39.64543475]],[[142.0285515,39.64541367],[142.0285515,39.64541367]],[[142.02891008,39.64553933],[142.02891008,39.64553933]],[[142.02831645,39.64577556],[142.02831645,39.64577556]],[[142.02820597,39.64622147],[142.02820597,39.64622147]],[[142.02852808,39.64589328],[142.02852808,39.64589328]],[[142.02832875,39.64657736],[142.02832875,39.64657736]],[[142.02889027,39.64697347],[142.02889027,39.64697347]],[[142.0291837,39.64687444],[142.0291837,39.64687444]],[[142.02854521,39.6469493],[142.02854521,39.6469493]],[[142.02816415,39.64704716],[142.02816415,39.64704716]],[[142.02901284,39.64739187],[142.02901284,39.64739187]],[[142.02895873,39.64741666],[142.02895873,39.64741666]],[[142.02896857,39.64746718],[142.02896857,39.64746718]],[[142.02760779,39.64758179],[142.02760779,39.64758179]],[[142.02910536,39.64767725],[142.02910536,39.64767725]],[[142.02759908,39.6477187],[142.02759908,39.6477187]],[[142.02508256,39.6481242],[142.02508256,39.6481242]],[[142.02733064,39.64805067],[142.02733064,39.64805067]],[[142.02539988,39.64815508],[142.02539988,39.64815508]],[[142.02523205,39.64827356],[142.02523205,39.64827356]],[[142.02463569,39.64846153],[142.02463569,39.64846153]],[[142.02476586,39.64907303],[142.02476586,39.64907303]],[[142.02462185,39.64935356],[142.02462185,39.64935356]],[[142.02492484,39.64948278],[142.02492484,39.64948278]],[[142.025164,39.64950761],[142.025164,39.64950761]],[[142.0250255,39.64980267],[142.0250255,39.64980267]],[[142.02559672,39.64990677],[142.02559672,39.64990677]],[[142.02731763,39.65011924],[142.02731763,39.65011924]],[[142.02793538,39.65023233],[142.02793538,39.65023233]],[[142.02779012,39.65030823],[142.02779012,39.65030823]],[[142.02796628,39.65042989],[142.02796628,39.65042989]],[[142.02776406,39.65037225],[142.02776406,39.65037225]],[[142.0284063,39.65039141],[142.0284063,39.65039141]],[[142.02819472,39.65049511],[142.02819472,39.65049511]],[[142.02772981,39.6505488],[142.02772981,39.6505488]],[[142.02799292,39.65059005],[142.02799292,39.65059005]],[[142.02633908,39.65052444],[142.02633908,39.65052444]],[[142.0291176,39.65066584],[142.0291176,39.65066584]],[[142.02638925,39.65062356],[142.02638925,39.65062356]],[[142.0275108,39.65080189],[142.0275108,39.65080189]],[[142.02817728,39.65083487],[142.02817728,39.65083487]],[[142.02807287,39.65098311],[142.02807287,39.65098311]],[[142.0273863,39.65096161],[142.0273863,39.65096161]],[[142.02651073,39.65112059],[142.02651073,39.65112059]],[[142.02834338,39.65096817],[142.02834338,39.65096817]],[[142.0279165,39.65106425],[142.0279165,39.65106425]],[[142.02774969,39.65118964],[142.02774969,39.65118964]],[[142.02816167,39.65120692],[142.02816167,39.65120692]],[[142.02736127,39.651213],[142.02736127,39.651213]],[[142.02771776,39.65129608],[142.02771776,39.65129608]],[[142.02421511,39.65124736],[142.02421511,39.65124736]],[[142.02815978,39.65140231],[142.02815978,39.65140231]],[[142.02780154,39.65141969],[142.02780154,39.65141969]],[[142.02486348,39.65146817],[142.02486348,39.65146817]],[[142.02376333,39.65148367],[142.02376333,39.65148367]],[[142.02448805,39.65188211],[142.02448805,39.65188211]],[[142.0285785,39.65196797],[142.0285785,39.65196797]],[[142.02456458,39.65206336],[142.02456458,39.65206336]],[[142.02418122,39.65304205],[142.02418122,39.65304205]],[[142.02439263,39.65309933],[142.02439263,39.65309933]],[[142.02467975,39.65301614],[142.02467975,39.65301614]],[[142.02454686,39.65323728],[142.02454686,39.65323728]],[[142.02456314,39.65334411],[142.02456314,39.65334411]],[[142.02507888,39.65344097],[142.02507888,39.65344097]],[[142.02449272,39.65352525],[142.02449272,39.65352525]],[[142.02572497,39.65359961],[142.02572497,39.65359961]],[[142.0258515,39.65359869],[142.0258515,39.65359869]],[[142.02629034,39.65378197],[142.02629034,39.65378197]],[[142.0253915,39.65401559],[142.0253915,39.65401559]],[[142.02627538,39.65418017],[142.02627538,39.65418017]],[[142.02631083,39.65411451],[142.02631083,39.65411451]],[[142.02664575,39.65437964],[142.02664575,39.65437964]],[[142.0266407,39.65466128],[142.0266407,39.65466128]],[[142.0267845,39.65472331],[142.0267845,39.65472331]],[[142.02674956,39.65469608],[142.02674956,39.65469608]],[[142.02658983,39.65497039],[142.02658983,39.65497039]],[[142.02496997,39.65522733],[142.02496997,39.65522733]],[[142.02557825,39.65552553],[142.02557825,39.65552553]],[[142.02489403,39.65573017],[142.02489403,39.65573017]],[[142.02620635,39.6559472],[142.02620635,39.6559472]],[[142.02497122,39.65599805],[142.02497122,39.65599805]],[[142.02311294,39.6559312],[142.02311294,39.6559312]],[[142.02460122,39.6559978],[142.02460122,39.6559978]],[[142.02611202,39.65609967],[142.02611202,39.65609967]],[[142.02307484,39.65606686],[142.02307484,39.65606686]],[[142.02339742,39.65611564],[142.02339742,39.65611564]],[[142.026542,39.65608436],[142.026542,39.65608436]],[[142.0233245,39.65614539],[142.0233245,39.65614539]],[[142.02521331,39.65611025],[142.02521331,39.65611025]],[[142.02580445,39.65612228],[142.02580445,39.65612228]],[[142.02357934,39.65630047],[142.02357934,39.65630047]],[[142.02662314,39.65623547],[142.02662314,39.65623547]],[[142.02459139,39.65625903],[142.02459139,39.65625903]],[[142.02567445,39.65615333],[142.02567445,39.65615333]],[[142.02533589,39.65639489],[142.02533589,39.65639489]],[[142.02611645,39.65643028],[142.02611645,39.65643028]],[[142.02289616,39.65662211],[142.02289616,39.65662211]],[[142.02351406,39.65671359],[142.02351406,39.65671359]],[[142.02944503,39.41519836],[142.02944503,39.41519836]],[[142.03138964,39.41680395],[142.03138964,39.41680395]],[[142.03078436,39.4168908],[142.03078436,39.4168908]],[[142.0331375,39.41786117],[142.0331375,39.41786117]],[[142.03664051,39.42123853],[142.03664051,39.42123853]],[[142.03089163,39.47782451],[142.03089163,39.47782451]],[[142.0309715,39.47784467],[142.0309715,39.47784467]],[[142.03036486,39.47835228],[142.03036486,39.47835228]],[[142.03051761,39.47842808],[142.03051761,39.47842808]],[[142.03071175,39.47849823],[142.03071175,39.47849823]],[[142.03150034,39.47859622],[142.03150034,39.47859622]],[[142.03194849,39.47873059],[142.03194849,39.47873059]],[[142.03140287,39.4786872],[142.03140287,39.4786872]],[[142.03175345,39.47870153],[142.03175345,39.47870153]],[[142.03118027,39.47888433],[142.03118027,39.47888433]],[[142.03196017,39.47891559],[142.03196017,39.47891559]],[[142.03187959,39.47893369],[142.03187959,39.47893369]],[[142.03181872,39.47919411],[142.03181872,39.47919411]],[[142.03199895,39.47934717],[142.03199895,39.47934717]],[[142.0326907,39.48047859],[142.0326907,39.48047859]],[[142.03247606,39.48069211],[142.03247606,39.48069211]],[[142.03268766,39.4807228],[142.03268766,39.4807228]],[[142.03332869,39.48116197],[142.03332869,39.48116197]],[[142.03391501,39.48120861],[142.03391501,39.48120861]],[[142.03420328,39.48205514],[142.03420328,39.48205514]],[[142.03411949,39.48209744],[142.03411949,39.48209744]],[[142.03498497,39.48233108],[142.03498497,39.48233108]],[[142.03467302,39.48289387],[142.03467302,39.48289387]],[[142.0361285,39.48342303],[142.0361285,39.48342303]],[[142.036279,39.48351641],[142.036279,39.48351641]],[[142.02933789,39.50909277],[142.02933789,39.50909277]],[[142.02925025,39.5099422],[142.02925025,39.5099422]],[[142.03023584,39.51127533],[142.03023584,39.51127533]],[[142.030138,39.51136784],[142.030138,39.51136784]],[[142.03019805,39.51139895],[142.03019805,39.51139895]],[[142.03110722,39.51169844],[142.03110722,39.51169844]],[[142.02935258,39.51154986],[142.02935258,39.51154986]],[[142.029221,39.51173597],[142.029221,39.51173597]],[[142.02940263,39.51185228],[142.02940263,39.51185228]],[[142.03128436,39.51339911],[142.03128436,39.51339911]],[[142.03105639,39.51337713],[142.03105639,39.51337713]],[[142.03082961,39.51338336],[142.03082961,39.51338336]],[[142.0300445,39.51358439],[142.0300445,39.51358439]],[[142.03068128,39.51366331],[142.03068128,39.51366331]],[[142.02912297,39.51368331],[142.02912297,39.51368331]],[[142.02937597,39.51371367],[142.02937597,39.51371367]],[[142.03020516,39.51381125],[142.03020516,39.51381125]],[[142.02961674,39.51393467],[142.02961674,39.51393467]],[[142.0316028,39.51409292],[142.0316028,39.51409292]],[[142.03207569,39.514298],[142.03207569,39.514298]],[[142.0306038,39.51419095],[142.0306038,39.51419095]],[[142.03110056,39.51459431],[142.03110056,39.51459431]],[[142.03100195,39.51460787],[142.03100195,39.51460787]],[[142.03069241,39.51467059],[142.03069241,39.51467059]],[[142.030127,39.5147598],[142.030127,39.5147598]],[[142.02981014,39.51498459],[142.02981014,39.51498459]],[[142.03057708,39.51510675],[142.03057708,39.51510675]],[[142.02988073,39.51536386],[142.02988073,39.51536386]],[[142.02953447,39.51569341],[142.02953447,39.51569341]],[[142.02970508,39.51615436],[142.02970508,39.51615436]],[[142.03162789,39.51622817],[142.03162789,39.51622817]],[[142.03164377,39.51629447],[142.03164377,39.51629447]],[[142.03173355,39.51644884],[142.03173355,39.51644884]],[[142.03129392,39.51664999],[142.03129392,39.51664999]],[[142.03091309,39.51684787],[142.03091309,39.51684787]],[[142.03047608,39.51712141],[142.03047608,39.51712141]],[[142.03016523,39.51706705],[142.03016523,39.51706705]],[[142.03033725,39.51716392],[142.03033725,39.51716392]],[[142.0305083,39.51741428],[142.0305083,39.51741428]],[[142.03123253,39.51759803],[142.03123253,39.51759803]],[[142.03037545,39.51752589],[142.03037545,39.51752589]],[[142.03179355,39.51776917],[142.03179355,39.51776917]],[[142.03097759,39.51782097],[142.03097759,39.51782097]],[[142.03160475,39.51786036],[142.03160475,39.51786036]],[[142.03076825,39.51828225],[142.03076825,39.51828225]],[[142.0336628,39.51844361],[142.0336628,39.51844361]],[[142.03345073,39.51848797],[142.03345073,39.51848797]],[[142.03198425,39.51880125],[142.03198425,39.51880125]],[[142.03110297,39.51879636],[142.03110297,39.51879636]],[[142.03109131,39.51902492],[142.03109131,39.51902492]],[[142.03132567,39.51901908],[142.03132567,39.51901908]],[[142.03231584,39.51903889],[142.03231584,39.51903889]],[[142.03173119,39.51902625],[142.03173119,39.51902625]],[[142.03277689,39.51934577],[142.03277689,39.51934577]],[[142.03181528,39.5194518],[142.03181528,39.5194518]],[[142.032481,39.51950113],[142.032481,39.51950113]],[[142.03235302,39.51965305],[142.03235302,39.51965305]],[[142.03268852,39.51973364],[142.03268852,39.51973364]],[[142.03269508,39.51966772],[142.03269508,39.51966772]],[[142.03190789,39.51992131],[142.03190789,39.51992131]],[[142.03227464,39.52008569],[142.03227464,39.52008569]],[[142.03157416,39.52007256],[142.03157416,39.52007256]],[[142.03236472,39.52009639],[142.03236472,39.52009639]],[[142.03242492,39.52021511],[142.03242492,39.52021511]],[[142.03090643,39.52031399],[142.03090643,39.52031399]],[[142.03277506,39.52035544],[142.03277506,39.52035544]],[[142.03111425,39.52398187],[142.03111425,39.52398187]],[[142.031034,39.524342],[142.031034,39.524342]],[[142.03217025,39.5245325],[142.03217025,39.5245325]],[[142.03224027,39.52468887],[142.03224027,39.52468887]],[[142.03252436,39.52474592],[142.03252436,39.52474592]],[[142.03202073,39.52480569],[142.03202073,39.52480569]],[[142.03190725,39.52516069],[142.03190725,39.52516069]],[[142.0324945,39.52518851],[142.0324945,39.52518851]],[[142.03253905,39.52551203],[142.03253905,39.52551203]],[[142.03242772,39.5255865],[142.03242772,39.5255865]],[[142.03222584,39.52566811],[142.03222584,39.52566811]],[[142.0325583,39.52576656],[142.0325583,39.52576656]],[[142.03270917,39.52630022],[142.03270917,39.52630022]],[[142.03284744,39.52628005],[142.03284744,39.52628005]],[[142.03297939,39.52634303],[142.03297939,39.52634303]],[[142.03257519,39.52668659],[142.03257519,39.52668659]],[[142.0334127,39.52758951],[142.0334127,39.52758951]],[[142.03305584,39.52799347],[142.03305584,39.52799347]],[[142.03326365,39.5283482],[142.03326365,39.5283482]],[[142.03314489,39.52838925],[142.03314489,39.52838925]],[[142.03376591,39.52872214],[142.03376591,39.52872214]],[[142.03642519,39.53091022],[142.03642519,39.53091022]],[[142.03655767,39.53094236],[142.03655767,39.53094236]],[[142.03651292,39.53095172],[142.03651292,39.53095172]],[[142.03419433,39.57452323],[142.03419433,39.57452323]],[[142.03414336,39.57463069],[142.03414336,39.57463069]],[[142.03460883,39.5763924],[142.03460883,39.5763924]],[[142.03651995,39.57673589],[142.03651995,39.57673589]],[[142.03487525,39.57690405],[142.03487525,39.57690405]],[[142.03650914,39.57691264],[142.03650914,39.57691264]],[[142.03581375,39.57696514],[142.03581375,39.57696514]],[[142.03513186,39.57707056],[142.03513186,39.57707056]],[[142.034947,39.57708895],[142.034947,39.57708895]],[[142.0301265,39.57697784],[142.0301265,39.57697784]],[[142.0304528,39.57712797],[142.0304528,39.57712797]],[[142.03511124,39.57720425],[142.03511124,39.57720425]],[[142.0357892,39.57718636],[142.0357892,39.57718636]],[[142.03006195,39.58135772],[142.03006195,39.58135772]],[[142.03007759,39.58153644],[142.03007759,39.58153644]],[[142.02979872,39.58269008],[142.02979872,39.58269008]],[[142.03024589,39.58307136],[142.03024589,39.58307136]],[[142.03075351,39.58329366],[142.03075351,39.58329366]],[[142.02999078,39.58536869],[142.02999078,39.58536869]],[[142.029839,39.58549141],[142.029839,39.58549141]],[[142.02982983,39.58550033],[142.02982983,39.58550033]],[[142.03015389,39.58638477],[142.03015389,39.58638477]],[[142.03173384,39.58666897],[142.03173384,39.58666897]],[[142.03158662,39.58674461],[142.03158662,39.58674461]],[[142.03147975,39.58695569],[142.03147975,39.58695569]],[[142.03162501,39.58783897],[142.03162501,39.58783897]],[[142.03178564,39.58797872],[142.03178564,39.58797872]],[[142.03184287,39.58796986],[142.03184287,39.58796986]],[[142.03202591,39.58865433],[142.03202591,39.58865433]],[[142.03206217,39.5886645],[142.03206217,39.5886645]],[[142.03211523,39.58877664],[142.03211523,39.58877664]],[[142.03199173,39.58883861],[142.03199173,39.58883861]],[[142.03224036,39.58875617],[142.03224036,39.58875617]],[[142.03226947,39.58887195],[142.03226947,39.58887195]],[[142.0319793,39.58890253],[142.0319793,39.58890253]],[[142.03233053,39.58895608],[142.03233053,39.58895608]],[[142.03204834,39.58898331],[142.03204834,39.58898331]],[[142.03219639,39.58908853],[142.03219639,39.58908853]],[[142.0320093,39.58921784],[142.0320093,39.58921784]],[[142.03215211,39.58926328],[142.03215211,39.58926328]],[[142.03047973,39.58961056],[142.03047973,39.58961056]],[[142.029607,39.59050011],[142.029607,39.59050011]],[[142.02946481,39.59093861],[142.02946481,39.59093861]],[[142.02941122,39.59099789],[142.02941122,39.59099789]],[[142.02957739,39.59148625],[142.02957739,39.59148625]],[[142.02962497,39.59148425],[142.02962497,39.59148425]],[[142.02953895,39.59149792],[142.02953895,39.59149792]],[[142.0304609,39.59247284],[142.0304609,39.59247284]],[[142.03096547,39.59239217],[142.03096547,39.59239217]],[[142.03102467,39.59316644],[142.03102467,39.59316644]],[[142.03106611,39.59322647],[142.03106611,39.59322647]],[[142.03140186,39.59640177],[142.03140186,39.59640177]],[[142.03089217,39.59643108],[142.03089217,39.59643108]],[[142.03104287,39.59640008],[142.03104287,39.59640008]],[[142.03160725,39.59646975],[142.03160725,39.59646975]],[[142.03207549,39.59654211],[142.03207549,39.59654211]],[[142.03195634,39.59656063],[142.03195634,39.59656063]],[[142.03135611,39.59653105],[142.03135611,39.59653105]],[[142.03178687,39.59660399],[142.03178687,39.59660399]],[[142.03164275,39.59662556],[142.03164275,39.59662556]],[[142.03338236,39.59676884],[142.03338236,39.59676884]],[[142.03289672,39.59672108],[142.03289672,39.59672108]],[[142.03269575,39.59678105],[142.03269575,39.59678105]],[[142.03526547,39.59695726],[142.03526547,39.59695726]],[[142.03518972,39.5971073],[142.03518972,39.5971073]],[[142.03606462,39.59731875],[142.03606462,39.59731875]],[[142.03581154,39.59756348],[142.03581154,39.59756348]],[[142.03648253,39.59775225],[142.03648253,39.59775225]],[[142.0346208,39.59789447],[142.0346208,39.59789447]],[[142.03590467,39.59792623],[142.03590467,39.59792623]],[[142.03637581,39.59810403],[142.03637581,39.59810403]],[[142.03603842,39.59822092],[142.03603842,39.59822092]],[[142.03236253,39.59828017],[142.03236253,39.59828017]],[[142.03291528,39.59828311],[142.03291528,39.59828311]],[[142.03595161,39.59839836],[142.03595161,39.59839836]],[[142.03310747,39.59834859],[142.03310747,39.59834859]],[[142.03569186,39.598358],[142.03569186,39.598358]],[[142.0331807,39.5983672],[142.0331807,39.5983672]],[[142.03665661,39.59839141],[142.03665661,39.59839141]],[[142.03259419,39.59843369],[142.03259419,39.59843369]],[[142.03636852,39.59851105],[142.03636852,39.59851105]],[[142.03373394,39.59841292],[142.03373394,39.59841292]],[[142.03614562,39.59852787],[142.03614562,39.59852787]],[[142.03319859,39.59858158],[142.03319859,39.59858158]],[[142.03681608,39.59852361],[142.03681608,39.59852361]],[[142.035757,39.59869897],[142.035757,39.59869897]],[[142.03611684,39.59864084],[142.03611684,39.59864084]],[[142.03655708,39.59871608],[142.03655708,39.59871608]],[[142.03656283,39.59900751],[142.03656283,39.59900751]],[[142.03665934,39.59898733],[142.03665934,39.59898733]],[[142.03560053,39.59894875],[142.03560053,39.59894875]],[[142.03306294,39.59919484],[142.03306294,39.59919484]],[[142.03589183,39.59946636],[142.03589183,39.59946636]],[[142.0360937,39.59961839],[142.0360937,39.59961839]],[[142.03595601,39.59962133],[142.03595601,39.59962133]],[[142.03284556,39.59874303],[142.03284556,39.59874303]],[[142.03640403,39.59973533],[142.03640403,39.59973533]],[[142.03574361,39.59976189],[142.03574361,39.59976189]],[[142.03664516,39.59980886],[142.03664516,39.59980886]],[[142.03656492,39.59987461],[142.03656492,39.59987461]],[[142.03618686,39.59996925],[142.03618686,39.59996925]],[[142.0361307,39.60005522],[142.0361307,39.60005522]],[[142.03598633,39.60019786],[142.03598633,39.60019786]],[[142.03528375,39.60023728],[142.03528375,39.60023728]],[[142.03579189,39.60029228],[142.03579189,39.60029228]],[[142.03115995,39.60887197],[142.03115995,39.60887197]],[[142.0308835,39.60900092],[142.0308835,39.60900092]],[[142.03250861,39.60903082],[142.03250861,39.60903082]],[[142.03430044,39.60907275],[142.03430044,39.60907275]],[[142.03056095,39.60899433],[142.03056095,39.60899433]],[[142.03070209,39.60909567],[142.03070209,39.60909567]],[[142.03411183,39.60914136],[142.03411183,39.60914136]],[[142.03380966,39.60921753],[142.03380966,39.60921753]],[[142.03387655,39.60919892],[142.03387655,39.60919892]],[[142.03425689,39.60927964],[142.03425689,39.60927964]],[[142.03460881,39.60940897],[142.03460881,39.60940897]],[[142.03378373,39.60982588],[142.03378373,39.60982588]],[[142.03622064,39.60991613],[142.03622064,39.60991613]],[[142.03409761,39.60994928],[142.03409761,39.60994928]],[[142.03429219,39.6098682],[142.03429219,39.6098682]],[[142.03363379,39.61009695],[142.03363379,39.61009695]],[[142.03357808,39.61012939],[142.03357808,39.61012939]],[[142.03298222,39.61021941],[142.03298222,39.61021941]],[[142.03285425,39.61023992],[142.03285425,39.61023992]],[[142.03333333,39.61027495],[142.03333333,39.61027495]],[[142.03293322,39.61031423],[142.03293322,39.61031423]],[[142.03355562,39.61059503],[142.03355562,39.61059503]],[[142.03140089,39.61058125],[142.03140089,39.61058125]],[[142.03205661,39.61067508],[142.03205661,39.61067508]],[[142.03301309,39.61098103],[142.03301309,39.61098103]],[[142.03153667,39.61114225],[142.03153667,39.61114225]],[[142.0344862,39.61120153],[142.0344862,39.61120153]],[[142.03182047,39.61116211],[142.03182047,39.61116211]],[[142.03523263,39.61123389],[142.03523263,39.61123389]],[[142.03185372,39.61119323],[142.03185372,39.61119323]],[[142.03316805,39.61137764],[142.03316805,39.61137764]],[[142.03223451,39.6114559],[142.03223451,39.6114559]],[[142.03146971,39.61150712],[142.03146971,39.61150712]],[[142.03147061,39.6122612],[142.03147061,39.6122612]],[[142.0317047,39.61313969],[142.0317047,39.61313969]],[[142.0319735,39.61324969],[142.0319735,39.61324969]],[[142.03121811,39.61348953],[142.03121811,39.61348953]],[[142.0294391,39.61345544],[142.0294391,39.61345544]],[[142.03193042,39.61349264],[142.03193042,39.61349264]],[[142.03090562,39.61385205],[142.03090562,39.61385205]],[[142.02963908,39.61357939],[142.02963908,39.61357939]],[[142.029887,39.61382022],[142.029887,39.61382022]],[[142.03197633,39.61384569],[142.03197633,39.61384569]],[[142.0324593,39.62293008],[142.0324593,39.62293008]],[[142.02972014,39.63178539],[142.02972014,39.63178539]],[[142.02943745,39.63200961],[142.02943745,39.63200961]],[[142.02963639,39.63209008],[142.02963639,39.63209008]],[[142.02920214,39.63378136],[142.02920214,39.63378136]],[[142.02986589,39.63729664],[142.02986589,39.63729664]],[[142.02997136,39.63735311],[142.02997136,39.63735311]],[[142.02904431,39.6373078],[142.02904431,39.6373078]],[[142.02956158,39.63727484],[142.02956158,39.63727484]],[[142.02933192,39.64555605],[142.02933192,39.64555605]],[[142.02965061,39.64596467],[142.02965061,39.64596467]],[[142.02969805,39.64618874],[142.02969805,39.64618874]],[[142.02945122,39.64634764],[142.02945122,39.64634764]],[[142.02968965,39.64638356],[142.02968965,39.64638356]],[[142.02933623,39.64778053],[142.02933623,39.64778053]],[[142.03051022,39.65078641],[142.03051022,39.65078641]],[[142.0378518,39.41986241],[142.0378518,39.41986241]],[[142.03972058,39.41964425],[142.03972058,39.41964425]],[[142.03715302,39.42174556],[142.03715302,39.42174556]],[[142.03896275,39.42278872],[142.03896275,39.42278872]],[[142.03937789,39.42398361],[142.03937789,39.42398361]],[[142.03892888,39.42426633],[142.03892888,39.42426633]],[[142.03873795,39.42418633],[142.03873795,39.42418633]],[[142.04123158,39.42504456],[142.04123158,39.42504456]],[[142.04341275,39.42533995],[142.04341275,39.42533995]],[[142.04432689,39.42536636],[142.04432689,39.42536636]],[[142.04387616,39.42536844],[142.04387616,39.42536844]],[[142.04242236,39.42538584],[142.04242236,39.42538584]],[[142.0433218,39.42547511],[142.0433218,39.42547511]],[[142.04142805,39.42569414],[142.04142805,39.42569414]],[[142.04313581,39.42745259],[142.04313581,39.42745259]],[[142.04329419,39.42767831],[142.04329419,39.42767831]],[[142.04531092,39.42856059],[142.04531092,39.42856059]],[[142.0446615,39.42869272],[142.0446615,39.42869272]],[[142.04274214,39.42906895],[142.04274214,39.42906895]],[[142.04408014,39.42896559],[142.04408014,39.42896559]],[[142.04299586,39.42905811],[142.04299586,39.42905811]],[[142.04418267,39.42928608],[142.04418267,39.42928608]],[[142.04332192,39.42951644],[142.04332192,39.42951644]],[[142.04370097,39.42957989],[142.04370097,39.42957989]],[[142.04401555,39.43063628],[142.04401555,39.43063628]],[[142.04181997,39.43287028],[142.04181997,39.43287028]],[[142.04188849,39.43388508],[142.04188849,39.43388508]],[[142.04023372,39.43415495],[142.04023372,39.43415495]],[[142.04057817,39.43429205],[142.04057817,39.43429205]],[[142.0410738,39.43488259],[142.0410738,39.43488259]],[[142.03882319,39.43645244],[142.03882319,39.43645244]],[[142.03833345,39.43653147],[142.03833345,39.43653147]],[[142.03870214,39.43693705],[142.03870214,39.43693705]],[[142.03887625,39.43738022],[142.03887625,39.43738022]],[[142.03917481,39.43746864],[142.03917481,39.43746864]],[[142.03923403,39.437649],[142.03923403,39.437649]],[[142.04043538,39.43870608],[142.04043538,39.43870608]],[[142.04069905,39.43879839],[142.04069905,39.43879839]],[[142.04311552,39.44060361],[142.04311552,39.44060361]],[[142.04303708,39.44055461],[142.04303708,39.44055461]],[[142.04324856,39.44064439],[142.04324856,39.44064439]],[[142.04165403,39.44195678],[142.04165403,39.44195678]],[[142.04180659,39.44266375],[142.04180659,39.44266375]],[[142.03950428,39.4426962],[142.03950428,39.4426962]],[[142.04075575,39.44297631],[142.04075575,39.44297631]],[[142.04121358,39.4431845],[142.04121358,39.4431845]],[[142.03973795,39.44339187],[142.03973795,39.44339187]],[[142.04013375,39.443588],[142.04013375,39.443588]],[[142.03929642,39.4439342],[142.03929642,39.4439342]],[[142.03925842,39.44404728],[142.03925842,39.44404728]],[[142.03956477,39.44437844],[142.03956477,39.44437844]],[[142.03896859,39.4450332],[142.03896859,39.4450332]],[[142.03810635,39.44520931],[142.03810635,39.44520931]],[[142.03833572,39.4454348],[142.03833572,39.4454348]],[[142.03916309,39.44595705],[142.03916309,39.44595705]],[[142.04310558,39.44711933],[142.04310558,39.44711933]],[[142.04290167,39.44758778],[142.04290167,39.44758778]],[[142.04363167,39.44764397],[142.04363167,39.44764397]],[[142.04283492,39.44800075],[142.04283492,39.44800075]],[[142.0428893,39.44804811],[142.0428893,39.44804811]],[[142.04270031,39.44831877],[142.04270031,39.44831877]],[[142.04395317,39.44866513],[142.04395317,39.44866513]],[[142.04367849,39.44859736],[142.04367849,39.44859736]],[[142.04364244,39.44873603],[142.04364244,39.44873603]],[[142.04421403,39.44892895],[142.04421403,39.44892895]],[[142.04647447,39.44950395],[142.04647447,39.44950395]],[[142.04860528,39.44949089],[142.04860528,39.44949089]],[[142.04615953,39.44976728],[142.04615953,39.44976728]],[[142.04587864,39.4497358],[142.04587864,39.4497358]],[[142.04636669,39.44975386],[142.04636669,39.44975386]],[[142.04645708,39.44985353],[142.04645708,39.44985353]],[[142.04631633,39.4498178],[142.04631633,39.4498178]],[[142.04647988,39.44989708],[142.04647988,39.44989708]],[[142.05031528,39.45374833],[142.05031528,39.45374833]],[[142.04958319,39.45381808],[142.04958319,39.45381808]],[[142.04973017,39.45384411],[142.04973017,39.45384411]],[[142.04979533,39.45816831],[142.04979533,39.45816831]],[[142.04982694,39.45820878],[142.04982694,39.45820878]],[[142.05035073,39.45865295],[142.05035073,39.45865295]],[[142.05270034,39.45878893],[142.05270034,39.45878893]],[[142.05226494,39.46015717],[142.05226494,39.46015717]],[[142.05228139,39.47716231],[142.05228139,39.47716231]],[[142.0511273,39.47753947],[142.0511273,39.47753947]],[[142.05064433,39.47803714],[142.05064433,39.47803714]],[[142.05019613,39.47832441],[142.05019613,39.47832441]],[[142.05058895,39.47854808],[142.05058895,39.47854808]],[[142.05203053,39.47859803],[142.05203053,39.47859803]],[[142.05117228,39.4787715],[142.05117228,39.4787715]],[[142.05057852,39.47877708],[142.05057852,39.47877708]],[[142.04983442,39.47935136],[142.04983442,39.47935136]],[[142.0495517,39.47946897],[142.0495517,39.47946897]],[[142.04963791,39.47951456],[142.04963791,39.47951456]],[[142.04932501,39.48020692],[142.04932501,39.48020692]],[[142.0498238,39.48065611],[142.0498238,39.48065611]],[[142.04977659,39.48073533],[142.04977659,39.48073533]],[[142.04945375,39.48077869],[142.04945375,39.48077869]],[[142.05008125,39.48076222],[142.05008125,39.48076222]],[[142.05276153,39.48074875],[142.05276153,39.48074875]],[[142.04976261,39.48085347],[142.04976261,39.48085347]],[[142.05090161,39.48087328],[142.05090161,39.48087328]],[[142.05049678,39.4810282],[142.05049678,39.4810282]],[[142.05217834,39.4808408],[142.05217834,39.4808408]],[[142.05049003,39.4810472],[142.05049003,39.4810472]],[[142.05241338,39.481187],[142.05241338,39.481187]],[[142.05214949,39.48124572],[142.05214949,39.48124572]],[[142.05243384,39.48163367],[142.05243384,39.48163367]],[[142.05139464,39.48181028],[142.05139464,39.48181028]],[[142.05099219,39.48188828],[142.05099219,39.48188828]],[[142.05119095,39.48199464],[142.05119095,39.48199464]],[[142.03890506,39.48197144],[142.03890506,39.48197144]],[[142.05112717,39.48210295],[142.05112717,39.48210295]],[[142.05106039,39.48209987],[142.05106039,39.48209987]],[[142.05120455,39.482195],[142.05120455,39.482195]],[[142.04733031,39.48224605],[142.04733031,39.48224605]],[[142.03909844,39.48236784],[142.03909844,39.48236784]],[[142.04052817,39.48246128],[142.04052817,39.48246128]],[[142.05157947,39.48251769],[142.05157947,39.48251769]],[[142.04750458,39.48253608],[142.04750458,39.48253608]],[[142.04667197,39.48254217],[142.04667197,39.48254217]],[[142.05157425,39.48262459],[142.05157425,39.48262459]],[[142.04019891,39.48259089],[142.04019891,39.48259089]],[[142.037423,39.48262444],[142.037423,39.48262444]],[[142.04679394,39.48279959],[142.04679394,39.48279959]],[[142.05176283,39.48284022],[142.05176283,39.48284022]],[[142.04314847,39.48280678],[142.04314847,39.48280678]],[[142.05121003,39.48290833],[142.05121003,39.48290833]],[[142.04008639,39.48289356],[142.04008639,39.48289356]],[[142.04108139,39.48289961],[142.04108139,39.48289961]],[[142.04280633,39.4830722],[142.04280633,39.4830722]],[[142.04263039,39.48308725],[142.04263039,39.48308725]],[[142.04301095,39.48316823],[142.04301095,39.48316823]],[[142.05120597,39.48341569],[142.05120597,39.48341569]],[[142.04933669,39.48368133],[142.04933669,39.48368133]],[[142.05170481,39.48405756],[142.05170481,39.48405756]],[[142.05169372,39.48409561],[142.05169372,39.48409561]],[[142.05123331,39.48453684],[142.05123331,39.48453684]],[[142.05020575,39.48463144],[142.05020575,39.48463144]],[[142.05127464,39.48467359],[142.05127464,39.48467359]],[[142.05034964,39.48474244],[142.05034964,39.48474244]],[[142.05048086,39.4847898],[142.05048086,39.4847898]],[[142.05030239,39.48480744],[142.05030239,39.48480744]],[[142.05077528,39.48498697],[142.05077528,39.48498697]],[[142.05185183,39.52394608],[142.05185183,39.52394608]],[[142.05263694,39.5244975],[142.05263694,39.5244975]],[[142.05282175,39.52467947],[142.05282175,39.52467947]],[[142.05233922,39.52470753],[142.05233922,39.52470753]],[[142.05265297,39.52477141],[142.05265297,39.52477141]],[[142.05261022,39.52505417],[142.05261022,39.52505417]],[[142.052671,39.5250638],[142.052671,39.5250638]],[[142.05248283,39.52506459],[142.05248283,39.52506459]],[[142.05177883,39.5252462],[142.05177883,39.5252462]],[[142.0519583,39.52532572],[142.0519583,39.52532572]],[[142.05120803,39.5254015],[142.05120803,39.5254015]],[[142.05195294,39.5254182],[142.05195294,39.5254182]],[[142.05187044,39.5254042],[142.05187044,39.5254042]],[[142.05194661,39.52547628],[142.05194661,39.52547628]],[[142.05129233,39.52553331],[142.05129233,39.52553331]],[[142.05161922,39.52563003],[142.05161922,39.52563003]],[[142.05067747,39.52567117],[142.05067747,39.52567117]],[[142.05156367,39.52575287],[142.05156367,39.52575287]],[[142.05008527,39.52578005],[142.05008527,39.52578005]],[[142.05068533,39.52579439],[142.05068533,39.52579439]],[[142.05104891,39.52589408],[142.05104891,39.52589408]],[[142.05096961,39.52588897],[142.05096961,39.52588897]],[[142.05047872,39.52589933],[142.05047872,39.52589933]],[[142.0506309,39.52589441],[142.0506309,39.52589441]],[[142.0506008,39.52599553],[142.0506008,39.52599553]],[[142.05030064,39.52612414],[142.05030064,39.52612414]],[[142.04990399,39.52621097],[142.04990399,39.52621097]],[[142.04969083,39.52654551],[142.04969083,39.52654551]],[[142.04993501,39.52657969],[142.04993501,39.52657969]],[[142.04952503,39.52666864],[142.04952503,39.52666864]],[[142.0498625,39.5269185],[142.0498625,39.5269185]],[[142.04910694,39.52689831],[142.04910694,39.52689831]],[[142.04967859,39.52694941],[142.04967859,39.52694941]],[[142.04956552,39.52698917],[142.04956552,39.52698917]],[[142.04929817,39.52725931],[142.04929817,39.52725931]],[[142.04956003,39.52729511],[142.04956003,39.52729511]],[[142.04941647,39.5274672],[142.04941647,39.5274672]],[[142.04929501,39.52766467],[142.04929501,39.52766467]],[[142.04892742,39.52790314],[142.04892742,39.52790314]],[[142.04742694,39.52806817],[142.04742694,39.52806817]],[[142.04855027,39.52834584],[142.04855027,39.52834584]],[[142.04704128,39.52851141],[142.04704128,39.52851141]],[[142.04847791,39.52849936],[142.04847791,39.52849936]],[[142.04742484,39.52852803],[142.04742484,39.52852803]],[[142.04843995,39.52862308],[142.04843995,39.52862308]],[[142.04208603,39.52871959],[142.04208603,39.52871959]],[[142.04173061,39.52890875],[142.04173061,39.52890875]],[[142.04683289,39.52890072],[142.04683289,39.52890072]],[[142.04709815,39.52892433],[142.04709815,39.52892433]],[[142.0467472,39.52915625],[142.0467472,39.52915625]],[[142.04142464,39.52915361],[142.04142464,39.52915361]],[[142.04717586,39.52927905],[142.04717586,39.52927905]],[[142.04724353,39.52929061],[142.04724353,39.52929061]],[[142.04713883,39.52958505],[142.04713883,39.52958505]],[[142.04710361,39.52962614],[142.04710361,39.52962614]],[[142.04699975,39.52966553],[142.04699975,39.52966553]],[[142.04175075,39.52963528],[142.04175075,39.52963528]],[[142.04708053,39.52974897],[142.04708053,39.52974897]],[[142.04702847,39.52975889],[142.04702847,39.52975889]],[[142.04653319,39.53002672],[142.04653319,39.53002672]],[[142.05247089,39.53002836],[142.05247089,39.53002836]],[[142.03973214,39.53007617],[142.03973214,39.53007617]],[[142.04122567,39.53009047],[142.04122567,39.53009047]],[[142.05271436,39.53010895],[142.05271436,39.53010895]],[[142.05285458,39.53013936],[142.05285458,39.53013936]],[[142.0407962,39.53015608],[142.0407962,39.53015608]],[[142.04600949,39.53017189],[142.04600949,39.53017189]],[[142.03981231,39.53025908],[142.03981231,39.53025908]],[[142.04608492,39.53030208],[142.04608492,39.53030208]],[[142.04586211,39.53028439],[142.04586211,39.53028439]],[[142.04075185,39.53029561],[142.04075185,39.53029561]],[[142.04571694,39.53037797],[142.04571694,39.53037797]],[[142.04594616,39.5303898],[142.04594616,39.5303898]],[[142.04093908,39.53037267],[142.04093908,39.53037267]],[[142.04578041,39.53055603],[142.04578041,39.53055603]],[[142.04577394,39.53059914],[142.04577394,39.53059914]],[[142.04563307,39.53057881],[142.04563307,39.53057881]],[[142.03940667,39.53056631],[142.03940667,39.53056631]],[[142.0400485,39.53072692],[142.0400485,39.53072692]],[[142.04528888,39.53087928],[142.04528888,39.53087928]],[[142.04238414,39.53098592],[142.04238414,39.53098592]],[[142.045169,39.53092892],[142.045169,39.53092892]],[[142.04524139,39.53093131],[142.04524139,39.53093131]],[[142.03932306,39.53098395],[142.03932306,39.53098395]],[[142.04215934,39.53104833],[142.04215934,39.53104833]],[[142.04380683,39.53104461],[142.04380683,39.53104461]],[[142.04443947,39.53117836],[142.04443947,39.53117836]],[[142.04438674,39.53119559],[142.04438674,39.53119559]],[[142.04461708,39.53119659],[142.04461708,39.53119659]],[[142.03895431,39.5311373],[142.03895431,39.5311373]],[[142.04397399,39.53122051],[142.04397399,39.53122051]],[[142.04366703,39.5312998],[142.04366703,39.5312998]],[[142.05161925,39.53233375],[142.05161925,39.53233375]],[[142.03806355,39.57321241],[142.03806355,39.57321241]],[[142.05090453,39.57322764],[142.05090453,39.57322764]],[[142.05085956,39.5733508],[142.05085956,39.5733508]],[[142.044387,39.57357239],[142.044387,39.57357239]],[[142.03724423,39.5737055],[142.03724423,39.5737055]],[[142.04732586,39.57401305],[142.04732586,39.57401305]],[[142.04736995,39.57423778],[142.04736995,39.57423778]],[[142.04545294,39.57426239],[142.04545294,39.57426239]],[[142.0495127,39.57439003],[142.0495127,39.57439003]],[[142.04547956,39.57446108],[142.04547956,39.57446108]],[[142.04520436,39.57445136],[142.04520436,39.57445136]],[[142.04474686,39.57452711],[142.04474686,39.57452711]],[[142.04935645,39.57456064],[142.04935645,39.57456064]],[[142.04727034,39.57458625],[142.04727034,39.57458625]],[[142.04836525,39.57457417],[142.04836525,39.57457417]],[[142.05277331,39.57471031],[142.05277331,39.57471031]],[[142.03828859,39.57468036],[142.03828859,39.57468036]],[[142.04958008,39.57452922],[142.04958008,39.57452922]],[[142.04561958,39.57471572],[142.04561958,39.57471572]],[[142.04500027,39.57482305],[142.04500027,39.57482305]],[[142.03880864,39.57492359],[142.03880864,39.57492359]],[[142.0386393,39.57499739],[142.0386393,39.57499739]],[[142.03853175,39.57520495],[142.03853175,39.57520495]],[[142.04929258,39.57508841],[142.04929258,39.57508841]],[[142.04540861,39.57512917],[142.04540861,39.57512917]],[[142.03869691,39.57530033],[142.03869691,39.57530033]],[[142.04640326,39.57519584],[142.04640326,39.57519584]],[[142.04495555,39.57559725],[142.04495555,39.57559725]],[[142.04486837,39.57578317],[142.04486837,39.57578317]],[[142.04461686,39.57580589],[142.04461686,39.57580589]],[[142.0372582,39.57702341],[142.0372582,39.57702341]],[[142.04380328,39.58371364],[142.04380328,39.58371364]],[[142.03749708,39.59790587],[142.03749708,39.59790587]],[[142.03751805,39.59806741],[142.03751805,39.59806741]],[[142.03737136,39.59811477],[142.03737136,39.59811477]],[[142.03760503,39.59834259],[142.03760503,39.59834259]],[[142.03679161,39.59836228],[142.03679161,39.59836228]],[[142.03677533,39.59839623],[142.03677533,39.59839623]],[[142.03762635,39.59847911],[142.03762635,39.59847911]],[[142.03707377,39.59854689],[142.03707377,39.59854689]],[[142.03673761,39.59873961],[142.03673761,39.59873961]],[[142.03873384,39.59887286],[142.03873384,39.59887286]],[[142.03953889,39.59930569],[142.03953889,39.59930569]],[[142.03742664,39.6103152],[142.03742664,39.6103152]],[[142.03774492,39.61035631],[142.03774492,39.61035631]],[[142.03686856,39.61070811],[142.03686856,39.61070811]],[[142.03720341,39.61087425],[142.03720341,39.61087425]],[[142.03712538,39.61093451],[142.03712538,39.61093451]],[[142.03739469,39.61089092],[142.03739469,39.61089092]],[[142.05308861,39.45894556],[142.05308861,39.45894556]],[[142.05539433,39.45923833],[142.05539433,39.45923833]],[[142.05338611,39.45972833],[142.05338611,39.45972833]],[[142.05307189,39.46029272],[142.05307189,39.46029272]],[[142.05478942,39.46093405],[142.05478942,39.46093405]],[[142.05421834,39.46095059],[142.05421834,39.46095059]],[[142.05402795,39.46104159],[142.05402795,39.46104159]],[[142.05464017,39.461111],[142.05464017,39.461111]],[[142.05420905,39.46120353],[142.05420905,39.46120353]],[[142.05780469,39.46117705],[142.05780469,39.46117705]],[[142.05433064,39.46137977],[142.05433064,39.46137977]],[[142.05517811,39.46146564],[142.05517811,39.46146564]],[[142.05469411,39.4614512],[142.05469411,39.4614512]],[[142.05655878,39.46152869],[142.05655878,39.46152869]],[[142.05525005,39.46169322],[142.05525005,39.46169322]],[[142.0553007,39.46385747],[142.0553007,39.46385747]],[[142.05568124,39.46432033],[142.05568124,39.46432033]],[[142.05637711,39.46454011],[142.05637711,39.46454011]],[[142.06032117,39.46463644],[142.06032117,39.46463644]],[[142.05758419,39.46479395],[142.05758419,39.46479395]],[[142.05953209,39.46482592],[142.05953209,39.46482592]],[[142.05800012,39.46472111],[142.05800012,39.46472111]],[[142.05930044,39.46489069],[142.05930044,39.46489069]],[[142.060349,39.46495125],[142.060349,39.46495125]],[[142.05767328,39.46495053],[142.05767328,39.46495053]],[[142.05770253,39.46512777],[142.05770253,39.46512777]],[[142.05833333,39.46516131],[142.05833333,39.46516131]],[[142.05761272,39.46528697],[142.05761272,39.46528697]],[[142.05720969,39.46532636],[142.05720969,39.46532636]],[[142.05811986,39.46556608],[142.05811986,39.46556608]],[[142.05971847,39.46744011],[142.05971847,39.46744011]],[[142.05963124,39.46751661],[142.05963124,39.46751661]],[[142.05671613,39.47376592],[142.05671613,39.47376592]],[[142.05672642,39.47398731],[142.05672642,39.47398731]],[[142.05564973,39.47442072],[142.05564973,39.47442072]],[[142.05471377,39.47527753],[142.05471377,39.47527753]],[[142.05419752,39.47554625],[142.05419752,39.47554625]],[[142.05642778,39.47562389],[142.05642778,39.47562389]],[[142.05567065,39.47575815],[142.05567065,39.47575815]],[[142.05295105,39.48099223],[142.05295105,39.48099223]],[[142.05316503,39.4810578],[142.05316503,39.4810578]],[[142.05917667,39.51914],[142.05917667,39.51914]],[[142.05843667,39.51979722],[142.05843667,39.51979722]],[[142.05728834,39.520485],[142.05728834,39.520485]],[[142.05768428,39.52068661],[142.05768428,39.52068661]],[[142.05646856,39.52071175],[142.05646856,39.52071175]],[[142.05707433,39.52095525],[142.05707433,39.52095525]],[[142.05639601,39.52183269],[142.05639601,39.52183269]],[[142.05638511,39.52187523],[142.05638511,39.52187523]],[[142.05729528,39.52203256],[142.05729528,39.52203256]],[[142.05446477,39.5220462],[142.05446477,39.5220462]],[[142.05473664,39.52232077],[142.05473664,39.52232077]],[[142.05711056,39.52225059],[142.05711056,39.52225059]],[[142.05876222,39.52223528],[142.05876222,39.52223528]],[[142.05702628,39.52249739],[142.05702628,39.52249739]],[[142.05709078,39.52254147],[142.05709078,39.52254147]],[[142.056983,39.52259592],[142.056983,39.52259592]],[[142.0581845,39.52260741],[142.0581845,39.52260741]],[[142.0541775,39.52281584],[142.0541775,39.52281584]],[[142.05913326,39.52299922],[142.05913326,39.52299922]],[[142.05932314,39.52308341],[142.05932314,39.52308341]],[[142.05901086,39.52304439],[142.05901086,39.52304439]],[[142.05433947,39.52305913],[142.05433947,39.52305913]],[[142.06035944,39.52307556],[142.06035944,39.52307556]],[[142.05460667,39.52310859],[142.05460667,39.52310859]],[[142.05931501,39.52314989],[142.05931501,39.52314989]],[[142.05863105,39.5231792],[142.05863105,39.5231792]],[[142.06000891,39.52332328],[142.06000891,39.52332328]],[[142.05913394,39.52335086],[142.05913394,39.52335086]],[[142.06012516,39.523453],[142.06012516,39.523453]],[[142.05410292,39.52340617],[142.05410292,39.52340617]],[[142.0548435,39.52341567],[142.0548435,39.52341567]],[[142.05921053,39.52340572],[142.05921053,39.52340572]],[[142.05454878,39.52342275],[142.05454878,39.52342275]],[[142.05425358,39.52341475],[142.05425358,39.52341475]],[[142.05419752,39.52343525],[142.05419752,39.52343525]],[[142.06033815,39.52343995],[142.06033815,39.52343995]],[[142.06008759,39.52351105],[142.06008759,39.52351105]],[[142.05440409,39.52370736],[142.05440409,39.52370736]],[[142.05982786,39.52376869],[142.05982786,39.52376869]],[[142.0545472,39.5237572],[142.0545472,39.5237572]],[[142.05468341,39.52380522],[142.05468341,39.52380522]],[[142.05456309,39.52383297],[142.05456309,39.52383297]],[[142.06080798,39.52402577],[142.06080798,39.52402577]],[[142.06007803,39.52417175],[142.06007803,39.52417175]],[[142.05415283,39.5242108],[142.05415283,39.5242108]],[[142.06270414,39.52461925],[142.06270414,39.52461925]],[[142.0623573,39.52470453],[142.0623573,39.52470453]],[[142.0528347,39.52487372],[142.0528347,39.52487372]],[[142.0532035,39.52479339],[142.0532035,39.52479339]],[[142.05304645,39.52476495],[142.05304645,39.52476495]],[[142.0613717,39.52520584],[142.0613717,39.52520584]],[[142.06208283,39.52516769],[142.06208283,39.52516769]],[[142.06284501,39.52530028],[142.06284501,39.52530028]],[[142.06193706,39.52556233],[142.06193706,39.52556233]],[[142.06141706,39.52597225],[142.06141706,39.52597225]],[[142.06236394,39.52598551],[142.06236394,39.52598551]],[[142.06066988,39.52599897],[142.06066988,39.52599897]],[[142.06238047,39.52602567],[142.06238047,39.52602567]],[[142.06220761,39.52609036],[142.06220761,39.52609036]],[[142.06062097,39.52606803],[142.06062097,39.52606803]],[[142.06155253,39.5261752],[142.06155253,39.5261752]],[[142.05940861,39.52623675],[142.05940861,39.52623675]],[[142.05958297,39.52648892],[142.05958297,39.52648892]],[[142.05970744,39.52664272],[142.05970744,39.52664272]],[[142.05864272,39.52718439],[142.05864272,39.52718439]],[[142.05926183,39.52722903],[142.05926183,39.52722903]],[[142.05860183,39.52736597],[142.05860183,39.52736597]],[[142.05812866,39.52758505],[142.05812866,39.52758505]],[[142.0586463,39.5275742],[142.0586463,39.5275742]],[[142.05838236,39.5276448],[142.05838236,39.5276448]],[[142.05923628,39.52766851],[142.05923628,39.52766851]],[[142.05860036,39.52771989],[142.05860036,39.52771989]],[[142.05862114,39.52779011],[142.05862114,39.52779011]],[[142.05790852,39.52785159],[142.05790852,39.52785159]],[[142.05820925,39.52787425],[142.05820925,39.52787425]],[[142.05730672,39.528124],[142.05730672,39.528124]],[[142.05752287,39.5280982],[142.05752287,39.5280982]],[[142.0572935,39.52813836],[142.0572935,39.52813836]],[[142.05786228,39.52819867],[142.05786228,39.52819867]],[[142.05797589,39.52827017],[142.05797589,39.52827017]],[[142.05787577,39.52828436],[142.05787577,39.52828436]],[[142.05656589,39.52838111],[142.05656589,39.52838111]],[[142.05610073,39.52839159],[142.05610073,39.52839159]],[[142.05660185,39.52844189],[142.05660185,39.52844189]],[[142.05629584,39.52848861],[142.05629584,39.52848861]],[[142.05881319,39.52863703],[142.05881319,39.52863703]],[[142.05472555,39.52908359],[142.05472555,39.52908359]],[[142.05727014,39.52919995],[142.05727014,39.52919995]],[[142.05759114,39.52921072],[142.05759114,39.52921072]],[[142.05481392,39.52922067],[142.05481392,39.52922067]],[[142.05421372,39.52951375],[142.05421372,39.52951375]],[[142.05494438,39.52939764],[142.05494438,39.52939764]],[[142.05490869,39.5294788],[142.05490869,39.5294788]],[[142.05561542,39.52956353],[142.05561542,39.52956353]],[[142.0585383,39.52954861],[142.0585383,39.52954861]],[[142.05567433,39.52962651],[142.05567433,39.52962651]],[[142.05522292,39.53078259],[142.05522292,39.53078259]],[[142.05366684,39.53106311],[142.05366684,39.53106311]],[[142.05826886,39.53198164],[142.05826886,39.53198164]],[[142.05813306,39.53202353],[142.05813306,39.53202353]],[[142.0542255,39.53213705],[142.0542255,39.53213705]],[[142.06050608,39.53215451],[142.06050608,39.53215451]],[[142.06061881,39.53214792],[142.06061881,39.53214792]],[[142.06532584,39.53215695],[142.06532584,39.53215695]],[[142.05477761,39.53221331],[142.05477761,39.53221331]],[[142.06060117,39.53222977],[142.06060117,39.53222977]],[[142.06537389,39.53231889],[142.06537389,39.53231889]],[[142.06028642,39.53227095],[142.06028642,39.53227095]],[[142.05514211,39.53243692],[142.05514211,39.53243692]],[[142.05534713,39.53255969],[142.05534713,39.53255969]],[[142.06058423,39.53266133],[142.06058423,39.53266133]],[[142.060713,39.53284697],[142.060713,39.53284697]],[[142.05559214,39.53290553],[142.05559214,39.53290553]],[[142.06281891,39.53326987],[142.06281891,39.53326987]],[[142.06267759,39.53331584],[142.06267759,39.53331584]],[[142.06240309,39.53336936],[142.06240309,39.53336936]],[[142.06287558,39.53360036],[142.06287558,39.53360036]],[[142.06304078,39.53362744],[142.06304078,39.53362744]],[[142.06020214,39.53356836],[142.06020214,39.53356836]],[[142.05975623,39.53357875],[142.05975623,39.53357875]],[[142.06209036,39.53379692],[142.06209036,39.53379692]],[[142.05903156,39.53370592],[142.05903156,39.53370592]],[[142.06167683,39.5336642],[142.06167683,39.5336642]],[[142.05959822,39.53373597],[142.05959822,39.53373597]],[[142.05970942,39.533947],[142.05970942,39.533947]],[[142.06515186,39.53572939],[142.06515186,39.53572939]],[[142.06555167,39.53629584],[142.06555167,39.53629584]],[[142.0664628,39.53725803],[142.0664628,39.53725803]],[[142.06630014,39.53734711],[142.06630014,39.53734711]],[[142.06657567,39.53776528],[142.06657567,39.53776528]],[[142.06918936,39.54030897],[142.06918936,39.54030897]],[[142.07034645,39.54148375],[142.07034645,39.54148375]],[[142.07018616,39.54235005],[142.07018616,39.54235005]],[[142.07023852,39.54256047],[142.07023852,39.54256047]],[[142.07026852,39.54898025],[142.07026852,39.54898025]],[[142.07103022,39.55029408],[142.07103022,39.55029408]],[[142.07000694,39.55022967],[142.07000694,39.55022967]],[[142.07126528,39.55033508],[142.07126528,39.55033508]],[[142.07033333,39.55039517],[142.07033333,39.55039517]],[[142.06977659,39.55077572],[142.06977659,39.55077572]],[[142.06955025,39.55086541],[142.06955025,39.55086541]],[[142.07031706,39.55083544],[142.07031706,39.55083544]],[[142.06962508,39.55094505],[142.06962508,39.55094505]],[[142.07110786,39.55078631],[142.07110786,39.55078631]],[[142.06930859,39.55103497],[142.06930859,39.55103497]],[[142.06943153,39.55124256],[142.06943153,39.55124256]],[[142.06977503,39.55130295],[142.06977503,39.55130295]],[[142.06908066,39.55157414],[142.06908066,39.55157414]],[[142.06953122,39.55318195],[142.06953122,39.55318195]],[[142.07041742,39.55298689],[142.07041742,39.55298689]],[[142.07055039,39.55332036],[142.07055039,39.55332036]],[[142.06902525,39.55475984],[142.06902525,39.55475984]],[[142.07099287,39.55466651],[142.07099287,39.55466651]],[[142.06894403,39.55513875],[142.06894403,39.55513875]],[[142.06896025,39.55519414],[142.06896025,39.55519414]],[[142.06975056,39.55547805],[142.06975056,39.55547805]],[[142.07004861,39.55562944],[142.07004861,39.55562944]],[[142.06840394,39.55678356],[142.06840394,39.55678356]],[[142.06897041,39.55678367],[142.06897041,39.55678367]],[[142.06854828,39.55692967],[142.06854828,39.55692967]],[[142.06850778,39.55704728],[142.06850778,39.55704728]],[[142.0690835,39.55992939],[142.0690835,39.55992939]],[[142.05801358,39.56062539],[142.05801358,39.56062539]],[[142.06002061,39.56153792],[142.06002061,39.56153792]],[[142.05731105,39.56247067],[142.05731105,39.56247067]],[[142.05809669,39.56243859],[142.05809669,39.56243859]],[[142.06201942,39.56246853],[142.06201942,39.56246853]],[[142.06394686,39.56244767],[142.06394686,39.56244767]],[[142.05819061,39.56243211],[142.05819061,39.56243211]],[[142.06616872,39.56248592],[142.06616872,39.56248592]],[[142.0640882,39.56250969],[142.0640882,39.56250969]],[[142.06226151,39.56254289],[142.06226151,39.56254289]],[[142.06395889,39.56260211],[142.06395889,39.56260211]],[[142.06412409,39.56260451],[142.06412409,39.56260451]],[[142.05816092,39.56302628],[142.05816092,39.56302628]],[[142.05820647,39.56308236],[142.05820647,39.56308236]],[[142.06299092,39.56322847],[142.06299092,39.56322847]],[[142.0628245,39.56321439],[142.0628245,39.56321439]],[[142.06447706,39.56344178],[142.06447706,39.56344178]],[[142.06519289,39.563436],[142.06519289,39.563436]],[[142.05834886,39.56342314],[142.05834886,39.56342314]],[[142.05859361,39.56355659],[142.05859361,39.56355659]],[[142.05729533,39.565793],[142.05729533,39.565793]],[[142.05773728,39.56589544],[142.05773728,39.56589544]],[[142.05860944,39.56627528],[142.05860944,39.56627528]],[[142.05922811,39.56642639],[142.05922811,39.56642639]],[[142.05628092,39.56690872],[142.05628092,39.56690872]],[[142.05733494,39.56720567],[142.05733494,39.56720567]],[[142.05656134,39.56736839],[142.05656134,39.56736839]],[[142.05667183,39.56745064],[142.05667183,39.56745064]],[[142.05636292,39.56741533],[142.05636292,39.56741533]],[[142.05731445,39.56732111],[142.05731445,39.56732111]],[[142.05647111,39.56767811],[142.05647111,39.56767811]],[[142.05806306,39.56787305],[142.05806306,39.56787305]],[[142.05603103,39.56792695],[142.05603103,39.56792695]],[[142.05583525,39.56812392],[142.05583525,39.56812392]],[[142.05653328,39.56829572],[142.05653328,39.56829572]],[[142.05746834,39.5686748],[142.05746834,39.5686748]],[[142.05844803,39.56872087],[142.05844803,39.56872087]],[[142.05766966,39.56926944],[142.05766966,39.56926944]],[[142.05944236,39.56923433],[142.05944236,39.56923433]],[[142.05792,39.56940244],[142.05792,39.56940244]],[[142.05794331,39.56958305],[142.05794331,39.56958305]],[[142.0578017,39.56955078],[142.0578017,39.56955078]],[[142.05744961,39.56964267],[142.05744961,39.56964267]],[[142.05867745,39.5702562],[142.05867745,39.5702562]],[[142.05743542,39.57039061],[142.05743542,39.57039061]],[[142.05770995,39.57039584],[142.05770995,39.57039584]],[[142.05742881,39.57045122],[142.05742881,39.57045122]],[[142.057062,39.57052003],[142.057062,39.57052003]],[[142.05832189,39.57071959],[142.05832189,39.57071959]],[[142.05833333,39.57077753],[142.05833333,39.57077753]],[[142.05764438,39.57091678],[142.05764438,39.57091678]],[[142.0581692,39.57093061],[142.0581692,39.57093061]],[[142.05902973,39.57089695],[142.05902973,39.57089695]],[[142.05815,39.57124611],[142.05815,39.57124611]],[[142.06237333,39.57130222],[142.06237333,39.57130222]],[[142.05845339,39.57255569],[142.05845339,39.57255569]],[[142.05666652,39.57283784],[142.05666652,39.57283784]],[[142.05648503,39.57285361],[142.05648503,39.57285361]],[[142.05677017,39.57291969],[142.05677017,39.57291969]],[[142.05651497,39.57288239],[142.05651497,39.57288239]],[[142.05733672,39.57290517],[142.05733672,39.57290517]],[[142.05684253,39.57304367],[142.05684253,39.57304367]],[[142.05728717,39.57305808],[142.05728717,39.57305808]],[[142.05721623,39.57308759],[142.05721623,39.57308759]],[[142.05774925,39.57317805],[142.05774925,39.57317805]],[[142.05852949,39.57334828],[142.05852949,39.57334828]],[[142.05812053,39.57352887],[142.05812053,39.57352887]],[[142.05359445,39.57353486],[142.05359445,39.57353486]],[[142.05541781,39.57470756],[142.05541781,39.57470756]]]}}]}