{"type":"FeatureCollection","name":"熊本県","features":[{"type":"Feature","properties":{"name":"熊本県"},"geometry":{"type":"MultiLineString","coordinates":[[[129.96251083,32.16882416],[129.96251083,32.16882416]],[[129.96145805,32.16879583],[129.96145805,32.16879583]],[[129.96094833,32.16876223],[129.96094833,32.16876223]],[[129.96168306,32.16916223],[129.96168306,32.16916223]],[[129.96016694,32.16902695],[129.96016694,32.16902695]],[[129.96029278,32.16908333],[129.96029278,32.16908333]],[[129.96214639,32.16917916],[129.96214639,32.16917916]],[[129.93987639,32.17463556],[129.93987639,32.17463556]],[[129.93946528,32.17478195],[129.93946528,32.17478195]],[[129.94117555,32.17475389],[129.94117555,32.17475389]],[[129.94069833,32.17485528],[129.94069833,32.17485528]],[[129.93893499,32.17485528],[129.93893499,32.17485528]],[[129.93999555,32.17496805],[129.93999555,32.17496805]],[[129.94027416,32.17501305],[129.94027416,32.17501305]],[[129.94199722,32.17545305],[129.94199722,32.17545305]],[[129.94130778,32.17581389],[129.94130778,32.17581389]],[[129.94147361,32.17593778],[129.94147361,32.17593778]],[[129.94112889,32.17621972],[129.94112889,32.17621972]],[[129.96405639,32.17712222],[129.96405639,32.17712222]],[[129.96353944,32.17704889],[129.96353944,32.17704889]],[[129.96379778,32.17744361],[129.96379778,32.17744361]],[[129.96321445,32.17744361],[129.96321445,32.17744361]],[[129.96353278,32.17778749],[129.96353278,32.17778749]],[[129.95036195,32.177855],[129.95036195,32.177855]],[[129.96265111,32.17802416],[129.96265111,32.17802416]],[[129.95039528,32.17807472],[129.95039528,32.17807472]],[[129.95106472,32.17805777],[129.95106472,32.17805777]],[[129.96365833,32.17812028],[129.96365833,32.17812028]],[[129.96246555,32.17822723],[129.96246555,32.17822723]],[[129.95038195,32.17821583],[129.95038195,32.17821583]],[[129.96238584,32.17862722],[129.96238584,32.17862722]],[[129.9629825,32.17818223],[129.9629825,32.17818223]],[[129.95067361,32.17852028],[129.95067361,32.17852028]],[[129.95036195,32.1787175],[129.95036195,32.1787175]],[[129.95091222,32.17866111],[129.95091222,32.17866111]],[[129.96203472,32.17880778],[129.96203472,32.17880778]],[[129.96255166,32.17882472],[129.96255166,32.17882472]],[[129.95075973,32.17901639],[129.95075973,32.17901639]],[[129.94857917,32.17903861],[129.94857917,32.17903861]],[[129.95044833,32.17903889],[129.95044833,32.17903889]],[[129.96359222,32.17908972],[129.96359222,32.17908972]],[[129.94926833,32.17911749],[129.94926833,32.17911749]],[[129.94863222,32.17911749],[129.94863222,32.17911749]],[[129.94902306,32.17917944],[129.94902306,32.17917944]],[[129.96234611,32.17927],[129.96234611,32.17927]],[[129.94946056,32.17912889],[129.94946056,32.17912889]],[[129.95149555,32.17932083],[129.95149555,32.17932083]],[[129.95105139,32.17940528],[129.95105139,32.17940528]],[[129.96231306,32.17948444],[129.96231306,32.17948444]],[[129.96329389,32.17947861],[129.96329389,32.17947861]],[[129.96248528,32.17974944],[129.96248528,32.17974944]],[[129.94920861,32.18008723],[129.94920861,32.18008723]],[[129.96805973,32.17995833],[129.96805973,32.17995833]],[[129.96341973,32.18014972],[129.96341973,32.18014972]],[[129.96837111,32.18017805],[129.96837111,32.18017805]],[[129.9678475,32.18015],[129.9678475,32.18015]],[[129.96949139,32.18022889],[129.96949139,32.18022889]],[[129.96748306,32.18034139],[129.96748306,32.18034139]],[[129.96176944,32.18055],[129.96176944,32.18055]],[[129.9620475,32.18201583],[129.9620475,32.18201583]],[[129.96221333,32.18198195],[129.96221333,32.18198195]],[[129.96223973,32.18201028],[129.96223973,32.18201028]],[[129.96565361,32.18125472],[129.96477833,32.18712389],[129.97365416,32.17760723],[129.96565361,32.18125472]],[[129.96248499,32.18221333],[129.96248499,32.18221333]],[[129.96432139,32.18246695],[129.96432139,32.18246695]],[[129.96368499,32.18249528],[129.96368499,32.18249528]],[[129.96430805,32.18273749],[129.96430805,32.18273749]],[[129.96348611,32.18285028],[129.96348611,32.18285028]],[[129.96304861,32.18437805],[129.96304861,32.18437805]],[[129.96256472,32.18437249],[129.96256472,32.18437249]],[[129.96302195,32.18454723],[129.96302195,32.18454723]],[[129.96339333,32.18460361],[129.96339333,32.18460361]],[[129.96950445,32.18472777],[129.96950445,32.18472777]],[[129.96335361,32.18480667],[129.96335361,32.18480667]],[[129.96959722,32.18484639],[129.96959722,32.18484639]],[[129.96288944,32.18498695],[129.96288944,32.18498695]],[[129.96250499,32.18511667],[129.96250499,32.18511667]],[[129.96821861,32.1852575],[129.96821861,32.1852575]],[[129.96275027,32.18517861],[129.96275027,32.18517861]],[[129.96232611,32.18542667],[129.96232611,32.18542667]],[[129.96258445,32.18551139],[129.96258445,32.18551139]],[[129.96833112,32.18541556],[129.96833112,32.18541556]],[[129.96272361,32.18645861],[129.96272361,32.18645861]],[[129.96221333,32.18652611],[129.96221333,32.18652611]],[[129.96228611,32.18677416],[129.96228611,32.18677416]],[[129.96355195,32.18712389],[129.96355195,32.18712389]],[[129.96513639,32.18716889],[129.96513639,32.18716889]],[[129.96485139,32.18729861],[129.96485139,32.18729861]],[[129.96723083,32.18736639],[129.96723083,32.18736639]],[[129.96742923,32.18737165],[129.96742923,32.18737165]],[[129.96711139,32.18748472],[129.96711139,32.18748472]],[[129.96174278,32.18759167],[129.96174278,32.18759167]],[[129.96733027,32.18755805],[129.96733027,32.18755805]],[[129.96009222,32.18760861],[129.96009222,32.18760861]],[[129.96136472,32.18808223],[129.96136472,32.18808223]],[[129.96880126,32.19878498],[129.96880126,32.19878498]],[[129.9692125,32.19922833],[129.9692125,32.19922833]],[[129.96931861,32.19957805],[129.96931861,32.19957805]],[[129.96890111,32.19944833],[129.96890111,32.19944833]],[[129.96988833,32.20001195],[129.96988833,32.20001195]],[[129.96904027,32.19998389],[129.96904027,32.19998389]],[[129.96964973,32.20031667],[129.96964973,32.20031667]],[[129.96882139,32.200215],[129.96882139,32.200215]],[[129.96921222,32.20029389],[129.96921222,32.20029389]],[[129.96968278,32.20051389],[129.96968278,32.20051389]],[[129.96890111,32.2005025],[129.96890111,32.2005025]],[[129.96875528,32.20046889],[129.96875528,32.20046889]],[[129.96979555,32.20129195],[129.96979555,32.20129195]],[[129.96900667,32.20185028],[129.96900667,32.20185028]],[[129.96972944,32.20193472],[129.96972944,32.20193472]],[[129.96708416,32.24165833],[129.96708416,32.24165833]],[[129.96678584,32.24186667],[129.96678584,32.24186667]],[[129.96671944,32.24225556],[129.96671944,32.24225556]],[[129.97002694,32.24228972],[129.97002694,32.24228972]],[[129.96713722,32.24243028],[129.96713722,32.24243028]],[[129.96898639,32.24247556],[129.96898639,32.24247556]],[[129.96881389,32.24271222],[129.96881389,32.24271222]],[[129.96991416,32.24741444],[129.96991416,32.24741444]],[[129.96998027,32.24751028],[129.96998027,32.24751028]],[[129.96054278,32.32086833],[129.96054278,32.32086833]],[[129.96091416,32.32114472],[129.96091416,32.32114472]],[[129.96098056,32.32133083],[129.96098056,32.32133083]],[[129.96081472,32.32184389],[129.96081472,32.32184389]],[[129.96166105,32.32298792],[129.96166105,32.32298792]],[[129.96523222,32.34353167],[129.96523222,32.34353167]],[[129.96511944,32.34382222],[129.96511944,32.34382222]],[[129.96650611,32.34425305],[129.96650611,32.34425305]],[[129.96596472,32.34415416],[129.96596472,32.34415416]],[[129.96556,32.34416695],[129.96556,32.34416695]],[[129.96567805,32.34426749],[129.96567805,32.34426749]],[[129.96721139,32.34436611],[129.96721139,32.34436611]],[[129.96533416,32.3443925],[129.96533416,32.3443925]],[[129.96595722,32.34447333],[129.96595722,32.34447333]],[[129.96589861,32.34489805],[129.96589861,32.34489805]],[[129.96721445,32.34489639],[129.96721445,32.34489639]],[[129.96657166,32.34500972],[129.96657166,32.34500972]],[[129.96687973,32.34566083],[129.96687973,32.34566083]],[[129.97403278,32.14324],[129.97403278,32.14324]],[[129.97460889,32.14343722],[129.97460889,32.14343722]],[[129.97398,32.14349361],[129.97398,32.14349361]],[[129.97445,32.14353861],[129.97445,32.14353861]],[[129.97463555,32.14357805],[129.97463555,32.14357805]],[[129.97350306,32.14372472],[129.97350306,32.14372472]],[[129.97313888,32.14381444],[129.97313888,32.14381444]],[[129.9728675,32.14396083],[129.9728675,32.14396083]],[[129.97232445,32.14421444],[129.97232445,32.14421444]],[[129.9718875,32.14445111],[129.9718875,32.14445111]],[[129.97098722,32.14461444],[129.97098722,32.14461444]],[[129.97152333,32.14637805],[129.97152333,32.14637805]],[[129.97129166,32.14654695],[129.97129166,32.14654695]],[[129.9706625,32.14654139],[129.9706625,32.14654139]],[[129.97092722,32.14682861],[129.97092722,32.14682861]],[[129.9716225,32.14602889],[129.9716225,32.14602889]],[[129.97181472,32.14725695],[129.97181472,32.14725695]],[[129.97217889,32.14727944],[129.97217889,32.14727944]],[[129.97150333,32.14742028],[129.97150333,32.14742028]],[[129.97205973,32.14753861],[129.97205973,32.14753861]],[[129.97280778,32.14854723],[129.97280778,32.14854723]],[[129.97414528,32.14986556],[129.97414528,32.14986556]],[[129.97248973,32.14995],[129.97248973,32.14995]],[[129.97440333,32.15006833],[129.97440333,32.15006833]],[[129.97339694,32.15007972],[129.97339694,32.15007972]],[[129.97291361,32.15023749],[129.97291361,32.15023749]],[[129.97228445,32.15034444],[129.97228445,32.15034444]],[[129.97287389,32.15045167],[129.97287389,32.15045167]],[[129.97395306,32.15058667],[129.97395306,32.15058667]],[[129.97368833,32.15060361],[129.97368833,32.15060361]],[[129.97334389,32.15060361],[129.97334389,32.15060361]],[[129.97358888,32.15095861],[129.97358888,32.15095861]],[[129.97443,32.1513925],[129.97443,32.1513925]],[[129.97398694,32.15170916],[129.97398694,32.15170916]],[[129.9749725,32.15335861],[129.9749725,32.15335861]],[[129.97466139,32.15357833],[129.97466139,32.15357833]],[[129.97494611,32.15364611],[129.97494611,32.15364611]],[[129.97335584,32.17578611],[129.97335584,32.17578611]],[[129.97318361,32.17642333],[129.97318361,32.17642333]],[[129.97246083,32.17646277],[129.97246083,32.17646277]],[[129.97327639,32.17668278],[129.97327639,32.17668278]],[[129.97344195,32.17680111],[129.97344195,32.17680111]],[[129.97254722,32.17693083],[129.97254722,32.17693083]],[[129.97186445,32.17707695],[129.97186445,32.17707695]],[[129.97146027,32.17717861],[129.97146027,32.17717861]],[[129.97057195,32.17821611],[129.97057195,32.17821611]],[[129.9701875,32.17885889],[129.9701875,32.17885889]],[[129.97360778,32.17868972],[129.97360778,32.17868972]],[[129.97043944,32.17897139],[129.97043944,32.17897139]],[[129.97348166,32.17911805],[129.97348166,32.17911805]],[[129.97412472,32.17962556],[129.97412472,32.17962556]],[[129.97398555,32.17959167],[129.97398555,32.17959167]],[[129.97245445,32.18184139],[129.97245445,32.18184139]],[[129.97145333,32.18325639],[129.97145333,32.18325639]],[[129.97156611,32.18327333],[129.97156611,32.18327333]],[[129.97159333,32.18333528],[129.97159333,32.18333528]],[[129.97149973,32.18449111],[129.97149973,32.18449111]],[[129.97145333,32.18484639],[129.97145333,32.18484639]],[[129.97055833,32.18491972],[129.97055833,32.18491972]],[[129.97183111,32.18508305],[129.97183111,32.18508305]],[[129.9727125,32.18584416],[129.9727125,32.18584416]],[[129.97007389,32.19984305],[129.97007389,32.19984305]],[[129.97037889,32.20066056],[129.97037889,32.20066056]],[[129.97069056,32.2007225],[129.97069056,32.2007225]],[[129.97110139,32.20088028],[129.97110139,32.20088028]],[[129.97010722,32.20080139],[129.97010722,32.20080139]],[[129.97059778,32.20092556],[129.97059778,32.20092556]],[[129.97023306,32.20105528],[129.97023306,32.20105528]],[[129.97191694,32.20121305],[129.97191694,32.20121305]],[[129.97295722,32.20133695],[129.97295722,32.20133695]],[[129.97248,32.20132583],[129.97248,32.20132583]],[[129.97053805,32.20239139],[129.97053805,32.20239139]],[[129.97051139,32.20263389],[129.97051139,32.20263389]],[[129.97360027,32.20266195],[129.97360027,32.20266195]],[[129.97071027,32.20328195],[129.97071027,32.20328195]],[[129.97356056,32.20360916],[129.97485306,32.20801778],[129.97356056,32.20360916]],[[129.97088944,32.20478749],[129.97088944,32.20478749]],[[129.97043195,32.20515389],[129.97043195,32.20515389]],[[129.97165805,32.20524416],[129.97165805,32.20524416]],[[129.97236722,32.20700889],[129.97236722,32.20700889]],[[129.9725,32.20747667],[129.9725,32.20747667]],[[129.97287778,32.20763444],[129.97287778,32.20763444]],[[129.97290416,32.20787695],[129.97290416,32.20787695]],[[129.97318278,32.20787111],[129.97318278,32.20787111]],[[129.9735075,32.20802361],[129.9735075,32.20802361]],[[129.97299694,32.20804028],[129.97299694,32.20804028]],[[129.97435337,32.20951215],[129.97435337,32.20951215]],[[129.97204888,32.23865333],[129.97204888,32.23865333]],[[129.97149861,32.23874916],[129.97149861,32.23874916]],[[129.97201584,32.23897472],[129.97201584,32.23897472]],[[129.97224112,32.23892972],[129.97224112,32.23892972]],[[129.9716775,32.23903111],[129.9716775,32.23903111]],[[129.9720025,32.23921139],[129.9720025,32.23921139]],[[129.97219472,32.23929611],[129.97219472,32.23929611]],[[129.97206222,32.23941444],[129.97206222,32.23941444]],[[129.97238667,32.23940889],[129.97238667,32.23940889]],[[129.97125333,32.23947083],[129.97125333,32.23947083]],[[129.97164445,32.23965695],[129.97164445,32.23965695]],[[129.97227416,32.23977528],[129.97227416,32.23977528]],[[129.97217507,32.23972542],[129.97217507,32.23972542]],[[129.97240834,32.23975978],[129.97240834,32.23975978]],[[129.97316222,32.23984861],[129.97316222,32.23984861]],[[129.97399083,32.23997277],[129.97399083,32.23997277]],[[129.9727975,32.23993305],[129.9727975,32.23993305]],[[129.97491222,32.23998944],[129.97491222,32.23998944]],[[129.97259888,32.24002333],[129.97259888,32.24002333]],[[129.97409027,32.24004028],[129.97409027,32.24004028]],[[129.97431555,32.2401925],[129.97431555,32.2401925]],[[129.97102139,32.24145528],[129.97102139,32.24145528]],[[129.97063694,32.24156805],[129.97063694,32.24156805]],[[129.97028555,32.24179916],[129.97028555,32.24179916]],[[129.97066306,32.24872777],[129.97066306,32.24872777]],[[129.97039139,32.24899277],[129.97039139,32.24899277]],[[129.97093499,32.24953972],[129.97093499,32.24953972]],[[129.97129761,32.25],[129.97129761,32.25]],[[129.97099445,32.25009223],[129.97099445,32.25009223]],[[129.97151139,32.25078583],[129.97151139,32.25078583]],[[129.97241278,32.25176111],[129.97241278,32.25176111]],[[129.97221389,32.25226277],[129.97221389,32.25226277]],[[129.97254555,32.25224],[129.97254555,32.25224]],[[129.97283056,32.25258416],[129.97283056,32.25258416]],[[129.97338722,32.25273639],[129.97338722,32.25273639]],[[129.97380472,32.25304083],[129.97380472,32.25304083]],[[129.97335389,32.25330583],[129.97335389,32.25330583]],[[129.97292569,32.25336708],[129.97292569,32.25336708]],[[129.97400083,32.25415723],[129.97400083,32.25415723]],[[129.97421973,32.25424723],[129.97421973,32.25424723]],[[129.97393445,32.25433195],[129.97393445,32.25433195]],[[129.97418667,32.25443333],[129.97418667,32.25443333]],[[129.97394112,32.25444472],[129.97394112,32.25444472]],[[129.97466416,32.25647416],[129.97466416,32.25647416]],[[129.97494917,32.25660944],[129.97494917,32.25660944]],[[129.97446499,32.25774277],[129.97446499,32.25774277]],[[129.9750025,32.25778777],[129.9750025,32.25778777]],[[129.97490888,32.35441167],[129.97490888,32.35441167]],[[129.97470833,32.35589139],[129.97470833,32.35589139]],[[129.97476112,32.35608695],[129.97476112,32.35608695]],[[129.9750725,32.1429075],[129.9750725,32.1429075]],[[129.97516528,32.14312167],[129.97516528,32.14312167]],[[129.97503944,32.14329083],[129.97503944,32.14329083]],[[129.97501222,32.15311083],[129.97501222,32.15311083]],[[129.97513805,32.15361223],[129.97513805,32.15361223]],[[129.97578778,32.20535111],[129.97578778,32.20535111]],[[129.97605306,32.20559361],[129.97605306,32.20559361]],[[129.97606584,32.20709916],[129.97606584,32.20709916]],[[129.97581389,32.20716111],[129.97581389,32.20716111]],[[129.98069195,32.23597583],[129.98069195,32.23597583]],[[129.98110306,32.236235],[129.98110306,32.236235]],[[129.98106333,32.23678195],[129.98106333,32.23678195]],[[129.97508445,32.23976416],[129.97508445,32.23976416]],[[129.97657584,32.24025444],[129.97657584,32.24025444]],[[129.97871667,32.24222778],[129.97871667,32.24222778]],[[129.97898166,32.24233472],[129.97898166,32.24233472]],[[129.97519472,32.25718444],[129.97519472,32.25718444]],[[129.97494278,32.25751723],[129.97494278,32.25751723]],[[129.97569917,32.25792305],[129.97569917,32.25792305]],[[129.97596445,32.258205],[129.97596445,32.258205]],[[129.97624973,32.25881361],[129.97624973,32.25881361]],[[129.9763825,32.25897167],[129.9763825,32.25897167]],[[129.97669416,32.26018944],[129.97669416,32.26018944]],[[129.97601722,32.26061223],[129.97601722,32.26061223]],[[129.97590445,32.26066861],[129.97590445,32.26066861]],[[129.97634917,32.26093944],[129.97634917,32.26093944]],[[129.97601056,32.26138472],[129.97601056,32.26138472]],[[129.97725139,32.26159333],[129.97725139,32.26159333]],[[129.97665416,32.26149195],[129.97665416,32.26149195]],[[129.97755,32.26183583],[129.97755,32.26183583]],[[129.97779555,32.26215139],[129.97779555,32.26215139]],[[129.97697944,32.26233749],[129.97697944,32.26233749]],[[129.97786861,32.26251777],[129.97786861,32.26251777]],[[129.97756333,32.26249528],[129.97756333,32.26249528]],[[129.97790166,32.26260805],[129.97790166,32.26260805]],[[129.97772917,32.26287861],[129.97772917,32.26287861]],[[129.97817361,32.26284472],[129.97817361,32.26284472]],[[129.97871083,32.26323389],[129.97871083,32.26323389]],[[129.97881027,32.26362861],[129.97881027,32.26362861]],[[129.9789475,32.26394861],[129.9789475,32.26394861]],[[129.97904917,32.26425444],[129.97904917,32.26425444]],[[129.97872416,32.26451944],[129.97872416,32.26451944]],[[129.97898944,32.26466611],[129.97898944,32.26466611]],[[129.97919528,32.26464333],[129.97919528,32.26464333]],[[129.97931472,32.26499305],[129.97931472,32.26499305]],[[129.97956694,32.265275],[129.97956694,32.265275]],[[129.98003112,32.26581028],[129.98003112,32.26581028]],[[129.97985888,32.26596805],[129.97985888,32.26596805]],[[129.98026333,32.26634028],[129.98026333,32.26634028]],[[129.98038917,32.26671805],[129.98038917,32.26671805]],[[129.98013722,32.26705056],[129.98013722,32.26705056]],[[129.98051528,32.26727056],[129.98051528,32.26727056]],[[129.98082722,32.26783444],[129.98082722,32.26783444]],[[129.98082056,32.26840389],[129.98082056,32.26840389]],[[129.98141778,32.26865195],[129.98141778,32.26865195]],[[129.98125861,32.26901805],[129.98125861,32.26901805]],[[129.98000944,32.32290416],[129.98000944,32.32290416]],[[129.98048694,32.32328195],[129.98048694,32.32328195]],[[129.97976389,32.32350139],[129.97976389,32.32350139]],[[129.98125667,32.32382861],[129.98125667,32.32382861]],[[129.98054667,32.32394695],[129.98054667,32.32394695]],[[129.98144222,32.32413861],[129.98144222,32.32413861]],[[129.98116361,32.32400333],[129.98116361,32.32400333]],[[129.98048027,32.32449944],[129.98048027,32.32449944]],[[129.98089166,32.32712667],[129.98089166,32.32712667]],[[129.98078555,32.32766778],[129.98078555,32.32766778]],[[129.98030112,32.32787639],[129.98030112,32.32787639]],[[129.9797375,32.32818639],[129.9797375,32.32818639]],[[129.98038083,32.32802861],[129.98038083,32.32802861]],[[129.97638027,32.32902083],[129.97638027,32.32902083]],[[129.97756111,32.32891361],[129.97756111,32.32891361]],[[129.97649306,32.32917861],[129.97649306,32.32917861]],[[129.9762875,32.32941556],[129.9762875,32.32941556]],[[129.97657944,32.32966333],[129.97657944,32.32966333]],[[129.97705694,32.32993389],[129.97705694,32.32993389]],[[129.97789278,32.33052583],[129.97789278,32.33052583]],[[129.97817805,32.33065556],[129.97817805,32.33065556]],[[129.97821139,32.33151249],[129.97821139,32.33151249]],[[129.97666555,32.33450028],[129.97666555,32.33450028]],[[129.97762083,32.33477083],[129.97762083,32.33477083]],[[129.97701722,32.33487805],[129.97701722,32.33487805]],[[129.9787625,32.33702333],[129.9787625,32.33702333]],[[129.97862499,32.33713222],[129.97862499,32.33713222]],[[129.97928195,32.33750583],[129.97928195,32.33750583]],[[129.97898472,32.337675],[129.97898472,32.337675]],[[129.97928833,32.33771972],[129.97928833,32.33771972]],[[129.97906333,32.33790223],[129.97906333,32.33790223]],[[129.97694361,32.33805639],[129.97694361,32.33805639]],[[129.98023833,32.34009195],[129.98023833,32.34009195]],[[129.9801175,32.34038056],[129.9801175,32.34038056]],[[129.98042278,32.34037583],[129.98042278,32.34037583]],[[129.98013944,32.34065472],[129.98013944,32.34065472]],[[129.98028555,32.34075444],[129.98028555,32.34075444]],[[129.98030445,32.34107111],[129.98030445,32.34107111]],[[129.98024027,32.34157444],[129.98024027,32.34157444]],[[129.98054361,32.34203695],[129.98054361,32.34203695]],[[129.98019361,32.34210972],[129.98019361,32.34210972]],[[129.97956278,32.343825],[129.97956278,32.343825]],[[129.97895472,32.34417277],[129.97895472,32.34417277]],[[129.97926083,32.34424861],[129.97926083,32.34424861]],[[129.97809139,32.34420389],[129.97809139,32.34420389]],[[129.97807472,32.34436556],[129.97807472,32.34436556]],[[129.97780222,32.34501528],[129.97780222,32.34501528]],[[129.97520667,32.34520444],[129.97520667,32.34520444]],[[129.97518555,32.34531972],[129.97518555,32.34531972]],[[129.97708278,32.34560278],[129.97708278,32.34560278]],[[129.9767875,32.34564249],[129.9767875,32.34564249]],[[129.97797944,32.34562972],[129.97797944,32.34562972]],[[129.97746833,32.34569139],[129.97746833,32.34569139]],[[129.97716333,32.34578139],[129.97716333,32.34578139]],[[129.97749222,32.34588861],[129.97749222,32.34588861]],[[129.97684861,32.34696556],[129.97684861,32.34696556]],[[129.97699445,32.34712611],[129.97699445,32.34712611]],[[129.97678056,32.34706389],[129.97678056,32.34706389]],[[129.97635416,32.34916361],[129.97635416,32.34916361]],[[129.97668333,32.35208139],[129.97668333,32.35208139]],[[129.97596056,32.35319695],[129.97596056,32.35319695]],[[129.97517917,32.35374278],[129.97517917,32.35374278]],[[129.97533722,32.35404056],[129.97533722,32.35404056]],[[129.97523416,32.35428],[129.97523416,32.35428]],[[129.97505499,32.35475528],[129.97505499,32.35475528]],[[129.97558306,32.35747749],[129.97558306,32.35747749]],[[129.97603083,32.35870277],[129.97603083,32.35870277]],[[129.97608805,32.35914611],[129.97608805,32.35914611]],[[129.97643472,32.35957167],[129.97643472,32.35957167]],[[129.97672611,32.36058223],[129.97672611,32.36058223]],[[129.97668499,32.36077944],[129.97668499,32.36077944]],[[129.97655667,32.36116277],[129.97655667,32.36116277]],[[129.97733778,32.36264277],[129.97733778,32.36264277]],[[129.97771528,32.36316056],[129.97771528,32.36316056]],[[129.97887722,32.36500861],[129.97887722,32.36500861]],[[129.98016056,32.36644916],[129.98016056,32.36644916]],[[129.98033944,32.36688667],[129.98033944,32.36688667]],[[129.98015389,32.36703056],[129.98015389,32.36703056]],[[129.98051611,32.36716167],[129.98051611,32.36716167]],[[129.98044166,32.36729111],[129.98044166,32.36729111]],[[129.98132528,32.36802749],[129.98132528,32.36802749]],[[129.98930361,32.19720472],[129.98930361,32.19720472]],[[129.98955555,32.19735695],[129.98955555,32.19735695]],[[129.98909833,32.19756],[129.98909833,32.19756]],[[129.98941639,32.19758249],[129.98941639,32.19758249]],[[129.9892375,32.19772361],[129.9892375,32.19772361]],[[129.98903861,32.19798277],[129.98903861,32.19798277]],[[129.98531973,32.19842833],[129.98531973,32.19842833]],[[129.98518722,32.19846777],[129.98518722,32.19846777]],[[129.98505472,32.19831],[129.98505472,32.19831]],[[129.98952222,32.20017611],[129.98952222,32.20017611]],[[129.98622778,32.20214916],[129.98622778,32.20214916]],[[129.98722195,32.20249889],[129.98722195,32.20249889]],[[129.98748056,32.20258333],[129.98748056,32.20258333]],[[129.98746722,32.20318667],[129.98746722,32.20318667]],[[129.98749389,32.20344611],[129.98749389,32.20344611]],[[129.98765445,32.20353083],[129.98765445,32.20353083]],[[129.98777222,32.20377305],[129.98777222,32.20377305]],[[129.98792472,32.20386333],[129.98792472,32.20386333]],[[129.9888725,32.20478777],[129.9888725,32.20478777]],[[129.98364861,32.23540056],[129.98364861,32.23540056]],[[129.98377445,32.23559222],[129.98377445,32.23559222]],[[129.98403944,32.23576695],[129.98403944,32.23576695]],[[129.98333333,32.23586923],[129.98333333,32.23586923]],[[129.98358222,32.23616167],[129.98358222,32.23616167]],[[129.98358222,32.23681028],[129.98358222,32.23681028]],[[129.98327056,32.23701305],[129.98327056,32.23701305]],[[129.98229611,32.23653944],[129.98229611,32.23653944]],[[129.98392,32.23777972],[129.98392,32.23777972]],[[129.98431111,32.23774028],[129.98431111,32.23774028]],[[129.98217694,32.23803889],[129.98217694,32.23803889]],[[129.98276027,32.23830389],[129.98276027,32.23830389]],[[129.98976639,32.2383775],[129.98976639,32.2383775]],[[129.98291278,32.23841667],[129.98291278,32.23841667]],[[129.98370778,32.23880028],[129.98370778,32.23880028]],[[129.98944166,32.23903139],[129.98944166,32.23903139]],[[129.98959389,32.23926805],[129.98959389,32.23926805]],[[129.98463584,32.23949944],[129.98463584,32.23949944]],[[129.98872555,32.239505],[129.98872555,32.239505]],[[129.98452333,32.23957833],[129.98452333,32.23957833]],[[129.98889805,32.23970223],[129.98889805,32.23970223]],[[129.98822195,32.23969111],[129.98822195,32.23969111]],[[129.9889775,32.23980944],[129.9889775,32.23980944]],[[129.98447694,32.23980944],[129.98447694,32.23980944]],[[129.98479499,32.23972472],[129.98479499,32.23972472]],[[129.98834778,32.23982639],[129.98834778,32.23982639]],[[129.98456973,32.24002944],[129.98456973,32.24002944]],[[129.98479499,32.24016472],[129.98479499,32.24016472]],[[129.98614027,32.24165277],[129.98614027,32.24165277]],[[129.98639222,32.24163028],[129.98639222,32.24163028]],[[129.98572278,32.24207],[129.98572278,32.24207]],[[129.98583555,32.24237444],[129.98583555,32.24237444]],[[129.98606083,32.24302305],[129.98606083,32.24302305]],[[129.98621333,32.24430249],[129.98621333,32.24430249]],[[129.98197472,32.269035],[129.98197472,32.269035]],[[129.98162973,32.26904639],[129.98162973,32.26904639]],[[129.98541833,32.27042778],[129.98541833,32.27042778]],[[129.9851925,32.27064195],[129.9851925,32.27064195]],[[129.98565694,32.27063056],[129.98565694,32.27063056]],[[129.98541833,32.27074333],[129.98541833,32.27074333]],[[129.9879525,32.27608223],[129.9879525,32.27608223]],[[129.9855825,32.31348916],[129.9855825,32.31348916]],[[129.98626584,32.31396833],[129.98626584,32.31396833]],[[129.9862725,32.31416],[129.9862725,32.31416]],[[129.98657112,32.31469556],[129.98657112,32.31469556]],[[129.98690917,32.31503944],[129.98690917,32.31503944]],[[129.98738027,32.31525389],[129.98738027,32.31525389]],[[129.98718111,32.31539472],[129.98718111,32.31539472]],[[129.98746667,32.31576695],[129.98746667,32.31576695]],[[129.98753278,32.3159925],[129.98753278,32.3159925]],[[129.98778499,32.31612777],[129.98778499,32.31612777]],[[129.98886639,32.31627444],[129.98886639,32.31627444]],[[129.98804389,32.31629695],[129.98804389,32.31629695]],[[129.98840222,32.31634195],[129.98840222,32.31634195]],[[129.98874056,32.31630805],[129.98874056,32.31630805]],[[129.98818973,32.31645472],[129.98818973,32.31645472]],[[129.98850833,32.31678167],[129.98850833,32.31678167]],[[129.98881973,32.31669722],[129.98881973,32.31669722]],[[129.98904555,32.31696222],[129.98904555,32.31696222]],[[129.98929083,32.31706944],[129.98929083,32.31706944]],[[129.98777166,32.317075],[129.98777166,32.317075]],[[129.98942361,32.31717639],[129.98942361,32.31717639]],[[129.98952306,32.31728889],[129.98952306,32.31728889]],[[129.98647139,32.31741305],[129.98647139,32.31741305]],[[129.98965584,32.31746361],[129.98965584,32.31746361]],[[129.98610139,32.31740139],[129.98610139,32.31740139]],[[129.98648445,32.31772861],[129.98648445,32.31772861]],[[129.98623889,32.31780777],[129.98623889,32.31780777]],[[129.98659722,32.31806139],[129.98659722,32.31806139]],[[129.98700861,32.31812916],[129.98700861,32.31812916]],[[129.98693584,32.31830389],[129.98693584,32.31830389]],[[129.98628555,32.3182925],[129.98628555,32.3182925]],[[129.98661722,32.31847861],[129.98661722,32.31847861]],[[129.98708166,32.32056444],[129.98708166,32.32056444]],[[129.9872875,32.32056444],[129.9872875,32.32056444]],[[129.98721445,32.32062083],[129.98721445,32.32062083]],[[129.98713472,32.32092528],[129.98713472,32.32092528]],[[129.98712805,32.32112277],[129.98712805,32.32112277]],[[129.98731389,32.32135944],[129.98731389,32.32135944]],[[129.9845275,32.32290416],[129.9845275,32.32290416]],[[129.98402973,32.32306195],[129.98402973,32.32306195]],[[129.98527694,32.32311277],[129.98527694,32.32311277]],[[129.9830776,32.32305358],[129.9830776,32.32305358]],[[129.98254389,32.32334944],[129.98254389,32.32334944]],[[129.98274917,32.32346223],[129.98274917,32.32346223]],[[129.98182722,32.32383444],[129.98182722,32.32383444]],[[129.98156833,32.32387916],[129.98156833,32.32387916]],[[129.98166805,32.32418944],[129.98166805,32.32418944]],[[129.98148528,32.36846444],[129.98148528,32.36846444]],[[129.98267416,32.36914028],[129.98267416,32.36914028]],[[129.98225166,32.36937723],[129.98225166,32.36937723]],[[129.98245499,32.36945167],[129.98245499,32.36945167]],[[129.98202416,32.36960361],[129.98202416,32.36960361]],[[129.98222027,32.37029416],[129.98222027,32.37029416]],[[129.98332917,32.37031028],[129.98332917,32.37031028]],[[129.98334195,32.37052167],[129.98334195,32.37052167]],[[129.98445639,32.37135],[129.98445639,32.37135]],[[129.98487917,32.37223583],[129.98487917,32.37223583]],[[129.98497778,32.37277695],[129.98497778,32.37277695]],[[129.98494333,32.37282556],[129.98494333,32.37282556]],[[129.98499306,32.37290249],[129.98499306,32.37290249]],[[129.98503499,32.37333667],[129.98503499,32.37333667]],[[129.98316833,32.373745],[129.98316833,32.373745]],[[129.98438472,32.37390472],[129.98438472,32.37390472]],[[129.98405306,32.374],[129.98405306,32.374]],[[129.98346528,32.37402611],[129.98346528,32.37402611]],[[129.98293195,32.37424305],[129.98293195,32.37424305]],[[129.98508944,32.37424223],[129.98508944,32.37424223]],[[129.98713833,32.37567833],[129.98713833,32.37567833]],[[129.98902861,32.38305083],[129.98902861,32.38305083]],[[129.98755027,32.38301139],[129.98755027,32.38301139]],[[129.98775528,32.38348861],[129.98775528,32.38348861]],[[129.98766944,32.38395305],[129.98766944,32.38395305]],[[129.98878306,32.38467277],[129.98878306,32.38467277]],[[129.98951694,32.38501472],[129.98951694,32.38501472]],[[129.98912278,32.38507444],[129.98912278,32.38507444]],[[129.98958222,32.38515361],[129.98958222,32.38515361]],[[129.98911639,32.38525305],[129.98911639,32.38525305]],[[129.99321472,32.19367583],[129.99321472,32.19367583]],[[129.99295611,32.19374889],[129.99295611,32.19374889]],[[129.99354611,32.19390667],[129.99354611,32.19390667]],[[129.99302917,32.19394611],[129.99302917,32.19394611]],[[129.99438139,32.19407611],[129.99438139,32.19407611]],[[129.99401027,32.19417167],[129.99401027,32.19417167]],[[129.99223361,32.19519777],[129.99223361,32.19519777]],[[129.99127917,32.19603223],[129.99127917,32.19603223]],[[129.99090778,32.19597028],[129.99090778,32.19597028]],[[129.99134528,32.19617333],[129.99134528,32.19617333]],[[129.9909675,32.19634805],[129.9909675,32.19634805]],[[129.99059639,32.19679361],[129.99059639,32.19679361]],[[129.99047694,32.19708639],[129.99047694,32.19708639]],[[129.99039083,32.19762778],[129.99039083,32.19762778]],[[129.99004611,32.19744722],[129.99004611,32.19744722]],[[129.98984722,32.19768972],[129.98984722,32.19768972]],[[129.99004584,32.19945444],[129.99004584,32.19945444]],[[129.99009889,32.199635],[129.99009889,32.199635]],[[129.98999278,32.19990556],[129.98999278,32.19990556]],[[129.98979389,32.20017056],[129.98979389,32.20017056]],[[129.98952888,32.20048611],[129.98952888,32.20048611]],[[129.99113306,32.20050305],[129.99113306,32.20050305]],[[129.99155056,32.20073444],[129.99155056,32.20073444]],[[129.99141139,32.20058778],[129.99141139,32.20058778]],[[129.99297584,32.20139389],[129.99297584,32.20139389]],[[129.99174944,32.20138805],[129.99174944,32.20138805]],[[129.99190195,32.20123611],[129.99190195,32.20123611]],[[129.99192833,32.20148389],[129.99192833,32.20148389]],[[129.99056944,32.20176028],[129.99056944,32.20176028]],[[129.99115944,32.20176028],[129.99115944,32.20176028]],[[129.99078166,32.20175444],[129.99078166,32.20175444]],[[129.99285639,32.20190111],[129.99285639,32.20190111]],[[129.99056944,32.2019125],[129.99056944,32.2019125]],[[129.99063584,32.20184472],[129.99063584,32.20184472]],[[129.99098722,32.20192361],[129.99098722,32.20192361]],[[129.99427472,32.20198],[129.99427472,32.20198]],[[129.99353222,32.20281444],[129.99353222,32.20281444]],[[129.9926575,32.20281444],[129.9926575,32.20281444]],[[129.99431445,32.20306277],[129.99431445,32.20306277]],[[129.99483833,32.20317528],[129.99483833,32.20317528]],[[129.99367166,32.20329389],[129.99367166,32.20329389]],[[129.99275667,32.20406639],[129.99275667,32.20406639]],[[129.99332694,32.20396472],[129.99332694,32.20396472]],[[129.99161694,32.20404361],[129.99161694,32.20404361]],[[129.99506361,32.20414528],[129.99506361,32.20414528]],[[129.99498416,32.20475416],[129.99498416,32.20475416]],[[129.99535472,32.21869639],[129.99535472,32.21869639]],[[129.99513611,32.2189275],[129.99513611,32.2189275]],[[129.99189445,32.2244975],[129.99189445,32.2244975]],[[129.99180166,32.22463305],[129.99180166,32.22463305]],[[129.99144361,32.22499389],[129.99144361,32.22499389]],[[129.99605694,32.2350625],[129.99605694,32.2350625]],[[129.99568555,32.23600972],[129.99568555,32.23600972]],[[129.99513555,32.2366525],[129.99513555,32.2366525]],[[129.99548,32.23655111],[129.99548,32.23655111]],[[129.99526139,32.23650028],[129.99526139,32.23650028]],[[129.99007778,32.23772361],[129.99007778,32.23772361]],[[129.99017083,32.23827611],[129.99017083,32.23827611]],[[129.9907275,32.23853556],[129.9907275,32.23853556]],[[129.99080694,32.23876111],[129.99080694,32.23876111]],[[129.99064139,32.23869889],[129.99064139,32.23869889]],[[129.99129083,32.23876667],[129.99129083,32.23876667]],[[129.99119139,32.23881749],[129.99119139,32.23881749]],[[129.99059973,32.27904222],[129.99059973,32.27904222]],[[129.99318694,32.28311277],[129.99318694,32.28311277]],[[129.99264944,32.28390195],[129.99264944,32.28390195]],[[129.99294805,32.28403167],[129.99294805,32.28403167]],[[129.99531639,32.28493389],[129.99531639,32.28493389]],[[129.99554861,32.28496777],[129.99554861,32.28496777]],[[129.99609944,32.28506916],[129.99609944,32.28506916]],[[129.99403499,32.3047225],[129.99403499,32.3047225]],[[129.9939025,32.30488583],[129.9939025,32.30488583]],[[129.99413472,32.30514528],[129.99413472,32.30514528]],[[129.99408805,32.30537083],[129.99408805,32.30537083]],[[129.99569361,32.30550611],[129.99569361,32.30550611]],[[129.99443973,32.30568667],[129.99443973,32.30568667]],[[129.99538195,32.30588944],[129.99538195,32.30588944]],[[129.99431389,32.30595723],[129.99431389,32.30595723]],[[129.99582639,32.30614333],[129.99582639,32.30614333]],[[129.99477166,32.30623916],[129.99477166,32.30623916]],[[129.99590584,32.30641389],[129.99590584,32.30641389]],[[129.99507027,32.30639139],[129.99507027,32.30639139]],[[129.99528222,32.30642528],[129.99528222,32.30642528]],[[129.99588611,32.30653222],[129.99588611,32.30653222]],[[129.99351083,32.30697167],[129.99351083,32.30697167]],[[129.99288722,32.30734944],[129.99288722,32.30734944]],[[129.99288722,32.30785695],[129.99288722,32.30785695]],[[129.99341139,32.30824611],[129.99341139,32.30824611]],[[129.99361056,32.30838695],[129.99361056,32.30838695]],[[129.9938825,32.30864639],[129.9938825,32.30864639]],[[129.99362361,32.30875361],[129.99362361,32.30875361]],[[129.99397528,32.30905223],[129.99397528,32.30905223]],[[129.99362361,32.30906361],[129.99362361,32.30906361]],[[129.99412778,32.30933972],[129.99412778,32.30933972]],[[129.99426027,32.30968389],[129.99426027,32.30968389]],[[129.99430027,32.30997139],[129.99430027,32.30997139]],[[129.9928275,32.31078861],[129.9928275,32.31078861]],[[129.99275445,32.31142],[129.99275445,32.31142]],[[129.99386222,32.31334833],[129.99386222,32.31334833]],[[129.99394861,32.31354],[129.99394861,32.31354]],[[129.99490361,32.31417695],[129.99490361,32.31417695]],[[129.99505639,32.31456028],[129.99505639,32.31456028]],[[129.99514917,32.31475195],[129.99514917,32.31475195]],[[129.99504973,32.31527083],[129.99504973,32.31527083]],[[129.99471139,32.31575556],[129.99471139,32.31575556]],[[129.9948375,32.31631944],[129.9948375,32.31631944]],[[129.99475778,32.31683805],[129.99475778,32.31683805]],[[129.99060135,32.31739869],[129.99060135,32.31739869]],[[129.99461833,32.31709195],[129.99461833,32.31709195]],[[129.98964917,32.31764416],[129.98964917,32.31764416]],[[129.99175462,32.31812169],[129.99175462,32.31812169]],[[129.99070667,32.38321472],[129.99070667,32.38321472]],[[129.9897325,32.38621167],[129.9897325,32.38621167]],[[129.98985694,32.38646972],[129.98985694,32.38646972]],[[129.99092805,32.38711861],[129.99092805,32.38711861]],[[129.99108499,32.3872375],[129.99108499,32.3872375]],[[129.99175472,32.38776195],[129.99175472,32.38776195]],[[129.99190416,32.38819611],[129.99190416,32.38819611]],[[129.99304,32.38927972],[129.99304,32.38927972]],[[129.99335584,32.38979305],[129.99335584,32.38979305]],[[129.99348445,32.38989695],[129.99348445,32.38989695]],[[129.99383083,32.38998167],[129.99383083,32.38998167]],[[129.99366416,32.39001278],[129.99366416,32.39001278]],[[129.99408195,32.39023167],[129.99408195,32.39023167]],[[129.99460639,32.39048083],[129.99460639,32.39048083]],[[129.99455499,32.39067916],[129.99455499,32.39067916]],[[129.99468833,32.39087916],[129.99468833,32.39087916]],[[129.99620083,32.39136944],[129.99620083,32.39136944]],[[129.99589584,32.39517472],[129.99589584,32.39517472]],[[129.99546861,32.3952725],[129.99546861,32.3952725]],[[129.9950325,32.39641416],[129.9950325,32.39641416]],[[129.99491306,32.39678083],[129.99491306,32.39678083]],[[129.99560584,32.39670528],[129.99560584,32.39670528]],[[129.99495888,32.39686278],[129.99495888,32.39686278]],[[129.99576056,32.40532056],[129.99576056,32.40532056]],[[129.99568306,32.40586305],[129.99568306,32.40586305]],[[129.99583917,32.40655944],[129.99583917,32.40655944]],[[130.00089722,32.18529222],[130.00089722,32.18529222]],[[130.00179222,32.18578277],[130.00179222,32.18578277]],[[130.00138778,32.187525],[130.00138778,32.187525]],[[130.00105639,32.18750805],[130.00105639,32.18750805]],[[130.00062555,32.18784056],[130.00062555,32.18784056]],[[130.00045973,32.18807723],[130.00045973,32.18807723]],[[130.00059888,32.18834805],[130.00059888,32.18834805]],[[129.99933306,32.18847195],[129.99933306,32.18847195]],[[129.99963778,32.18851139],[129.99963778,32.18851139]],[[129.99977694,32.18854528],[129.99977694,32.18854528]],[[129.99967083,32.18868611],[129.99967083,32.18868611]],[[129.99989639,32.18879889],[129.99989639,32.18879889]],[[130.00217667,32.18914305],[130.00217667,32.18914305]],[[130.00041333,32.18969556],[130.00041333,32.18969556]],[[130.0004,32.18972361],[130.0004,32.18972361]],[[130.00106306,32.18993777],[130.00106306,32.18993777]],[[130.00061222,32.19024805],[130.00061222,32.19024805]],[[130.00037361,32.19049056],[130.00037361,32.19049056]],[[129.99904112,32.19099777],[129.99904112,32.19099777]],[[129.99914056,32.19153333],[129.99914056,32.19153333]],[[129.99770917,32.19199556],[129.99770917,32.19199556]],[[129.99715222,32.19236222],[129.99715222,32.19236222]],[[129.99746389,32.19237333],[129.99746389,32.19237333]],[[129.99677389,32.20444389],[129.99677389,32.20444389]],[[129.99723112,32.20486139],[129.99723112,32.20486139]],[[129.99669445,32.20510361],[129.99669445,32.20510361]],[[129.99731056,32.20619749],[129.99731056,32.20619749]],[[129.99652195,32.20632723],[129.99652195,32.20632723]],[[129.99657472,32.20668777],[129.99657472,32.20668777]],[[129.99693917,32.20666528],[129.99693917,32.20666528]],[[129.99744973,32.20689083],[129.99744973,32.20689083]],[[129.99744306,32.20729111],[129.99744306,32.20729111]],[[129.99730389,32.208475],[129.99730389,32.208475]],[[129.99729056,32.20939416],[129.99729056,32.20939416]],[[129.99726416,32.20959723],[129.99726416,32.20959723]],[[129.99705861,32.20995223],[129.99705861,32.20995223]],[[129.99722445,32.21011028],[129.99722445,32.21011028]],[[129.9963625,32.21010416],[129.9963625,32.21010416]],[[129.99663445,32.21023972],[129.99663445,32.21023972]],[[129.99739722,32.21087472],[129.99739722,32.21087472]],[[129.99660778,32.210905],[129.99660778,32.210905]],[[129.99716472,32.21129944],[129.99716472,32.21129944]],[[129.99650166,32.21132778],[129.99650166,32.21132778]],[[129.99701888,32.21133916],[129.99701888,32.21133916]],[[129.99662778,32.21148],[129.99662778,32.21148]],[[129.99766805,32.21218472],[129.99766805,32.21218472]],[[129.99741639,32.21220723],[129.99741639,32.21220723]],[[129.99762166,32.21237639],[129.99762166,32.21237639]],[[129.99710472,32.21247805],[129.99710472,32.21247805]],[[129.99729027,32.21263583],[129.99729027,32.21263583]],[[129.99723056,32.21274305],[129.99723056,32.21274305]],[[129.99678667,32.21277111],[129.99678667,32.21277111]],[[129.99697889,32.21292916],[129.99697889,32.21292916]],[[129.99799306,32.21307],[129.99799306,32.21307]],[[129.99759528,32.21421416],[129.99759528,32.21421416]],[[129.99794,32.21428195],[129.99794,32.21428195]],[[129.99718416,32.21446222],[129.99718416,32.21446222]],[[129.99703195,32.21458083],[129.99703195,32.21458083]],[[129.99678,32.21464833],[129.99678,32.21464833]],[[129.99641528,32.21484583],[129.99641528,32.21484583]],[[129.99668056,32.21491333],[129.99668056,32.21491333]],[[129.99680639,32.21547167],[129.99680639,32.21547167]],[[129.99668056,32.21574222],[129.99668056,32.21574222]],[[129.99619667,32.21632861],[129.99619667,32.21632861]],[[129.99656778,32.21650916],[129.99656778,32.21650916]],[[129.99668722,32.21662195],[129.99668722,32.21662195]],[[129.99609722,32.21665556],[129.99609722,32.21665556]],[[129.99648166,32.21676277],[129.99648166,32.21676277]],[[129.99655445,32.21694305],[129.99655445,32.21694305]],[[129.99717778,32.21707861],[129.99717778,32.21707861]],[[129.99645499,32.21720223],[129.99645499,32.21720223]],[[129.99886112,32.21944639],[129.99886112,32.21944639]],[[129.99858278,32.21964361],[129.99858278,32.21964361]],[[129.99902027,32.21979583],[129.99902027,32.21979583]],[[129.99841027,32.21998195],[129.99841027,32.21998195]],[[129.99825139,32.22024695],[129.99825139,32.22024695]],[[129.99847,32.22043305],[129.99847,32.22043305]],[[129.99791973,32.22153222],[129.99791973,32.22153222]],[[129.99794639,32.22237223],[129.99794639,32.22237223]],[[130.00192944,32.23514167],[130.00192944,32.23514167]],[[129.9965075,32.23578416],[129.9965075,32.23578416]],[[130.00117389,32.30445195],[130.00117389,32.30445195]],[[130.00162499,32.30478444],[130.00162499,32.30478444]],[[130.00197,32.30494805],[130.00197,32.30494805]],[[130.00113389,32.305055],[130.00113389,32.305055]],[[129.99893778,32.30501],[129.99893778,32.30501]],[[130.00166472,32.30518472],[130.00166472,32.30518472]],[[130.00134639,32.30534833],[130.00134639,32.30534833]],[[129.99889139,32.30548361],[129.99889139,32.30548361]],[[130.00104111,32.30540472],[130.00104111,32.30540472]],[[129.99993973,32.30562444],[129.99993973,32.30562444]],[[130.00024499,32.30563028],[130.00024499,32.30563028]],[[129.99617139,32.30566972],[129.99617139,32.30566972]],[[129.99958139,32.30577111],[129.99958139,32.30577111]],[[129.99881833,32.30585556],[129.99881833,32.30585556]],[[129.99913027,32.30572611],[129.99913027,32.30572611]],[[130.00035112,32.30599111],[130.00035112,32.30599111]],[[129.99941555,32.30601361],[129.99941555,32.30601361]],[[130.0,32.30602736],[130.0,32.30602736]],[[129.99973389,32.30605861],[129.99973389,32.30605861]],[[130.00011222,32.30614333],[130.00011222,32.30614333]],[[130.00030472,32.30626167],[130.00030472,32.30626167]],[[129.99634389,32.30638556],[129.99634389,32.30638556]],[[129.99615139,32.30654361],[129.99615139,32.30654361]],[[129.99926973,32.30654916],[129.99926973,32.30654916]],[[129.99917,32.30669583],[129.99917,32.30669583]],[[129.99661584,32.30696083],[129.99661584,32.30696083]],[[129.99734584,32.30723139],[129.99734584,32.30723139]],[[129.99693445,32.30725389],[129.99693445,32.30725389]],[[129.99676389,32.39393583],[129.99676389,32.39393583]],[[129.99691195,32.39446472],[129.99691195,32.39446472]],[[129.99699833,32.39461528],[129.99699833,32.39461528]],[[129.99744361,32.39492695],[129.99744361,32.39492695]],[[129.99731056,32.39510305],[129.99731056,32.39510305]],[[129.99637445,32.39625833],[129.99637445,32.39625833]],[[129.99662445,32.39632723],[129.99662445,32.39632723]],[[129.99794778,32.39702333],[129.99794778,32.39702333]],[[129.99672472,32.39781916],[129.99672472,32.39781916]],[[129.99665222,32.39821833],[129.99665222,32.39821833]],[[129.99782166,32.40025361],[129.99782166,32.40025361]],[[129.99897805,32.40281056],[129.99897805,32.40281056]],[[129.99947389,32.40285556],[129.99947389,32.40285556]],[[130.00011778,32.40301695],[130.00011778,32.40301695]],[[129.99751611,32.40380556],[129.99751611,32.40380556]],[[129.99750694,32.40461],[129.99750694,32.40461]],[[129.99689667,32.40470167],[129.99689667,32.40470167]],[[129.99657416,32.40580695],[129.99657416,32.40580695]],[[129.99730361,32.40581944],[129.99730361,32.40581944]],[[129.99644195,32.4058675],[129.99644195,32.4058675]],[[129.99684973,32.40588861],[129.99684973,32.40588861]],[[129.99626639,32.40594139],[129.99626639,32.40594139]],[[129.99733694,32.40595361],[129.99733694,32.40595361]],[[129.99754722,32.40628722],[129.99754722,32.40628722]],[[129.9961675,32.40638667],[129.9961675,32.40638667]],[[129.99635222,32.40674889],[129.99635222,32.40674889]],[[130.00150639,32.41620056],[130.00150639,32.41620056]],[[130.00158,32.41638833],[130.00158,32.41638833]],[[130.00774973,32.16269],[130.00774973,32.16269]],[[130.00765694,32.16314667],[130.00765694,32.16314667]],[[130.00643833,32.16360333],[130.00643833,32.16360333]],[[130.00726611,32.16394139],[130.00726611,32.16394139]],[[130.00744499,32.16407111],[130.00744499,32.16407111]],[[130.00842528,32.16449972],[130.00842528,32.16449972]],[[130.00850472,32.16460111],[130.00850472,32.16460111]],[[130.00810722,32.16461805],[130.00810722,32.16461805]],[[130.00847166,32.16478722],[130.00847166,32.16478722]],[[130.00922,32.16527223],[130.00922,32.16527223]],[[130.00955778,32.16519889],[130.00955778,32.16519889]],[[130.00628611,32.16537361],[130.00628611,32.16537361]],[[130.00655083,32.16543],[130.00655083,32.16543]],[[130.00621973,32.16553723],[130.00621973,32.16553723]],[[130.0093525,32.165695],[130.0093525,32.165695]],[[130.00567667,32.16609556],[130.00567667,32.16609556]],[[130.00508722,32.16612361],[130.00508722,32.16612361]],[[130.00723973,32.16658611],[130.00723973,32.16658611]],[[130.00530584,32.16691833],[130.00530584,32.16691833]],[[130.00586222,32.16704249],[130.00586222,32.16704249]],[[130.00706083,32.16713833],[130.00706083,32.16713833]],[[130.00560389,32.16733556],[130.00560389,32.16733556]],[[130.00550445,32.16752167],[130.00550445,32.16752167]],[[130.0058225,32.16764028],[130.0058225,32.16764028]],[[130.00417677,32.18512606],[130.00417677,32.18512606]],[[130.00333,32.18655528],[130.00333,32.18655528]],[[130.00276,32.18692749],[130.00276,32.18692749]],[[130.00301195,32.18693861],[130.00301195,32.18693861]],[[130.00353949,32.18881723],[130.00353949,32.18881723]],[[130.00249472,32.18910333],[130.00249472,32.18910333]],[[130.00220306,32.19032972],[130.00220306,32.19032972]],[[130.00405222,32.19208611],[130.00405222,32.19208611]],[[130.00425778,32.19215944],[130.00425778,32.19215944]],[[130.00501361,32.19292056],[130.00501361,32.19292056]],[[130.00720083,32.19405361],[130.00720083,32.19405361]],[[130.00480139,32.19410416],[130.00480139,32.19410416]],[[130.00716083,32.19442],[130.00716083,32.19442]],[[130.0060475,32.19476389],[130.0060475,32.19476389]],[[130.00793667,32.19519805],[130.00793667,32.19519805]],[[130.00781056,32.19536722],[130.00781056,32.19536722]],[[130.00630472,32.22276722],[130.00630472,32.22276722]],[[130.00597333,32.22275028],[130.00597333,32.22275028]],[[130.00574139,32.22280639],[130.00574139,32.22280639]],[[130.00545611,32.22298695],[130.00545611,32.22298695]],[[130.0052575,32.22300389],[130.0052575,32.22300389]],[[130.00429639,32.22311639],[130.00429639,32.22311639]],[[130.00623195,32.22757611],[130.00623195,32.22757611]],[[130.00592694,32.22782972],[130.00592694,32.22782972]],[[130.00595333,32.22845],[130.00595333,32.22845]],[[130.00567139,32.22938556],[130.00567139,32.22938556]],[[130.00369278,32.23501222],[130.00369278,32.23501222]],[[130.00346722,32.234905],[130.00346722,32.234905]],[[130.00243333,32.23497833],[130.00243333,32.23497833]],[[130.00308944,32.23497833],[130.00308944,32.23497833]],[[130.00701278,32.29251111],[130.00701278,32.29251111]],[[130.00731139,32.29259556],[130.00731139,32.29259556]],[[130.00687333,32.29262389],[130.00687333,32.29262389]],[[130.00723833,32.29273667],[130.00723833,32.29273667]],[[130.00674056,32.29282111],[130.00674056,32.29282111]],[[130.00715195,32.29298444],[130.00715195,32.29298444]],[[130.00782861,32.29322695],[130.00782861,32.29322695]],[[130.00796112,32.29331695],[130.00796112,32.29331695]],[[130.0077025,32.29342416],[130.0077025,32.29342416]],[[130.00740389,32.29353139],[130.00740389,32.29353139]],[[130.00800112,32.29354833],[130.00800112,32.29354833]],[[130.00728445,32.29365528],[130.00728445,32.29365528]],[[130.00809389,32.29465333],[130.00809389,32.29465333]],[[130.00803416,32.29483944],[130.00803416,32.29483944]],[[130.00843222,32.29512139],[130.00843222,32.29512139]],[[130.00879056,32.29543695],[130.00879056,32.29543695]],[[130.00891,32.29557223],[130.00891,32.29557223]],[[130.00875083,32.29569083],[130.00875083,32.29569083]],[[130.00903611,32.29573583],[130.00903611,32.29573583]],[[130.00909555,32.29748333],[130.00909555,32.29748333]],[[130.00218861,32.30528611],[130.00218861,32.30528611]],[[130.00307112,32.30559083],[130.00307112,32.30559083]],[[130.00245389,32.30567528],[130.00245389,32.30567528]],[[130.0027925,32.30573167],[130.0027925,32.30573167]],[[130.00226833,32.30589528],[130.00226833,32.30589528]],[[130.00254694,32.30586695],[130.00254694,32.30586695]],[[130.00242083,32.30606444],[130.00242083,32.30606444]],[[130.00559195,32.30784028],[130.00559195,32.30784028]],[[130.00446416,32.30809416],[130.00446416,32.30809416]],[[130.00599667,32.30813916],[130.00599667,32.30813916]],[[130.00565833,32.30839278],[130.00565833,32.30839278]],[[130.00336944,32.30835305],[130.00336944,32.30835305]],[[130.00593694,32.30839278],[130.00593694,32.30839278]],[[130.00567166,32.30846056],[130.00567166,32.30846056]],[[130.00546584,32.30857889],[130.00546584,32.30857889]],[[130.00497499,32.308635],[130.00497499,32.308635]],[[130.00561861,32.30864639],[130.00561861,32.30864639]],[[130.00352861,32.30866889],[130.00352861,32.30866889]],[[130.00543278,32.30867444],[130.00543278,32.30867444]],[[130.00501472,32.30883805],[130.00501472,32.30883805]],[[130.00530667,32.308855],[130.00530667,32.308855]],[[130.00545944,32.30922723],[130.00545944,32.30922723]],[[130.00577111,32.30939056],[130.00577111,32.30939056]],[[130.00594333,32.30933416],[130.00594333,32.30933416]],[[130.00609611,32.3094525],[130.00609611,32.3094525]],[[130.00927389,32.31005028],[130.00927389,32.31005028]],[[130.00914778,32.31027583],[130.00914778,32.31027583]],[[130.00914112,32.31046195],[130.00914112,32.31046195]],[[130.00843112,32.31095805],[130.00843112,32.31095805]],[[130.00854389,32.31111583],[130.00854389,32.31111583]],[[130.00841139,32.31109889],[130.00841139,32.31109889]],[[130.00871639,32.31133583],[130.00871639,32.31133583]],[[130.00698398,32.31128347],[130.00698398,32.31128347]],[[130.00319361,32.41314639],[130.00319361,32.41314639]],[[130.00259306,32.41344389],[130.00259306,32.41344389]],[[130.00293917,32.41365305],[130.00293917,32.41365305]],[[130.00266833,32.41364889],[130.00266833,32.41364889]],[[130.00217861,32.41406749],[130.00217861,32.41406749]],[[130.00265778,32.41784861],[130.00265778,32.41784861]],[[130.00270528,32.41807611],[130.00270528,32.41807611]],[[130.00267778,32.41822833],[130.00267778,32.41822833]],[[130.0030075,32.41823139],[130.0030075,32.41823139]],[[130.0035825,32.41910139],[130.0035825,32.41910139]],[[130.00334805,32.41924833],[130.00334805,32.41924833]],[[130.00339861,32.41984389],[130.00339861,32.41984389]],[[130.00404917,32.42073611],[130.00404917,32.42073611]],[[130.00323166,32.42130528],[130.00323166,32.42130528]],[[130.00361056,32.42153083],[130.00361056,32.42153083]],[[130.0040025,32.42252889],[130.0040025,32.42252889]],[[130.00345778,32.42266972],[130.00345778,32.42266972]],[[130.00386278,32.42272611],[130.00386278,32.42272611]],[[130.00694694,32.42535305],[130.00694694,32.42535305]],[[130.00687361,32.42558416],[130.00687361,32.42558416]],[[130.00656139,32.425635],[130.00656139,32.425635]],[[130.0072525,32.42643556],[130.0072525,32.42643556]],[[130.00728416,32.42661916],[130.00728416,32.42661916]],[[130.00690694,32.42687528],[130.00690694,32.42687528]],[[130.00650139,32.42852139],[130.00650139,32.42852139]],[[130.00709306,32.42915833],[130.00709306,32.42915833]],[[130.00665445,32.42915277],[130.00665445,32.42915277]],[[130.00757833,32.4293275],[130.00757833,32.4293275]],[[130.00726584,32.42942333],[130.00726584,32.42942333]],[[130.00680056,32.42953611],[130.00680056,32.42953611]],[[130.01647166,32.16216583],[130.01647166,32.16216583]],[[130.01653805,32.16276916],[130.01653805,32.16276916]],[[130.0168425,32.16279749],[130.0168425,32.16279749]],[[130.0158625,32.16411667],[130.0158625,32.16411667]],[[130.01592861,32.16443222],[130.01592861,32.16443222]],[[130.01624639,32.16471416],[130.01624639,32.16471416]],[[130.01589555,32.16472],[130.01589555,32.16472]],[[130.01596166,32.16528944],[130.01596166,32.16528944]],[[130.01386222,32.16557111],[130.01386222,32.16557111]],[[130.01367027,32.16573444],[130.01367027,32.16573444]],[[130.01400805,32.1659375],[130.01400805,32.1659375]],[[130.0135975,32.16587556],[130.0135975,32.16587556]],[[130.01340528,32.16596583],[130.01340528,32.16596583]],[[130.01366361,32.16610111],[130.01366361,32.16610111]],[[130.01409416,32.16609556],[130.01409416,32.16609556]],[[130.01396833,32.16630416],[130.01396833,32.16630416]],[[130.01427278,32.16648444],[130.01427278,32.16648444]],[[130.01464389,32.16659722],[130.01464389,32.16659722]],[[130.0148425,32.16674389],[130.0148425,32.16674389]],[[130.01512722,32.16677195],[130.01512722,32.16677195]],[[130.01463722,32.16678889],[130.01463722,32.16678889]],[[130.0145975,32.1671725],[130.0145975,32.1671725]],[[130.01483584,32.16731333],[130.01483584,32.16731333]],[[130.01445166,32.16809722],[130.01445166,32.16809722]],[[130.01394805,32.16893139],[130.01394805,32.16893139]],[[130.01335944,32.17025639],[130.01335944,32.17025639]],[[130.01280278,32.17133889],[130.01280278,32.17133889]],[[130.01305445,32.17154749],[130.01305445,32.17154749]],[[130.01656083,32.1759225],[130.01656083,32.1759225]],[[130.01297472,32.18165611],[130.01297472,32.18165611]],[[130.01242445,32.18220861],[130.01242445,32.18220861]],[[130.01518861,32.18259777],[130.01518861,32.18259777]],[[130.0139625,32.18281195],[130.0139625,32.18281195]],[[130.01536083,32.18285722],[130.01536083,32.18285722]],[[130.01396917,32.18303195],[130.01396917,32.18303195]],[[130.01449917,32.18355639],[130.01449917,32.18355639]],[[130.00833333,32.18529695],[130.01283606,32.18477295],[130.00833333,32.18529695]],[[130.01276222,32.18559139],[130.01276222,32.18559139]],[[130.0130075,32.18560277],[130.0130075,32.18560277]],[[130.0164675,32.18895167],[130.0164675,32.18895167]],[[130.01240856,32.19293699],[130.01240856,32.19293699]],[[130.01013773,32.19801076],[130.01013773,32.19801076]],[[130.01138222,32.22156639],[130.01138222,32.22156639]],[[130.01117667,32.2216],[130.01117667,32.2216]],[[130.01146166,32.22180861],[130.01146166,32.22180861]],[[130.01081195,32.22191583],[130.01081195,32.22191583]],[[130.01183944,32.22203416],[130.01183944,32.22203416]],[[130.01243611,32.22222583],[130.01243611,32.22222583]],[[130.01142861,32.22251916],[130.01142861,32.22251916]],[[130.01197861,32.22304361],[130.01197861,32.22304361]],[[130.01169361,32.22332528],[130.01169361,32.22332528]],[[130.00950694,32.29579222],[130.00950694,32.29579222]],[[130.00954667,32.29604611],[130.00954667,32.29604611]],[[130.00965278,32.29618139],[130.00965278,32.29618139]],[[130.01013056,32.2976525],[130.01013056,32.2976525]],[[130.00958639,32.29780472],[130.00958639,32.29780472]],[[130.01039584,32.29766389],[130.01039584,32.29766389]],[[130.01050195,32.29781611],[130.01050195,32.29781611]],[[130.01039584,32.29799083],[130.01039584,32.29799083]],[[130.01063472,32.29806972],[130.01063472,32.29806972]],[[130.0100775,32.29826722],[130.0100775,32.29826722]],[[130.01060166,32.29825583],[130.01060166,32.29825583]],[[130.00991833,32.29830667],[130.00991833,32.29830667]],[[130.0124125,32.29894389],[130.0124125,32.29894389]],[[130.0107275,32.29893805],[130.0107275,32.29893805]],[[130.01235944,32.29914667],[130.01235944,32.29914667]],[[130.0121075,32.29918056],[130.0121075,32.29918056]],[[130.01194805,32.29934416],[130.01194805,32.29934416]],[[130.01233973,32.29931583],[130.01233973,32.29931583]],[[130.01273112,32.29945111],[130.01273112,32.29945111]],[[130.01291694,32.29950195],[130.01291694,32.29950195]],[[130.01251888,32.29969361],[130.01251888,32.29969361]],[[130.01307611,32.29955278],[130.01307611,32.29955278]],[[130.01286389,32.29971611],[130.01286389,32.29971611]],[[130.01501973,32.29985722],[130.01501973,32.29985722]],[[130.01284389,32.29992472],[130.01284389,32.29992472]],[[130.01310917,32.29991361],[130.01310917,32.29991361]],[[130.01477655,32.3],[130.01477655,32.3]],[[130.01599499,32.30000361],[130.01599499,32.30000361]],[[130.01301639,32.30018416],[130.01301639,32.30018416]],[[130.01588222,32.30013916],[130.01588222,32.30013916]],[[130.01619416,32.30021805],[130.01619416,32.30021805]],[[130.01289694,32.30025195],[130.01289694,32.30025195]],[[130.01636,32.30027444],[130.01636,32.30027444]],[[130.0131225,32.30033083],[130.0131225,32.30033083]],[[130.01604833,32.30043223],[130.01604833,32.30043223]],[[130.01291694,32.30048305],[130.01291694,32.30048305]],[[130.01695056,32.30048861],[130.01695056,32.30048861]],[[130.01630694,32.30047167],[130.01630694,32.30047167]],[[130.01673166,32.30060139],[130.01673166,32.30060139]],[[130.01685778,32.30068611],[130.01685778,32.30068611]],[[130.00991083,32.31014056],[130.00991083,32.31014056]],[[130.01032222,32.31015749],[130.01032222,32.31015749]],[[130.01002361,32.31028695],[130.01002361,32.31028695]],[[130.01034861,32.31037167],[130.01034861,32.31037167]],[[130.00955917,32.31033778],[130.00955917,32.31033778]],[[130.01052778,32.31067611],[130.01052778,32.31067611]],[[130.01045472,32.31102],[130.01045472,32.31102]],[[130.01062722,32.31107639],[130.01062722,32.31107639]],[[130.01123083,32.31153889],[130.01123083,32.31153889]],[[130.0174275,32.31170805],[130.0174275,32.31170805]],[[130.01180805,32.31177],[130.01180805,32.31177]],[[130.01138333,32.31178695],[130.01138333,32.31178695]],[[130.01156917,32.31180389],[130.01156917,32.31180389]],[[130.01204694,32.31189389],[130.01204694,32.31189389]],[[130.01185445,32.31194472],[130.01185445,32.31194472]],[[130.01462112,32.31269472],[130.01462112,32.31269472]],[[130.01444195,32.31273972],[130.01444195,32.31273972]],[[130.01486639,32.31279611],[130.01486639,32.31279611]],[[130.0146475,32.31304972],[130.0146475,32.31304972]],[[130.01417,32.313095],[130.01417,32.313095]],[[130.01380499,32.31317944],[130.01380499,32.31317944]],[[130.01473361,32.31322472],[130.01473361,32.31322472]],[[130.01484639,32.31332611],[130.01484639,32.31332611]],[[130.01482667,32.31347805],[130.01482667,32.31347805]],[[130.01598111,32.31391223],[130.01598111,32.31391223]],[[130.01696306,32.31395167],[130.01696306,32.31395167]],[[130.01164584,32.43284556],[130.01164584,32.43284556]],[[130.01205805,32.43362889],[130.01205805,32.43362889]],[[130.01217112,32.43387695],[130.01217112,32.43387695]],[[130.01275555,32.43455916],[130.01275555,32.43455916]],[[130.01348027,32.43551778],[130.01348027,32.43551778]],[[130.01359333,32.43561916],[130.01359333,32.43561916]],[[130.01375278,32.43581083],[130.01375278,32.43581083]],[[130.01669628,32.52514159],[130.01669628,32.52514159]],[[130.01616044,32.52530936],[130.01616044,32.52530936]],[[130.01662083,32.52538305],[130.01662083,32.52538305]],[[130.01618625,32.52553231],[130.01618625,32.52553231]],[[130.013111,32.52704947],[130.013111,32.52704947]],[[130.01277613,32.52714905],[130.01277613,32.52714905]],[[130.01162053,32.52735461],[130.01162053,32.52735461]],[[130.01138292,32.52870483],[130.01138292,32.52870483]],[[130.01146219,32.52929013],[130.01146219,32.52929013]],[[130.01595328,32.53314725],[130.01595328,32.53314725]],[[130.0174875,32.53344444],[130.0174875,32.53344444]],[[130.01730594,32.5338808],[130.01730594,32.5338808]],[[130.01725808,32.53400633],[130.01725808,32.53400633]],[[130.02342555,32.14193083],[130.02342555,32.14193083]],[[130.02286917,32.14241],[130.02286917,32.14241]],[[130.02313389,32.14263],[130.02313389,32.14263]],[[130.0236175,32.14272583],[130.0236175,32.14272583]],[[130.02355166,32.15027528],[130.02355166,32.15027528]],[[130.02397528,32.15043889],[130.02397528,32.15043889]],[[130.02324694,32.15061361],[130.02324694,32.15061361]],[[130.02253833,32.15071528],[130.02253833,32.15071528]],[[130.02425361,32.15085611],[130.02425361,32.15085611]],[[130.02435944,32.150935],[130.02435944,32.150935]],[[130.02294222,32.150935],[130.02294222,32.150935]],[[130.02374361,32.15136916],[130.02374361,32.15136916]],[[130.02471722,32.15134111],[130.02471722,32.15134111]],[[130.02528,32.15218111],[130.02528,32.15218111]],[[130.02355166,32.15207416],[130.02355166,32.15207416]],[[130.02386278,32.15242944],[130.02386278,32.15242944]],[[130.02422694,32.1525025],[130.02422694,32.1525025]],[[130.02426027,32.15271695],[130.02426027,32.15271695]],[[130.02464445,32.15340444],[130.02464445,32.15340444]],[[130.02167056,32.15326916],[130.02167056,32.15326916]],[[130.02224027,32.15412056],[130.02224027,32.15412056]],[[130.02333973,32.154115],[130.02333973,32.154115]],[[130.02309445,32.15410944],[130.02309445,32.15410944]],[[130.02220056,32.15430111],[130.02220056,32.15430111]],[[130.02145861,32.15452639],[130.02145861,32.15452639]],[[130.02078306,32.15457139],[130.02078306,32.15457139]],[[130.02159778,32.15463916],[130.02159778,32.15463916]],[[130.02103472,32.15465611],[130.02103472,32.15465611]],[[130.02053139,32.15464472],[130.02053139,32.15464472]],[[130.02161778,32.15478],[130.02161778,32.15478]],[[130.02261111,32.15484778],[130.02261111,32.15484778]],[[130.02178973,32.15482528],[130.02178973,32.15482528]],[[130.02033278,32.15503389],[130.02033278,32.15503389]],[[130.02016056,32.15518056],[130.02016056,32.15518056]],[[130.02038584,32.1552425],[130.02038584,32.1552425]],[[130.02095528,32.15529889],[130.02095528,32.15529889]],[[130.02128,32.15583444],[130.02128,32.15583444]],[[130.02205472,32.15610528],[130.02205472,32.15610528]],[[130.02104805,32.156325],[130.02104805,32.156325]],[[130.02136611,32.15620667],[130.02136611,32.15620667]],[[130.02157805,32.15631389],[130.02157805,32.15631389]],[[130.02064416,32.15668556],[130.02064416,32.15668556]],[[130.02052499,32.15668556],[130.02052499,32.15668556]],[[130.02073027,32.15693389],[130.02073027,32.15693389]],[[130.02087584,32.15728889],[130.02087584,32.15728889]],[[130.02010111,32.15771749],[130.02010111,32.15771749]],[[130.02059778,32.15801639],[130.02059778,32.15801639]],[[130.01922667,32.15836028],[130.01922667,32.15836028]],[[130.01864389,32.15841111],[130.01864389,32.15841111]],[[130.0188625,32.15846749],[130.0188625,32.15846749]],[[130.01902805,32.15867056],[130.01902805,32.15867056]],[[130.01861083,32.15922278],[130.01861083,32.15922278]],[[130.01935917,32.159065],[130.01935917,32.159065]],[[130.01845195,32.1593975],[130.01845195,32.1593975]],[[130.01842555,32.15964556],[130.01842555,32.15964556]],[[130.01769694,32.16226167],[130.01769694,32.16226167]],[[130.02339889,32.16370528],[130.02339889,32.16370528]],[[130.02326639,32.16389695],[130.02326639,32.16389695]],[[130.02331278,32.16412805],[130.02331278,32.16412805]],[[130.02333278,32.16428028],[130.02333278,32.16428028]],[[130.01788,32.17795805],[130.01788,32.17795805]],[[130.0179725,32.17829611],[130.0179725,32.17829611]],[[130.01824445,32.179435],[130.01824445,32.179435]],[[130.01742869,32.18139259],[130.01742869,32.18139259]],[[130.01770056,32.18900249],[130.01770056,32.18900249]],[[130.02427935,32.19100589],[130.02427935,32.19100589]],[[130.01829083,32.30020111],[130.01829083,32.30020111]],[[130.01778,32.30022361],[130.01778,32.30022361]],[[130.01839,32.30035333],[130.01839,32.30035333]],[[130.01766722,32.30043777],[130.01766722,32.30043777]],[[130.01862222,32.30043777],[130.01862222,32.30043777]],[[130.01745472,32.30043777],[130.01745472,32.30043777]],[[130.01919278,32.30060139],[130.01919278,32.30060139]],[[130.02653056,32.30059028],[130.02653056,32.30059028]],[[130.01937195,32.30067472],[130.01937195,32.30067472]],[[130.02597333,32.30079333],[130.02597333,32.30079333]],[[130.02174722,32.30135139],[130.02174722,32.30135139]],[[130.02525027,32.30143611],[130.02525027,32.30143611]],[[130.02201888,32.30143583],[130.02201888,32.30143583]],[[130.02146861,32.30143583],[130.02146861,32.30143583]],[[130.0223175,32.30150916],[130.0223175,32.30150916]],[[130.02316694,32.30146972],[130.02316694,32.30146972]],[[130.02093778,32.30152611],[130.02093778,32.30152611]],[[130.02288139,32.30154305],[130.02288139,32.30154305]],[[130.02181333,32.30154305],[130.02181333,32.30154305]],[[130.02110361,32.30163333],[130.02110361,32.30163333]],[[130.02656361,32.30681444],[130.02656361,32.30681444]],[[130.0212025,32.30877056],[130.0212025,32.30877056]],[[130.02104333,32.30887223],[130.02104333,32.30887223]],[[130.01772611,32.31071556],[130.01772611,32.31071556]],[[130.01771278,32.31078889],[130.01771278,32.31078889]],[[130.01761973,32.31187139],[130.01761973,32.31187139]],[[130.01823027,32.31294278],[130.01823027,32.31294278]],[[130.01800472,32.31299916],[130.01800472,32.31299916]],[[130.01777917,32.31306667],[130.01777917,32.31306667]],[[130.01783889,32.31336],[130.01783889,32.31336]],[[130.02073684,32.44452197],[130.02073684,32.44452197]],[[130.02076253,32.44489344],[130.02076253,32.44489344]],[[130.02311109,32.44749689],[130.02311109,32.44749689]],[[130.02216711,32.44757725],[130.02216711,32.44757725]],[[130.02257192,32.4476688],[130.02257192,32.4476688]],[[130.02278536,32.44767686],[130.02278536,32.44767686]],[[130.02234837,32.44771628],[130.02234837,32.44771628]],[[130.02293706,32.44781016],[130.02293706,32.44781016]],[[130.02372112,32.44822669],[130.02372112,32.44822669]],[[130.0238509,32.44877123],[130.0238509,32.44877123]],[[130.02306036,32.44938],[130.02306036,32.44938]],[[130.02296558,32.44955597],[130.02296558,32.44955597]],[[130.02413409,32.45139711],[130.02413409,32.45139711]],[[130.0251394,32.45186217],[130.0251394,32.45186217]],[[130.02472092,32.45236211],[130.02472092,32.45236211]],[[130.02580355,32.45257695],[130.02580355,32.45257695]],[[130.02667103,32.45605253],[130.02667103,32.45605253]],[[130.02527105,32.52019167],[130.02527105,32.52019167]],[[130.02528278,32.52112264],[130.02528278,32.52112264]],[[130.02508577,32.52126253],[130.02508577,32.52126253]],[[130.02486166,32.52134403],[130.02486166,32.52134403]],[[130.02083053,32.52350769],[130.02083053,32.52350769]],[[130.02070005,32.52362731],[130.02070005,32.52362731]],[[130.02181523,32.52389064],[130.02181523,32.52389064]],[[130.01994328,32.52403256],[130.01994328,32.52403256]],[[130.02006503,32.52401456],[130.02006503,32.52401456]],[[130.01995584,32.52411183],[130.01995584,32.52411183]],[[130.0190682,32.52448616],[130.0190682,32.52448616]],[[130.01874306,32.52453528],[130.01874306,32.52453528]],[[130.02163027,32.53623961],[130.02163027,32.53623961]],[[130.02264547,32.53639408],[130.02264547,32.53639408]],[[130.022491,32.53677878],[130.022491,32.53677878]],[[130.021909,32.53717897],[130.021909,32.53717897]],[[130.02492095,32.53723603],[130.02492095,32.53723603]],[[130.02470662,32.5374072],[130.02470662,32.5374072]],[[130.02442302,32.53750625],[130.02442302,32.53750625]],[[130.02481706,32.53759292],[130.02481706,32.53759292]],[[130.02496783,32.53766595],[130.02496783,32.53766595]],[[130.0256337,32.53790764],[130.0256337,32.53790764]],[[130.02540694,32.53791264],[130.02540694,32.53791264]],[[130.02549486,32.53796559],[130.02549486,32.53796559]],[[130.04148555,32.14976889],[130.04148555,32.14976889]],[[130.04186306,32.15241889],[130.04186306,32.15241889]],[[130.04145888,32.1528475],[130.04145888,32.1528475]],[[130.04132639,32.15316889],[130.04132639,32.15316889]],[[130.05061778,32.15438139],[130.05061778,32.15438139]],[[130.05095555,32.15495083],[130.05095555,32.15495083]],[[130.04278333,32.15607249],[130.04278333,32.15607249]],[[130.05092917,32.15593195],[130.05092917,32.15593195]],[[130.05112778,32.15630972],[130.05112778,32.15630972]],[[130.05071722,32.15633777],[130.05071722,32.15633777]],[[130.0514125,32.1564225],[130.0514125,32.1564225]],[[130.05247861,32.15651833],[130.05247861,32.15651833]],[[130.04725361,32.15698611],[130.04725361,32.15698611]],[[130.05122722,32.15703139],[130.05122722,32.15703139]],[[130.05086944,32.15775305],[130.05086944,32.15775305]],[[130.05088944,32.15793333],[130.05088944,32.15793333]],[[130.05400833,32.16146861],[130.05400833,32.16146861]],[[130.05578306,32.16177305],[130.05578306,32.16177305]],[[130.05188917,32.16226361],[130.05188917,32.16226361]],[[130.04794889,32.16538139],[130.04794889,32.16538139]],[[130.04760445,32.16573639],[130.04760445,32.16573639]],[[130.05363722,32.16555083],[130.05191528,32.17003278],[130.05363722,32.16555083]],[[130.04769778,32.16603111],[130.04769778,32.16603111]],[[130.04794195,32.16623277],[130.04794195,32.16623277]],[[130.02291555,32.16514861],[130.02084278,32.15817416],[130.01526861,32.17167167],[130.02406416,32.180935],[130.019237,32.18602244],[130.03181569,32.19091997],[130.04002555,32.18114444],[130.03259549,32.18081419],[130.04866389,32.16772667],[130.04344555,32.16295111],[130.04700195,32.15648444],[130.03223056,32.17516805],[130.02291555,32.16514861]],[[130.04902083,32.17430056],[130.04222639,32.17857944],[130.04902083,32.17430056]],[[130.03690361,32.17686528],[130.03690361,32.17686528]],[[130.03658555,32.17691056],[130.03658555,32.17691056]],[[130.04106639,32.18081749],[130.04106639,32.18081749]],[[130.04047639,32.18111639],[130.04047639,32.18111639]],[[130.04099333,32.18123472],[130.04099333,32.18123472]],[[130.04348528,32.19023249],[130.04348528,32.19023249]],[[130.04324,32.19053139],[130.04324,32.19053139]],[[130.03213458,32.19090095],[130.03213458,32.19090095]],[[130.07039667,32.193695],[130.07039667,32.193695]],[[130.07618973,32.19374028],[130.07618973,32.19374028]],[[130.07152333,32.19390916],[130.07152333,32.19390916]],[[130.0702775,32.19385833],[130.0702775,32.19385833]],[[130.07691222,32.19414639],[130.07691222,32.19414639]],[[130.03170956,32.1934009],[130.03170956,32.1934009]],[[130.07245139,32.19469278],[130.07245139,32.19469278]],[[130.07249778,32.19489583],[130.07249778,32.19489583]],[[130.07278944,32.19514972],[130.07278944,32.19514972]],[[130.07567278,32.19545416],[130.07567278,32.19545416]],[[130.07545361,32.20029695],[130.08189,32.19803639],[130.07023112,32.19421361],[130.07545361,32.20029695]],[[130.04455861,32.19899944],[130.04455861,32.19899944]],[[130.07473139,32.19946249],[130.07473139,32.19946249]],[[130.07487694,32.19956972],[130.07487694,32.19956972]],[[130.04653389,32.19992972],[130.04653389,32.19992972]],[[130.04632166,32.20008167],[130.04632166,32.20008167]],[[130.07537416,32.2005],[130.07537416,32.2005]],[[130.07553333,32.2006125],[130.07553333,32.2006125]],[[130.07538083,32.20072528],[130.07538083,32.20072528]],[[130.07598389,32.2009225],[130.07598389,32.2009225]],[[130.07589111,32.20104111],[130.07589111,32.20104111]],[[130.06079805,32.20154805],[130.06079805,32.20154805]],[[130.07686555,32.20165556],[130.07686555,32.20165556]],[[130.04698445,32.20181249],[130.04698445,32.20181249]],[[130.07678611,32.20190944],[130.07678611,32.20190944]],[[130.03401446,32.20122023],[130.03401446,32.20122023]],[[130.06225667,32.20199916],[130.06225667,32.20199916]],[[130.04233139,32.20281028],[130.04233139,32.20281028]],[[130.04798555,32.20309249],[130.04798555,32.20309249]],[[130.04191361,32.20330083],[130.04191361,32.20330083]],[[130.04801166,32.20343083],[130.04801166,32.20343083]],[[130.04225166,32.20498639],[130.04225166,32.20498639]],[[130.04174778,32.20504833],[130.04174778,32.20504833]],[[130.03895722,32.20614777],[130.03895722,32.20614777]],[[130.03762499,32.20653667],[130.03762499,32.20653667]],[[130.03785027,32.20668333],[130.03785027,32.20668333]],[[130.03772445,32.20670028],[130.03772445,32.20670028]],[[130.05404361,32.20684722],[130.05404361,32.20684722]],[[130.03751888,32.20695944],[130.03751888,32.20695944]],[[130.0544875,32.20703889],[130.0544875,32.20703889]],[[130.03096532,32.20718394],[130.03096532,32.20718394]],[[130.05483889,32.20728139],[130.05483889,32.20728139]],[[130.05523,32.20740556],[130.05523,32.20740556]],[[130.06116222,32.20973416],[130.06116222,32.20973416]],[[130.06100306,32.20984111],[130.06100306,32.20984111]],[[130.06675667,32.20988056],[130.06675667,32.20988056]],[[130.0306935,32.21013001],[130.0306935,32.21013001]],[[130.07293445,32.21059695],[130.07293445,32.21059695]],[[130.05886778,32.28026195],[130.05886778,32.28026195]],[[130.03209111,32.28096556],[130.03209111,32.28096556]],[[130.05526499,32.28324972],[130.05526499,32.28324972]],[[130.03303306,32.28609583],[130.03303306,32.28609583]],[[130.04975166,32.28936639],[130.04975166,32.28936639]],[[130.05713584,32.29211778],[130.05713584,32.29211778]],[[130.06487778,32.29707389],[130.06487778,32.29707389]],[[130.02663027,32.30075389],[130.02663027,32.30075389]],[[130.03203694,32.30277249],[130.03203694,32.30277249]],[[130.03171222,32.30276667],[130.03171222,32.30276667]],[[130.03181166,32.30289639],[130.03181166,32.30289639]],[[130.03146,32.30292472],[130.03146,32.30292472]],[[130.03122778,32.30292472],[130.03122778,32.30292472]],[[130.03121445,32.30303749],[130.03121445,32.30303749]],[[130.03069694,32.30302056],[130.03069694,32.30302056]],[[130.03012639,32.30306528],[130.03012639,32.30306528]],[[130.03039861,32.30310472],[130.03039861,32.30310472]],[[130.03048472,32.30325139],[130.03048472,32.30325139]],[[130.03008,32.30362361],[130.03008,32.30362361]],[[130.02983445,32.30361777],[130.02983445,32.30361777]],[[130.02954917,32.30380944],[130.02954917,32.30380944]],[[130.02971499,32.30392805],[130.02971499,32.30392805]],[[130.0295625,32.30398444],[130.0295625,32.30398444]],[[130.02937667,32.30445222],[130.02937667,32.30445222]],[[130.02962888,32.304475],[130.02962888,32.304475]],[[130.02958222,32.30514583],[130.02958222,32.30514583]],[[130.02870639,32.30623361],[130.02870639,32.30623361]],[[130.02668973,32.30691028],[130.02668973,32.30691028]],[[130.04012445,32.31029333],[130.04012445,32.31029333]],[[130.02653569,32.45535269],[130.02653569,32.45535269]],[[130.02790012,32.45563033],[130.02790012,32.45563033]],[[130.02740603,32.45610564],[130.02740603,32.45610564]],[[130.02775061,32.45639872],[130.02775061,32.45639872]],[[130.02844528,32.45661044],[130.02844528,32.45661044]],[[130.02852667,32.45687505],[130.02852667,32.45687505]],[[130.01828496,32.43953365],[130.03794964,32.46648718],[130.03124533,32.48609853],[130.035137,32.47600387],[130.03416139,32.48393164],[130.04741575,32.49162977],[130.0338693,32.51953213],[130.01268263,32.52897461],[130.02101778,32.53605528],[130.03774729,32.53598629],[130.04258134,32.52859203],[130.03912584,32.52466223],[130.03916684,32.53276008],[130.03306751,32.53152256],[130.03418089,32.52173205],[130.04595953,32.51259108],[130.08629233,32.52557376],[130.11881717,32.54863254],[130.1343101,32.54377619],[130.15978885,32.55112269],[130.18901473,32.54877146],[130.18822798,32.53603741],[130.19985416,32.53582639],[130.19038112,32.51382833],[130.19486431,32.51785461],[130.19865778,32.50992916],[130.19243986,32.49685141],[130.19783875,32.49424461],[130.19214555,32.49620167],[130.20856722,32.47226145],[130.19695966,32.45850303],[130.20382179,32.45741619],[130.19803086,32.45764177],[130.20859248,32.42608859],[130.21708555,32.42421778],[130.20580027,32.42077916],[130.21272986,32.42043353],[130.19777189,32.40539528],[130.20136361,32.39173528],[130.19329703,32.3878735],[130.19941805,32.38507723],[130.20779803,32.39626728],[130.21939331,32.39254647],[130.21550111,32.38768778],[130.22359558,32.38338361],[130.21740374,32.3766005],[130.22569993,32.36849267],[130.21046517,32.35707032],[130.20443166,32.32518111],[130.18181584,32.31121583],[130.17216278,32.310815],[130.16678861,32.32307111],[130.17739278,32.33869861],[130.16394888,32.32910889],[130.15753843,32.33518479],[130.16014083,32.32139667],[130.15162917,32.32227583],[130.15702306,32.312365],[130.14299562,32.31731383],[130.13961058,32.29737211],[130.14589056,32.30388],[130.16343889,32.30182833],[130.16088383,32.28966512],[130.1445175,32.28147],[130.13666195,32.29158389],[130.10902205,32.26549939],[130.10675611,32.25352916],[130.09156,32.25410139],[130.09366639,32.24687667],[130.10289306,32.24895695],[130.10205833,32.23507722],[130.08994222,32.22674389],[130.08412861,32.23777667],[130.09189109,32.24371058],[130.07978556,32.24253377],[130.08290944,32.23069583],[130.07249074,32.22372389],[130.08635,32.21974722],[130.07761416,32.2121025],[130.0570925,32.2110025],[130.04505584,32.19908972],[130.04356687,32.2096066],[130.03830451,32.21217352],[130.03873195,32.2063],[130.02894939,32.21446459],[130.03471824,32.20105498],[130.02240856,32.18864723],[130.01300553,32.18953798],[130.01144122,32.20192314],[130.00174931,32.19002779],[129.99063611,32.19723305],[130.00047861,32.221645],[130.00664944,32.22131805],[130.00479517,32.21128774],[130.01470333,32.22241777],[130.00657555,32.24263416],[130.00390472,32.23528278],[129.98833445,32.24014777],[129.99929617,32.25375873],[129.98602111,32.24172611],[129.96719694,32.24312389],[129.99190639,32.28487167],[130.00396083,32.28798944],[130.01089361,32.29839111],[130.0261725,32.30041556],[130.03249333,32.27446753],[130.0369275,32.28572972],[130.0297225,32.28708222],[130.02880639,32.29902333],[130.04235361,32.30320695],[130.04538611,32.29769889],[130.05047882,32.30460768],[130.04510431,32.29218456],[130.05173111,32.27876133],[130.06108485,32.27598582],[130.06722667,32.28779972],[130.06122984,32.29611795],[130.07169111,32.30033278],[130.04063861,32.31493667],[130.03073027,32.30316667],[130.02689472,32.31617305],[130.02526358,32.30778563],[130.00509397,32.31578795],[130.00202944,32.30542167],[129.99422083,32.30653805],[129.99452132,32.32225384],[129.98695555,32.31732833],[129.97686472,32.32918416],[129.97675889,32.36114389],[129.99456166,32.37783778],[129.98825973,32.38377416],[130.00320694,32.40227222],[129.99723722,32.40483167],[130.00486027,32.41158028],[130.00369314,32.42455566],[130.01828496,32.43953365]],[[130.04098973,32.50145705],[130.04098973,32.50145705]],[[130.04142027,32.50235597],[130.04142027,32.50235597]],[[130.04120166,32.50276683],[130.04120166,32.50276683]],[[130.04206431,32.50302459],[130.04206431,32.50302459]],[[130.05323863,32.51786477],[130.05323863,32.51786477]],[[130.02762706,32.51972111],[130.02762706,32.51972111]],[[130.02734117,32.52002411],[130.02734117,32.52002411]],[[130.02708533,32.52013559],[130.02708533,32.52013559]],[[130.0651383,32.52266841],[130.0651383,32.52266841]],[[130.03663433,32.53753016],[130.03663433,32.53753016]],[[130.02728969,32.53843683],[130.02728969,32.53843683]],[[130.02768942,32.53857239],[130.02768942,32.53857239]],[[130.03038161,32.53872725],[130.03038161,32.53872725]],[[130.02758689,32.53875239],[130.02758689,32.53875239]],[[130.02852,32.53928139],[130.02852,32.53928139]],[[130.02822908,32.53926569],[130.02822908,32.53926569]],[[130.02857645,32.53935533],[130.02857645,32.53935533]],[[130.02980197,32.53953931],[130.02980197,32.53953931]],[[130.02977869,32.53987478],[130.02977869,32.53987478]],[[130.07728361,32.19381361],[130.07728361,32.19381361]],[[130.07706472,32.19417444],[130.07706472,32.19417444]],[[130.07862222,32.19455223],[130.07862222,32.19455223]],[[130.07825139,32.19465361],[130.07825139,32.19465361]],[[130.07877472,32.19473833],[130.07877472,32.19473833]],[[130.07848306,32.194885],[130.07848306,32.194885]],[[130.07903333,32.19503723],[130.07903333,32.19503723]],[[130.07864889,32.19506528],[130.07864889,32.19506528]],[[130.07875499,32.19531916],[130.07875499,32.19531916]],[[130.08160499,32.19715111],[130.08160499,32.19715111]],[[130.0823275,32.19725278],[130.0823275,32.19725278]],[[130.08145917,32.19732583],[130.08145917,32.19732583]],[[130.08208888,32.19732583],[130.08208888,32.19732583]],[[130.08290416,32.19743861],[130.08290416,32.19743861]],[[130.08255306,32.19756833],[130.08255306,32.19756833]],[[130.08194973,32.19773749],[130.08194973,32.19773749]],[[130.08231416,32.19777139],[130.08231416,32.19777139]],[[130.08210222,32.19792361],[130.08210222,32.19792361]],[[130.0825725,32.2007425],[130.0825725,32.2007425]],[[130.08239361,32.20095667],[130.08239361,32.20095667]],[[130.08179722,32.20099056],[130.08179722,32.20099056]],[[130.08284445,32.20134583],[130.08284445,32.20134583]],[[130.07695195,32.20143583],[130.07695195,32.20143583]],[[130.08269861,32.20152611],[130.08269861,32.20152611]],[[130.07990139,32.20163333],[130.07990139,32.20163333]],[[130.0825925,32.20159389],[130.0825925,32.20159389]],[[130.08281111,32.20180805],[130.08281111,32.20180805]],[[130.07924499,32.20185305],[130.07924499,32.20185305]],[[130.07959639,32.20195444],[130.07959639,32.20195444]],[[130.07889389,32.20253528],[130.07889389,32.20253528]],[[130.08322222,32.20271583],[130.08322222,32.20271583]],[[130.07902639,32.202975],[130.07902639,32.202975]],[[130.09003584,32.21194472],[130.09003584,32.21194472]],[[130.07728944,32.21201777],[130.07728944,32.21201777]],[[130.0770175,32.21207416],[130.0770175,32.21207416]],[[130.08939278,32.21235639],[130.08939278,32.21235639]],[[130.08992306,32.21231695],[130.08992306,32.21231695]],[[130.07820389,32.21257028],[130.07820389,32.21257028]],[[130.08976361,32.21307249],[130.08976361,32.21307249]],[[130.09042,32.21380556],[130.09042,32.21380556]],[[130.09049944,32.21421111],[130.09049944,32.21421111]],[[130.09081778,32.21483695],[130.09081778,32.21483695]],[[130.07959584,32.21489861],[130.07959584,32.21489861]],[[130.09132139,32.21582361],[130.09132139,32.21582361]],[[130.09100333,32.21549667],[130.09100333,32.21549667]],[[130.08049722,32.21737916],[130.08049722,32.21737916]],[[130.07870083,32.22144416],[130.07870083,32.22144416]],[[130.09096973,32.22659722],[130.09096973,32.22659722]],[[130.09033333,32.22668195],[130.09033333,32.22668195]],[[130.09775694,32.22879639],[130.09775694,32.22879639]],[[130.09789611,32.229005],[130.09789611,32.229005]],[[130.09372694,32.229315],[130.09372694,32.229315]],[[130.09951333,32.23033],[130.09951333,32.23033]],[[130.10043472,32.23113639],[130.10043472,32.23113639]],[[130.08476472,32.24068056],[130.08476472,32.24068056]],[[130.12812056,32.24752528],[130.12812056,32.24752528]],[[130.13452694,32.26265111],[130.13452694,32.26265111]],[[130.13402278,32.26313611],[130.13402278,32.26313611]],[[130.13375722,32.26384639],[130.13375722,32.26384639]],[[130.15464889,32.26361556],[130.15464889,32.26361556]],[[130.11140611,32.26610667],[130.11140611,32.26610667]],[[130.13192611,32.26842972],[130.14098591,32.27810756],[130.15068805,32.27162667],[130.14021944,32.26269083],[130.13192611,32.26842972]],[[130.14254083,32.27817167],[130.14254083,32.27817167]],[[130.13463645,32.28518209],[130.13463645,32.28518209]],[[130.13753778,32.28701167],[130.13753778,32.28701167]],[[130.15856888,32.28747405],[130.15856888,32.28747405]],[[130.15973056,32.28838777],[130.15973056,32.28838777]],[[130.14457027,32.29923444],[130.14457027,32.29923444]],[[130.16594953,32.29959364],[130.16594953,32.29959364]],[[130.14890944,32.30235222],[130.14890944,32.30235222]],[[130.14277381,32.30435232],[130.14277381,32.30435232]],[[130.14571917,32.30427944],[130.14571917,32.30427944]],[[130.16802278,32.31331805],[130.16802278,32.31331805]],[[130.15551027,32.31635083],[130.15551027,32.31635083]],[[130.1927513,32.32171852],[130.1927513,32.32171852]],[[130.19358499,32.322565],[130.19358499,32.322565]],[[130.20447805,32.32448749],[130.20447805,32.32448749]],[[130.16940222,32.32682611],[130.16940222,32.32682611]],[[130.21099278,32.33764556],[130.21099278,32.33764556]],[[130.21510477,32.35583114],[130.21510477,32.35583114]],[[130.23343639,32.36520611],[130.23343639,32.36520611]],[[130.22516861,32.36571833],[130.22516861,32.36571833]],[[130.22527944,32.36602639],[130.22527944,32.36602639]],[[130.23130528,32.36556139],[130.2285061,32.37246878],[130.23571416,32.38065278],[130.23130528,32.36556139]],[[130.2246275,32.37546222],[130.2246275,32.37546222]],[[130.22241722,32.376165],[130.22241722,32.376165]],[[130.22162027,32.37878195],[130.22162027,32.37878195]],[[130.24160577,32.38407944],[130.24160577,32.38407944]],[[130.24174333,32.39890111],[130.24174333,32.39890111]],[[130.23072027,32.39961667],[130.23072027,32.39961667]],[[130.23211472,32.40701861],[130.22842917,32.40432944],[130.23211472,32.40701861]],[[130.27375536,32.40880641],[130.27375536,32.40880641]],[[130.23679584,32.41347889],[130.23679584,32.41347889]],[[130.21325361,32.4145325],[130.21325361,32.4145325]],[[130.21513499,32.41606639],[130.21513499,32.41606639]],[[130.2069918,32.42109871],[130.2069918,32.42109871]],[[130.21544614,32.42669167],[130.21544614,32.42669167]],[[130.21490353,32.42712233],[130.21490353,32.42712233]],[[130.20957922,32.43034503],[130.20957922,32.43034503]],[[130.20400429,32.4455636],[130.20400429,32.4455636]],[[130.20461713,32.44562051],[130.20461713,32.44562051]],[[130.20535501,32.45813541],[130.20535501,32.45813541]],[[130.20596582,32.4584439],[130.20596582,32.4584439]],[[130.25173287,32.47521725],[130.25173287,32.47521725]],[[130.20623835,32.47958695],[130.20623835,32.47958695]],[[130.19899056,32.51018277],[130.19899056,32.51018277]],[[130.19570333,32.51992916],[130.19570333,32.51992916]],[[130.19875667,32.52998083],[130.19875667,32.52998083]],[[130.19926306,32.532825],[130.19926306,32.532825]],[[130.19410584,32.54020639],[130.19816416,32.54383695],[130.19410584,32.54020639]],[[130.19854333,32.54400611],[130.19854333,32.54400611]],[[130.19817722,32.54424278],[130.19817722,32.54424278]],[[130.19818389,32.54477861],[130.19818389,32.54477861]],[[130.19805083,32.54497028],[130.19805083,32.54497028]],[[130.19132632,32.54473695],[130.19132632,32.54473695]],[[130.19794445,32.54542695],[130.19794445,32.54542695]],[[130.13005258,32.54659661],[130.13005258,32.54659661]],[[130.13088684,32.54701428],[130.13088684,32.54701428]],[[130.12734289,32.54819449],[130.12734289,32.54819449]],[[130.13553516,32.54820338],[130.13553516,32.54820338]],[[130.125,32.54799586],[130.125,32.54799586]],[[130.10435833,32.54924639],[130.10435833,32.54924639]],[[130.16605805,32.54989639],[130.16605805,32.54989639]],[[130.16597805,32.54998083],[130.16597805,32.54998083]],[[130.16615111,32.55011611],[130.16615111,32.55011611]],[[130.16578528,32.55025139],[130.16578528,32.55025139]],[[130.19157272,32.54952153],[130.18352403,32.54984869],[130.19157272,32.54952153]],[[130.16384944,32.55029056],[130.16384944,32.55029056]],[[130.1630975,32.55036972],[130.1630975,32.55036972]],[[130.16980333,32.55067444],[130.16980333,32.55067444]],[[130.12060195,32.55075528],[130.10516694,32.55019833],[130.12611122,32.55265556],[130.12060195,32.55075528]],[[130.16026287,32.5511255],[130.16026287,32.5511255]],[[130.17795505,32.55124101],[130.17795505,32.55124101]],[[130.12699294,32.55245869],[130.12699294,32.55245869]],[[130.10415195,32.55287361],[130.10415195,32.55287361]],[[130.10508888,32.55353416],[130.10508888,32.55353416]],[[130.36674575,32.18562517],[130.36674575,32.18562517]],[[130.36212366,32.19400941],[130.36212366,32.19400941]],[[130.36208563,32.19416841],[130.36208563,32.19416841]],[[130.36392678,32.19472367],[130.36392678,32.19472367]],[[130.36432262,32.19482486],[130.36432262,32.19482486]],[[130.3643362,32.19488841],[130.3643362,32.19488841]],[[130.36344332,32.19559927],[130.36344332,32.19559927]],[[130.35926718,32.19591332],[130.35926718,32.19591332]],[[130.36138926,32.19592596],[130.36138926,32.19592596]],[[130.36031885,32.1959485],[130.36031885,32.1959485]],[[130.35995235,32.19607841],[130.35995235,32.19607841]],[[130.36147499,32.1961045],[130.36147499,32.1961045]],[[130.3611801,32.19633922],[130.3611801,32.19633922]],[[130.36666695,32.19972971],[130.3601858,32.19639614],[130.36666695,32.19972971]],[[130.36798662,32.19768932],[130.36798662,32.19768932]],[[130.37008331,32.19978244],[130.37008331,32.19978244]],[[130.36589301,32.1999398],[130.36589301,32.1999398]],[[130.36473021,32.20024735],[130.36473021,32.20024735]],[[130.36540904,32.20041407],[130.36540904,32.20041407]],[[130.3792155,32.20596691],[130.3792155,32.20596691]],[[130.38404978,32.21641757],[130.38404978,32.21641757]],[[130.31752112,32.30559195],[130.31752112,32.30559195]],[[130.30829944,32.30591333],[130.30829944,32.30591333]],[[130.30851195,32.30596972],[130.30851195,32.30596972]],[[130.31956445,32.30669695],[130.31956445,32.30669695]],[[130.32143528,32.307475],[130.32143528,32.307475]],[[130.33935499,32.30992139],[130.33935499,32.30992139]],[[130.32879214,32.31274988],[130.32879214,32.31274988]],[[130.30203667,32.31440861],[130.30203667,32.31440861]],[[130.27701222,32.31512444],[130.27701222,32.31512444]],[[130.27715833,32.31523167],[130.27715833,32.31523167]],[[130.27816667,32.31600944],[130.27816667,32.31600944]],[[130.30195694,32.31562639],[130.30195694,32.31562639]],[[130.2786975,32.31742444],[130.2786975,32.31742444]],[[130.30466361,32.32050305],[130.30466361,32.32050305]],[[130.30187056,32.31954444],[130.30187056,32.31954444]],[[130.35330056,32.31957277],[130.35330056,32.31957277]],[[130.32486499,32.32026056],[130.32486499,32.32026056]],[[130.30083555,32.32037861],[130.30083555,32.32037861]],[[130.29132222,32.32218249],[130.29132222,32.32218249]],[[130.28027611,32.32226695],[130.28027611,32.32226695]],[[130.28039555,32.32286472],[130.28039555,32.32286472]],[[130.32720056,32.32314695],[130.32720056,32.32314695]],[[130.32738639,32.32373889],[130.32738639,32.32373889]],[[130.30231499,32.32407695],[130.30231499,32.32407695]],[[130.36080988,32.32656031],[130.36080988,32.32656031]],[[130.36273503,32.33121082],[130.32878611,32.30430667],[130.30041139,32.30440833],[130.32187278,32.31744723],[130.3307076,32.31289686],[130.33447,32.32882995],[130.32933027,32.33323805],[130.34718,32.35056778],[130.37424341,32.34889117],[130.36273503,32.33121082]],[[130.29578027,32.33341805],[130.3038675,32.33535749],[130.30017861,32.32118472],[130.29578027,32.33341805]],[[130.32926389,32.33317028],[130.32926389,32.33317028]],[[130.3648283,32.33438918],[130.3648283,32.33438918]],[[130.36467009,32.33465397],[130.36467009,32.33465397]],[[130.28675139,32.33590972],[130.28675139,32.33590972]],[[130.32669067,32.33847063],[130.32669067,32.33847063]],[[130.29089694,32.34001944],[130.28503333,32.33662583],[130.29089694,32.34001944]],[[130.33730866,32.34052197],[130.33730866,32.34052197]],[[130.33093805,32.34094444],[130.3352075,32.34438889],[130.33093805,32.34094444]],[[130.28939778,32.343145],[130.28939778,32.343145]],[[130.31083056,32.34355916],[130.31083056,32.34355916]],[[130.31352917,32.34549972],[130.31352917,32.34549972]],[[130.28988222,32.34549105],[130.28988222,32.34549105]],[[130.31339944,32.34575472],[130.31339944,32.34575472]],[[130.36194348,32.34846981],[130.36194348,32.34846981]],[[130.35724667,32.3537925],[130.36074815,32.34903141],[130.35724667,32.3537925]],[[130.29992778,32.35763556],[130.30383257,32.36327841],[130.31104306,32.35776556],[130.3133942,32.36806992],[130.32195309,32.36811519],[130.32386484,32.35753833],[130.32780323,32.36468805],[130.32794917,32.35745583],[130.34234555,32.35540444],[130.33924499,32.34731472],[130.31019973,32.33925333],[130.31372584,32.34713416],[130.32399166,32.34883667],[130.30191973,32.35067389],[130.29992778,32.35763556]],[[130.29815267,32.35606033],[130.29815267,32.35606033]],[[130.35810333,32.35721083],[130.35810333,32.35721083]],[[130.34100406,32.36811026],[130.35007829,32.37338718],[130.35533165,32.36475246],[130.34897765,32.36055199],[130.34100406,32.36811026]],[[130.3186817,32.36794352],[130.3186817,32.36794352]],[[130.32081671,32.36903686],[130.32081671,32.36903686]],[[130.31345809,32.36835297],[130.31345809,32.36835297]],[[130.31548087,32.37008686],[130.31548087,32.37008686]],[[130.30766432,32.36809177],[130.31014315,32.37436386],[130.30766432,32.36809177]],[[130.31741274,32.37487589],[130.31741274,32.37487589]],[[130.31813641,32.37496597],[130.31813641,32.37496597]],[[130.32311034,32.37024316],[130.31732584,32.37681662],[130.32454258,32.3820705],[130.32311034,32.37024316]],[[130.31301067,32.37619716],[130.31301067,32.37619716]],[[130.3156375,32.37639181],[130.3156375,32.37639181]],[[130.3524949,32.37843019],[130.3524949,32.37843019]],[[130.32422297,32.38220279],[130.32422297,32.38220279]],[[130.38486881,32.38717207],[130.38486881,32.38717207]],[[130.34112969,32.38786388],[130.33644746,32.38358205],[130.34438529,32.39270664],[130.34112969,32.38786388]],[[130.35034366,32.38932063],[130.35034366,32.38932063]],[[130.32909062,32.3909741],[130.32644145,32.3861877],[130.32847292,32.39552311],[130.32909062,32.3909741]],[[130.32564437,32.39376446],[130.32564437,32.39376446]],[[130.3091075,32.39487972],[130.3091075,32.39487972]],[[130.30890195,32.39497361],[130.30890195,32.39497361]],[[130.30460847,32.3947961],[130.30460847,32.3947961]],[[130.3164935,32.39602441],[130.3164935,32.39602441]],[[130.31671084,32.39612741],[130.31671084,32.39612741]],[[130.31682634,32.39655541],[130.31682634,32.39655541]],[[130.28751805,32.396785],[130.28751805,32.396785]],[[130.32956619,32.39753397],[130.32956619,32.39753397]],[[130.32928005,32.39779315],[130.32928005,32.39779315]],[[130.33209122,32.39945174],[130.33209122,32.39945174]],[[130.29166667,32.3999386],[130.29166667,32.3999386]],[[130.29265156,32.40071525],[130.29265156,32.40071525]],[[130.34742508,32.39828201],[130.35526398,32.40819132],[130.34937499,32.42171688],[130.34277254,32.4052107],[130.32934227,32.39791316],[130.28621027,32.39732528],[130.27455553,32.41234789],[130.26153209,32.41056049],[130.25244056,32.38751056],[130.23411416,32.38510056],[130.24039555,32.39653333],[130.24683639,32.39510167],[130.24611493,32.40841918],[130.2285575,32.42081889],[130.22866888,32.41195676],[130.22102365,32.41566903],[130.20459689,32.45143524],[130.23479056,32.46077583],[130.25903416,32.47900277],[130.29118511,32.48433989],[130.28673756,32.48784756],[130.29393306,32.4979375],[130.31977964,32.51921795],[130.33477973,32.52189056],[130.33981256,32.51391971],[130.34326111,32.52164305],[130.36198075,32.5283143],[130.36186083,32.52110861],[130.36726222,32.52800305],[130.37387419,32.52438195],[130.37007,32.51285083],[130.38461726,32.52433806],[130.37702119,32.51830112],[130.37920994,32.51153696],[130.38751826,32.51870115],[130.39465671,32.50002127],[130.41767686,32.5246487],[130.42903982,32.5162009],[130.4379339,32.52765373],[130.4551651,32.52228049],[130.4516489,32.52680804],[130.46104711,32.53024914],[130.43761003,32.48625577],[130.4374886,32.46949628],[130.41737114,32.44863151],[130.41861342,32.43925013],[130.40775025,32.43522757],[130.42397676,32.43263199],[130.41483256,32.4222988],[130.40203403,32.42701019],[130.41156568,32.41542047],[130.40057559,32.40063743],[130.40374562,32.39440701],[130.3921659,32.39483616],[130.38023385,32.38231248],[130.37666201,32.38944965],[130.36671791,32.38971725],[130.35376134,32.3766571],[130.34742508,32.39828201]],[[130.34984563,32.40263538],[130.34984563,32.40263538]],[[130.35004878,32.40682817],[130.35004878,32.40682817]],[[130.39704782,32.50346263],[130.39704782,32.50346263]],[[130.39496707,32.503701],[130.39496707,32.503701]],[[130.39384052,32.50459298],[130.39384052,32.50459298]],[[130.39072516,32.50599725],[130.39072516,32.50599725]],[[130.39043202,32.51555034],[130.39043202,32.51555034]],[[130.31960489,32.51864628],[130.31960489,32.51864628]],[[130.362787,32.52712511],[130.362787,32.52712511]],[[130.34008112,32.52871167],[130.34008112,32.52871167]],[[130.37390111,32.52727472],[130.37405416,32.53282111],[130.37390111,32.52727472]],[[130.36328416,32.53197139],[130.36328416,32.53197139]],[[130.36458139,32.53277777],[130.36458139,32.53277777]],[[130.36529944,32.53317223],[130.36529944,32.53317223]],[[130.38032668,32.53547587],[130.38032668,32.53547587]],[[130.39739831,32.5421133],[130.39739831,32.5421133]],[[130.39160726,32.54312231],[130.39642831,32.54444975],[130.39160726,32.54312231]],[[130.39753654,32.54512341],[130.39753654,32.54512341]],[[130.39831488,32.54533175],[130.39831488,32.54533175]],[[130.39563403,32.5458898],[130.39563403,32.5458898]],[[130.39568071,32.54607008],[130.39568071,32.54607008]],[[130.39834385,32.56592444],[130.39834385,32.56592444]],[[130.38852052,32.580699],[130.38852052,32.580699]],[[130.38080786,32.580831],[130.38080786,32.580831]],[[130.38070499,32.58085791],[130.38070499,32.58085791]],[[130.38069283,32.58089212],[130.38069283,32.58089212]],[[130.38954953,32.5830841],[130.38000371,32.58200452],[130.38954953,32.5830841]],[[130.39374368,32.58700932],[130.39374368,32.58700932]],[[130.38450027,32.58720047],[130.38450027,32.58720047]],[[130.37504717,32.58851409],[130.37504717,32.58851409]],[[130.39492966,32.59008577],[130.39492966,32.59008577]],[[130.34097165,32.59742409],[130.34097165,32.59742409]],[[130.33694515,32.59817935],[130.33694515,32.59817935]],[[130.33353636,32.59854846],[130.33353636,32.59854846]],[[130.33612392,32.59915707],[130.33612392,32.59915707]],[[130.33166048,32.60304424],[130.34388733,32.60332802],[130.34084584,32.59787496],[130.33166048,32.60304424]],[[130.39554578,32.6101581],[130.39554578,32.6101581]],[[130.41083773,32.23173813],[130.41083773,32.23173813]],[[130.40748986,32.23451298],[130.40748986,32.23451298]],[[130.41552014,32.23746321],[130.41552014,32.23746321]],[[130.43136103,32.24066034],[130.43136103,32.24066034]],[[130.43023354,32.25299894],[130.43023354,32.25299894]],[[130.42939882,32.25344116],[130.42939882,32.25344116]],[[130.42849076,32.25409255],[130.42849076,32.25409255]],[[130.42815467,32.26317142],[130.42815467,32.26317142]],[[130.4284655,32.26465142],[130.4284655,32.26465142]],[[130.42834411,32.26486642],[130.42834411,32.26486642]],[[130.42808551,32.26471226],[130.42808551,32.26471226]],[[130.41736598,32.36723138],[130.41736598,32.36723138]],[[130.41790931,32.3672979],[130.41790931,32.3672979]],[[130.41766948,32.36726929],[130.41766948,32.36726929]],[[130.41754073,32.36744677],[130.41754073,32.36744677]],[[130.41159992,32.3708127],[130.41159992,32.3708127]],[[130.41176603,32.37093686],[130.41176603,32.37093686]],[[130.40825667,32.3705445],[130.41360406,32.37447652],[130.40825667,32.3705445]],[[130.41786769,32.37486244],[130.41786769,32.37486244]],[[130.41771297,32.37497216],[130.41771297,32.37497216]],[[130.43188837,32.3754336],[130.43188837,32.3754336]],[[130.43189265,32.37586691],[130.43189265,32.37586691]],[[130.43314132,32.38216863],[130.43314132,32.38216863]],[[130.40804777,32.39187519],[130.4148847,32.39930891],[130.4231958,32.39394469],[130.42444057,32.38119572],[130.4366037,32.38213491],[130.41798288,32.36733784],[130.42118901,32.37850679],[130.40975625,32.38336699],[130.40804777,32.39187519]],[[130.42595463,32.38769636],[130.42595463,32.38769636]],[[130.39997759,32.38799711],[130.39958839,32.39461273],[130.40709913,32.38989012],[130.39997759,32.38799711]],[[130.42415235,32.39533504],[130.42415235,32.39533504]],[[130.42717826,32.39958275],[130.42717826,32.39958275]],[[130.42596372,32.40976192],[130.42596372,32.40976192]],[[130.4054062,32.42186264],[130.4054062,32.42186264]],[[130.40975123,32.43550466],[130.40975123,32.43550466]],[[130.42207607,32.4499464],[130.42207607,32.4499464]],[[130.42122978,32.45132584],[130.42122978,32.45132584]],[[130.39958007,32.51024091],[130.39958007,32.51024091]],[[130.399387,32.51030868],[130.399387,32.51030868]],[[130.40030759,32.51089132],[130.40030759,32.51089132]],[[130.39999838,32.51116725],[130.39999838,32.51116725]],[[130.40091632,32.51130059],[130.40091632,32.51130059]],[[130.40208134,32.51436653],[130.40208134,32.51436653]],[[130.4021498,32.51447426],[130.4021498,32.51447426]],[[130.40197101,32.51456892],[130.40197101,32.51456892]],[[130.40210228,32.51459371],[130.40210228,32.51459371]],[[130.40154375,32.51640406],[130.40154375,32.51640406]],[[130.42450643,32.51954574],[130.42450643,32.51954574]],[[130.42432266,32.51951991],[130.42432266,32.51951991]],[[130.42405458,32.51964684],[130.42405458,32.51964684]],[[130.40694103,32.52073507],[130.40694103,32.52073507]],[[130.41045907,32.52071491],[130.41045907,32.52071491]],[[130.40793882,32.52329931],[130.40793882,32.52329931]],[[130.43182383,32.52404146],[130.43182383,32.52404146]],[[130.41250537,32.52466478],[130.41250537,32.52466478]],[[130.42304172,32.5245726],[130.43191215,32.52722599],[130.42870612,32.5205255],[130.42304172,32.5245726]],[[130.40991332,32.5254237],[130.40991332,32.5254237]],[[130.41001829,32.52581297],[130.41001829,32.52581297]],[[130.41008529,32.52583934],[130.41008529,32.52583934]],[[130.41295359,32.52633777],[130.41295359,32.52633777]],[[130.41195672,32.52649868],[130.41195672,32.52649868]],[[130.41878934,32.52813648],[130.41878934,32.52813648]],[[130.41350239,32.52816343],[130.41350239,32.52816343]],[[130.41871176,32.52819799],[130.41871176,32.52819799]],[[130.41878938,32.52817932],[130.41878938,32.52817932]],[[130.41896484,32.52855511],[130.41896484,32.52855511]],[[130.41602772,32.52850913],[130.41602772,32.52850913]],[[130.41859298,32.52951634],[130.41859298,32.52951634]],[[130.42013958,32.52861376],[130.42013958,32.52861376]],[[130.41009766,32.52893047],[130.41009766,32.52893047]],[[130.41006502,32.52895701],[130.41006502,32.52895701]],[[130.41015376,32.52894777],[130.41015376,32.52894777]],[[130.41028209,32.52919854],[130.41028209,32.52919854]],[[130.41036707,32.52929246],[130.41036707,32.52929246]],[[130.41057201,32.52938613],[130.41057201,32.52938613]],[[130.41250362,32.52946306],[130.41250362,32.52946306]],[[130.41060695,32.52948016],[130.41060695,32.52948016]],[[130.4113887,32.52956751],[130.4113887,32.52956751]],[[130.41869754,32.52962983],[130.41869754,32.52962983]],[[130.4230699,32.52985623],[130.4230699,32.52985623]],[[130.42830019,32.5300508],[130.42830019,32.5300508]],[[130.40981429,32.52989011],[130.40981429,32.52989011]],[[130.40991158,32.52989066],[130.40991158,32.52989066]],[[130.41671494,32.52998029],[130.41671494,32.52998029]],[[130.40990671,32.52998596],[130.40990671,32.52998596]],[[130.42782344,32.53002582],[130.42782344,32.53002582]],[[130.4279892,32.53014281],[130.4279892,32.53014281]],[[130.41657652,32.53014901],[130.41657652,32.53014901]],[[130.42970134,32.53063892],[130.42970134,32.53063892]],[[130.41807379,32.53087441],[130.41807379,32.53087441]],[[130.42979171,32.53101151],[130.42979171,32.53101151]],[[130.42071772,32.53153313],[130.42071772,32.53153313]],[[130.418844,32.5319488],[130.418844,32.5319488]],[[130.41791292,32.53202814],[130.41791292,32.53202814]],[[130.41831598,32.53202959],[130.41831598,32.53202959]],[[130.42660489,32.53240314],[130.42660489,32.53240314]],[[130.43289658,32.53300675],[130.43289658,32.53300675]],[[130.42661529,32.5326933],[130.42661529,32.5326933]],[[130.42272118,32.53344987],[130.42272118,32.53344987]],[[130.42361205,32.53177748],[130.4202008,32.53575242],[130.42361205,32.53177748]],[[130.42264467,32.53389285],[130.42264467,32.53389285]],[[130.42695926,32.53396615],[130.42695926,32.53396615]],[[130.42631467,32.53416468],[130.42631467,32.53416468]],[[130.42555067,32.53440703],[130.42555067,32.53440703]],[[130.42420685,32.53447483],[130.42420685,32.53447483]],[[130.42506093,32.53447811],[130.42506093,32.53447811]],[[130.42832588,32.53456757],[130.42832588,32.53456757]],[[130.40042402,32.53477924],[130.40042402,32.53477924]],[[130.42824619,32.53474496],[130.42824619,32.53474496]],[[130.42623563,32.53514432],[130.42623563,32.53514432]],[[130.42756497,32.53506254],[130.42756497,32.53506254]],[[130.42628676,32.535641],[130.42628676,32.535641]],[[130.42640315,32.53578727],[130.42640315,32.53578727]],[[130.42983235,32.5362902],[130.42983235,32.5362902]],[[130.42937252,32.53637722],[130.42937252,32.53637722]],[[130.42946319,32.5364174],[130.42946319,32.5364174]],[[130.42940721,32.53639677],[130.42940721,32.53639677]],[[130.42357425,32.53641165],[130.42357425,32.53641165]],[[130.42932538,32.53654231],[130.42932538,32.53654231]],[[130.43087825,32.53754973],[130.43087825,32.53754973]],[[130.43069628,32.53772395],[130.43069628,32.53772395]],[[130.43116887,32.53772167],[130.43116887,32.53772167]],[[130.4314045,32.53795404],[130.4314045,32.53795404]],[[130.40567244,32.5390067],[130.40567244,32.5390067]],[[130.39724265,32.53722427],[130.39720901,32.5444405],[130.40804853,32.54231015],[130.40501616,32.53561999],[130.39724265,32.53722427]],[[130.40641476,32.54428923],[130.4288711,32.54133744],[130.41263724,32.53716482],[130.40641476,32.54428923]],[[130.41111568,32.55160051],[130.41111568,32.55160051]],[[130.40376169,32.55214112],[130.40376169,32.55214112]],[[130.4051192,32.55683678],[130.4051192,32.55683678]],[[130.40520224,32.55685467],[130.40520224,32.55685467]],[[130.40430844,32.57130178],[130.40430844,32.57130178]],[[130.40402029,32.57137593],[130.40402029,32.57137593]],[[130.40440392,32.57149993],[130.40440392,32.57149993]],[[130.41633428,32.57928209],[130.41633428,32.57928209]],[[130.40360711,32.58025581],[130.40360711,32.58025581]],[[130.40366502,32.58264073],[130.39362427,32.58885996],[130.41206895,32.60582382],[130.41068984,32.61451435],[130.41778516,32.61680655],[130.41544427,32.60673344],[130.42508658,32.60376483],[130.41967914,32.61742439],[130.43085883,32.61387095],[130.4429507,32.62582762],[130.44402122,32.61864697],[130.45802013,32.6144089],[130.4516272,32.60160499],[130.44078244,32.60165938],[130.44495342,32.59184752],[130.46018406,32.58867765],[130.44278428,32.56964457],[130.4509954,32.56674585],[130.44993149,32.54995583],[130.44201338,32.54762799],[130.44155549,32.55570151],[130.44087249,32.54783827],[130.40478747,32.55093737],[130.40751496,32.56813551],[130.41937467,32.57522857],[130.41644384,32.58190208],[130.40366502,32.58264073]],[[130.40446796,32.60188124],[130.40446796,32.60188124]],[[130.40337507,32.60225024],[130.40337507,32.60225024]],[[130.42199124,32.60891094],[130.42199124,32.60891094]],[[130.41266756,32.61472568],[130.41266756,32.61472568]],[[130.41284506,32.61482721],[130.41284506,32.61482721]],[[130.4324918,32.2310131],[130.43606991,32.24041187],[130.42414966,32.24995505],[130.43607857,32.25366109],[130.42816275,32.26441693],[130.45073795,32.27225781],[130.44495881,32.27862947],[130.45212704,32.28035672],[130.45015567,32.28853057],[130.45889925,32.29059479],[130.46550289,32.27716726],[130.46429527,32.29565718],[130.47759726,32.28695775],[130.49079895,32.2987908],[130.47033091,32.30050486],[130.47170938,32.3163985],[130.46503726,32.32623931],[130.4739123,32.3316787],[130.48224026,32.32759249],[130.48258643,32.34478976],[130.50719333,32.35394475],[130.50332558,32.36082765],[130.48625305,32.36321788],[130.54742054,32.42234149],[130.5754462,32.43421092],[130.56827379,32.43499551],[130.57378811,32.4395766],[130.5650331,32.45601941],[130.5649508,32.47600081],[130.54464872,32.47845897],[130.5424955,32.48454357],[130.54440646,32.49860566],[130.56273974,32.49863688],[130.56513895,32.50543761],[130.53256437,32.52277056],[130.57258987,32.50747492],[130.53615678,32.52585724],[130.54383767,32.53823789],[130.55690267,32.54292427],[130.56239877,32.53790521],[130.59353991,32.57987734],[130.63396488,32.60336445],[130.61784831,32.61913484],[130.64061328,32.62363555],[130.65389593,32.6128365],[130.65414172,32.62911959],[130.6614368,32.6319292],[130.65165123,32.6426248],[130.59382741,32.6223068],[130.5437452,32.62497618],[130.51339511,32.61187795],[130.45937278,32.60730859],[130.46154355,32.61701885],[130.45099021,32.62386188],[130.4617956,32.6343077],[130.51801041,32.66071941],[130.51299159,32.6610894],[130.53792665,32.66500165],[130.56062551,32.69497112],[130.58080846,32.70404768],[130.57510686,32.70581815],[130.60704642,32.71298731],[130.60844249,32.74607013],[130.59770206,32.77638159],[130.61438351,32.79265801],[130.58939105,32.81616495],[130.5948728,32.81805106],[130.59146179,32.82193974],[130.58931009,32.81686194],[130.59115074,32.82524735],[130.57837508,32.82891684],[130.58360477,32.83282124],[130.57770795,32.83952597],[130.58444528,32.84198522],[130.57053516,32.84902346],[130.56391863,32.8419552],[130.52371106,32.85058494],[130.5232097,32.88091927],[130.47791224,32.90457853],[130.46259621,32.90144394],[130.45702006,32.90543451],[130.46136309,32.91960481],[130.45165009,32.9090966],[130.44339756,32.9152856],[130.42968329,32.99586941],[130.41684598,32.9927098],[130.41413669,33.00231377],[130.50602418,33.00270958],[130.51579298,33.01401853],[130.49672847,33.05175789],[130.51687373,33.06556659],[130.53143889,33.06397078],[130.54136677,33.08201109],[130.56561245,33.08710559],[130.56179588,33.1041892],[130.57687721,33.11501757],[130.65957031,33.10948555],[130.65439946,33.1139491],[130.66890026,33.1389541],[130.66650909,33.15504653],[130.68002154,33.17130875],[130.69077018,33.16406631],[130.69205383,33.15154778],[130.73400362,33.15381839],[130.77088934,33.12433268],[130.81829483,33.11443155],[130.82037923,33.10657101],[130.83982283,33.10405448],[130.84574475,33.09217916],[130.87697758,33.09182979],[130.8897334,33.08358629],[130.89719111,33.06542205],[130.90800172,33.0641777],[130.91585122,33.05348938],[130.94682021,33.05283736],[130.97027305,33.02376604],[130.9908521,33.02382438],[131.01453658,33.04756959],[131.01774398,33.06369385],[131.01078257,33.07095096],[131.02405073,33.08754447],[130.99351253,33.12015787],[130.99460945,33.12929723],[130.97833245,33.14090206],[130.98440246,33.1424029],[130.98205802,33.15742136],[130.99221813,33.18320432],[131.01554344,33.17745406],[131.03884626,33.19413377],[131.06002012,33.19517549],[131.11185942,33.18291534],[131.11951327,33.16900813],[131.16121745,33.14076757],[131.17454852,33.08308467],[131.18575986,33.07390078],[131.19330121,33.07754629],[131.2167242,33.05345781],[131.2236249,33.01716432],[131.24730171,32.99587096],[131.24712411,32.98252951],[131.26350936,32.97655754],[131.24598008,32.96000196],[131.25298783,32.95606723],[131.24580183,32.93967462],[131.25738563,32.88743086],[131.26416682,32.87912647],[131.27339161,32.88167705],[131.2734369,32.87099626],[131.29424114,32.85711972],[131.31440455,32.85080251],[131.32950488,32.83301386],[131.26518241,32.82646104],[131.2453699,32.78655135],[131.23453214,32.78081414],[131.24646449,32.76939612],[131.23415956,32.75338585],[131.23505994,32.74437826],[131.17996724,32.71207751],[131.17510305,32.6719322],[131.1513894,32.68005723],[131.14353519,32.67628026],[131.14019105,32.66464666],[131.11554908,32.64210463],[131.12062249,32.60532149],[131.1059358,32.58907479],[131.10803665,32.58175566],[131.09117611,32.57863331],[131.05192385,32.58763403],[131.0416286,32.5798937],[131.03896175,32.55442611],[131.01810433,32.54685919],[131.02561462,32.5211089],[131.0094069,32.51540559],[131.00695927,32.49005799],[131.01637966,32.47361522],[131.01989214,32.43867312],[131.04356555,32.40822666],[131.06812066,32.40748315],[131.06930795,32.38431796],[131.07985746,32.37428749],[131.07433878,32.36090968],[131.09654837,32.35018836],[131.1119165,32.32995597],[131.07859433,32.28122277],[131.05050651,32.2858246],[131.05424451,32.26706413],[131.04333533,32.26129691],[131.04270246,32.24816313],[131.07156436,32.23689077],[131.06896542,32.22571444],[131.08421092,32.20621317],[131.10053149,32.2015429],[131.10144364,32.17270548],[131.1089653,32.16014881],[131.09721807,32.15219687],[131.07179886,32.16028274],[131.05876442,32.15482744],[131.03735333,32.17021211],[131.01212591,32.17433082],[130.99238681,32.15792293],[130.99263569,32.14804153],[130.97477741,32.13705226],[130.97448961,32.12081475],[130.93308525,32.11608212],[130.90601198,32.13359401],[130.86909281,32.11489486],[130.85744781,32.09969268],[130.83870117,32.10726514],[130.82079672,32.09492408],[130.77560034,32.10191305],[130.75941755,32.09680758],[130.75162394,32.10406869],[130.74194366,32.09788841],[130.73523617,32.10894808],[130.72447533,32.10093811],[130.69907281,32.10699918],[130.65477671,32.13586691],[130.65164393,32.15126547],[130.62269612,32.15605832],[130.61087195,32.18626741],[130.60322974,32.18749936],[130.59172086,32.18595771],[130.5967689,32.17596831],[130.58267781,32.15491365],[130.54195756,32.14948451],[130.5402934,32.13667566],[130.50551759,32.14065872],[130.49185066,32.13358596],[130.47983594,32.13964097],[130.473474,32.11858625],[130.42883681,32.11382515],[130.40199546,32.12062515],[130.3866241,32.14745181],[130.36136056,32.16719398],[130.36863986,32.17322837],[130.35997881,32.18088348],[130.37191022,32.18410459],[130.36972704,32.1776622],[130.37801895,32.17645101],[130.3797178,32.198004],[130.37128834,32.20155435],[130.38461729,32.20758691],[130.3776408,32.21170491],[130.38824988,32.21429902],[130.38387728,32.2172211],[130.40236623,32.23539948],[130.4103559,32.23060513],[130.42268385,32.23816621],[130.4324918,32.2310131]],[[130.43412677,32.25395522],[130.43412677,32.25395522]],[[130.4483538,32.27526031],[130.4483538,32.27526031]],[[130.44792575,32.27633281],[130.44792575,32.27633281]],[[130.44721685,32.27651753],[130.44721685,32.27651753]],[[130.44895436,32.28520863],[130.44895436,32.28520863]],[[130.45028492,32.28881835],[130.45028492,32.28881835]],[[130.46398427,32.29563962],[130.46398427,32.29563962]],[[130.46429246,32.29613696],[130.46429246,32.29613696]],[[130.44932462,32.2966248],[130.44932462,32.2966248]],[[130.44906673,32.29698703],[130.44906673,32.29698703]],[[130.45084973,32.29710189],[130.45084973,32.29710189]],[[130.44850948,32.2977883],[130.44850948,32.2977883]],[[130.45132542,32.2978065],[130.45132542,32.2978065]],[[130.45215956,32.29823219],[130.45215956,32.29823219]],[[130.4650222,32.2982549],[130.4650222,32.2982549]],[[130.4478706,32.29842322],[130.4478706,32.29842322]],[[130.4509897,32.29854186],[130.4509897,32.29854186]],[[130.45102726,32.29882788],[130.45102726,32.29882788]],[[130.44694772,32.29873971],[130.44694772,32.29873971]],[[130.45388447,32.29991619],[130.45388447,32.29991619]],[[130.45397553,32.30066783],[130.45397553,32.30066783]],[[130.45520272,32.30106905],[130.45520272,32.30106905]],[[130.45465973,32.30113524],[130.45465973,32.30113524]],[[130.45479811,32.30161111],[130.45479811,32.30161111]],[[130.45732413,32.32936275],[130.45732413,32.32936275]],[[130.43536798,32.38103395],[130.43536798,32.38103395]],[[130.44447971,32.46673815],[130.44447971,32.46673815]],[[130.43773921,32.46987715],[130.43773921,32.46987715]],[[130.43892849,32.47074515],[130.43892849,32.47074515]],[[130.43572366,32.47160569],[130.43572366,32.47160569]],[[130.439079,32.47343722],[130.439079,32.47343722]],[[130.43434986,32.52559423],[130.43434986,32.52559423]],[[130.43430625,32.52567286],[130.43430625,32.52567286]],[[130.44955172,32.52698456],[130.44955172,32.52698456]],[[130.43051646,32.53021578],[130.43716298,32.52996055],[130.43051646,32.53021578]],[[130.43901319,32.53103098],[130.43901319,32.53103098]],[[130.46135244,32.53150787],[130.46135244,32.53150787]],[[130.43977281,32.53199534],[130.43977281,32.53199534]],[[130.43991176,32.53204268],[130.43991176,32.53204268]],[[130.43921523,32.53223112],[130.43921523,32.53223112]],[[130.44016198,32.5324644],[130.44016198,32.5324644]],[[130.43306984,32.53460627],[130.43306984,32.53460627]],[[130.43890738,32.53263871],[130.43939853,32.53920757],[130.43890738,32.53263871]],[[130.43311006,32.53555967],[130.43311006,32.53555967]],[[130.43426483,32.53574704],[130.43426483,32.53574704]],[[130.43465515,32.53633506],[130.43465515,32.53633506]],[[130.43739541,32.5365976],[130.43739541,32.5365976]],[[130.43640712,32.53762053],[130.43640712,32.53762053]],[[130.43571262,32.53808951],[130.43571262,32.53808951]],[[130.46360708,32.53902988],[130.46360708,32.53902988]],[[130.43826734,32.54001442],[130.43826734,32.54001442]],[[130.46341291,32.54378832],[130.46341291,32.54378832]],[[130.46482058,32.54545086],[130.46482058,32.54545086]],[[130.45554471,32.54607333],[130.45554471,32.54607333]],[[130.4637334,32.54659677],[130.4637334,32.54659677]],[[130.46419584,32.5488328],[130.46419584,32.5488328]],[[130.4502489,32.54958919],[130.4502489,32.54958919]],[[130.46468061,32.54983995],[130.46468061,32.54983995]],[[130.46481663,32.55126657],[130.46481663,32.55126657]],[[130.46477132,32.55305214],[130.46477132,32.55305214]],[[130.45677547,32.55402743],[130.45677547,32.55402743]],[[130.45680658,32.55404217],[130.45680658,32.55404217]],[[130.45930323,32.55425891],[130.45930323,32.55425891]],[[130.46430681,32.55424237],[130.46430681,32.55424237]],[[130.46474134,32.55539493],[130.46474134,32.55539493]],[[130.46458058,32.55537062],[130.46458058,32.55537062]],[[130.4640163,32.55616352],[130.4640163,32.55616352]],[[130.45120645,32.55682849],[130.45120645,32.55682849]],[[130.46402306,32.55706771],[130.46402306,32.55706771]],[[130.46294934,32.55811013],[130.46294934,32.55811013]],[[130.4588839,32.55825506],[130.4588839,32.55825506]],[[130.46039027,32.55817818],[130.46039027,32.55817818]],[[130.46084898,32.55845187],[130.46084898,32.55845187]],[[130.45949809,32.55861163],[130.45949809,32.55861163]],[[130.46139021,32.55840567],[130.46139021,32.55840567]],[[130.45267187,32.55802884],[130.45267187,32.55802884]],[[130.46219721,32.55911244],[130.46219721,32.55911244]],[[130.45975228,32.55919584],[130.45975228,32.55919584]],[[130.4506899,32.56065935],[130.4506899,32.56065935]],[[130.46061213,32.56199895],[130.46061213,32.56199895]],[[130.46041136,32.56205633],[130.46041136,32.56205633]],[[130.45140625,32.56226932],[130.45140625,32.56226932]],[[130.46038497,32.56253356],[130.46038497,32.56253356]],[[130.46026296,32.56267092],[130.46026296,32.56267092]],[[130.46013296,32.56286371],[130.46013296,32.56286371]],[[130.45971322,32.56308547],[130.45971322,32.56308547]],[[130.4567246,32.56499534],[130.45342894,32.56084759],[130.4567246,32.56499534]],[[130.45136699,32.56359735],[130.45136699,32.56359735]],[[130.45901435,32.5639656],[130.45901435,32.5639656]],[[130.45264156,32.5659515],[130.45264156,32.5659515]],[[130.45745239,32.56685306],[130.45745239,32.56685306]],[[130.45778532,32.56699175],[130.45778532,32.56699175]],[[130.45185951,32.56713135],[130.45185951,32.56713135]],[[130.44893222,32.56715084],[130.44893222,32.56715084]],[[130.44914193,32.56749634],[130.44914193,32.56749634]],[[130.44537516,32.56843913],[130.44537516,32.56843913]],[[130.45492154,32.56645749],[130.45697584,32.57372605],[130.45492154,32.56645749]],[[130.45745398,32.57095839],[130.45745398,32.57095839]],[[130.44738965,32.57099904],[130.44738965,32.57099904]],[[130.44834693,32.57104491],[130.44834693,32.57104491]],[[130.45064731,32.57423269],[130.45064731,32.57423269]],[[130.45839141,32.57496214],[130.45839141,32.57496214]],[[130.45904336,32.57556141],[130.45904336,32.57556141]],[[130.45999568,32.57527169],[130.45999568,32.57527169]],[[130.46072008,32.57656277],[130.46072008,32.57656277]],[[130.46092782,32.57678587],[130.46092782,32.57678587]],[[130.46094834,32.57855305],[130.46094834,32.57855305]],[[130.45824412,32.58746529],[130.45824412,32.58746529]],[[130.45865158,32.58762135],[130.45865158,32.58762135]],[[130.45871488,32.58779594],[130.45871488,32.58779594]],[[130.45984232,32.58837913],[130.45984232,32.58837913]],[[130.45580706,32.58890478],[130.45580706,32.58890478]],[[130.45674959,32.58888496],[130.45674959,32.58888496]],[[130.45373246,32.58891562],[130.45373246,32.58891562]],[[130.45575796,32.58916872],[130.45575796,32.58916872]],[[130.45448852,32.58948451],[130.45448852,32.58948451]],[[130.45969796,32.59039814],[130.45969796,32.59039814]],[[130.44535563,32.59178419],[130.44535563,32.59178419]],[[130.45504623,32.5935044],[130.45504623,32.5935044]],[[130.44647668,32.5938862],[130.44647668,32.5938862]],[[130.45447828,32.59385976],[130.45447828,32.59385976]],[[130.45534503,32.59409895],[130.45534503,32.59409895]],[[130.44621602,32.59442054],[130.44621602,32.59442054]],[[130.45351898,32.59514951],[130.45351898,32.59514951]],[[130.44951005,32.59763751],[130.44951005,32.59763751]],[[130.4505529,32.59889496],[130.4505529,32.59889496]],[[130.46522632,32.59891825],[130.46522632,32.59891825]],[[130.44957965,32.59961837],[130.44957965,32.59961837]],[[130.45836158,32.60876049],[130.45836158,32.60876049]],[[130.45912686,32.60915521],[130.45912686,32.60915521]],[[130.44485127,32.61841059],[130.44485127,32.61841059]],[[130.44438761,32.61870902],[130.44438761,32.61870902]],[[130.45831667,32.61892439],[130.45831667,32.61892439]],[[130.44842715,32.62439743],[130.44842715,32.62439743]],[[130.44072337,32.9298103],[130.44072337,32.9298103]],[[130.44065612,32.92986263],[130.44065612,32.92986263]],[[130.48053109,32.29004878],[130.48053109,32.29004878]],[[130.46509327,32.29682214],[130.46509327,32.29682214]],[[130.4713684,32.32713459],[130.4713684,32.32713459]],[[130.48006992,32.34885026],[130.48006992,32.34885026]],[[130.48473816,32.35882154],[130.48473816,32.35882154]],[[130.50726326,32.38345806],[130.50726326,32.38345806]],[[130.50833354,32.38471918],[130.50833354,32.38471918]],[[130.47725314,32.38902953],[130.47725314,32.38902953]],[[130.4778965,32.38930297],[130.4778965,32.38930297]],[[130.5682682,32.43380235],[130.5682682,32.43380235]],[[130.56755429,32.43550475],[130.56755429,32.43550475]],[[130.56843387,32.43648527],[130.56843387,32.43648527]],[[130.53888641,32.47324742],[130.53888641,32.47324742]],[[130.49391969,32.4783876],[130.49391969,32.4783876]],[[130.49653165,32.47974009],[130.49653165,32.47974009]],[[130.49692359,32.48067593],[130.49692359,32.48067593]],[[130.51242078,32.48405425],[130.51242078,32.48405425]],[[130.49922278,32.48423982],[130.49053029,32.48399065],[130.49404416,32.49103375],[130.49997514,32.4903415],[130.49118722,32.48423315],[130.50092821,32.49032855],[130.49922278,32.48423982]],[[130.50782195,32.49091955],[130.50782195,32.49091955]],[[130.54398147,32.5126554],[130.54398147,32.5126554]],[[130.51412128,32.52116044],[130.51412128,32.52116044]],[[130.51701519,32.52431155],[130.51701519,32.52431155]],[[130.52489772,32.53055154],[130.52489772,32.53055154]],[[130.52542328,32.53301488],[130.52542328,32.53301488]],[[130.52977276,32.53826822],[130.52977276,32.53826822]],[[130.54513703,32.5386375],[130.54513703,32.5386375]],[[130.53045778,32.54060738],[130.53045778,32.54060738]],[[130.56245555,32.54166667],[130.5572952,32.54397916],[130.56245555,32.54166667]],[[130.55293118,32.54463658],[130.55293118,32.54463658]],[[130.55313897,32.54591147],[130.55313897,32.54591147]],[[130.46499459,32.54617919],[130.46499459,32.54617919]],[[130.46538143,32.54614178],[130.46538143,32.54614178]],[[130.46536868,32.55114816],[130.46536868,32.55114816]],[[130.46512209,32.55249199],[130.46512209,32.55249199]],[[130.46775482,32.58267719],[130.47607748,32.58686059],[130.48751887,32.57047413],[130.46383147,32.53932151],[130.46016582,32.57199128],[130.46775482,32.58267719]],[[130.46596275,32.58270431],[130.46596275,32.58270431]],[[130.46718603,32.58327079],[130.46718603,32.58327079]],[[130.46791847,32.58340934],[130.46791847,32.58340934]],[[130.46634482,32.58383752],[130.46634482,32.58383752]],[[130.46783311,32.58428266],[130.46783311,32.58428266]],[[130.4668697,32.58409433],[130.4668697,32.58409433]],[[130.46800377,32.58555854],[130.46800377,32.58555854]],[[130.47081437,32.58628199],[130.47081437,32.58628199]],[[130.47143785,32.58670111],[130.47143785,32.58670111]],[[130.4693425,32.58686056],[130.4693425,32.58686056]],[[130.47228558,32.58749394],[130.47228558,32.58749394]],[[130.47360105,32.58819818],[130.47360105,32.58819818]],[[130.49112619,32.58965159],[130.49112619,32.58965159]],[[130.47257717,32.59118992],[130.47257717,32.59118992]],[[130.49943368,32.58287077],[130.48793328,32.57646717],[130.48650276,32.58273494],[130.49448175,32.58736325],[130.47993416,32.59054214],[130.48362925,32.59882464],[130.47352861,32.60390187],[130.50923424,32.60714295],[130.51117908,32.5934346],[130.49943368,32.58287077]],[[130.47028661,32.59360269],[130.47028661,32.59360269]],[[130.47979492,32.59555273],[130.47979492,32.59555273]],[[130.47692472,32.59604381],[130.47692472,32.59604381]],[[130.46596521,32.59934687],[130.46596521,32.59934687]],[[130.46732355,32.59959493],[130.46732355,32.59959493]],[[130.52390074,32.61435299],[130.52390074,32.61435299]],[[130.52526575,32.61444328],[130.52526575,32.61444328]],[[130.525,32.61493939],[130.525,32.61493939]],[[130.6522803,32.61589032],[130.6522803,32.61589032]],[[130.52504576,32.61718272],[130.52504576,32.61718272]],[[130.52312192,32.61807704],[130.52312192,32.61807704]],[[130.53356925,32.61782853],[130.53356925,32.61782853]],[[130.58515873,32.62193484],[130.58515873,32.62193484]],[[130.5956631,32.62318423],[130.5956631,32.62318423]],[[130.56361148,32.62393178],[130.56361148,32.62393178]],[[130.60955802,32.62950178],[130.60955802,32.62950178]],[[130.64254035,32.6383704],[130.64254035,32.6383704]],[[130.47683809,32.64032412],[130.47683809,32.64032412]],[[130.51225662,32.66111561],[130.51225662,32.66111561]],[[130.57311654,32.70198296],[130.57311654,32.70198296]],[[130.58953057,32.70551556],[130.58953057,32.70551556]],[[130.59097451,32.71191243],[130.59097451,32.71191243]],[[130.57800593,32.75680977],[130.59194668,32.75781833],[130.56779313,32.75685259],[130.57800593,32.75680977]],[[130.5924825,32.75731842],[130.5924825,32.75731842]],[[130.59208117,32.758982],[130.59208117,32.758982]],[[130.59265309,32.76127971],[130.59265309,32.76127971]],[[130.57301436,32.76307226],[130.5740676,32.76847377],[130.59338804,32.76817663],[130.59147244,32.76232593],[130.57301436,32.76307226]],[[130.60517874,32.79166667],[130.59860848,32.79669481],[130.60517874,32.79166667]],[[130.57875197,32.83161543],[130.57875197,32.83161543]],[[130.52372441,32.85000033],[130.52372441,32.85000033]],[[130.50637292,32.88853709],[130.50637292,32.88853709]],[[130.47554386,32.90315738],[130.47554386,32.90315738]]]}}]}