{"type":"FeatureCollection","name":"秋田県","features":[{"type":"Feature","properties":{"name":"秋田県"},"geometry":{"type":"MultiLineString","coordinates":[[[139.69204209,39.93445631],[139.69204209,39.93445631]],[[139.69505384,39.95973405],[139.69505384,39.95973405]],[[139.69516345,39.97838164],[139.69516345,39.97838164]],[[139.69546988,39.97846967],[139.69546988,39.97846967]],[[139.69527652,39.97841741],[139.69527652,39.97841741]],[[139.69387786,39.97840764],[139.69387786,39.97840764]],[[139.69531484,39.97847159],[139.69531484,39.97847159]],[[139.69398752,39.97860056],[139.69398752,39.97860056]],[[139.69547005,39.97865756],[139.69547005,39.97865756]],[[139.6943537,39.97871631],[139.6943537,39.97871631]],[[139.69548419,39.978743],[139.69548419,39.978743]],[[139.69542891,39.97874425],[139.69542891,39.97874425]],[[139.69428562,39.97879795],[139.69428562,39.97879795]],[[139.69517538,39.97912897],[139.69517538,39.97912897]],[[139.69460031,39.97914395],[139.69460031,39.97914395]],[[139.69527358,39.97903951],[139.69527358,39.97903951]],[[139.69452175,39.97919964],[139.69452175,39.97919964]],[[139.69510086,39.97938033],[139.69510086,39.97938033]],[[139.69413964,39.97962767],[139.69413964,39.97962767]],[[139.69419144,39.97965214],[139.69419144,39.97965214]],[[139.69341817,39.97984828],[139.69341817,39.97984828]],[[139.69394567,39.98000072],[139.69394567,39.98000072]],[[139.69411086,39.97997864],[139.69411086,39.97997864]],[[139.69423448,39.98010003],[139.69423448,39.98010003]],[[139.69468633,39.98017453],[139.69468633,39.98017453]],[[139.69448911,39.98037569],[139.69448911,39.98037569]],[[139.69429672,39.98064617],[139.69429672,39.98064617]],[[139.6943492,39.98063678],[139.6943492,39.98063678]],[[139.69458616,39.98069397],[139.69458616,39.98069397]],[[139.69472109,39.98074717],[139.69472109,39.98074717]],[[139.69470231,39.98077851],[139.69470231,39.98077851]],[[139.69410519,39.98073597],[139.69410519,39.98073597]],[[139.69467341,39.98079795],[139.69467341,39.98079795]],[[139.69423725,39.98077286],[139.69423725,39.98077286]],[[139.69370073,39.98091547],[139.69370073,39.98091547]],[[139.69380058,39.98088861],[139.69380058,39.98088861]],[[139.69449988,39.98088992],[139.69449988,39.98088992]],[[139.69473027,39.98092687],[139.69473027,39.98092687]],[[139.69452492,39.98093953],[139.69452492,39.98093953]],[[139.69398209,39.98098525],[139.69398209,39.98098525]],[[139.69447966,39.98096484],[139.69447966,39.98096484]],[[139.69439195,39.98102989],[139.69439195,39.98102989]],[[139.69474131,39.98103684],[139.69474131,39.98103684]],[[139.69446895,39.98104613],[139.69446895,39.98104613]],[[139.6941302,39.98103472],[139.6941302,39.98103472]],[[139.69428978,39.98112456],[139.69428978,39.98112456]],[[139.69437109,39.98112851],[139.69437109,39.98112851]],[[139.69482886,39.98117884],[139.69482886,39.98117884]],[[139.69467761,39.9811488],[139.69467761,39.9811488]],[[139.69443859,39.98119672],[139.69443859,39.98119672]],[[139.69418922,39.9812012],[139.69418922,39.9812012]],[[139.6944898,39.98118513],[139.6944898,39.98118513]],[[139.69460689,39.98124178],[139.69460689,39.98124178]],[[139.69465798,39.98127425],[139.69465798,39.98127425]],[[139.69425492,39.98129264],[139.69425492,39.98129264]],[[139.69492966,39.9812925],[139.69492966,39.9812925]],[[139.69482119,39.98150689],[139.69482119,39.98150689]],[[139.69441112,39.98160167],[139.69441112,39.98160167]],[[139.69445562,39.98179251],[139.69445562,39.98179251]],[[139.69461594,39.98213436],[139.69461594,39.98213436]],[[139.69465625,39.98236514],[139.69465625,39.98236514]],[[139.69517464,39.98243886],[139.69517464,39.98243886]],[[139.69473092,39.98243759],[139.69473092,39.98243759]],[[139.69554131,39.98278013],[139.69554131,39.98278013]],[[139.69459769,39.98275511],[139.69459769,39.98275511]],[[139.69555202,39.98286761],[139.69555202,39.98286761]],[[139.69524981,39.98294039],[139.69524981,39.98294039]],[[139.69522244,39.98302992],[139.69522244,39.98302992]],[[139.6954985,39.98339217],[139.6954985,39.98339217]],[[139.69514664,39.98397911],[139.69514664,39.98397911]],[[139.69521261,39.98543422],[139.69521261,39.98543422]],[[139.69533756,39.98572331],[139.69533756,39.98572331]],[[139.69498594,39.98718923],[139.69498594,39.98718923]],[[139.69508633,39.98725695],[139.69508633,39.98725695]],[[139.69478306,39.98744203],[139.69478306,39.98744203]],[[139.69481888,39.98745617],[139.69481888,39.98745617]],[[139.69541278,39.98757547],[139.69541278,39.98757547]],[[139.69557141,39.98768223],[139.69557141,39.98768223]],[[139.69544036,39.98766275],[139.69544036,39.98766275]],[[139.69563856,39.98775747],[139.69563856,39.98775747]],[[139.69551167,39.98774047],[139.69551167,39.98774047]],[[139.6951937,39.98811228],[139.6951937,39.98811228]],[[139.69452309,39.98812084],[139.69452309,39.98812084]],[[139.69537294,39.98814728],[139.69537294,39.98814728]],[[139.69457766,39.98819056],[139.69457766,39.98819056]],[[139.69449202,39.98853744],[139.69449202,39.98853744]],[[139.69465469,39.9887128],[139.69465469,39.9887128]],[[139.69426111,39.98870047],[139.69426111,39.98870047]],[[139.6947072,39.98878051],[139.6947072,39.98878051]],[[139.69400752,39.98899339],[139.69400752,39.98899339]],[[139.69411786,39.98949831],[139.69411786,39.98949831]],[[139.69394061,39.98958025],[139.69394061,39.98958025]],[[139.69392652,39.98964639],[139.69392652,39.98964639]],[[139.69415616,39.99006108],[139.69415616,39.99006108]],[[139.69388014,39.99003575],[139.69388014,39.99003575]],[[139.69377041,39.9901832],[139.69377041,39.9901832]],[[139.69448097,39.99052092],[139.69448097,39.99052092]],[[139.69400358,39.99089233],[139.69400358,39.99089233]],[[139.6942992,39.99100944],[139.6942992,39.99100944]],[[139.69455073,39.99107236],[139.69455073,39.99107236]],[[139.69382489,39.9911118],[139.69382489,39.9911118]],[[139.6943807,39.99123489],[139.6943807,39.99123489]],[[139.69377978,39.99126222],[139.69377978,39.99126222]],[[139.69403572,39.99129203],[139.69403572,39.99129203]],[[139.69440338,39.99132833],[139.69440338,39.99132833]],[[139.69404817,39.99143741],[139.69404817,39.99143741]],[[139.69418689,39.99151075],[139.69418689,39.99151075]],[[139.69429825,39.99167308],[139.69429825,39.99167308]],[[139.6945362,39.99175061],[139.6945362,39.99175061]],[[139.69436917,39.99185075],[139.69436917,39.99185075]],[[139.69443717,39.99223351],[139.69443717,39.99223351]],[[139.69430542,39.99224139],[139.69430542,39.99224139]],[[139.69500066,39.99245203],[139.69500066,39.99245203]],[[139.69488681,39.99245461],[139.69488681,39.99245461]],[[139.69513603,39.99249328],[139.69513603,39.99249328]],[[139.69393031,39.99253367],[139.69393031,39.99253367]],[[139.694708,39.99255292],[139.694708,39.99255292]],[[139.69468606,39.99260431],[139.69468606,39.99260431]],[[139.69500864,39.99260667],[139.69500864,39.99260667]],[[139.694817,39.99275736],[139.694817,39.99275736]],[[139.69486411,39.99273422],[139.69486411,39.99273422]],[[139.69405852,39.99281584],[139.69405852,39.99281584]],[[139.69527689,39.99305253],[139.69527689,39.99305253]],[[139.69237022,39.99376817],[139.69237022,39.99376817]],[[139.69237458,39.99384369],[139.69237458,39.99384369]],[[139.69266895,39.99399423],[139.69266895,39.99399423]],[[139.69361014,39.99411714],[139.69361014,39.99411714]],[[139.69337652,39.99422203],[139.69337652,39.99422203]],[[139.6954407,39.99421484],[139.6954407,39.99421484]],[[139.69504314,39.99426425],[139.69504314,39.99426425]],[[139.69526778,39.9942552],[139.69526778,39.9942552]],[[139.69559275,39.99442313],[139.69559275,39.99442313]],[[139.69218983,39.9944185],[139.69218983,39.9944185]],[[139.69176966,39.99477039],[139.69176966,39.99477039]],[[139.69173003,39.99503489],[139.69173003,39.99503489]],[[139.69197776,39.99509408],[139.69197776,39.99509408]],[[139.69314289,39.99549833],[139.69314289,39.99549833]],[[139.69562267,39.99581075],[139.69562267,39.99581075]],[[139.69313089,39.99601556],[139.69313089,39.99601556]],[[139.69338956,39.996157],[139.69338956,39.996157]],[[139.69348464,39.99598933],[139.69348464,39.99598933]],[[139.69328572,39.99629692],[139.69328572,39.99629692]],[[139.6933292,39.99637184],[139.6933292,39.99637184]],[[139.69363012,39.99646695],[139.69363012,39.99646695]],[[139.69349778,39.99645231],[139.69349778,39.99645231]],[[139.69332744,39.9964845],[139.69332744,39.9964845]],[[139.69372686,39.99659875],[139.69372686,39.99659875]],[[139.69396958,39.99663628],[139.69396958,39.99663628]],[[139.69523506,39.99892564],[139.69523506,39.99892564]],[[139.69522611,39.99901292],[139.69522611,39.99901292]],[[139.69484256,39.99902833],[139.69484256,39.99902833]],[[139.69538973,40.00006461],[139.69538973,40.00006461]],[[139.69538234,40.00012895],[139.69538234,40.00012895]],[[139.69526255,40.00117669],[139.69526255,40.00117669]],[[139.69856445,39.9472892],[139.69856445,39.9472892]],[[139.69904789,39.94752161],[139.69904789,39.94752161]],[[139.69910416,39.94842322],[139.69910416,39.94842322]],[[139.69776525,39.95897705],[139.69776525,39.95897705]],[[139.69791244,39.95914917],[139.69791244,39.95914917]],[[139.69684706,39.95923211],[139.69684706,39.95923211]],[[139.69666745,39.95945553],[139.69666745,39.95945553]],[[139.69665635,39.95953811],[139.69665635,39.95953811]],[[139.69657964,39.96028961],[139.69657964,39.96028961]],[[139.69810464,39.96007569],[139.69810464,39.96007569]],[[139.69778739,39.96498869],[139.69778739,39.96498869]],[[139.69754475,39.96512908],[139.69754475,39.96512908]],[[139.6978427,39.9652682],[139.6978427,39.9652682]],[[139.69894239,39.96669664],[139.69894239,39.96669664]],[[139.6995335,39.96743556],[139.6995335,39.96743556]],[[139.69855531,39.97600069],[139.69855531,39.97600069]],[[139.69831109,39.97599444],[139.69831109,39.97599444]],[[139.69848409,39.97602353],[139.69848409,39.97602353]],[[139.69839953,39.97618184],[139.69839953,39.97618184]],[[139.69911056,39.97626275],[139.69911056,39.97626275]],[[139.69846975,39.97649433],[139.69846975,39.97649433]],[[139.69883975,39.9765402],[139.69883975,39.9765402]],[[139.69734752,39.97656253],[139.69734752,39.97656253]],[[139.69706328,39.97662061],[139.69706328,39.97662061]],[[139.69773462,39.97658864],[139.69773462,39.97658864]],[[139.69792519,39.97684433],[139.69792519,39.97684433]],[[139.69823888,39.97696756],[139.69823888,39.97696756]],[[139.69874148,39.97706047],[139.69874148,39.97706047]],[[139.69655883,39.97740153],[139.69655883,39.97740153]],[[139.69707189,39.977514],[139.69707189,39.977514]],[[139.69675102,39.97810989],[139.69675102,39.97810989]],[[139.69619717,39.98248556],[139.69619717,39.98248556]],[[139.69614163,39.98252925],[139.69614163,39.98252925]],[[139.69576097,39.98275103],[139.69576097,39.98275103]],[[139.69561961,39.98300733],[139.69561961,39.98300733]],[[139.69611805,39.98310572],[139.69611805,39.98310572]],[[139.69621267,39.98314761],[139.69621267,39.98314761]],[[139.69610856,39.98320453],[139.69610856,39.98320453]],[[139.69619134,39.98345897],[139.69619134,39.98345897]],[[139.69627655,39.9834098],[139.69627655,39.9834098]],[[139.69620477,39.98347495],[139.69620477,39.98347495]],[[139.697299,39.98418353],[139.697299,39.98418353]],[[139.69763244,39.984213],[139.69763244,39.984213]],[[139.69673202,39.98418669],[139.69673202,39.98418669]],[[139.69719577,39.98480336],[139.69719577,39.98480336]],[[139.69650414,39.98498014],[139.69650414,39.98498014]],[[139.69725353,39.98502117],[139.69725353,39.98502117]],[[139.69678438,39.9851958],[139.69678438,39.9851958]],[[139.6964065,39.98529008],[139.6964065,39.98529008]],[[139.69571883,39.98555769],[139.69571883,39.98555769]],[[139.69629112,39.98560295],[139.69629112,39.98560295]],[[139.696469,39.98569214],[139.696469,39.98569214]],[[139.69670185,39.985729],[139.69670185,39.985729]],[[139.69638161,39.98573792],[139.69638161,39.98573792]],[[139.69665828,39.98580172],[139.69665828,39.98580172]],[[139.69682861,39.985824],[139.69682861,39.985824]],[[139.69684717,39.98601872],[139.69684717,39.98601872]],[[139.69671167,39.98605577],[139.69671167,39.98605577]],[[139.69599469,39.98612169],[139.69599469,39.98612169]],[[139.69590783,39.98647484],[139.69590783,39.98647484]],[[139.69608908,39.98688408],[139.69608908,39.98688408]],[[139.69653302,39.98687995],[139.69653302,39.98687995]],[[139.6965063,39.98694561],[139.6965063,39.98694561]],[[139.69660752,39.98697103],[139.69660752,39.98697103]],[[139.69663533,39.98700192],[139.69663533,39.98700192]],[[139.69597875,39.98738803],[139.69597875,39.98738803]],[[139.69565708,39.98783384],[139.69565708,39.98783384]],[[139.69586659,39.98797217],[139.69586659,39.98797217]],[[139.69579306,39.994378],[139.69579306,39.994378]],[[139.69667659,39.99553656],[139.69667659,39.99553656]],[[139.69581336,39.99581523],[139.69581336,39.99581523]],[[139.69619713,39.99583431],[139.69619713,39.99583431]],[[139.69693141,39.99598867],[139.69693141,39.99598867]],[[139.69569414,39.99757264],[139.69569414,39.99757264]],[[139.69612411,39.99962733],[139.69612411,39.99962733]],[[139.69620664,39.99984836],[139.69620664,39.99984836]],[[139.69565228,40.00003623],[139.69565228,40.00003623]],[[139.69594425,40.00004351],[139.69594425,40.00004351]],[[139.69617519,40.00030353],[139.69617519,40.00030353]],[[139.69645847,40.00022803],[139.69645847,40.00022803]],[[139.69638092,40.00072264],[139.69638092,40.00072264]],[[139.69621258,40.000867],[139.69621258,40.000867]],[[139.69628925,40.00113011],[139.69628925,40.00113011]],[[139.69693803,40.00121817],[139.69693803,40.00121817]],[[139.69733195,40.00146884],[139.69733195,40.00146884]],[[139.69631525,40.00146244],[139.69631525,40.00146244]],[[139.69697022,40.00148733],[139.69697022,40.00148733]],[[139.69760136,40.00158441],[139.69760136,40.00158441]],[[139.69697073,40.00168289],[139.69697073,40.00168289]],[[139.69769306,40.00184705],[139.69769306,40.00184705]],[[139.69800455,40.0018765],[139.69800455,40.0018765]],[[139.697758,40.00205511],[139.697758,40.00205511]],[[139.69762975,40.0021622],[139.69762975,40.0021622]],[[139.69777944,40.00222347],[139.69777944,40.00222347]],[[139.69794148,40.00228325],[139.69794148,40.00228325]],[[139.69793903,40.00235247],[139.69793903,40.00235247]],[[139.69787944,40.00257744],[139.69787944,40.00257744]],[[139.69862861,40.00262025],[139.69862861,40.00262025]],[[139.69828789,40.00262331],[139.69828789,40.00262331]],[[139.69867047,40.00285105],[139.69867047,40.00285105]],[[139.69853942,40.002944],[139.69853942,40.002944]],[[139.69810272,40.00294872],[139.69810272,40.00294872]],[[139.69871511,40.00316197],[139.69871511,40.00316197]],[[139.69866039,40.00319808],[139.69866039,40.00319808]],[[139.69845647,40.00330641],[139.69845647,40.00330641]],[[139.69810564,40.00336603],[139.69810564,40.00336603]],[[139.69862681,40.00338059],[139.69862681,40.00338059]],[[139.69825616,40.0034355],[139.69825616,40.0034355]],[[139.69869511,40.00342936],[139.69869511,40.00342936]],[[139.69876811,40.00344078],[139.69876811,40.00344078]],[[139.69779039,40.0038095],[139.69779039,40.0038095]],[[139.698627,40.00386433],[139.698627,40.00386433]],[[139.69815698,40.00414851],[139.69815698,40.00414851]],[[139.69814827,40.0042355],[139.69814827,40.0042355]],[[139.69816475,40.00426647],[139.69816475,40.00426647]],[[139.69828102,40.00451475],[139.69828102,40.00451475]],[[139.69865552,40.00456733],[139.69865552,40.00456733]],[[139.69861331,40.0046072],[139.69861331,40.0046072]],[[139.69860355,40.00465861],[139.69860355,40.00465861]],[[139.69858681,40.0047068],[139.69858681,40.0047068]],[[139.6986635,40.00477187],[139.6986635,40.00477187]],[[139.69836577,40.00484389],[139.69836577,40.00484389]],[[139.69817708,40.00522592],[139.69817708,40.00522592]],[[139.69848183,40.00516153],[139.69848183,40.00516153]],[[139.69810156,40.00530244],[139.69810156,40.00530244]],[[139.69857944,40.00540639],[139.69857944,40.00540639]],[[139.69845808,40.00548653],[139.69845808,40.00548653]],[[139.69906558,40.00703372],[139.69906558,40.00703372]],[[139.69893287,40.01225472],[139.69893287,40.01225472]],[[139.69753769,40.01310287],[139.69753769,40.01310287]],[[139.69767103,40.01316441],[139.69767103,40.01316441]],[[139.69765355,40.01318008],[139.69765355,40.01318008]],[[139.69756144,40.01318956],[139.69756144,40.01318956]],[[139.69768869,40.01339895],[139.69768869,40.01339895]],[[139.69798372,40.013451],[139.69798372,40.013451]],[[139.69717311,40.01343875],[139.69717311,40.01343875]],[[139.69831005,40.01356325],[139.69831005,40.01356325]],[[139.69738866,40.01385975],[139.69738866,40.01385975]],[[139.69745394,40.01386633],[139.69745394,40.01386633]],[[139.69739302,40.0139642],[139.69739302,40.0139642]],[[139.69943311,40.01238392],[139.69943311,40.01238392]],[[139.69676448,40.01439477],[139.69676448,40.01439477]],[[139.69753425,40.01623347],[139.69753425,40.01623347]],[[139.69846039,40.01635956],[139.69846039,40.01635956]],[[139.69750597,40.01625825],[139.69750597,40.01625825]],[[139.69774275,40.01637575],[139.69774275,40.01637575]],[[139.6982972,40.01651631],[139.6982972,40.01651631]],[[139.69792981,40.01640497],[139.69792981,40.01640497]],[[139.69705908,40.01649064],[139.69705908,40.01649064]],[[139.69784494,40.01661275],[139.69784494,40.01661275]],[[139.6984691,40.01660984],[139.6984691,40.01660984]],[[139.6988425,40.01657775],[139.6988425,40.01657775]],[[139.69739326,40.01666225],[139.69739326,40.01666225]],[[139.69669698,40.01728339],[139.69669698,40.01728339]],[[139.70018742,39.93087675],[139.70018742,39.93087675]],[[139.70045791,39.93102522],[139.70045791,39.93102522]],[[139.69998834,39.93130713],[139.69998834,39.93130713]],[[139.69987211,39.93146505],[139.69987211,39.93146505]],[[139.70058453,39.93172547],[139.70058453,39.93172547]],[[139.7007665,39.94335695],[139.7007665,39.94335695]],[[139.70088178,39.94348356],[139.70088178,39.94348356]],[[139.70043025,39.94465931],[139.70043025,39.94465931]],[[139.70059606,39.94470261],[139.70059606,39.94470261]],[[139.70070698,39.94639925],[139.70070698,39.94639925]],[[139.69964808,39.94669423],[139.69964808,39.94669423]],[[139.69941258,39.94673923],[139.69941258,39.94673923]],[[139.69971917,39.94625964],[139.69971917,39.94625964]],[[139.69949372,39.94719061],[139.69949372,39.94719061]],[[139.69965075,39.94735472],[139.69965075,39.94735472]],[[139.69919387,39.94746205],[139.69919387,39.94746205]],[[139.70031086,39.94790141],[139.70031086,39.94790141]],[[139.69971897,39.94841005],[139.69971897,39.94841005]],[[139.69971075,39.94845589],[139.69971075,39.94845589]],[[139.69960742,39.94862467],[139.69960742,39.94862467]],[[139.69974562,39.96138684],[139.69974562,39.96138684]],[[139.70068825,39.96257964],[139.70068825,39.96257964]],[[139.70077992,39.96252859],[139.70077992,39.96252859]],[[139.69958258,39.96433895],[139.69958258,39.96433895]],[[139.70015445,39.96452659],[139.70015445,39.96452659]],[[139.70081211,39.96479061],[139.70081211,39.96479061]],[[139.70053394,39.96677136],[139.70053394,39.96677136]],[[139.70070109,39.96694197],[139.70070109,39.96694197]],[[139.70080445,39.96721156],[139.70080445,39.96721156]],[[139.69984795,39.96731984],[139.69984795,39.96731984]],[[139.69989891,39.96755787],[139.69989891,39.96755787]],[[139.70026345,39.96771975],[139.70026345,39.96771975]],[[139.70036664,39.96783003],[139.70036664,39.96783003]],[[139.70025949,39.96775339],[139.70025949,39.96775339]],[[139.7002218,39.967903],[139.7002218,39.967903]],[[139.69959231,39.96792197],[139.69959231,39.96792197]],[[139.70024041,39.96814275],[139.70024041,39.96814275]],[[139.69993095,39.96817647],[139.69993095,39.96817647]],[[139.70016302,39.96827908],[139.70016302,39.96827908]],[[139.69982075,39.96861117],[139.69982075,39.96861117]],[[139.70062642,39.96868497],[139.70062642,39.96868497]],[[139.69969925,39.96885161],[139.69969925,39.96885161]],[[139.70049603,39.96893931],[139.70049603,39.96893931]],[[139.70061859,39.96925323],[139.70061859,39.96925323]],[[139.70071927,39.96964853],[139.70071927,39.96964853]],[[139.70047283,39.96956541],[139.70047283,39.96956541]],[[139.70074244,39.96980503],[139.70074244,39.96980503]],[[139.70020995,39.96991017],[139.70020995,39.96991017]],[[139.70026825,39.9703755],[139.70026825,39.9703755]],[[139.70073275,39.97038497],[139.70073275,39.97038497]],[[139.70027689,39.9704915],[139.70027689,39.9704915]],[[139.70087895,39.97063292],[139.70087895,39.97063292]],[[139.70066606,39.97070831],[139.70066606,39.97070831]],[[139.7007537,39.970753],[139.7007537,39.970753]],[[139.70050569,39.97143775],[139.70050569,39.97143775]],[[139.70066236,39.97180314],[139.70066236,39.97180314]],[[139.70084416,39.97188897],[139.70084416,39.97188897]],[[139.70103525,39.97212744],[139.70103525,39.97212744]],[[139.69932423,39.9722695],[139.69932423,39.9722695]],[[139.70093025,39.97238886],[139.70093025,39.97238886]],[[139.6998718,39.97236431],[139.6998718,39.97236431]],[[139.70016175,39.97243703],[139.70016175,39.97243703]],[[139.70065844,39.9725368],[139.70065844,39.9725368]],[[139.70017959,39.97259797],[139.70017959,39.97259797]],[[139.69955922,39.97274861],[139.69955922,39.97274861]],[[139.70034575,39.97270795],[139.70034575,39.97270795]],[[139.70066163,39.97277569],[139.70066163,39.97277569]],[[139.6999508,39.97275613],[139.6999508,39.97275613]],[[139.70066772,39.9727982],[139.70066772,39.9727982]],[[139.70081981,39.97283175],[139.70081981,39.97283175]],[[139.69994603,39.97281123],[139.69994603,39.97281123]],[[139.7003507,39.97286903],[139.7003507,39.97286903]],[[139.69996131,39.97287847],[139.69996131,39.97287847]],[[139.70049294,39.97288977],[139.70049294,39.97288977]],[[139.70024494,39.97286531],[139.70024494,39.97286531]],[[139.7,39.97289747],[139.7,39.97289747]],[[139.70034144,39.9729692],[139.70034144,39.9729692]],[[139.70029078,39.97297528],[139.70029078,39.97297528]],[[139.70040419,39.97305339],[139.70040419,39.97305339]],[[139.69987956,39.97307267],[139.69987956,39.97307267]],[[139.69997489,39.97316808],[139.69997489,39.97316808]],[[139.7001808,39.9731765],[139.7001808,39.9731765]],[[139.70073447,39.97325684],[139.70073447,39.97325684]],[[139.70066202,39.9732708],[139.70066202,39.9732708]],[[139.70091953,39.97337203],[139.70091953,39.97337203]],[[139.70038953,39.97330436],[139.70038953,39.97330436]],[[139.70089742,39.97345687],[139.70089742,39.97345687]],[[139.70022725,39.97351064],[139.70022725,39.97351064]],[[139.70072455,39.97363125],[139.70072455,39.97363125]],[[139.70077239,39.9736272],[139.70077239,39.9736272]],[[139.7008617,39.97365644],[139.7008617,39.97365644]],[[139.70078005,39.97367313],[139.70078005,39.97367313]],[[139.70064436,39.97389444],[139.70064436,39.97389444]],[[139.70067837,39.97432405],[139.70067837,39.97432405]],[[139.70059903,39.97437605],[139.70059903,39.97437605]],[[139.70070178,39.9743442],[139.70070178,39.9743442]],[[139.70063667,39.97440047],[139.70063667,39.97440047]],[[139.70061492,39.97452744],[139.70061492,39.97452744]],[[139.70087859,39.97456064],[139.70087859,39.97456064]],[[139.70081061,39.97457159],[139.70081061,39.97457159]],[[139.70069895,39.97510225],[139.70069895,39.97510225]],[[139.70072983,39.97508311],[139.70072983,39.97508311]],[[139.70025523,39.97616164],[139.70025523,39.97616164]],[[139.70015423,39.97622313],[139.70015423,39.97622313]],[[139.70020577,39.97624805],[139.70020577,39.97624805]],[[139.69948759,39.97633128],[139.69948759,39.97633128]],[[139.70089433,39.97632351],[139.70089433,39.97632351]],[[139.70075158,39.97638139],[139.70075158,39.97638139]],[[139.69966139,40.00589731],[139.69966139,40.00589731]],[[139.69912973,40.00606189],[139.69912973,40.00606189]],[[139.69966978,40.00630197],[139.69966978,40.00630197]],[[139.69970828,40.00631911],[139.69970828,40.00631911]],[[139.6994892,40.00635831],[139.6994892,40.00635831]],[[139.69951808,40.00638111],[139.69951808,40.00638111]],[[139.69991289,40.00637587],[139.69991289,40.00637587]],[[139.70013555,40.00655836],[139.70013555,40.00655836]],[[139.70025852,40.00655975],[139.70025852,40.00655975]],[[139.69950922,40.00667464],[139.69950922,40.00667464]],[[139.69970908,40.00668659],[139.69970908,40.00668659]],[[139.69936708,40.00679186],[139.69936708,40.00679186]],[[139.70007078,40.00675659],[139.70007078,40.00675659]],[[139.70026672,40.00685605],[139.70026672,40.00685605]],[[139.70014044,40.0068495],[139.70014044,40.0068495]],[[139.70038992,40.00684247],[139.70038992,40.00684247]],[[139.70040148,40.00690178],[139.70040148,40.00690178]],[[139.7005283,40.00693714],[139.7005283,40.00693714]],[[139.70030403,40.00689514],[139.70030403,40.00689514]],[[139.69992584,40.00697908],[139.69992584,40.00697908]],[[139.70022073,40.00701611],[139.70022073,40.00701611]],[[139.6996527,40.00708631],[139.6996527,40.00708631]],[[139.6992827,40.0070515],[139.6992827,40.0070515]],[[139.69984411,40.00709087],[139.69984411,40.00709087]],[[139.70060128,40.00712141],[139.70060128,40.00712141]],[[139.69972966,40.00715469],[139.69972966,40.00715469]],[[139.70077311,40.00713472],[139.70077311,40.00713472]],[[139.70022386,40.00723113],[139.70022386,40.00723113]],[[139.70038575,40.00714372],[139.70038575,40.00714372]],[[139.700777,40.00731723],[139.700777,40.00731723]],[[139.70034942,40.00745733],[139.70034942,40.00745733]],[[139.70089944,40.00761908],[139.70089944,40.00761908]],[[139.70089224,40.00768728],[139.70089224,40.00768728]],[[139.6996317,40.01185825],[139.6996317,40.01185825]],[[139.70077051,40.01206095],[139.70077051,40.01206095]],[[139.69987267,40.01213153],[139.69987267,40.01213153]],[[139.69981764,40.01220764],[139.69981764,40.01220764]],[[139.69916786,40.01228844],[139.69916786,40.01228844]],[[139.69939623,40.01227728],[139.69939623,40.01227728]],[[139.69970939,40.01232275],[139.69970939,40.01232275]],[[139.69997056,40.01533214],[139.69997056,40.01533214]],[[139.69977686,40.01538553],[139.69977686,40.01538553]],[[139.69966309,40.01606114],[139.69966309,40.01606114]],[[139.69992253,40.01632375],[139.69992253,40.01632375]],[[139.70003314,40.01634978],[139.70003314,40.01634978]],[[139.69975436,40.01656956],[139.69975436,40.01656956]],[[139.70187686,39.9318688],[139.70187686,39.9318688]],[[139.70264073,39.93399487],[139.70264073,39.93399487]],[[139.70192694,39.94121311],[139.70192694,39.94121311]],[[139.70218189,39.9414352],[139.70218189,39.9414352]],[[139.70236167,39.94153141],[139.70236167,39.94153141]],[[139.70145314,39.94164847],[139.70145314,39.94164847]],[[139.70237197,39.94160359],[139.70237197,39.94160359]],[[139.70120636,39.94166236],[139.70120636,39.94166236]],[[139.70268635,39.94174608],[139.70268635,39.94174608]],[[139.70199042,39.9417655],[139.70199042,39.9417655]],[[139.70250903,39.94182767],[139.70250903,39.94182767]],[[139.7022207,39.94246156],[139.7022207,39.94246156]],[[139.70206552,39.94250517],[139.70206552,39.94250517]],[[139.70245908,39.94257384],[139.70245908,39.94257384]],[[139.70268597,39.94274467],[139.70268597,39.94274467]],[[139.70180883,39.94524156],[139.70180883,39.94524156]],[[139.70203377,39.94595825],[139.70203377,39.94595825]],[[139.70109769,39.94598903],[139.70109769,39.94598903]],[[139.70105694,39.94603905],[139.70105694,39.94603905]],[[139.70176555,39.94639175],[139.70176555,39.94639175]],[[139.70138652,39.94637717],[139.70138652,39.94637717]],[[139.70152859,39.94637105],[139.70152859,39.94637105]],[[139.70154148,39.94646244],[139.70154148,39.94646244]],[[139.70179097,39.94693033],[139.70179097,39.94693033]],[[139.70071975,39.94671625],[139.70071975,39.94671625]],[[139.70168881,39.94719795],[139.70168881,39.94719795]],[[139.70125089,39.94776703],[139.70125089,39.94776703]],[[139.70265036,39.9600705],[139.70265036,39.9600705]],[[139.70194708,39.96011075],[139.70194708,39.96011075]],[[139.70255633,39.96022197],[139.70255633,39.96022197]],[[139.70195083,39.96038008],[139.70195083,39.96038008]],[[139.70186961,39.96063608],[139.70186961,39.96063608]],[[139.70216847,39.96060487],[139.70216847,39.96060487]],[[139.70179633,39.9608562],[139.70179633,39.9608562]],[[139.70209992,39.96093628],[139.70209992,39.96093628]],[[139.70193781,39.96104322],[139.70193781,39.96104322]],[[139.70136869,39.96113089],[139.70136869,39.96113089]],[[139.70144878,39.96122184],[139.70144878,39.96122184]],[[139.70162377,39.96122759],[139.70162377,39.96122759]],[[139.70125448,39.96143456],[139.70125448,39.96143456]],[[139.701328,39.96151867],[139.701328,39.96151867]],[[139.70169966,39.96165731],[139.70169966,39.96165731]],[[139.70155783,39.96167125],[139.70155783,39.96167125]],[[139.70170803,39.96170425],[139.70170803,39.96170425]],[[139.70168438,39.96188117],[139.70168438,39.96188117]],[[139.70152005,39.9619392],[139.70152005,39.9619392]],[[139.70130044,39.96194767],[139.70130044,39.96194767]],[[139.70104494,39.96193878],[139.70104494,39.96193878]],[[139.70142936,39.96196533],[139.70142936,39.96196533]],[[139.70117122,39.96207511],[139.70117122,39.96207511]],[[139.70105458,39.96206417],[139.70105458,39.96206417]],[[139.70154847,39.96262839],[139.70154847,39.96262839]],[[139.70168348,39.96297847],[139.70168348,39.96297847]],[[139.7022727,39.96308572],[139.7022727,39.96308572]],[[139.70193031,39.96340628],[139.70193031,39.96340628]],[[139.70150326,39.96353008],[139.70150326,39.96353008]],[[139.70151014,39.9634318],[139.70151014,39.9634318]],[[139.7020853,39.96360322],[139.7020853,39.96360322]],[[139.70207158,39.96372695],[139.70207158,39.96372695]],[[139.70203114,39.96386525],[139.70203114,39.96386525]],[[139.70181669,39.96389378],[139.70181669,39.96389378]],[[139.70176217,39.96396297],[139.70176217,39.96396297]],[[139.70136533,39.96405051],[139.70136533,39.96405051]],[[139.70202175,39.96402205],[139.70202175,39.96402205]],[[139.70226073,39.96427477],[139.70226073,39.96427477]],[[139.70216022,39.96442808],[139.70216022,39.96442808]],[[139.70156881,39.9648932],[139.70156881,39.9648932]],[[139.70173827,39.96497877],[139.70173827,39.96497877]],[[139.7022315,39.96553592],[139.7022315,39.96553592]],[[139.70243908,39.966094],[139.70243908,39.966094]],[[139.70256195,39.96612584],[139.70256195,39.96612584]],[[139.70169022,39.96606284],[139.70169022,39.96606284]],[[139.70226528,39.96614267],[139.70226528,39.96614267]],[[139.70232728,39.96627233],[139.70232728,39.96627233]],[[139.70255839,39.96632008],[139.70255839,39.96632008]],[[139.70250995,39.96636905],[139.70250995,39.96636905]],[[139.70094484,39.96654931],[139.70094484,39.96654931]],[[139.70097014,39.96661117],[139.70097014,39.96661117]],[[139.70092639,39.96666217],[139.70092639,39.96666217]],[[139.7010572,39.96669839],[139.7010572,39.96669839]],[[139.70127953,39.97042156],[139.70127953,39.97042156]],[[139.70146455,39.97040978],[139.70146455,39.97040978]],[[139.70134844,39.97052356],[139.70134844,39.97052356]],[[139.70100586,39.9706392],[139.70100586,39.9706392]],[[139.70136455,39.97068684],[139.70136455,39.97068684]],[[139.70131564,39.97071372],[139.70131564,39.97071372]],[[139.70133175,39.97073795],[139.70133175,39.97073795]],[[139.70152153,39.97088641],[139.70152153,39.97088641]],[[139.70139348,39.97090769],[139.70139348,39.97090769]],[[139.70118089,39.9709492],[139.70118089,39.9709492]],[[139.70144659,39.97097253],[139.70144659,39.97097253]],[[139.70134737,39.97101289],[139.70134737,39.97101289]],[[139.70153547,39.97112633],[139.70153547,39.97112633]],[[139.7011485,39.97115911],[139.7011485,39.97115911]],[[139.70241197,39.97119397],[139.70241197,39.97119397]],[[139.70151516,39.97128608],[139.70151516,39.97128608]],[[139.70232161,39.9716345],[139.70232161,39.9716345]],[[139.70236769,39.97165153],[139.70236769,39.97165153]],[[139.7013345,39.9716998],[139.7013345,39.9716998]],[[139.70120364,39.97170667],[139.70120364,39.97170667]],[[139.70129428,39.97176114],[139.70129428,39.97176114]],[[139.70127756,39.97183825],[139.70127756,39.97183825]],[[139.70169837,39.97184017],[139.70169837,39.97184017]],[[139.70173837,39.97197692],[139.70173837,39.97197692]],[[139.70124141,39.97190697],[139.70124141,39.97190697]],[[139.70167553,39.97194028],[139.70167553,39.97194028]],[[139.70172189,39.97206764],[139.70172189,39.97206764]],[[139.70121092,39.97220778],[139.70121092,39.97220778]],[[139.70122881,39.97243753],[139.70122881,39.97243753]],[[139.70123156,39.97249764],[139.70123156,39.97249764]],[[139.70093173,39.97328677],[139.70093173,39.97328677]],[[139.70092148,39.97361605],[139.70092148,39.97361605]],[[139.70096597,39.97365197],[139.70096597,39.97365197]],[[139.7010763,39.97367647],[139.7010763,39.97367647]],[[139.70109044,39.97376236],[139.70109044,39.97376236]],[[139.70117397,39.97376678],[139.70117397,39.97376678]],[[139.70125711,39.97395592],[139.70125711,39.97395592]],[[139.70107689,39.97398867],[139.70107689,39.97398867]],[[139.70093997,39.97431795],[139.70093997,39.97431795]],[[139.70134655,39.97455728],[139.70134655,39.97455728]],[[139.70108331,39.97456289],[139.70108331,39.97456289]],[[139.70123525,39.97454897],[139.70123525,39.97454897]],[[139.70107783,39.97463813],[139.70107783,39.97463813]],[[139.7009663,39.97462867],[139.7009663,39.97462867]],[[139.70119659,39.97463605],[139.70119659,39.97463605]],[[139.70110891,39.97467123],[139.70110891,39.97467123]],[[139.70107956,39.97471175],[139.70107956,39.97471175]],[[139.70124678,39.97501367],[139.70124678,39.97501367]],[[139.70147345,39.97512659],[139.70147345,39.97512659]],[[139.70160353,39.97519531],[139.70160353,39.97519531]],[[139.7016885,39.97529036],[139.7016885,39.97529036]],[[139.70160136,39.97530589],[139.70160136,39.97530589]],[[139.70125014,39.975371],[139.70125014,39.975371]],[[139.70185008,39.97541622],[139.70185008,39.97541622]],[[139.70149698,39.97549536],[139.70149698,39.97549536]],[[139.7012247,39.97553567],[139.7012247,39.97553567]],[[139.70122333,39.97556977],[139.70122333,39.97556977]],[[139.70177531,39.97556941],[139.70177531,39.97556941]],[[139.70132219,39.97617575],[139.70132219,39.97617575]],[[139.70224981,40.00647039],[139.70224981,40.00647039]],[[139.70232326,40.00647011],[139.70232326,40.00647011]],[[139.70170073,40.006917],[139.70170073,40.006917]],[[139.70157975,40.00695895],[139.70157975,40.00695895]],[[139.70108908,40.00695469],[139.70108908,40.00695469]],[[139.70116075,40.00716678],[139.70116075,40.00716678]],[[139.70087239,40.00715225],[139.70087239,40.00715225]],[[139.70264878,40.01204292],[139.70264878,40.01204292]],[[139.7024491,40.01208364],[139.7024491,40.01208364]],[[139.70232475,40.01208756],[139.70232475,40.01208756]],[[139.70136053,40.01278925],[139.70136053,40.01278925]],[[139.70172759,40.01284831],[139.70172759,40.01284831]],[[139.70146175,40.01280841],[139.70146175,40.01280841]],[[139.70169365,40.0128605],[139.70169365,40.0128605]],[[139.70141891,40.01292789],[139.70141891,40.01292789]],[[139.70457878,39.9262938],[139.70457878,39.9262938]],[[139.70481623,39.92831123],[139.70481623,39.92831123]],[[139.70509567,39.92846275],[139.70509567,39.92846275]],[[139.70528639,39.92879633],[139.70528639,39.92879633]],[[139.70511538,39.92885817],[139.70511538,39.92885817]],[[139.70515161,39.92898172],[139.70515161,39.92898172]],[[139.704978,39.92904541],[139.704978,39.92904541]],[[139.70525536,39.92914089],[139.70525536,39.92914089]],[[139.70502569,39.93113575],[139.70502569,39.93113575]],[[139.70515173,39.93127695],[139.70515173,39.93127695]],[[139.70392616,39.93299995],[139.70392616,39.93299995]],[[139.70527613,39.93322436],[139.70527613,39.93322436]],[[139.70427472,39.93323287],[139.70427472,39.93323287]],[[139.7030318,39.933329],[139.7030318,39.933329]],[[139.70438044,39.93340078],[139.70438044,39.93340078]],[[139.70449128,39.93337025],[139.70449128,39.93337025]],[[139.70445581,39.93345689],[139.70445581,39.93345689]],[[139.70413419,39.933498],[139.70413419,39.933498]],[[139.70481365,39.93346711],[139.70481365,39.93346711]],[[139.70488348,39.93347572],[139.70488348,39.93347572]],[[139.70445961,39.93355969],[139.70445961,39.93355969]],[[139.70424864,39.93363241],[139.70424864,39.93363241]],[[139.70332798,39.93361092],[139.70332798,39.93361092]],[[139.70465425,39.93372508],[139.70465425,39.93372508]],[[139.70473025,39.93372941],[139.70473025,39.93372941]],[[139.70348333,39.93368917],[139.70348333,39.93368917]],[[139.70460891,39.93392205],[139.70460891,39.93392205]],[[139.70303772,39.93398539],[139.70303772,39.93398539]],[[139.70466061,39.93400095],[139.70466061,39.93400095]],[[139.70278717,39.93400456],[139.70278717,39.93400456]],[[139.70299708,39.93404472],[139.70299708,39.93404472]],[[139.70362655,39.93398051],[139.70362655,39.93398051]],[[139.70449022,39.93407431],[139.70449022,39.93407431]],[[139.70302739,39.93410987],[139.70302739,39.93410987]],[[139.70461489,39.93414208],[139.70461489,39.93414208]],[[139.70455392,39.93443484],[139.70455392,39.93443484]],[[139.7046783,39.93417808],[139.7046783,39.93417808]],[[139.70388097,39.93400541],[139.70388097,39.93400541]],[[139.7031355,39.93401031],[139.7031355,39.93401031]],[[139.70424086,39.93434731],[139.70424086,39.93434731]],[[139.70435122,39.93456553],[139.70435122,39.93456553]],[[139.70457153,39.93500117],[139.70457153,39.93500117]],[[139.70522698,39.93503559],[139.70522698,39.93503559]],[[139.70530314,39.93527825],[139.70530314,39.93527825]],[[139.7041117,39.93569187],[139.7041117,39.93569187]],[[139.7037075,39.93575277],[139.7037075,39.93575277]],[[139.70452261,39.93591356],[139.70452261,39.93591356]],[[139.70388983,39.93578697],[139.70388983,39.93578697]],[[139.70402117,39.93592433],[139.70402117,39.93592433]],[[139.70399275,39.93597253],[139.70399275,39.93597253]],[[139.70504467,39.93595672],[139.70504467,39.93595672]],[[139.70487462,39.93605225],[139.70487462,39.93605225]],[[139.70494039,39.93618639],[139.70494039,39.93618639]],[[139.70452386,39.93671123],[139.70452386,39.93671123]],[[139.70449163,39.93686403],[139.70449163,39.93686403]],[[139.70504811,39.9371772],[139.70504811,39.9371772]],[[139.70408881,39.93686911],[139.70408881,39.93686911]],[[139.7047885,39.93718989],[139.7047885,39.93718989]],[[139.70320044,39.93705859],[139.70320044,39.93705859]],[[139.70516014,39.93722322],[139.70516014,39.93722322]],[[139.70401309,39.93734797],[139.70401309,39.93734797]],[[139.7050738,39.93735759],[139.7050738,39.93735759]],[[139.70499528,39.93744375],[139.70499528,39.93744375]],[[139.70499178,39.93854813],[139.70499178,39.93854813]],[[139.70445477,39.93893641],[139.70445477,39.93893641]],[[139.70493781,39.93968228],[139.70493781,39.93968228]],[[139.70530997,39.93969961],[139.70530997,39.93969961]],[[139.70440195,39.93979372],[139.70440195,39.93979372]],[[139.70537886,39.94004964],[139.70537886,39.94004964]],[[139.70443139,39.93997233],[139.70443139,39.93997233]],[[139.70482861,39.93996233],[139.70482861,39.93996233]],[[139.70484066,39.94000469],[139.70484066,39.94000469]],[[139.70400244,39.93999364],[139.70400244,39.93999364]],[[139.70482445,39.94008595],[139.70482445,39.94008595]],[[139.70497209,39.94009477],[139.70497209,39.94009477]],[[139.70502944,39.94016378],[139.70502944,39.94016378]],[[139.70502195,39.94023541],[139.70502195,39.94023541]],[[139.70516419,39.94033111],[139.70516419,39.94033111]],[[139.7045535,39.94031751],[139.7045535,39.94031751]],[[139.70501808,39.94044956],[139.70501808,39.94044956]],[[139.70519066,39.94048484],[139.70519066,39.94048484]],[[139.70419134,39.94058887],[139.70419134,39.94058887]],[[139.70454061,39.94061722],[139.70454061,39.94061722]],[[139.70468345,39.94103913],[139.70468345,39.94103913]],[[139.70516769,39.94109403],[139.70516769,39.94109403]],[[139.70494584,39.94107213],[139.70494584,39.94107213]],[[139.70490316,39.94112044],[139.70490316,39.94112044]],[[139.70504297,39.941207],[139.70504297,39.941207]],[[139.70481973,39.94124223],[139.70481973,39.94124223]],[[139.70410742,39.94127267],[139.70410742,39.94127267]],[[139.70468744,39.94133711],[139.70468744,39.94133711]],[[139.70389542,39.94132959],[139.70389542,39.94132959]],[[139.70401795,39.94140653],[139.70401795,39.94140653]],[[139.70322706,39.94137828],[139.70322706,39.94137828]],[[139.70454134,39.94147784],[139.70454134,39.94147784]],[[139.70474708,39.94150433],[139.70474708,39.94150433]],[[139.70449289,39.94151411],[139.70449289,39.94151411]],[[139.70408214,39.94147939],[139.70408214,39.94147939]],[[139.70425866,39.94170267],[139.70425866,39.94170267]],[[139.70299756,39.94174317],[139.70299756,39.94174317]],[[139.70367717,39.94178547],[139.70367717,39.94178547]],[[139.70430728,39.9417852],[139.70430728,39.9417852]],[[139.7034747,39.94180897],[139.7034747,39.94180897]],[[139.70277175,39.94255869],[139.70277175,39.94255869]],[[139.70327462,39.94274733],[139.70327462,39.94274733]],[[139.70324606,39.94283947],[139.70324606,39.94283947]],[[139.70400528,39.94296675],[139.70400528,39.94296675]],[[139.7039865,39.94300459],[139.7039865,39.94300459]],[[139.70407847,39.94313986],[139.70407847,39.94313986]],[[139.70318969,39.94321523],[139.70318969,39.94321523]],[[139.70410078,39.94321411],[139.70410078,39.94321411]],[[139.70395153,39.94334561],[139.70395153,39.94334561]],[[139.70402453,39.94341811],[139.70402453,39.94341811]],[[139.70269995,39.94345059],[139.70269995,39.94345059]],[[139.70277647,39.94378423],[139.70277647,39.94378423]],[[139.70335156,39.94417092],[139.70335156,39.94417092]],[[139.70308958,39.94415511],[139.70308958,39.94415511]],[[139.70368095,39.94432175],[139.70368095,39.94432175]],[[139.7026773,39.94476105],[139.7026773,39.94476105]],[[139.70334464,39.94473475],[139.70334464,39.94473475]],[[139.70338837,39.944786],[139.70338837,39.944786]],[[139.70316594,39.94474186],[139.70316594,39.94474186]],[[139.70339367,39.94484017],[139.70339367,39.94484017]],[[139.70370655,39.94484889],[139.70370655,39.94484889]],[[139.70370131,39.9450968],[139.70370131,39.9450968]],[[139.7030807,39.94516425],[139.7030807,39.94516425]],[[139.70409759,39.9453],[139.70409759,39.9453]],[[139.70421419,39.94529733],[139.70421419,39.94529733]],[[139.70364947,39.94550169],[139.70364947,39.94550169]],[[139.70356628,39.94550972],[139.70356628,39.94550972]],[[139.70352661,39.94552941],[139.70352661,39.94552941]],[[139.70369586,39.945528],[139.70369586,39.945528]],[[139.70430811,39.95547389],[139.70430811,39.95547389]],[[139.70384144,39.95556814],[139.70384144,39.95556814]],[[139.70493519,39.95571625],[139.70493519,39.95571625]],[[139.70478141,39.95587695],[139.70478141,39.95587695]],[[139.70464983,39.95601456],[139.70464983,39.95601456]],[[139.70510263,39.955986],[139.70510263,39.955986]],[[139.70515228,39.95965292],[139.70515228,39.95965292]],[[139.70283817,39.95999513],[139.70283817,39.95999513]],[[139.70510239,39.96009484],[139.70510239,39.96009484]],[[139.70501791,39.96012861],[139.70501791,39.96012861]],[[139.70285119,39.96026387],[139.70285119,39.96026387]],[[139.70520525,39.96032336],[139.70520525,39.96032336]],[[139.70498584,39.96051369],[139.70498584,39.96051369]],[[139.70268703,39.966142],[139.70268703,39.966142]],[[139.70516661,40.00418813],[139.70516661,40.00418813]],[[139.70518506,40.00418525],[139.70518506,40.00418525]],[[139.70496195,40.00422767],[139.70496195,40.00422767]],[[139.70514148,40.00445664],[139.70514148,40.00445664]],[[139.70469144,40.00467375],[139.70469144,40.00467375]],[[139.70456469,40.0046888],[139.70456469,40.0046888]],[[139.70446148,40.00474031],[139.70446148,40.00474031]],[[139.70390263,40.00497797],[139.70390263,40.00497797]],[[139.70822703,39.92307813],[139.70822703,39.92307813]],[[139.70778969,39.92313253],[139.70778969,39.92313253]],[[139.70788027,39.92367931],[139.70788027,39.92367931]],[[139.70691163,39.92643439],[139.70691163,39.92643439]],[[139.70810058,39.92646359],[139.70810058,39.92646359]],[[139.70786934,39.92651178],[139.70786934,39.92651178]],[[139.70770163,39.92654917],[139.70770163,39.92654917]],[[139.70737314,39.92695741],[139.70737314,39.92695741]],[[139.70527017,39.92730003],[139.70527017,39.92730003]],[[139.70755903,39.92751431],[139.70755903,39.92751431]],[[139.70782652,39.92771011],[139.70782652,39.92771011]],[[139.70787414,39.92751105],[139.70787414,39.92751105]],[[139.70788608,39.927638],[139.70788608,39.927638]],[[139.70657272,39.92771964],[139.70657272,39.92771964]],[[139.70600066,39.92776911],[139.70600066,39.92776911]],[[139.70548453,39.92790197],[139.70548453,39.92790197]],[[139.70609953,39.92793867],[139.70609953,39.92793867]],[[139.70763289,39.92793359],[139.70763289,39.92793359]],[[139.70779455,39.92801233],[139.70779455,39.92801233]],[[139.70550722,39.92805956],[139.70550722,39.92805956]],[[139.70627017,39.92797095],[139.70627017,39.92797095]],[[139.70699864,39.92829392],[139.70699864,39.92829392]],[[139.70780662,39.92807687],[139.70780662,39.92807687]],[[139.70590655,39.92807072],[139.70590655,39.92807072]],[[139.70657436,39.92809128],[139.70657436,39.92809128]],[[139.70681803,39.9281992],[139.70681803,39.9281992]],[[139.70757134,39.9282775],[139.70757134,39.9282775]],[[139.7075617,39.92838053],[139.7075617,39.92838053]],[[139.70748922,39.9283972],[139.70748922,39.9283972]],[[139.70541411,39.928556],[139.70541411,39.928556]],[[139.70545883,39.92893833],[139.70545883,39.92893833]],[[139.70541073,39.92919069],[139.70541073,39.92919069]],[[139.7059845,39.93018531],[139.7059845,39.93018531]],[[139.70582489,39.93015972],[139.70582489,39.93015972]],[[139.7070102,39.930577],[139.7070102,39.930577]],[[139.70725628,39.93064603],[139.70725628,39.93064603]],[[139.70673997,39.93073236],[139.70673997,39.93073236]],[[139.70714635,39.93085636],[139.70714635,39.93085636]],[[139.70731844,39.93095792],[139.70731844,39.93095792]],[[139.70604025,39.93109411],[139.70604025,39.93109411]],[[139.70734511,39.93110067],[139.70734511,39.93110067]],[[139.70735703,39.93120139],[139.70735703,39.93120139]],[[139.70699202,39.93112156],[139.70699202,39.93112156]],[[139.70640927,39.93122047],[139.70640927,39.93122047]],[[139.70715525,39.93132777],[139.70715525,39.93132777]],[[139.70739975,39.93130684],[139.70739975,39.93130684]],[[139.70653014,39.93154139],[139.70653014,39.93154139]],[[139.70547389,39.93150653],[139.70547389,39.93150653]],[[139.70647834,39.93186917],[139.70647834,39.93186917]],[[139.70550489,39.93186341],[139.70550489,39.93186341]],[[139.70640625,39.9318702],[139.70640625,39.9318702]],[[139.70593089,39.93191925],[139.70593089,39.93191925]],[[139.70615134,39.9319105],[139.70615134,39.9319105]],[[139.70692936,39.9322968],[139.70692936,39.9322968]],[[139.70698481,39.93245333],[139.70698481,39.93245333]],[[139.70698231,39.93267092],[139.70698231,39.93267092]],[[139.70590847,39.93279197],[139.70590847,39.93279197]],[[139.70568219,39.93303431],[139.70568219,39.93303431]],[[139.70607969,39.93290289],[139.70607969,39.93290289]],[[139.70582122,39.933303],[139.70582122,39.933303]],[[139.70607958,39.9334308],[139.70607958,39.9334308]],[[139.70593447,39.93342497],[139.70593447,39.93342497]],[[139.70583988,39.9334488],[139.70583988,39.9334488]],[[139.706261,39.93358233],[139.706261,39.93358233]],[[139.70554659,39.933548],[139.70554659,39.933548]],[[139.70557012,39.93357705],[139.70557012,39.93357705]],[[139.70564852,39.9336325],[139.70564852,39.9336325]],[[139.70591953,39.93356669],[139.70591953,39.93356669]],[[139.70534484,39.93378717],[139.70534484,39.93378717]],[[139.70554508,39.93502344],[139.70554508,39.93502344]],[[139.70556039,39.93507467],[139.70556039,39.93507467]],[[139.70576302,39.93510961],[139.70576302,39.93510961]],[[139.70536514,39.93521444],[139.70536514,39.93521444]],[[139.70575423,39.93523967],[139.70575423,39.93523967]],[[139.70550633,39.93524528],[139.70550633,39.93524528]],[[139.70554866,39.93531117],[139.70554866,39.93531117]],[[139.70571263,39.93540047],[139.70571263,39.93540047]],[[139.70591197,39.93540917],[139.70591197,39.93540917]],[[139.70538484,39.93559103],[139.70538484,39.93559103]],[[139.70557917,39.93591951],[139.70557917,39.93591951]],[[139.70614847,39.93880697],[139.70614847,39.93880697]],[[139.70624947,39.93881203],[139.70624947,39.93881203]],[[139.70584231,39.93898261],[139.70584231,39.93898261]],[[139.70580759,39.93905936],[139.70580759,39.93905936]],[[139.70539263,39.93908344],[139.70539263,39.93908344]],[[139.705823,39.93917453],[139.705823,39.93917453]],[[139.70600425,39.93938951],[139.70600425,39.93938951]],[[139.70546131,39.93941836],[139.70546131,39.93941836]],[[139.70595525,39.93963733],[139.70595525,39.93963733]],[[139.70533406,39.93983547],[139.70533406,39.93983547]],[[139.70549706,39.93996344],[139.70549706,39.93996344]],[[139.70543314,39.94026311],[139.70543314,39.94026311]],[[139.70544047,39.94029405],[139.70544047,39.94029405]],[[139.70739703,39.94522264],[139.70739703,39.94522264]],[[139.70794234,39.94533684],[139.70794234,39.94533684]],[[139.70789501,39.94539744],[139.70789501,39.94539744]],[[139.70798944,39.945525],[139.70798944,39.945525]],[[139.70728108,39.94662047],[139.70728108,39.94662047]],[[139.70743625,39.95211456],[139.70743625,39.95211456]],[[139.70617148,39.95510867],[139.70617148,39.95510867]],[[139.70611728,39.95600684],[139.70611728,39.95600684]],[[139.70581458,39.9560242],[139.70581458,39.9560242]],[[139.70798489,39.95606811],[139.70798489,39.95606811]],[[139.70591844,39.95606259],[139.70591844,39.95606259]],[[139.70599992,39.95616803],[139.70599992,39.95616803]],[[139.70708406,39.95614647],[139.70708406,39.95614647]],[[139.70795278,39.95619867],[139.70795278,39.95619867]],[[139.70745492,39.95617069],[139.70745492,39.95617069]],[[139.70572197,39.95623117],[139.70572197,39.95623117]],[[139.70615713,39.95622161],[139.70615713,39.95622161]],[[139.70790183,39.95629356],[139.70790183,39.95629356]],[[139.70760005,39.95623408],[139.70760005,39.95623408]],[[139.70621438,39.95632089],[139.70621438,39.95632089]],[[139.70722925,39.95631405],[139.70722925,39.95631405]],[[139.70638728,39.95634092],[139.70638728,39.95634092]],[[139.70651747,39.95639559],[139.70651747,39.95639559]],[[139.70595302,39.95649947],[139.70595302,39.95649947]],[[139.70556827,39.95641044],[139.70556827,39.95641044]],[[139.70643044,39.95645625],[139.70643044,39.95645625]],[[139.70631538,39.95651308],[139.70631538,39.95651308]],[[139.70616209,39.95672011],[139.70616209,39.95672011]],[[139.70602302,39.95681213],[139.70602302,39.95681213]],[[139.70608392,39.95692461],[139.70608392,39.95692461]],[[139.70627837,39.95697992],[139.70627837,39.95697992]],[[139.70603328,39.95727295],[139.70603328,39.95727295]],[[139.70629516,39.95797317],[139.70629516,39.95797317]],[[139.70546523,39.95794544],[139.70546523,39.95794544]],[[139.70613431,39.95804789],[139.70613431,39.95804789]],[[139.70633822,39.95825305],[139.70633822,39.95825305]],[[139.70616647,39.95836911],[139.70616647,39.95836911]],[[139.70602811,39.95854808],[139.70602811,39.95854808]],[[139.70567569,39.95849197],[139.70567569,39.95849197]],[[139.70535134,39.95851647],[139.70535134,39.95851647]],[[139.70590903,39.95851578],[139.70590903,39.95851578]],[[139.70617377,39.95870911],[139.70617377,39.95870911]],[[139.7053175,39.95872987],[139.7053175,39.95872987]],[[139.70587124,39.95876425],[139.70587124,39.95876425]],[[139.70597992,39.95878189],[139.70597992,39.95878189]],[[139.70598922,39.95883531],[139.70598922,39.95883531]],[[139.70552966,39.95933036],[139.70552966,39.95933036]],[[139.70593822,39.95934767],[139.70593822,39.95934767]],[[139.70591497,39.95940164],[139.70591497,39.95940164]],[[139.70561275,39.95943897],[139.70561275,39.95943897]],[[139.705768,39.95951325],[139.705768,39.95951325]],[[139.70600866,39.95954687],[139.70600866,39.95954687]],[[139.70568674,39.95961441],[139.70568674,39.95961441]],[[139.70579175,39.95962075],[139.70579175,39.95962075]],[[139.70569639,39.95971828],[139.70569639,39.95971828]],[[139.70557339,39.95973275],[139.70557339,39.95973275]],[[139.70527438,39.95991997],[139.70527438,39.95991997]],[[139.70544897,39.96009425],[139.70544897,39.96009425]],[[139.70529511,39.96019714],[139.70529511,39.96019714]],[[139.70680005,40.00246759],[139.70680005,40.00246759]],[[139.70673492,40.00257531],[139.70673492,40.00257531]],[[139.71092523,39.91949033],[139.71092523,39.91949033]],[[139.7108245,39.91959078],[139.7108245,39.91959078]],[[139.71077462,39.92015267],[139.71077462,39.92015267]],[[139.7104518,39.92055092],[139.7104518,39.92055092]],[[139.71145481,39.92106384],[139.71145481,39.92106384]],[[139.71117387,39.92202208],[139.71117387,39.92202208]],[[139.71086969,39.92165131],[139.71086969,39.92165131]],[[139.70929934,39.9220242],[139.70929934,39.9220242]],[[139.71139905,39.92236508],[139.71139905,39.92236508]],[[139.70865681,39.92237184],[139.70865681,39.92237184]],[[139.71062681,39.92249659],[139.71062681,39.92249659]],[[139.71021477,39.92261311],[139.71021477,39.92261311]],[[139.7110518,39.92261725],[139.7110518,39.92261725]],[[139.71061222,39.92308864],[139.71061222,39.92308864]],[[139.7082291,39.92277256],[139.7082291,39.92277256]],[[139.71089477,39.92277847],[139.71089477,39.92277847]],[[139.71121197,39.92278064],[139.71121197,39.92278064]],[[139.71138722,39.92277405],[139.71138722,39.92277405]],[[139.71050586,39.92286839],[139.71050586,39.92286839]],[[139.71143661,39.92288586],[139.71143661,39.92288586]],[[139.71103503,39.92291403],[139.71103503,39.92291403]],[[139.71058511,39.92289447],[139.71058511,39.92289447]],[[139.70981423,39.92297195],[139.70981423,39.92297195]],[[139.71056635,39.92298128],[139.71056635,39.92298128]],[[139.71133756,39.92302047],[139.71133756,39.92302047]],[[139.71122484,39.92306764],[139.71122484,39.92306764]],[[139.71085214,39.92305341],[139.71085214,39.92305341]],[[139.7107972,39.92308053],[139.7107972,39.92308053]],[[139.71097611,39.92311233],[139.71097611,39.92311233]],[[139.71087472,39.92310361],[139.71087472,39.92310361]],[[139.71114547,39.92317911],[139.71114547,39.92317911]],[[139.70986416,39.92316472],[139.70986416,39.92316472]],[[139.70892949,39.92320069],[139.70892949,39.92320069]],[[139.70869372,39.92323244],[139.70869372,39.92323244]],[[139.70847423,39.92354925],[139.70847423,39.92354925]],[[139.70824905,39.92376169],[139.70824905,39.92376169]],[[139.70847828,39.92378797],[139.70847828,39.92378797]],[[139.70869872,39.92380641],[139.70869872,39.92380641]],[[139.7084425,39.92395895],[139.7084425,39.92395895]],[[139.70877953,39.92407939],[139.70877953,39.92407939]],[[139.70843445,39.92455053],[139.70843445,39.92455053]],[[139.70947886,39.92481556],[139.70947886,39.92481556]],[[139.70946267,39.92506895],[139.70946267,39.92506895]],[[139.710282,39.92519333],[139.710282,39.92519333]],[[139.70961545,39.92524859],[139.70961545,39.92524859]],[[139.71025224,39.92524411],[139.71025224,39.92524411]],[[139.71031872,39.9252798],[139.71031872,39.9252798]],[[139.70918691,39.92519228],[139.70918691,39.92519228]],[[139.71041414,39.92552444],[139.71041414,39.92552444]],[[139.70997786,39.92540564],[139.70997786,39.92540564]],[[139.71053519,39.92552661],[139.71053519,39.92552661]],[[139.71057239,39.92563486],[139.71057239,39.92563486]],[[139.70992423,39.92588889],[139.70992423,39.92588889]],[[139.71092864,39.9259405],[139.71092864,39.9259405]],[[139.71098109,39.92600325],[139.71098109,39.92600325]],[[139.71101263,39.92609759],[139.71101263,39.92609759]],[[139.71073694,39.9261668],[139.71073694,39.9261668]],[[139.71114219,39.92622467],[139.71114219,39.92622467]],[[139.71085503,39.92627961],[139.71085503,39.92627961]],[[139.71110375,39.92635011],[139.71110375,39.92635011]],[[139.71123209,39.92629931],[139.71123209,39.92629931]],[[139.7108337,39.92643811],[139.7108337,39.92643811]],[[139.71103022,39.92650972],[139.71103022,39.92650972]],[[139.70818953,39.92651164],[139.70818953,39.92651164]],[[139.7109675,39.92650389],[139.7109675,39.92650389]],[[139.71084616,39.92649677],[139.71084616,39.92649677]],[[139.70812922,39.92654251],[139.70812922,39.92654251]],[[139.71075501,39.92659947],[139.71075501,39.92659947]],[[139.71095306,39.92659356],[139.71095306,39.92659356]],[[139.71062678,39.92665697],[139.71062678,39.92665697]],[[139.70843914,39.92689244],[139.70843914,39.92689244]],[[139.71036384,39.92694787],[139.71036384,39.92694787]],[[139.70816936,39.92682067],[139.70816936,39.92682067]],[[139.71018014,39.92693492],[139.71018014,39.92693492]],[[139.70972272,39.92704972],[139.70972272,39.92704972]],[[139.70942581,39.92709289],[139.70942581,39.92709289]],[[139.70838263,39.92708547],[139.70838263,39.92708547]],[[139.71030111,39.92706469],[139.71030111,39.92706469]],[[139.70893625,39.92715522],[139.70893625,39.92715522]],[[139.70978722,39.92719817],[139.70978722,39.92719817]],[[139.71033997,39.92715597],[139.71033997,39.92715597]],[[139.7095472,39.927167],[139.7095472,39.927167]],[[139.70949272,39.92720703],[139.70949272,39.92720703]],[[139.70996542,39.92725331],[139.70996542,39.92725331]],[[139.70933689,39.92726459],[139.70933689,39.92726459]],[[139.70903964,39.92728567],[139.70903964,39.92728567]],[[139.71007205,39.92730764],[139.71007205,39.92730764]],[[139.7093872,39.92726453],[139.7093872,39.92726453]],[[139.70843917,39.92732],[139.70843917,39.92732]],[[139.70970776,39.92719992],[139.70970776,39.92719992]],[[139.70923728,39.92733289],[139.70923728,39.92733289]],[[139.70931131,39.92736944],[139.70931131,39.92736944]],[[139.70974717,39.92742908],[139.70974717,39.92742908]],[[139.70846752,39.92740233],[139.70846752,39.92740233]],[[139.70864878,39.92737186],[139.70864878,39.92737186]],[[139.7098483,39.92752553],[139.7098483,39.92752553]],[[139.70834733,39.92756889],[139.70834733,39.92756889]],[[139.70852895,39.927767],[139.70852895,39.927767]],[[139.70836922,39.92776931],[139.70836922,39.92776931]],[[139.70844431,39.92785641],[139.70844431,39.92785641]],[[139.70858586,39.92790644],[139.70858586,39.92790644]],[[139.70822167,39.94552914],[139.70822167,39.94552914]],[[139.70833333,39.94559495],[139.70833333,39.94559495]],[[139.70824139,39.94581053],[139.70824139,39.94581053]],[[139.70836403,39.94588261],[139.70836403,39.94588261]],[[139.709007,39.94601503],[139.709007,39.94601503]],[[139.70904686,39.94638903],[139.70904686,39.94638903]],[[139.71179581,39.94661659],[139.71179581,39.94661659]],[[139.711751,39.9466238],[139.711751,39.9466238]],[[139.71088655,39.94668164],[139.71088655,39.94668164]],[[139.71128708,39.94666951],[139.71128708,39.94666951]],[[139.70862553,39.94663497],[139.70862553,39.94663497]],[[139.71155095,39.94662764],[139.71155095,39.94662764]],[[139.70854367,39.94668217],[139.70854367,39.94668217]],[[139.70912572,39.94673997],[139.70912572,39.94673997]],[[139.71169477,39.94671353],[139.71169477,39.94671353]],[[139.7112092,39.94668784],[139.7112092,39.94668784]],[[139.71042017,39.94678567],[139.71042017,39.94678567]],[[139.71105844,39.946726],[139.71105844,39.946726]],[[139.71139258,39.94675914],[139.71139258,39.94675914]],[[139.71070053,39.94687222],[139.71070053,39.94687222]],[[139.70904031,39.94680995],[139.70904031,39.94680995]],[[139.70937158,39.94685331],[139.70937158,39.94685331]],[[139.70923575,39.94685264],[139.70923575,39.94685264]],[[139.70914372,39.94689184],[139.70914372,39.94689184]],[[139.70903983,39.94698269],[139.70903983,39.94698269]],[[139.71061228,39.94694541],[139.71061228,39.94694541]],[[139.71035064,39.94697928],[139.71035064,39.94697928]],[[139.71033124,39.94705556],[139.71033124,39.94705556]],[[139.70855772,39.94709492],[139.70855772,39.94709492]],[[139.71037942,39.94706656],[139.71037942,39.94706656]],[[139.70980795,39.94709775],[139.70980795,39.94709775]],[[139.71007041,39.94715561],[139.71007041,39.94715561]],[[139.71017056,39.94713659],[139.71017056,39.94713659]],[[139.7084698,39.94723411],[139.7084698,39.94723411]],[[139.70853386,39.94727311],[139.70853386,39.94727311]],[[139.70864772,39.94752308],[139.70864772,39.94752308]],[[139.71056717,39.94766392],[139.71056717,39.94766392]],[[139.70861205,39.95641331],[139.70861205,39.95641331]],[[139.70922484,39.95653636],[139.70922484,39.95653636]],[[139.71004428,39.95760503],[139.71004428,39.95760503]],[[139.71186895,39.99605184],[139.71186895,39.99605184]],[[139.71175297,39.99628328],[139.71175297,39.99628328]],[[139.71128202,39.99688028],[139.71128202,39.99688028]],[[139.71171944,39.99686469],[139.71171944,39.99686469]],[[139.71134248,39.99679305],[139.71134248,39.99679305]],[[139.71164786,39.99701675],[139.71164786,39.99701675]],[[139.71116536,39.99714036],[139.71116536,39.99714036]],[[139.71057192,39.99717784],[139.71057192,39.99717784]],[[139.71012125,39.99740097],[139.71012125,39.99740097]],[[139.71013827,39.9974125],[139.71013827,39.9974125]],[[139.71029353,39.9976008],[139.71029353,39.9976008]],[[139.70944895,39.9985938],[139.70944895,39.9985938]],[[139.7088628,39.99902892],[139.7088628,39.99902892]],[[139.71699847,39.90913397],[139.71699847,39.90913397]],[[139.71733514,39.90926741],[139.71733514,39.90926741]],[[139.71629117,39.9106578],[139.71629117,39.9106578]],[[139.71645034,39.910413],[139.71645034,39.910413]],[[139.71606856,39.9109908],[139.71606856,39.9109908]],[[139.71727163,39.91164503],[139.71727163,39.91164503]],[[139.71620767,39.91282264],[139.71620767,39.91282264]],[[139.71499289,39.91308067],[139.71499289,39.91308067]],[[139.71727737,39.91304205],[139.71727737,39.91304205]],[[139.71744558,39.91312547],[139.71744558,39.91312547]],[[139.71728791,39.91320492],[139.71728791,39.91320492]],[[139.71730791,39.91328375],[139.71730791,39.91328375]],[[139.71652105,39.91529641],[139.71652105,39.91529641]],[[139.71662003,39.91534567],[139.71662003,39.91534567]],[[139.71261353,39.9158812],[139.71261353,39.9158812]],[[139.71279189,39.91548761],[139.71279189,39.91548761]],[[139.7161975,39.91578059],[139.7161975,39.91578059]],[[139.71665139,39.91581289],[139.71665139,39.91581289]],[[139.7156373,39.91591208],[139.7156373,39.91591208]],[[139.71657789,39.91586623],[139.71657789,39.91586623]],[[139.71649747,39.91589831],[139.71649747,39.91589831]],[[139.71609756,39.91594922],[139.71609756,39.91594922]],[[139.71600278,39.91600092],[139.71600278,39.91600092]],[[139.7156825,39.91601422],[139.7156825,39.91601422]],[[139.71363192,39.91604325],[139.71363192,39.91604325]],[[139.71605089,39.91610703],[139.71605089,39.91610703]],[[139.71504713,39.916143],[139.71504713,39.916143]],[[139.71630314,39.91608875],[139.71630314,39.91608875]],[[139.71625314,39.91618489],[139.71625314,39.91618489]],[[139.71607506,39.91621597],[139.71607506,39.91621597]],[[139.71619233,39.91623351],[139.71619233,39.91623351]],[[139.71591131,39.91625195],[139.71591131,39.91625195]],[[139.71393669,39.91631964],[139.71393669,39.91631964]],[[139.71605111,39.91635741],[139.71605111,39.91635741]],[[139.71286694,39.91643017],[139.71286694,39.91643017]],[[139.71336161,39.91647387],[139.71336161,39.91647387]],[[139.7130018,39.91655253],[139.7130018,39.91655253]],[[139.71436197,39.91638464],[139.71436197,39.91638464]],[[139.71380222,39.91650261],[139.71380222,39.91650261]],[[139.71280141,39.91661167],[139.71280141,39.91661167]],[[139.71331581,39.91657133],[139.71331581,39.91657133]],[[139.71554564,39.91665544],[139.71554564,39.91665544]],[[139.71373328,39.91659978],[139.71373328,39.91659978]],[[139.71445222,39.91670417],[139.71445222,39.91670417]],[[139.71413562,39.917055],[139.71413562,39.917055]],[[139.71398577,39.91716892],[139.71398577,39.91716892]],[[139.71342406,39.91725014],[139.71342406,39.91725014]],[[139.71364667,39.9174002],[139.71364667,39.9174002]],[[139.71384664,39.91733078],[139.71384664,39.91733078]],[[139.7136237,39.91769675],[139.7136237,39.91769675]],[[139.71278394,39.91761928],[139.71278394,39.91761928]],[[139.71267453,39.91824592],[139.71267453,39.91824592]],[[139.71339051,39.91877867],[139.71339051,39.91877867]],[[139.71305173,39.91890159],[139.71305173,39.91890159]],[[139.71348798,39.91889172],[139.71348798,39.91889172]],[[139.71312725,39.91894661],[139.71312725,39.91894661]],[[139.71346453,39.91896617],[139.71346453,39.91896617]],[[139.71219681,39.91911217],[139.71219681,39.91911217]],[[139.71214645,39.91929614],[139.71214645,39.91929614]],[[139.71206545,39.91950695],[139.71206545,39.91950695]],[[139.71227217,39.91956992],[139.71227217,39.91956992]],[[139.71286767,39.91972223],[139.71286767,39.91972223]],[[139.71298811,39.9197958],[139.71298811,39.9197958]],[[139.71249124,39.9199288],[139.71249124,39.9199288]],[[139.71301073,39.920762],[139.71301073,39.920762]],[[139.71223438,39.92079631],[139.71223438,39.92079631]],[[139.71212988,39.92088392],[139.71212988,39.92088392]],[[139.71301136,39.92091684],[139.71301136,39.92091684]],[[139.71243547,39.92127659],[139.71243547,39.92127659]],[[139.71248036,39.92130728],[139.71248036,39.92130728]],[[139.71258939,39.92129331],[139.71258939,39.92129331]],[[139.71273988,39.92133817],[139.71273988,39.92133817]],[[139.71399508,39.94581587],[139.71399508,39.94581587]],[[139.71232866,39.94621436],[139.71232866,39.94621436]],[[139.71256942,39.94631856],[139.71256942,39.94631856]],[[139.7124972,39.94643956],[139.7124972,39.94643956]],[[139.711799,39.94650033],[139.711799,39.94650033]],[[139.71191786,39.94653086],[139.71191786,39.94653086]],[[139.71202811,39.94663128],[139.71202811,39.94663128]],[[139.71195728,39.94662625],[139.71195728,39.94662625]],[[139.71193939,39.94672453],[139.71193939,39.94672453]],[[139.71185112,39.94672728],[139.71185112,39.94672728]],[[139.71582477,39.95929897],[139.71582477,39.95929897]],[[139.71708611,39.98715753],[139.71708611,39.98715753]],[[139.71702455,39.98725536],[139.71702455,39.98725536]],[[139.71707403,39.98718811],[139.71707403,39.98718811]],[[139.71659278,39.98764156],[139.71659278,39.98764156]],[[139.71580922,39.98796347],[139.71580922,39.98796347]],[[139.7160455,39.988037],[139.7160455,39.988037]],[[139.71601233,39.98812505],[139.71601233,39.98812505]],[[139.7161092,39.98820947],[139.7161092,39.98820947]],[[139.71575934,39.98820861],[139.71575934,39.98820861]],[[139.7158107,39.98818967],[139.7158107,39.98818967]],[[139.71577577,39.98826911],[139.71577577,39.98826911]],[[139.71547519,39.98852167],[139.71547519,39.98852167]],[[139.71528134,39.98874875],[139.71528134,39.98874875]],[[139.71536041,39.98931278],[139.71536041,39.98931278]],[[139.71480119,39.99035192],[139.71480119,39.99035192]],[[139.71496287,39.99077808],[139.71496287,39.99077808]],[[139.71459547,39.990832],[139.71459547,39.990832]],[[139.71427922,39.991066],[139.71427922,39.991066]],[[139.71445311,39.99125917],[139.71445311,39.99125917]],[[139.71438377,39.99126714],[139.71438377,39.99126714]],[[139.71436372,39.99140603],[139.71436372,39.99140603]],[[139.71418639,39.9914452],[139.71418639,39.9914452]],[[139.71435558,39.99148953],[139.71435558,39.99148953]],[[139.71427825,39.99152778],[139.71427825,39.99152778]],[[139.714123,39.9917565],[139.714123,39.9917565]],[[139.71427591,39.99175705],[139.71427591,39.99175705]],[[139.71421684,39.99187567],[139.71421684,39.99187567]],[[139.71401453,39.99198125],[139.71401453,39.99198125]],[[139.71421633,39.99205661],[139.71421633,39.99205661]],[[139.71369469,39.99232736],[139.71369469,39.99232736]],[[139.71376416,39.99238928],[139.71376416,39.99238928]],[[139.71372847,39.99253844],[139.71372847,39.99253844]],[[139.71375489,39.99251303],[139.71375489,39.99251303]],[[139.71383786,39.99252987],[139.71383786,39.99252987]],[[139.71390944,39.99257792],[139.71390944,39.99257792]],[[139.71330486,39.99257831],[139.71330486,39.99257831]],[[139.71359672,39.99276169],[139.71359672,39.99276169]],[[139.71353394,39.99276956],[139.71353394,39.99276956]],[[139.71370878,39.99275559],[139.71370878,39.99275559]],[[139.71347462,39.99283267],[139.71347462,39.99283267]],[[139.71333625,39.99282197],[139.71333625,39.99282197]],[[139.71356973,39.99282989],[139.71356973,39.99282989]],[[139.71329986,39.99286395],[139.71329986,39.99286395]],[[139.71340041,39.99287239],[139.71340041,39.99287239]],[[139.71339092,39.99297353],[139.71339092,39.99297353]],[[139.71333759,39.99300617],[139.71333759,39.99300617]],[[139.71368261,39.99323853],[139.71368261,39.99323853]],[[139.7132,39.99319767],[139.7132,39.99319767]],[[139.71329564,39.9933],[139.71329564,39.9933]],[[139.71336747,39.99345544],[139.71336747,39.99345544]],[[139.71320591,39.99345984],[139.71320591,39.99345984]],[[139.71290095,39.99373259],[139.71290095,39.99373259]],[[139.71283442,39.99369841],[139.71283442,39.99369841]],[[139.71321053,39.99372008],[139.71321053,39.99372008]],[[139.71323547,39.99379931],[139.71323547,39.99379931]],[[139.71322222,39.9940148],[139.71322222,39.9940148]],[[139.71290136,39.99400053],[139.71290136,39.99400053]],[[139.71277503,39.99440903],[139.71277503,39.99440903]],[[139.71286878,39.99450441],[139.71286878,39.99450441]],[[139.7129462,39.9946472],[139.7129462,39.9946472]],[[139.71271163,39.99486992],[139.71271163,39.99486992]],[[139.71257961,39.99490811],[139.71257961,39.99490811]],[[139.71276416,39.99494411],[139.71276416,39.99494411]],[[139.71291956,39.99495084],[139.71291956,39.99495084]],[[139.71233097,39.99527505],[139.71233097,39.99527505]],[[139.71221173,39.99569947],[139.71221173,39.99569947]],[[139.71217136,39.99574044],[139.71217136,39.99574044]],[[139.71204728,39.99575122],[139.71204728,39.99575122]],[[139.71220847,39.99575575],[139.71220847,39.99575575]],[[139.7121692,39.99575113],[139.7121692,39.99575113]],[[139.71189961,39.99615239],[139.71189961,39.99615239]],[[139.73533508,39.8838092],[139.73533508,39.8838092]],[[139.73579222,39.88738577],[139.73579222,39.88738577]],[[139.73377475,39.89087564],[139.73377475,39.89087564]],[[139.73512569,39.89123536],[139.73512569,39.89123536]],[[139.73523988,39.89144997],[139.73523988,39.89144997]],[[139.73526389,39.89154344],[139.73526389,39.89154344]],[[139.735028,39.89154714],[139.735028,39.89154714]],[[139.7354862,39.89163722],[139.7354862,39.89163722]],[[139.73570661,39.8916595],[139.73570661,39.8916595]],[[139.73543803,39.89169497],[139.73543803,39.89169497]],[[139.73550655,39.89189251],[139.73550655,39.89189251]],[[139.73573536,39.89184289],[139.73573536,39.89184289]],[[139.7351972,39.89199422],[139.7351972,39.89199422]],[[139.73502475,39.89247567],[139.73502475,39.89247567]],[[139.73489241,39.89326469],[139.73489241,39.89326469]],[[139.73569752,39.8932695],[139.73569752,39.8932695]],[[139.73569017,39.89336372],[139.73569017,39.89336372]],[[139.73500095,39.89374731],[139.73500095,39.89374731]],[[139.73559039,39.89409859],[139.73559039,39.89409859]],[[139.73424992,39.89481295],[139.73424992,39.89481295]],[[139.73431217,39.89484675],[139.73431217,39.89484675]],[[139.73395766,39.89486636],[139.73395766,39.89486636]],[[139.73455031,39.89546436],[139.73455031,39.89546436]],[[139.73421316,39.89641105],[139.73421316,39.89641105]],[[139.73379562,39.89667269],[139.73379562,39.89667269]],[[139.73381503,39.89678853],[139.73381503,39.89678853]],[[139.7332727,39.89678744],[139.7332727,39.89678744]],[[139.73316328,39.89692451],[139.73316328,39.89692451]],[[139.73410567,39.89696811],[139.73410567,39.89696811]],[[139.73410872,39.89726744],[139.73410872,39.89726744]],[[139.73483601,39.89947508],[139.73483601,39.89947508]],[[139.73470244,39.89965956],[139.73470244,39.89965956]],[[139.73456564,39.89997269],[139.73456564,39.89997269]],[[139.73407289,39.90001287],[139.73407289,39.90001287]],[[139.73454125,39.90049603],[139.73454125,39.90049603]],[[139.73514453,39.9009738],[139.73514453,39.9009738]],[[139.73482211,39.90120069],[139.73482211,39.90120069]],[[139.73467409,39.90125828],[139.73467409,39.90125828]],[[139.7350738,39.90130269],[139.7350738,39.90130269]],[[139.73492089,39.90132925],[139.73492089,39.90132925]],[[139.73506178,39.90138822],[139.73506178,39.90138822]],[[139.7349898,39.90140647],[139.7349898,39.90140647]],[[139.73515078,39.90158561],[139.73515078,39.90158561]],[[139.73487328,39.90189408],[139.73487328,39.90189408]],[[139.73531027,39.9021288],[139.73531027,39.9021288]],[[139.7351107,39.90259528],[139.7351107,39.90259528]],[[139.73502776,39.90261977],[139.73502776,39.90261977]],[[139.73516186,39.90269439],[139.73516186,39.90269439]],[[139.73357725,39.90310836],[139.73357725,39.90310836]],[[139.73425636,39.90307995],[139.73425636,39.90307995]],[[139.73430814,39.90306575],[139.73430814,39.90306575]],[[139.73408141,39.90315097],[139.73408141,39.90315097]],[[139.73420908,39.90320551],[139.73420908,39.90320551]],[[139.73411397,39.90322305],[139.73411397,39.90322305]],[[139.73451903,39.90352595],[139.73451903,39.90352595]],[[139.73457022,39.90349831],[139.73457022,39.90349831]],[[139.73467567,39.90370531],[139.73467567,39.90370531]],[[139.73061662,39.90618547],[139.73061662,39.90618547]],[[139.73366508,39.90637772],[139.73366508,39.90637772]],[[139.73297584,39.9066142],[139.73297584,39.9066142]],[[139.73335798,39.90674969],[139.73335798,39.90674969]],[[139.73360725,39.90680492],[139.73360725,39.90680492]],[[139.73308409,39.90720805],[139.73308409,39.90720805]],[[139.73288545,39.90734208],[139.73288545,39.90734208]],[[139.73274025,39.90731667],[139.73274025,39.90731667]],[[139.73334481,39.907374],[139.73334481,39.907374]],[[139.72360297,39.90749531],[139.72360297,39.90749531]],[[139.72422438,39.90747908],[139.72422438,39.90747908]],[[139.72471936,39.90757984],[139.72471936,39.90757984]],[[139.73270389,39.90755023],[139.73270389,39.90755023]],[[139.73256239,39.90761464],[139.73256239,39.90761464]],[[139.73281594,39.90756336],[139.73281594,39.90756336]],[[139.72142224,39.9075968],[139.72142224,39.9075968]],[[139.73261326,39.90771105],[139.73261326,39.90771105]],[[139.73255025,39.90770136],[139.73255025,39.90770136]],[[139.73280034,39.90769211],[139.73280034,39.90769211]],[[139.73227883,39.90794656],[139.73227883,39.90794656]],[[139.72234073,39.90782531],[139.72234073,39.90782531]],[[139.7273893,39.90804631],[139.7273893,39.90804631]],[[139.72019859,39.90750059],[139.72019859,39.90750059]],[[139.71851416,39.90799259],[139.71851416,39.90799259]],[[139.73167192,39.90789133],[139.73167192,39.90789133]],[[139.72234769,39.90819744],[139.72234769,39.90819744]],[[139.72166309,39.90833333],[139.72166309,39.90833333]],[[139.72338397,39.90820286],[139.72338397,39.90820286]],[[139.7229445,39.90833333],[139.7229445,39.90833333]],[[139.723563,39.90840678],[139.723563,39.90840678]],[[139.7221685,39.90846053],[139.7221685,39.90846053]],[[139.7193617,39.90848784],[139.7193617,39.90848784]],[[139.71911889,39.90855233],[139.71911889,39.90855233]],[[139.72217039,39.90860286],[139.72217039,39.90860286]],[[139.72025453,39.90871905],[139.72025453,39.90871905]],[[139.73129542,39.90872325],[139.73129542,39.90872325]],[[139.73109453,39.90873567],[139.73109453,39.90873567]],[[139.73074778,39.90872686],[139.73074778,39.90872686]],[[139.73069581,39.90883211],[139.73069581,39.90883211]],[[139.71891025,39.90893428],[139.71891025,39.90893428]],[[139.73048414,39.90910789],[139.73048414,39.90910789]],[[139.72705202,39.9091778],[139.72705202,39.9091778]],[[139.71848039,39.9098232],[139.71848039,39.9098232]],[[139.71869178,39.9101075],[139.71869178,39.9101075]],[[139.71756567,39.91273914],[139.71756567,39.91273914]],[[139.71753058,39.91287536],[139.71753058,39.91287536]],[[139.71770903,39.91295056],[139.71770903,39.91295056]],[[139.71757222,39.91325097],[139.71757222,39.91325097]],[[139.71993728,39.94771841],[139.71993728,39.94771841]],[[139.72656635,39.98142],[139.72656635,39.98142]],[[139.72796939,39.98152633],[139.72796939,39.98152633]],[[139.72895124,39.98180789],[139.72895124,39.98180789]],[[139.72830888,39.98181213],[139.72830888,39.98181213]],[[139.73127097,39.98204272],[139.73127097,39.98204272]],[[139.73104367,39.98207389],[139.73104367,39.98207389]],[[139.73128051,39.98215595],[139.73128051,39.98215595]],[[139.72501525,39.98216178],[139.72501525,39.98216178]],[[139.72406064,39.98226497],[139.72406064,39.98226497]],[[139.72967545,39.98220613],[139.72967545,39.98220613]],[[139.73062713,39.98231922],[139.73062713,39.98231922]],[[139.7250309,39.98231569],[139.7250309,39.98231569]],[[139.73155769,39.98225377],[139.73155769,39.98225377]],[[139.73064711,39.98246036],[139.73064711,39.98246036]],[[139.72976326,39.98288259],[139.72976326,39.98288259]],[[139.7332807,39.98293889],[139.7332807,39.98293889]],[[139.73324372,39.98304653],[139.73324372,39.98304653]],[[139.72966689,39.98299128],[139.72966689,39.98299128]],[[139.73332365,39.98305017],[139.73332365,39.98305017]],[[139.73309847,39.98312378],[139.73309847,39.98312378]],[[139.73311613,39.98333333],[139.73311613,39.98333333]],[[139.73328531,39.98342603],[139.73328531,39.98342603]],[[139.73543883,39.98344761],[139.73543883,39.98344761]],[[139.7353837,39.98349861],[139.7353837,39.98349861]],[[139.73479652,39.98363608],[139.73479652,39.98363608]],[[139.7350215,39.98358895],[139.7350215,39.98358895]],[[139.73537348,39.9836902],[139.73537348,39.9836902]],[[139.7332985,39.98369689],[139.7332985,39.98369689]],[[139.73147464,39.98366317],[139.73147464,39.98366317]],[[139.73531936,39.98376397],[139.73531936,39.98376397]],[[139.73506267,39.98378164],[139.73506267,39.98378164]],[[139.73342462,39.98379259],[139.73342462,39.98379259]],[[139.73354214,39.98390277],[139.73354214,39.98390277]],[[139.73552772,39.98374641],[139.73552772,39.98374641]],[[139.73469256,39.98387684],[139.73469256,39.98387684]],[[139.73334664,39.98393044],[139.73334664,39.98393044]],[[139.73426942,39.98389923],[139.73426942,39.98389923]],[[139.73388958,39.98395767],[139.73388958,39.98395767]],[[139.73378908,39.98398247],[139.73378908,39.98398247]],[[139.73351669,39.98401384],[139.73351669,39.98401384]],[[139.734492,39.98403733],[139.734492,39.98403733]],[[139.72022684,39.9845182],[139.72022684,39.9845182]],[[139.72005791,39.98471031],[139.72005791,39.98471031]],[[139.71927231,39.98552275],[139.71927231,39.98552275]],[[139.71876051,39.98597033],[139.71876051,39.98597033]],[[139.71899995,39.98599984],[139.71899995,39.98599984]],[[139.71778542,39.98682389],[139.71778542,39.98682389]],[[139.71763969,39.98685697],[139.71763969,39.98685697]],[[139.74454481,39.86308044],[139.74454481,39.86308044]],[[139.74448564,39.86437556],[139.74448564,39.86437556]],[[139.744528,39.86440261],[139.744528,39.86440261]],[[139.74643781,39.86468514],[139.74643781,39.86468514]],[[139.74215944,39.86473803],[139.74215944,39.86473803]],[[139.74469367,39.86469428],[139.74469367,39.86469428]],[[139.742192,39.86480011],[139.742192,39.86480011]],[[139.74573814,39.86483459],[139.74573814,39.86483459]],[[139.74249717,39.86479397],[139.74249717,39.86479397]],[[139.74653511,39.86488889],[139.74653511,39.86488889]],[[139.74628803,39.86493325],[139.74628803,39.86493325]],[[139.74632742,39.86504475],[139.74632742,39.86504475]],[[139.74648423,39.86504767],[139.74648423,39.86504767]],[[139.74650112,39.86508925],[139.74650112,39.86508925]],[[139.74431255,39.86521741],[139.74431255,39.86521741]],[[139.74668891,39.86523097],[139.74668891,39.86523097]],[[139.74630222,39.86519636],[139.74630222,39.86519636]],[[139.74646272,39.86521003],[139.74646272,39.86521003]],[[139.74641589,39.86520059],[139.74641589,39.86520059]],[[139.74478339,39.86545864],[139.74478339,39.86545864]],[[139.74670131,39.86551139],[139.74670131,39.86551139]],[[139.74653903,39.86551456],[139.74653903,39.86551456]],[[139.74669317,39.86556123],[139.74669317,39.86556123]],[[139.74675608,39.86561161],[139.74675608,39.86561161]],[[139.74658642,39.86581611],[139.74658642,39.86581611]],[[139.74665623,39.86585792],[139.74665623,39.86585792]],[[139.74658178,39.86591703],[139.74658178,39.86591703]],[[139.74634019,39.86639008],[139.74634019,39.86639008]],[[139.74472328,39.866452],[139.74472328,39.866452]],[[139.74520477,39.86651472],[139.74520477,39.86651472]],[[139.74555389,39.86652484],[139.74555389,39.86652484]],[[139.74480703,39.86655836],[139.74480703,39.86655836]],[[139.74505849,39.86660844],[139.74505849,39.86660844]],[[139.74509119,39.86661677],[139.74509119,39.86661677]],[[139.74485606,39.86662989],[139.74485606,39.86662989]],[[139.74461852,39.8666155],[139.74461852,39.8666155]],[[139.74484211,39.86667695],[139.74484211,39.86667695]],[[139.74487645,39.866715],[139.74487645,39.866715]],[[139.74499494,39.8667462],[139.74499494,39.8667462]],[[139.74393289,39.86645972],[139.74393289,39.86645972]],[[139.74483964,39.86678087],[139.74483964,39.86678087]],[[139.74470815,39.86701778],[139.74470815,39.86701778]],[[139.74395224,39.86698022],[139.74395224,39.86698022]],[[139.74489594,39.86701953],[139.74489594,39.86701953]],[[139.74430506,39.86733959],[139.74430506,39.86733959]],[[139.74215445,39.86738369],[139.74215445,39.86738369]],[[139.74435764,39.86742133],[139.74435764,39.86742133]],[[139.7440802,39.86748636],[139.7440802,39.86748636]],[[139.74455572,39.86749875],[139.74455572,39.86749875]],[[139.74243953,39.86750103],[139.74243953,39.86750103]],[[139.74269536,39.86786425],[139.74269536,39.86786425]],[[139.74229545,39.86835417],[139.74229545,39.86835417]],[[139.74256008,39.86855456],[139.74256008,39.86855456]],[[139.74284364,39.86927156],[139.74284364,39.86927156]],[[139.7429115,39.86928228],[139.7429115,39.86928228]],[[139.74274102,39.86929256],[139.74274102,39.86929256]],[[139.74281569,39.8693312],[139.74281569,39.8693312]],[[139.74294837,39.86935261],[139.74294837,39.86935261]],[[139.74290791,39.86937447],[139.74290791,39.86937447]],[[139.74313506,39.86963233],[139.74313506,39.86963233]],[[139.74337089,39.86993808],[139.74337089,39.86993808]],[[139.74327811,39.86992928],[139.74327811,39.86992928]],[[139.74284173,39.87008587],[139.74284173,39.87008587]],[[139.74294319,39.87012239],[139.74294319,39.87012239]],[[139.74334309,39.87015156],[139.74334309,39.87015156]],[[139.74327888,39.870293],[139.74327888,39.870293]],[[139.74263581,39.87028884],[139.74263581,39.87028884]],[[139.73880558,39.87106959],[139.73880558,39.87106959]],[[139.74079881,39.87122908],[139.74079881,39.87122908]],[[139.7407063,39.87129728],[139.7407063,39.87129728]],[[139.74002114,39.87145989],[139.74002114,39.87145989]],[[139.73988964,39.8714312],[139.73988964,39.8714312]],[[139.74019122,39.87146087],[139.74019122,39.87146087]],[[139.74009458,39.87263584],[139.74009458,39.87263584]],[[139.74007367,39.87278353],[139.74007367,39.87278353]],[[139.74062927,39.87300447],[139.74062927,39.87300447]],[[139.74036895,39.87375592],[139.74036895,39.87375592]],[[139.7405445,39.8740512],[139.7405445,39.8740512]],[[139.74023911,39.87416441],[139.74023911,39.87416441]],[[139.74058311,39.874218],[139.74058311,39.874218]],[[139.74090222,39.87438944],[139.74090222,39.87438944]],[[139.74035406,39.87452392],[139.74035406,39.87452392]],[[139.74077353,39.87466797],[139.74077353,39.87466797]],[[139.74040881,39.87468351],[139.74040881,39.87468351]],[[139.74057384,39.87481797],[139.74057384,39.87481797]],[[139.74088197,39.87502559],[139.74088197,39.87502559]],[[139.74091842,39.87509331],[139.74091842,39.87509331]],[[139.73932917,39.87650292],[139.73932917,39.87650292]],[[139.73914061,39.87685664],[139.73914061,39.87685664]],[[139.7379653,39.87686923],[139.7379653,39.87686923]],[[139.73893713,39.87708133],[139.73893713,39.87708133]],[[139.73917122,39.87758595],[139.73917122,39.87758595]],[[139.73806105,39.87772039],[139.73806105,39.87772039]],[[139.73928467,39.877686],[139.73928467,39.877686]],[[139.73941253,39.87790769],[139.73941253,39.87790769]],[[139.73808538,39.87874184],[139.73808538,39.87874184]],[[139.73734717,39.87925187],[139.73734717,39.87925187]],[[139.73572783,39.87924869],[139.73572783,39.87924869]],[[139.73594464,39.87936325],[139.73594464,39.87936325]],[[139.73798111,39.87947628],[139.73798111,39.87947628]],[[139.73762536,39.87954947],[139.73762536,39.87954947]],[[139.73702558,39.8797288],[139.73702558,39.8797288]],[[139.73814508,39.87995628],[139.73814508,39.87995628]],[[139.73671811,39.87998475],[139.73671811,39.87998475]],[[139.73700047,39.88007847],[139.73700047,39.88007847]],[[139.73641542,39.88062284],[139.73641542,39.88062284]],[[139.73610375,39.88077605],[139.73610375,39.88077605]],[[139.73766903,39.88087239],[139.73766903,39.88087239]],[[139.737496,39.88116717],[139.737496,39.88116717]],[[139.73684375,39.88297364],[139.73684375,39.88297364]],[[139.73629397,39.88318184],[139.73629397,39.88318184]],[[139.73668442,39.883984],[139.73668442,39.883984]],[[139.73865684,39.88476741],[139.73865684,39.88476741]],[[139.73712128,39.88637092],[139.73712128,39.88637092]],[[139.73602331,39.88681864],[139.73602331,39.88681864]],[[139.73601248,39.88915395],[139.73601248,39.88915395]],[[139.73620005,39.88938631],[139.73620005,39.88938631]],[[139.73597183,39.88947431],[139.73597183,39.88947431]],[[139.73609136,39.89027767],[139.73609136,39.89027767]],[[139.73588492,39.89029617],[139.73588492,39.89029617]],[[139.73637328,39.8903425],[139.73637328,39.8903425]],[[139.73594803,39.89065669],[139.73594803,39.89065669]],[[139.73598128,39.89096908],[139.73598128,39.89096908]],[[139.73596625,39.89122259],[139.73596625,39.89122259]],[[139.73595847,39.89137331],[139.73595847,39.89137331]],[[139.73581525,39.89154775],[139.73581525,39.89154775]],[[139.73595752,39.89156369],[139.73595752,39.89156369]],[[139.73581236,39.89378992],[139.73581236,39.89378992]],[[139.74610674,39.97808559],[139.74610674,39.97808559]],[[139.74604053,39.97809092],[139.74604053,39.97809092]],[[139.74598983,39.97821608],[139.74598983,39.97821608]],[[139.74602012,39.97827914],[139.74602012,39.97827914]],[[139.7462645,39.97837853],[139.7462645,39.97837853]],[[139.74585538,39.978449],[139.74585538,39.978449]],[[139.7460045,39.978465],[139.7460045,39.978465]],[[139.74607012,39.97848461],[139.74607012,39.97848461]],[[139.73857053,39.98115664],[139.73857053,39.98115664]],[[139.73849691,39.98124403],[139.73849691,39.98124403]],[[139.737937,39.98125341],[139.737937,39.98125341]],[[139.73869034,39.98130251],[139.73869034,39.98130251]],[[139.73851209,39.98128992],[139.73851209,39.98128992]],[[139.73775628,39.98133808],[139.73775628,39.98133808]],[[139.73861031,39.981343],[139.73861031,39.981343]],[[139.73768453,39.98141036],[139.73768453,39.98141036]],[[139.73792175,39.98151239],[139.73792175,39.98151239]],[[139.73790161,39.981563],[139.73790161,39.981563]],[[139.73707888,39.98222147],[139.73707888,39.98222147]],[[139.73674231,39.98259864],[139.73674231,39.98259864]],[[139.7366218,39.98265217],[139.7366218,39.98265217]],[[139.73629789,39.98279564],[139.73629789,39.98279564]],[[139.73573005,39.98281656],[139.73573005,39.98281656]],[[139.735914,39.98278589],[139.735914,39.98278589]],[[139.7364162,39.98290969],[139.7364162,39.98290969]],[[139.73597472,39.98296425],[139.73597472,39.98296425]],[[139.7558928,39.85643725],[139.7558928,39.85643725]],[[139.75594128,39.85653641],[139.75594128,39.85653641]],[[139.75453659,39.85671736],[139.75453659,39.85671736]],[[139.75612783,39.85663164],[139.75612783,39.85663164]],[[139.75587703,39.85667686],[139.75587703,39.85667686]],[[139.75422384,39.85674084],[139.75422384,39.85674084]],[[139.75416027,39.85673225],[139.75416027,39.85673225]],[[139.756017,39.85678256],[139.756017,39.85678256]],[[139.75610817,39.85695356],[139.75610817,39.85695356]],[[139.75566148,39.85705828],[139.75566148,39.85705828]],[[139.75499986,39.85694731],[139.75499986,39.85694731]],[[139.75617983,39.85704789],[139.75617983,39.85704789]],[[139.75602348,39.85722684],[139.75602348,39.85722684]],[[139.75469377,39.85714964],[139.75469377,39.85714964]],[[139.75592309,39.85722717],[139.75592309,39.85722717]],[[139.75501341,39.85725431],[139.75501341,39.85725431]],[[139.75606591,39.8572775],[139.75606591,39.8572775]],[[139.75389061,39.8572652],[139.75389061,39.8572652]],[[139.75617364,39.85724967],[139.75617364,39.85724967]],[[139.7540838,39.85730817],[139.7540838,39.85730817]],[[139.75387908,39.85730553],[139.75387908,39.85730553]],[[139.75509869,39.85734695],[139.75509869,39.85734695]],[[139.75659725,39.85740251],[139.75659725,39.85740251]],[[139.75520533,39.8574092],[139.75520533,39.8574092]],[[139.75442808,39.85747347],[139.75442808,39.85747347]],[[139.75483903,39.85743433],[139.75483903,39.85743433]],[[139.75525073,39.85746664],[139.75525073,39.85746664]],[[139.75481044,39.85745389],[139.75481044,39.85745389]],[[139.7551638,39.85747978],[139.7551638,39.85747978]],[[139.75633156,39.85749595],[139.75633156,39.85749595]],[[139.75516859,39.85752459],[139.75516859,39.85752459]],[[139.75661591,39.85754613],[139.75661591,39.85754613]],[[139.75519102,39.85754067],[139.75519102,39.85754067]],[[139.75653377,39.85759025],[139.75653377,39.85759025]],[[139.75488992,39.85763351],[139.75488992,39.85763351]],[[139.75530623,39.85764008],[139.75530623,39.85764008]],[[139.75647914,39.85766836],[139.75647914,39.85766836]],[[139.75670386,39.85769289],[139.75670386,39.85769289]],[[139.75682073,39.85798461],[139.75682073,39.85798461]],[[139.75716597,39.85802925],[139.75716597,39.85802925]],[[139.75913508,39.85809831],[139.75913508,39.85809831]],[[139.75920161,39.85807497],[139.75920161,39.85807497]],[[139.759143,39.85814567],[139.759143,39.85814567]],[[139.75765119,39.85814941],[139.75765119,39.85814941]],[[139.75504306,39.85833172],[139.75504306,39.85833172]],[[139.75470231,39.85845644],[139.75470231,39.85845644]],[[139.75543555,39.85848695],[139.75543555,39.85848695]],[[139.75895553,39.8585135],[139.75895553,39.8585135]],[[139.75546903,39.85851259],[139.75546903,39.85851259]],[[139.75519633,39.85849303],[139.75519633,39.85849303]],[[139.75531341,39.85856941],[139.75531341,39.85856941]],[[139.75561197,39.85853417],[139.75561197,39.85853417]],[[139.75546817,39.85853833],[139.75546817,39.85853833]],[[139.75523647,39.858556],[139.75523647,39.858556]],[[139.75898555,39.85860392],[139.75898555,39.85860392]],[[139.75555183,39.8587262],[139.75555183,39.8587262]],[[139.75874419,39.85880877],[139.75874419,39.85880877]],[[139.75552567,39.85879269],[139.75552567,39.85879269]],[[139.75908764,39.85881005],[139.75908764,39.85881005]],[[139.75919172,39.85887389],[139.75919172,39.85887389]],[[139.75519241,39.85893056],[139.75519241,39.85893056]],[[139.75813538,39.85898911],[139.75813538,39.85898911]],[[139.75904969,39.85897995],[139.75904969,39.85897995]],[[139.75833333,39.85901659],[139.75833333,39.85901659]],[[139.75518764,39.85902689],[139.75518764,39.85902689]],[[139.76006886,39.85901551],[139.76006886,39.85901551]],[[139.75527759,39.85903608],[139.75527759,39.85903608]],[[139.75556786,39.85909075],[139.75556786,39.85909075]],[[139.75916703,39.85903397],[139.75916703,39.85903397]],[[139.75217275,39.85914753],[139.75217275,39.85914753]],[[139.75522503,39.85908703],[139.75522503,39.85908703]],[[139.75847903,39.85908364],[139.75847903,39.85908364]],[[139.75303447,39.859087],[139.75303447,39.859087]],[[139.75258555,39.85917659],[139.75258555,39.85917659]],[[139.75888258,39.85915122],[139.75888258,39.85915122]],[[139.75439051,39.85914169],[139.75439051,39.85914169]],[[139.75362258,39.85913886],[139.75362258,39.85913886]],[[139.75898708,39.85915014],[139.75898708,39.85915014]],[[139.75905041,39.8591745],[139.75905041,39.8591745]],[[139.75915086,39.85922397],[139.75915086,39.85922397]],[[139.75862769,39.85926344],[139.75862769,39.85926344]],[[139.75509581,39.8592332],[139.75509581,39.8592332]],[[139.76010703,39.85926669],[139.76010703,39.85926669]],[[139.7599847,39.85933861],[139.7599847,39.85933861]],[[139.75450112,39.85922847],[139.75450112,39.85922847]],[[139.75533662,39.85936495],[139.75533662,39.85936495]],[[139.75854717,39.85936213],[139.75854717,39.85936213]],[[139.76081331,39.85958064],[139.76081331,39.85958064]],[[139.75539805,39.85950072],[139.75539805,39.85950072]],[[139.76092003,39.85945995],[139.76092003,39.85945995]],[[139.75319314,39.85959775],[139.75319314,39.85959775]],[[139.75319786,39.85968289],[139.75319786,39.85968289]],[[139.75319409,39.85977492],[139.75319409,39.85977492]],[[139.76097267,39.85991384],[139.76097267,39.85991384]],[[139.75311589,39.86017167],[139.75311589,39.86017167]],[[139.76087086,39.86046314],[139.76087086,39.86046314]],[[139.76113852,39.86044733],[139.76113852,39.86044733]],[[139.76097192,39.86046659],[139.76097192,39.86046659]],[[139.76103767,39.86055078],[139.76103767,39.86055078]],[[139.75151747,39.8635272],[139.75151747,39.8635272]],[[139.75096345,39.863573],[139.75096345,39.863573]],[[139.75098163,39.86363561],[139.75098163,39.86363561]],[[139.75059866,39.86368417],[139.75059866,39.86368417]],[[139.75167341,39.86387678],[139.75167341,39.86387678]],[[139.74986458,39.86392784],[139.74986458,39.86392784]],[[139.75041186,39.86392453],[139.75041186,39.86392453]],[[139.75103328,39.86396359],[139.75103328,39.86396359]],[[139.75111859,39.86397328],[139.75111859,39.86397328]],[[139.75086086,39.86397331],[139.75086086,39.86397331]],[[139.75131533,39.86404403],[139.75131533,39.86404403]],[[139.75067224,39.86401514],[139.75067224,39.86401514]],[[139.7505562,39.86406639],[139.7505562,39.86406639]],[[139.75083353,39.8640678],[139.75083353,39.8640678]],[[139.75129625,39.86409059],[139.75129625,39.86409059]],[[139.75139267,39.86412869],[139.75139267,39.86412869]],[[139.75135445,39.864136],[139.75135445,39.864136]],[[139.75052477,39.86419978],[139.75052477,39.86419978]],[[139.74983195,39.86418189],[139.74983195,39.86418189]],[[139.75043881,39.86415789],[139.75043881,39.86415789]],[[139.74971289,39.8642832],[139.74971289,39.8642832]],[[139.7516653,39.86425878],[139.7516653,39.86425878]],[[139.75011353,39.86427692],[139.75011353,39.86427692]],[[139.74961725,39.86430059],[139.74961725,39.86430059]],[[139.75045769,39.86429533],[139.75045769,39.86429533]],[[139.75036728,39.86434375],[139.75036728,39.86434375]],[[139.75046966,39.86440461],[139.75046966,39.86440461]],[[139.74931575,39.86439305],[139.74931575,39.86439305]],[[139.75024073,39.86443251],[139.75024073,39.86443251]],[[139.74845761,39.86456139],[139.74845761,39.86456139]],[[139.74928314,39.86457747],[139.74928314,39.86457747]],[[139.75000228,39.86460275],[139.75000228,39.86460275]],[[139.74912197,39.86465047],[139.74912197,39.86465047]],[[139.74983786,39.86469589],[139.74983786,39.86469589]],[[139.7469075,39.86464541],[139.7469075,39.86464541]],[[139.74855192,39.86471764],[139.74855192,39.86471764]],[[139.74978409,39.86471817],[139.74978409,39.86471817]],[[139.74987348,39.86473441],[139.74987348,39.86473441]],[[139.74906462,39.86484872],[139.74906462,39.86484872]],[[139.74882411,39.86484584],[139.74882411,39.86484584]],[[139.74686789,39.86486661],[139.74686789,39.86486661]],[[139.74705438,39.86489033],[139.74705438,39.86489033]],[[139.74890511,39.86489117],[139.74890511,39.86489117]],[[139.74912244,39.86504289],[139.74912244,39.86504289]],[[139.74685283,39.86506417],[139.74685283,39.86506417]],[[139.74717031,39.86504131],[139.74717031,39.86504131]],[[139.74918969,39.86512253],[139.74918969,39.86512253]],[[139.74843244,39.86514211],[139.74843244,39.86514211]],[[139.74856112,39.86511447],[139.74856112,39.86511447]],[[139.74890134,39.86514614],[139.74890134,39.86514614]],[[139.74710306,39.86515597],[139.74710306,39.86515597]],[[139.74900667,39.86522503],[139.74900667,39.86522503]],[[139.74753752,39.86537611],[139.74753752,39.86537611]],[[139.74888092,39.97776339],[139.74888092,39.97776339]],[[139.74874756,39.97798541],[139.74874756,39.97798541]],[[139.77980328,39.85440228],[139.77980328,39.85440228]],[[139.77976947,39.85454869],[139.77976947,39.85454869]],[[139.77810167,39.85508539],[139.77810167,39.85508539]],[[139.77894852,39.85517244],[139.77894852,39.85517244]],[[139.77887597,39.85607311],[139.77887597,39.85607311]],[[139.77177053,39.85723925],[139.77177053,39.85723925]],[[139.77205148,39.85756653],[139.77205148,39.85756653]],[[139.77150036,39.85776053],[139.77150036,39.85776053]],[[139.773746,39.85847703],[139.773746,39.85847703]],[[139.77340306,39.85878428],[139.77340306,39.85878428]],[[139.77189691,39.85863928],[139.77189691,39.85863928]],[[139.77219839,39.85885569],[139.77219839,39.85885569]],[[139.77200205,39.85956869],[139.77200205,39.85956869]],[[139.77213095,39.85975867],[139.77213095,39.85975867]],[[139.77428956,39.8599072],[139.77428956,39.8599072]],[[139.7720725,39.85984269],[139.7720725,39.85984269]],[[139.77507966,39.85993459],[139.77507966,39.85993459]],[[139.77257611,39.86001086],[139.77257611,39.86001086]],[[139.77501477,39.86004225],[139.77501477,39.86004225]],[[139.77491209,39.86013211],[139.77491209,39.86013211]],[[139.77506555,39.86018295],[139.77506555,39.86018295]],[[139.7751917,39.86022022],[139.7751917,39.86022022]],[[139.77559333,39.86025325],[139.77559333,39.86025325]],[[139.80378416,39.86022069],[139.80378416,39.86022069]],[[139.77451936,39.86031505],[139.77451936,39.86031505]],[[139.76116484,39.86036344],[139.76116484,39.86036344]],[[139.77470372,39.860366],[139.77470372,39.860366]],[[139.77523827,39.86044295],[139.77523827,39.86044295]],[[139.77521953,39.86053013],[139.77521953,39.86053013]],[[139.80367567,39.86043411],[139.80367567,39.86043411]],[[139.77513623,39.860521],[139.77513623,39.860521]],[[139.77517261,39.86060259],[139.77517261,39.86060259]],[[139.7752962,39.86071269],[139.7752962,39.86071269]],[[139.803864,39.86079156],[139.803864,39.86079156]],[[139.80354584,39.8606992],[139.80354584,39.8606992]],[[139.80380898,39.86094608],[139.80380898,39.86094608]],[[139.76854881,39.86099447],[139.76854881,39.86099447]],[[139.78898244,39.8611052],[139.78898244,39.8611052]],[[139.80378497,39.8612458],[139.80378497,39.8612458]],[[139.8020173,39.86127108],[139.8020173,39.86127108]],[[139.77238861,39.86149],[139.77238861,39.86149]],[[139.77220189,39.86146478],[139.77220189,39.86146478]],[[139.80216475,39.86159395],[139.80216475,39.86159395]],[[139.78653681,39.86175239],[139.78653681,39.86175239]],[[139.78664139,39.86178367],[139.78664139,39.86178367]],[[139.78876017,39.86219784],[139.78876017,39.86219784]],[[139.76140798,39.86180275],[139.76140798,39.86180275]],[[139.78240375,39.86193044],[139.78240375,39.86193044]],[[139.78646747,39.86205431],[139.78646747,39.86205431]],[[139.76471297,39.86207808],[139.76471297,39.86207808]],[[139.76783234,39.86212889],[139.76783234,39.86212889]],[[139.76817947,39.86207605],[139.76817947,39.86207605]],[[139.7675737,39.86210697],[139.7675737,39.86210697]],[[139.76827364,39.86216169],[139.76827364,39.86216169]],[[139.78620316,39.86218756],[139.78620316,39.86218756]],[[139.76488936,39.86217417],[139.76488936,39.86217417]],[[139.76824744,39.86220756],[139.76824744,39.86220756]],[[139.76790469,39.86224144],[139.76790469,39.86224144]],[[139.76768297,39.86222056],[139.76768297,39.86222056]],[[139.78742706,39.86221311],[139.78742706,39.86221311]],[[139.76772525,39.86226805],[139.76772525,39.86226805]],[[139.76229864,39.86228756],[139.76229864,39.86228756]],[[139.76505423,39.86232775],[139.76505423,39.86232775]],[[139.76803506,39.8623298],[139.76803506,39.8623298]],[[139.76486616,39.86232897],[139.76486616,39.86232897]],[[139.76810739,39.86235353],[139.76810739,39.86235353]],[[139.78756528,39.86235459],[139.78756528,39.86235459]],[[139.76515555,39.86238803],[139.76515555,39.86238803]],[[139.76730316,39.86241389],[139.76730316,39.86241389]],[[139.76778012,39.86238475],[139.76778012,39.86238475]],[[139.76800014,39.86238147],[139.76800014,39.86238147]],[[139.76501628,39.86243908],[139.76501628,39.86243908]],[[139.76825975,39.86244051],[139.76825975,39.86244051]],[[139.76785689,39.86241636],[139.76785689,39.86241636]],[[139.76314856,39.86244653],[139.76314856,39.86244653]],[[139.7655553,39.86240972],[139.7655553,39.86240972]],[[139.76547652,39.86248547],[139.76547652,39.86248547]],[[139.76585866,39.8624442],[139.76585866,39.8624442]],[[139.76515144,39.86246572],[139.76515144,39.86246572]],[[139.76372511,39.86247753],[139.76372511,39.86247753]],[[139.76584112,39.86248214],[139.76584112,39.86248214]],[[139.76534161,39.86248017],[139.76534161,39.86248017]],[[139.76816603,39.86249908],[139.76816603,39.86249908]],[[139.76793153,39.86251044],[139.76793153,39.86251044]],[[139.76545365,39.86256659],[139.76545365,39.86256659]],[[139.76566314,39.86260778],[139.76566314,39.86260778]],[[139.80164808,39.86265056],[139.80164808,39.86265056]],[[139.76894662,39.86261695],[139.76894662,39.86261695]],[[139.78573664,39.86262253],[139.78573664,39.86262253]],[[139.78998814,39.86271128],[139.78998814,39.86271128]],[[139.78568639,39.86267495],[139.78568639,39.86267495]],[[139.76824209,39.86275892],[139.76824209,39.86275892]],[[139.76657314,39.86278347],[139.76657314,39.86278347]],[[139.7857273,39.86282853],[139.7857273,39.86282853]],[[139.76682606,39.86283677],[139.76682606,39.86283677]],[[139.76625664,39.86285056],[139.76625664,39.86285056]],[[139.7660918,39.86286011],[139.7660918,39.86286011]],[[139.76784163,39.86278928],[139.76784163,39.86278928]],[[139.79010694,39.86287792],[139.79010694,39.86287792]],[[139.78574633,39.86288408],[139.78574633,39.86288408]],[[139.76871386,39.86288395],[139.76871386,39.86288395]],[[139.76662326,39.862906],[139.76662326,39.862906]],[[139.76636694,39.86291247],[139.76636694,39.86291247]],[[139.76631881,39.86293525],[139.76631881,39.86293525]],[[139.7880218,39.86281013],[139.7880218,39.86281013]],[[139.76636333,39.86293477],[139.76636333,39.86293477]],[[139.76642464,39.86293003],[139.76642464,39.86293003]],[[139.76899669,39.8629458],[139.76899669,39.8629458]],[[139.76671606,39.86300359],[139.76671606,39.86300359]],[[139.76888267,39.86305556],[139.76888267,39.86305556]],[[139.76662472,39.86302211],[139.76662472,39.86302211]],[[139.76912233,39.86302128],[139.76912233,39.86302128]],[[139.76862027,39.86307025],[139.76862027,39.86307025]],[[139.76699898,39.8631122],[139.76699898,39.8631122]],[[139.76883051,39.86327792],[139.76883051,39.86327792]],[[139.76846786,39.8631455],[139.76846786,39.8631455]],[[139.76695414,39.86318511],[139.76695414,39.86318511]],[[139.76838297,39.86318689],[139.76838297,39.86318689]],[[139.79005669,39.86318667],[139.79005669,39.86318667]],[[139.79002564,39.8631998],[139.79002564,39.8631998]],[[139.76783717,39.86328267],[139.76783717,39.86328267]],[[139.76777822,39.86325572],[139.76777822,39.86325572]],[[139.78845406,39.86318503],[139.78845406,39.86318503]],[[139.76906611,39.86326367],[139.76906611,39.86326367]],[[139.76942263,39.86337377],[139.76942263,39.86337377]],[[139.78957241,39.86348197],[139.78957241,39.86348197]],[[139.76756555,39.8635092],[139.76756555,39.8635092]],[[139.79086005,39.8635458],[139.79086005,39.8635458]],[[139.76905914,39.86360092],[139.76905914,39.86360092]],[[139.78994192,39.86369625],[139.78994192,39.86369625]],[[139.76940572,39.8636748],[139.76940572,39.8636748]],[[139.78989336,39.86383028],[139.78989336,39.86383028]],[[139.76982433,39.86385961],[139.76982433,39.86385961]],[[139.78280397,39.86388061],[139.78280397,39.86388061]],[[139.77261253,39.86386686],[139.77261253,39.86386686]],[[139.7707592,39.86401533],[139.7707592,39.86401533]],[[139.76974608,39.86403831],[139.76974608,39.86403831]],[[139.77070791,39.86412764],[139.77070791,39.86412764]],[[139.77279294,39.86440892],[139.77279294,39.86440892]],[[139.78239484,39.86445147],[139.78239484,39.86445147]],[[139.78333934,39.86446064],[139.78333934,39.86446064]],[[139.78281859,39.86457059],[139.78281859,39.86457059]],[[139.77201436,39.86463805],[139.77201436,39.86463805]],[[139.77207745,39.86468656],[139.77207745,39.86468656]],[[139.78449336,39.864734],[139.78449336,39.864734]],[[139.78432878,39.86488825],[139.78432878,39.86488825]],[[139.78438839,39.86501759],[139.78438839,39.86501759]],[[139.78344591,39.86503672],[139.78344591,39.86503672]],[[139.78348403,39.86510533],[139.78348403,39.86510533]],[[139.78426097,39.86511923],[139.78426097,39.86511923]],[[139.79452911,39.95838336],[139.79452911,39.95838336]],[[139.78729148,39.96222314],[139.79387791,39.95992753],[139.78729148,39.96222314]],[[139.78789699,39.96350371],[139.78789699,39.96350371]],[[139.76126289,39.97575436],[139.76126289,39.97575436]],[[139.81894261,39.85465978],[139.81894261,39.85465978]],[[139.81860878,39.85473486],[139.81860878,39.85473486]],[[139.81843244,39.85486877],[139.81843244,39.85486877]],[[139.81875141,39.85489825],[139.81875141,39.85489825]],[[139.81506519,39.85493287],[139.81506519,39.85493287]],[[139.81869722,39.85498269],[139.81869722,39.85498269]],[[139.81873961,39.8550008],[139.81873961,39.8550008]],[[139.81831309,39.85510905],[139.81831309,39.85510905]],[[139.81525167,39.8551085],[139.81525167,39.8551085]],[[139.81328713,39.85514197],[139.81328713,39.85514197]],[[139.81843795,39.85539133],[139.81843795,39.85539133]],[[139.81877134,39.85520295],[139.81877134,39.85520295]],[[139.81505822,39.85534831],[139.81505822,39.85534831]],[[139.81505205,39.85549759],[139.81505205,39.85549759]],[[139.81842022,39.85552331],[139.81842022,39.85552331]],[[139.81533525,39.8555342],[139.81533525,39.8555342]],[[139.81706384,39.85547028],[139.81706384,39.85547028]],[[139.81672183,39.85545053],[139.81672183,39.85545053]],[[139.81738613,39.85555028],[139.81738613,39.85555028]],[[139.81505672,39.85564787],[139.81505672,39.85564787]],[[139.81827345,39.85566722],[139.81827345,39.85566722]],[[139.81676458,39.85564284],[139.81676458,39.85564284]],[[139.8178938,39.85572541],[139.8178938,39.85572541]],[[139.81859272,39.85579359],[139.81859272,39.85579359]],[[139.81504983,39.85576569],[139.81504983,39.85576569]],[[139.81043891,39.85572631],[139.81043891,39.85572631]],[[139.81699872,39.85576461],[139.81699872,39.85576461]],[[139.81513674,39.85574341],[139.81513674,39.85574341]],[[139.81824655,39.85580156],[139.81824655,39.85580156]],[[139.81504569,39.85581728],[139.81504569,39.85581728]],[[139.81867834,39.85589244],[139.81867834,39.85589244]],[[139.81636942,39.85594464],[139.81636942,39.85594464]],[[139.81719942,39.85598487],[139.81719942,39.85598487]],[[139.81686997,39.85601513],[139.81686997,39.85601513]],[[139.81340086,39.85591984],[139.81340086,39.85591984]],[[139.81668886,39.85580853],[139.81668886,39.85580853]],[[139.81502564,39.85594797],[139.81502564,39.85594797]],[[139.81842737,39.85602292],[139.81842737,39.85602292]],[[139.81509886,39.85595178],[139.81509886,39.85595178]],[[139.8090093,39.85614939],[139.8090093,39.85614939]],[[139.81762689,39.85604147],[139.81762689,39.85604147]],[[139.8151155,39.85602036],[139.8151155,39.85602036]],[[139.81332966,39.85607069],[139.81332966,39.85607069]],[[139.81712652,39.85595784],[139.81712652,39.85595784]],[[139.81607253,39.8560982],[139.81607253,39.8560982]],[[139.81966908,39.85610286],[139.81966908,39.85610286]],[[139.81840761,39.85614308],[139.81840761,39.85614308]],[[139.81934564,39.85613831],[139.81934564,39.85613831]],[[139.81503189,39.85610944],[139.81503189,39.85610944]],[[139.8133465,39.85618225],[139.8133465,39.85618225]],[[139.81525445,39.85619389],[139.81525445,39.85619389]],[[139.81831791,39.85620867],[139.81831791,39.85620867]],[[139.80913508,39.85617905],[139.80913508,39.85617905]],[[139.81592,39.85625008],[139.81592,39.85625008]],[[139.80997817,39.8560922],[139.80997817,39.8560922]],[[139.81740533,39.85628544],[139.81740533,39.85628544]],[[139.81521148,39.8563015],[139.81521148,39.8563015]],[[139.81832086,39.85630317],[139.81832086,39.85630317]],[[139.80900953,39.85633917],[139.80900953,39.85633917]],[[139.81735883,39.85634141],[139.81735883,39.85634141]],[[139.80595172,39.85634356],[139.80595172,39.85634356]],[[139.81193192,39.85640392],[139.81193192,39.85640392]],[[139.81347386,39.85645089],[139.81347386,39.85645089]],[[139.80563908,39.85644597],[139.80563908,39.85644597]],[[139.81491056,39.85640931],[139.81491056,39.85640931]],[[139.81527197,39.8564622],[139.81527197,39.8564622]],[[139.81842377,39.85642577],[139.81842377,39.85642577]],[[139.80561406,39.85650251],[139.80561406,39.85650251]],[[139.80616019,39.85651789],[139.80616019,39.85651789]],[[139.80594739,39.85646177],[139.80594739,39.85646177]],[[139.80595248,39.85663756],[139.80595248,39.85663756]],[[139.81524956,39.85666644],[139.81524956,39.85666644]],[[139.80568053,39.85670703],[139.80568053,39.85670703]],[[139.80556706,39.85677717],[139.80556706,39.85677717]],[[139.81958161,39.85673347],[139.81958161,39.85673347]],[[139.81529542,39.85677269],[139.81529542,39.85677269]],[[139.8099075,39.85676644],[139.8099075,39.85676644]],[[139.80963917,39.85679831],[139.80963917,39.85679831]],[[139.80554834,39.85682592],[139.80554834,39.85682592]],[[139.80953528,39.85683722],[139.80953528,39.85683722]],[[139.80940224,39.85686341],[139.80940224,39.85686341]],[[139.80536005,39.85691322],[139.80536005,39.85691322]],[[139.80918645,39.85690692],[139.80918645,39.85690692]],[[139.817178,39.85691259],[139.817178,39.85691259]],[[139.80891083,39.85690817],[139.80891083,39.85690817]],[[139.81728481,39.85703189],[139.81728481,39.85703189]],[[139.80579616,39.85710453],[139.80579616,39.85710453]],[[139.80856333,39.85722575],[139.80856333,39.85722575]],[[139.80846953,39.85732536],[139.80846953,39.85732536]],[[139.80878416,39.8575442],[139.80878416,39.8575442]],[[139.80613667,39.85761761],[139.80613667,39.85761761]],[[139.80621064,39.85773544],[139.80621064,39.85773544]],[[139.80722903,39.85779203],[139.80722903,39.85779203]],[[139.820747,39.85782244],[139.820747,39.85782244]],[[139.80871012,39.8578325],[139.80871012,39.8578325]],[[139.80842017,39.85785553],[139.80842017,39.85785553]],[[139.80777348,39.85790467],[139.80777348,39.85790467]],[[139.80722148,39.85789851],[139.80722148,39.85789851]],[[139.82059034,39.85801003],[139.82059034,39.85801003]],[[139.82105628,39.85804267],[139.82105628,39.85804267]],[[139.80852966,39.85808347],[139.80852966,39.85808347]],[[139.80892917,39.858105],[139.80892917,39.858105]],[[139.82117423,39.85816905],[139.82117423,39.85816905]],[[139.80586516,39.85821428],[139.80586516,39.85821428]],[[139.80581528,39.85838559],[139.80581528,39.85838559]],[[139.82109414,39.85840236],[139.82109414,39.85840236]],[[139.804332,39.85841775],[139.804332,39.85841775]],[[139.80466828,39.85841669],[139.80466828,39.85841669]],[[139.80842005,39.85848375],[139.80842005,39.85848375]],[[139.82150302,39.85849177],[139.82150302,39.85849177]],[[139.80460097,39.85847661],[139.80460097,39.85847661]],[[139.80453241,39.85850636],[139.80453241,39.85850636]],[[139.805698,39.85856011],[139.805698,39.85856011]],[[139.80447428,39.85851647],[139.80447428,39.85851647]],[[139.80844134,39.8586152],[139.80844134,39.8586152]],[[139.80438795,39.85865469],[139.80438795,39.85865469]],[[139.80569669,39.85862511],[139.80569669,39.85862511]],[[139.80462713,39.85865914],[139.80462713,39.85865914]],[[139.80449051,39.85866675],[139.80449051,39.85866675]],[[139.80474503,39.85873064],[139.80474503,39.85873064]],[[139.80460261,39.85878314],[139.80460261,39.85878314]],[[139.80472639,39.85878936],[139.80472639,39.85878936]],[[139.80771053,39.8588828],[139.80771053,39.8588828]],[[139.80449322,39.85886036],[139.80449322,39.85886036]],[[139.80562739,39.85877267],[139.80562739,39.85877267]],[[139.80429798,39.85905344],[139.80429798,39.85905344]],[[139.80418358,39.85941136],[139.80418358,39.85941136]],[[139.8065428,39.85951108],[139.8065428,39.85951108]],[[139.80667586,39.85957053],[139.80667586,39.85957053]],[[139.80433888,39.85962313],[139.80433888,39.85962313]],[[139.80432708,39.85976356],[139.80432708,39.85976356]],[[139.80432642,39.85986459],[139.80432642,39.85986459]],[[139.80412222,39.85975541],[139.80412222,39.85975541]],[[139.80398547,39.85980247],[139.80398547,39.85980247]],[[139.80618183,39.86050425],[139.80618183,39.86050425]],[[139.80395014,39.86007895],[139.80395014,39.86007895]],[[139.80416798,39.86016644],[139.80416798,39.86016644]],[[139.80423372,39.86028631],[139.80423372,39.86028631]],[[139.80399969,39.86029853],[139.80399969,39.86029853]],[[139.80412428,39.86039997],[139.80412428,39.86039997]],[[139.80434614,39.86044544],[139.80434614,39.86044544]],[[139.80407555,39.86055592],[139.80407555,39.86055592]],[[139.80410034,39.8606262],[139.80410034,39.8606262]],[[139.80422927,39.860742],[139.80422927,39.860742]],[[139.80455195,39.86073578],[139.80455195,39.86073578]],[[139.80545783,39.86126128],[139.80545783,39.86126128]],[[139.80475883,39.86103889],[139.80475883,39.86103889]],[[139.80488022,39.86123859],[139.80488022,39.86123859]],[[139.80411516,39.86119756],[139.80411516,39.86119756]],[[139.80491406,39.86145244],[139.80491406,39.86145244]],[[139.80428173,39.86175964],[139.80428173,39.86175964]],[[139.80428433,39.861499],[139.80428433,39.861499]],[[139.8041607,39.8615915],[139.8041607,39.8615915]],[[139.80436058,39.86209911],[139.80436058,39.86209911]],[[139.87834667,39.12635625],[139.87834667,39.12635625]],[[139.88368764,39.13464753],[139.88368764,39.13464753]],[[139.88368375,39.13621836],[139.88368375,39.13621836]],[[139.88193066,39.13721784],[139.88193066,39.13721784]],[[139.88213095,39.13755867],[139.88213095,39.13755867]],[[139.88184178,39.138802],[139.88184178,39.138802]],[[139.88192844,39.13998339],[139.88192844,39.13998339]],[[139.88153012,39.1409345],[139.88153012,39.1409345]],[[139.8816915,39.1412928],[139.8816915,39.1412928]],[[139.89899358,39.20051433],[139.89899358,39.20051433]],[[139.8927863,39.21394617],[139.8927863,39.21394617]],[[139.91178798,39.25591072],[139.91178798,39.25591072]],[[139.91183953,39.25593753],[139.91183953,39.25593753]],[[139.91097317,39.25598456],[139.91097317,39.25598456]],[[139.91085983,39.25601259],[139.91085983,39.25601259]],[[139.91090888,39.25604367],[139.91090888,39.25604367]],[[139.91085961,39.25610967],[139.91085961,39.25610967]],[[139.91086606,39.25614767],[139.91086606,39.25614767]],[[139.91075167,39.25622033],[139.91075167,39.25622033]],[[139.90971233,39.25951417],[139.90971233,39.25951417]],[[139.91010445,39.26107567],[139.91010445,39.26107567]],[[139.91014713,39.26113484],[139.91014713,39.26113484]],[[139.91008597,39.26114256],[139.91008597,39.26114256]],[[139.91027472,39.26118692],[139.91027472,39.26118692]],[[139.91037681,39.26121277],[139.91037681,39.26121277]],[[139.91011114,39.26123641],[139.91011114,39.26123641]],[[139.91052914,39.26130397],[139.91052914,39.26130397]],[[139.91059822,39.26156836],[139.91059822,39.26156836]],[[139.91080717,39.26179547],[139.91080717,39.26179547]],[[139.91077019,39.26312889],[139.91077019,39.26312889]],[[139.91412822,39.27033817],[139.91412822,39.27033817]],[[139.9137228,39.27089877],[139.9137228,39.27089877]],[[139.91384759,39.27095497],[139.91384759,39.27095497]],[[139.91393674,39.27106567],[139.91393674,39.27106567]],[[139.9231085,39.28291547],[139.9231085,39.28291547]],[[139.93147365,39.28904064],[139.93147365,39.28904064]],[[139.93219662,39.28922172],[139.93219662,39.28922172]],[[139.82263058,39.85589831],[139.82263058,39.85589831]],[[139.82255872,39.855921],[139.82255872,39.855921]],[[139.82266778,39.85594411],[139.82266778,39.85594411]],[[139.82283981,39.85616717],[139.82283981,39.85616717]],[[139.82241934,39.85655759],[139.82241934,39.85655759]],[[139.82234953,39.85661477],[139.82234953,39.85661477]],[[139.82246141,39.8566198],[139.82246141,39.8566198]],[[139.82180927,39.85670853],[139.82180927,39.85670853]],[[139.82267667,39.85701117],[139.82267667,39.85701117]],[[139.82186103,39.85699522],[139.82186103,39.85699522]],[[139.85424348,39.86075469],[139.861579,39.85315764],[139.85424348,39.86075469]],[[139.82252051,39.85718895],[139.82252051,39.85718895]],[[139.82271219,39.85723447],[139.82271219,39.85723447]],[[139.82228338,39.85724317],[139.82228338,39.85724317]],[[139.85986733,39.85728892],[139.85986733,39.85728892]],[[139.82242148,39.85776247],[139.82242148,39.85776247]],[[139.82228397,39.85797472],[139.82228397,39.85797472]],[[139.82180728,39.85860125],[139.82180728,39.85860125]],[[139.82158167,39.85862036],[139.82158167,39.85862036]],[[139.82268366,39.86155907],[139.82268366,39.86155907]],[[139.84775676,39.86200094],[139.84775676,39.86200094]],[[139.85289306,39.86402289],[139.85289306,39.86402289]],[[139.8327075,39.86672444],[139.8327075,39.86672444]],[[139.84799625,39.87800497],[139.84799625,39.87800497]],[[139.86121158,39.88738816],[139.86121158,39.88738816]],[[139.86056294,39.88835269],[139.86056294,39.88835269]],[[139.86372603,39.89047944],[139.86372603,39.89047944]],[[139.69675584,40.00041084],[139.70261545,40.00654323],[139.72335141,39.98167544],[139.73444713,39.98385578],[139.78165333,39.96827313],[139.79368078,39.95769753],[139.80932664,39.95780259],[139.87273864,39.98877075],[139.92372597,40.04104772],[139.95994477,40.0988998],[139.99094737,40.17170347],[139.99210786,40.18224661],[139.98397355,40.18352997],[139.98842008,40.20020864],[139.97808575,40.20236711],[139.99498856,40.19925097],[139.99419603,40.21362941],[140.00267852,40.20631005],[140.00280136,40.21737064],[140.02558847,40.21709214],[139.99778531,40.22032405],[139.98339058,40.21110061],[140.00566003,40.22674603],[140.02161036,40.29658087],[140.02520667,40.35311792],[140.01201725,40.37355056],[139.98309533,40.38464892],[139.97822636,40.39848203],[139.94702652,40.41267908],[139.93630978,40.42820384],[139.95954448,40.43486272],[139.98120842,40.42737708],[139.9950545,40.43504675],[140.01944322,40.41984164],[140.02605481,40.4392372],[140.02058808,40.4490058],[140.05361973,40.46779044],[140.07891503,40.4668865],[140.09358231,40.4589248],[140.1077938,40.43584975],[140.15193936,40.43497989],[140.18546711,40.44330561],[140.19405158,40.43477975],[140.20920322,40.43863859],[140.22016883,40.43114551],[140.27934433,40.44605208],[140.29887075,40.44625236],[140.31072664,40.43628733],[140.33521608,40.43938344],[140.34337073,40.46166156],[140.36130122,40.47839161],[140.37794791,40.4765402],[140.38696314,40.48705661],[140.40223711,40.47490711],[140.42739156,40.48257741],[140.43726881,40.47845461],[140.43316856,40.46987653],[140.4399545,40.450082],[140.46438202,40.45644759],[140.4810118,40.45163561],[140.48121158,40.44183031],[140.50836283,40.42854833],[140.52919425,40.43075859],[140.52380936,40.41021272],[140.55914508,40.39705933],[140.56936925,40.40073597],[140.554873,40.42252547],[140.5872175,40.42929292],[140.58973051,40.43611292],[140.61123781,40.42386008],[140.62578141,40.42399867],[140.63629122,40.40948472],[140.6341993,40.40226414],[140.66148041,40.40444853],[140.68717034,40.41830236],[140.68791333,40.42734933],[140.69922805,40.429416],[140.71554944,40.42788205],[140.72301645,40.41661087],[140.73356978,40.41580278],[140.7340938,40.43968259],[140.75205992,40.43875503],[140.7627137,40.45124725],[140.78684669,40.45723136],[140.80364866,40.44864572],[140.81062897,40.48712967],[140.82002555,40.49533028],[140.84502095,40.50735969],[140.87747467,40.51111653],[140.86132261,40.44062931],[140.89232591,40.42335159],[140.98460353,40.42791675],[140.9787592,40.41597975],[140.98768078,40.39709353],[140.9844092,40.38842656],[140.99410261,40.37640508],[140.99543228,40.35336522],[140.98089905,40.34326825],[140.96835428,40.35086639],[140.96208128,40.34713389],[140.96741694,40.33366211],[140.96257761,40.32316178],[140.95733983,40.32451625],[140.95689555,40.30471805],[140.94397372,40.29625941],[140.94459798,40.28813769],[140.95751355,40.28242567],[140.94571047,40.25807492],[140.95507389,40.24762813],[140.94016564,40.24047595],[140.94095992,40.22689836],[140.90515944,40.22191933],[140.88952523,40.20053564],[140.89269365,40.19245808],[140.85918997,40.17142589],[140.8687915,40.15951631],[140.88360683,40.15731705],[140.86698895,40.13236784],[140.87120322,40.11595164],[140.88102684,40.11372631],[140.87533586,40.09456569],[140.84447781,40.07459095],[140.85544139,40.04634331],[140.8504007,40.03142578],[140.85586192,40.01570547],[140.84899864,40.00806828],[140.84531272,39.97495911],[140.84806419,39.9583588],[140.85735345,39.95286317],[140.85469494,39.92328913],[140.86805425,39.91166092],[140.87814128,39.87459559],[140.85292442,39.86578744],[140.83248694,39.87514461],[140.82581737,39.88623805],[140.81565034,39.87935144],[140.79922737,39.88163628],[140.78223636,39.86784859],[140.78909586,39.85018353],[140.78664895,39.82339939],[140.82131944,39.81542303],[140.8416473,39.80492089],[140.84827056,39.79325139],[140.80533036,39.75664528],[140.8037273,39.74475213],[140.77482248,39.73455272],[140.79446058,39.709596],[140.80990361,39.70802253],[140.81135027,39.69553797],[140.82257581,39.68817475],[140.82230414,39.64995336],[140.80710525,39.63219675],[140.79754092,39.60408923],[140.78219586,39.6039688],[140.78066186,39.590326],[140.7638635,39.58756723],[140.75429672,39.5707195],[140.72961942,39.565128],[140.7274792,39.55595411],[140.7397082,39.54659764],[140.74135936,39.53618567],[140.73783886,39.52239764],[140.72468102,39.51859411],[140.72396639,39.50441884],[140.71357472,39.49885359],[140.72440455,39.48053436],[140.68190092,39.45722333],[140.67679547,39.44779167],[140.68559506,39.43726297],[140.68512497,39.42466541],[140.67967008,39.41706761],[140.65838089,39.41509492],[140.66370966,39.40366984],[140.65312481,39.39099844],[140.6789728,39.38318186],[140.67563969,39.36834153],[140.69273051,39.35859664],[140.68845289,39.34752467],[140.70323611,39.34358564],[140.70820183,39.33445944],[140.69404416,39.3197642],[140.69358589,39.29959297],[140.71732747,39.29650808],[140.71782872,39.27260884],[140.75134944,39.26280723],[140.78866239,39.23842867],[140.78762425,39.22678505],[140.77022698,39.22340764],[140.76305042,39.21322687],[140.76484905,39.19776047],[140.79739272,39.1899562],[140.80819572,39.18041728],[140.7837428,39.16541264],[140.77413105,39.16785323],[140.74894148,39.1381222],[140.76998075,39.12416486],[140.75595547,39.11830189],[140.76324681,39.10885822],[140.75270044,39.08619633],[140.80238691,39.07789489],[140.79953167,39.0609735],[140.81025047,39.05740897],[140.79355891,39.04186131],[140.79528694,39.02942905],[140.77868825,39.00814472],[140.76403289,39.00019205],[140.77359017,38.95808447],[140.73209214,38.94926647],[140.71159027,38.92323808],[140.685648,38.91760475],[140.67111472,38.8971308],[140.65407652,38.889013],[140.63797167,38.88305933],[140.61358953,38.89391236],[140.56198577,38.87301336],[140.53795224,38.90036861],[140.50033586,38.89478569],[140.48244086,38.91654978],[140.46212219,38.91943147],[140.4495825,38.94559503],[140.45108662,38.97214639],[140.43185856,38.991902],[140.37622511,38.99445833],[140.36403367,39.00949533],[140.36220956,39.02595533],[140.34425244,39.02582486],[140.32910248,39.03480217],[140.31879575,39.03126167],[140.31072253,39.01358922],[140.26056486,39.035235],[140.25064425,39.02763505],[140.22673428,39.02720933],[140.20065847,39.03557247],[140.20476584,39.05349631],[140.19810713,39.06125659],[140.15186384,39.04839595],[140.13779553,39.06556789],[140.11686283,39.06823103],[140.11449581,39.07836322],[140.06273078,39.09254669],[140.06721798,39.09931305],[140.0624392,39.13349864],[140.00776639,39.12304028],[139.99444672,39.10551564],[139.94805224,39.11716669],[139.86958986,39.11825817],[139.885071,39.13311669],[139.88329953,39.14523447],[139.90491936,39.18137478],[139.905021,39.19734633],[139.89283708,39.20245505],[139.89199888,39.21290304],[139.91496698,39.24914141],[139.90983895,39.25905667],[139.90762258,39.25431941],[139.91572815,39.27557244],[139.92837747,39.288285],[139.96095576,39.29306602],[139.97432939,39.30423036],[140.00083372,39.35050384],[140.0147415,39.38629625],[140.00921508,39.39188967],[140.01533014,39.39202184],[140.00980516,39.393004],[140.02444888,39.41548669],[140.04503209,39.498699],[140.06135594,39.61422177],[140.05820694,39.72780543],[140.048528,39.74066653],[140.04824713,39.75539867],[140.03867564,39.75959295],[140.047882,39.75751444],[140.05027655,39.77063108],[140.04284361,39.77283903],[140.04304119,39.7619988],[140.03967377,39.77196189],[140.02774317,39.76912424],[140.03662737,39.77141817],[140.03338698,39.78102678],[140.04166311,39.78512895],[140.03454722,39.78549236],[140.03222095,39.80907553],[140.00202538,39.85160136],[139.96589022,39.88142211],[139.92533783,39.89938351],[139.85851455,39.89600941],[139.86373337,39.8904886],[139.85970798,39.89452572],[139.85078406,39.88676636],[139.86133811,39.88742031],[139.8575507,39.88161605],[139.84913389,39.88131905],[139.85690423,39.8779968],[139.84715664,39.87747489],[139.85753283,39.87653475],[139.85157567,39.87062017],[139.86589961,39.87409633],[139.85874875,39.87230847],[139.86124859,39.86633172],[139.84965078,39.86341528],[139.84756,39.86837172],[139.8483827,39.86281475],[139.83000436,39.86885161],[139.81260608,39.8574635],[139.79282852,39.86769292],[139.77919234,39.86455525],[139.78410381,39.8590229],[139.77195523,39.85838977],[139.77165211,39.8647465],[139.75528811,39.8568472],[139.75503961,39.86343317],[139.74027263,39.87144956],[139.73492409,39.90535177],[139.71757008,39.90900128],[139.70568489,39.92806172],[139.70171798,39.94224959],[139.71890781,39.94603269],[139.72116681,39.95426964],[139.70161,39.96100589],[139.70189241,39.9760355],[139.69422414,39.97953825],[139.69675584,40.00041084]],[[139.94628625,40.41318603],[139.94628625,40.41318603]],[[139.94622014,40.4135238],[139.94622014,40.4135238]],[[139.94656292,40.41353464],[139.94656292,40.41353464]],[[139.94659209,40.41377131],[139.94659209,40.41377131]],[[139.94625403,40.41375992],[139.94625403,40.41375992]],[[139.94618041,40.4139288],[139.94618041,40.4139288]],[[139.94659959,40.41395687],[139.94659959,40.41395687]],[[139.94646263,40.41431769],[139.94646263,40.41431769]],[[139.9467318,40.41448631],[139.9467318,40.41448631]],[[139.94676125,40.41473964],[139.94676125,40.41473964]],[[139.94691153,40.41502714],[139.94691153,40.41502714]],[[139.94692623,40.4158152],[139.94692623,40.4158152]],[[139.9466215,40.41592769],[139.9466215,40.41592769]],[[139.94590345,40.41606297],[139.94590345,40.41606297]],[[139.94550856,40.41611114],[139.94550856,40.41611114]],[[139.94582983,40.41632769],[139.94582983,40.41632769]],[[139.9455765,40.41633297],[139.9455765,40.41633297]],[[139.94610205,40.41637269],[139.94610205,40.41637269]],[[139.94641122,40.41658659],[139.94641122,40.41658659]],[[139.94597706,40.41664297],[139.94597706,40.41664297]],[[139.94574397,40.41666241],[139.94574397,40.41666241]],[[139.94615789,40.41669908],[139.94615789,40.41669908]],[[139.94613594,40.4170088],[139.94613594,40.4170088]],[[139.94589317,40.41735187],[139.94589317,40.41735187]],[[139.94522345,40.41754353],[139.94522345,40.41754353]],[[139.94490261,40.41752103],[139.94490261,40.41752103]],[[139.94590039,40.41754908],[139.94590039,40.41754908]],[[139.94541484,40.41773492],[139.94541484,40.41773492]],[[139.94516455,40.41781936],[139.94516455,40.41781936]],[[139.94564289,40.41786992],[139.94564289,40.41786992]],[[139.94585623,40.41788686],[139.94585623,40.41788686]],[[139.94476289,40.41917603],[139.94476289,40.41917603]],[[139.94491428,40.41926631],[139.94491428,40.41926631]],[[139.94440092,40.4201952],[139.94440092,40.4201952]],[[139.94405786,40.42027964],[139.94405786,40.42027964]],[[139.9443198,40.42035853],[139.9443198,40.42035853]],[[139.94359064,40.42049384],[139.94359064,40.42049384]],[[139.94413564,40.42070744],[139.94413564,40.42070744]],[[139.94381148,40.42069633],[139.94381148,40.42069633]],[[139.9440473,40.42074689],[139.9440473,40.42074689]],[[139.94346536,40.42121995],[139.94346536,40.42121995]],[[139.9438737,40.42111272],[139.9438737,40.42111272]],[[139.94388481,40.42144522],[139.94388481,40.42144522]],[[139.94337674,40.42141133],[139.94337674,40.42141133]],[[139.94395869,40.42194078],[139.94395869,40.42194078]],[[139.94391008,40.42221633],[139.94391008,40.42221633]],[[139.94319231,40.422228],[139.94319231,40.422228]],[[139.94376287,40.42225578],[139.94376287,40.42225578]],[[139.94352397,40.42237995],[139.94352397,40.42237995]],[[139.94367869,40.42250384],[139.94367869,40.42250384]],[[139.94269869,40.42286967],[139.94269869,40.42286967]],[[139.94348287,40.42302133],[139.94348287,40.42302133]],[[139.94306287,40.42307772],[139.94306287,40.42307772]],[[139.94334287,40.42316772],[139.94334287,40.42316772]],[[139.94118453,40.42386022],[139.94118453,40.42386022]],[[139.94179258,40.42393384],[139.94179258,40.42393384]],[[139.94102647,40.42412495],[139.94102647,40.42412495]],[[139.94115175,40.42426578],[139.94115175,40.42426578]],[[139.94143898,40.42422633],[139.94143898,40.42422633]],[[139.94139064,40.42440605],[139.94139064,40.42440605]],[[139.94058453,40.42460911],[139.94058453,40.42460911]],[[139.94083092,40.42454689],[139.94083092,40.42454689]],[[139.94135036,40.42462051],[139.94135036,40.42462051]],[[139.94030786,40.42489051],[139.94030786,40.42489051]],[[139.94100008,40.42479467],[139.94100008,40.42479467]],[[139.94058453,40.42494133],[139.94058453,40.42494133]],[[139.9404773,40.42505384],[139.9404773,40.42505384]],[[139.93946783,40.42513828],[139.93946783,40.42513828]],[[139.94004674,40.42500328],[139.94004674,40.42500328]],[[139.93967423,40.42529022],[139.93967423,40.42529022]],[[139.94031922,40.42523439],[139.94031922,40.42523439]],[[139.93990672,40.42546523],[139.93990672,40.42546523]],[[139.94009811,40.42561689],[139.94009811,40.42561689]],[[139.93982895,40.42555467],[139.93982895,40.42555467]],[[139.93875728,40.42570133],[139.93875728,40.42570133]],[[139.93905949,40.42580828],[139.93905949,40.42580828]],[[139.93823756,40.42593744],[139.93823756,40.42593744]],[[139.938212,40.42627578],[139.938212,40.42627578]],[[139.93875728,40.42638272],[139.93875728,40.42638272]],[[139.93778811,40.42649495],[139.93778811,40.42649495]],[[139.93723562,40.42685495],[139.93723562,40.42685495]],[[139.93763728,40.427013],[139.93763728,40.427013]],[[139.93709562,40.42701272],[139.93709562,40.42701272]],[[139.936602,40.42704633],[139.936602,40.42704633]],[[139.93744922,40.42707467],[139.93744922,40.42707467]],[[139.93721005,40.42738467],[139.93721005,40.42738467]],[[139.93651756,40.427548],[139.93651756,40.427548]],[[139.93670895,40.42767744],[139.93670895,40.42767744]],[[139.93691144,40.42786856],[139.93691144,40.42786856]],[[139.94754783,39.29179414],[139.94754783,39.29179414]],[[139.95694358,39.29612528],[139.95694358,39.29612528]],[[139.96633638,40.19634691],[139.96633638,40.19634691]],[[139.98215898,40.2109002],[139.96805162,40.19771541],[139.98215898,40.2109002]],[[139.97819027,40.39007089],[139.97819027,40.39007089]],[[139.97816805,40.39022867],[139.97816805,40.39022867]],[[139.9785725,40.39213147],[139.9785725,40.39213147]],[[139.97858,40.39245231],[139.97858,40.39245231]],[[139.97813803,40.39684369],[139.97813803,40.39684369]],[[139.97846914,40.39748008],[139.97846914,40.39748008]],[[139.9779247,40.39782869],[139.9779247,40.39782869]],[[139.97764525,40.39821731],[139.97764525,40.39821731]],[[139.97632528,40.39845097],[139.97632528,40.39845097]],[[139.97777025,40.39849897],[139.97777025,40.39849897]],[[139.97757552,40.39855056],[139.97757552,40.39855056]],[[139.97626192,40.39854397],[139.97626192,40.39854397]],[[139.97637506,40.39851464],[139.97637506,40.39851464]],[[139.97515655,40.39885425],[139.97515655,40.39885425]],[[139.9754893,40.39896167],[139.9754893,40.39896167]],[[139.9687875,40.4],[139.9687875,40.4]],[[139.96828606,40.40010872],[139.96828606,40.40010872]],[[139.96863189,40.40017067],[139.96863189,40.40017067]],[[139.97332606,40.40029484],[139.97332606,40.40029484]],[[139.96888939,40.40079567],[139.96888939,40.40079567]],[[139.96905883,40.4011165],[139.96905883,40.4011165]],[[139.96877022,40.40126733],[139.96877022,40.40126733]],[[139.96502798,40.40156967],[139.96502798,40.40156967]],[[139.96732966,40.40147095],[139.96732966,40.40147095]],[[139.96751355,40.40158928],[139.96751355,40.40158928]],[[139.96865411,40.40165123],[139.96865411,40.40165123]],[[139.96819051,40.40168511],[139.96819051,40.40168511]],[[139.96788134,40.40179205],[139.96788134,40.40179205]],[[139.967278,40.40188764],[139.967278,40.40188764]],[[139.96677022,40.40225931],[139.96677022,40.40225931]],[[139.96799186,40.40270431],[139.96799186,40.40270431]],[[139.96820519,40.40276041],[139.96820519,40.40276041]],[[139.96756492,40.4029632],[139.96756492,40.4029632]],[[139.96752825,40.4031768],[139.96752825,40.4031768]],[[139.96567908,40.40319736],[139.96567908,40.40319736]],[[139.96760185,40.40330625],[139.96760185,40.40330625]],[[139.96546798,40.40331208],[139.96546798,40.40331208]],[[139.96582102,40.40344153],[139.96582102,40.40344153]],[[139.96650547,40.40350347],[139.96650547,40.40350347]],[[139.96704992,40.40349792],[139.96704992,40.40349792]],[[139.96744713,40.40359931],[139.96744713,40.40359931]],[[139.96494547,40.40357653],[139.96494547,40.40357653]],[[139.96529881,40.40360486],[139.96529881,40.40360486]],[[139.96698964,40.4037018],[139.96698964,40.4037018]],[[139.96514409,40.40363847],[139.96514409,40.40363847]],[[139.96428353,40.40368375],[139.96428353,40.40368375]],[[139.96589464,40.40378486],[139.96589464,40.40378486]],[[139.96486464,40.40377375],[139.96486464,40.40377375]],[[139.96532798,40.40384125],[139.96532798,40.40384125]],[[139.96368019,40.40388041],[139.96368019,40.40388041]],[[139.96473214,40.40395403],[139.96473214,40.40395403]],[[139.96366547,40.40400986],[139.96366547,40.40400986]],[[139.96465102,40.40406653],[139.96465102,40.40406653]],[[139.96585798,40.40407764],[139.96585798,40.40407764]],[[139.96543852,40.40412292],[139.96543852,40.40412292]],[[139.96432742,40.40401014],[139.96432742,40.40401014]],[[139.96495297,40.40419041],[139.96495297,40.40419041]],[[139.9638863,40.40430847],[139.9638863,40.40430847]],[[139.9636138,40.40438153],[139.9636138,40.40438153]],[[139.96289805,40.40439192],[139.96289805,40.40439192]],[[139.96381992,40.40440959],[139.96381992,40.40440959]],[[139.96396686,40.40452792],[139.96396686,40.40452792]],[[139.96193353,40.40455569],[139.96193353,40.40455569]],[[139.96385659,40.40463486],[139.96385659,40.40463486]],[[139.96345936,40.40471375],[139.96345936,40.40471375]],[[139.96201992,40.40477736],[139.96201992,40.40477736]],[[139.96152519,40.40484014],[139.96152519,40.40484014]],[[139.96276769,40.40484903],[139.96276769,40.40484903]],[[139.96309881,40.40487708],[139.96309881,40.40487708]],[[139.96173964,40.4049318],[139.96173964,40.4049318]],[[139.96230409,40.40478125],[139.96230409,40.40478125]],[[139.96293686,40.4051868],[139.96293686,40.4051868]],[[139.96148742,40.40540041],[139.96148742,40.40540041]],[[139.96228214,40.40556375],[139.96228214,40.40556375]],[[139.96182603,40.40576653],[139.96182603,40.40576653]],[[139.96027326,40.40579459],[139.96027326,40.40579459]],[[139.96222326,40.40575513],[139.96222326,40.40575513]],[[139.96237769,40.40579459],[139.96237769,40.40579459]],[[139.96208353,40.40593541],[139.96208353,40.40593541]],[[139.96240713,40.40597486],[139.96240713,40.40597486]],[[139.9603838,40.40608739],[139.9603838,40.40608739]],[[139.96197297,40.4062168],[139.96197297,40.4062168]],[[139.96080326,40.40620572],[139.96080326,40.40620572]],[[139.96231881,40.40619986],[139.96231881,40.40619986]],[[139.96060433,40.40635767],[139.96060433,40.40635767]],[[139.96031739,40.40634072],[139.96031739,40.40634072]],[[139.96059711,40.40642517],[139.96059711,40.40642517]],[[139.959611,40.40668989],[139.959611,40.40668989]],[[139.96092073,40.406701],[139.96092073,40.406701]],[[139.959751,40.40686989],[139.959751,40.40686989]],[[139.96017017,40.40686433],[139.96017017,40.40686433]],[[139.96044988,40.40681933],[139.96044988,40.40681933]],[[139.96077377,40.40696572],[139.96077377,40.40696572]],[[139.95839739,40.40705544],[139.95839739,40.40705544]],[[139.95982462,40.40713433],[139.95982462,40.40713433]],[[139.96003795,40.40723572],[139.96003795,40.40723572]],[[139.95695516,40.40810267],[139.95695516,40.40810267]],[[139.95758795,40.40815351],[139.95758795,40.40815351]],[[139.95661655,40.408311],[139.95661655,40.408311]],[[139.95744795,40.40838405],[139.95744795,40.40838405]],[[139.9567835,40.40877184],[139.9567835,40.40877184]],[[139.95653322,40.40873823],[139.95653322,40.40873823]],[[139.95625601,40.40894156],[139.95625601,40.40894156]],[[139.9556085,40.40891351],[139.9556085,40.40891351]],[[139.95592489,40.40894711],[139.95592489,40.40894711]],[[139.95611628,40.40894156],[139.95611628,40.40894156]],[[139.9565185,40.40888461],[139.9565185,40.40888461]],[[139.95574822,40.40913851],[139.95574822,40.40913851]],[[139.95616767,40.40917239],[139.95616767,40.40917239]],[[139.95578516,40.40929072],[139.95578516,40.40929072]],[[139.95545406,40.40956656],[139.95545406,40.40956656]],[[139.95591766,40.40963405],[139.95591766,40.40963405]],[[139.95602795,40.40984211],[139.95602795,40.40984211]],[[139.95584406,40.409966],[139.95584406,40.409966]],[[139.95599128,40.41006184],[139.95599128,40.41006184]],[[139.95555017,40.41015684],[139.95555017,40.41015684]],[[139.95600572,40.41035461],[139.95600572,40.41035461]],[[139.95578267,40.41039905],[139.95578267,40.41039905]],[[139.95477572,40.41050823],[139.95477572,40.41050823]],[[139.95539267,40.410506],[139.95539267,40.410506]],[[139.95608017,40.41061211],[139.95608017,40.41061211]],[[139.955121,40.41068128],[139.955121,40.41068128]],[[139.95452431,40.41068044],[139.95452431,40.41068044]],[[139.9548918,40.41097351],[139.9548918,40.41097351]],[[139.95401903,40.411306],[139.95401903,40.411306]],[[139.95430375,40.41130572],[139.95430375,40.41130572]],[[139.95399737,40.41141684],[139.95399737,40.41141684]],[[139.95320708,40.41151933],[139.95320708,40.41151933]],[[139.95308458,40.41163239],[139.95308458,40.41163239]],[[139.95310431,40.41177269],[139.95310431,40.41177269]],[[139.95319986,40.41187408],[139.95319986,40.41187408]],[[139.9527582,40.41207131],[139.9527582,40.41207131]],[[139.9525818,40.41208241],[139.9525818,40.41208241]],[[139.95223597,40.41202603],[139.95223597,40.41202603]],[[139.95177486,40.41207741],[139.95177486,40.41207741]],[[139.95253014,40.41219492],[139.95253014,40.41219492]],[[139.95273958,40.41223241],[139.95273958,40.41223241]],[[139.95230209,40.41238659],[139.95230209,40.41238659]],[[139.95048486,40.41241436],[139.95048486,40.41241436]],[[139.94959431,40.41254964],[139.94959431,40.41254964]],[[139.95042597,40.41259464],[139.95042597,40.41259464]],[[139.94996236,40.4125552],[139.94996236,40.4125552]],[[139.95002124,40.41273547],[139.95002124,40.41273547]],[[139.94906628,40.41286117],[139.94906628,40.41286117]],[[139.94952097,40.41285936],[139.94952097,40.41285936]],[[139.94895569,40.41294769],[139.94895569,40.41294769]],[[139.94723236,40.4146552],[139.94723236,40.4146552]],[[139.94714403,40.41497631],[139.94714403,40.41497631]],[[139.94697484,40.41533103],[139.94697484,40.41533103]],[[140.00901502,39.39391529],[140.00901502,39.39391529]],[[140.04575786,39.54310659],[140.04575786,39.54310659]],[[140.05355737,39.73874256],[140.05355737,39.73874256]],[[140.01221737,39.775],[140.0388265,39.75843213],[140.01221737,39.775]],[[140.0481875,39.77374566],[140.0481875,39.77374566]],[[140.04826813,39.7737481],[140.04826813,39.7737481]],[[140.04833045,39.77373852],[140.04833045,39.77373852]],[[140.0092918,39.77817618],[140.00476473,39.78224522],[140.0092918,39.77817618]],[[140.0330369,39.79031393],[140.02048239,39.78154627],[140.0330369,39.79031393]],[[140.03532589,39.78867739],[140.03532589,39.78867739]],[[140.03557608,39.78991411],[140.03557608,39.78991411]],[[140.00024086,40.21278203],[140.00024086,40.21278203]],[[140.02440469,40.35385764],[140.02440469,40.35385764]],[[140.02391386,40.35393541],[140.02391386,40.35393541]],[[140.02416136,40.35410625],[140.02416136,40.35410625]],[[140.02314914,40.35456792],[140.02314914,40.35456792]],[[140.02269581,40.35486041],[140.02269581,40.35486041]],[[140.02228248,40.35505597],[140.02228248,40.35505597]],[[140.02200192,40.35519125],[140.02200192,40.35519125]],[[140.02258358,40.35626403],[140.02258358,40.35626403]],[[140.02279109,40.35729656],[140.02279109,40.35729656]],[[140.01986939,40.35939072],[140.01986939,40.35939072]],[[140.01929355,40.35935989],[140.01929355,40.35935989]],[[140.02001966,40.35996295],[140.02001966,40.35996295]],[[140.01956078,40.36029933],[140.01956078,40.36029933]],[[140.01991966,40.36049684],[140.01991966,40.36049684]],[[140.01865244,40.36148795],[140.01865244,40.36148795]],[[140.01905689,40.36152572],[140.01905689,40.36152572]],[[140.01888022,40.36164405],[140.01888022,40.36164405]],[[140.01801939,40.36163823],[140.01801939,40.36163823]],[[140.01622547,40.36241267],[140.01622547,40.36241267]],[[140.01490353,40.36303741],[140.01490353,40.36303741]],[[140.01446881,40.36357741],[140.01446881,40.36357741]],[[140.01450686,40.36377047],[140.01450686,40.36377047]],[[140.0143102,40.36408241],[140.0143102,40.36408241]],[[140.01024433,40.36689575],[140.01024433,40.36689575]],[[140.01076431,40.37291661],[140.01076431,40.37291661]],[[140.01002791,40.37302995],[140.01002791,40.37302995]],[[140.00359056,40.37416375],[140.00359056,40.37416375]],[[140.00082639,40.375],[140.00082639,40.375]],[[140.00399956,40.37520636],[140.00399956,40.37520636]],[[140.00416844,40.37560692],[140.00416844,40.37560692]],[[139.999374,40.37564469],[139.999374,40.37564469]],[[139.99923039,40.3756222],[139.99923039,40.3756222]],[[139.99939066,40.3758322],[139.99939066,40.3758322]],[[139.99932844,40.37672859],[139.99932844,40.37672859]],[[139.9980498,40.37841331],[139.9980498,40.37841331]],[[139.99605508,40.37862],[139.99605508,40.37862]],[[139.99718314,40.37895084],[139.99718314,40.37895084]],[[139.99490008,40.37867084],[139.99490008,40.37867084]],[[139.99428175,40.37970639],[139.99428175,40.37970639]],[[139.99446564,40.37972917],[139.99446564,40.37972917]],[[139.99562092,40.37997111],[139.99562092,40.37997111]],[[139.9939873,40.38015139],[139.9939873,40.38015139]],[[139.99515008,40.38042167],[139.99515008,40.38042167]],[[139.9937298,40.38057917],[139.9937298,40.38057917]],[[139.9954737,40.38066944],[139.9954737,40.38066944]],[[139.99491453,40.38057917],[139.99491453,40.38057917]],[[139.99401674,40.38079333],[139.99401674,40.38079333]],[[139.99496591,40.38091722],[139.99496591,40.38091722]],[[139.99242036,40.38148556],[139.99242036,40.38148556]],[[139.99180949,40.38173333],[139.99180949,40.38173333]],[[139.99199367,40.38168251],[139.99199367,40.38168251]],[[139.99166978,40.38180639],[139.99166978,40.38180639]],[[139.99218477,40.38196972],[139.99218477,40.38196972]],[[139.98985978,40.38209364],[139.98985978,40.38209364]],[[139.9897345,40.38211613],[139.9897345,40.38211613]],[[139.98941089,40.38232447],[139.98941089,40.38232447]],[[139.989087,40.3824878],[139.989087,40.3824878]],[[139.98790283,40.38314059],[139.98790283,40.38314059]],[[139.98640895,40.38354059],[139.98640895,40.38354059]],[[139.98641645,40.38368114],[139.98641645,40.38368114]],[[139.98251672,40.38394003],[139.98251672,40.38394003]],[[139.98365005,40.38428336],[139.98365005,40.38428336]],[[139.98280394,40.38481836],[139.98280394,40.38481836]],[[139.9804417,40.38529144],[139.9804417,40.38529144]],[[139.98281114,40.38547728],[139.98281114,40.38547728]],[[139.98165586,40.38548839],[139.98165586,40.38548839]],[[139.98076558,40.38545422],[139.98076558,40.38545422]],[[139.98085392,40.38595533],[139.98085392,40.38595533]],[[139.9808317,40.38598923],[139.9808317,40.38598923]],[[139.98041253,40.38611311],[139.98041253,40.38611311]],[[139.98103058,40.38613005],[139.98103058,40.38613005]],[[139.9809053,40.38657477],[139.9809053,40.38657477]],[[139.97969864,40.38721672],[139.97969864,40.38721672]],[[139.9805817,40.38748144],[139.9805817,40.38748144]],[[139.97927503,40.38750977],[139.97927503,40.38750977]],[[139.98010336,40.38739117],[139.98010336,40.38739117]],[[139.97956613,40.38747867],[139.97956613,40.38747867]],[[139.97926336,40.38754895],[139.97926336,40.38754895]],[[139.97920086,40.38763061],[139.97920086,40.38763061]],[[139.97988253,40.387802],[139.97988253,40.387802]],[[139.97938975,40.38790895],[139.97938975,40.38790895]],[[139.97979419,40.38801033],[139.97979419,40.38801033]],[[139.97870531,40.38856784],[139.97870531,40.38856784]],[[139.97916891,40.38868617],[139.97916891,40.38868617]],[[139.97952197,40.38899005],[139.97952197,40.38899005]],[[139.97907309,40.389007],[139.97907309,40.389007]],[[139.97952197,40.38912533],[139.97952197,40.38912533]],[[139.97971336,40.38937867],[139.97971336,40.38937867]],[[139.97908058,40.38944033],[139.97908058,40.38944033]],[[139.97895555,40.38957533],[139.97895555,40.38957533]],[[139.97922778,40.38962617],[139.97922778,40.38962617]],[[139.97906555,40.39062839],[139.97906555,40.39062839]],[[139.97957333,40.39085367],[139.97957333,40.39085367]],[[139.97936,40.39112395],[139.97936,40.39112395]],[[139.97838111,40.39150092],[139.97838111,40.39150092]],[[139.97949222,40.39153477],[139.97949222,40.39153477]],[[139.97920528,40.39186672],[139.97920528,40.39186672]],[[139.97910973,40.39212008],[139.97910973,40.39212008]],[[139.97899944,40.39239036],[139.97899944,40.39239036]],[[139.97908027,40.39266647],[139.97908027,40.39266647]],[[139.97877861,40.39278453],[139.97877861,40.39278453]],[[139.97933056,40.39293675],[139.97933056,40.39293675]],[[139.97871973,40.39291425],[139.97871973,40.39291425]],[[139.97888889,40.39299869],[139.97888889,40.39299869]],[[139.97890361,40.3931112],[139.97890361,40.3931112]],[[139.97931584,40.39312259],[139.97931584,40.39312259]],[[139.97888889,40.39341536],[139.97888889,40.39341536]],[[139.97894056,40.39356731],[139.97894056,40.39356731]],[[139.97949222,40.39362369],[139.97949222,40.39362369]],[[139.97888167,40.39382036],[139.97888167,40.39382036]],[[139.9792275,40.39410203],[139.9792275,40.39410203]],[[139.97897722,40.39413008],[139.97897722,40.39413008]],[[139.97928611,40.39423703],[139.97928611,40.39423703]],[[139.97862414,40.39456925],[139.97862414,40.39456925]],[[139.97948469,40.39638203],[139.97948469,40.39638203]],[[139.97888859,40.39625259],[139.97888859,40.39625259]],[[139.97895497,40.39697897],[139.97895497,40.39697897]],[[139.97885192,40.3972548],[139.97885192,40.3972548]]]}}]}