{"type": "FeatureCollection", "features": [{"type": "Feature", "properties": {"name": "北海道"}, "geometry": {"type": "MultiLineString", "coordinates": [[[139.80834, 41.353774], [139.80711, 41.354081], [139.803378, 41.355209], [139.799036, 41.352117], [139.798345, 41.358417], [139.793898, 41.358987], [139.803115, 41.365683], [139.816915, 41.364161], [139.814609, 41.357477], [139.80834, 41.353774]], [[139.355454, 41.499721], [139.347299, 41.495158], [139.339733, 41.495476], [139.33435, 41.51676], [139.340561, 41.525189], [139.373115, 41.523655], [139.383468, 41.512155], [139.383067, 41.507622], [139.375834, 41.502652], [139.355454, 41.499721]], [[140.129163, 41.430673], [140.119996, 41.430254], [140.093043, 41.424719], [140.090048, 41.420701], [140.090352, 41.41918], [140.088746, 41.418112], [140.084508, 41.421163], [140.084143, 41.423275], [140.074982, 41.424328], [140.070389, 41.430779], [140.047609, 41.446044], [140.040472, 41.447321], [140.04, 41.446152], [140.042225, 41.444537], [140.038727, 41.444041], [140.040444, 41.449962], [140.036113, 41.451259], [140.027235, 41.46264], [140.029663, 41.467883], [140.025247, 41.480365], [140.022177, 41.480448], [140.021225, 41.481535], [140.022218, 41.484559], [140.017382, 41.487063], [140.015354, 41.49144], [140.013463, 41.491944], [140.016847, 41.499358], [140.012191, 41.501306], [140.012822, 41.508533], [140.008549, 41.510261], [140.007243, 41.519285], [140.000388, 41.524609], [140.002075, 41.530836], [139.998645, 41.538554], [139.990696, 41.542688], [139.99135, 41.54653], [139.987834, 41.55064], [139.985858, 41.55111], [139.98676, 41.565501], [139.982119, 41.584631], [139.984269, 41.604239], [139.981866, 41.607881], [139.995604, 41.631109], [139.993527, 41.630214], [139.992043, 41.636127], [139.998729, 41.641659], [139.996604, 41.649713], [140.002577, 41.651904], [140.001109, 41.657646], [140.004213, 41.660922], [140.003569, 41.670829], [140.008733, 41.682318], [140.008579, 41.692024], [140.024475, 41.706883], [140.027285, 41.7147], [140.040172, 41.724727], [140.04927, 41.736542], [140.049166, 41.741049], [140.057467, 41.745352], [140.070488, 41.767259], [140.073839, 41.787906], [140.073275, 41.798635], [140.069348, 41.803213], [140.071437, 41.807089], [140.084064, 41.809466], [140.089661, 41.80723], [140.095183, 41.810023], [140.101165, 41.809558], [140.098014, 41.808157], [140.101117, 41.805126], [140.108792, 41.80494], [140.117315, 41.813091], [140.123019, 41.825293], [140.124819, 41.85939], [140.116232, 41.866532], [140.109942, 41.863294], [140.113641, 41.870568], [140.115805, 41.870418], [140.11532, 41.868519], [140.120607, 41.866686], [140.126124, 41.86907], [140.125389, 41.870606], [140.13126, 41.872238], [140.133764, 41.889626], [140.138752, 41.893225], [140.138299, 41.898655], [140.135261, 41.899991], [140.141054, 41.917513], [140.132603, 41.952576], [140.126606, 41.963094], [140.132755, 41.975106], [140.127155, 41.979923], [140.124327, 41.991283], [140.119191, 42.003958], [140.102169, 42.007562], [140.10592, 42.013326], [140.099502, 42.02027], [140.099424, 42.028573], [140.094879, 42.029627], [140.095988, 42.033304], [140.092106, 42.036231], [140.082744, 42.03647], [140.086236, 42.042456], [140.081078, 42.047575], [140.080853, 42.044258], [140.070424, 42.059998], [140.103753, 42.072962], [140.070552, 42.060061], [140.067144, 42.063008], [140.067596, 42.069241], [140.059626, 42.075844], [140.057906, 42.075902], [140.057506, 42.08226], [140.054764, 42.082733], [140.027926, 42.110875], [140.010976, 42.120724], [139.998628, 42.122125], [139.987765, 42.128916], [139.984949, 42.126033], [139.984815, 42.125054], [139.975977, 42.127002], [139.970888, 42.130387], [139.953223, 42.128735], [139.920735, 42.133068], [139.929451, 42.139814], [139.921156, 42.135335], [139.917548, 42.140223], [139.918143, 42.143168], [139.904858, 42.165689], [139.900128, 42.166198], [139.901884, 42.168576], [139.895734, 42.174951], [139.895788, 42.183101], [139.881924, 42.191401], [139.881895, 42.204999], [139.874102, 42.213154], [139.863766, 42.219008], [139.853359, 42.216426], [139.848041, 42.219941], [139.835576, 42.219618], [139.836109, 42.220733], [139.83443, 42.222612], [139.827869, 42.222891], [139.826727, 42.224088], [139.814542, 42.220674], [139.812147, 42.229058], [139.803409, 42.22764], [139.795456, 42.230637], [139.788692, 42.244057], [139.783416, 42.250616], [139.779256, 42.250924], [139.77444, 42.259205], [139.778925, 42.267278], [139.784782, 42.269825], [139.785735, 42.27517], [139.783671, 42.281678], [139.778095, 42.285634], [139.774985, 42.297013], [139.767096, 42.302548], [139.768461, 42.308198], [139.766042, 42.311061], [139.769743, 42.312196], [139.768475, 42.31636], [139.774921, 42.325314], [139.771767, 42.329451], [139.780598, 42.352406], [139.788315, 42.353059], [139.801347, 42.360753], [139.803015, 42.366937], [139.814719, 42.374509], [139.817176, 42.37967], [139.814816, 42.38133], [139.819128, 42.384825], [139.81765, 42.389495], [139.824177, 42.388772], [139.833678, 42.401013], [139.846806, 42.436185], [139.843933, 42.44376], [139.846988, 42.445973], [139.843393, 42.451489], [139.845752, 42.45025], [139.844339, 42.456574], [139.847778, 42.456234], [139.852904, 42.464614], [139.845129, 42.481158], [139.84908, 42.493022], [139.842758, 42.498956], [139.843215, 42.502927], [139.845539, 42.501878], [139.842579, 42.514629], [139.846642, 42.528517], [139.837871, 42.540865], [139.839055, 42.547474], [139.838112, 42.548002], [139.833108, 42.574227], [139.827952, 42.576026], [139.827186, 42.588044], [139.824223, 42.59366], [139.825237, 42.59599], [139.822167, 42.606502], [139.823165, 42.613055], [139.832599, 42.622936], [139.843073, 42.625831], [139.841396, 42.631265], [139.846239, 42.631845], [139.846689, 42.635829], [139.854762, 42.641255], [139.856048, 42.650096], [139.863824, 42.655644], [139.868303, 42.665516], [139.874731, 42.665972], [139.898728, 42.679902], [139.935367, 42.689337], [139.956711, 42.688041], [139.97218, 42.691057], [139.983375, 42.687925], [139.989163, 42.692105], [140.007299, 42.686355], [140.018106, 42.691195], [140.029634, 42.687811], [140.047821, 42.695067], [140.065245, 42.706849], [140.064502, 42.713019], [140.069243, 42.719104], [140.067459, 42.720921], [140.073339, 42.727737], [140.076312, 42.725527], [140.093329, 42.735689], [140.105696, 42.736178], [140.105669, 42.741092], [140.114958, 42.741779], [140.113555, 42.745882], [140.13053, 42.746576], [140.144266, 42.754555], [140.150085, 42.76392], [140.146984, 42.771169], [140.157598, 42.787412], [140.156734, 42.790441], [140.173241, 42.806436], [140.187202, 42.824899], [140.186146, 42.827746], [140.204715, 42.80948], [140.224073, 42.805206], [140.230022, 42.796584], [140.233514, 42.798881], [140.238121, 42.795249], [140.235952, 42.795018], [140.234659, 42.793402], [140.238088, 42.79244], [140.236867, 42.78495], [140.239877, 42.775778], [140.246303, 42.767969], [140.270439, 42.767767], [140.293236, 42.772906], [140.304997, 42.777853], [140.308349, 42.785682], [140.310105, 42.796077], [140.307626, 42.796149], [140.303158, 42.812254], [140.304463, 42.828703], [140.346583, 42.857651], [140.358513, 42.872631], [140.358552, 42.877573], [140.364085, 42.87807], [140.377636, 42.897475], [140.376774, 42.903321], [140.382116, 42.906202], [140.391093, 42.917336], [140.390124, 42.922844], [140.401388, 42.924298], [140.412241, 42.933693], [140.417108, 42.942517], [140.44679, 42.953449], [140.449802, 42.95775], [140.502215, 42.980777], [140.506538, 42.989479], [140.506827, 42.98572], [140.516797, 42.985711], [140.516078, 42.986574], [140.515475, 42.989954], [140.518989, 42.988584], [140.520607, 42.990768], [140.513147, 42.992241], [140.515443, 42.99291], [140.519571, 42.991218], [140.522099, 42.996841], [140.518568, 43.000284], [140.52663, 42.997273], [140.523006, 42.9989], [140.529042, 43.005991], [140.531121, 43.022002], [140.528658, 43.028731], [140.525638, 43.028633], [140.523991, 43.031347], [140.506671, 43.033359], [140.511436, 43.033544], [140.508423, 43.037363], [140.503904, 43.032357], [140.506233, 43.039596], [140.508464, 43.042673], [140.495104, 43.058271], [140.493706, 43.060822], [140.495076, 43.064736], [140.485032, 43.076496], [140.464423, 43.084912], [140.461918, 43.096756], [140.458781, 43.099131], [140.460326, 43.099509], [140.45903, 43.105214], [140.449425, 43.108193], [140.450453, 43.11284], [140.44454, 43.118113], [140.446666, 43.118902], [140.459274, 43.125487], [140.445253, 43.118649], [140.440888, 43.123275], [140.443972, 43.125243], [140.442505, 43.127956], [140.436492, 43.128539], [140.436884, 43.130933], [140.427308, 43.136299], [140.430818, 43.139627], [140.4295, 43.142363], [140.423529, 43.143761], [140.424366, 43.140541], [140.413277, 43.151451], [140.375, 43.171117], [140.35856, 43.180596], [140.344076, 43.196665], [140.346538, 43.199407], [140.340571, 43.204283], [140.338471, 43.211231], [140.332886, 43.212539], [140.324545, 43.220944], [140.326735, 43.232822], [140.334065, 43.2458], [140.332942, 43.252393], [140.336301, 43.254437], [140.330955, 43.260305], [140.339617, 43.264374], [140.338883, 43.270595], [140.343917, 43.273693], [140.336443, 43.281839], [140.357375, 43.272842], [140.340142, 43.280865], [140.342819, 43.281195], [140.347009, 43.28485], [140.355173, 43.301689], [140.355038, 43.31479], [140.360032, 43.315695], [140.355604, 43.32614], [140.346119, 43.333714], [140.366699, 43.330063], [140.374865, 43.333111], [140.376016, 43.332848], [140.379722, 43.329296], [140.393915, 43.333133], [140.399811, 43.330363], [140.406116, 43.335422], [140.416968, 43.330278], [140.429517, 43.329587], [140.445732, 43.335486], [140.460684, 43.345746], [140.458704, 43.349568], [140.464223, 43.3546], [140.46278, 43.360075], [140.471071, 43.365186], [140.461038, 43.368122], [140.461617, 43.372188], [140.480643, 43.375658], [140.50399, 43.36993], [140.5086, 43.360197], [140.510582, 43.359213], [140.51214, 43.357009], [140.527259, 43.359328], [140.526712, 43.353216], [140.533481, 43.345765], [140.540283, 43.343377], [140.541307, 43.338646], [140.548754, 43.338253], [140.550837, 43.333024], [140.562602, 43.323964], [140.570108, 43.323294], [140.580018, 43.309844], [140.582313, 43.311088], [140.586494, 43.30721], [140.59091, 43.308951], [140.59394, 43.302646], [140.607622, 43.300711], [140.606088, 43.30019], [140.604199, 43.298235], [140.607829, 43.29816], [140.607096, 43.295614], [140.626185, 43.294476], [140.630049, 43.297979], [140.631037, 43.295792], [140.621651, 43.289915], [140.63002, 43.294787], [140.634702, 43.285712], [140.646354, 43.284553], [140.641631, 43.278093], [140.644323, 43.271999], [140.640799, 43.273485], [140.64153, 43.277815], [140.636418, 43.274896], [140.638698, 43.270307], [140.638967, 43.268804], [140.642791, 43.264415], [140.700308, 43.250653], [140.708498, 43.252601], [140.710866, 43.247711], [140.71794, 43.250074], [140.727073, 43.241925], [140.735655, 43.242207], [140.734247, 43.237794], [140.738478, 43.233766], [140.746706, 43.235609], [140.748537, 43.230851], [140.753837, 43.231397], [140.758472, 43.226289], [140.774908, 43.226871], [140.782437, 43.212402], [140.778628, 43.216504], [140.774337, 43.204781], [140.785267, 43.198973], [140.789087, 43.199897], [140.792506, 43.1979], [140.790368, 43.194834], [140.818536, 43.194088], [140.843437, 43.197514], [140.84481, 43.200383], [140.849638, 43.198726], [140.857214, 43.203325], [140.853617, 43.211952], [140.86055, 43.209971], [140.854692, 43.216329], [140.864137, 43.217121], [140.867156, 43.207849], [140.872315, 43.205454], [140.891925, 43.208021], [140.894954, 43.21121], [140.913517, 43.210803], [140.920485, 43.214276], [140.918396, 43.222662], [140.924468, 43.223631], [140.925754, 43.227642], [140.937079, 43.225582], [140.939183, 43.228109], [140.953004, 43.228079], [140.968113, 43.236614], [140.987326, 43.239806], [141.017075, 43.23831], [141.015475, 43.234381], [141.013114, 43.231549], [141.020868, 43.222782], [141.018402, 43.217778], [141.017799, 43.220182], [141.01362, 43.217838], [141.014659, 43.209814], [141.003653, 43.20983], [141.001942, 43.206619], [141.006293, 43.204849], [141.000853, 43.203335], [141.00206, 43.200651], [141.004264, 43.200906], [141.011652, 43.199661], [141.013281, 43.197125], [141.008868, 43.19556], [141.0144, 43.195355], [141.015663, 43.193291], [141.011778, 43.191943], [141.013757, 43.190004], [141.018896, 43.191425], [141.0266, 43.187085], [141.030132, 43.185691], [141.029515, 43.184034], [141.034716, 43.183297], [141.038558, 43.179582], [141.05681, 43.179752], [141.077936, 43.171944], [141.100475, 43.167932], [141.127355, 43.154401], [141.160983, 43.143971], [141.206481, 43.158021], [141.243827, 43.173803], [141.264992, 43.185637], [141.266918, 43.188115], [141.264341, 43.190547], [141.276126, 43.200685], [141.286221, 43.196475], [141.292543, 43.182624], [141.293856, 43.193303], [141.289952, 43.199385], [141.289562, 43.208509], [141.295453, 43.212426], [141.295521, 43.206304], [141.307902, 43.212598], [141.298806, 43.214557], [141.304815, 43.21857], [141.304799, 43.22048], [141.300732, 43.221267], [141.309377, 43.223548], [141.306939, 43.221823], [141.315408, 43.220598], [141.330264, 43.231336], [141.367787, 43.267534], [141.372036, 43.273906], [141.387844, 43.287789], [141.424354, 43.330027], [141.421033, 43.341512], [141.427429, 43.355493], [141.425051, 43.356922], [141.425345, 43.358176], [141.428422, 43.359584], [141.42479, 43.37116], [141.431859, 43.389907], [141.428199, 43.398429], [141.428702, 43.402955], [141.4302, 43.403309], [141.427489, 43.421479], [141.398549, 43.462407], [141.396183, 43.470403], [141.392059, 43.472484], [141.392159, 43.476875], [141.389137, 43.476252], [141.387384, 43.481446], [141.374431, 43.491488], [141.371924, 43.501904], [141.358035, 43.517963], [141.361974, 43.531083], [141.360659, 43.538968], [141.37606, 43.557706], [141.383007, 43.575261], [141.385689, 43.589839], [141.38294, 43.603978], [141.381004, 43.605549], [141.380285, 43.607272], [141.364751, 43.618304], [141.360943, 43.631482], [141.351078, 43.643285], [141.349521, 43.667529], [141.338218, 43.685178], [141.338871, 43.693604], [141.328237, 43.714884], [141.328753, 43.724997], [141.337736, 43.73739], [141.34046, 43.740702], [141.3539, 43.758112], [141.362162, 43.762313], [141.363013, 43.769698], [141.367959, 43.773792], [141.365354, 43.776966], [141.370455, 43.777959], [141.371173, 43.783419], [141.368342, 43.785165], [141.372167, 43.792147], [141.387244, 43.806754], [141.412359, 43.814708], [141.43354, 43.826404], [141.446697, 43.828743], [141.456934, 43.835785], [141.466437, 43.833048], [141.493573, 43.836199], [141.510343, 43.856382], [141.536553, 43.859113], [141.534196, 43.854586], [141.531656, 43.854513], [141.529293, 43.856789], [141.529175, 43.853611], [141.53408, 43.851352], [141.535655, 43.854049], [141.537339, 43.851833], [141.543526, 43.854349], [141.548984, 43.861322], [141.560724, 43.858976], [141.565351, 43.86696], [141.576484, 43.868353], [141.588268, 43.882114], [141.597557, 43.884455], [141.607893, 43.903121], [141.618116, 43.917476], [141.628511, 43.924033], [141.630758, 43.935404], [141.633904, 43.936827], [141.633176, 43.943374], [141.628226, 43.947177], [141.632118, 43.950553], [141.631556, 43.952764], [141.63465, 43.95279], [141.63533, 43.952008], [141.637189, 43.945819], [141.644862, 43.944753], [141.646305, 43.946783], [141.638378, 43.950439], [141.641667, 43.959487], [141.641224, 43.960147], [141.645518, 43.971127], [141.638102, 43.970111], [141.633016, 43.97437], [141.646276, 43.975962], [141.64557, 43.982755], [141.651023, 43.993858], [141.65392, 43.985595], [141.651057, 43.994888], [141.650257, 43.999485], [141.657226, 44.002224], [141.659863, 44.008239], [141.662784, 44.043098], [141.661393, 44.086995], [141.65326, 44.140311], [141.653467, 44.158196], [141.654096, 44.154353], [141.658488, 44.163429], [141.656166, 44.208998], [141.656354, 44.209079], [141.652819, 44.223499], [141.657987, 44.242162], [141.647608, 44.291894], [141.647357, 44.316074], [141.654013, 44.319931], [141.652304, 44.317357], [141.648309, 44.315757], [141.648551, 44.314191], [141.65476, 44.315343], [141.653351, 44.317505], [141.661696, 44.31561], [141.671476, 44.323185], [141.685168, 44.346661], [141.68368, 44.347203], [141.690087, 44.363149], [141.695929, 44.371314], [141.693893, 44.378177], [141.695759, 44.376197], [141.696042, 44.371282], [141.69438, 44.368437], [141.698749, 44.36937], [141.69733, 44.372192], [141.702358, 44.373331], [141.697573, 44.374008], [141.7062, 44.376961], [141.710367, 44.39291], [141.737087, 44.415846], [141.747059, 44.432801], [141.760569, 44.472055], [141.764384, 44.511779], [141.761596, 44.535225], [141.76362, 44.533518], [141.765879, 44.537999], [141.768296, 44.557794], [141.771863, 44.563844], [141.7799, 44.566608], [141.786839, 44.584634], [141.792317, 44.642943], [141.792862, 44.642187], [141.785596, 44.707515], [141.777263, 44.725423], [141.781067, 44.723556], [141.782759, 44.728233], [141.777539, 44.757112], [141.763369, 44.807762], [141.745587, 44.860932], [141.740775, 44.867898], [141.7416, 44.868169], [141.736491, 44.871636], [141.73869, 44.872986], [141.735704, 44.875367], [141.735399, 44.87813], [141.73677, 44.879169], [141.738067, 44.880151], [141.737205, 44.885653], [141.718012, 44.929743], [141.663476, 45.031326], [141.66444, 45.03277], [141.634431, 45.078553], [141.625493, 45.084733], [141.628161, 45.084439], [141.628853, 45.083123], [141.631055, 45.083077], [141.629152, 45.086881], [141.584296, 45.160035], [141.579264, 45.176666], [141.581332, 45.176173], [141.579563, 45.176749], [141.56893, 45.198278], [141.572068, 45.235401], [141.603757, 45.266273], [141.617144, 45.286188], [141.619923, 45.295212], [141.617235, 45.305683], [141.611768, 45.308423], [141.61251, 45.309477], [141.610676, 45.312841], [141.620201, 45.312179], [141.63636, 45.325862], [141.652062, 45.345349], [141.657046, 45.359295], [141.656866, 45.370022], [141.637294, 45.389627], [141.634446, 45.404435], [141.633921, 45.421543], [141.643672, 45.442688], [141.644039, 45.448141], [141.647456, 45.449177], [141.658294, 45.440028], [141.661598, 45.439794], [141.661361, 45.438812], [141.664992, 45.436274], [141.665417, 45.43735], [141.675613, 45.421005], [141.689515, 45.418967], [141.696502, 45.415158], [141.694456, 45.415024], [141.68917, 45.418956], [141.680218, 45.418588], [141.685925, 45.415441], [141.680013, 45.412251], [141.679658, 45.414757], [141.678392, 45.414743], [141.677268, 45.40504], [141.68103, 45.403019], [141.679241, 45.411189], [141.685889, 45.410916], [141.682631, 45.404537], [141.686192, 45.403618], [141.688453, 45.408803], [141.691794, 45.40151], [141.694297, 45.405126], [141.700132, 45.402658], [141.702427, 45.405307], [141.70268, 45.401526], [141.706449, 45.401479], [141.706524, 45.40671], [141.708424, 45.396098], [141.727871, 45.397885], [141.74387, 45.403174], [141.74642, 45.413655], [141.756211, 45.408653], [141.756883, 45.406756], [141.765557, 45.404337], [141.797874, 45.407058], [141.837928, 45.421851], [141.864631, 45.440641], [141.878569, 45.461401], [141.874409, 45.465279], [141.875178, 45.466444], [141.874765, 45.477224], [141.879685, 45.482354], [141.879389, 45.486429], [141.876361, 45.486873], [141.878409, 45.494758], [141.892369, 45.502189], [141.892542, 45.510853], [141.9129, 45.51762], [141.927587, 45.517594], [141.936542, 45.522957], [141.946513, 45.522149], [141.945419, 45.520194], [141.942219, 45.520882], [141.944818, 45.516516], [141.949952, 45.52038], [141.950849, 45.516108], [141.961581, 45.510265], [141.969763, 45.482561], [141.992813, 45.462654], [142.018607, 45.453778], [142.023999, 45.446044], [142.024296, 45.436751], [142.034984, 45.430266], [142.033869, 45.426257], [142.035082, 45.424404], [142.033764, 45.420881], [142.038776, 45.424169], [142.038766, 45.42249], [142.033539, 45.420348], [142.03507, 45.417304], [142.051113, 45.400832], [142.050168, 45.402341], [142.088772, 45.380925], [142.096768, 45.382981], [142.091141, 45.379999], [142.095685, 45.379029], [142.095055, 45.381609], [142.101367, 45.374485], [142.161325, 45.343583], [142.168837, 45.34405], [142.168006, 45.342339], [142.165607, 45.341678], [142.168445, 45.339975], [142.171439, 45.343222], [142.170251, 45.338048], [142.234301, 45.274707], [142.242061, 45.272932], [142.240569, 45.268773], [142.263266, 45.245407], [142.344898, 45.174792], [142.385161, 45.139345], [142.396422, 45.135104], [142.395046, 45.134875], [142.396122, 45.130502], [142.411588, 45.116468], [142.482214, 45.061429], [142.503973, 45.059784], [142.470894, 45.050579], [142.503958, 45.059728], [142.498461, 45.05168], [142.504686, 45.044396], [142.509506, 45.044466], [142.507802, 45.040011], [142.515526, 45.038913], [142.513923, 45.037521], [142.518399, 45.035264], [142.518611, 45.036389], [142.516563, 45.037362], [142.515489, 45.038372], [142.519964, 45.039978], [142.517435, 45.037042], [142.518694, 45.03641], [142.518858, 45.032125], [142.534141, 45.028577], [142.531524, 45.025693], [142.531621, 45.0124], [142.541837, 45.003793], [142.536525, 44.999735], [142.540121, 44.991127], [142.541844, 44.990482], [142.562929, 44.977286], [142.565767, 44.969224], [142.578277, 44.961423], [142.584725, 44.96147], [142.578665, 44.955596], [142.579117, 44.948296], [142.589922, 44.939586], [142.585298, 44.934391], [142.586607, 44.933006], [142.58792, 44.926965], [142.595341, 44.930577], [142.590739, 44.926823], [142.586657, 44.926711], [142.58949, 44.917271], [142.613951, 44.893982], [142.632357, 44.887314], [142.635927, 44.882962], [142.636053, 44.876174], [142.64189, 44.873298], [142.640362, 44.871236], [142.651156, 44.854278], [142.658292, 44.849293], [142.658111, 44.841752], [142.674962, 44.835531], [142.676463, 44.831696], [142.68072, 44.831004], [142.683641, 44.820714], [142.702034, 44.807793], [142.701489, 44.797516], [142.717492, 44.785867], [142.721137, 44.78626], [142.720543, 44.782543], [142.727836, 44.77114], [142.737812, 44.76093], [142.774316, 44.736608], [142.776868, 44.729781], [142.784183, 44.726963], [142.804354, 44.709089], [142.812122, 44.706611], [142.815052, 44.709453], [142.81498, 44.70659], [142.818923, 44.709941], [142.816297, 44.702631], [142.830135, 44.691902], [142.837214, 44.691633], [142.84206, 44.687203], [142.852448, 44.677737], [142.862806, 44.675133], [142.870698, 44.662381], [142.893353, 44.651829], [142.89895, 44.643071], [142.917434, 44.629008], [142.927451, 44.628851], [142.933135, 44.622899], [142.932391, 44.614468], [142.940409, 44.608964], [142.945688, 44.608938], [142.948291, 44.605718], [142.94747, 44.60537], [142.944486, 44.608382], [142.942989, 44.608034], [142.944957, 44.603602], [142.943323, 44.602055], [142.954673, 44.598829], [142.960898, 44.58934], [142.964316, 44.590737], [142.96443, 44.589398], [142.96188, 44.588284], [142.966801, 44.585609], [142.964044, 44.584387], [142.989761, 44.560611], [143.045443, 44.529511], [143.055876, 44.527796], [143.061756, 44.530258], [143.064939, 44.530131], [143.060562, 44.523307], [143.063395, 44.519262], [143.100466, 44.497852], [143.214088, 44.440596], [143.220447, 44.439006], [143.223119, 44.441613], [143.232784, 44.432013], [143.232207, 44.428361], [143.229005, 44.431905], [143.22729, 44.429722], [143.230915, 44.428737], [143.228839, 44.427796], [143.231956, 44.423049], [143.276137, 44.400789], [143.272407, 44.392833], [143.276503, 44.400755], [143.348797, 44.37049], [143.356292, 44.360022], [143.364113, 44.35639], [143.365685, 44.35139], [143.3612, 44.355254], [143.356801, 44.352061], [143.360593, 44.352217], [143.361533, 44.347691], [143.360054, 44.34551], [143.365448, 44.342787], [143.364345, 44.337982], [143.371484, 44.339465], [143.376523, 44.333699], [143.374304, 44.330859], [143.408807, 44.310787], [143.559044, 44.252524], [143.619359, 44.232637], [143.623911, 44.234103], [143.620722, 44.231205], [143.628196, 44.232572], [143.628666, 44.228651], [143.64017, 44.224639], [143.776451, 44.184687], [143.782966, 44.184347], [143.783655, 44.179669], [143.781981, 44.179566], [143.776382, 44.181038], [143.774014, 44.181569], [143.769273, 44.183466], [143.764779, 44.184712], [143.76302, 44.185812], [143.753958, 44.187181], [143.744952, 44.187501], [143.744936, 44.186288], [143.739613, 44.186093], [143.739257, 44.187655], [143.734786, 44.187665], [143.730853, 44.187186], [143.728856, 44.186136], [143.725101, 44.190599], [143.719609, 44.194425], [143.712873, 44.195404], [143.707138, 44.195062], [143.704027, 44.194117], [143.697649, 44.194659], [143.689811, 44.194299], [143.686658, 44.196072], [143.684463, 44.198944], [143.682856, 44.199418], [143.679635, 44.199127], [143.677515, 44.19834], [143.673979, 44.19602], [143.66955, 44.190978], [143.668324, 44.188114], [143.668308, 44.185697], [143.669886, 44.180416], [143.672032, 44.181661], [143.671824, 44.183633], [143.674642, 44.183477], [143.676314, 44.179844], [143.679166, 44.177806], [143.683314, 44.173541], [143.685789, 44.169624], [143.691757, 44.167826], [143.693621, 44.166774], [143.697569, 44.165628], [143.698794, 44.164156], [143.703114, 44.160529], [143.705584, 44.159188], [143.706897, 44.157012], [143.705628, 44.152957], [143.706284, 44.150111], [143.708123, 44.150465], [143.709765, 44.148531], [143.710231, 44.146496], [143.709046, 44.144365], [143.710068, 44.141154], [143.711215, 44.139523], [143.713111, 44.139022], [143.715538, 44.136582], [143.719201, 44.135967], [143.721111, 44.133038], [143.722859, 44.131544], [143.722744, 44.129261], [143.723474, 44.126544], [143.722003, 44.125938], [143.721015, 44.123964], [143.720928, 44.120965], [143.72332, 44.116095], [143.72327, 44.11397], [143.726098, 44.112327], [143.728107, 44.108866], [143.731033, 44.106997], [143.733239, 44.107026], [143.734065, 44.10496], [143.735819, 44.105264], [143.736313, 44.112825], [143.733985, 44.112822], [143.735459, 44.117771], [143.734554, 44.12095], [143.737751, 44.120609], [143.742205, 44.120875], [143.746863, 44.121072], [143.751836, 44.119302], [143.754911, 44.117259], [143.755877, 44.115797], [143.75839, 44.115003], [143.759898, 44.111568], [143.758902, 44.107916], [143.757355, 44.106436], [143.756092, 44.102344], [143.757482, 44.099226], [143.760781, 44.097792], [143.764375, 44.097982], [143.767698, 44.101001], [143.769808, 44.104464], [143.773489, 44.106954], [143.776613, 44.107429], [143.77698, 44.105734], [143.775995, 44.103891], [143.776788, 44.102209], [143.779675, 44.100796], [143.781714, 44.100781], [143.781468, 44.098535], [143.784525, 44.096975], [143.788539, 44.096885], [143.790948, 44.095708], [143.793651, 44.096138], [143.798884, 44.095537], [143.80285, 44.096909], [143.804949, 44.096097], [143.808966, 44.096699], [143.81368, 44.098607], [143.819046, 44.10125], [143.825333, 44.103535], [143.829489, 44.104754], [143.834816, 44.106978], [143.840501, 44.107924], [143.844484, 44.107342], [143.850686, 44.104714], [143.853023, 44.104294], [143.855579, 44.102715], [143.860278, 44.100873], [143.868425, 44.100086], [143.875154, 44.098066], [143.888693, 44.099283], [143.897459, 44.102877], [143.903001, 44.105868], [143.910166, 44.109331], [143.91215, 44.107732], [143.909413, 44.106408], [143.905613, 44.105553], [143.906985, 44.102333], [143.907086, 44.098283], [143.912003, 44.09479], [143.915852, 44.092998], [143.925762, 44.092767], [143.929176, 44.091029], [143.928092, 44.08967], [143.934283, 44.085256], [143.938078, 44.08672], [143.943915, 44.085843], [143.950624, 44.090871], [143.955628, 44.095581], [143.961807, 44.103521], [143.966173, 44.112001], [143.96955, 44.120421], [143.970347, 44.123135], [143.970158, 44.126311], [143.971253, 44.130469], [143.975149, 44.133691], [143.978278, 44.132701], [143.978584, 44.131276], [143.984556, 44.131638], [143.987358, 44.129986], [143.991999, 44.131417], [144.000622, 44.130423], [144.004454, 44.131268], [144.000667, 44.132822], [143.998405, 44.132445], [143.9961, 44.133436], [143.991774, 44.133723], [143.984355, 44.135467], [143.97978, 44.135838], [143.972086, 44.136884], [143.963586, 44.136332], [143.96334, 44.135348], [143.966957, 44.133539], [143.969543, 44.133143], [143.968194, 44.131236], [143.966253, 44.130227], [143.965928, 44.128331], [143.962633, 44.133371], [143.9591, 44.135438], [143.955109, 44.136588], [143.952981, 44.136679], [143.950533, 44.138097], [143.940764, 44.141985], [143.934349, 44.143342], [143.933193, 44.144001], [143.928459, 44.14485], [143.924413, 44.145164], [143.923133, 44.144562], [143.91716, 44.144428], [143.910752, 44.142214], [143.906689, 44.143533], [143.902325, 44.146518], [143.897273, 44.148048], [143.89011, 44.149517], [143.879236, 44.152602], [143.874866, 44.153407], [143.866976, 44.156507], [143.858683, 44.160118], [143.851047, 44.162359], [143.842766, 44.16432], [143.839197, 44.164398], [143.834549, 44.166523], [143.826167, 44.168535], [143.815372, 44.171776], [143.810673, 44.172958], [143.806446, 44.17356], [143.797636, 44.176033], [143.793149, 44.175889], [143.787003, 44.176473], [143.789643, 44.181619], [143.798214, 44.177121], [143.878983, 44.158038], [143.999891, 44.133736], [144.07443, 44.123806], [144.097706, 44.126575], [144.100549, 44.129299], [144.103154, 44.125673], [144.104747, 44.126691], [144.107915, 44.12029], [144.12234, 44.115742], [144.178678, 44.104729], [144.185551, 44.106612], [144.188616, 44.103677], [144.190523, 44.10694], [144.19804, 44.103082], [144.21356, 44.101709], [144.236318, 44.106653], [144.243317, 44.113326], [144.247022, 44.11164], [144.254236, 44.099323], [144.257201, 44.085525], [144.251906, 44.061618], [144.261646, 44.056839], [144.254878, 44.038636], [144.273137, 44.023826], [144.284517, 44.02798], [144.291272, 44.024778], [144.288507, 44.024628], [144.284434, 44.026967], [144.277892, 44.023707], [144.284625, 44.019924], [144.287686, 44.023059], [144.292076, 44.018882], [144.28698, 44.021004], [144.289989, 44.016118], [144.282144, 44.011049], [144.287174, 44.006976], [144.288584, 44.010213], [144.289917, 44.007854], [144.28667, 44.003945], [144.301232, 43.991845], [144.296096, 43.988614], [144.29852, 43.982681], [144.324255, 43.969484], [144.327945, 43.968212], [144.326671, 43.964151], [144.318918, 43.963294], [144.318441, 43.962022], [144.320003, 43.960056], [144.316275, 43.958137], [144.31547, 43.957024], [144.316731, 43.955431], [144.314462, 43.952748], [144.317226, 43.951341], [144.319713, 43.952066], [144.323219, 43.954687], [144.324693, 43.954091], [144.327785, 43.954976], [144.328454, 43.956578], [144.327111, 43.958903], [144.327334, 43.960071], [144.329518, 43.962602], [144.332018, 43.963698], [144.327581, 43.965914], [144.328483, 43.968027], [144.363261, 43.956039], [144.359947, 43.954604], [144.358506, 43.951506], [144.354789, 43.949371], [144.35205, 43.948906], [144.345892, 43.946598], [144.345682, 43.944303], [144.348524, 43.943543], [144.349346, 43.941428], [144.3514, 43.942869], [144.35805, 43.944159], [144.359985, 43.945573], [144.363463, 43.94552], [144.364762, 43.944744], [144.368964, 43.944743], [144.373116, 43.942488], [144.374508, 43.939449], [144.377749, 43.937773], [144.384066, 43.935294], [144.380958, 43.934095], [144.379944, 43.932808], [144.380804, 43.930336], [144.383257, 43.927494], [144.38517, 43.927549], [144.386559, 43.925867], [144.388215, 43.925349], [144.394008, 43.925714], [144.400175, 43.927303], [144.400525, 43.928143], [144.405626, 43.928868], [144.411063, 43.93111], [144.414115, 43.932006], [144.418045, 43.93191], [144.422426, 43.930392], [144.420153, 43.927175], [144.424936, 43.92493], [144.428327, 43.922564], [144.42816, 43.920803], [144.430371, 43.91863], [144.433171, 43.9181], [144.435165, 43.917584], [144.438934, 43.914247], [144.439528, 43.916378], [144.442906, 43.919542], [144.441542, 43.9221], [144.436602, 43.923907], [144.432794, 43.923604], [144.431514, 43.922933], [144.430831, 43.924479], [144.435731, 43.926632], [144.438322, 43.929243], [144.441147, 43.930783], [144.441805, 43.932119], [144.438742, 43.934747], [144.43628, 43.933998], [144.420641, 43.934543], [144.417625, 43.936197], [144.413216, 43.936598], [144.408069, 43.938399], [144.407753, 43.941024], [144.402444, 43.940533], [144.394689, 43.942163], [144.387949, 43.942218], [144.383419, 43.94279], [144.379249, 43.945027], [144.378192, 43.946131], [144.379078, 43.948217], [144.3774, 43.950158], [144.372376, 43.95057], [144.369462, 43.951277], [144.368791, 43.949331], [144.366855, 43.948828], [144.360072, 43.952932], [144.359823, 43.953466], [144.363132, 43.955788], [144.446036, 43.936275], [144.554194, 43.92131], [144.65966, 43.916944], [144.660282, 43.915472], [144.663408, 43.919885], [144.6683, 43.919431], [144.668468, 43.91874], [144.680606, 43.917638], [144.734989, 43.921635], [144.795289, 43.931393], [144.805736, 43.942561], [144.834055, 43.951359], [144.835797, 43.956591], [144.833516, 43.960588], [144.848707, 43.973652], [144.880356, 43.985446], [144.885547, 43.991334], [144.91418, 44.007421], [144.924643, 44.019791], [144.935627, 44.043078], [144.945424, 44.039576], [144.958325, 44.048498], [144.960478, 44.054918], [144.976396, 44.0624], [144.976447, 44.067774], [144.987659, 44.066741], [144.989788, 44.06775], [144.987283, 44.070312], [144.992678, 44.070357], [144.989182, 44.072514], [144.984896, 44.070952], [144.990842, 44.07637], [144.993444, 44.074925], [144.998196, 44.073788], [145.005134, 44.079005], [145.00992, 44.085339], [145.009186, 44.09509], [145.01525, 44.100129], [145.019564, 44.09903], [145.019305, 44.102305], [145.026288, 44.103253], [145.026289, 44.105708], [145.041019, 44.10768], [145.055474, 44.119875], [145.063652, 44.124243], [145.0694, 44.123769], [145.079503, 44.13678], [145.086863, 44.137067], [145.097863, 44.148148], [145.118241, 44.155305], [145.122654, 44.16059], [145.12035, 44.163712], [145.131265, 44.164575], [145.135802, 44.170564], [145.14779, 44.174069], [145.156239, 44.181591], [145.191933, 44.195345], [145.22267, 44.236075], [145.221525, 44.239561], [145.226483, 44.243319], [145.22545, 44.247984], [145.22977, 44.252609], [145.257864, 44.269499], [145.25882, 44.274915], [145.26702, 44.283088], [145.271836, 44.282888], [145.280875, 44.290075], [145.281838, 44.296403], [145.288888, 44.299235], [145.286442, 44.303277], [145.290884, 44.309401], [145.298124, 44.308271], [145.306273, 44.31231], [145.310232, 44.318823], [145.308021, 44.324377], [145.312177, 44.326046], [145.313727, 44.333223], [145.31972, 44.335524], [145.320693, 44.340528], [145.329333, 44.345238], [145.336765, 44.343044], [145.32579, 44.325501], [145.337644, 44.341313], [145.34428, 44.339445], [145.340948, 44.326749], [145.350193, 44.32114], [145.351804, 44.315948], [145.34619, 44.310796], [145.348761, 44.29457], [145.354628, 44.289327], [145.353407, 44.286697], [145.360126, 44.273747], [145.367801, 44.270551], [145.365028, 44.26227], [145.366805, 44.258203], [145.361214, 44.255329], [145.361651, 44.251029], [145.347367, 44.241304], [145.350055, 44.233653], [145.345927, 44.228506], [145.348239, 44.223019], [145.337366, 44.213442], [145.328933, 44.191502], [145.319273, 44.187873], [145.306624, 44.168802], [145.296581, 44.164134], [145.286351, 44.150808], [145.259522, 44.133035], [145.240053, 44.089354], [145.241599, 44.077871], [145.245257, 44.073034], [145.243166, 44.072454], [145.244826, 44.067762], [145.238997, 44.064021], [145.238716, 44.057529], [145.222622, 44.037148], [145.204896, 44.029351], [145.20247, 44.026485], [145.205118, 44.02438], [145.203693, 44.020082], [145.202845, 44.02553], [145.200069, 44.021847], [145.203001, 44.021303], [145.198319, 44.019522], [145.196025, 44.017913], [145.192983, 44.017925], [145.181917, 44.008463], [145.17856, 44.000284], [145.165097, 43.986491], [145.166656, 43.989641], [145.155197, 43.982758], [145.149599, 43.971614], [145.142239, 43.968488], [145.140109, 43.962913], [145.127574, 43.946005], [145.118618, 43.923076], [145.110646, 43.916136], [145.106522, 43.904807], [145.093853, 43.890884], [145.096734, 43.873278], [145.095501, 43.875181], [145.093318, 43.872457], [145.098547, 43.86092], [145.083657, 43.820923], [145.061118, 43.806055], [145.065673, 43.793988], [145.064807, 43.794218], [145.059055, 43.784588], [145.069069, 43.747956], [145.094246, 43.725575], [145.096451, 43.718019], [145.120788, 43.686051], [145.125239, 43.675766], [145.138419, 43.66594], [145.139209, 43.66466], [145.127461, 43.66999], [145.131257, 43.665834], [145.134779, 43.66663], [145.136019, 43.665644], [145.13348, 43.661452], [145.139049, 43.658268], [145.136, 43.655521], [145.139735, 43.649072], [145.163118, 43.639156], [145.245576, 43.613747], [145.229425, 43.614382], [145.224793, 43.619919], [145.213629, 43.622542], [145.196827, 43.622783], [145.193601, 43.619839], [145.200962, 43.616412], [145.201684, 43.60924], [145.198632, 43.608092], [145.195091, 43.605011], [145.195376, 43.599474], [145.210912, 43.58929], [145.218766, 43.587598], [145.214278, 43.57736], [145.22567, 43.568286], [145.22383, 43.562525], [145.221815, 43.562415], [145.222073, 43.557914], [145.238123, 43.540104], [145.245165, 43.52416], [145.246964, 43.500123], [145.259358, 43.462958], [145.263151, 43.435398], [145.28149, 43.395995], [145.286849, 43.389622], [145.291656, 43.388308], [145.290979, 43.380442], [145.325746, 43.341634], [145.357666, 43.318159], [145.378582, 43.306959], [145.390444, 43.294961], [145.385934, 43.297384], [145.382928, 43.297083], [145.380867, 43.298722], [145.381215, 43.302602], [145.378989, 43.304056], [145.377871, 43.306029], [145.374841, 43.306982], [145.372716, 43.309145], [145.367288, 43.311139], [145.365533, 43.312546], [145.363377, 43.312923], [145.361892, 43.31487], [145.358358, 43.316113], [145.359683, 43.312765], [145.358012, 43.312236], [145.354971, 43.312866], [145.352916, 43.313891], [145.351315, 43.316709], [145.347989, 43.316563], [145.346688, 43.319989], [145.343686, 43.322977], [145.337928, 43.327332], [145.334772, 43.327534], [145.333517, 43.325661], [145.335185, 43.321415], [145.334505, 43.320109], [145.330509, 43.320865], [145.327505, 43.323833], [145.325604, 43.324394], [145.320885, 43.324704], [145.32194, 43.326549], [145.316874, 43.329638], [145.310462, 43.329773], [145.307761, 43.331461], [145.306321, 43.334797], [145.305786, 43.340964], [145.307293, 43.344275], [145.306824, 43.346385], [145.304414, 43.348953], [145.30302, 43.349396], [145.300302, 43.347846], [145.295187, 43.35266], [145.290554, 43.353587], [145.28206, 43.356181], [145.273565, 43.357486], [145.266258, 43.357933], [145.248768, 43.357998], [145.245624, 43.357441], [145.24229, 43.355521], [145.240845, 43.35584], [145.238713, 43.354643], [145.238303, 43.352454], [145.235354, 43.350603], [145.236596, 43.347315], [145.235283, 43.346076], [145.235513, 43.344446], [145.233638, 43.340193], [145.232373, 43.339106], [145.231988, 43.33576], [145.23096, 43.333445], [145.234255, 43.33228], [145.236395, 43.33093], [145.241123, 43.326763], [145.240824, 43.324361], [145.242823, 43.322114], [145.243267, 43.317083], [145.246279, 43.315508], [145.247726, 43.316926], [145.246741, 43.317854], [145.246063, 43.321264], [145.246671, 43.322496], [145.248617, 43.322978], [145.251646, 43.322533], [145.257012, 43.322509], [145.25858, 43.324775], [145.264084, 43.324466], [145.270864, 43.321676], [145.274445, 43.322728], [145.277847, 43.322643], [145.284121, 43.324151], [145.289093, 43.32432], [145.296229, 43.322976], [145.302365, 43.322098], [145.305413, 43.321069], [145.309177, 43.318852], [145.319639, 43.314812], [145.325697, 43.312866], [145.33321, 43.308128], [145.334119, 43.305748], [145.329803, 43.301364], [145.326398, 43.303154], [145.32251, 43.303492], [145.317822, 43.305849], [145.313581, 43.307239], [145.307538, 43.308139], [145.306441, 43.308627], [145.299556, 43.307013], [145.296661, 43.307368], [145.294167, 43.308915], [145.29349, 43.306726], [145.295353, 43.306496], [145.299838, 43.301941], [145.302004, 43.297674], [145.302858, 43.293088], [145.302066, 43.290291], [145.299718, 43.289509], [145.296277, 43.290106], [145.293067, 43.288125], [145.294543, 43.285323], [145.296978, 43.284248], [145.299634, 43.283956], [145.303098, 43.282692], [145.306385, 43.280726], [145.309664, 43.278009], [145.309787, 43.276641], [145.31262, 43.275871], [145.319071, 43.27595], [145.322658, 43.277458], [145.319356, 43.281244], [145.320618, 43.282983], [145.326129, 43.284733], [145.330386, 43.284739], [145.334889, 43.283743], [145.347398, 43.279405], [145.350939, 43.278798], [145.357667, 43.278398], [145.363009, 43.276114], [145.367597, 43.273633], [145.370623, 43.271411], [145.379493, 43.268274], [145.3824, 43.265498], [145.385202, 43.263449], [145.387581, 43.263113], [145.389191, 43.263964], [145.390922, 43.262746], [145.392931, 43.264693], [145.396302, 43.265954], [145.402761, 43.266184], [145.413818, 43.265985], [145.423175, 43.265645], [145.427532, 43.265009], [145.43105, 43.264025], [145.434088, 43.26371], [145.438924, 43.262264], [145.442712, 43.262202], [145.450902, 43.264205], [145.458069, 43.262788], [145.460717, 43.263632], [145.462707, 43.26517], [145.470231, 43.268662], [145.473193, 43.271271], [145.481029, 43.273443], [145.486318, 43.267177], [145.487059, 43.264058], [145.488869, 43.261529], [145.492537, 43.2602], [145.495909, 43.260384], [145.501108, 43.259076], [145.508191, 43.254541], [145.508553, 43.253498], [145.506829, 43.24894], [145.512426, 43.246185], [145.51394, 43.243676], [145.513687, 43.242297], [145.515411, 43.237761], [145.512841, 43.236023], [145.510535, 43.233756], [145.509874, 43.231573], [145.511542, 43.23079], [145.51607, 43.230121], [145.519507, 43.230335], [145.521583, 43.231905], [145.522098, 43.233975], [145.524081, 43.236704], [145.527563, 43.239698], [145.5313, 43.242073], [145.531154, 43.243575], [145.529178, 43.24429], [145.527563, 43.247902], [145.524198, 43.251888], [145.523926, 43.255673], [145.520516, 43.258334], [145.516528, 43.262548], [145.514988, 43.263286], [145.514211, 43.265124], [145.509275, 43.269419], [145.502062, 43.267094], [145.500053, 43.265643], [145.494333, 43.265118], [145.492184, 43.266477], [145.504775, 43.279], [145.505063, 43.285104], [145.513757, 43.296004], [145.523912, 43.300133], [145.5223, 43.30704], [145.531627, 43.313886], [145.537302, 43.311019], [145.552366, 43.317792], [145.55418, 43.321231], [145.550405, 43.325038], [145.565467, 43.326], [145.577297, 43.333843], [145.580816, 43.342503], [145.581451, 43.338924], [145.586522, 43.340467], [145.579708, 43.346544], [145.623835, 43.36338], [145.627381, 43.368872], [145.638439, 43.373586], [145.63916, 43.379788], [145.650624, 43.391451], [145.666502, 43.392334], [145.672713, 43.386709], [145.679483, 43.389267], [145.696573, 43.38374], [145.72136, 43.383122], [145.728929, 43.386106], [145.733626, 43.393855], [145.736358, 43.389688], [145.750994, 43.389813], [145.750525, 43.391707], [145.744897, 43.392221], [145.757349, 43.399479], [145.76284, 43.398725], [145.759961, 43.394157], [145.764861, 43.391006], [145.773568, 43.393109], [145.773239, 43.38976], [145.785652, 43.386252], [145.789822, 43.387608], [145.785147, 43.388886], [145.78869, 43.389816], [145.790455, 43.386955], [145.808266, 43.387971], [145.817458, 43.385398], [145.806407, 43.377285], [145.808647, 43.371777], [145.81212, 43.369503], [145.810999, 43.367689], [145.800688, 43.362086], [145.789415, 43.360953], [145.785478, 43.354299], [145.774263, 43.347033], [145.764691, 43.344908], [145.764854, 43.344271], [145.753405, 43.338557], [145.756727, 43.335394], [145.738816, 43.339144], [145.730732, 43.328222], [145.727468, 43.328505], [145.728618, 43.332213], [145.7232, 43.335955], [145.707768, 43.335174], [145.701876, 43.328218], [145.688765, 43.327641], [145.680554, 43.323556], [145.676257, 43.318829], [145.68069, 43.314661], [145.676694, 43.311518], [145.659532, 43.321033], [145.629776, 43.319083], [145.608786, 43.309818], [145.607037, 43.304328], [145.611191, 43.300103], [145.602994, 43.29337], [145.597382, 43.29495], [145.600317, 43.28994], [145.590376, 43.278078], [145.58111, 43.282501], [145.575182, 43.278606], [145.575048, 43.280771], [145.580848, 43.282738], [145.581922, 43.284131], [145.567922, 43.283039], [145.565785, 43.280895], [145.567781, 43.278005], [145.564457, 43.276473], [145.566267, 43.271752], [145.557835, 43.26114], [145.553666, 43.236183], [145.548379, 43.22933], [145.550244, 43.222728], [145.556471, 43.218846], [145.529512, 43.208127], [145.527618, 43.203509], [145.529302, 43.202691], [145.528589, 43.199616], [145.534223, 43.199014], [145.535096, 43.193772], [145.529409, 43.185976], [145.517798, 43.186215], [145.515523, 43.190441], [145.509238, 43.188281], [145.508175, 43.177958], [145.514335, 43.183809], [145.510592, 43.178004], [145.523918, 43.173768], [145.522255, 43.166405], [145.495939, 43.158685], [145.496473, 43.163948], [145.493093, 43.166783], [145.503651, 43.169489], [145.499413, 43.178886], [145.487473, 43.186299], [145.465213, 43.189062], [145.412385, 43.187067], [145.371079, 43.182639], [145.352874, 43.177758], [145.344777, 43.179586], [145.337207, 43.173496], [145.332926, 43.174962], [145.329626, 43.172021], [145.32585, 43.174004], [145.326228, 43.173456], [145.317612, 43.166885], [145.310935, 43.16744], [145.311312, 43.169811], [145.305817, 43.171681], [145.288796, 43.171561], [145.244206, 43.157198], [145.230062, 43.14876], [145.225336, 43.141941], [145.200685, 43.135903], [145.183351, 43.139732], [145.184327, 43.142703], [145.17915, 43.143979], [145.177788, 43.148372], [145.172059, 43.149238], [145.171505, 43.148062], [145.16864, 43.150408], [145.14634, 43.145147], [145.131233, 43.133584], [145.12132, 43.131679], [145.116504, 43.125506], [145.119551, 43.124108], [145.117815, 43.121575], [145.11238, 43.120351], [145.109731, 43.110738], [145.109724, 43.098701], [145.114471, 43.085011], [145.11681, 43.084228], [145.116955, 43.081889], [145.130344, 43.081606], [145.13415, 43.08506], [145.138209, 43.080737], [145.162185, 43.084211], [145.164891, 43.078546], [145.172648, 43.076034], [145.156711, 43.077721], [145.150148, 43.074743], [145.150672, 43.070136], [145.12496, 43.067378], [145.129363, 43.071797], [145.124471, 43.077293], [145.118321, 43.078917], [145.11399, 43.078431], [145.110962, 43.079622], [145.096817, 43.076198], [145.087084, 43.065493], [145.089731, 43.057884], [145.08549, 43.053975], [145.088259, 43.051434], [145.085864, 43.044926], [145.061251, 43.040554], [145.050071, 43.030743], [145.031632, 43.029623], [145.02967, 43.026947], [145.029776, 43.022898], [145.025597, 43.023085], [145.023833, 43.019582], [145.025544, 43.013295], [145.030462, 43.010841], [145.025719, 43.006023], [145.024947, 42.999969], [145.001492, 42.991016], [144.995527, 42.993704], [144.973689, 42.981261], [144.96059, 42.980091], [144.95533, 42.985376], [144.946995, 42.983102], [144.928897, 42.990484], [144.922655, 42.980822], [144.919282, 42.986004], [144.90874, 42.986168], [144.904037, 42.989676], [144.883455, 42.984883], [144.876123, 42.986295], [144.874948, 42.992776], [144.867739, 42.995106], [144.871508, 42.995524], [144.854154, 43.001419], [144.859041, 43.005286], [144.853761, 43.01223], [144.843075, 43.015675], [144.832301, 43.014222], [144.838415, 43.024204], [144.830977, 43.035635], [144.835326, 43.036816], [144.836094, 43.033867], [144.846477, 43.042435], [144.841489, 43.043762], [144.843616, 43.045566], [144.851857, 43.045365], [144.854176, 43.043858], [144.854399, 43.042503], [144.858064, 43.038981], [144.858409, 43.036415], [144.860455, 43.032853], [144.864568, 43.029352], [144.866688, 43.029052], [144.869554, 43.029902], [144.873451, 43.029798], [144.878758, 43.025686], [144.879859, 43.023804], [144.882998, 43.021719], [144.890435, 43.019866], [144.891788, 43.020036], [144.896845, 43.017119], [144.899174, 43.016784], [144.905168, 43.017386], [144.909473, 43.018693], [144.914695, 43.02263], [144.91569, 43.024503], [144.915096, 43.027809], [144.918175, 43.029029], [144.922916, 43.028738], [144.925988, 43.026708], [144.931129, 43.025505], [144.933536, 43.026844], [144.93582, 43.030073], [144.935384, 43.032684], [144.933942, 43.03589], [144.934602, 43.038513], [144.938847, 43.040622], [144.941676, 43.041584], [144.943523, 43.043363], [144.941323, 43.045562], [144.938892, 43.049448], [144.938891, 43.051209], [144.936624, 43.05216], [144.935572, 43.053856], [144.933466, 43.05499], [144.929127, 43.055991], [144.921103, 43.062373], [144.918851, 43.063743], [144.910898, 43.066893], [144.907226, 43.067883], [144.898664, 43.069564], [144.892402, 43.069958], [144.889029, 43.069795], [144.883595, 43.068996], [144.876842, 43.070481], [144.871262, 43.07221], [144.866999, 43.072528], [144.864502, 43.071906], [144.863075, 43.074244], [144.856678, 43.074572], [144.853611, 43.075301], [144.851568, 43.073936], [144.850115, 43.070179], [144.850396, 43.067921], [144.851793, 43.06651], [144.852082, 43.063866], [144.849471, 43.059631], [144.850393, 43.058134], [144.848619, 43.056916], [144.853726, 43.052866], [144.857227, 43.051587], [144.857113, 43.048848], [144.854317, 43.048734], [144.828705, 43.057666], [144.813639, 43.059235], [144.788757, 43.056449], [144.780041, 43.050327], [144.781999, 43.053702], [144.778154, 43.05194], [144.778673, 43.049621], [144.74525, 43.02321], [144.730189, 43.001709], [144.729354, 43.001531], [144.729751, 43.001099], [144.722109, 42.984878], [144.724433, 42.973758], [144.726734, 42.976014], [144.728298, 42.971371], [144.740238, 42.966167], [144.747944, 42.955481], [144.756423, 42.954483], [144.759135, 42.950048], [144.78558, 42.936703], [144.774223, 42.932749], [144.720193, 42.935335], [144.719534, 42.935062], [144.674783, 42.939068], [144.664875, 42.94529], [144.640449, 42.945977], [144.630237, 42.95151], [144.583828, 42.948202], [144.570308, 42.950732], [144.551451, 42.946765], [144.531962, 42.951038], [144.528419, 42.951346], [144.485734, 42.939412], [144.461213, 42.944899], [144.448365, 42.94444], [144.445114, 42.94738], [144.444751, 42.944769], [144.439488, 42.952051], [144.422978, 42.952458], [144.404561, 42.957766], [144.39358, 42.96565], [144.388079, 42.966469], [144.388313, 42.969453], [144.374568, 42.967471], [144.36264, 42.970497], [144.361617, 42.971346], [144.370853, 42.97475], [144.372838, 42.975757], [144.372081, 42.978025], [144.369945, 42.977381], [144.371729, 42.985628], [144.367445, 42.984488], [144.368736, 42.987957], [144.365718, 42.990328], [144.361709, 42.986958], [144.360099, 42.992253], [144.363785, 42.993552], [144.359847, 42.995279], [144.357066, 42.993523], [144.359971, 42.989319], [144.352577, 42.996073], [144.3415, 42.990358], [144.351957, 42.997823], [144.340587, 42.993887], [144.337424, 42.994517], [144.340242, 42.999201], [144.336973, 42.999624], [144.334588, 42.995672], [144.328782, 42.996409], [144.331179, 43.000366], [144.328688, 43.000686], [144.326291, 42.996727], [144.322657, 42.997202], [144.323736, 43.001318], [144.32008, 43.001614], [144.314229, 42.994463], [144.314268, 43.00236], [144.305546, 43.003524], [144.297172, 43.000437], [144.296746, 43.003278], [144.286433, 43.00413], [144.228638, 42.997245], [144.222553, 43.00537], [144.228571, 42.997256], [144.181471, 42.987817], [144.144742, 42.976738], [144.08694, 42.949941], [144.084343, 42.951189], [144.088616, 42.952534], [144.078889, 42.952901], [144.004685, 42.920653], [143.917486, 42.873721], [143.869346, 42.842253], [143.821528, 42.807261], [143.820968, 42.805359], [143.818077, 42.803736], [143.819085, 42.80289], [143.81259, 42.799916], [143.764541, 42.763288], [143.676551, 42.70593], [143.690753, 42.712966], [143.668741, 42.693747], [143.641978, 42.676015], [143.647132, 42.669842], [143.641915, 42.672408], [143.641517, 42.675775], [143.636716, 42.672622], [143.631729, 42.66991], [143.578246, 42.624837], [143.524157, 42.573469], [143.49965, 42.548386], [143.498012, 42.549963], [143.495016, 42.55713], [143.49532, 42.55956], [143.490112, 42.562395], [143.485513, 42.559784], [143.480745, 42.553827], [143.48609, 42.554514], [143.487482, 42.554081], [143.490189, 42.551369], [143.4912, 42.547488], [143.495632, 42.54548], [143.488113, 42.536578], [143.477647, 42.525865], [143.473858, 42.526341], [143.468589, 42.531404], [143.465791, 42.531668], [143.46297, 42.533558], [143.459123, 42.534216], [143.460644, 42.532056], [143.458531, 42.529536], [143.461746, 42.529969], [143.465145, 42.529694], [143.466012, 42.528371], [143.468969, 42.526217], [143.470437, 42.524389], [143.474505, 42.52265], [143.459388, 42.507177], [143.434625, 42.478438], [143.434303, 42.473089], [143.395488, 42.425903], [143.393422, 42.4216], [143.395495, 42.420299], [143.39324, 42.418128], [143.389072, 42.414906], [143.388126, 42.416412], [143.327968, 42.315822], [143.325972, 42.307666], [143.335547, 42.30392], [143.340135, 42.300866], [143.327655, 42.306868], [143.326395, 42.305008], [143.332983, 42.302825], [143.331282, 42.300371], [143.324061, 42.299423], [143.328699, 42.294896], [143.320795, 42.297564], [143.323147, 42.290986], [143.319493, 42.290559], [143.323577, 42.286878], [143.326225, 42.292214], [143.339719, 42.296066], [143.325906, 42.290845], [143.322791, 42.285163], [143.319548, 42.28102], [143.309098, 42.257745], [143.308102, 42.243731], [143.314894, 42.235726], [143.315535, 42.227356], [143.32076, 42.223423], [143.322245, 42.224195], [143.323691, 42.222763], [143.319772, 42.222181], [143.32046, 42.209397], [143.335969, 42.201609], [143.33287, 42.193078], [143.335999, 42.186943], [143.333622, 42.174713], [143.324103, 42.16004], [143.322614, 42.154762], [143.326194, 42.151988], [143.321788, 42.146256], [143.31679, 42.122971], [143.323091, 42.115542], [143.316655, 42.105052], [143.316173, 42.09563], [143.307524, 42.075812], [143.312322, 42.06336], [143.309387, 42.059045], [143.312134, 42.053879], [143.308333, 42.050701], [143.309993, 42.047499], [143.300325, 42.044126], [143.294101, 42.043031], [143.297799, 42.0407], [143.29334, 42.040612], [143.287771, 42.033156], [143.289694, 42.028323], [143.271115, 42.018521], [143.256437, 41.998049], [143.240589, 41.948329], [143.240716, 41.941909], [143.246371, 41.935531], [143.244066, 41.933466], [143.249361, 41.924434], [143.24172, 41.924461], [143.229133, 41.939115], [143.222712, 41.941813], [143.220091, 41.947613], [143.215591, 41.947411], [143.215251, 41.951434], [143.196256, 41.95764], [143.193554, 41.963813], [143.182476, 41.967264], [143.177605, 41.975128], [143.16359, 41.98273], [143.158502, 42.000831], [143.13426, 42.027838], [143.112202, 42.040672], [143.101618, 42.043069], [143.095128, 42.050185], [143.067856, 42.061024], [143.06996, 42.063139], [143.063534, 42.061436], [143.062778, 42.064749], [143.037351, 42.074764], [143.008879, 42.080983], [143.000152, 42.087132], [142.998219, 42.094043], [142.97789, 42.101962], [142.966857, 42.117088], [142.96132, 42.119853], [142.930439, 42.125858], [142.921829, 42.123958], [142.92172, 42.119784], [142.918264, 42.122694], [142.919535, 42.126031], [142.912315, 42.127629], [142.916323, 42.124314], [142.911088, 42.123963], [142.911124, 42.126875], [142.912317, 42.130169], [142.907286, 42.132868], [142.87561, 42.131352], [142.863805, 42.136091], [142.814959, 42.141524], [142.787794, 42.156299], [142.755574, 42.164827], [142.760948, 42.164761], [142.766401, 42.163477], [142.769205, 42.161955], [142.771091, 42.163847], [142.770514, 42.16671], [142.767785, 42.164062], [142.763173, 42.170439], [142.763802, 42.170841], [142.759426, 42.17504], [142.737147, 42.176474], [142.716193, 42.185858], [142.697964, 42.184993], [142.700517, 42.185883], [142.690013, 42.191679], [142.670468, 42.191614], [142.657724, 42.198939], [142.661345, 42.198159], [142.649134, 42.208936], [142.628386, 42.222587], [142.613868, 42.224246], [142.616643, 42.225225], [142.583941, 42.243666], [142.555731, 42.247996], [142.553411, 42.246252], [142.550804, 42.24992], [142.547762, 42.248383], [142.511888, 42.265939], [142.499434, 42.267182], [142.495378, 42.265592], [142.482061, 42.269818], [142.484533, 42.27017], [142.448208, 42.29628], [142.452235, 42.294908], [142.44692, 42.302873], [142.430317, 42.308154], [142.406506, 42.308547], [142.394961, 42.315908], [142.373147, 42.32413], [142.372411, 42.323701], [142.362055, 42.33394], [142.334544, 42.345013], [142.345574, 42.356853], [142.336615, 42.347262], [142.334302, 42.345114], [142.317819, 42.356187], [142.274388, 42.376423], [142.278281, 42.376891], [142.266045, 42.390561], [142.225461, 42.416992], [142.222245, 42.422583], [142.223376, 42.422396], [142.217049, 42.427542], [142.206772, 42.432302], [142.208782, 42.433007], [142.206579, 42.434913], [142.207089, 42.438038], [142.194226, 42.447953], [142.169064, 42.459312], [142.132812, 42.467241], [142.075824, 42.470022], [142.070215, 42.471602], [142.074651, 42.47418], [142.068599, 42.478437], [142.027342, 42.485068], [142.023649, 42.490103], [142.014129, 42.493112], [142.016425, 42.493345], [142.018366, 42.494741], [142.015302, 42.49933], [141.982017, 42.515997], [141.96694, 42.528513], [141.962605, 42.535402], [141.937986, 42.545189], [141.935037, 42.547433], [141.943071, 42.546308], [141.925978, 42.558611], [141.917961, 42.560327], [141.905107, 42.576708], [141.876808, 42.586525], [141.82064, 42.604071], [141.817711, 42.601005], [141.816764, 42.601579], [141.819399, 42.604609], [141.81672, 42.606519], [141.820602, 42.61182], [141.816086, 42.613308], [141.798851, 42.602249], [141.781195, 42.606902], [141.785909, 42.615653], [141.777962, 42.616874], [141.776786, 42.614355], [141.768976, 42.617975], [141.740536, 42.623547], [141.735979, 42.623484], [141.734489, 42.620645], [141.733459, 42.624613], [141.716217, 42.627444], [141.645343, 42.629687], [141.630358, 42.627155], [141.630063, 42.627778], [141.639809, 42.63105], [141.638176, 42.632709], [141.642025, 42.635197], [141.698424, 42.652531], [141.695406, 42.657396], [141.634199, 42.637001], [141.630293, 42.636418], [141.625152, 42.644244], [141.623134, 42.643318], [141.620973, 42.641291], [141.624231, 42.630351], [141.62089, 42.62987], [141.623057, 42.626998], [141.620824, 42.626877], [141.618415, 42.628205], [141.616887, 42.627094], [141.617264, 42.623725], [141.620072, 42.621241], [141.611563, 42.62038], [141.6106, 42.627212], [141.524506, 42.611976], [141.461806, 42.592511], [141.424668, 42.576866], [141.424281, 42.577351], [141.418517, 42.575318], [141.422897, 42.579185], [141.325789, 42.528732], [141.321795, 42.525512], [141.324305, 42.524163], [141.319358, 42.523582], [141.322179, 42.520662], [141.316544, 42.520413], [141.313744, 42.521541], [141.31221, 42.521306], [141.30741, 42.517897], [141.300973, 42.514785], [141.206038, 42.453388], [141.191929, 42.452249], [141.189888, 42.452736], [141.182422, 42.456269], [141.189139, 42.452557], [141.184809, 42.449647], [141.186493, 42.448147], [141.180032, 42.448303], [141.1657, 42.439569], [141.162092, 42.44196], [141.155607, 42.440253], [141.102292, 42.400731], [141.097623, 42.4001], [141.053049, 42.358075], [141.051733, 42.3551], [141.054389, 42.352101], [141.044197, 42.356428], [141.054296, 42.351593], [141.043136, 42.349859], [141.033666, 42.341258], [141.034734, 42.335512], [141.030725, 42.337003], [141.031465, 42.335025], [141.02339, 42.332545], [141.009122, 42.317307], [141.007216, 42.312694], [141.011417, 42.310887], [141.009053, 42.304194], [141.00478, 42.30464], [141.002541, 42.300992], [140.984099, 42.304418], [140.981228, 42.307751], [140.967955, 42.307508], [140.966268, 42.31497], [140.952106, 42.318538], [140.947573, 42.316619], [140.930349, 42.335409], [140.930873, 42.340457], [140.93262, 42.338221], [140.935519, 42.338868], [140.936761, 42.34008], [140.942651, 42.341645], [140.941755, 42.346613], [140.950958, 42.347466], [140.950625, 42.345197], [140.953842, 42.345209], [140.952167, 42.342613], [140.956502, 42.343928], [140.956884, 42.340059], [140.959736, 42.342658], [140.961581, 42.340878], [140.958083, 42.339609], [140.961535, 42.335368], [140.962544, 42.340006], [140.965353, 42.337247], [140.966851, 42.336827], [140.966961, 42.333304], [140.969463, 42.334412], [140.971797, 42.330626], [140.971516, 42.327299], [140.972431, 42.323629], [140.976009, 42.323596], [140.976824, 42.327787], [140.981738, 42.323128], [140.979258, 42.328069], [140.98418, 42.3268], [140.986866, 42.332225], [140.98176, 42.335987], [140.980388, 42.343119], [140.979599, 42.343367], [141.00755, 42.348274], [141.001672, 42.350816], [140.976452, 42.348666], [140.975795, 42.352602], [140.980713, 42.352883], [140.981909, 42.358661], [140.971575, 42.355579], [140.917058, 42.369165], [140.917854, 42.37168], [140.915334, 42.37132], [140.914928, 42.372382], [140.908317, 42.379677], [140.915294, 42.379852], [140.908284, 42.379951], [140.901243, 42.416113], [140.896552, 42.417647], [140.896062, 42.419953], [140.898283, 42.42074], [140.895842, 42.427064], [140.874049, 42.458009], [140.864368, 42.464856], [140.858984, 42.465592], [140.85802, 42.46302], [140.855987, 42.46673], [140.855449, 42.46352], [140.854264, 42.463846], [140.85434, 42.466665], [140.834216, 42.473439], [140.818219, 42.487207], [140.808847, 42.489696], [140.806941, 42.49183], [140.807802, 42.494486], [140.80044, 42.49924], [140.788211, 42.501388], [140.780005, 42.499232], [140.782656, 42.504577], [140.778549, 42.514197], [140.781942, 42.517052], [140.786173, 42.513148], [140.786217, 42.517886], [140.77325, 42.520368], [140.771242, 42.522381], [140.776209, 42.527133], [140.773574, 42.529802], [140.776559, 42.532278], [140.774752, 42.535235], [140.756013, 42.553116], [140.751505, 42.551326], [140.74751, 42.553702], [140.752386, 42.553274], [140.726285, 42.572179], [140.725698, 42.571848], [140.720771, 42.574914], [140.711956, 42.573726], [140.710475, 42.581318], [140.708626, 42.582586], [140.689538, 42.587115], [140.645764, 42.586574], [140.642664, 42.585584], [140.622831, 42.580416], [140.607033, 42.573974], [140.597953, 42.573633], [140.600903, 42.575792], [140.591422, 42.573149], [140.582705, 42.566184], [140.56752, 42.569796], [140.564525, 42.574958], [140.552605, 42.577642], [140.537113, 42.58741], [140.516548, 42.589357], [140.509345, 42.583676], [140.497555, 42.586541], [140.491544, 42.583812], [140.475866, 42.589052], [140.470125, 42.586721], [140.422213, 42.552628], [140.39884, 42.53186], [140.397427, 42.529843], [140.400615, 42.52812], [140.396813, 42.526337], [140.394481, 42.527022], [140.364272, 42.493469], [140.3654, 42.492901], [140.365343, 42.490084], [140.362621, 42.491132], [140.355722, 42.482365], [140.314033, 42.416133], [140.294418, 42.375325], [140.297232, 42.37279], [140.293164, 42.370789], [140.284071, 42.347501], [140.276214, 42.31343], [140.276592, 42.309121], [140.280749, 42.308985], [140.278657, 42.306579], [140.276665, 42.306644], [140.275099, 42.294902], [140.276343, 42.27861], [140.283591, 42.25799], [140.289014, 42.255847], [140.288896, 42.25494], [140.286271, 42.254188], [140.28808, 42.251867], [140.290268, 42.256811], [140.28979, 42.250751], [140.29562, 42.243959], [140.3377, 42.227438], [140.342517, 42.229977], [140.344301, 42.226593], [140.348196, 42.224825], [140.383991, 42.223558], [140.394114, 42.220403], [140.39448, 42.217112], [140.39623, 42.216597], [140.409489, 42.201706], [140.425844, 42.192874], [140.431036, 42.19346], [140.430938, 42.191756], [140.429636, 42.189906], [140.433939, 42.190968], [140.431267, 42.194155], [140.434328, 42.193343], [140.441905, 42.180693], [140.454799, 42.177489], [140.456986, 42.176731], [140.463209, 42.165887], [140.498314, 42.147186], [140.510751, 42.135345], [140.509125, 42.13407], [140.512059, 42.133416], [140.515334, 42.12873], [140.546163, 42.1158], [140.545627, 42.115196], [140.550023, 42.113154], [140.579344, 42.108212], [140.584169, 42.110853], [140.58499, 42.108239], [140.586883, 42.111167], [140.588225, 42.110871], [140.592019, 42.112554], [140.59152, 42.11083], [140.589459, 42.109566], [140.599358, 42.111525], [140.598716, 42.113165], [140.602021, 42.115329], [140.60338, 42.112513], [140.615669, 42.114973], [140.641032, 42.123192], [140.642324, 42.124075], [140.657498, 42.128802], [140.677108, 42.126285], [140.688827, 42.129258], [140.681352, 42.126181], [140.68851, 42.125958], [140.706159, 42.137952], [140.715238, 42.136694], [140.732987, 42.124196], [140.736692, 42.123557], [140.743346, 42.12031], [140.761143, 42.115659], [140.76718, 42.09734], [140.775624, 42.084075], [140.790538, 42.076048], [140.802514, 42.076868], [140.803676, 42.056458], [140.808333, 42.053067], [140.821447, 42.03418], [140.822264, 42.034332], [140.828364, 42.029737], [140.82861, 42.030323], [140.853087, 42.013569], [140.864543, 42.009516], [140.842332, 41.99377], [140.864636, 42.009352], [140.879361, 42.005219], [140.880688, 42.001155], [140.891287, 41.997657], [140.907621, 41.984285], [140.908782, 41.98477], [140.909616, 41.975068], [140.932036, 41.953975], [140.936091, 41.938629], [140.942968, 41.933954], [140.950804, 41.936558], [140.952554, 41.924758], [140.961186, 41.915242], [141.010908, 41.893489], [141.022719, 41.891666], [141.021277, 41.893301], [141.032976, 41.895391], [141.054103, 41.892228], [141.110926, 41.873901], [141.116906, 41.866326], [141.118149, 41.865096], [141.149401, 41.853791], [141.149487, 41.849924], [141.143464, 41.847796], [141.147009, 41.830949], [141.164092, 41.821791], [141.172894, 41.82016], [141.167192, 41.824152], [141.17788, 41.82084], [141.183152, 41.817898], [141.185139, 41.815243], [141.182976, 41.812481], [141.187441, 41.809007], [141.184726, 41.8042], [141.186571, 41.802198], [141.165055, 41.793663], [141.155982, 41.784637], [141.137037, 41.783749], [141.129978, 41.785636], [141.133317, 41.787881], [141.129039, 41.789104], [141.110326, 41.785418], [141.095593, 41.771896], [141.095443, 41.76806], [141.091526, 41.767111], [141.093394, 41.762466], [141.079889, 41.757293], [141.076451, 41.749381], [141.076536, 41.745795], [141.073988, 41.742146], [141.069524, 41.741069], [141.068159, 41.738396], [141.052632, 41.734607], [141.050613, 41.731194], [141.052849, 41.726009], [141.036032, 41.727724], [141.030081, 41.722264], [141.030028, 41.718207], [141.016888, 41.722508], [141.006512, 41.715375], [140.998212, 41.71391], [140.995591, 41.717005], [140.99284, 41.717373], [140.968303, 41.710103], [140.961803, 41.710296], [140.960273, 41.711748], [140.957195, 41.711578], [140.950831, 41.715425], [140.949846, 41.721802], [140.944111, 41.728401], [140.934598, 41.733566], [140.93391, 41.735103], [140.923916, 41.739703], [140.884979, 41.751969], [140.874652, 41.752559], [140.86149, 41.75878], [140.835738, 41.758954], [140.790515, 41.773171], [140.765668, 41.774126], [140.738122, 41.768473], [140.72562, 41.760398], [140.722377, 41.753412], [140.71879, 41.753181], [140.719182, 41.749966], [140.721655, 41.744488], [140.703172, 41.74007], [140.692421, 41.756531], [140.697216, 41.774107], [140.699489, 41.771046], [140.700875, 41.773118], [140.698351, 41.77324], [140.702399, 41.775804], [140.701717, 41.785305], [140.705215, 41.780327], [140.712209, 41.779276], [140.705806, 41.777258], [140.705988, 41.773996], [140.711944, 41.77421], [140.710416, 41.770621], [140.714739, 41.766654], [140.724403, 41.773598], [140.725525, 41.777256], [140.721724, 41.777506], [140.722009, 41.779924], [140.725588, 41.77779], [140.727325, 41.781075], [140.721916, 41.781963], [140.726943, 41.78475], [140.723869, 41.786613], [140.727149, 41.788457], [140.723656, 41.795221], [140.717159, 41.793871], [140.719836, 41.796074], [140.7183, 41.800415], [140.714395, 41.797696], [140.711386, 41.801805], [140.71298, 41.806544], [140.708786, 41.806619], [140.710939, 41.809591], [140.709649, 41.808506], [140.704201, 41.812218], [140.704342, 41.812772], [140.69605, 41.818041], [140.666685, 41.822508], [140.630517, 41.812254], [140.618383, 41.797224], [140.620639, 41.78746], [140.613534, 41.777586], [140.612016, 41.768465], [140.60409, 41.762047], [140.605882, 41.754841], [140.603938, 41.755003], [140.602715, 41.752554], [140.601401, 41.742114], [140.589113, 41.741316], [140.587345, 41.737564], [140.580482, 41.736633], [140.577768, 41.731378], [140.561627, 41.727969], [140.557414, 41.723401], [140.54592, 41.735191], [140.555703, 41.722837], [140.540463, 41.714829], [140.535985, 41.710436], [140.536656, 41.709747], [140.532531, 41.707781], [140.524788, 41.700098], [140.517823, 41.70165], [140.501785, 41.697744], [140.497447, 41.700529], [140.483274, 41.697516], [140.478742, 41.700641], [140.457084, 41.695469], [140.441806, 41.681061], [140.434452, 41.658854], [140.428876, 41.579265], [140.431029, 41.562674], [140.433608, 41.559608], [140.43366, 41.56338], [140.43968, 41.553392], [140.436661, 41.552456], [140.437029, 41.548063], [140.429518, 41.535036], [140.420395, 41.532057], [140.416875, 41.52517], [140.409352, 41.520875], [140.408505, 41.517753], [140.408432, 41.516664], [140.39836, 41.519495], [140.385546, 41.515014], [140.362258, 41.515376], [140.352687, 41.511915], [140.349133, 41.505844], [140.336813, 41.507063], [140.309564, 41.493436], [140.293069, 41.491274], [140.294024, 41.489202], [140.288011, 41.490539], [140.258478, 41.480653], [140.261566, 41.477962], [140.259877, 41.477204], [140.258121, 41.480136], [140.25681, 41.473851], [140.259274, 41.476837], [140.260714, 41.474846], [140.256872, 41.47235], [140.256087, 41.465818], [140.245881, 41.461826], [140.244269, 41.453597], [140.238422, 41.44967], [140.239497, 41.448452], [140.236696, 41.445757], [140.237895, 41.443833], [140.24135, 41.445302], [140.223043, 41.429699], [140.216826, 41.415141], [140.216068, 41.410084], [140.210958, 41.407044], [140.204827, 41.40468], [140.199831, 41.398235], [140.18383, 41.401947], [140.170038, 41.414514], [140.168992, 41.415609], [140.145399, 41.42827], [140.139013, 41.427026], [140.135123, 41.427296], [140.129163, 41.430673]], [[140.711851, 41.770814], [140.714517, 41.772746], [140.716451, 41.771657], [140.714715, 41.769202], [140.711851, 41.770814]], [[139.446773, 42.216498], [139.448249, 42.219116], [139.4629, 42.215798], [139.475296, 42.222609], [139.522361, 42.230073], [139.527713, 42.234005], [139.536584, 42.232928], [139.549913, 42.238736], [139.5586, 42.252808], [139.560535, 42.235369], [139.560805, 42.23395], [139.560547, 42.226849], [139.551107, 42.218552], [139.551029, 42.210121], [139.544779, 42.202623], [139.531061, 42.195208], [139.521236, 42.185174], [139.52369, 42.179916], [139.520794, 42.181467], [139.517086, 42.176354], [139.518335, 42.170527], [139.520633, 42.176961], [139.516551, 42.159355], [139.522624, 42.154016], [139.517736, 42.142994], [139.51975, 42.135969], [139.505945, 42.107789], [139.50517, 42.098274], [139.499447, 42.092324], [139.496225, 42.083189], [139.485731, 42.074185], [139.46327, 42.070334], [139.45321, 42.065538], [139.454384, 42.061968], [139.452269, 42.060358], [139.450423, 42.060891], [139.451687, 42.053606], [139.45089, 42.051837], [139.443494, 42.064211], [139.421168, 42.071186], [139.424501, 42.080401], [139.425394, 42.101461], [139.417478, 42.115074], [139.423104, 42.136361], [139.410039, 42.153658], [139.412767, 42.156194], [139.406472, 42.160149], [139.405023, 42.16434], [139.405003, 42.164711], [139.411294, 42.170023], [139.406277, 42.178706], [139.421373, 42.196381], [139.424912, 42.196398], [139.425336, 42.205227], [139.435474, 42.215901], [139.446773, 42.216498]], [[140.5082, 42.999725], [140.505873, 42.996671], [140.506822, 43.004205], [140.5082, 42.999725]], [[140.603193, 43.307743], [140.602123, 43.306117], [140.599816, 43.307282], [140.601899, 43.308385], [140.603193, 43.307743]], [[140.969424, 45.47528], [140.964392, 45.475246], [140.963407, 45.480088], [140.970912, 45.479665], [140.969424, 45.47528]], [[141.800845, 42.584922], [141.775, 42.58189], [141.776649, 42.582846], [141.800813, 42.585119], [141.800845, 42.584922]], [[141.772162, 42.608898], [141.773207, 42.601324], [141.770627, 42.605461], [141.772162, 42.608898]], [[141.28945, 43.228723], [141.287525, 43.223503], [141.272437, 43.206847], [141.266667, 43.203229], [141.28945, 43.228723]], [[141.29305, 44.420213], [141.307825, 44.427646], [141.324916, 44.441888], [141.328319, 44.442041], [141.327147, 44.438223], [141.330125, 44.438968], [141.335668, 44.430067], [141.320534, 44.416383], [141.294442, 44.412663], [141.291792, 44.419527], [141.29305, 44.420213]], [[141.427984, 44.438554], [141.429686, 44.440043], [141.428659, 44.432089], [141.422428, 44.427193], [141.392837, 44.429682], [141.392678, 44.429566], [141.384323, 44.430399], [141.380899, 44.433333], [141.397369, 44.442044], [141.404114, 44.440928], [141.423211, 44.446434], [141.427163, 44.446174], [141.43042, 44.440581], [141.427372, 44.44148], [141.427984, 44.438554]], [[141.207056, 45.111791], [141.204866, 45.1124], [141.193351, 45.124622], [141.180016, 45.128019], [141.166005, 45.137183], [141.161739, 45.146347], [141.150227, 45.153908], [141.151853, 45.155177], [141.151303, 45.156851], [141.141169, 45.161646], [141.13549, 45.177623], [141.139729, 45.18194], [141.126838, 45.185955], [141.130693, 45.191471], [141.129995, 45.188052], [141.134062, 45.190065], [141.134705, 45.186499], [141.141726, 45.1904], [141.142406, 45.194631], [141.135478, 45.199713], [141.139392, 45.204596], [141.132379, 45.213456], [141.136171, 45.215443], [141.141613, 45.223685], [141.1491, 45.224476], [141.156903, 45.215276], [141.159028, 45.214246], [141.149856, 45.223829], [141.155947, 45.235027], [141.171176, 45.238736], [141.17745, 45.245397], [141.175894, 45.247725], [141.179291, 45.247226], [141.179274, 45.251047], [141.184978, 45.253274], [141.187526, 45.250663], [141.189219, 45.256828], [141.199093, 45.259734], [141.202796, 45.254737], [141.214944, 45.252218], [141.225033, 45.244797], [141.232197, 45.246762], [141.231281, 45.242479], [141.227238, 45.243041], [141.229951, 45.235222], [141.253066, 45.235435], [141.264712, 45.230076], [141.268895, 45.235825], [141.275695, 45.233795], [141.280412, 45.230774], [141.279633, 45.226763], [141.280579, 45.224733], [141.302978, 45.215113], [141.312101, 45.200678], [141.318464, 45.197076], [141.324613, 45.183661], [141.330323, 45.149944], [141.310741, 45.137752], [141.312637, 45.136458], [141.307967, 45.132921], [141.313966, 45.135328], [141.308686, 45.130059], [141.292163, 45.12273], [141.292978, 45.119243], [141.286452, 45.114866], [141.285769, 45.109069], [141.280118, 45.106906], [141.274122, 45.110603], [141.273813, 45.107896], [141.263076, 45.107575], [141.246105, 45.100689], [141.243914, 45.105931], [141.245951, 45.100348], [141.237804, 45.096974], [141.232376, 45.098146], [141.226854, 45.099978], [141.227321, 45.105326], [141.217447, 45.106972], [141.214494, 45.110924], [141.207056, 45.111791]], [[141.034859, 45.440392], [141.036166, 45.445218], [141.035138, 45.451624], [141.033022, 45.452517], [141.029867, 45.447656], [141.033896, 45.460808], [141.049481, 45.450748], [141.067395, 45.423975], [141.061791, 45.421125], [141.062487, 45.419179], [141.056153, 45.406766], [141.058821, 45.395962], [141.054381, 45.389139], [141.059247, 45.378119], [141.059308, 45.353092], [141.054759, 45.342974], [141.049218, 45.339664], [141.050198, 45.336597], [141.052151, 45.33825], [141.05119, 45.332165], [141.057244, 45.318798], [141.05128, 45.303243], [141.048473, 45.30368], [141.047435, 45.301339], [141.048895, 45.301164], [141.047289, 45.29834], [141.045709, 45.297984], [141.047229, 45.280141], [141.043554, 45.274107], [141.02617, 45.273646], [141.014633, 45.284079], [141.024862, 45.290033], [141.026741, 45.296188], [141.024327, 45.303261], [141.022634, 45.304047], [141.021444, 45.311714], [141.002407, 45.328219], [141.004042, 45.335928], [140.99916, 45.345328], [140.99945, 45.351727], [140.98305, 45.379624], [140.983375, 45.383907], [140.990805, 45.386307], [140.984714, 45.398449], [140.991662, 45.408098], [140.989671, 45.411322], [140.984405, 45.410667], [140.986534, 45.414146], [140.982544, 45.415008], [140.987861, 45.417876], [140.993944, 45.41991], [140.991323, 45.429271], [140.981098, 45.435937], [140.966432, 45.438389], [140.976847, 45.447632], [140.973268, 45.452273], [140.967557, 45.452903], [140.967124, 45.463207], [140.971232, 45.458634], [140.974463, 45.456667], [140.980088, 45.45399], [140.981331, 45.448771], [140.987507, 45.447666], [140.985128, 45.443793], [140.991503, 45.438409], [141.012686, 45.433039], [141.034859, 45.440392]], [[144.370622, 43.950398], [144.376491, 43.949853], [144.377726, 43.949193], [144.376734, 43.946675], [144.373902, 43.946395], [144.371502, 43.94755], [144.368988, 43.948772], [144.370622, 43.950398]], [[144.88029, 42.957508], [144.874841, 42.952153], [144.863848, 42.946653], [144.873051, 42.965001], [144.88029, 42.957508]], [[145.097738, 43.052396], [145.116795, 43.052363], [145.096124, 43.044966], [145.097738, 43.052396]], [[145.587334, 43.214876], [145.595085, 43.221298], [145.59929, 43.220226], [145.599507, 43.217091], [145.604127, 43.217949], [145.60305, 43.214494], [145.609484, 43.21341], [145.598965, 43.205083], [145.591208, 43.205988], [145.587339, 43.207645], [145.589777, 43.212047], [145.587334, 43.214876]], [[145.600972, 43.228853], [145.607361, 43.230607], [145.613582, 43.226024], [145.607661, 43.224364], [145.600972, 43.228853]], [[145.449048, 43.268933], [145.444041, 43.269145], [145.438109, 43.270243], [145.434434, 43.271469], [145.433897, 43.272366], [145.428583, 43.275391], [145.423592, 43.27723], [145.419313, 43.278125], [145.416317, 43.278221], [145.408086, 43.279331], [145.40434, 43.280671], [145.403074, 43.28305], [145.405075, 43.284004], [145.409492, 43.284346], [145.412158, 43.283943], [145.422735, 43.281148], [145.42459, 43.282511], [145.42167, 43.284202], [145.417828, 43.285607], [145.41543, 43.28588], [145.413298, 43.285187], [145.41146, 43.285986], [145.409937, 43.287926], [145.404134, 43.289647], [145.402289, 43.288317], [145.401064, 43.29029], [145.411614, 43.288707], [145.412351, 43.288325], [145.423489, 43.284646], [145.426122, 43.285473], [145.425501, 43.286623], [145.43353, 43.285418], [145.467369, 43.273348], [145.465905, 43.271768], [145.465866, 43.269624], [145.461922, 43.266221], [145.457388, 43.264385], [145.454661, 43.265211], [145.453189, 43.266706], [145.449048, 43.268933]], [[145.398199, 43.290654], [145.393601, 43.288696], [145.393716, 43.286565], [145.390994, 43.286494], [145.393031, 43.288859], [145.396158, 43.290786], [145.398199, 43.290654]], [[145.673738, 43.29871], [145.672094, 43.297743], [145.668297, 43.297152], [145.671296, 43.29984], [145.673738, 43.29871]], [[145.245451, 43.338733], [145.248934, 43.338999], [145.254057, 43.339463], [145.253876, 43.337929], [145.249453, 43.338059], [145.241231, 43.337327], [145.23714, 43.337558], [145.233986, 43.33972], [145.234448, 43.341658], [145.237421, 43.341241], [145.239346, 43.339783], [145.245451, 43.338733]], [[146.004763, 43.371039], [146.014842, 43.375234], [146.014498, 43.377943], [146.022357, 43.377821], [146.013588, 43.371977], [146.007353, 43.360763], [145.999626, 43.362803], [145.99495, 43.368149], [145.990969, 43.365902], [145.9862, 43.369343], [145.992701, 43.375233], [146.004763, 43.371039]], [[145.89095, 43.38311], [145.890739, 43.385957], [145.894156, 43.384606], [145.892251, 43.381772], [145.89095, 43.38311]], [[146.155125, 43.408935], [146.149171, 43.408585], [146.153421, 43.411568], [146.158765, 43.409131], [146.155125, 43.408935]], [[146.163541, 43.416313], [146.162664, 43.41154], [146.153959, 43.414211], [146.167393, 43.423694], [146.166791, 43.417887], [146.163541, 43.416313]], [[146.060861, 43.432668], [146.063683, 43.433701], [146.071692, 43.432821], [146.068095, 43.429206], [146.071122, 43.423427], [146.077528, 43.42703], [146.084577, 43.424425], [146.087567, 43.425986], [146.088619, 43.433114], [146.081969, 43.436911], [146.082818, 43.439589], [146.098165, 43.448098], [146.101519, 43.445968], [146.102311, 43.43886], [146.109326, 43.437787], [146.106224, 43.435768], [146.107625, 43.430612], [146.09354, 43.430829], [146.089785, 43.425673], [146.091915, 43.422817], [146.085339, 43.419887], [146.08644, 43.414947], [146.083645, 43.413322], [146.080029, 43.412633], [146.081709, 43.416321], [146.07682, 43.415701], [146.075686, 43.418533], [146.061043, 43.416509], [146.054311, 43.413245], [146.050074, 43.404739], [146.042376, 43.401856], [146.036679, 43.403166], [146.036238, 43.403932], [146.034615, 43.407085], [146.024585, 43.408592], [146.027148, 43.419375], [146.031502, 43.417006], [146.038042, 43.418663], [146.039236, 43.424259], [146.046478, 43.42772], [146.047262, 43.431601], [146.053153, 43.429121], [146.057862, 43.422235], [146.063366, 43.424526], [146.060861, 43.432668]], [[145.894263, 43.450227], [145.917114, 43.446595], [145.927008, 43.448185], [145.935063, 43.457321], [145.949975, 43.454326], [145.948472, 43.451415], [145.937447, 43.449047], [145.93415, 43.440367], [145.955437, 43.424923], [145.93353, 43.422296], [145.920358, 43.426732], [145.912252, 43.426173], [145.90538, 43.417331], [145.899589, 43.416493], [145.904828, 43.419103], [145.900581, 43.423473], [145.902226, 43.425712], [145.896165, 43.427733], [145.892841, 43.423356], [145.890987, 43.428565], [145.896618, 43.429919], [145.89956, 43.434568], [145.896803, 43.446334], [145.882439, 43.452489], [145.872306, 43.44915], [145.86621, 43.451294], [145.862904, 43.456549], [145.878796, 43.456027], [145.889308, 43.462051], [145.894263, 43.450227]], [[146.150035, 43.539384], [146.162895, 43.534435], [146.204412, 43.533378], [146.183785, 43.514707], [146.178301, 43.503896], [146.184443, 43.495979], [146.196546, 43.494822], [146.188949, 43.490546], [146.193266, 43.487819], [146.187287, 43.487148], [146.187661, 43.483532], [146.180018, 43.47959], [146.166423, 43.476565], [146.163343, 43.478455], [146.163392, 43.474345], [146.147299, 43.472104], [146.117069, 43.458297], [146.117643, 43.472148], [146.106848, 43.477706], [146.10592, 43.49126], [146.094462, 43.500676], [146.086863, 43.50275], [146.085483, 43.508631], [146.073074, 43.521169], [146.058538, 43.522065], [146.061179, 43.524579], [146.082401, 43.533364], [146.119273, 43.540585], [146.13486, 43.548951], [146.141286, 43.548455], [146.150035, 43.539384]], [[145.329863, 43.56646], [145.319485, 43.566286], [145.330673, 43.567721], [145.329863, 43.56646]], [[146.400554, 43.569443], [146.402935, 43.569612], [146.402413, 43.566694], [146.399757, 43.566863], [146.400554, 43.569443]], [[146.405175, 43.567123], [146.403325, 43.56789], [146.407868, 43.569958], [146.407528, 43.567523], [146.405175, 43.567123]], [[145.295947, 43.554291], [145.310974, 43.552111], [145.283594, 43.561544], [145.304123, 43.557338], [145.301001, 43.56001], [145.306803, 43.55815], [145.305388, 43.565118], [145.316185, 43.565931], [145.313363, 43.564663], [145.323729, 43.56225], [145.335374, 43.564375], [145.330647, 43.566037], [145.332373, 43.568257], [145.34175, 43.572741], [145.339864, 43.584946], [145.338512, 43.580447], [145.336502, 43.585845], [145.331017, 43.582248], [145.333108, 43.580428], [145.328276, 43.580294], [145.32022, 43.581952], [145.331648, 43.583804], [145.335006, 43.58986], [145.331758, 43.592184], [145.329436, 43.586231], [145.327712, 43.593809], [145.315215, 43.593599], [145.313056, 43.596647], [145.315941, 43.597747], [145.307208, 43.600587], [145.308728, 43.599039], [145.302095, 43.597453], [145.299049, 43.595835], [145.304009, 43.594993], [145.27959, 43.591557], [145.288037, 43.602953], [145.270582, 43.593183], [145.262985, 43.596448], [145.272249, 43.599105], [145.273174, 43.603722], [145.249079, 43.593793], [145.253158, 43.596288], [145.260526, 43.600179], [145.269191, 43.607977], [145.245559, 43.615081], [145.308925, 43.602399], [145.327706, 43.59585], [145.340012, 43.587558], [145.345967, 43.579782], [145.350079, 43.566375], [145.344803, 43.557946], [145.331516, 43.551239], [145.286808, 43.550335], [145.284756, 43.551297], [145.297196, 43.552071], [145.295947, 43.554291]], [[145.318072, 43.584809], [145.316508, 43.582644], [145.314366, 43.581329], [145.315137, 43.585195], [145.318072, 43.584809]], [[146.331886, 43.618476], [146.322699, 43.623034], [146.308311, 43.620739], [146.294851, 43.624712], [146.272882, 43.625356], [146.269619, 43.628474], [146.297463, 43.630425], [146.310358, 43.639684], [146.307769, 43.64889], [146.312064, 43.651519], [146.320815, 43.644509], [146.328393, 43.644879], [146.326235, 43.641938], [146.328699, 43.638715], [146.344605, 43.637556], [146.351218, 43.63997], [146.353776, 43.633316], [146.349647, 43.628617], [146.356504, 43.623355], [146.357279, 43.61826], [146.331886, 43.618476]], [[146.695377, 43.720879], [146.694044, 43.727165], [146.684912, 43.728982], [146.690932, 43.733492], [146.696454, 43.728148], [146.705415, 43.728429], [146.695377, 43.720879]], [[146.710677, 43.732845], [146.711819, 43.736326], [146.714603, 43.735837], [146.713509, 43.732817], [146.710677, 43.732845]], [[146.789967, 43.744706], [146.78845, 43.746773], [146.795446, 43.751666], [146.791394, 43.7532], [146.795699, 43.760657], [146.805435, 43.75748], [146.806422, 43.753806], [146.801449, 43.749037], [146.789967, 43.744706]], [[146.849172, 43.793146], [146.854023, 43.791662], [146.850596, 43.788451], [146.84925, 43.789625], [146.849172, 43.793146]], [[146.629484, 43.727975], [146.621843, 43.7313], [146.622563, 43.736113], [146.619155, 43.736257], [146.62094, 43.739219], [146.61866, 43.740652], [146.62207, 43.745499], [146.618749, 43.749417], [146.625094, 43.755984], [146.613599, 43.75746], [146.607518, 43.753164], [146.607157, 43.747468], [146.612124, 43.747307], [146.614303, 43.743567], [146.608478, 43.735223], [146.604612, 43.735898], [146.605529, 43.739764], [146.592928, 43.737735], [146.596762, 43.746196], [146.585649, 43.74424], [146.585715, 43.747901], [146.589309, 43.74893], [146.587899, 43.753598], [146.598772, 43.76174], [146.597437, 43.764622], [146.602934, 43.762952], [146.607603, 43.767464], [146.603359, 43.769165], [146.607442, 43.774451], [146.606336, 43.778356], [146.596946, 43.781266], [146.594914, 43.787575], [146.591495, 43.787546], [146.585313, 43.801088], [146.585785, 43.806725], [146.59685, 43.809147], [146.613202, 43.821318], [146.625975, 43.817223], [146.639581, 43.820124], [146.639991, 43.823773], [146.644095, 43.821745], [146.662041, 43.828349], [146.681736, 43.825698], [146.682464, 43.82909], [146.698862, 43.830546], [146.708846, 43.823132], [146.711667, 43.824703], [146.709179, 43.830171], [146.721045, 43.832292], [146.742551, 43.8253], [146.748713, 43.814581], [146.748517, 43.828112], [146.739192, 43.833242], [146.721251, 43.836248], [146.721662, 43.845945], [146.749515, 43.857987], [146.775446, 43.876523], [146.787551, 43.872409], [146.796465, 43.858496], [146.802852, 43.861984], [146.794004, 43.865007], [146.789303, 43.878807], [146.794455, 43.879303], [146.805727, 43.870457], [146.813601, 43.87762], [146.816242, 43.873501], [146.813476, 43.867726], [146.823563, 43.867108], [146.827426, 43.872831], [146.819309, 43.875882], [146.821122, 43.881466], [146.818247, 43.885668], [146.824738, 43.890365], [146.831988, 43.88693], [146.845524, 43.887665], [146.844933, 43.884776], [146.852046, 43.883054], [146.849236, 43.877075], [146.86251, 43.875372], [146.865875, 43.869733], [146.874047, 43.869265], [146.874191, 43.864324], [146.892623, 43.847311], [146.906787, 43.843225], [146.914691, 43.847273], [146.909193, 43.842445], [146.919637, 43.835996], [146.914399, 43.831038], [146.90254, 43.82988], [146.901187, 43.826069], [146.905455, 43.82392], [146.902249, 43.819703], [146.905813, 43.818898], [146.905928, 43.811403], [146.901096, 43.812363], [146.898451, 43.805871], [146.891996, 43.808586], [146.89181, 43.811648], [146.87907, 43.814622], [146.862988, 43.810632], [146.859565, 43.8062], [146.850691, 43.807369], [146.850374, 43.810908], [146.846717, 43.812047], [146.846248, 43.808261], [146.838442, 43.808564], [146.825684, 43.799556], [146.828253, 43.795119], [146.833535, 43.796404], [146.833991, 43.791294], [146.846747, 43.790679], [146.849686, 43.786758], [146.843547, 43.786404], [146.843891, 43.789356], [146.83523, 43.781821], [146.824079, 43.786094], [146.823079, 43.790193], [146.816353, 43.789066], [146.810387, 43.79207], [146.806917, 43.788679], [146.80969, 43.784025], [146.807234, 43.78051], [146.801549, 43.779934], [146.798107, 43.786636], [146.793279, 43.781366], [146.788189, 43.781056], [146.788859, 43.771708], [146.794112, 43.771309], [146.793126, 43.766234], [146.785379, 43.762215], [146.786746, 43.758467], [146.778357, 43.758305], [146.775748, 43.764026], [146.770236, 43.766718], [146.76888, 43.760374], [146.773201, 43.758279], [146.768083, 43.757792], [146.764656, 43.751668], [146.759275, 43.749648], [146.756358, 43.754817], [146.751499, 43.75589], [146.749161, 43.755072], [146.752356, 43.751611], [146.749929, 43.748226], [146.7412, 43.749669], [146.733762, 43.748066], [146.732966, 43.744926], [146.728442, 43.746466], [146.733312, 43.737364], [146.721133, 43.733597], [146.71119, 43.73841], [146.711804, 43.742378], [146.706903, 43.745125], [146.695556, 43.74594], [146.689819, 43.741439], [146.690721, 43.734471], [146.684774, 43.734982], [146.680592, 43.729823], [146.683207, 43.72702], [146.677617, 43.724684], [146.689919, 43.72245], [146.676481, 43.715061], [146.676193, 43.707428], [146.671278, 43.70755], [146.662971, 43.707939], [146.653293, 43.702774], [146.642247, 43.701572], [146.639811, 43.708381], [146.648595, 43.710554], [146.650673, 43.713942], [146.638616, 43.716085], [146.641187, 43.720338], [146.63377, 43.718187], [146.629143, 43.721665], [146.629484, 43.727975]], [[146.840103, 43.801842], [146.843547, 43.799922], [146.840529, 43.79945], [146.840103, 43.801842]], [[146.868655, 43.810255], [146.870111, 43.809215], [146.869595, 43.808414], [146.8666, 43.808446], [146.868655, 43.810255]], [[145.85118, 44.020216], [145.855164, 44.023343], [145.854978, 44.029435], [145.841792, 44.032129], [145.828938, 44.029155], [145.817645, 44.021395], [145.802705, 43.996784], [145.805636, 43.992717], [145.797633, 43.991443], [145.796537, 43.985322], [145.790954, 43.979602], [145.787913, 43.965992], [145.791755, 43.959436], [145.788345, 43.957007], [145.789162, 43.94863], [145.781532, 43.942347], [145.778653, 43.935555], [145.781106, 43.931945], [145.765136, 43.93203], [145.714241, 43.91094], [145.688446, 43.91022], [145.674274, 43.905383], [145.663577, 43.910587], [145.649434, 43.908466], [145.636018, 43.90046], [145.624087, 43.883339], [145.619151, 43.885572], [145.612957, 43.882024], [145.604093, 43.867978], [145.599641, 43.871275], [145.597277, 43.871482], [145.593365, 43.870612], [145.585113, 43.862375], [145.575351, 43.841168], [145.569368, 43.796098], [145.571876, 43.772401], [145.560526, 43.724958], [145.554726, 43.671936], [145.54424, 43.652878], [145.538302, 43.653661], [145.535309, 43.675484], [145.550593, 43.730816], [145.52507, 43.735106], [145.499694, 43.733906], [145.433395, 43.720969], [145.435892, 43.718653], [145.440715, 43.720083], [145.440143, 43.71794], [145.445709, 43.72102], [145.446171, 43.718944], [145.444442, 43.71754], [145.438229, 43.716811], [145.433703, 43.71978], [145.422183, 43.736196], [145.418178, 43.751805], [145.425511, 43.767499], [145.425673, 43.781777], [145.410205, 43.818598], [145.398656, 43.828083], [145.404722, 43.840466], [145.444098, 43.852722], [145.452359, 43.87297], [145.473081, 43.898611], [145.533087, 43.920634], [145.534401, 43.931118], [145.540307, 43.930396], [145.552848, 43.935945], [145.560994, 43.944137], [145.575007, 43.944914], [145.589308, 43.951179], [145.593096, 43.965699], [145.598996, 43.971995], [145.609884, 43.975251], [145.627182, 43.986617], [145.640894, 43.988986], [145.655044, 44.003965], [145.676822, 44.01198], [145.680775, 44.017827], [145.676158, 44.025749], [145.687171, 44.027159], [145.732843, 44.045017], [145.74245, 44.052224], [145.741163, 44.056208], [145.748297, 44.064332], [145.776308, 44.066601], [145.748562, 44.064431], [145.742512, 44.092043], [145.744145, 44.104488], [145.753558, 44.108897], [145.769734, 44.129645], [145.779216, 44.135216], [145.787032, 44.144046], [145.788114, 44.149883], [145.817584, 44.165608], [145.837489, 44.182376], [145.855122, 44.201509], [145.861185, 44.219682], [145.87105, 44.227824], [145.889078, 44.251557], [145.934697, 44.27835], [145.946092, 44.278892], [145.954247, 44.291915], [145.966078, 44.296626], [145.987985, 44.318887], [146.000848, 44.337556], [146.000901, 44.347438], [146.009976, 44.37203], [146.006008, 44.378865], [146.007244, 44.382063], [146.023362, 44.390476], [146.027454, 44.398696], [146.033048, 44.400457], [146.051863, 44.418442], [146.071672, 44.449907], [146.081669, 44.474107], [146.100008, 44.487649], [146.109855, 44.49108], [146.131829, 44.509117], [146.145802, 44.512683], [146.149842, 44.511083], [146.153476, 44.514073], [146.159382, 44.511731], [146.166359, 44.51826], [146.171104, 44.517264], [146.173527, 44.514763], [146.16941, 44.508854], [146.176009, 44.505322], [146.187666, 44.505581], [146.194163, 44.493505], [146.226342, 44.481885], [146.240681, 44.454591], [146.255904, 44.451744], [146.259133, 44.44906], [146.258091, 44.445876], [146.262988, 44.443202], [146.280647, 44.442655], [146.278702, 44.440087], [146.282944, 44.434588], [146.323603, 44.425704], [146.33772, 44.417425], [146.397331, 44.421962], [146.440534, 44.418841], [146.476742, 44.421129], [146.534319, 44.432809], [146.547232, 44.437941], [146.551603, 44.445579], [146.572794, 44.455418], [146.57742, 44.454942], [146.571422, 44.452698], [146.551442, 44.427138], [146.54454, 44.407309], [146.534074, 44.393228], [146.533574, 44.380128], [146.524159, 44.37414], [146.518735, 44.375052], [146.515584, 44.367814], [146.501675, 44.365799], [146.49208, 44.354501], [146.485112, 44.352068], [146.485164, 44.356384], [146.453475, 44.377133], [146.431501, 44.375913], [146.388181, 44.359203], [146.366004, 44.338032], [146.367459, 44.330309], [146.362252, 44.326905], [146.369917, 44.321588], [146.365166, 44.31747], [146.350435, 44.320453], [146.344445, 44.317259], [146.342953, 44.309068], [146.333, 44.307658], [146.327463, 44.301417], [146.328154, 44.296589], [146.317821, 44.29657], [146.313552, 44.291059], [146.306216, 44.289577], [146.296147, 44.27567], [146.272796, 44.275753], [146.248966, 44.2727], [146.25002, 44.270701], [146.2205, 44.273055], [146.178992, 44.268868], [146.167903, 44.271458], [146.143694, 44.264436], [146.127004, 44.26649], [146.110235, 44.262438], [146.065339, 44.230767], [146.055299, 44.216382], [146.05146, 44.207455], [146.054228, 44.205319], [146.048045, 44.199582], [146.05487, 44.194174], [146.043951, 44.190426], [146.047878, 44.187355], [146.046619, 44.184046], [146.032855, 44.185987], [146.026202, 44.182512], [146.024087, 44.176879], [146.001648, 44.171277], [145.995892, 44.173399], [145.985222, 44.171279], [145.965832, 44.15269], [145.95763, 44.156183], [145.943152, 44.151743], [145.906087, 44.120865], [145.899136, 44.106961], [145.899478, 44.10288], [145.905059, 44.099949], [145.90294, 44.094325], [145.896682, 44.096679], [145.889996, 44.095022], [145.889678, 44.089499], [145.880297, 44.085588], [145.879858, 44.074337], [145.869619, 44.068509], [145.8635, 44.050483], [145.86566, 44.029615], [145.878124, 44.020943], [145.85118, 44.020216]], [[145.75, 43.924495], [145.754634, 43.925412], [145.755218, 43.924698], [145.750145, 43.923551], [145.75, 43.924495]], [[147.266182, 44.605767], [147.265601, 44.608055], [147.269674, 44.607075], [147.268154, 44.605701], [147.266182, 44.605767]], [[146.974869, 44.652144], [146.978198, 44.65446], [146.979858, 44.652389], [146.976658, 44.64926], [146.974869, 44.652144]], [[147.866779, 44.966089], [147.850689, 44.965396], [147.826196, 44.95549], [147.785283, 44.947592], [147.755874, 44.959464], [147.730052, 44.97686], [147.727491, 44.981159], [147.728111, 45.001345], [147.722352, 45.004094], [147.707645, 45.007221], [147.685642, 45.005202], [147.649603, 44.991424], [147.619422, 44.964877], [147.621103, 44.963589], [147.614764, 44.956629], [147.610962, 44.94058], [147.627454, 44.929098], [147.650882, 44.924392], [147.651585, 44.919115], [147.639464, 44.913521], [147.616144, 44.889583], [147.612115, 44.879829], [147.598249, 44.864983], [147.597005, 44.853425], [147.564943, 44.829359], [147.560767, 44.822583], [147.553178, 44.820794], [147.550078, 44.81598], [147.529856, 44.816388], [147.511914, 44.810993], [147.496177, 44.799978], [147.495325, 44.787732], [147.486821, 44.781372], [147.462301, 44.779819], [147.450789, 44.775874], [147.450749, 44.772703], [147.446478, 44.774749], [147.439863, 44.772501], [147.433491, 44.764257], [147.421235, 44.764608], [147.402462, 44.754092], [147.397456, 44.747828], [147.392389, 44.748935], [147.380315, 44.742404], [147.374703, 44.736745], [147.376968, 44.733001], [147.368601, 44.729745], [147.36877, 44.722762], [147.364482, 44.724725], [147.349405, 44.721005], [147.346065, 44.716545], [147.350479, 44.714926], [147.347319, 44.712581], [147.342611, 44.716384], [147.335098, 44.714284], [147.327043, 44.705889], [147.327633, 44.699278], [147.320414, 44.698135], [147.314667, 44.691261], [147.315697, 44.685827], [147.306823, 44.681758], [147.304015, 44.674735], [147.30577, 44.672275], [147.283055, 44.659], [147.266052, 44.637987], [147.259546, 44.613002], [147.250235, 44.60465], [147.252986, 44.600549], [147.24128, 44.599337], [147.240253, 44.594658], [147.233234, 44.593064], [147.224519, 44.582922], [147.21246, 44.577498], [147.20702, 44.568559], [147.201593, 44.572905], [147.198325, 44.570463], [147.191327, 44.57205], [147.170777, 44.563998], [147.164608, 44.564898], [147.156683, 44.559955], [147.145711, 44.559367], [147.130046, 44.561083], [147.108319, 44.568821], [147.074258, 44.555676], [147.059247, 44.544573], [147.060109, 44.539951], [147.049105, 44.536727], [147.023855, 44.514272], [147.005773, 44.490975], [147.004444, 44.482838], [146.987755, 44.458295], [146.990581, 44.451307], [146.958243, 44.427993], [146.945718, 44.424266], [146.930785, 44.429351], [146.91047, 44.428051], [146.863989, 44.443785], [146.858124, 44.453315], [146.875, 44.497346], [146.896942, 44.520261], [146.922232, 44.524565], [146.952089, 44.549347], [146.954035, 44.555992], [146.939853, 44.574786], [146.932006, 44.580121], [146.930789, 44.590364], [146.93561, 44.595256], [146.933296, 44.606358], [146.948089, 44.631451], [146.95299, 44.626386], [146.951266, 44.617458], [146.956666, 44.610129], [146.958154, 44.596104], [146.975891, 44.578891], [146.99302, 44.575435], [147.025396, 44.597514], [147.033547, 44.616366], [147.030657, 44.625959], [147.033584, 44.638102], [147.007436, 44.650975], [147.003947, 44.65547], [147.006432, 44.659254], [147.028014, 44.662276], [147.038138, 44.657719], [147.046888, 44.65962], [147.047915, 44.654149], [147.060349, 44.655336], [147.058835, 44.64805], [147.07104, 44.645155], [147.073596, 44.637213], [147.096501, 44.638556], [147.129767, 44.652292], [147.163602, 44.682293], [147.176853, 44.686761], [147.18352, 44.69374], [147.194273, 44.714555], [147.198915, 44.731823], [147.200008, 44.747857], [147.194877, 44.760889], [147.189004, 44.765539], [147.17354, 44.763084], [147.162382, 44.765876], [147.160542, 44.769392], [147.125765, 44.770446], [147.123333, 44.773405], [147.125306, 44.776497], [147.113092, 44.779751], [147.101182, 44.800485], [147.099929, 44.81576], [147.107262, 44.822292], [147.132637, 44.829793], [147.145379, 44.823662], [147.154509, 44.824623], [147.158494, 44.818624], [147.171277, 44.81803], [147.193578, 44.797078], [147.206921, 44.797478], [147.238585, 44.80646], [147.24538, 44.810185], [147.252806, 44.833265], [147.263505, 44.848718], [147.26558, 44.868072], [147.270033, 44.867991], [147.272766, 44.872501], [147.280183, 44.873734], [147.284299, 44.878126], [147.294355, 44.877315], [147.297301, 44.883821], [147.304155, 44.880906], [147.325461, 44.890137], [147.332978, 44.888834], [147.381694, 44.910673], [147.386979, 44.916765], [147.39638, 44.919635], [147.409071, 44.933443], [147.419059, 44.938196], [147.42889, 44.949973], [147.449191, 44.964508], [147.453784, 44.972245], [147.47235, 44.983446], [147.478041, 44.985161], [147.48192, 44.987838], [147.4949, 44.990677], [147.505252, 44.988864], [147.505548, 44.991818], [147.510139, 44.992667], [147.506023, 44.996024], [147.517225, 44.997371], [147.513642, 45.007394], [147.520408, 45.009614], [147.513701, 45.012813], [147.515505, 45.020168], [147.511136, 45.026107], [147.51703, 45.027801], [147.516394, 45.034027], [147.519946, 45.033039], [147.524112, 45.036443], [147.52044, 45.043245], [147.52409, 45.047245], [147.522836, 45.06025], [147.526836, 45.069356], [147.534731, 45.071254], [147.529799, 45.074487], [147.532643, 45.088938], [147.528077, 45.092412], [147.526892, 45.098861], [147.495667, 45.109361], [147.496381, 45.11293], [147.506218, 45.114483], [147.504822, 45.117709], [147.520353, 45.11044], [147.530276, 45.110794], [147.536813, 45.105791], [147.555315, 45.110076], [147.556566, 45.106595], [147.570987, 45.104215], [147.573411, 45.09977], [147.568883, 45.095216], [147.574457, 45.093769], [147.581218, 45.085558], [147.622463, 45.08168], [147.627079, 45.076274], [147.638575, 45.075364], [147.68675, 45.093179], [147.694658, 45.10002], [147.697806, 45.105826], [147.693923, 45.110468], [147.697819, 45.113427], [147.695388, 45.117831], [147.698919, 45.123383], [147.691929, 45.133076], [147.692879, 45.141836], [147.700296, 45.144716], [147.705206, 45.151617], [147.703294, 45.154306], [147.707116, 45.156573], [147.707555, 45.161882], [147.705331, 45.167601], [147.72278, 45.172948], [147.721254, 45.173507], [147.728005, 45.175798], [147.732209, 45.181927], [147.730709, 45.188949], [147.734919, 45.193749], [147.749596, 45.197387], [147.766356, 45.195021], [147.774351, 45.203782], [147.77332, 45.206706], [147.800654, 45.208621], [147.809409, 45.2146], [147.820918, 45.217301], [147.827487, 45.217141], [147.842356, 45.207018], [147.853941, 45.211213], [147.871169, 45.226092], [147.872595, 45.228938], [147.867839, 45.233765], [147.879848, 45.246787], [147.881726, 45.255964], [147.879525, 45.259725], [147.866362, 45.264351], [147.870397, 45.275445], [147.867112, 45.28285], [147.872048, 45.297343], [147.868331, 45.303295], [147.860629, 45.307396], [147.862803, 45.311904], [147.857103, 45.318455], [147.858781, 45.32925], [147.852195, 45.345738], [147.855473, 45.353881], [147.848901, 45.365772], [147.87186, 45.39585], [147.871658, 45.4011], [147.904308, 45.430155], [147.925347, 45.438013], [147.941502, 45.430678], [147.949258, 45.423577], [147.964727, 45.420236], [147.96172, 45.415759], [147.963661, 45.400967], [147.967186, 45.398682], [147.966207, 45.393959], [147.975535, 45.388446], [147.969135, 45.383158], [147.978317, 45.360456], [147.989746, 45.345068], [147.997774, 45.343146], [148.004798, 45.335237], [147.995095, 45.330241], [148.006353, 45.310785], [148.003946, 45.301138], [148.008591, 45.29055], [148.017587, 45.28966], [148.020987, 45.28334], [148.016902, 45.279363], [148.025933, 45.28135], [148.027987, 45.272177], [148.03849, 45.266407], [148.09038, 45.25744], [148.163531, 45.258365], [148.274, 45.272265], [148.342744, 45.291143], [148.341993, 45.29773], [148.351353, 45.302037], [148.352268, 45.308043], [148.383318, 45.319952], [148.393184, 45.320485], [148.394196, 45.323977], [148.406856, 45.327589], [148.407848, 45.330712], [148.418616, 45.327537], [148.416475, 45.336232], [148.424324, 45.345787], [148.429485, 45.344856], [148.443841, 45.352446], [148.448207, 45.359479], [148.459987, 45.360057], [148.453461, 45.368652], [148.460312, 45.376631], [148.469383, 45.374951], [148.478649, 45.383555], [148.479603, 45.388997], [148.474737, 45.391507], [148.470319, 45.399937], [148.480694, 45.409515], [148.480146, 45.412935], [148.48628, 45.420634], [148.497164, 45.422158], [148.511086, 45.4311], [148.520454, 45.447233], [148.536798, 45.449325], [148.538736, 45.45271], [148.545125, 45.451226], [148.549262, 45.453914], [148.54916, 45.458005], [148.556761, 45.457855], [148.559527, 45.461238], [148.558348, 45.466312], [148.567073, 45.471025], [148.573087, 45.481665], [148.571905, 45.484942], [148.57576, 45.484518], [148.578338, 45.489572], [148.606835, 45.49135], [148.614578, 45.498271], [148.62968, 45.501507], [148.63915, 45.508867], [148.641553, 45.518172], [148.639125, 45.523473], [148.651266, 45.537337], [148.65998, 45.539154], [148.672568, 45.5368], [148.716881, 45.542674], [148.74837, 45.551445], [148.752202, 45.557239], [148.753615, 45.55385], [148.760592, 45.553354], [148.78251, 45.553396], [148.783693, 45.556823], [148.830092, 45.548227], [148.838257, 45.550688], [148.840705, 45.544175], [148.867369, 45.535286], [148.889707, 45.517611], [148.893018, 45.506], [148.890877, 45.487876], [148.886344, 45.481914], [148.881517, 45.481547], [148.874613, 45.474595], [148.833777, 45.461207], [148.826812, 45.44912], [148.829233, 45.427432], [148.84125, 45.426332], [148.843423, 45.419714], [148.85516, 45.417688], [148.860582, 45.408445], [148.87369, 45.401827], [148.876564, 45.394357], [148.875732, 45.388], [148.868812, 45.384254], [148.869963, 45.379229], [148.861268, 45.373104], [148.86106, 45.367373], [148.856211, 45.367212], [148.851268, 45.360681], [148.852354, 45.357566], [148.843232, 45.354846], [148.842021, 45.349738], [148.848678, 45.345185], [148.841824, 45.336212], [148.809018, 45.337373], [148.776756, 45.322643], [148.744144, 45.337255], [148.725829, 45.333508], [148.711745, 45.33622], [148.685557, 45.333893], [148.682169, 45.336962], [148.658734, 45.333383], [148.654391, 45.336442], [148.650436, 45.330524], [148.638986, 45.335334], [148.626418, 45.329751], [148.621006, 45.330548], [148.62055, 45.326662], [148.615682, 45.327029], [148.60672, 45.321454], [148.579566, 45.317924], [148.563488, 45.312011], [148.552158, 45.304236], [148.552646, 45.300908], [148.545537, 45.299031], [148.543184, 45.293881], [148.531851, 45.293112], [148.517737, 45.27978], [148.504992, 45.278575], [148.503607, 45.27556], [148.508002, 45.272538], [148.499363, 45.272148], [148.501439, 45.261544], [148.494384, 45.256177], [148.48562, 45.260966], [148.478, 45.261138], [148.470737, 45.259197], [148.457866, 45.249182], [148.435997, 45.252959], [148.408781, 45.238195], [148.403711, 45.234164], [148.404281, 45.230803], [148.39191, 45.233826], [148.373833, 45.22746], [148.350695, 45.230796], [148.365976, 45.227261], [148.321679, 45.221762], [148.301726, 45.214874], [148.27849, 45.201684], [148.280436, 45.195966], [148.264121, 45.189337], [148.266262, 45.185007], [148.259565, 45.184443], [148.256281, 45.188542], [148.24023, 45.18388], [148.214816, 45.169131], [148.213825, 45.162857], [148.199319, 45.157975], [148.199501, 45.154547], [148.19327, 45.149307], [148.167429, 45.146835], [148.157908, 45.141899], [148.159212, 45.137815], [148.151583, 45.138919], [148.132102, 45.12649], [148.099645, 45.11265], [148.075469, 45.093721], [148.074348, 45.087885], [148.066937, 45.086338], [148.06048, 45.077318], [148.061883, 45.073275], [148.055445, 45.071453], [148.055017, 45.067015], [148.04079, 45.065139], [148.029405, 45.056454], [148.026393, 45.047904], [148.019116, 45.045681], [148.0085, 45.03577], [148.006902, 45.029359], [147.999304, 45.02574], [147.983973, 45.0042], [147.958657, 44.998443], [147.948294, 44.99394], [147.946046, 44.989516], [147.934803, 44.988264], [147.924348, 44.980096], [147.918617, 44.969696], [147.915502, 44.971744], [147.910038, 44.970701], [147.911266, 44.965271], [147.904405, 44.960975], [147.896305, 44.960601], [147.89651, 44.966135], [147.890285, 44.968723], [147.878441, 44.962082], [147.866779, 44.966089]]]}}], "name": "北海道"}