{"type":"FeatureCollection","name":"和歌山県","features":[{"type":"Feature","properties":{"name":"和歌山県"},"geometry":{"type":"MultiLineString","coordinates":[[[135.01073275,34.27545944],[135.01073275,34.27545944]],[[135.01101484,34.27568808],[135.01101484,34.27568808]],[[135.01063078,34.27578405],[135.01063078,34.27578405]],[[135.00956669,34.27580441],[135.00956669,34.27580441]],[[135.00898012,34.27586295],[135.00898012,34.27586295]],[[135.01143728,34.27580853],[135.01143728,34.27580853]],[[135.01138389,34.27588778],[135.01138389,34.27588778]],[[135.01062039,34.27594878],[135.01062039,34.27594878]],[[135.00935908,34.27591353],[135.00935908,34.27591353]],[[135.00891005,34.27594633],[135.00891005,34.27594633]],[[135.01010095,34.27600516],[135.01010095,34.27600516]],[[135.01117997,34.27608933],[135.01117997,34.27608933]],[[135.00892827,34.27610722],[135.00892827,34.27610722]],[[135.01123864,34.27611659],[135.01123864,34.27611659]],[[135.01118256,34.2761292],[135.01118256,34.2761292]],[[135.00552703,34.27614311],[135.00552703,34.27614311]],[[135.00546097,34.27615459],[135.00546097,34.27615459]],[[135.01135603,34.27622761],[135.01135603,34.27622761]],[[135.00844297,34.27618803],[135.00844297,34.27618803]],[[135.00551236,34.27628059],[135.00551236,34.27628059]],[[135.011563,34.27630283],[135.011563,34.27630283]],[[135.00832827,34.27646459],[135.00832827,34.27646459]],[[135.00853939,34.27646611],[135.00853939,34.27646611]],[[135.00826805,34.27648041],[135.00826805,34.27648041]],[[135.00816014,34.27646692],[135.00816014,34.27646692]],[[135.01181686,34.27671744],[135.01181686,34.27671744]],[[135.01191134,34.27676247],[135.01191134,34.27676247]],[[135.0083953,34.2768142],[135.0083953,34.2768142]],[[135.01184056,34.27683447],[135.01184056,34.27683447]],[[135.00779144,34.2768552],[135.00779144,34.2768552]],[[135.00528956,34.27692308],[135.00528956,34.27692308]],[[135.00794044,34.27693836],[135.00794044,34.27693836]],[[135.00519608,34.27695669],[135.00519608,34.27695669]],[[135.00775603,34.27697636],[135.00775603,34.27697636]],[[135.00515698,34.27698631],[135.00515698,34.27698631]],[[135.00794769,34.27701513],[135.00794769,34.27701513]],[[135.00774209,34.27704595],[135.00774209,34.27704595]],[[135.00524645,34.27711647],[135.00524645,34.27711647]],[[135.00455005,34.27717564],[135.00455005,34.27717564]],[[135.00450567,34.27734659],[135.00450567,34.27734659]],[[135.00443387,34.2774878],[135.00443387,34.2774878]],[[135.00432209,34.27750764],[135.00432209,34.27750764]],[[135.00429859,34.27756711],[135.00429859,34.27756711]],[[135.0043192,34.27759703],[135.0043192,34.27759703]],[[135.00424231,34.27772605],[135.00424231,34.27772605]],[[135.00332516,34.27767811],[135.00332516,34.27767811]],[[135.0029992,34.27782964],[135.0029992,34.27782964]],[[135.00320664,34.27781111],[135.00320664,34.27781111]],[[135.00442005,34.27788544],[135.00442005,34.27788544]],[[135.00344399,34.27797011],[135.00344399,34.27797011]],[[135.00281881,34.27832608],[135.00281881,34.27832608]],[[135.00130078,34.27855344],[135.00130078,34.27855344]],[[135.00114322,34.27858786],[135.00114322,34.27858786]],[[135.00092403,34.27861059],[135.00092403,34.27861059]],[[135.00085616,34.27859995],[135.00085616,34.27859995]],[[135.00133876,34.27862044],[135.00133876,34.27862044]],[[135.00141839,34.27866456],[135.00141839,34.27866456]],[[135.00089433,34.27875053],[135.00089433,34.27875053]],[[135.0007145,34.2787588],[135.0007145,34.2787588]],[[135.00161752,34.27919133],[135.00161752,34.27919133]],[[135.00164567,34.27894364],[135.00164567,34.27894364]],[[135.00012674,34.27892359],[135.00012674,34.27892359]],[[135.00158953,34.27899672],[135.00158953,34.27899672]],[[135.00073261,34.27904456],[135.00073261,34.27904456]],[[135.00098425,34.27902614],[135.00098425,34.27902614]],[[135.00117944,34.27906072],[135.00117944,34.27906072]],[[135.00106272,34.27910503],[135.00106272,34.27910503]],[[135.00068141,34.27920433],[135.00068141,34.27920433]],[[135.00179075,34.27932905],[135.00179075,34.27932905]],[[135.00191825,34.27934723],[135.00191825,34.27934723]],[[135.00055436,34.27939577],[135.00055436,34.27939577]],[[135.00049103,34.27950011],[135.00049103,34.27950011]],[[134.99959,34.27961277],[134.99959,34.27961277]],[[135.01392589,34.27963672],[135.01392589,34.27963672]],[[135.01351438,34.27966497],[135.01351438,34.27966497]],[[135.01345078,34.27974522],[135.01345078,34.27974522]],[[134.9985925,34.27972556],[134.9985925,34.27972556]],[[135.01588219,34.27975911],[135.01588219,34.27975911]],[[135.01582547,34.279826],[135.01582547,34.279826]],[[135.01388825,34.27983864],[135.01388825,34.27983864]],[[135.01350039,34.27987725],[135.01350039,34.27987725]],[[135.01363387,34.27985849],[135.01363387,34.27985849]],[[135.0161635,34.27985944],[135.0161635,34.27985944]],[[135.01382852,34.27985483],[135.01382852,34.27985483]],[[135.01646545,34.28023077],[135.01646545,34.28023077]],[[135.01681436,34.28038314],[135.01681436,34.28038314]],[[135.01683494,34.28042461],[135.01683494,34.28042461]],[[135.01663694,34.28045311],[135.01663694,34.28045311]],[[135.01692798,34.28077233],[135.01692798,34.28077233]],[[135.01688523,34.28092814],[135.01688523,34.28092814]],[[135.01709817,34.28146203],[135.01709817,34.28146203]],[[135.01717886,34.28171403],[135.01717886,34.28171403]],[[135.00987492,34.28343367],[135.00987492,34.28343367]],[[135.01036241,34.28397636],[135.01036241,34.28397636]],[[135.01040092,34.28399111],[135.01040092,34.28399111]],[[135.01042866,34.28401413],[135.01042866,34.28401413]],[[135.01035197,34.28400449],[135.01035197,34.28400449]],[[135.01033005,34.28410628],[135.01033005,34.28410628]],[[134.99916917,34.27968611],[135.02369781,34.2927045],[135.01096314,34.2758358],[134.99916917,34.27968611]],[[135.01268939,34.28474908],[135.01268939,34.28474908]],[[135.01926553,34.28485636],[135.01926553,34.28485636]],[[135.01942497,34.28496987],[135.01942497,34.28496987]],[[135.01943372,34.28502123],[135.01943372,34.28502123]],[[135.0198128,34.28507503],[135.0198128,34.28507503]],[[135.01974263,34.28506589],[135.01974263,34.28506589]],[[135.01989025,34.28508375],[135.01989025,34.28508375]],[[135.01946073,34.28509853],[135.01946073,34.28509853]],[[135.01971811,34.28515747],[135.01971811,34.28515747]],[[135.01982528,34.28520603],[135.01982528,34.28520603]],[[135.01967292,34.28520569],[135.01967292,34.28520569]],[[135.01273326,34.28525195],[135.01273326,34.28525195]],[[135.0194875,34.28529905],[135.0194875,34.28529905]],[[135.01302558,34.28530244],[135.01302558,34.28530244]],[[135.01280614,34.2853812],[135.01280614,34.2853812]],[[135.02033652,34.28586905],[135.02033652,34.28586905]],[[135.02041209,34.28618113],[135.02041209,34.28618113]],[[135.02037275,34.28623156],[135.02037275,34.28623156]],[[135.01379211,34.28626533],[135.01379211,34.28626533]],[[135.02041283,34.28638],[135.02041283,34.28638]],[[135.0204493,34.28656997],[135.0204493,34.28656997]],[[135.01601986,34.28798072],[135.01601986,34.28798072]],[[135.01598891,34.28809156],[135.01598891,34.28809156]],[[135.02066253,34.28861736],[135.02066253,34.28861736]],[[135.02068256,34.28864195],[135.02068256,34.28864195]],[[135.02060163,34.28866187],[135.02060163,34.28866187]],[[135.01301322,34.28873636],[135.01301322,34.28873636]],[[135.01360044,34.28811111],[135.01360044,34.28811111]],[[135.01300947,34.28891744],[135.01300947,34.28891744]],[[135.01316815,34.28906803],[135.01316815,34.28906803]],[[135.01320025,34.28914725],[135.01320025,34.28914725]],[[135.01708384,34.28955839],[135.01708384,34.28955839]],[[135.01325348,34.28966678],[135.01325348,34.28966678]],[[135.013467,34.28977028],[135.013467,34.28977028]],[[135.01774056,34.29032264],[135.01774056,34.29032264]],[[135.02649124,34.29046236],[135.02649124,34.29046236]],[[135.02676533,34.29065711],[135.02676533,34.29065711]],[[135.02646849,34.29060805],[135.02646849,34.29060805]],[[135.02643075,34.290631],[135.02643075,34.290631]],[[135.02608484,34.29058164],[135.02608484,34.29058164]],[[135.02652141,34.29069005],[135.02652141,34.29069005]],[[135.02638025,34.29075311],[135.02638025,34.29075311]],[[135.02664492,34.29073772],[135.02664492,34.29073772]],[[135.02657898,34.29077605],[135.02657898,34.29077605]],[[135.02648744,34.29079095],[135.02648744,34.29079095]],[[135.02628569,34.29082431],[135.02628569,34.29082431]],[[135.02640514,34.29082725],[135.02640514,34.29082725]],[[135.02574183,34.29088031],[135.02574183,34.29088031]],[[135.02671275,34.29095023],[135.02671275,34.29095023]],[[135.02650691,34.29093108],[135.02650691,34.29093108]],[[135.02581597,34.29095086],[135.02581597,34.29095086]],[[135.02666222,34.29108253],[135.02666222,34.29108253]],[[135.02560442,34.29164244],[135.02560442,34.29164244]],[[135.02550528,34.2916888],[135.02550528,34.2916888]],[[135.02561842,34.29171016],[135.02561842,34.29171016]],[[135.02554635,34.2917608],[135.02554635,34.2917608]],[[135.02543803,34.29174561],[135.02543803,34.29174561]],[[135.025117,34.29178813],[135.025117,34.29178813]],[[135.02552869,34.29179547],[135.02552869,34.29179547]],[[135.02531523,34.29187256],[135.02531523,34.29187256]],[[135.0253427,34.29190172],[135.0253427,34.29190172]],[[135.02527519,34.29192433],[135.02527519,34.29192433]],[[135.0231137,34.29195805],[135.0231137,34.29195805]],[[135.02209034,34.29196956],[135.02209034,34.29196956]],[[135.02219339,34.29200023],[135.02219339,34.29200023]],[[135.02352462,34.29204103],[135.02352462,34.29204103]],[[135.02509562,34.29201344],[135.02509562,34.29201344]],[[135.02355144,34.29208723],[135.02355144,34.29208723]],[[135.0233517,34.29210772],[135.0233517,34.29210772]],[[135.02228739,34.29209995],[135.02228739,34.29209995]],[[135.01902192,34.29224028],[135.01902192,34.29224028]],[[135.02486825,34.29222933],[135.02486825,34.29222933]],[[135.02334103,34.29232536],[135.02334103,34.29232536]],[[135.02465202,34.29227386],[135.02465202,34.29227386]],[[135.02482584,34.29228292],[135.02482584,34.29228292]],[[135.02355973,34.29229383],[135.02355973,34.29229383]],[[135.02314562,34.29229647],[135.02314562,34.29229647]],[[135.02376061,34.29280508],[135.02376061,34.29280508]],[[135.02343462,34.292338],[135.02343462,34.292338]],[[135.02475075,34.29235939],[135.02475075,34.29235939]],[[135.02355353,34.29237728],[135.02355353,34.29237728]],[[135.02461148,34.292371],[135.02461148,34.292371]],[[135.02360798,34.29244225],[135.02360798,34.29244225]],[[135.02352698,34.29244792],[135.02352698,34.29244792]],[[135.0244292,34.29249478],[135.0244292,34.29249478]],[[135.02394397,34.29260631],[135.02394397,34.29260631]],[[135.023791,34.29260131],[135.023791,34.29260131]],[[135.02246764,34.29289323],[135.02246764,34.29289323]],[[135.02004633,34.29295059],[135.02004633,34.29295059]],[[135.02002326,34.29298241],[135.02002326,34.29298241]],[[135.02027387,34.29311313],[135.02027387,34.29311313]],[[135.02097536,34.29313895],[135.02097536,34.29313895]],[[135.02038205,34.29314972],[135.02038205,34.29314972]],[[135.02030097,34.29315339],[135.02030097,34.29315339]],[[135.02014825,34.29320941],[135.02014825,34.29320941]],[[135.02050005,34.29323116],[135.02050005,34.29323116]],[[135.02058409,34.29325347],[135.02058409,34.29325347]],[[135.05895973,33.87884777],[135.05895973,33.87884777]],[[135.05833333,33.87897095],[135.05833333,33.87897095]],[[135.05974306,33.87909583],[135.05974306,33.87909583]],[[135.05882445,33.879355],[135.05882445,33.879355]],[[135.05923667,33.87963139],[135.05923667,33.87963139]],[[135.05948973,33.87958083],[135.05948973,33.87958083]],[[135.06012805,33.87964833],[135.06012805,33.87964833]],[[135.06187112,33.87999777],[135.06187112,33.87999777]],[[135.05529805,33.88045972],[135.05529805,33.88045972]],[[135.06460722,33.88078111],[135.06460722,33.88078111]],[[135.06478944,33.88093333],[135.06478944,33.88093333]],[[135.05672333,33.88568556],[135.05672333,33.88568556]],[[135.06176639,33.89115556],[135.06176639,33.89115556]],[[135.06336389,33.8941075],[135.06336389,33.8941075]],[[135.06361389,33.89440056],[135.06361389,33.89440056]],[[135.06268167,33.89741083],[135.06268167,33.89741083]],[[135.06232361,33.89760833],[135.06232361,33.89760833]],[[135.05935805,33.89983472],[135.05935805,33.89983472]],[[135.05939167,33.90008833],[135.05939167,33.90008833]],[[135.05830722,33.90223361],[135.05830722,33.90223361]],[[135.05833111,33.90269277],[135.05833111,33.90269277]],[[135.05808778,33.90341972],[135.05808778,33.90341972]],[[135.05864195,33.90401749],[135.05864195,33.90401749]],[[135.05852694,33.90442889],[135.05852694,33.90442889]],[[135.05804056,33.90445139],[135.05804056,33.90445139]],[[135.05840528,33.90459805],[135.05840528,33.90459805]],[[135.05872278,33.90486305],[135.05872278,33.90486305]],[[135.06532805,33.92751333],[135.06532805,33.92751333]],[[135.06551973,33.92760056],[135.06551973,33.92760056]],[[135.06552389,33.92778389],[135.06552389,33.92778389]],[[135.06561861,33.92807972],[135.06561861,33.92807972]],[[135.06348861,33.93322944],[135.06348861,33.93322944]],[[135.06390111,33.93341],[135.06390111,33.93341]],[[135.06304917,33.93373695],[135.06304917,33.93373695]],[[135.06283944,33.93513472],[135.06283944,33.93513472]],[[135.06456393,33.93828669],[135.06456393,33.93828669]],[[135.05977639,33.97811277],[135.05977639,33.97811277]],[[135.05990472,33.97832695],[135.05990472,33.97832695]],[[135.02693475,34.29041323],[135.02693475,34.29041323]],[[135.02687501,34.29076425],[135.02687501,34.29076425]],[[135.02674267,34.2908238],[135.02674267,34.2908238]],[[135.02677092,34.29085964],[135.02677092,34.29085964]],[[135.02688267,34.29096383],[135.02688267,34.29096383]],[[135.02688703,34.29126597],[135.02688703,34.29126597]],[[135.02693053,34.29130761],[135.02693053,34.29130761]],[[135.04356689,34.29166461],[135.04356689,34.29166461]],[[135.04348869,34.2917402],[135.04348869,34.2917402]],[[135.04354934,34.29188111],[135.04354934,34.29188111]],[[135.04449375,34.29189444],[135.04449375,34.29189444]],[[135.02710861,34.29186877],[135.02710861,34.29186877]],[[135.02720547,34.29194511],[135.02720547,34.29194511]],[[135.04409837,34.2919908],[135.04409837,34.2919908]],[[135.04731122,34.29200472],[135.04731122,34.29200472]],[[135.02727983,34.29204487],[135.02727983,34.29204487]],[[135.04428289,34.29208095],[135.04428289,34.29208095]],[[135.04747167,34.29211923],[135.04747167,34.29211923]],[[135.04761306,34.29216197],[135.04761306,34.29216197]],[[135.04748536,34.292157],[135.04748536,34.292157]],[[135.04757064,34.29222339],[135.04757064,34.29222339]],[[135.04765947,34.29223589],[135.04765947,34.29223589]],[[135.02737562,34.29232925],[135.02737562,34.29232925]],[[135.0476228,34.2922905],[135.0476228,34.2922905]],[[135.04728384,34.29234331],[135.04728384,34.29234331]],[[135.02748428,34.29235272],[135.02748428,34.29235272]],[[135.04780881,34.29240175],[135.04780881,34.29240175]],[[135.02750481,34.29239087],[135.02750481,34.29239087]],[[135.0472828,34.2924458],[135.0472828,34.2924458]],[[135.04749611,34.29246586],[135.04749611,34.29246586]],[[135.03848827,34.29250792],[135.03848827,34.29250792]],[[135.04760497,34.29255156],[135.04760497,34.29255156]],[[135.0487483,34.2925635],[135.0487483,34.2925635]],[[135.04810642,34.29262441],[135.04810642,34.29262441]],[[135.03845377,34.2926482],[135.03845377,34.2926482]],[[135.02723914,34.29262583],[135.02723914,34.29262583]],[[135.03814128,34.29264764],[135.03814128,34.29264764]],[[135.02741533,34.2926908],[135.02741533,34.2926908]],[[135.04820406,34.29269269],[135.04820406,34.29269269]],[[135.04879275,34.29284169],[135.04879275,34.29284169]],[[135.04897852,34.29284828],[135.04897852,34.29284828]],[[135.02759767,34.29283541],[135.02759767,34.29283541]],[[135.03833489,34.29285272],[135.03833489,34.29285272]],[[135.02761956,34.29287661],[135.02761956,34.29287661]],[[135.03864105,34.29290236],[135.03864105,34.29290236]],[[135.04889436,34.29288467],[135.04889436,34.29288467]],[[135.04905961,34.29307447],[135.04905961,34.29307447]],[[135.03819997,34.29306192],[135.03819997,34.29306192]],[[135.03869317,34.29307749],[135.03869317,34.29307749]],[[135.03886202,34.29311011],[135.03886202,34.29311011]],[[135.04975953,34.29309792],[135.04975953,34.29309792]],[[135.03869258,34.29312925],[135.03869258,34.29312925]],[[135.04972231,34.29313378],[135.04972231,34.29313378]],[[135.03830803,34.29326578],[135.03830803,34.29326578]],[[135.04999423,34.29325453],[135.04999423,34.29325453]],[[135.03849141,34.29326136],[135.03849141,34.29326136]],[[135.02759664,34.29332141],[135.02759664,34.29332141]],[[135.04964817,34.29336861],[135.04964817,34.29336861]],[[135.05010044,34.29338231],[135.05010044,34.29338231]],[[135.03862891,34.29335808],[135.03862891,34.29335808]],[[135.04991014,34.29341075],[135.04991014,34.29341075]],[[135.05004445,34.2934062],[135.05004445,34.2934062]],[[135.02755253,34.2934808],[135.02755253,34.2934808]],[[135.04976438,34.2934565],[135.04976438,34.2934565]],[[135.05059089,34.29345931],[135.05059089,34.29345931]],[[135.02753795,34.29353003],[135.02753795,34.29353003]],[[135.05072316,34.2936245],[135.05072316,34.2936245]],[[135.02750908,34.29359478],[135.02750908,34.29359478]],[[135.02778353,34.29371264],[135.02778353,34.29371264]],[[135.02748119,34.29372367],[135.02748119,34.29372367]],[[135.02734486,34.29375205],[135.02734486,34.29375205]],[[135.03730572,34.29394569],[135.03730572,34.29394569]],[[135.05129209,34.29393786],[135.05129209,34.29393786]],[[135.05144051,34.29401239],[135.05144051,34.29401239]],[[135.03726442,34.29405092],[135.03726442,34.29405092]],[[135.03723878,34.29410969],[135.03723878,34.29410969]],[[135.03742339,34.294161],[135.03742339,34.294161]],[[135.03733683,34.29419853],[135.03733683,34.29419853]],[[135.05213058,34.29422636],[135.05213058,34.29422636]],[[135.03674195,34.29426011],[135.03674195,34.29426011]],[[135.03753058,34.29423908],[135.03753058,34.29423908]],[[135.03743328,34.29425664],[135.03743328,34.29425664]],[[135.0517993,34.29428195],[135.0517993,34.29428195]],[[135.05183927,34.29433067],[135.05183927,34.29433067]],[[135.03444272,34.294439],[135.03444272,34.294439]],[[135.03408341,34.29447511],[135.03408341,34.29447511]],[[135.0339827,34.29447795],[135.0339827,34.29447795]],[[135.03451448,34.2945108],[135.03451448,34.2945108]],[[135.03426997,34.29455656],[135.03426997,34.29455656]],[[135.03673136,34.29454989],[135.03673136,34.29454989]],[[135.03443125,34.29467161],[135.03443125,34.29467161]],[[135.03450872,34.29469792],[135.03450872,34.29469792]],[[135.03436119,34.29469016],[135.03436119,34.29469016]],[[135.03492333,34.29473733],[135.03492333,34.29473733]],[[135.03159942,34.29472813],[135.03159942,34.29472813]],[[135.03180492,34.29475841],[135.03180492,34.29475841]],[[135.03520261,34.29471833],[135.03520261,34.29471833]],[[135.03171377,34.29477853],[135.03171377,34.29477853]],[[135.03450733,34.29482141],[135.03450733,34.29482141]],[[135.03503745,34.29480783],[135.03503745,34.29480783]],[[135.03394591,34.29478633],[135.03394591,34.29478633]],[[135.03544047,34.29480578],[135.03544047,34.29480578]],[[135.03565586,34.29481739],[135.03565586,34.29481739]],[[135.03153209,34.29476492],[135.03153209,34.29476492]],[[135.03179311,34.29487887],[135.03179311,34.29487887]],[[135.03127195,34.29484959],[135.03127195,34.29484959]],[[135.03552708,34.29487911],[135.03552708,34.29487911]],[[135.03133477,34.29492905],[135.03133477,34.29492905]],[[135.03401591,34.29494383],[135.03401591,34.29494383]],[[135.03167636,34.29494303],[135.03167636,34.29494303]],[[135.03165742,34.29504189],[135.03165742,34.29504189]],[[135.03154167,34.29511208],[135.03154167,34.29511208]],[[135.03247386,34.29513353],[135.03247386,34.29513353]],[[135.03193027,34.29512733],[135.03193027,34.29512733]],[[135.03422756,34.29518756],[135.03422756,34.29518756]],[[135.03288506,34.29524387],[135.03288506,34.29524387]],[[135.03203209,34.29529456],[135.03203209,34.29529456]],[[135.03210472,34.29538311],[135.03210472,34.29538311]],[[135.03345997,34.29537922],[135.03345997,34.29537922]],[[135.0322838,34.29544475],[135.0322838,34.29544475]],[[135.03239167,34.29558508],[135.03239167,34.29558508]],[[135.03226623,34.29556569],[135.03226623,34.29556569]],[[135.03243986,34.29526605],[135.06023131,34.29767175],[135.03243986,34.29526605]],[[135.054206,34.2960158],[135.054206,34.2960158]],[[135.05482767,34.29655936],[135.05482767,34.29655936]],[[135.03468728,34.29659044],[135.03468728,34.29659044]],[[135.03491581,34.29663103],[135.03491581,34.29663103]],[[135.0351602,34.29669931],[135.0351602,34.29669931]],[[135.05861436,34.29676844],[135.05861436,34.29676844]],[[135.03531572,34.29678789],[135.03531572,34.29678789]],[[135.06005472,34.29681089],[135.06005472,34.29681089]],[[135.05855713,34.29681453],[135.05855713,34.29681453]],[[135.05840603,34.2967948],[135.05840603,34.2967948]],[[135.05825109,34.2968092],[135.05825109,34.2968092]],[[135.05641467,34.29694139],[135.05641467,34.29694139]],[[135.03564445,34.29705183],[135.03564445,34.29705183]],[[135.06036256,34.29709605],[135.06036256,34.29709605]],[[135.06027211,34.29709211],[135.06027211,34.29709211]],[[135.06043345,34.29718775],[135.06043345,34.29718775]],[[135.06029341,34.29727447],[135.06029341,34.29727447]],[[135.06039458,34.29722305],[135.06039458,34.29722305]],[[135.06046411,34.29731087],[135.06046411,34.29731087]],[[135.06031428,34.29729483],[135.06031428,34.29729483]],[[135.04619934,34.29839083],[135.04619934,34.29839083]],[[135.04041397,34.29845447],[135.04041397,34.29845447]],[[135.04601433,34.29854597],[135.04601433,34.29854597]],[[135.04591822,34.29854153],[135.04591822,34.29854153]],[[135.04775005,34.29858933],[135.04775005,34.29858933]],[[135.04585876,34.29858641],[135.04585876,34.29858641]],[[135.05064272,34.29901667],[135.05064272,34.29901667]],[[135.0507982,34.29914039],[135.0507982,34.29914039]],[[135.05139555,34.29913059],[135.05139555,34.29913059]],[[135.04850511,34.29914036],[135.04850511,34.29914036]],[[135.04874783,34.29913856],[135.04874783,34.29913856]],[[135.04879528,34.29924636],[135.04879528,34.29924636]],[[135.04847897,34.29926403],[135.04847897,34.29926403]],[[135.04889244,34.29928103],[135.04889244,34.29928103]],[[135.06583639,33.881125],[135.06583639,33.881125]],[[135.06754584,33.88181278],[135.06754584,33.88181278]],[[135.06761333,33.88198777],[135.06761333,33.88198777]],[[135.06957222,33.88285556],[135.06957222,33.88285556]],[[135.07726,33.88586583],[135.07726,33.88586583]],[[135.07771278,33.88575889],[135.07771278,33.88575889]],[[135.074287,33.90433092],[135.074287,33.90433092]],[[135.07566975,33.90561167],[135.07566975,33.90561167]],[[135.07037584,33.91391083],[135.07037584,33.91391083]],[[135.06962611,33.91382056],[135.06962611,33.91382056]],[[135.07805,33.91378695],[135.07805,33.91378695]],[[135.06938278,33.91398416],[135.06938278,33.91398416]],[[135.07003139,33.91403472],[135.07003139,33.91403472]],[[135.06914639,33.91410805],[135.06914639,33.91410805]],[[135.06959222,33.91414195],[135.06959222,33.91414195]],[[135.07059889,33.91426583],[135.07059889,33.91426583]],[[135.07005834,33.91427722],[135.07005834,33.91427722]],[[135.07049083,33.91430528],[135.07049083,33.91430528]],[[135.07030167,33.91446889],[135.07030167,33.91446889]],[[135.07064611,33.91454222],[135.07064611,33.91454222]],[[135.07053805,33.91463249],[135.07053805,33.91463249]],[[135.07560445,33.91820083],[135.07560445,33.91820083]],[[135.07618139,33.92176916],[135.07618139,33.92176916]],[[135.07125834,33.92327416],[135.07125834,33.92327416]],[[135.06911501,33.92437916],[135.06911501,33.92437916]],[[135.06994639,33.92459333],[135.06994639,33.92459333]],[[135.06915555,33.92457083],[135.06915555,33.92457083]],[[135.06961501,33.92475695],[135.06961501,33.92475695]],[[135.06936472,33.92476805],[135.06936472,33.92476805]],[[135.06908778,33.92488083],[135.06908778,33.92488083]],[[135.06939888,33.92491889],[135.06939888,33.92491889]],[[135.06826278,33.92501056],[135.06826278,33.92501056]],[[135.06917555,33.92506139],[135.06917555,33.92506139]],[[135.06861445,33.92511195],[135.06861445,33.92511195]],[[135.06888333,33.92510195],[135.06888333,33.92510195]],[[135.0681275,33.92513472],[135.0681275,33.92513472]],[[135.06831694,33.92521333],[135.06831694,33.92521333]],[[135.069,33.92521889],[135.069,33.92521889]],[[135.06810722,33.92533722],[135.06810722,33.92533722]],[[135.06830333,33.92537667],[135.06830333,33.92537667]],[[135.07745917,33.92536583],[135.07745917,33.92536583]],[[135.06843861,33.92537667],[135.06843861,33.92537667]],[[135.06851973,33.92552333],[135.06851973,33.92552333]],[[135.0683575,33.92556833],[135.0683575,33.92556833]],[[135.06809389,33.92578278],[135.06809389,33.92578278]],[[135.07706027,33.92588972],[135.07706027,33.92588972]],[[135.06717416,33.92591249],[135.06717416,33.92591249]],[[135.06786,33.925925],[135.06786,33.925925]],[[135.06769472,33.92604195],[135.06769472,33.92604195]],[[135.06715834,33.926125],[135.06715834,33.926125]],[[135.06743778,33.92617167],[135.06743778,33.92617167]],[[135.06752917,33.92624722],[135.06752917,33.92624722]],[[135.06621389,33.92632944],[135.06621389,33.92632944]],[[135.06737027,33.92645361],[135.06737027,33.92645361]],[[135.06578027,33.92807583],[135.06578027,33.92807583]],[[135.06632195,33.92853944],[135.06632195,33.92853944]],[[135.06628139,33.92866889],[135.06628139,33.92866889]],[[135.06669389,33.92921028],[135.06669389,33.92921028]],[[135.06699834,33.92941333],[135.06699834,33.92941333]],[[135.06699834,33.92966695],[135.06699834,33.92966695]],[[135.06822195,33.93006139],[135.06822195,33.93006139]],[[135.0681475,33.93045583],[135.0681475,33.93045583]],[[135.06820167,33.93092944],[135.06820167,33.93092944]],[[135.06802584,33.93089],[135.06802584,33.93089]],[[135.06690361,33.93130167],[135.06690361,33.93130167]],[[135.06724834,33.93133556],[135.06724834,33.93133556]],[[135.06768111,33.93135249],[135.06768111,33.93135249]],[[135.06726195,33.93158361],[135.06726195,33.93158361]],[[135.06795834,33.93167361],[135.06795834,33.93167361]],[[135.06761361,33.93174695],[135.06761361,33.93174695]],[[135.06666667,33.93161939],[135.06666667,33.93161939]],[[135.06816112,33.93176389],[135.06816112,33.93176389]],[[135.06716722,33.93176944],[135.06716722,33.93176944]],[[135.06606501,33.93169056],[135.06606501,33.93169056]],[[135.06806416,33.93186528],[135.06806416,33.93186528]],[[135.06680889,33.93188805],[135.06680889,33.93188805]],[[135.06641667,33.93208528],[135.06641667,33.93208528]],[[135.07377389,33.93206277],[135.07377389,33.93206277]],[[135.06565917,33.93215861],[135.06565917,33.93215861]],[[135.06584195,33.93211916],[135.06584195,33.93211916]],[[135.0659825,33.93225],[135.0659825,33.93225]],[[135.06645722,33.93224889],[135.06645722,33.93224889]],[[135.07421973,33.93233889],[135.07421973,33.93233889]],[[135.06587555,33.93260361],[135.06587555,33.93260361]],[[135.06564584,33.93268833],[135.06564584,33.93268833]],[[135.0747675,33.93319556],[135.0747675,33.93319556]],[[135.07518027,33.93346639],[135.07518027,33.93346639]],[[135.07465278,33.93456],[135.07465278,33.93456]],[[135.0726375,33.94757639],[135.0726375,33.94757639]],[[135.07331361,33.94898],[135.07331361,33.94898]],[[135.0722925,33.95005111],[135.0722925,33.95005111]],[[135.07340834,33.94927889],[135.07340834,33.94927889]],[[135.07622805,33.94985944],[135.07622805,33.94985944]],[[135.07645805,33.95001749],[135.07645805,33.95001749]],[[135.07864163,33.95644461],[135.07864163,33.95644461]],[[135.07822117,33.95660841],[135.07822117,33.95660841]],[[135.07881112,33.95656222],[135.07881112,33.95656222]],[[135.0762773,33.95693311],[135.0762773,33.95693311]],[[135.07808112,33.95704695],[135.07808112,33.95704695]],[[135.07719501,33.95714278],[135.07719501,33.95714278]],[[135.07721914,33.95726277],[135.07721914,33.95726277]],[[135.07691778,33.95725],[135.07691778,33.95725]],[[135.07649861,33.95745278],[135.07649861,33.95745278]],[[135.07691322,33.95755816],[135.07691322,33.95755816]],[[135.07637,33.95757139],[135.07637,33.95757139]],[[135.07614503,33.95796011],[135.07614503,33.95796011]],[[135.07199041,33.95811277],[135.07199041,33.95811277]],[[135.07539639,33.95847861],[135.07539639,33.95847861]],[[135.07489611,33.95855195],[135.07489611,33.95855195]],[[135.07420022,33.95885005],[135.07420022,33.95885005]],[[135.07287134,33.95974895],[135.07287134,33.95974895]],[[135.07258333,33.95982583],[135.07258333,33.95982583]],[[135.07282472,33.95989725],[135.07282472,33.95989725]],[[135.07303888,33.95997167],[135.07303888,33.95997167]],[[135.07368817,33.96007253],[135.07368817,33.96007253]],[[135.07564655,33.96017408],[135.07564655,33.96017408]],[[135.06849189,33.96006189],[135.06849189,33.96006189]],[[135.07757389,33.96033333],[135.07757389,33.96033333]],[[135.07688949,33.96033569],[135.07688949,33.96033569]],[[135.07652837,33.9603548],[135.07652837,33.9603548]],[[135.07721995,33.96057592],[135.07721995,33.96057592]],[[135.07847973,33.96073916],[135.07847973,33.96073916]],[[135.07822501,33.96104528],[135.07822501,33.96104528]],[[135.07854211,33.96946695],[135.07854211,33.96946695]],[[135.07913662,33.96939836],[135.07913662,33.96939836]],[[135.07837808,33.96978613],[135.07837808,33.96978613]],[[135.07849316,33.9698108],[135.07849316,33.9698108]],[[135.0788372,33.97019925],[135.0788372,33.97019925]],[[135.07862611,33.97044878],[135.07862611,33.97044878]],[[135.07885261,33.97032667],[135.07885261,33.97032667]],[[135.07832445,33.97232389],[135.07832445,33.97232389]],[[135.07861511,33.97242008],[135.07861511,33.97242008]],[[135.07826361,33.97258272],[135.07826361,33.97258272]],[[135.07830786,33.97270403],[135.07830786,33.97270403]],[[135.0780675,33.97274639],[135.0780675,33.97274639]],[[135.07782416,33.97306222],[135.07782416,33.97306222]],[[135.07742411,33.97347295],[135.07742411,33.97347295]],[[135.07735161,33.97354247],[135.07735161,33.97354247]],[[135.07554781,33.97380922],[135.07554781,33.97380922]],[[135.07604616,33.97419678],[135.07604616,33.97419678]],[[135.07500109,33.97423203],[135.07500109,33.97423203]],[[135.07482608,33.97542295],[135.07482608,33.97542295]],[[135.07455409,33.97554522],[135.07455409,33.97554522]],[[135.07439834,33.9755282],[135.07439834,33.9755282]],[[135.07411453,33.97567392],[135.07411453,33.97567392]],[[135.0744718,33.97608816],[135.0744718,33.97608816]],[[135.07403263,33.97623067],[135.07403263,33.97623067]],[[135.0738615,33.976263],[135.0738615,33.976263]],[[135.07372722,33.97635233],[135.07372722,33.97635233]],[[135.06892442,33.9779978],[135.06892442,33.9779978]],[[135.06880567,33.97803],[135.06880567,33.97803]],[[135.06923789,33.97808953],[135.06923789,33.97808953]],[[135.06883036,33.97852461],[135.06883036,33.97852461]],[[135.06948086,33.97857369],[135.06948086,33.97857369]],[[135.06921336,33.97863308],[135.06921336,33.97863308]],[[135.06906031,33.97871449],[135.06906031,33.97871449]],[[135.07565856,33.97879544],[135.07565856,33.97879544]],[[135.06861375,33.978867],[135.06861375,33.978867]],[[135.06889589,33.97883578],[135.06889589,33.97883578]],[[135.068621,33.9788182],[135.068621,33.9788182]],[[135.06911314,33.97901153],[135.06911314,33.97901153]],[[135.06866903,33.97899861],[135.06866903,33.97899861]],[[135.06892986,33.97902664],[135.06892986,33.97902664]],[[135.07504703,33.97908241],[135.07504703,33.97908241]],[[135.0667528,33.97907044],[135.0667528,33.97907044]],[[135.06659278,33.97918761],[135.06659278,33.97918761]],[[135.06712494,33.97931336],[135.06712494,33.97931336]],[[135.06691272,33.97942239],[135.06691272,33.97942239]],[[135.07848745,34.0734965],[135.07848745,34.0734965]],[[135.07835188,34.07382887],[135.07835188,34.07382887]],[[135.07841449,34.07392095],[135.07841449,34.07392095]],[[135.07847269,34.07398909],[135.07847269,34.07398909]],[[135.07889636,34.10966869],[135.07889636,34.10966869]],[[135.07827955,34.11021673],[135.07827955,34.11021673]],[[135.07731699,34.11050205],[135.07731699,34.11050205]],[[135.0765359,34.11097411],[135.0765359,34.11097411]],[[135.07646398,34.11161773],[135.07646398,34.11161773]],[[135.07555057,34.11194632],[135.07555057,34.11194632]],[[135.07613957,34.11214586],[135.07613957,34.11214586]],[[135.07602866,34.11214782],[135.07602866,34.11214782]],[[135.07881516,34.11472909],[135.07881516,34.11472909]],[[135.07838095,34.11502777],[135.07838095,34.11502777]],[[135.07593607,34.11511091],[135.07593607,34.11511091]],[[135.07797695,34.11524796],[135.07797695,34.11524796]],[[135.07782266,34.11533281],[135.07782266,34.11533281]],[[135.0769018,34.11526649],[135.0769018,34.11526649]],[[135.07821029,34.11546231],[135.07821029,34.11546231]],[[135.07826687,34.11569055],[135.07826687,34.11569055]],[[135.069312,34.27934839],[135.069312,34.27934839]],[[135.06735078,34.28485053],[135.06735078,34.28485053]],[[135.06758428,34.28546311],[135.06758428,34.28546311]],[[135.06715783,34.29116559],[135.06715783,34.29116559]],[[135.06894798,34.29527316],[135.06894798,34.29527316]],[[135.06922966,34.2954685],[135.06922966,34.2954685]],[[135.07637275,34.30730208],[135.07637275,34.30730208]],[[135.07632586,34.30739605],[135.07632586,34.30739605]],[[135.09058195,33.88682972],[135.09058195,33.88682972]],[[135.09114944,33.88681278],[135.09114944,33.88681278]],[[135.08270944,33.88707889],[135.08270944,33.88707889]],[[135.09149222,33.88714111],[135.09149222,33.88714111]],[[135.09446056,33.88743695],[135.09446056,33.88743695]],[[135.09205278,33.88749944],[135.09205278,33.88749944]],[[135.09430416,33.88756277],[135.09430416,33.88756277]],[[135.094,33.88760223],[135.094,33.88760223]],[[135.09407278,33.88809972],[135.09407278,33.88809972]],[[135.09468917,33.88804195],[135.09468917,33.88804195]],[[135.07940639,33.93550167],[135.07940639,33.93550167]],[[135.08142139,33.93562556],[135.08142139,33.93562556]],[[135.07956195,33.93562],[135.07956195,33.93562]],[[135.08160416,33.93571028],[135.08160416,33.93571028]],[[135.07944027,33.93571028],[135.07944027,33.93571028]],[[135.08205722,33.93567639],[135.08205722,33.93567639]],[[135.08108333,33.935665],[135.08108333,33.935665]],[[135.07979195,33.9356875],[135.07979195,33.9356875]],[[135.08129306,33.93577223],[135.08129306,33.93577223]],[[135.07973917,33.93582195],[135.07973917,33.93582195]],[[135.07988639,33.93587361],[135.07988639,33.93587361]],[[135.07984584,33.93594695],[135.07984584,33.93594695]],[[135.08935306,33.94496639],[135.08935306,33.94496639]],[[135.09028639,33.94898028],[135.09028639,33.94898028]],[[135.09061112,33.94900861],[135.09061112,33.94900861]],[[135.08798412,33.94900087],[135.08798412,33.94900087]],[[135.09137528,33.94926222],[135.09137528,33.94926222]],[[135.09186195,33.94939749],[135.09186195,33.94939749]],[[135.09246361,33.94952167],[135.09246361,33.94952167]],[[135.09201722,33.94956111],[135.09201722,33.94956111]],[[135.09227445,33.94967389],[135.09227445,33.94967389]],[[135.07994733,33.95463372],[135.07994733,33.95463372]],[[135.07910095,33.95512586],[135.07910095,33.95512586]],[[135.07936423,33.95530283],[135.07936423,33.95530283]],[[135.07986058,33.95559533],[135.07986058,33.95559533]],[[135.07940903,33.95572313],[135.07940903,33.95572313]],[[135.07970012,33.95565859],[135.07970012,33.95565859]],[[135.08039642,33.95564189],[135.08039642,33.95564189]],[[135.07913691,33.95583469],[135.07913691,33.95583469]],[[135.07928365,33.95584425],[135.07928365,33.95584425]],[[135.07967667,33.95589695],[135.07967667,33.95589695]],[[135.0794875,33.95594195],[135.0794875,33.95594195]],[[135.08126555,33.95599861],[135.08126555,33.95599861]],[[135.08157,33.95609416],[135.08157,33.95609416]],[[135.08180667,33.95628028],[135.08180667,33.95628028]],[[135.09550224,33.95731697],[135.09550224,33.95731697]],[[135.09090326,33.95730283],[135.09090326,33.95730283]],[[135.09083017,33.9572885],[135.09083017,33.9572885]],[[135.09251778,33.95748667],[135.09251778,33.95748667]],[[135.09423224,33.95748986],[135.09423224,33.95748986]],[[135.09351348,33.957575],[135.09351348,33.957575]],[[135.09287706,33.9575475],[135.09287706,33.9575475]],[[135.09263189,33.95751595],[135.09263189,33.95751595]],[[135.09467472,33.95758249],[135.09467472,33.95758249]],[[135.0919025,33.95762195],[135.0919025,33.95762195]],[[135.09376889,33.95770111],[135.09376889,33.95770111]],[[135.09328195,33.95770667],[135.09328195,33.95770667]],[[135.0823027,33.96159339],[135.0823027,33.96159339]],[[135.08414811,33.96369647],[135.08414811,33.96369647]],[[135.08459278,33.96464028],[135.08459278,33.96464028]],[[135.08483639,33.96528861],[135.08483639,33.96528861]],[[135.08485014,33.96533023],[135.08485014,33.96533023]],[[135.08492053,33.96537583],[135.08492053,33.96537583]],[[135.08491056,33.96563833],[135.08491056,33.96563833]],[[135.08535114,33.96607947],[135.08535114,33.96607947]],[[135.07974445,33.96918389],[135.07974445,33.96918389]],[[135.07978594,33.96922967],[135.07978594,33.96922967]],[[135.07926416,33.969325],[135.07926416,33.969325]],[[135.07938584,33.96933611],[135.07938584,33.96933611]],[[135.07917667,33.97114],[135.07917667,33.97114]],[[135.08142562,33.97862205],[135.08142562,33.97862205]],[[135.08033597,33.97893777],[135.08033597,33.97893777]],[[135.08033995,33.97904159],[135.08033995,33.97904159]],[[135.08100655,33.97905439],[135.08100655,33.97905439]],[[135.08326197,33.97909953],[135.08326197,33.97909953]],[[135.08490834,33.9798692],[135.08490834,33.9798692]],[[135.08655501,33.9829708],[135.08655501,33.9829708]],[[135.09085869,33.98372628],[135.09085869,33.98372628]],[[135.09002319,33.98530049],[135.09002319,33.98530049]],[[135.08968244,33.98533439],[135.08968244,33.98533439]],[[135.09008886,33.98541359],[135.09008886,33.98541359]],[[135.0895437,33.98616561],[135.0895437,33.98616561]],[[135.08928294,33.98639077],[135.08928294,33.98639077]],[[135.08697445,33.98839816],[135.08697445,33.98839816]],[[135.08589689,33.98838739],[135.08589689,33.98838739]],[[135.08349764,33.98902372],[135.08349764,33.98902372]],[[135.08143411,33.98919983],[135.08143411,33.98919983]],[[135.08247475,33.98876941],[135.08985772,33.98717789],[135.08247475,33.98876941]],[[135.08846455,34.00128503],[135.08846455,34.00128503]],[[135.09271733,34.00170767],[135.09271733,34.00170767]],[[135.08851233,34.00188908],[135.08851233,34.00188908]],[[135.0886775,34.00259941],[135.0886775,34.00259941]],[[135.09128148,34.00190067],[135.09128148,34.00190067]],[[135.08878058,34.00262811],[135.08878058,34.00262811]],[[135.09131698,34.00340664],[135.09131698,34.00340664]],[[135.08697543,34.06680711],[135.08697543,34.06680711]],[[135.08901078,34.06690002],[135.08901078,34.06690002]],[[135.08773616,34.06694745],[135.08773616,34.06694745]],[[135.09003288,34.06696394],[135.09003288,34.06696394]],[[135.08749948,34.06699546],[135.08749948,34.06699546]],[[135.08802407,34.06698205],[135.08802407,34.06698205]],[[135.09041733,34.06710815],[135.09041733,34.06710815]],[[135.08857162,34.06700901],[135.08857162,34.06700901]],[[135.09417044,34.06715976],[135.09417044,34.06715976]],[[135.08935882,34.06722725],[135.08935882,34.06722725]],[[135.08924411,34.06724587],[135.08924411,34.06724587]],[[135.0891717,34.06733162],[135.0891717,34.06733162]],[[135.08751611,34.06744493],[135.08751611,34.06744493]],[[135.08751718,34.0675166],[135.08751718,34.0675166]],[[135.09445951,34.06753297],[135.09445951,34.06753297]],[[135.08742093,34.06752149],[135.08742093,34.06752149]],[[135.08983375,34.0675831],[135.08983375,34.0675831]],[[135.08755374,34.06766429],[135.08755374,34.06766429]],[[135.08760633,34.06772995],[135.08760633,34.06772995]],[[135.09408743,34.06784371],[135.09408743,34.06784371]],[[135.09373751,34.06803786],[135.09373751,34.06803786]],[[135.09335372,34.06808361],[135.09335372,34.06808361]],[[135.0933483,34.0681155],[135.0933483,34.0681155]],[[135.09339529,34.06813757],[135.09339529,34.06813757]],[[135.09355632,34.06825577],[135.09355632,34.06825577]],[[135.09504298,34.06848185],[135.09504298,34.06848185]],[[135.09321777,34.06853114],[135.09321777,34.06853114]],[[135.08781987,34.06851689],[135.08781987,34.06851689]],[[135.08786067,34.06855082],[135.08786067,34.06855082]],[[135.0875896,34.06856378],[135.0875896,34.06856378]],[[135.08772521,34.06854468],[135.08772521,34.06854468]],[[135.0874161,34.06858836],[135.0874161,34.06858836]],[[135.08771542,34.06860898],[135.08771542,34.06860898]],[[135.0876129,34.06871289],[135.0876129,34.06871289]],[[135.08697087,34.06928278],[135.08697087,34.06928278]],[[135.08685418,34.06936414],[135.08685418,34.06936414]],[[135.09566306,34.0694437],[135.09566306,34.0694437]],[[135.08672691,34.06966405],[135.08672691,34.06966405]],[[135.08519779,34.06984038],[135.08519779,34.06984038]],[[135.08511589,34.0698606],[135.08511589,34.0698606]],[[135.08476837,34.06994924],[135.08476837,34.06994924]],[[135.08502568,34.06992808],[135.08502568,34.06992808]],[[135.08470162,34.06994045],[135.08470162,34.06994045]],[[135.08507051,34.06995105],[135.08507051,34.06995105]],[[135.08494506,34.07006028],[135.08494506,34.07006028]],[[135.08508159,34.07006824],[135.08508159,34.07006824]],[[135.08609658,34.07009148],[135.08609658,34.07009148]],[[135.08422326,34.07017706],[135.08422326,34.07017706]],[[135.08407192,34.07074915],[135.08407192,34.07074915]],[[135.08439572,34.07084164],[135.08439572,34.07084164]],[[135.08443301,34.07088086],[135.08443301,34.07088086]],[[135.08431459,34.07104253],[135.08431459,34.07104253]],[[135.08393638,34.07141431],[135.08393638,34.07141431]],[[135.08383126,34.07135709],[135.08383126,34.07135709]],[[135.08399816,34.07162295],[135.08399816,34.07162295]],[[135.08395722,34.0716414],[135.08395722,34.0716414]],[[135.08326463,34.0717308],[135.08326463,34.0717308]],[[135.08367106,34.07176647],[135.08367106,34.07176647]],[[135.08356112,34.07183489],[135.08356112,34.07183489]],[[135.08358118,34.07192295],[135.08358118,34.07192295]],[[135.08291158,34.07201947],[135.08291158,34.07201947]],[[135.08325534,34.07210949],[135.08325534,34.07210949]],[[135.08279849,34.07212726],[135.08279849,34.07212726]],[[135.08302934,34.07213033],[135.08302934,34.07213033]],[[135.08304979,34.07226347],[135.08304979,34.07226347]],[[135.08266761,34.07236916],[135.08266761,34.07236916]],[[135.08261283,34.07258775],[135.08261283,34.07258775]],[[135.08121614,34.07286473],[135.08121614,34.07286473]],[[135.08104554,34.07294126],[135.08104554,34.07294126]],[[135.08005602,34.07293512],[135.08005602,34.07293512]],[[135.07962972,34.07287359],[135.07962972,34.07287359]],[[135.08096555,34.07300531],[135.08096555,34.07300531]],[[135.08652925,34.07298079],[135.08652925,34.07298079]],[[135.08947032,34.07342195],[135.08947032,34.07342195]],[[135.08955283,34.07351803],[135.08955283,34.07351803]],[[135.08959351,34.07355313],[135.08959351,34.07355313]],[[135.08422745,34.07388533],[135.08422745,34.07388533]],[[135.08397891,34.07393487],[135.08397891,34.07393487]],[[135.0839754,34.07404015],[135.0839754,34.07404015]],[[135.0793499,34.07446304],[135.0793499,34.07446304]],[[135.08093268,34.0754163],[135.08093268,34.0754163]],[[135.09509796,34.09166183],[135.09509796,34.09166183]],[[135.09513279,34.09186213],[135.09513279,34.09186213]],[[135.07952198,34.10885694],[135.07952198,34.10885694]],[[135.0799539,34.10928832],[135.0799539,34.10928832]],[[135.08008986,34.10935488],[135.08008986,34.10935488]],[[135.08041333,34.10948073],[135.08041333,34.10948073]],[[135.07961515,34.10959223],[135.07961515,34.10959223]],[[135.08035988,34.11070366],[135.08035988,34.11070366]],[[135.08144559,34.11133855],[135.08144559,34.11133855]],[[135.08214628,34.11187499],[135.08214628,34.11187499]],[[135.0822986,34.11207312],[135.0822986,34.11207312]],[[135.08412975,34.11217432],[135.08412975,34.11217432]],[[135.07489927,34.1130196],[135.08390449,34.1137044],[135.07489927,34.1130196]],[[135.08353218,34.11308973],[135.08353218,34.11308973]],[[135.08347287,34.11318224],[135.08347287,34.11318224]],[[135.08377087,34.11397396],[135.08377087,34.11397396]],[[135.08204665,34.11460561],[135.08204665,34.11460561]],[[135.08214008,34.30783011],[135.08214008,34.30783011]],[[135.08204416,34.30794947],[135.08204416,34.30794947]],[[135.07922222,34.30830587],[135.07922222,34.30830587]],[[135.09600639,33.88789528],[135.09600639,33.88789528]],[[135.10271445,33.88946223],[135.10271445,33.88946223]],[[135.10496416,33.88966528],[135.10496416,33.88966528]],[[135.10343056,33.88967083],[135.10343056,33.88967083]],[[135.10480889,33.88980056],[135.10480889,33.88980056]],[[135.10515333,33.88996972],[135.10515333,33.88996972]],[[135.10678139,33.89091667],[135.10678139,33.89091667]],[[135.10668,33.89104639],[135.10668,33.89104639]],[[135.10968611,33.89228111],[135.10968611,33.89228111]],[[135.15149742,33.87581653],[135.11379306,33.89345556],[135.08935888,33.88675639],[135.0800675,33.89095556],[135.0576625,33.87983416],[135.05640584,33.88818277],[135.06496195,33.89562083],[135.05893917,33.90488],[135.07616337,33.90306764],[135.08376642,33.91019846],[135.07838112,33.91377583],[135.08255719,33.91916092],[135.07521944,33.91762028],[135.07928445,33.92558916],[135.06477361,33.92632944],[135.06790722,33.93146944],[135.08503834,33.93521223],[135.08104278,33.94116139],[135.09018278,33.94272222],[135.08850778,33.94912139],[135.11810089,33.96021872],[135.10201632,33.96682323],[135.09569898,33.95748756],[135.07954936,33.95579216],[135.07179034,33.95908039],[135.08382594,33.96147953],[135.08570156,33.96871397],[135.06768111,33.97687387],[135.08816934,33.97926825],[135.09307355,33.99319444],[135.10949437,33.98904045],[135.11846733,33.99892664],[135.14766428,34.00527299],[135.15140555,34.00944167],[135.13804056,34.01797305],[135.17152361,34.02769305],[135.16767761,34.03729572],[135.15846489,34.0379735],[135.16092022,34.04614531],[135.14610536,34.04536964],[135.14745501,34.05428543],[135.13598406,34.0646656],[135.10440451,34.07126046],[135.08839379,34.06696414],[135.07857716,34.07384571],[135.08922204,34.07290332],[135.09662997,34.09346216],[135.1106966,34.09671848],[135.1156317,34.11989497],[135.14604419,34.11082592],[135.13297086,34.11816528],[135.13250267,34.13434011],[135.12140289,34.13003744],[135.12562319,34.13652423],[135.15464119,34.13911813],[135.17013236,34.13323947],[135.18442965,34.14474937],[135.19783625,34.14289014],[135.20945102,34.15131741],[135.1833004,34.14675391],[135.19359611,34.158655],[135.18267086,34.1582172],[135.17997477,34.18691297],[135.17217528,34.18368259],[135.1804362,34.16924147],[135.16571883,34.18716667],[135.150039,34.18207089],[135.14660156,34.18943647],[135.14022105,34.18792528],[135.1365182,34.20270108],[135.15034392,34.19480661],[135.14446416,34.21212472],[135.13478772,34.21433811],[135.14379039,34.21906313],[135.12760003,34.21693326],[135.13952872,34.225409],[135.11038983,34.22697539],[135.1003907,34.23561275],[135.11811986,34.23514605],[135.12824786,34.22732725],[135.13273547,34.22988249],[135.123216,34.24177572],[135.11628681,34.24641436],[135.11871803,34.23773231],[135.08952144,34.26083214],[135.06143864,34.2634342],[135.06712384,34.2805695],[135.06717608,34.27483089],[135.07418664,34.27826036],[135.06787341,34.28539236],[135.07444506,34.30555508],[135.10361222,34.31110111],[135.10641278,34.30580083],[135.09676416,34.29664195],[135.11140973,34.27183361],[135.12567416,34.27745195],[135.13661555,34.27350639],[135.14676472,34.28380777],[135.1548025,34.28103805],[135.15378917,34.27427833],[135.20507973,34.28826083],[135.20804306,34.3082025],[135.22500555,34.30086139],[135.24895944,34.31437278],[135.2722825,34.31198361],[135.28281222,34.31791],[135.29337306,34.29929277],[135.3039675,34.31371472],[135.33050694,34.31674639],[135.32790306,34.32374749],[135.33913555,34.32942972],[135.33823805,34.33527805],[135.39704611,34.33039111],[135.40897445,34.34184278],[135.42491584,34.3399825],[135.43545083,34.34867333],[135.46570501,34.34733472],[135.48537611,34.36283249],[135.50782083,34.33649667],[135.57712083,34.37604944],[135.64891639,34.3837025],[135.66352528,34.35544389],[135.65895445,34.33287667],[135.66893501,34.32290416],[135.67268445,34.28157139],[135.68080584,34.27061611],[135.69246944,34.27827195],[135.71621472,34.26558249],[135.73020416,34.22839861],[135.70803361,34.20819722],[135.67769361,34.22343611],[135.64807805,34.21898639],[135.63444361,34.20445889],[135.64490333,34.18845667],[135.62060306,34.16852083],[135.62191834,34.15842167],[135.59032083,34.14866722],[135.57843555,34.11581389],[135.54626111,34.09810139],[135.54979306,34.08498472],[135.53984445,34.07518167],[135.56706222,34.05734611],[135.58048973,34.05791028],[135.59966027,34.03201944],[135.59384888,34.01298083],[135.62219306,34.00966833],[135.63867611,33.98514944],[135.63723111,33.95064861],[135.61693167,33.95381639],[135.61053,33.91332833],[135.60000416,33.90843778],[135.60111333,33.90256583],[135.62287222,33.89795861],[135.62677528,33.88474028],[135.62041694,33.87180444],[135.64798805,33.87689778],[135.66220445,33.88908305],[135.66060445,33.89756556],[135.6868825,33.9040725],[135.72411,33.90328778],[135.75611501,33.885165],[135.80168,33.8957075],[135.80860278,33.90646805],[135.8470475,33.89660028],[135.85889333,33.86848083],[135.85318416,33.85944611],[135.8605875,33.84895833],[135.85802639,33.81620361],[135.89240112,33.80034556],[135.9069125,33.76710028],[135.91690501,33.76661805],[135.92837112,33.75402028],[135.93842667,33.75709139],[135.94506416,33.73249389],[135.97522667,33.72290056],[135.97227195,33.73436805],[135.98089222,33.73679472],[136.01188996,33.72330073],[135.99242603,33.70105867],[135.99012805,33.679775],[135.98898005,33.68538589],[135.97179161,33.67259308],[135.9770025,33.65914849],[135.98704086,33.66524672],[135.98614978,33.65517703],[135.97901397,33.64863714],[135.97529224,33.657514],[135.9682818,33.65511306],[135.97750764,33.65341608],[135.97118523,33.65131503],[135.96049136,33.65438659],[135.93696217,33.642374],[135.94101925,33.6339785],[135.95252947,33.6327748],[135.95374167,33.62190744],[135.95167508,33.61755741],[135.95058275,33.63027513],[135.94491066,33.62792908],[135.94602333,33.61731959],[135.93609881,33.61844608],[135.93829061,33.61382687],[135.92612569,33.6047982],[135.93421803,33.59310889],[135.94506681,33.60488067],[135.95055003,33.59134392],[135.94546341,33.59077997],[135.96199078,33.59522903],[135.95962453,33.58200239],[135.93919161,33.57361036],[135.92353944,33.57641787],[135.92123645,33.56930828],[135.8909717,33.55686025],[135.91412511,33.56346516],[135.92402861,33.55919231],[135.87835942,33.52858761],[135.87147328,33.53525336],[135.85262528,33.52221256],[135.85497025,33.51733014],[135.84728947,33.52086161],[135.83593546,33.51083934],[135.8244283,33.51435616],[135.79903745,33.49968056],[135.78105706,33.4639275],[135.78955258,33.45825808],[135.79662294,33.46190641],[135.7892817,33.45784578],[135.79798022,33.44519947],[135.79083511,33.44837475],[135.78758839,33.43779197],[135.7696337,33.44696816],[135.76247095,33.43301833],[135.75328936,33.43679833],[135.75002294,33.44934531],[135.7758775,33.46137069],[135.77494263,33.47812875],[135.76596328,33.47235147],[135.76659545,33.48186803],[135.738691,33.47655228],[135.73623047,33.48603692],[135.72470186,33.47727141],[135.71309815,33.48573203],[135.70882244,33.47793972],[135.71010772,33.48774497],[135.70178475,33.49327316],[135.69683917,33.48651628],[135.67526192,33.48778364],[135.62957102,33.50911703],[135.62711567,33.50263395],[135.60645436,33.50969325],[135.58994961,33.50248056],[135.57430956,33.51608892],[135.517637,33.52203972],[135.51030185,33.52583223],[135.51037616,33.53481664],[135.48701389,33.5428172],[135.49368655,33.54480767],[135.48793261,33.55061344],[135.48043117,33.54456964],[135.47679445,33.55131889],[135.44623287,33.54895683],[135.44913472,33.55647036],[135.44292051,33.56394667],[135.41959881,33.56912564],[135.41724436,33.58093849],[135.40563014,33.57776208],[135.40375051,33.58895405],[135.39792051,33.58439769],[135.38599455,33.60008453],[135.39780375,33.6160912],[135.38942992,33.61874683],[135.39954711,33.63125833],[135.39335988,33.62722811],[135.39191528,33.64247172],[135.37728244,33.65324267],[135.34326694,33.65830583],[135.3295435,33.67057414],[135.34432025,33.68113702],[135.33574222,33.69528],[135.35624591,33.6953832],[135.3595408,33.68831797],[135.35334431,33.6831435],[135.35856639,33.68608953],[135.36049672,33.67956297],[135.36643217,33.68607956],[135.37781861,33.68274923],[135.37252144,33.68968041],[135.3829535,33.69121123],[135.377042,33.69493235],[135.3824201,33.70308279],[135.38814891,33.69460187],[135.40015739,33.72075311],[135.38700275,33.71466031],[135.37309645,33.72953125],[135.36339481,33.72806369],[135.36828425,33.7314658],[135.35335306,33.72656944],[135.34803798,33.73433367],[135.3514513,33.7293255],[135.35668681,33.74100169],[135.34840988,33.74730797],[135.32732445,33.74206944],[135.32467051,33.75973395],[135.31426261,33.76888186],[135.2961625,33.7637425],[135.29501039,33.77135753],[135.27056586,33.78266497],[135.23481278,33.78151028],[135.23477805,33.7990875],[135.22061333,33.80473528],[135.21701584,33.81417667],[135.20812805,33.80885028],[135.18731411,33.81863772],[135.17458847,33.83992553],[135.16270942,33.84530025],[135.16722039,33.84817997],[135.15149742,33.87581653]],[[135.0963375,33.94991852],[135.0963375,33.94991852]],[[135.09779917,33.94997249],[135.09779917,33.94997249]],[[135.09678326,33.95015797],[135.09678326,33.95015797]],[[135.10095027,33.95178777],[135.10095027,33.95178777]],[[135.10077973,33.95189444],[135.10077973,33.95189444]],[[135.10110584,33.95194556],[135.10110584,33.95194556]],[[135.10060528,33.95196805],[135.10060528,33.95196805]],[[135.10154416,33.95251056],[135.10154416,33.95251056]],[[135.10122864,33.96633078],[135.10122864,33.96633078]],[[135.10720628,33.99113203],[135.10720628,33.99113203]],[[135.09600514,33.99289723],[135.09600514,33.99289723]],[[135.0981607,33.99287083],[135.0981607,33.99287083]],[[135.10199294,33.99290753],[135.10199294,33.99290753]],[[135.10184144,33.99295575],[135.10184144,33.99295575]],[[135.09974014,33.99296059],[135.09974014,33.99296059]],[[135.10274125,33.99296744],[135.10274125,33.99296744]],[[135.09590241,33.99305189],[135.09590241,33.99305189]],[[135.10490467,33.99313916],[135.10490467,33.99313916]],[[135.10283878,33.99320203],[135.10283878,33.99320203]],[[135.10294839,33.99343228],[135.10294839,33.99343228]],[[135.11176883,33.99366883],[135.11176883,33.99366883]],[[135.11199684,33.99399578],[135.11199684,33.99399578]],[[135.10332756,33.99438025],[135.10332756,33.99438025]],[[135.10318355,33.99434297],[135.10318355,33.99434297]],[[135.10375292,33.99451625],[135.10375292,33.99451625]],[[135.1039762,33.99448803],[135.1039762,33.99448803]],[[135.10392365,33.994555],[135.10392365,33.994555]],[[135.10402752,33.99454711],[135.10402752,33.99454711]],[[135.10388086,33.99465125],[135.10388086,33.99465125]],[[135.10340367,33.99469753],[135.10340367,33.99469753]],[[135.10312394,33.99472211],[135.10312394,33.99472211]],[[135.11206481,33.99480822],[135.11206481,33.99480822]],[[135.10301769,33.99511936],[135.10301769,33.99511936]],[[135.11205275,33.99508331],[135.11205275,33.99508331]],[[135.10284139,33.99521869],[135.10284139,33.99521869]],[[135.10290859,33.99535478],[135.10290859,33.99535478]],[[135.10306056,33.99545931],[135.10306056,33.99545931]],[[135.10312811,33.99548775],[135.10312811,33.99548775]],[[135.1126555,33.99606795],[135.1126555,33.99606795]],[[135.113352,33.99631189],[135.113352,33.99631189]],[[135.11339842,33.99631222],[135.11339842,33.99631222]],[[135.11413501,33.99683747],[135.11413501,33.99683747]],[[135.11563486,33.99779664],[135.11563486,33.99779664]],[[135.11715613,33.99808895],[135.11715613,33.99808895]],[[135.11765472,33.99838392],[135.11765472,33.99838392]],[[135.1175092,33.99841883],[135.1175092,33.99841883]],[[135.12445614,33.99843178],[135.12445614,33.99843178]],[[135.11778406,33.99866641],[135.11778406,33.99866641]],[[135.11797365,33.99870483],[135.11797365,33.99870483]],[[135.11805859,33.998844],[135.11805859,33.998844]],[[135.11834625,33.9989848],[135.11834625,33.9989848]],[[135.12011492,33.99933105],[135.12011492,33.99933105]],[[135.11952211,33.99939887],[135.11952211,33.99939887]],[[135.12129122,33.99935453],[135.12129122,33.99935453]],[[135.12056645,33.999381],[135.12056645,33.999381]],[[135.10084992,34.00332722],[135.10084992,34.00332722]],[[135.09149236,34.00528531],[135.10243645,34.00410072],[135.09149236,34.00528531]],[[135.12562139,34.01547611],[135.11870445,34.01849249],[135.12562139,34.01547611]],[[135.11759445,34.01870667],[135.11759445,34.01870667]],[[135.12485796,34.06412204],[135.12485796,34.06412204]],[[135.12489636,34.06447617],[135.12489636,34.06447617]],[[135.12490346,34.06479754],[135.12490346,34.06479754]],[[135.12480952,34.06498864],[135.12480952,34.06498864]],[[135.12476517,34.0649822],[135.12476517,34.0649822]],[[135.12488196,34.06498131],[135.12488196,34.06498131]],[[135.12439862,34.06516666],[135.12439862,34.06516666]],[[135.12318759,34.06524052],[135.12318759,34.06524052]],[[135.12453699,34.06520614],[135.12453699,34.06520614]],[[135.1243546,34.06524469],[135.1243546,34.06524469]],[[135.12380111,34.06573102],[135.12380111,34.06573102]],[[135.12251073,34.06701702],[135.12251073,34.06701702]],[[135.11893637,34.06707709],[135.11893637,34.06707709]],[[135.11949529,34.06708578],[135.11949529,34.06708578]],[[135.12231407,34.06718736],[135.12231407,34.06718736]],[[135.12236886,34.06720028],[135.12236886,34.06720028]],[[135.1222449,34.06721292],[135.1222449,34.06721292]],[[135.12222568,34.06727085],[135.12222568,34.06727085]],[[135.12011508,34.06726215],[135.12011508,34.06726215]],[[135.12178241,34.06740318],[135.12178241,34.06740318]],[[135.11826289,34.06743],[135.11826289,34.06743]],[[135.11768326,34.06744468],[135.11768326,34.06744468]],[[135.11797131,34.06746587],[135.11797131,34.06746587]],[[135.12151463,34.06752695],[135.12151463,34.06752695]],[[135.1179199,34.06755629],[135.1179199,34.06755629]],[[135.11783314,34.06753313],[135.11783314,34.06753313]],[[135.12127576,34.06754778],[135.12127576,34.06754778]],[[135.11778533,34.06755749],[135.11778533,34.06755749]],[[135.12134741,34.06759607],[135.12134741,34.06759607]],[[135.11767287,34.06761023],[135.11767287,34.06761023]],[[135.11705027,34.06773477],[135.11705027,34.06773477]],[[135.11681624,34.06775932],[135.11681624,34.06775932]],[[135.11768922,34.06777777],[135.11768922,34.06777777]],[[135.1175808,34.06778628],[135.1175808,34.06778628]],[[135.11707007,34.0677909],[135.11707007,34.0677909]],[[135.11763894,34.06777967],[135.11763894,34.06777967]],[[135.1170738,34.06783808],[135.1170738,34.06783808]],[[135.11666398,34.06787778],[135.11666398,34.06787778]],[[135.11382074,34.06786677],[135.11382074,34.06786677]],[[135.1173284,34.0679298],[135.1173284,34.0679298]],[[135.11553246,34.06806168],[135.11553246,34.06806168]],[[135.11442504,34.06803197],[135.11442504,34.06803197]],[[135.11623698,34.06799859],[135.11623698,34.06799859]],[[135.11576518,34.06801999],[135.11576518,34.06801999]],[[135.11605219,34.06805776],[135.11605219,34.06805776]],[[135.1146169,34.06810549],[135.1146169,34.06810549]],[[135.11484616,34.06805096],[135.11484616,34.06805096]],[[135.11521135,34.06809444],[135.11521135,34.06809444]],[[135.11261685,34.06802993],[135.11261685,34.06802993]],[[135.11459359,34.06814913],[135.11459359,34.06814913]],[[135.11303713,34.06822221],[135.11303713,34.06822221]],[[135.1140203,34.06827194],[135.1140203,34.06827194]],[[135.11385818,34.06847381],[135.11385818,34.06847381]],[[135.11360731,34.06853249],[135.11360731,34.06853249]],[[135.1136335,34.06851501],[135.1136335,34.06851501]],[[135.11240045,34.06864721],[135.11240045,34.06864721]],[[135.10249167,34.0686718],[135.10249167,34.0686718]],[[135.11236651,34.06864029],[135.11236651,34.06864029]],[[135.11243589,34.06866694],[135.11243589,34.06866694]],[[135.10189825,34.06865683],[135.10189825,34.06865683]],[[135.11236403,34.06868049],[135.11236403,34.06868049]],[[135.11209201,34.06871025],[135.11209201,34.06871025]],[[135.11243734,34.06872483],[135.11243734,34.06872483]],[[135.10203831,34.06872041],[135.10203831,34.06872041]],[[135.10098017,34.06877363],[135.10098017,34.06877363]],[[135.11226887,34.06885082],[135.11226887,34.06885082]],[[135.10111825,34.06896333],[135.10111825,34.06896333]],[[135.09697173,34.06914237],[135.09697173,34.06914237]],[[135.11247572,34.06919013],[135.11247572,34.06919013]],[[135.10068891,34.06923968],[135.10068891,34.06923968]],[[135.10200973,34.06919083],[135.10200973,34.06919083]],[[135.0961521,34.06927996],[135.0961521,34.06927996]],[[135.10774802,34.06940654],[135.10774802,34.06940654]],[[135.09702223,34.06955927],[135.09702223,34.06955927]],[[135.09679383,34.06961268],[135.09679383,34.06961268]],[[135.10750681,34.06962811],[135.10750681,34.06962811]],[[135.10843377,34.06963484],[135.10843377,34.06963484]],[[135.09817505,34.06976355],[135.09817505,34.06976355]],[[135.09747115,34.06973558],[135.09747115,34.06973558]],[[135.10856785,34.06987833],[135.10856785,34.06987833]],[[135.10261979,34.06987741],[135.10261979,34.06987741]],[[135.10262571,34.06991189],[135.10262571,34.06991189]],[[135.10578387,34.07020097],[135.10578387,34.07020097]],[[135.10572898,34.07043408],[135.10572898,34.07043408]],[[135.10567746,34.07073879],[135.10567746,34.07073879]],[[135.10564896,34.07078988],[135.10564896,34.07078988]],[[135.09586362,34.09257398],[135.09586362,34.09257398]],[[135.09591377,34.09279921],[135.09591377,34.09279921]],[[135.09915734,34.09591595],[135.09915734,34.09591595]],[[135.10636793,34.09897515],[135.10636793,34.09897515]],[[135.10541105,34.09953419],[135.10541105,34.09953419]],[[135.1056794,34.09961503],[135.1056794,34.09961503]],[[135.0999607,34.10796259],[135.0999607,34.10796259]],[[135.10166459,34.10848904],[135.10166459,34.10848904]],[[135.09823586,34.10885899],[135.09823586,34.10885899]],[[135.09836016,34.10908628],[135.09836016,34.10908628]],[[135.09790241,34.10935465],[135.09790241,34.10935465]],[[135.0976259,34.11077466],[135.0976259,34.11077466]],[[135.09731835,34.11111598],[135.09731835,34.11111598]],[[135.09683628,34.11132593],[135.09683628,34.11132593]],[[135.09983454,34.10838197],[135.10306931,34.11805651],[135.10540591,34.10985635],[135.09983454,34.10838197]],[[135.09753101,34.1138299],[135.09753101,34.1138299]],[[135.09748547,34.11429071],[135.09748547,34.11429071]],[[135.09745868,34.11488438],[135.09745868,34.11488438]],[[135.09777084,34.11493643],[135.09777084,34.11493643]],[[135.10123831,34.11712732],[135.10123831,34.11712732]],[[135.1015722,34.11725851],[135.1015722,34.11725851]],[[135.10327839,34.11785375],[135.10327839,34.11785375]],[[135.10241248,34.11806146],[135.10241248,34.11806146]],[[135.10216629,34.11808247],[135.10216629,34.11808247]],[[135.1026766,34.11817797],[135.1026766,34.11817797]],[[135.12897481,34.21309503],[135.11848152,34.21501235],[135.12897481,34.21309503]],[[135.12433445,34.23015159],[135.12433445,34.23015159]],[[135.09948207,34.23600997],[135.09948207,34.23600997]],[[135.09921676,34.23609141],[135.09921676,34.23609141]],[[135.09895999,34.23619627],[135.09895999,34.23619627]],[[135.09874582,34.2363474],[135.09874582,34.2363474]],[[135.09848933,34.23645277],[135.09848933,34.23645277]],[[135.09823772,34.23655932],[135.09823772,34.23655932]],[[135.0979792,34.23666819],[135.0979792,34.23666819]],[[135.09769028,34.2367648],[135.09769028,34.2367648]],[[135.09746589,34.23688321],[135.09746589,34.23688321]],[[135.09716355,34.23695056],[135.09716355,34.23695056]],[[135.09690923,34.23705911],[135.09690923,34.23705911]],[[135.09694734,34.23716399],[135.09694734,34.23716399]],[[135.14626547,33.85581469],[135.14626547,33.85581469]],[[135.14717772,33.85590747],[135.14717772,33.85590747]],[[135.14464455,33.85602353],[135.14464455,33.85602353]],[[135.14718872,33.85615864],[135.14718872,33.85615864]],[[135.14501678,33.85608292],[135.14501678,33.85608292]],[[135.14632178,33.85598916],[135.14632178,33.85598916]],[[135.14517525,33.85619941],[135.14517525,33.85619941]],[[135.14546433,33.85639444],[135.14546433,33.85639444]],[[135.1459407,33.856414],[135.1459407,33.856414]],[[135.14805248,33.85685983],[135.14311306,33.8632048],[135.15537423,33.86227892],[135.14805248,33.85685983]],[[135.14189272,33.86459228],[135.14189272,33.86459228]],[[135.15473529,33.86838687],[135.14821992,33.86543723],[135.15473529,33.86838687]],[[135.13420131,33.99996664],[135.13420131,33.99996664]],[[135.14011361,34.00596722],[135.14011361,34.00596722]],[[135.12843027,34.01823222],[135.12843027,34.01823222]],[[135.12776,34.01859861],[135.12776,34.01859861]],[[135.12628472,34.01858722],[135.12628472,34.01858722]],[[135.12745611,34.01862889],[135.12745611,34.01862889]],[[135.14964778,34.0213775],[135.14964778,34.0213775]],[[135.1494175,34.02171028],[135.1494175,34.02171028]],[[135.14946778,34.02225389],[135.14946778,34.02225389]],[[135.14964778,34.02226833],[135.14964778,34.02226833]],[[135.14946501,34.02246],[135.14946501,34.02246]],[[135.15093694,34.02520805],[135.15093694,34.02520805]],[[135.15127195,34.02553777],[135.15127195,34.02553777]],[[135.13076881,34.031478],[135.13076881,34.031478]],[[135.132822,34.03155847],[135.132822,34.03155847]],[[135.13414783,34.03212131],[135.13414783,34.03212131]],[[135.12887058,34.03242856],[135.12887058,34.03242856]],[[135.13452752,34.0324695],[135.13452752,34.0324695]],[[135.12896384,34.03299695],[135.12896384,34.03299695]],[[135.1285391,34.03347428],[135.1285391,34.03347428]],[[135.12824019,34.03366005],[135.12824019,34.03366005]],[[135.13459555,34.03335556],[135.13459555,34.03335556]],[[135.14644953,34.03722125],[135.14644953,34.03722125]],[[135.14666988,34.03752644],[135.14666988,34.03752644]],[[135.14586533,34.03784492],[135.14586533,34.03784492]],[[135.14537839,34.04596677],[135.14537839,34.04596677]],[[135.14634942,34.04790033],[135.14634942,34.04790033]],[[135.14666611,34.04820472],[135.14666611,34.04820472]],[[135.14705497,34.04887969],[135.14705497,34.04887969]],[[135.14609781,34.05121922],[135.14609781,34.05121922]],[[135.14618511,34.05157811],[135.14618511,34.05157811]],[[135.14320872,34.05632713],[135.14320872,34.05632713]],[[135.14413694,34.05633972],[135.14413694,34.05633972]],[[135.13831987,34.05638446],[135.13831987,34.05638446]],[[135.14076078,34.05648456],[135.14076078,34.05648456]],[[135.1382231,34.05654958],[135.1382231,34.05654958]],[[135.13930726,34.05654113],[135.13930726,34.05654113]],[[135.13782156,34.05658129],[135.13782156,34.05658129]],[[135.13806534,34.05660662],[135.13806534,34.05660662]],[[135.13890016,34.05661923],[135.13890016,34.05661923]],[[135.13915626,34.05668053],[135.13915626,34.05668053]],[[135.13953462,34.05669166],[135.13953462,34.05669166]],[[135.13928205,34.05672081],[135.13928205,34.05672081]],[[135.1387475,34.05685879],[135.1387475,34.05685879]],[[135.13897887,34.05683652],[135.13897887,34.05683652]],[[135.13809349,34.05761532],[135.13809349,34.05761532]],[[135.13778302,34.05777696],[135.13778302,34.05777696]],[[135.1378058,34.05803055],[135.1378058,34.05803055]],[[135.13782201,34.05810866],[135.13782201,34.05810866]],[[135.1377221,34.05854053],[135.1377221,34.05854053]],[[135.13778912,34.05863007],[135.13778912,34.05863007]],[[135.1375658,34.05879638],[135.1375658,34.05879638]],[[135.13731547,34.05881662],[135.13731547,34.05881662]],[[135.13757707,34.05921289],[135.13757707,34.05921289]],[[135.13745712,34.05936613],[135.13745712,34.05936613]],[[135.13747345,34.05943323],[135.13747345,34.05943323]],[[135.13750438,34.05955435],[135.13750438,34.05955435]],[[135.13759545,34.05968662],[135.13759545,34.05968662]],[[135.13755069,34.05966783],[135.13755069,34.05966783]],[[135.13757578,34.05976672],[135.13757578,34.05976672]],[[135.13769567,34.06001649],[135.13769567,34.06001649]],[[135.13727498,34.06189304],[135.13727498,34.06189304]],[[135.12506546,34.0642555],[135.12506546,34.0642555]],[[135.12547009,34.0642957],[135.12547009,34.0642957]],[[135.12598811,34.06426694],[135.12598811,34.06426694]],[[135.12614139,34.06431969],[135.12614139,34.06431969]],[[135.12577816,34.06435091],[135.12577816,34.06435091]],[[135.12527165,34.06436823],[135.12527165,34.06436823]],[[135.12559639,34.06437026],[135.12559639,34.06437026]],[[135.12488551,34.06426675],[135.12488551,34.06426675]],[[135.12524818,34.06442702],[135.12524818,34.06442702]],[[135.12580724,34.06444145],[135.12580724,34.06444145]],[[135.12494322,34.06449121],[135.12494322,34.06449121]],[[135.12555409,34.06453531],[135.12555409,34.06453531]],[[135.12978757,34.06455445],[135.12978757,34.06455445]],[[135.12504696,34.06455776],[135.12504696,34.06455776]],[[135.12529848,34.06462374],[135.12529848,34.06462374]],[[135.12540984,34.06463445],[135.12540984,34.06463445]],[[135.12499375,34.06462418],[135.12499375,34.06462418]],[[135.12496682,34.0646926],[135.12496682,34.0646926]],[[135.13038253,34.06475521],[135.13038253,34.06475521]],[[135.13077156,34.06480736],[135.13077156,34.06480736]],[[135.12648538,34.06484387],[135.12648538,34.06484387]],[[135.1335961,34.0648173],[135.1335961,34.0648173]],[[135.12993145,34.06490303],[135.12993145,34.06490303]],[[135.13064716,34.06488447],[135.13064716,34.06488447]],[[135.13121198,34.06489739],[135.13121198,34.06489739]],[[135.13094949,34.06483386],[135.13094949,34.06483386]],[[135.12498248,34.06490864],[135.12498248,34.06490864]],[[135.13363223,34.06492827],[135.13363223,34.06492827]],[[135.12962237,34.06495583],[135.12962237,34.06495583]],[[135.1304478,34.06494166],[135.1304478,34.06494166]],[[135.12993397,34.06500555],[135.12993397,34.06500555]],[[135.12939573,34.06498975],[135.12939573,34.06498975]],[[135.13156684,34.06501836],[135.13156684,34.06501836]],[[135.13223933,34.0650745],[135.13223933,34.0650745]],[[135.13315597,34.06505924],[135.13315597,34.06505924]],[[135.13304569,34.0650582],[135.13304569,34.0650582]],[[135.12777361,34.06510186],[135.12777361,34.06510186]],[[135.13289148,34.06509678],[135.13289148,34.06509678]],[[135.13329202,34.06513522],[135.13329202,34.06513522]],[[135.13303233,34.06511544],[135.13303233,34.06511544]],[[135.13326825,34.06512892],[135.13326825,34.06512892]],[[135.13236922,34.06513817],[135.13236922,34.06513817]],[[135.13201208,34.06515729],[135.13201208,34.06515729]],[[135.13243717,34.06512431],[135.13243717,34.06512431]],[[135.12759414,34.06517225],[135.12759414,34.06517225]],[[135.127749,34.06514595],[135.127749,34.06514595]],[[135.13223425,34.06517932],[135.13223425,34.06517932]],[[135.12769038,34.06522198],[135.12769038,34.06522198]],[[135.12674449,34.0652049],[135.12674449,34.0652049]],[[135.13252642,34.0652215],[135.13252642,34.0652215]],[[135.13246655,34.06518574],[135.13246655,34.06518574]],[[135.13201328,34.06520823],[135.13201328,34.06520823]],[[135.13266778,34.0652234],[135.13266778,34.0652234]],[[135.12733746,34.0652505],[135.12733746,34.0652505]],[[135.12731567,34.06527387],[135.12731567,34.06527387]],[[135.12673537,34.06531275],[135.12673537,34.06531275]],[[135.12702227,34.06531939],[135.12702227,34.06531939]],[[135.12742453,34.06528564],[135.12742453,34.06528564]],[[135.12756444,34.06542881],[135.12756444,34.06542881]],[[135.1346075,34.11331492],[135.1346075,34.11331492]],[[135.13985776,34.11443087],[135.13985776,34.11443087]],[[135.13009148,34.12900277],[135.13009148,34.12900277]],[[135.15144064,34.18177136],[135.15144064,34.18177136]],[[135.15163606,34.18184277],[135.15163606,34.18184277]],[[135.15123292,34.18189995],[135.15123292,34.18189995]],[[135.14772406,34.18539808],[135.14772406,34.18539808]],[[135.14762778,34.18537036],[135.14762778,34.18537036]],[[135.14651903,34.18517044],[135.14651903,34.18517044]],[[135.14206456,34.18630103],[135.14206456,34.18630103]],[[135.14216936,34.18700716],[135.14216936,34.18700716]],[[135.14214328,34.18727095],[135.14214328,34.18727095]],[[135.14171633,34.18739272],[135.14171633,34.18739272]],[[135.1412635,34.18741436],[135.1412635,34.18741436]],[[135.14182209,34.18746931],[135.14182209,34.18746931]],[[135.14137328,34.18742639],[135.14137328,34.18742639]],[[135.14126691,34.18755916],[135.14126691,34.18755916]],[[135.13310486,34.18827341],[135.13310486,34.18827341]],[[135.13379311,34.18759572],[135.13379311,34.18759572]],[[135.13359375,34.18807977],[135.13359375,34.18807977]],[[135.13402486,34.18818661],[135.13402486,34.18818661]],[[135.13412075,34.18828483],[135.13412075,34.18828483]],[[135.13989803,34.18870049],[135.13989803,34.18870049]],[[135.14012319,34.18892008],[135.14012319,34.18892008]],[[135.14025689,34.18896944],[135.14025689,34.18896944]],[[135.13929367,34.18908241],[135.13929367,34.18908241]],[[135.13625442,34.18916744],[135.13625442,34.18916744]],[[135.13947856,34.18904772],[135.13947856,34.18904772]],[[135.13890942,34.18911036],[135.13890942,34.18911036]],[[135.14026852,34.1890962],[135.14026852,34.1890962]],[[135.14011472,34.18910287],[135.14011472,34.18910287]],[[135.14028258,34.18916416],[135.14028258,34.18916416]],[[135.13961086,34.18921111],[135.13961086,34.18921111]],[[135.14022953,34.18923997],[135.14022953,34.18923997]],[[135.13975567,34.18919331],[135.13975567,34.18919331]],[[135.13612742,34.18931141],[135.13612742,34.18931141]],[[135.13611361,34.18944322],[135.13611361,34.18944322]],[[135.13599849,34.18947369],[135.13599849,34.18947369]],[[135.13604486,34.18948013],[135.13604486,34.18948013]],[[135.13600367,34.18949889],[135.13600367,34.18949889]],[[135.14004803,34.18980433],[135.14004803,34.18980433]],[[135.13986128,34.18979672],[135.13986128,34.18979672]],[[135.13643852,34.18991286],[135.13643852,34.18991286]],[[135.13553392,34.19133764],[135.13553392,34.19133764]],[[135.13560538,34.19124464],[135.13560538,34.19124464]],[[135.13549703,34.19140011],[135.13549703,34.19140011]],[[135.13579756,34.19151889],[135.13579756,34.19151889]],[[135.13582674,34.19157122],[135.13582674,34.19157122]],[[135.13558525,34.19164372],[135.13558525,34.19164372]],[[135.13531939,34.19157583],[135.13531939,34.19157583]],[[135.14072472,34.19180305],[135.14072472,34.19180305]],[[135.14064258,34.19182447],[135.14064258,34.19182447]],[[135.14045272,34.19233678],[135.14045272,34.19233678]],[[135.13985739,34.19320656],[135.13985739,34.19320656]],[[135.13976197,34.19324331],[135.13976197,34.19324331]],[[135.13973503,34.19334175],[135.13973503,34.19334175]],[[135.13968253,34.19337339],[135.13968253,34.19337339]],[[135.1389137,34.19394256],[135.1389137,34.19394256]],[[135.13851956,34.19424713],[135.13851956,34.19424713]],[[135.13924698,34.19420023],[135.13924698,34.19420023]],[[135.13836519,34.19425469],[135.13836519,34.19425469]],[[135.13187519,34.21298487],[135.13657508,34.20295483],[135.13187519,34.21298487]],[[135.37079027,33.65175583],[135.37079027,33.65175583]],[[135.36913167,33.65191749],[135.36913167,33.65191749]],[[135.35137389,33.65613639],[135.35137389,33.65613639]],[[135.35118361,33.65632167],[135.35118361,33.65632167]],[[135.3509,33.65643111],[135.3509,33.65643111]],[[135.35056416,33.65655833],[135.35056416,33.65655833]],[[135.34831639,33.65675389],[135.34831639,33.65675389]],[[135.34848278,33.65681778],[135.34848278,33.65681778]],[[135.3436175,33.657945],[135.3436175,33.657945]],[[135.34621973,33.65827778],[135.34621973,33.65827778]],[[135.34166667,33.65967975],[135.34166667,33.65967975]],[[135.34126834,33.66014305],[135.34126834,33.66014305]],[[135.34219105,33.66075422],[135.34219105,33.66075422]],[[135.33788111,33.66215972],[135.33788111,33.66215972]],[[135.33445722,33.66561916],[135.33445722,33.66561916]],[[135.33057997,33.66931656],[135.33057997,33.66931656]],[[135.32923611,33.66999195],[135.32923611,33.66999195]],[[135.32895834,33.67137305],[135.32895834,33.67137305]],[[135.33025364,33.67177228],[135.33025364,33.67177228]],[[135.33177805,33.67362805],[135.33177805,33.67362805]],[[135.33158889,33.67377777],[135.33158889,33.67377777]],[[135.33075944,33.67391028],[135.33075944,33.67391028]],[[135.33253333,33.67429139],[135.33253333,33.67429139]],[[135.33180125,33.67444459],[135.33180125,33.67444459]],[[135.33259083,33.67473028],[135.33259083,33.67473028]],[[135.33230555,33.67468556],[135.33230555,33.67468556]],[[135.366599,33.6845235],[135.366599,33.6845235]],[[135.35914528,33.68510967],[135.35914528,33.68510967]],[[135.36643119,33.68855541],[135.36643119,33.68855541]],[[135.33686834,33.68962083],[135.33686834,33.68962083]],[[135.33619469,33.69048849],[135.33619469,33.69048849]],[[135.32627139,33.69225528],[135.32627139,33.69225528]],[[135.36016769,33.69320569],[135.36016769,33.69320569]],[[135.34918083,33.69543972],[135.34918083,33.69543972]],[[135.36446005,33.69736267],[135.36446005,33.69736267]],[[135.33504361,33.69621333],[135.33504361,33.69621333]],[[135.36041603,33.69721647],[135.36041603,33.69721647]],[[135.3595075,33.69841639],[135.3595075,33.69841639]],[[135.35968689,33.69894647],[135.35968689,33.69894647]],[[135.33600445,33.69886083],[135.33600445,33.69886083]],[[135.33502528,33.69938528],[135.33502528,33.69938528]],[[135.36627083,33.70019889],[135.36627083,33.70019889]],[[135.36747416,33.70031444],[135.36747416,33.70031444]],[[135.36740861,33.70318833],[135.36740861,33.70318833]],[[135.37022195,33.70813444],[135.37022195,33.70813444]],[[135.37053584,33.70884528],[135.37053584,33.70884528]],[[135.36950584,33.70917611],[135.36950584,33.70917611]],[[135.37055112,33.70901916],[135.37055112,33.70901916]],[[135.37068805,33.70995195],[135.37068805,33.70995195]],[[135.37057639,33.71028639],[135.37057639,33.71028639]],[[135.36756778,33.71038389],[135.36756778,33.71038389]],[[135.32573111,33.718115],[135.32573111,33.718115]],[[135.3325875,33.72423667],[135.3325875,33.72423667]],[[135.3528475,33.72578305],[135.3528475,33.72578305]],[[135.36210725,33.73016695],[135.36210725,33.73016695]],[[135.35146555,33.73222083],[135.35146555,33.73222083]],[[135.34658778,33.73375695],[135.34658778,33.73375695]],[[135.32727472,33.73861528],[135.32727472,33.73861528]],[[135.32062834,33.73867111],[135.32062834,33.73867111]],[[135.32067445,33.73891777],[135.32067445,33.73891777]],[[135.32053167,33.739245],[135.32053167,33.739245]],[[135.35690425,33.73993439],[135.35690425,33.73993439]],[[135.32732416,33.74472277],[135.32732416,33.74472277]],[[135.34230616,33.74526056],[135.34230616,33.74526056]],[[135.34241817,33.74535041],[135.34241817,33.74535041]],[[135.31548222,33.74881056],[135.31548222,33.74881056]],[[135.31593416,33.74888944],[135.31593416,33.74888944]],[[135.31561722,33.74905861],[135.31561722,33.74905861]],[[135.32676689,33.74946911],[135.32676689,33.74946911]],[[135.32671,33.74955147],[135.32671,33.74955147]],[[135.32671533,33.7496012],[135.32671533,33.7496012]],[[135.32651567,33.74973769],[135.32651567,33.74973769]],[[135.32648253,33.749931],[135.32648253,33.749931]],[[135.32639973,33.75006039],[135.32639973,33.75006039]],[[135.31552261,33.75007214],[135.31552261,33.75007214]],[[135.3141347,33.750909],[135.3141347,33.750909]],[[135.31496117,33.75126144],[135.31496117,33.75126144]],[[135.31514462,33.74997961],[135.31514462,33.74997961]],[[135.29912917,33.76349472],[135.29912917,33.76349472]],[[135.29551167,33.76414305],[135.29551167,33.76414305]],[[135.29596389,33.76388528],[135.29596389,33.76388528]],[[135.29611112,33.76420222],[135.29611112,33.76420222]],[[135.29597889,33.7648875],[135.29597889,33.7648875]],[[135.30455805,33.7654175],[135.30455805,33.7654175]],[[135.29633611,33.76602139],[135.29633611,33.76602139]],[[135.30459167,33.76631944],[135.30459167,33.76631944]],[[135.30586056,33.76634777],[135.30586056,33.76634777]],[[135.30647501,33.76740692],[135.30647501,33.76740692]],[[135.28818,33.77211028],[135.28818,33.77211028]],[[135.28752528,33.77281111],[135.28752528,33.77281111]],[[135.27219917,33.77715916],[135.27219917,33.77715916]],[[135.27281333,33.777785],[135.27281333,33.777785]],[[135.27252973,33.77780195],[135.27252973,33.77780195]],[[135.25670333,33.78185223],[135.25670333,33.78185223]],[[135.21934445,33.80496056],[135.21934445,33.80496056]],[[135.16431484,33.84263111],[135.16431484,33.84263111]],[[135.16369234,33.84314161],[135.16369234,33.84314161]],[[135.16335202,33.84581933],[135.16335202,33.84581933]],[[135.16317964,33.84585747],[135.16317964,33.84585747]],[[135.16297409,33.84587049],[135.16297409,33.84587049]],[[135.16281484,33.8459035],[135.16281484,33.8459035]],[[135.16325275,33.84590595],[135.16325275,33.84590595]],[[135.164682,33.84680516],[135.164682,33.84680516]],[[135.16488717,33.846797],[135.16488717,33.846797]],[[135.16533538,33.84680725],[135.16533538,33.84680725]],[[135.16485386,33.84682175],[135.16485386,33.84682175]],[[135.16463336,33.84681636],[135.16463336,33.84681636]],[[135.16182892,33.85338518],[135.16182892,33.85338518]],[[135.1588483,33.85819047],[135.1588483,33.85819047]],[[135.15865263,33.85819569],[135.15865263,33.85819569]],[[135.15912022,33.8582318],[135.15912022,33.8582318]],[[135.15879092,33.85828844],[135.15879092,33.85828844]],[[135.15831966,33.85831822],[135.15831966,33.85831822]],[[135.1590325,33.85831695],[135.1590325,33.85831695]],[[135.15843645,33.85834544],[135.15843645,33.85834544]],[[135.15894197,33.85833333],[135.15894197,33.85833333]],[[135.15877949,33.85838572],[135.15877949,33.85838572]],[[135.1578475,33.85840605],[135.1578475,33.85840605]],[[135.15796914,33.85839011],[135.15796914,33.85839011]],[[135.15823647,33.85843667],[135.15823647,33.85843667]],[[135.15897628,33.85842016],[135.15897628,33.85842016]],[[135.15808117,33.85843687],[135.15808117,33.85843687]],[[135.15783244,33.85848628],[135.15783244,33.85848628]],[[135.15831314,33.85844395],[135.15831314,33.85844395]],[[135.15798331,33.85845378],[135.15798331,33.85845378]],[[135.15829689,33.85854653],[135.15829689,33.85854653]],[[135.15781691,33.85851783],[135.15781691,33.85851783]],[[135.15809814,33.85858025],[135.15809814,33.85858025]],[[135.15823519,33.85857839],[135.15823519,33.85857839]],[[135.15793411,33.85856839],[135.15793411,33.85856839]],[[135.15782336,33.85866456],[135.15782336,33.85866456]],[[135.15812148,33.85870223],[135.15812148,33.85870223]],[[135.1578809,33.85878064],[135.1578809,33.85878064]],[[135.15751241,33.85878695],[135.15751241,33.85878695]],[[135.15773051,33.85881089],[135.15773051,33.85881089]],[[135.15801442,33.85881895],[135.15801442,33.85881895]],[[135.157961,33.85887631],[135.157961,33.85887631]],[[135.15811233,33.8589178],[135.15811233,33.8589178]],[[135.15742817,33.85929983],[135.15742817,33.85929983]],[[135.15681501,34.02497416],[135.15681501,34.02497416]],[[135.16032935,34.02702635],[135.16032935,34.02702635]],[[135.1612176,34.0364625],[135.1612176,34.0364625]],[[135.16172625,34.03658283],[135.16172625,34.03658283]],[[135.16054725,34.03663131],[135.16054725,34.03663131]],[[135.16030051,34.03671949],[135.16030051,34.03671949]],[[135.15967674,34.03674372],[135.15967674,34.03674372]],[[135.15901333,34.03693667],[135.15901333,34.03693667]],[[135.15949986,34.03692061],[135.15949986,34.03692061]],[[135.15855416,34.03715613],[135.15855416,34.03715613]],[[135.15887639,34.03720472],[135.15887639,34.03720472]],[[135.15811489,34.03761364],[135.15811489,34.03761364]],[[135.15798872,34.03795805],[135.15798872,34.03795805]],[[135.15822992,34.03797672],[135.15822992,34.03797672]],[[135.15833717,34.03809775],[135.15833717,34.03809775]],[[135.15816694,34.03820856],[135.15816694,34.03820856]],[[135.15862652,34.03821439],[135.15862652,34.03821439]],[[135.15863236,34.03839269],[135.15863236,34.03839269]],[[135.15889647,34.03839777],[135.15889647,34.03839777]],[[135.15879122,34.03850856],[135.15879122,34.03850856]],[[135.16022961,34.04180841],[135.16022961,34.04180841]],[[135.16126073,34.04314892],[135.16126073,34.04314892]],[[135.15670859,34.04653516],[135.15670859,34.04653516]],[[135.16968752,34.13583172],[135.16968752,34.13583172]],[[135.17541584,34.13904],[135.17541584,34.13904]],[[135.17633694,34.13969778],[135.17633694,34.13969778]],[[135.18098834,34.14251695],[135.18098834,34.14251695]],[[135.19189222,34.144175],[135.19189222,34.144175]],[[135.18256486,34.15062486],[135.17762423,34.15509616],[135.18444652,34.1551288],[135.18256486,34.15062486]],[[135.17626167,34.15707444],[135.1724383,34.15050067],[135.17626167,34.15707444]],[[135.18139144,34.15656892],[135.1762773,34.15923823],[135.18139144,34.15656892]],[[135.18198183,34.15790769],[135.18198183,34.15790769]],[[135.18253586,34.15844223],[135.18253586,34.15844223]],[[135.17643414,34.15976325],[135.17643414,34.15976325]],[[135.17867464,34.17515197],[135.17867464,34.17515197]],[[135.17075455,34.17956016],[135.17075455,34.17956016]],[[135.15160128,34.18152472],[135.15160128,34.18152472]],[[135.15183411,34.18169575],[135.15183411,34.18169575]],[[135.15184051,34.18188953],[135.15184051,34.18188953]],[[135.15423686,34.1835205],[135.15423686,34.1835205]],[[135.15415428,34.18371961],[135.15415428,34.18371961]],[[135.15702014,34.18460636],[135.15702014,34.18460636]],[[135.15804153,34.18509733],[135.15804153,34.18509733]],[[135.17413339,34.18723747],[135.17413339,34.18723747]],[[135.17384894,34.18728817],[135.17384894,34.18728817]],[[135.17411105,34.1872609],[135.17411105,34.1872609]],[[135.17483682,34.18759918],[135.17483682,34.18759918]],[[135.48932789,33.53627131],[135.48932789,33.53627131]],[[135.49007739,33.53738716],[135.49007739,33.53738716]],[[135.49034222,33.54029749],[135.49034222,33.54029749]],[[135.4875502,33.54078703],[135.4875502,33.54078703]],[[135.48003925,33.54147295],[135.48003925,33.54147295]],[[135.48224056,33.54308639],[135.48224056,33.54308639]],[[135.48283278,33.54346416],[135.48283278,33.54346416]],[[135.47959611,33.54397167],[135.47959611,33.54397167]],[[135.4802825,33.54421972],[135.4802825,33.54421972]],[[135.48021528,33.54441695],[135.48021528,33.54441695]],[[135.48110683,33.54460072],[135.48110683,33.54460072]],[[135.4898101,33.54549511],[135.4898101,33.54549511]],[[135.47843222,33.54567972],[135.47843222,33.54567972]],[[135.46570056,33.54557223],[135.46570056,33.54557223]],[[135.47873822,33.54582828],[135.47873822,33.54582828]],[[135.44900376,33.54596187],[135.44900376,33.54596187]],[[135.46673027,33.54595],[135.46673027,33.54595]],[[135.48266781,33.54601661],[135.48266781,33.54601661]],[[135.48284756,33.54612014],[135.48284756,33.54612014]],[[135.46667639,33.54611361],[135.46667639,33.54611361]],[[135.48314917,33.54640139],[135.48314917,33.54640139]],[[135.48303472,33.54649723],[135.48303472,33.54649723]],[[135.46341922,33.54672044],[135.46341922,33.54672044]],[[135.46427467,33.54663997],[135.46427467,33.54663997]],[[135.48342742,33.54676469],[135.48342742,33.54676469]],[[135.46935472,33.54693111],[135.46935472,33.54693111]],[[135.45049973,33.54699833],[135.45049973,33.54699833]],[[135.4612125,33.54713944],[135.4612125,33.54713944]],[[135.46353552,33.547005],[135.46353552,33.547005]],[[135.48364722,33.54719083],[135.48364722,33.54719083]],[[135.45107834,33.54730277],[135.45107834,33.54730277]],[[135.47081472,33.54742167],[135.47081472,33.54742167]],[[135.46349361,33.547365],[135.46349361,33.547365]],[[135.46402528,33.54735361],[135.46402528,33.54735361]],[[135.46171105,33.54730416],[135.46171105,33.54730416]],[[135.46346501,33.54757916],[135.46346501,33.54757916]],[[135.47922611,33.54785028],[135.47922611,33.54785028]],[[135.47929156,33.54812356],[135.47929156,33.54812356]],[[135.45279861,33.5485225],[135.45279861,33.5485225]],[[135.45226917,33.54846972],[135.45226917,33.54846972]],[[135.47928,33.54842528],[135.47928,33.54842528]],[[135.47948834,33.54868472],[135.47948834,33.54868472]],[[135.44573639,33.54884889],[135.44573639,33.54884889]],[[135.47929361,33.54898916],[135.47929361,33.54898916]],[[135.47971056,33.54892139],[135.47971056,33.54892139]],[[135.47944433,33.54902789],[135.47944433,33.54902789]],[[135.44587,33.54929833],[135.44587,33.54929833]],[[135.44567472,33.54964805],[135.44567472,33.54964805]],[[135.44595973,33.550925],[135.44595973,33.550925]],[[135.44645944,33.55116083],[135.44645944,33.55116083]],[[135.44622,33.55187472],[135.44622,33.55187472]],[[135.44646438,33.55236728],[135.44646438,33.55236728]],[[135.44652944,33.5530475],[135.44652944,33.5530475]],[[135.4468725,33.55338028],[135.4468725,33.55338028]],[[135.44673112,33.55367333],[135.44673112,33.55367333]],[[135.44700694,33.55442305],[135.44700694,33.55442305]],[[135.44730306,33.55500944],[135.44730306,33.55500944]],[[135.44752528,33.55512778],[135.44752528,33.55512778]],[[135.44259278,33.55583778],[135.44259278,33.55583778]],[[135.44334667,33.55593944],[135.44334667,33.55593944]],[[135.44354361,33.55653111],[135.44354361,33.55653111]],[[135.44245125,33.55651861],[135.44245125,33.55651861]],[[135.44432222,33.55662167],[135.44432222,33.55662167]],[[135.44348111,33.55716861],[135.44348111,33.55716861]],[[135.43216278,33.56625611],[135.43216278,33.56625611]],[[135.43242528,33.56676333],[135.43242528,33.56676333]],[[135.43260694,33.56720889],[135.43260694,33.56720889]],[[135.42477389,33.5685675],[135.42477389,33.5685675]],[[135.42655722,33.56943583],[135.42655722,33.56943583]],[[135.42125472,33.57014583],[135.42125472,33.57014583]],[[135.41088501,33.57355083],[135.41088501,33.57355083]],[[135.41284389,33.57382528],[135.41284389,33.57382528]],[[135.41091861,33.57445861],[135.41091861,33.57445861]],[[135.41129083,33.5747825],[135.41129083,33.5747825]],[[135.40911922,33.57476661],[135.40911922,33.57476661]],[[135.41143494,33.57506916],[135.41143494,33.57506916]],[[135.40873834,33.5749825],[135.40873834,33.5749825]],[[135.41673202,33.57527431],[135.41673202,33.57527431]],[[135.40914852,33.57511183],[135.40914852,33.57511183]],[[135.40852481,33.57521161],[135.40852481,33.57521161]],[[135.41649694,33.57534944],[135.41649694,33.57534944]],[[135.40880645,33.57545369],[135.40880645,33.57545369]],[[135.40906589,33.57557741],[135.40906589,33.57557741]],[[135.41351791,33.57604528],[135.41351791,33.57604528]],[[135.41122713,33.57663372],[135.41122713,33.57663372]],[[135.4078663,33.57729889],[135.4078663,33.57729889]],[[135.41447878,33.5774148],[135.41447878,33.5774148]],[[135.41440817,33.5775642],[135.41440817,33.5775642]],[[135.40495433,33.57746464],[135.40495433,33.57746464]],[[135.40721533,33.57763144],[135.40721533,33.57763144]],[[135.40699944,33.57749792],[135.40699944,33.57749792]],[[135.40448289,33.57821147],[135.40448289,33.57821147]],[[135.41460297,33.57830192],[135.41460297,33.57830192]],[[135.40464372,33.57849695],[135.40464372,33.57849695]],[[135.40486406,33.579345],[135.40486406,33.579345]],[[135.40354144,33.58050672],[135.40354144,33.58050672]],[[135.40451817,33.58071711],[135.40451817,33.58071711]],[[135.40448189,33.58076661],[135.40448189,33.58076661]],[[135.4029472,33.58108759],[135.4029472,33.58108759]],[[135.40529947,33.58117305],[135.40529947,33.58117305]],[[135.40290575,33.58191286],[135.40290575,33.58191286]],[[135.40188744,33.58172144],[135.40188744,33.58172144]],[[135.40241136,33.58199714],[135.40241136,33.58199714]],[[135.40262139,33.5821492],[135.40262139,33.5821492]],[[135.4030663,33.58227456],[135.4030663,33.58227456]],[[135.40265616,33.58234614],[135.40265616,33.58234614]],[[135.40267355,33.58279131],[135.40267355,33.58279131]],[[135.39836567,33.58408147],[135.39836567,33.58408147]],[[135.40081875,33.58431759],[135.40081875,33.58431759]],[[135.40087659,33.58441328],[135.40087659,33.58441328]],[[135.39767555,33.58453805],[135.39767555,33.58453805]],[[135.39573222,33.58544639],[135.39573222,33.58544639]],[[135.39662839,33.58580008],[135.39662839,33.58580008]],[[135.39333211,33.58784825],[135.39333211,33.58784825]],[[135.39355224,33.58798264],[135.39355224,33.58798264]],[[135.39361134,33.58789769],[135.39361134,33.58789769]],[[135.39326058,33.58812995],[135.39326058,33.58812995]],[[135.3935227,33.58801167],[135.3935227,33.58801167]],[[135.39091403,33.59009786],[135.39091403,33.59009786]],[[135.39165197,33.59042492],[135.39165197,33.59042492]],[[135.3909891,33.59089144],[135.3909891,33.59089144]],[[135.39078105,33.591293],[135.39078105,33.591293]],[[135.39091722,33.59281116],[135.39091722,33.59281116]],[[135.38941786,33.59407386],[135.38941786,33.59407386]],[[135.38893272,33.59809067],[135.38893272,33.59809067]],[[135.38603798,33.60105953],[135.38603798,33.60105953]],[[135.38639691,33.60189072],[135.38639691,33.60189072]],[[135.38672694,33.60222195],[135.38672694,33.60222195]],[[135.38729581,33.6050378],[135.38729581,33.6050378]],[[135.38846467,33.60567441],[135.38846467,33.60567441]],[[135.38804469,33.60593995],[135.38804469,33.60593995]],[[135.38687834,33.60703975],[135.38687834,33.60703975]],[[135.38745889,33.60700023],[135.38745889,33.60700023]],[[135.386941,33.60719105],[135.386941,33.60719105]],[[135.38751939,33.60779805],[135.38751939,33.60779805]],[[135.39038956,33.60919208],[135.39038956,33.60919208]],[[135.39150825,33.61135475],[135.39150825,33.61135475]],[[135.39201131,33.61252711],[135.39201131,33.61252711]],[[135.39112594,33.61277003],[135.39112594,33.61277003]],[[135.39166667,33.61347061],[135.39166667,33.61347061]],[[135.39262988,33.61389336],[135.39262988,33.61389336]],[[135.39237124,33.61409295],[135.39237124,33.61409295]],[[135.39344431,33.61640777],[135.39344431,33.61640777]],[[135.38936061,33.61821461],[135.38936061,33.61821461]],[[135.38970839,33.61833633],[135.38970839,33.61833633]],[[135.3891518,33.61927383],[135.3891518,33.61927383]],[[135.38957555,33.6200525],[135.38957555,33.6200525]],[[135.38906361,33.62030639],[135.38906361,33.62030639]],[[135.39432761,33.62411205],[135.39432761,33.62411205]],[[135.39433428,33.6255792],[135.39433428,33.6255792]],[[135.39245674,33.62648139],[135.39245674,33.62648139]],[[135.39304058,33.62660041],[135.39304058,33.62660041]],[[135.39327244,33.62790347],[135.39327244,33.62790347]],[[135.39154786,33.62788411],[135.39154786,33.62788411]],[[135.39365805,33.63006792],[135.39365805,33.63006792]],[[135.39084042,33.63118183],[135.39084042,33.63118183]],[[135.38923689,33.63389783],[135.38923689,33.63389783]],[[135.39011056,33.63438336],[135.39011056,33.63438336]],[[135.38976978,33.63440667],[135.38976978,33.63440667]],[[135.38934536,33.6344228],[135.38934536,33.6344228]],[[135.39165772,33.63493208],[135.39165772,33.63493208]],[[135.38985528,33.63483869],[135.38985528,33.63483869]],[[135.38985519,33.63521308],[135.38985519,33.63521308]],[[135.39098484,33.63712644],[135.39098484,33.63712644]],[[135.39100642,33.63725789],[135.39100642,33.63725789]],[[135.39084161,33.63729577],[135.39084161,33.63729577]],[[135.38237511,33.64626544],[135.38237511,33.64626544]],[[135.380704,33.64741259],[135.380704,33.64741259]],[[135.37794103,33.65013664],[135.37794103,33.65013664]],[[135.37529267,33.65131583],[135.37529267,33.65131583]],[[135.37092501,33.65137223],[135.37092501,33.65137223]],[[135.37301105,33.69117713],[135.37301105,33.69117713]],[[135.38724175,33.69507156],[135.38724175,33.69507156]],[[135.37672861,33.69648695],[135.37672861,33.69648695]],[[135.37317528,33.69912472],[135.37317528,33.69912472]],[[135.37439911,33.70284925],[135.37439911,33.70284925]],[[135.38548472,33.70327889],[135.38548472,33.70327889]],[[135.37200083,33.70434167],[135.37200083,33.70434167]],[[135.37217278,33.70442167],[135.37217278,33.70442167]],[[135.39064389,33.70545056],[135.39064389,33.70545056]],[[135.39626691,33.71292916],[135.39626691,33.71292916]],[[135.39635163,33.71292605],[135.39635163,33.71292605]],[[135.39627248,33.71296697],[135.39627248,33.71296697]],[[135.39643019,33.71306786],[135.39643019,33.71306786]],[[135.38861623,33.71490869],[135.38861623,33.71490869]],[[135.38264455,33.71628141],[135.38264455,33.71628141]],[[135.3784,33.71983656],[135.3784,33.71983656]],[[135.37764012,33.71992064],[135.37764012,33.71992064]],[[135.37217484,33.7284965],[135.37217484,33.7284965]],[[135.55218728,33.50864453],[135.55218728,33.50864453]],[[135.55430083,33.50892475],[135.55430083,33.50892475]],[[135.55253572,33.50897553],[135.55253572,33.50897553]],[[135.55358733,33.50914083],[135.55358733,33.50914083]],[[135.55169131,33.50934216],[135.55169131,33.50934216]],[[135.55498891,33.509175],[135.55498891,33.509175]],[[135.55299655,33.50931808],[135.55299655,33.50931808]],[[135.55300353,33.50979844],[135.55300353,33.50979844]],[[135.55284034,33.51010431],[135.55284034,33.51010431]],[[135.55340131,33.5108972],[135.55340131,33.5108972]],[[135.55227572,33.51021286],[135.55227572,33.51021286]],[[135.5542493,33.51024741],[135.5542493,33.51024741]],[[135.554068,33.51093383],[135.554068,33.51093383]],[[135.55419328,33.51102111],[135.55419328,33.51102111]],[[135.55319519,33.51110183],[135.55319519,33.51110183]],[[135.55320128,33.5113592],[135.55320128,33.5113592]],[[135.5536317,33.51155156],[135.5536317,33.51155156]],[[135.54535222,33.51435583],[135.54535222,33.51435583]],[[135.55258406,33.51469722],[135.55258406,33.51469722]],[[135.55358428,33.51472416],[135.55358428,33.51472416]],[[135.54608423,33.51474672],[135.54608423,33.51474672]],[[135.55289528,33.51486916],[135.55289528,33.51486916]],[[135.54646397,33.51492553],[135.54646397,33.51492553]],[[135.54571514,33.51496825],[135.54571514,33.51496825]],[[135.55518852,33.51494636],[135.55518852,33.51494636]],[[135.54616603,33.51512123],[135.54616603,33.51512123]],[[135.54781722,33.51532264],[135.54781722,33.51532264]],[[135.54432283,33.51528867],[135.54432283,33.51528867]],[[135.55268584,33.51522169],[135.55268584,33.51522169]],[[135.54412594,33.51543408],[135.54412594,33.51543408]],[[135.55287172,33.51552287],[135.55287172,33.51552287]],[[135.54739472,33.51562175],[135.54739472,33.51562175]],[[135.54864322,33.51552675],[135.54864322,33.51552675]],[[135.54931241,33.5156512],[135.54931241,33.5156512]],[[135.55043467,33.51576153],[135.55043467,33.51576153]],[[135.54704272,33.51582097],[135.54704272,33.51582097]],[[135.54824811,33.51575233],[135.54824811,33.51575233]],[[135.54794411,33.51546687],[135.54794411,33.51546687]],[[135.54720064,33.51580664],[135.54720064,33.51580664]],[[135.55017694,33.51575972],[135.55017694,33.51575972]],[[135.54871766,33.5158955],[135.54871766,33.5158955]],[[135.54680241,33.51605175],[135.54680241,33.51605175]],[[135.54562195,33.51594731],[135.54562195,33.51594731]],[[135.5511665,33.51611461],[135.5511665,33.51611461]],[[135.54882953,33.51615992],[135.54882953,33.51615992]],[[135.54989986,33.5160985],[135.54989986,33.5160985]],[[135.55129525,33.51620839],[135.55129525,33.51620839]],[[135.54517725,33.51634031],[135.54517725,33.51634031]],[[135.54542708,33.51625869],[135.54542708,33.51625869]],[[135.54579589,33.51643131],[135.54579589,33.51643131]],[[135.53516708,33.51763503],[135.53516708,33.51763503]],[[135.5115808,33.51820503],[135.5115808,33.51820503]],[[135.51182183,33.51837997],[135.51182183,33.51837997]],[[135.53847501,33.51839777],[135.53847501,33.51839777]],[[135.54448167,33.51866239],[135.54448167,33.51866239]],[[135.54009103,33.51875968],[135.54009103,33.51875968]],[[135.53196355,33.51899031],[135.53196355,33.51899031]],[[135.53503875,33.51888736],[135.53503875,33.51888736]],[[135.53865,33.51898416],[135.53865,33.51898416]],[[135.54057848,33.51896966],[135.54057848,33.51896966]],[[135.5322208,33.51883475],[135.5322208,33.51883475]],[[135.54063365,33.51917419],[135.54063365,33.51917419]],[[135.54449078,33.51918322],[135.54449078,33.51918322]],[[135.51288012,33.51917414],[135.51288012,33.51917414]],[[135.53260197,33.51897875],[135.53260197,33.51897875]],[[135.53506119,33.51947286],[135.53506119,33.51947286]],[[135.53668674,33.51911905],[135.53668674,33.51911905]],[[135.54076462,33.51942003],[135.54076462,33.51942003]],[[135.53514981,33.51955203],[135.53514981,33.51955203]],[[135.53202047,33.51935841],[135.53202047,33.51935841]],[[135.53498083,33.51950847],[135.53498083,33.51950847]],[[135.54088555,33.5195145],[135.54088555,33.5195145]],[[135.54107827,33.51951587],[135.54107827,33.51951587]],[[135.54087669,33.51960949],[135.54087669,33.51960949]],[[135.53537897,33.51953428],[135.53537897,33.51953428]],[[135.54449345,33.51965828],[135.54449345,33.51965828]],[[135.53201927,33.51968967],[135.53201927,33.51968967]],[[135.53016367,33.51983497],[135.53016367,33.51983497]],[[135.5412745,33.51983303],[135.5412745,33.51983303]],[[135.53641036,33.51975425],[135.53641036,33.51975425]],[[135.53522239,33.52005205],[135.53522239,33.52005205]],[[135.53664438,33.52002756],[135.53664438,33.52002756]],[[135.51156852,33.52016],[135.51156852,33.52016]],[[135.53722711,33.52014028],[135.53722711,33.52014028]],[[135.52980486,33.52020964],[135.52980486,33.52020964]],[[135.54303178,33.520333],[135.54303178,33.520333]],[[135.54266625,33.52036664],[135.54266625,33.52036664]],[[135.52829389,33.52059056],[135.52829389,33.52059056]],[[135.52853353,33.52049428],[135.52853353,33.52049428]],[[135.52846986,33.52096375],[135.52846986,33.52096375]],[[135.52935861,33.52107289],[135.52935861,33.52107289]],[[135.52775353,33.52089175],[135.52775353,33.52089175]],[[135.5298893,33.52098503],[135.5298893,33.52098503]],[[135.52760995,33.52102828],[135.52760995,33.52102828]],[[135.52947005,33.52113831],[135.52947005,33.52113831]],[[135.52218367,33.52106616],[135.52218367,33.52106616]],[[135.5213715,33.52146336],[135.5213715,33.52146336]],[[135.52949406,33.52149059],[135.52949406,33.52149059]],[[135.51888594,33.52143533],[135.51888594,33.52143533]],[[135.52637372,33.52152772],[135.52637372,33.52152772]],[[135.52820698,33.52130639],[135.52820698,33.52130639]],[[135.52221331,33.52147528],[135.52221331,33.52147528]],[[135.52757364,33.52156069],[135.52757364,33.52156069]],[[135.52264185,33.52154861],[135.52264185,33.52154861]],[[135.52624881,33.52160895],[135.52624881,33.52160895]],[[135.52157253,33.52163216],[135.52157253,33.52163216]],[[135.517359,33.52163886],[135.517359,33.52163886]],[[135.51825333,33.52124425],[135.51825333,33.52124425]],[[135.52644409,33.52176922],[135.52644409,33.52176922]],[[135.52179309,33.52180577],[135.52179309,33.52180577]],[[135.5166738,33.52196836],[135.5166738,33.52196836]],[[135.527343,33.52187259],[135.527343,33.52187259]],[[135.52088348,33.52199213],[135.52088348,33.52199213]],[[135.51556669,33.52170075],[135.51556669,33.52170075]],[[135.52485886,33.52212228],[135.52485886,33.52212228]],[[135.52679095,33.52203431],[135.52679095,33.52203431]],[[135.52081436,33.52208222],[135.52081436,33.52208222]],[[135.52560516,33.52222936],[135.52560516,33.52222936]],[[135.51744662,33.52212428],[135.51744662,33.52212428]],[[135.52575455,33.52226028],[135.52575455,33.52226028]],[[135.52616047,33.52228395],[135.52616047,33.52228395]],[[135.52640861,33.52233441],[135.52640861,33.52233441]],[[135.51560039,33.52235783],[135.51560039,33.52235783]],[[135.51676545,33.52264505],[135.51676545,33.52264505]],[[135.51585222,33.52247333],[135.51585222,33.52247333]],[[135.51638051,33.52267564],[135.51638051,33.52267564]],[[135.51663224,33.52272908],[135.51663224,33.52272908]],[[135.51557355,33.52272839],[135.51557355,33.52272839]],[[135.51550523,33.52289005],[135.51550523,33.52289005]],[[135.52354278,33.52282092],[135.52354278,33.52282092]],[[135.51541058,33.52294556],[135.51541058,33.52294556]],[[135.51509144,33.52309761],[135.51509144,33.52309761]],[[135.51475759,33.52318136],[135.51475759,33.52318136]],[[135.51471914,33.52344805],[135.51471914,33.52344805]],[[135.51432847,33.52393753],[135.51432847,33.52393753]],[[135.51385017,33.52397028],[135.51385017,33.52397028]],[[135.51412545,33.52400039],[135.51412545,33.52400039]],[[135.50873189,33.52443061],[135.50873189,33.52443061]],[[135.51053739,33.52454775],[135.51053739,33.52454775]],[[135.50831209,33.5246505],[135.50831209,33.5246505]],[[135.50898859,33.52480492],[135.50898859,33.52480492]],[[135.51055453,33.52492086],[135.51055453,33.52492086]],[[135.50841691,33.52505611],[135.50841691,33.52505611]],[[135.50895156,33.52556733],[135.50895156,33.52556733]],[[135.50968633,33.52590711],[135.50968633,33.52590711]],[[135.51016445,33.5257298],[135.51016445,33.5257298]],[[135.50980934,33.52588228],[135.50980934,33.52588228]],[[135.51005616,33.52763811],[135.51005616,33.52763811]],[[135.50480927,33.53158816],[135.50480927,33.53158816]],[[135.50923173,33.53194553],[135.50923173,33.53194553]],[[135.50972844,33.53202203],[135.50972844,33.53202203]],[[135.5098807,33.53246353],[135.5098807,33.53246353]],[[135.50906822,33.53371808],[135.50906822,33.53371808]],[[135.50986302,33.53368333],[135.50986302,33.53368333]],[[135.50934034,33.533742],[135.50934034,33.533742]],[[135.50949445,33.5342615],[135.50949445,33.5342615]],[[135.50942586,33.53444278],[135.50942586,33.53444278]],[[135.50521922,33.53499731],[135.50521922,33.53499731]],[[135.50870419,33.53502875],[135.50870419,33.53502875]],[[135.504617,33.53506422],[135.504617,33.53506422]],[[135.50784898,33.53519044],[135.50784898,33.53519044]],[[135.50796008,33.53509364],[135.50796008,33.53509364]],[[135.50487102,33.53526739],[135.50487102,33.53526739]],[[135.50578742,33.53528056],[135.50578742,33.53528056]],[[135.50622684,33.53537211],[135.50622684,33.53537211]],[[135.49100103,33.53543631],[135.49100103,33.53543631]],[[135.50465503,33.53554211],[135.50465503,33.53554211]],[[135.50014384,33.53586408],[135.50014384,33.53586408]],[[135.49845888,33.53625936],[135.49845888,33.53625936]],[[135.49964248,33.53612033],[135.49964248,33.53612033]],[[135.49515003,33.53711586],[135.49515003,33.53711586]],[[135.49437805,33.53725395],[135.49437805,33.53725395]],[[135.49578467,33.53732267],[135.49578467,33.53732267]],[[135.49541791,33.5373602],[135.49541791,33.5373602]],[[135.49054,33.53770216],[135.49054,33.53770216]],[[135.49917778,33.53822389],[135.49917778,33.53822389]],[[135.49354122,33.53864564],[135.49354122,33.53864564]],[[135.49415219,33.53881649],[135.49415219,33.53881649]],[[135.49327861,33.5389078],[135.49327861,33.5389078]],[[135.49465908,33.53907205],[135.49465908,33.53907205]],[[135.49475416,33.53939261],[135.49475416,33.53939261]],[[135.49526639,33.53918739],[135.49526639,33.53918739]],[[135.49476849,33.53922797],[135.49476849,33.53922797]],[[135.49510117,33.53943047],[135.49510117,33.53943047]],[[135.495771,33.53958769],[135.495771,33.53958769]],[[135.49060805,33.53958108],[135.49060805,33.53958108]],[[135.49569333,33.53992889],[135.49569333,33.53992889]],[[135.49631878,33.540008],[135.49631878,33.540008]],[[135.49643222,33.54026777],[135.49643222,33.54026777]],[[135.49587361,33.54040305],[135.49587361,33.54040305]],[[135.4955285,33.54137367],[135.4955285,33.54137367]],[[135.49066528,33.54438333],[135.49066528,33.54438333]],[[135.58676975,33.49666116],[135.58676975,33.49666116]],[[135.59202856,33.49739741],[135.59202856,33.49739741]],[[135.59300014,33.49727395],[135.59300014,33.49727395]],[[135.59332975,33.49742747],[135.59332975,33.49742747]],[[135.58902778,33.49782344],[135.58902778,33.49782344]],[[135.59164031,33.49777089],[135.59164031,33.49777089]],[[135.59423776,33.49779311],[135.59423776,33.49779311]],[[135.59363639,33.49788139],[135.59363639,33.49788139]],[[135.59192492,33.49808647],[135.59192492,33.49808647]],[[135.59090481,33.49797487],[135.59090481,33.49797487]],[[135.59413911,33.49829216],[135.59413911,33.49829216]],[[135.59068925,33.49841683],[135.59068925,33.49841683]],[[135.58867399,33.49789661],[135.58867399,33.49789661]],[[135.59434428,33.49833287],[135.59434428,33.49833287]],[[135.59091455,33.49845747],[135.59091455,33.49845747]],[[135.58704964,33.49871511],[135.58704964,33.49871511]],[[135.59074914,33.49875769],[135.59074914,33.49875769]],[[135.59092761,33.49868633],[135.59092761,33.49868633]],[[135.5938075,33.49877997],[135.5938075,33.49877997]],[[135.58889908,33.49862328],[135.58889908,33.49862328]],[[135.58736156,33.49890631],[135.58736156,33.49890631]],[[135.59061614,33.49892008],[135.59061614,33.49892008]],[[135.58909431,33.49897178],[135.58909431,33.49897178]],[[135.58691778,33.49899767],[135.58691778,33.49899767]],[[135.58936195,33.49905011],[135.58936195,33.49905011]],[[135.59037625,33.499107],[135.59037625,33.499107]],[[135.59048292,33.49914792],[135.59048292,33.49914792]],[[135.5901475,33.49926739],[135.5901475,33.49926739]],[[135.58778866,33.49949778],[135.58778866,33.49949778]],[[135.58818411,33.4994462],[135.58818411,33.4994462]],[[135.58762022,33.49945659],[135.58762022,33.49945659]],[[135.58992567,33.49950864],[135.58992567,33.49950864]],[[135.58699131,33.49968816],[135.58699131,33.49968816]],[[135.58848511,33.50012005],[135.58848511,33.50012005]],[[135.58833642,33.49950189],[135.58833642,33.49950189]],[[135.59457772,33.4998308],[135.59457772,33.4998308]],[[135.59295511,33.4994412],[135.58895581,33.50163241],[135.59295511,33.4994412]],[[135.62406027,33.50049656],[135.62406027,33.50049656]],[[135.58827558,33.50056203],[135.58827558,33.50056203]],[[135.62354125,33.50058097],[135.62354125,33.50058097]],[[135.58828222,33.50063716],[135.58828222,33.50063716]],[[135.58857772,33.5006408],[135.58857772,33.5006408]],[[135.58883185,33.50075444],[135.58883185,33.50075444]],[[135.62150333,33.50085056],[135.62150333,33.50085056]],[[135.62051389,33.50083361],[135.62051389,33.50083361]],[[135.58842455,33.50092175],[135.58842455,33.50092175]],[[135.61973506,33.50095578],[135.61973506,33.50095578]],[[135.59423659,33.50122492],[135.59423659,33.50122492]],[[135.62112827,33.50129578],[135.62112827,33.50129578]],[[135.6202728,33.50135567],[135.6202728,33.50135567]],[[135.62135614,33.50222253],[135.62135614,33.50222253]],[[135.58901847,33.50253105],[135.58901847,33.50253105]],[[135.58850752,33.50274961],[135.58850752,33.50274961]],[[135.58861336,33.50278261],[135.58861336,33.50278261]],[[135.58840064,33.50297295],[135.58840064,33.50297295]],[[135.58865292,33.50294603],[135.58865292,33.50294603]],[[135.58841255,33.50304716],[135.58841255,33.50304716]],[[135.58857189,33.50339911],[135.58857189,33.50339911]],[[135.58738355,33.50337656],[135.58738355,33.50337656]],[[135.59805614,33.50353913],[135.59805614,33.50353913]],[[135.60111328,33.50356125],[135.60111328,33.50356125]],[[135.58724703,33.5037352],[135.58724703,33.5037352]],[[135.60091489,33.50382133],[135.60091489,33.50382133]],[[135.59818428,33.50407911],[135.59818428,33.50407911]],[[135.59772516,33.50425595],[135.59772516,33.50425595]],[[135.59819939,33.50429678],[135.59819939,33.50429678]],[[135.59740214,33.50439814],[135.59740214,33.50439814]],[[135.59766211,33.50449516],[135.59766211,33.50449516]],[[135.61828039,33.50453628],[135.61828039,33.50453628]],[[135.59749231,33.50469495],[135.59749231,33.50469495]],[[135.59703061,33.50475041],[135.59703061,33.50475041]],[[135.59770414,33.50498314],[135.59770414,33.50498314]],[[135.59493803,33.50509431],[135.59493803,33.50509431]],[[135.60270073,33.50531503],[135.60270073,33.50531503]],[[135.58711263,33.50534111],[135.58711263,33.50534111]],[[135.58699969,33.50543159],[135.58699969,33.50543159]],[[135.57699025,33.50546859],[135.57699025,33.50546859]],[[135.59345453,33.50546069],[135.59345453,33.50546069]],[[135.57718547,33.50548647],[135.57718547,33.50548647]],[[135.58725703,33.50540539],[135.58725703,33.50540539]],[[135.59519309,33.50560561],[135.59519309,33.50560561]],[[135.61436623,33.50572216],[135.61436623,33.50572216]],[[135.57717189,33.50569853],[135.57717189,33.50569853]],[[135.57683331,33.50571259],[135.57683331,33.50571259]],[[135.61045761,33.50574414],[135.61045761,33.50574414]],[[135.59516167,33.50585731],[135.59516167,33.50585731]],[[135.5775082,33.50571614],[135.5775082,33.50571614]],[[135.60292497,33.50575733],[135.60292497,33.50575733]],[[135.57777202,33.5059525],[135.57777202,33.5059525]],[[135.61070047,33.50580783],[135.61070047,33.50580783]],[[135.59660516,33.50593839],[135.59660516,33.50593839]],[[135.60927969,33.50589397],[135.60927969,33.50589397]],[[135.61019988,33.50593764],[135.61019988,33.50593764]],[[135.58412973,33.50597444],[135.58412973,33.50597444]],[[135.61428058,33.50613987],[135.61428058,33.50613987]],[[135.60333017,33.50606114],[135.60333017,33.50606114]],[[135.57882027,33.506139],[135.57882027,33.506139]],[[135.58534895,33.50618716],[135.58534895,33.50618716]],[[135.61005139,33.50617987],[135.61005139,33.50617987]],[[135.58037789,33.50629853],[135.58037789,33.50629853]],[[135.60319222,33.50617511],[135.60319222,33.50617511]],[[135.58298939,33.50632395],[135.58298939,33.50632395]],[[135.58605173,33.50626097],[135.58605173,33.50626097]],[[135.59365511,33.50642347],[135.59365511,33.50642347]],[[135.57907652,33.50645716],[135.57907652,33.50645716]],[[135.57864866,33.50623292],[135.57864866,33.50623292]],[[135.60333914,33.50643216],[135.60333914,33.50643216]],[[135.57786616,33.50639675],[135.57786616,33.50639675]],[[135.60345756,33.50646525],[135.60345756,33.50646525]],[[135.57941942,33.50665928],[135.57941942,33.50665928]],[[135.57779372,33.50647841],[135.57779372,33.50647841]],[[135.58151051,33.50657933],[135.58151051,33.50657933]],[[135.58657022,33.50652053],[135.58657022,33.50652053]],[[135.57905594,33.50655683],[135.57905594,33.50655683]],[[135.61334017,33.5066908],[135.61334017,33.5066908]],[[135.57917949,33.50674083],[135.57917949,33.50674083]],[[135.57890263,33.50674467],[135.57890263,33.50674467]],[[135.58600053,33.50677377],[135.58600053,33.50677377]],[[135.57829536,33.506724],[135.57829536,33.506724]],[[135.61332231,33.50694272],[135.61332231,33.50694272]],[[135.57844022,33.50706253],[135.57844022,33.50706253]],[[135.61356652,33.50705728],[135.61356652,33.50705728]],[[135.60910591,33.50702167],[135.60910591,33.50702167]],[[135.60868708,33.50707939],[135.60868708,33.50707939]],[[135.61339942,33.50706164],[135.61339942,33.50706164]],[[135.58117481,33.50715159],[135.58117481,33.50715159]],[[135.6112762,33.50710192],[135.6112762,33.50710192]],[[135.58222531,33.50712716],[135.58222531,33.50712716]],[[135.58209995,33.50729639],[135.58209995,33.50729639]],[[135.60864814,33.50733095],[135.60864814,33.50733095]],[[135.60684958,33.50731608],[135.60684958,33.50731608]],[[135.58269852,33.50738508],[135.58269852,33.50738508]],[[135.57730847,33.50731911],[135.57730847,33.50731911]],[[135.60441866,33.50736208],[135.60441866,33.50736208]],[[135.61269672,33.50752431],[135.61269672,33.50752431]],[[135.60379056,33.50752192],[135.60379056,33.50752192]],[[135.60334575,33.50766916],[135.60334575,33.50766916]],[[135.60675333,33.50778369],[135.60675333,33.50778369]],[[135.60334866,33.5077905],[135.60334866,33.5077905]],[[135.60359261,33.50776859],[135.60359261,33.50776859]],[[135.60424956,33.50798797],[135.60424956,33.50798797]],[[135.604363,33.50806867],[135.604363,33.50806867]],[[135.60420672,33.50806867],[135.60420672,33.50806867]],[[135.60396394,33.5081468],[135.60396394,33.5081468]],[[135.60413167,33.50857708],[135.60413167,33.50857708]],[[135.60395898,33.50879989],[135.60395898,33.50879989]],[[135.60425811,33.50876075],[135.60425811,33.50876075]],[[135.57654392,33.50931161],[135.57654392,33.50931161]],[[135.60555022,33.50934425],[135.60555022,33.50934425]],[[135.57552783,33.50995677],[135.57552783,33.50995677]],[[135.57681717,33.51003847],[135.57681717,33.51003847]],[[135.57585608,33.510305],[135.57585608,33.510305]],[[135.57488272,33.51028203],[135.57488272,33.51028203]],[[135.57642633,33.51058539],[135.57642633,33.51058539]],[[135.57488192,33.51086489],[135.57488192,33.51086489]],[[135.55856306,33.51171689],[135.55856306,33.51171689]],[[135.56014209,33.51144377],[135.56014209,33.51144377]],[[135.55833333,33.51185769],[135.55833333,33.51185769]],[[135.55834625,33.51200747],[135.55834625,33.51200747]],[[135.56149822,33.51232803],[135.56149822,33.51232803]],[[135.55854514,33.5123352],[135.55854514,33.5123352]],[[135.56066092,33.51254275],[135.56066092,33.51254275]],[[135.56023814,33.51245453],[135.56023814,33.51245453]],[[135.55761167,33.51279064],[135.55761167,33.51279064]],[[135.56040903,33.51258408],[135.56040903,33.51258408]],[[135.55751733,33.51255592],[135.55751733,33.51255592]],[[135.57532328,33.5126285],[135.57532328,33.5126285]],[[135.57568859,33.5127452],[135.57568859,33.5127452]],[[135.57502964,33.51323531],[135.57502964,33.51323531]],[[135.56066572,33.51423011],[135.56066572,33.51423011]],[[135.56124183,33.51427753],[135.56124183,33.51427753]],[[135.56160759,33.51432008],[135.56160759,33.51432008]],[[135.56502986,33.51447228],[135.56502986,33.51447228]],[[135.56278003,33.51426277],[135.56278003,33.51426277]],[[135.56403167,33.51453695],[135.56403167,33.51453695]],[[135.56568345,33.51468672],[135.56568345,33.51468672]],[[135.56257183,33.51493195],[135.56257183,33.51493195]],[[135.56376008,33.51487297],[135.56376008,33.51487297]],[[135.56507639,33.51477631],[135.56507639,33.51477631]],[[135.56684316,33.5153212],[135.56684316,33.5153212]],[[135.57352399,33.51536923],[135.57352399,33.51536923]],[[135.56689555,33.51552705],[135.56689555,33.51552705]],[[135.57336803,33.51558787],[135.57336803,33.51558787]],[[135.55681167,33.51572056],[135.55681167,33.51572056]],[[135.57186394,33.51565244],[135.57186394,33.51565244]],[[135.57143822,33.51570428],[135.57143822,33.51570428]],[[135.57176433,33.51611439],[135.57176433,33.51611439]],[[135.571207,33.51610459],[135.571207,33.51610459]],[[135.567519,33.51615095],[135.567519,33.51615095]],[[135.56773881,33.51619064],[135.56773881,33.51619064]],[[135.56899338,33.51636944],[135.56899338,33.51636944]],[[135.70713119,33.47686139],[135.70713119,33.47686139]],[[135.70687365,33.47677959],[135.70687365,33.47677959]],[[135.71757623,33.47700423],[135.71757623,33.47700423]],[[135.7064475,33.47705069],[135.7064475,33.47705069]],[[135.70531272,33.47713778],[135.70531272,33.47713778]],[[135.70781672,33.47730469],[135.70781672,33.47730469]],[[135.70689533,33.47730216],[135.70689533,33.47730216]],[[135.7066191,33.47731031],[135.7066191,33.47731031]],[[135.70807061,33.47762597],[135.70807061,33.47762597]],[[135.70680737,33.4776548],[135.70680737,33.4776548]],[[135.70720711,33.47765887],[135.70720711,33.47765887]],[[135.70900866,33.47763769],[135.70900866,33.47763769]],[[135.70907253,33.4777812],[135.70907253,33.4777812]],[[135.70871508,33.47774895],[135.70871508,33.47774895]],[[135.70990195,33.47787808],[135.70990195,33.47787808]],[[135.70700377,33.47786561],[135.70700377,33.47786561]],[[135.70653503,33.47783231],[135.70653503,33.47783231]],[[135.70940728,33.47801987],[135.70940728,33.47801987]],[[135.70926489,33.47802303],[135.70926489,33.47802303]],[[135.70979322,33.47828792],[135.70979322,33.47828792]],[[135.7049938,33.47803725],[135.7049938,33.47803725]],[[135.70974786,33.47823733],[135.70974786,33.47823733]],[[135.70963603,33.47848925],[135.70963603,33.47848925]],[[135.71024109,33.47851356],[135.71024109,33.47851356]],[[135.71167445,33.47883386],[135.71167445,33.47883386]],[[135.71137942,33.47922839],[135.71137942,33.47922839]],[[135.70495711,33.47927014],[135.70495711,33.47927014]],[[135.71795834,33.4795258],[135.71795834,33.4795258]],[[135.70611241,33.47979953],[135.70611241,33.47979953]],[[135.71228292,33.47998214],[135.71228292,33.47998214]],[[135.70598798,33.48024836],[135.70598798,33.48024836]],[[135.71700306,33.48048669],[135.71700306,33.48048669]],[[135.71155348,33.48062478],[135.71155348,33.48062478]],[[135.71715711,33.48059828],[135.71715711,33.48059828]],[[135.71200014,33.48075764],[135.71200014,33.48075764]],[[135.68962258,33.48105049],[135.68962258,33.48105049]],[[135.71648674,33.48131053],[135.71648674,33.48131053]],[[135.71598283,33.48123047],[135.71598283,33.48123047]],[[135.71503584,33.48142311],[135.71503584,33.48142311]],[[135.71155392,33.48136511],[135.71155392,33.48136511]],[[135.71181767,33.4814812],[135.71181767,33.4814812]],[[135.68971678,33.48154467],[135.68971678,33.48154467]],[[135.69426394,33.48205439],[135.69426394,33.48205439]],[[135.69074869,33.48184111],[135.69074869,33.48184111]],[[135.71553815,33.48200387],[135.71553815,33.48200387]],[[135.6900537,33.48187964],[135.6900537,33.48187964]],[[135.71573591,33.48218447],[135.71573591,33.48218447]],[[135.71558803,33.48237511],[135.71558803,33.48237511]],[[135.69021944,33.48230225],[135.69021944,33.48230225]],[[135.69078333,33.48248092],[135.69078333,33.48248092]],[[135.71595141,33.48283569],[135.71595141,33.48283569]],[[135.69722167,33.4835675],[135.69722167,33.4835675]],[[135.69734944,33.48369139],[135.69734944,33.48369139]],[[135.7116428,33.48387477],[135.7116428,33.48387477]],[[135.69763195,33.48386056],[135.69763195,33.48386056]],[[135.71149756,33.48396767],[135.71149756,33.48396767]],[[135.69251569,33.48423267],[135.69251569,33.48423267]],[[135.69271905,33.48432056],[135.69271905,33.48432056]],[[135.69776639,33.48472305],[135.69776639,33.48472305]],[[135.70562686,33.48465372],[135.70562686,33.48465372]],[[135.66888161,33.48500983],[135.66888161,33.48500983]],[[135.70533584,33.48511749],[135.70533584,33.48511749]],[[135.67024661,33.48540472],[135.67024661,33.48540472]],[[135.66811338,33.48604797],[135.66811338,33.48604797]],[[135.66970966,33.48607305],[135.66970966,33.48607305]],[[135.70440139,33.48617195],[135.70440139,33.48617195]],[[135.70452934,33.48612383],[135.70452934,33.48612383]],[[135.69211664,33.48618431],[135.69211664,33.48618431]],[[135.68612888,33.48723864],[135.68612888,33.48723864]],[[135.6922875,33.48738361],[135.6922875,33.48738361]],[[135.70284861,33.48763167],[135.70284861,33.48763167]],[[135.70383283,33.48761328],[135.70383283,33.48761328]],[[135.68651903,33.48792287],[135.68651903,33.48792287]],[[135.68682969,33.48805713],[135.68682969,33.48805713]],[[135.67471217,33.48794213],[135.67471217,33.48794213]],[[135.66111852,33.48842036],[135.66111852,33.48842036]],[[135.70231542,33.48874289],[135.70231542,33.48874289]],[[135.70222105,33.48903053],[135.70222105,33.48903053]],[[135.67302019,33.48896916],[135.67302019,33.48896916]],[[135.66193791,33.48897959],[135.66193791,33.48897959]],[[135.66162973,33.48921989],[135.66162973,33.48921989]],[[135.66259406,33.48929997],[135.66259406,33.48929997]],[[135.66569375,33.48917205],[135.66569375,33.48917205]],[[135.67189891,33.48933844],[135.67189891,33.48933844]],[[135.66628917,33.48943961],[135.66628917,33.48943961]],[[135.66223224,33.48950292],[135.66223224,33.48950292]],[[135.66635409,33.48947572],[135.66635409,33.48947572]],[[135.671793,33.48961231],[135.671793,33.48961231]],[[135.67126878,33.49010578],[135.67126878,33.49010578]],[[135.66579733,33.49013172],[135.66579733,33.49013172]],[[135.67088224,33.49015395],[135.67088224,33.49015395]],[[135.66346092,33.49028608],[135.66346092,33.49028608]],[[135.70141031,33.49026225],[135.70141031,33.49026225]],[[135.66752905,33.49038925],[135.66752905,33.49038925]],[[135.66305772,33.4902562],[135.66305772,33.4902562]],[[135.66329319,33.49056436],[135.66329319,33.49056436]],[[135.66921275,33.4909862],[135.66921275,33.4909862]],[[135.66803953,33.49120989],[135.66803953,33.49120989]],[[135.6702135,33.49134525],[135.6702135,33.49134525]],[[135.66248195,33.49278239],[135.66248195,33.49278239]],[[135.66064241,33.49294359],[135.66064241,33.49294359]],[[135.66317917,33.49309972],[135.66317917,33.49309972]],[[135.66051825,33.49320008],[135.66051825,33.49320008]],[[135.65890861,33.49322361],[135.65890861,33.49322361]],[[135.66051694,33.49341387],[135.66051694,33.49341387]],[[135.65996309,33.49507372],[135.65996309,33.49507372]],[[135.65739591,33.49506656],[135.65739591,33.49506656]],[[135.66043375,33.49537667],[135.66043375,33.49537667]],[[135.65778978,33.49589114],[135.65778978,33.49589114]],[[135.65970575,33.4959238],[135.65970575,33.4959238]],[[135.65773034,33.49625205],[135.65773034,33.49625205]],[[135.65748947,33.4966528],[135.65748947,33.4966528]],[[135.65745064,33.49640086],[135.65745064,33.49640086]],[[135.65771497,33.49649749],[135.65771497,33.49649749]],[[135.65758983,33.49689428],[135.65758983,33.49689428]],[[135.65716086,33.49692833],[135.65716086,33.49692833]],[[135.65532694,33.49716416],[135.65532694,33.49716416]],[[135.65692597,33.49725603],[135.65692597,33.49725603]],[[135.65663222,33.4973498],[135.65663222,33.4973498]],[[135.65677481,33.49745195],[135.65677481,33.49745195]],[[135.65659636,33.49754741],[135.65659636,33.49754741]],[[135.6544955,33.4976908],[135.6544955,33.4976908]],[[135.65486428,33.49767005],[135.65486428,33.49767005]],[[135.65622756,33.49772136],[135.65622756,33.49772136]],[[135.65499878,33.49773525],[135.65499878,33.49773525]],[[135.65541103,33.49812228],[135.65541103,33.49812228]],[[135.62862733,33.49884041],[135.62862733,33.49884041]],[[135.65278856,33.49901931],[135.65278856,33.49901931]],[[135.65234776,33.49897659],[135.65234776,33.49897659]],[[135.65167192,33.49911897],[135.65167192,33.49911897]],[[135.64942486,33.49931533],[135.64942486,33.49931533]],[[135.62757,33.49931941],[135.62757,33.49931941]],[[135.65305128,33.49946128],[135.65305128,33.49946128]],[[135.652044,33.49933961],[135.652044,33.49933961]],[[135.65233664,33.4995572],[135.65233664,33.4995572]],[[135.62641536,33.49973803],[135.62641536,33.49973803]],[[135.62677489,33.49976222],[135.62677489,33.49976222]],[[135.653116,33.49967311],[135.653116,33.49967311]],[[135.65295834,33.49976936],[135.65295834,33.49976936]],[[135.62524103,33.499673],[135.62524103,33.499673]],[[135.62546597,33.49993169],[135.62546597,33.49993169]],[[135.62674781,33.50011269],[135.62674781,33.50011269]],[[135.64863083,33.50021916],[135.64863083,33.50021916]],[[135.64936966,33.50014497],[135.64936966,33.50014497]],[[135.64309681,33.50032047],[135.64309681,33.50032047]],[[135.64940997,33.50018008],[135.64940997,33.50018008]],[[135.64340477,33.50039878],[135.64340477,33.50039878]],[[135.64853089,33.50049697],[135.64853089,33.50049697]],[[135.64865372,33.50055414],[135.64865372,33.50055414]],[[135.64366745,33.50052167],[135.64366745,33.50052167]],[[135.64272411,33.50088639],[135.64272411,33.50088639]],[[135.62545733,33.50035453],[135.62545733,33.50035453]],[[135.64369944,33.50078411],[135.64369944,33.50078411]],[[135.64423981,33.50153497],[135.64423981,33.50153497]],[[135.64516414,33.50160089],[135.64516414,33.50160089]],[[135.64057386,33.50219244],[135.64057386,33.50219244]],[[135.63969914,33.50229164],[135.63969914,33.50229164]],[[135.63963414,33.50229192],[135.63963414,33.50229192]],[[135.64004878,33.50231447],[135.64004878,33.50231447]],[[135.64063365,33.50245405],[135.64063365,33.50245405]],[[135.62752041,33.50257744],[135.62752041,33.50257744]],[[135.62739625,33.50267172],[135.62739625,33.50267172]],[[135.63920597,33.5026875],[135.63920597,33.5026875]],[[135.63967647,33.50315797],[135.63967647,33.50315797]],[[135.63942506,33.50331139],[135.63942506,33.50331139]],[[135.63951547,33.50336016],[135.63951547,33.50336016]],[[135.63698878,33.50381616],[135.63698878,33.50381616]],[[135.63744275,33.50363556],[135.63744275,33.50363556]],[[135.63766345,33.50412647],[135.63766345,33.50412647]],[[135.63708241,33.50426487],[135.63708241,33.50426487]],[[135.63701737,33.50434841],[135.63701737,33.50434841]],[[135.63746353,33.50449697],[135.63746353,33.50449697]],[[135.63668348,33.50454005],[135.63668348,33.50454005]],[[135.6388575,33.504824],[135.6388575,33.504824]],[[135.62750361,33.50479487],[135.62750361,33.50479487]],[[135.62736158,33.50464875],[135.62736158,33.50464875]],[[135.62802073,33.50489003],[135.62802073,33.50489003]],[[135.63838078,33.5048512],[135.63838078,33.5048512]],[[135.63872403,33.5049158],[135.63872403,33.5049158]],[[135.63196547,33.5050208],[135.63196547,33.5050208]],[[135.62892947,33.50497616],[135.62892947,33.50497616]],[[135.62871642,33.50512064],[135.62871642,33.50512064]],[[135.63226292,33.505346],[135.63226292,33.505346]],[[135.63211917,33.50527941],[135.63211917,33.50527941]],[[135.63233815,33.50547767],[135.63233815,33.50547767]],[[135.63222036,33.50552311],[135.63222036,33.50552311]],[[135.6325891,33.50563311],[135.6325891,33.50563311]],[[135.62861217,33.50571433],[135.62861217,33.50571433]],[[135.62913728,33.50565064],[135.62913728,33.50565064]],[[135.63109066,33.50594359],[135.63109066,33.50594359]],[[135.62937497,33.50597695],[135.62937497,33.50597695]],[[135.63136228,33.50568539],[135.63136228,33.50568539]],[[135.6312417,33.50607292],[135.6312417,33.50607292]],[[135.63234633,33.50608303],[135.63234633,33.50608303]],[[135.63125197,33.50619341],[135.63125197,33.50619341]],[[135.63154119,33.50675775],[135.63154119,33.50675775]],[[135.75323643,33.43259863],[135.75323643,33.43259863]],[[135.75248674,33.43330309],[135.75248674,33.43330309]],[[135.75297578,33.43398004],[135.75297578,33.43398004]],[[135.76336414,33.43409423],[135.76336414,33.43409423]],[[135.76338078,33.43413264],[135.76338078,33.43413264]],[[135.76327564,33.43415359],[135.76327564,33.43415359]],[[135.76071416,33.43428536],[135.76071416,33.43428536]],[[135.75362445,33.43407395],[135.75362445,33.43407395]],[[135.763478,33.43432764],[135.763478,33.43432764]],[[135.75376772,33.43447872],[135.75376772,33.43447872]],[[135.76300903,33.43474736],[135.76300903,33.43474736]],[[135.75614128,33.43456546],[135.75614128,33.43456546]],[[135.76003278,33.4344428],[135.76003278,33.4344428]],[[135.76266486,33.43467716],[135.76266486,33.43467716]],[[135.75812834,33.434635],[135.75812834,33.434635]],[[135.76250411,33.43466611],[135.76250411,33.43466611]],[[135.75951141,33.4347005],[135.75951141,33.4347005]],[[135.75792294,33.43483559],[135.75792294,33.43483559]],[[135.75796481,33.43488464],[135.75796481,33.43488464]],[[135.7587265,33.43490033],[135.7587265,33.43490033]],[[135.75381575,33.43481241],[135.75381575,33.43481241]],[[135.75994005,33.43492005],[135.75994005,33.43492005]],[[135.75973866,33.43513003],[135.75973866,33.43513003]],[[135.7594755,33.43501497],[135.7594755,33.43501497]],[[135.75758558,33.43505983],[135.75758558,33.43505983]],[[135.75771881,33.43509359],[135.75771881,33.43509359]],[[135.76337409,33.435057],[135.76337409,33.435057]],[[135.76330506,33.43515747],[135.76330506,33.43515747]],[[135.75717189,33.43543264],[135.75717189,33.43543264]],[[135.76703742,33.43534175],[135.76703742,33.43534175]],[[135.76762292,33.43547272],[135.76762292,33.43547272]],[[135.76532239,33.43552013],[135.76532239,33.43552013]],[[135.75316372,33.43546],[135.75316372,33.43546]],[[135.75359294,33.43565],[135.75359294,33.43565]],[[135.76923017,33.43565847],[135.76923017,33.43565847]],[[135.76715978,33.43583272],[135.76715978,33.43583272]],[[135.76543409,33.43584916],[135.76543409,33.43584916]],[[135.75299594,33.43593267],[135.75299594,33.43593267]],[[135.75216311,33.436318],[135.75216311,33.436318]],[[135.75361428,33.43593344],[135.75361428,33.43593344]],[[135.76636406,33.43686697],[135.76636406,33.43686697]],[[135.75271428,33.43687087],[135.75271428,33.43687087]],[[135.75287625,33.43707013],[135.75287625,33.43707013]],[[135.75257927,33.43788625],[135.75257927,33.43788625]],[[135.75168339,33.43763739],[135.75168339,33.43763739]],[[135.76745747,33.43790005],[135.76745747,33.43790005]],[[135.75229066,33.43768636],[135.75229066,33.43768636]],[[135.75163267,33.43782447],[135.75163267,33.43782447]],[[135.75212886,33.43805203],[135.75212886,33.43805203]],[[135.75103927,33.4381115],[135.75103927,33.4381115]],[[135.75247837,33.43813713],[135.75247837,33.43813713]],[[135.76691678,33.43821903],[135.76691678,33.43821903]],[[135.76948453,33.43821211],[135.76948453,33.43821211]],[[135.75301756,33.43815464],[135.75301756,33.43815464]],[[135.75189895,33.43820292],[135.75189895,33.43820292]],[[135.75278447,33.43821756],[135.75278447,33.43821756]],[[135.7523202,33.4384948],[135.7523202,33.4384948]],[[135.76839399,33.43852797],[135.76839399,33.43852797]],[[135.76900995,33.43853728],[135.76900995,33.43853728]],[[135.76695102,33.43852477],[135.76695102,33.43852477]],[[135.75303944,33.43872087],[135.75303944,33.43872087]],[[135.76870008,33.43898831],[135.76870008,33.43898831]],[[135.75313759,33.43892428],[135.75313759,33.43892428]],[[135.75299603,33.43911969],[135.75299603,33.43911969]],[[135.76712542,33.44053683],[135.76712542,33.44053683]],[[135.76748224,33.44050375],[135.76748224,33.44050375]],[[135.77820898,33.44044928],[135.77820898,33.44044928]],[[135.76705377,33.44092589],[135.76705377,33.44092589]],[[135.76927722,33.44181641],[135.76927722,33.44181641]],[[135.7687708,33.44204267],[135.7687708,33.44204267]],[[135.77742503,33.4430218],[135.77742503,33.4430218]],[[135.74997445,33.44513889],[135.74997445,33.44513889]],[[135.75054353,33.445295],[135.75054353,33.445295]],[[135.75007528,33.44536444],[135.75007528,33.44536444]],[[135.75057528,33.44552833],[135.75057528,33.44552833]],[[135.74951722,33.44570222],[135.74951722,33.44570222]],[[135.75102694,33.44556516],[135.75102694,33.44556516]],[[135.74978611,33.44593361],[135.74978611,33.44593361]],[[135.74924167,33.44667777],[135.74924167,33.44667777]],[[135.74945667,33.44691444],[135.74945667,33.44691444]],[[135.74865,33.44701583],[135.74865,33.44701583]],[[135.75002167,33.44706667],[135.75002167,33.44706667]],[[135.74943,33.44721333],[135.74943,33.44721333]],[[135.74806528,33.44802472],[135.74806528,33.44802472]],[[135.74768195,33.44861695],[135.74768195,33.44861695]],[[135.74908027,33.44873528],[135.74908027,33.44873528]],[[135.74977917,33.44859416],[135.74977917,33.44859416]],[[135.74966501,33.44902278],[135.74966501,33.44902278]],[[135.74918778,33.44896639],[135.74918778,33.44896639]],[[135.74985306,33.44911305],[135.74985306,33.44911305]],[[135.74897944,33.44960916],[135.74897944,33.44960916]],[[135.74996083,33.45054472],[135.74996083,33.45054472]],[[135.74994722,33.45096195],[135.74994722,33.45096195]],[[135.74946333,33.45111972],[135.74946333,33.45111972]],[[135.75015022,33.45155967],[135.75015022,33.45155967]],[[135.75414822,33.45236983],[135.75414822,33.45236983]],[[135.75605805,33.45356056],[135.75605805,33.45356056]],[[135.76139294,33.45617713],[135.76139294,33.45617713]],[[135.7615445,33.45643164],[135.7615445,33.45643164]],[[135.76547581,33.45668328],[135.76547581,33.45668328]],[[135.76597202,33.45682989],[135.76597202,33.45682989]],[[135.77098139,33.46044389],[135.77098139,33.46044389]],[[135.77167361,33.46040444],[135.77167361,33.46040444]],[[135.77423472,33.46104167],[135.77423472,33.46104167]],[[135.77510195,33.4614475],[135.77510195,33.4614475]],[[135.77549834,33.46174028],[135.77549834,33.46174028]],[[135.77506834,33.46175722],[135.77506834,33.46175722]],[[135.77210361,33.47064167],[135.77210361,33.47064167]],[[135.77206333,33.47083916],[135.77206333,33.47083916]],[[135.73725825,33.47280422],[135.73725825,33.47280422]],[[135.76516667,33.47311639],[135.76516667,33.47311639]],[[135.76419889,33.47318972],[135.76419889,33.47318972]],[[135.72407172,33.47331078],[135.72407172,33.47331078]],[[135.73724606,33.47367661],[135.73724606,33.47367661]],[[135.76377528,33.47390583],[135.76377528,33.47390583]],[[135.76319056,33.47426111],[135.76319056,33.47426111]],[[135.76354667,33.47415944],[135.76354667,33.47415944]],[[135.74143639,33.47443523],[135.74143639,33.47443523]],[[135.77040306,33.47578861],[135.77040306,33.47578861]],[[135.71867706,33.47596469],[135.71867706,33.47596469]],[[135.72833397,33.47597167],[135.72833397,33.47597167]],[[135.72776311,33.47645231],[135.72776311,33.47645231]],[[135.73970228,33.47663939],[135.73970228,33.47663939]],[[135.72459523,33.47680756],[135.72459523,33.47680756]],[[135.72724153,33.47682703],[135.72724153,33.47682703]],[[135.73536406,33.47678989],[135.73536406,33.47678989]],[[135.7275073,33.47701339],[135.7275073,33.47701339]],[[135.73717475,33.47696872],[135.73717475,33.47696872]],[[135.72103689,33.477077],[135.72103689,33.477077]],[[135.72455097,33.47707044],[135.72455097,33.47707044]],[[135.71845805,33.47711305],[135.71845805,33.47711305]],[[135.72725725,33.47726295],[135.72725725,33.47726295]],[[135.77313222,33.47750223],[135.77313222,33.47750223]],[[135.71820969,33.47755711],[135.71820969,33.47755711]],[[135.72848239,33.47766323],[135.72848239,33.47766323]],[[135.77319944,33.47771083],[135.77319944,33.47771083]],[[135.71968511,33.47774959],[135.71968511,33.47774959]],[[135.7232175,33.47766261],[135.7232175,33.47766261]],[[135.77297778,33.47784611],[135.77297778,33.47784611]],[[135.72110606,33.47781441],[135.72110606,33.47781441]],[[135.71855403,33.47790144],[135.71855403,33.47790144]],[[135.72211248,33.47796587],[135.72211248,33.47796587]],[[135.71878041,33.47810869],[135.71878041,33.47810869]],[[135.74155501,33.47799203],[135.74155501,33.47799203]],[[135.71857306,33.4780768],[135.71857306,33.4780768]],[[135.72430927,33.47806395],[135.72430927,33.47806395]],[[135.74203872,33.47801587],[135.74203872,33.47801587]],[[135.73487866,33.47820978],[135.73487866,33.47820978]],[[135.72844789,33.47827795],[135.72844789,33.47827795]],[[135.7289707,33.47830556],[135.7289707,33.47830556]],[[135.71927772,33.47841567],[135.71927772,33.47841567]],[[135.71881467,33.47831116],[135.71881467,33.47831116]],[[135.74217869,33.47864928],[135.74217869,33.47864928]],[[135.74307075,33.47883133],[135.74307075,33.47883133]],[[135.74481523,33.478878],[135.74481523,33.478878]],[[135.74623995,33.47888328],[135.74623995,33.47888328]],[[135.72946387,33.47913049],[135.72946387,33.47913049]],[[135.72944635,33.47918461],[135.72944635,33.47918461]],[[135.74406267,33.47927356],[135.74406267,33.47927356]],[[135.745831,33.47932469],[135.745831,33.47932469]],[[135.75915117,33.47933759],[135.75915117,33.47933759]],[[135.73022795,33.47945187],[135.73022795,33.47945187]],[[135.7463472,33.47955714],[135.7463472,33.47955714]],[[135.74494934,33.4794895],[135.74494934,33.4794895]],[[135.74959306,33.47983805],[135.74959306,33.47983805]],[[135.73592581,33.47996569],[135.73592581,33.47996569]],[[135.73646706,33.48009008],[135.73646706,33.48009008]],[[135.729602,33.48010877],[135.729602,33.48010877]],[[135.73617205,33.48026711],[135.73617205,33.48026711]],[[135.74872403,33.48070664],[135.74872403,33.48070664]],[[135.74885713,33.48067356],[135.74885713,33.48067356]],[[135.73600776,33.48068516],[135.73600776,33.48068516]],[[135.75620173,33.48078447],[135.75620173,33.48078447]],[[135.7618725,33.48071556],[135.7618725,33.48071556]],[[135.736069,33.48105864],[135.736069,33.48105864]],[[135.73628109,33.48114436],[135.73628109,33.48114436]],[[135.74727547,33.48112603],[135.74727547,33.48112603]],[[135.74958158,33.48131911],[135.74958158,33.48131911]],[[135.76134209,33.48142728],[135.76134209,33.48142728]],[[135.73415944,33.48180111],[135.73415944,33.48180111]],[[135.74650808,33.48208105],[135.74650808,33.48208105]],[[135.73648956,33.48201461],[135.73648956,33.48201461]],[[135.73400211,33.48216031],[135.73400211,33.48216031]],[[135.73500956,33.48218736],[135.73500956,33.48218736]],[[135.73647124,33.48235053],[135.73647124,33.48235053]],[[135.7336285,33.48241544],[135.7336285,33.48241544]],[[135.73374153,33.48254803],[135.73374153,33.48254803]],[[135.73348255,33.48258425],[135.73348255,33.48258425]],[[135.73370694,33.48259147],[135.73370694,33.48259147]],[[135.73660739,33.48254789],[135.73660739,33.48254789]],[[135.7343435,33.48268872],[135.7343435,33.48268872]],[[135.73390406,33.48283787],[135.73390406,33.48283787]],[[135.73654409,33.48302759],[135.73654409,33.48302759]],[[135.7341117,33.48353456],[135.7341117,33.48353456]],[[135.78762083,33.43738025],[135.78762083,33.43738025]],[[135.78524642,33.43769641],[135.78524642,33.43769641]],[[135.78686927,33.43770405],[135.78686927,33.43770405]],[[135.7884727,33.43759344],[135.7884727,33.43759344]],[[135.78634414,33.43784869],[135.78634414,33.43784869]],[[135.78532511,33.43797886],[135.78532511,33.43797886]],[[135.78889752,33.43789595],[135.78889752,33.43789595]],[[135.78544066,33.43809556],[135.78544066,33.43809556]],[[135.785157,33.43821008],[135.785157,33.43821008]],[[135.78838555,33.43819092],[135.78838555,33.43819092]],[[135.7885717,33.43898136],[135.7885717,33.43898136]],[[135.78768769,33.43900722],[135.78768769,33.43900722]],[[135.7879607,33.43950133],[135.7879607,33.43950133]],[[135.78869355,33.43953531],[135.78869355,33.43953531]],[[135.78804564,33.43966259],[135.78804564,33.43966259]],[[135.7839372,33.43979386],[135.7839372,33.43979386]],[[135.78938051,33.43983523],[135.78938051,33.43983523]],[[135.78228966,33.43984567],[135.78228966,33.43984567]],[[135.78455995,33.44023339],[135.78455995,33.44023339]],[[135.79135111,33.44009047],[135.79135111,33.44009047]],[[135.78848172,33.44019131],[135.78848172,33.44019131]],[[135.78817355,33.44032772],[135.78817355,33.44032772]],[[135.78796195,33.44034125],[135.78796195,33.44034125]],[[135.78839066,33.44032636],[135.78839066,33.44032636]],[[135.79131117,33.44053259],[135.79131117,33.44053259]],[[135.79061183,33.44166667],[135.79061183,33.44166667]],[[135.79111475,33.44093161],[135.79111475,33.44093161]],[[135.79148964,33.44117536],[135.79148964,33.44117536]],[[135.79094501,33.44187831],[135.79094501,33.44187831]],[[135.78108986,33.44207053],[135.78108986,33.44207053]],[[135.78961958,33.44196816],[135.78961958,33.44196816]],[[135.77842012,33.4425298],[135.77842012,33.4425298]],[[135.79054464,33.44291214],[135.79054464,33.44291214]],[[135.78103328,33.44308775],[135.78103328,33.44308775]],[[135.79038481,33.44302664],[135.79038481,33.44302664]],[[135.79012781,33.44331269],[135.79012781,33.44331269]],[[135.7802135,33.44287736],[135.7802135,33.44287736]],[[135.78925708,33.44335513],[135.78925708,33.44335513]],[[135.78906148,33.44362833],[135.78906148,33.44362833]],[[135.78907547,33.44357941],[135.78907547,33.44357941]],[[135.7891572,33.4436665],[135.7891572,33.4436665]],[[135.78920156,33.44363908],[135.78920156,33.44363908]],[[135.779892,33.44399378],[135.779892,33.44399378]],[[135.78894467,33.44404669],[135.78894467,33.44404669]],[[135.79286686,33.44405489],[135.79286686,33.44405489]],[[135.78917161,33.44405547],[135.78917161,33.44405547]],[[135.78903075,33.44406003],[135.78903075,33.44406003]],[[135.78895167,33.44420228],[135.78895167,33.44420228]],[[135.7927509,33.44406603],[135.7927509,33.44406603]],[[135.78925703,33.44422287],[135.78925703,33.44422287]],[[135.79657936,33.44440564],[135.79657936,33.44440564]],[[135.78883922,33.44449967],[135.78883922,33.44449967]],[[135.78914031,33.444399],[135.78914031,33.444399]],[[135.79064639,33.4445975],[135.79064639,33.4445975]],[[135.79677764,33.44464772],[135.79677764,33.44464772]],[[135.79725713,33.4446628],[135.79725713,33.4446628]],[[135.79599737,33.44458959],[135.79599737,33.44458959]],[[135.79031314,33.44504949],[135.79031314,33.44504949]],[[135.78972141,33.44498503],[135.78972141,33.44498503]],[[135.79577808,33.44502978],[135.79577808,33.44502978]],[[135.79543944,33.44538456],[135.79543944,33.44538456]],[[135.79508589,33.44545436],[135.79508589,33.44545436]],[[135.79822538,33.44561275],[135.79822538,33.44561275]],[[135.79794236,33.44580739],[135.79794236,33.44580739]],[[135.81721888,33.44587356],[135.81721888,33.44587356]],[[135.81720859,33.44608983],[135.81720859,33.44608983]],[[135.79445516,33.44621836],[135.79445516,33.44621836]],[[135.82067394,33.44655625],[135.82067394,33.44655625]],[[135.81934283,33.44656836],[135.81934283,33.44656836]],[[135.7921217,33.44661944],[135.7921217,33.44661944]],[[135.79451384,33.44660395],[135.79451384,33.44660395]],[[135.79144603,33.44662939],[135.79144603,33.44662939]],[[135.79168316,33.44658075],[135.79168316,33.44658075]],[[135.79151956,33.44661569],[135.79151956,33.44661569]],[[135.79191895,33.44673925],[135.79191895,33.44673925]],[[135.79741847,33.4467708],[135.79741847,33.4467708]],[[135.79201767,33.44682213],[135.79201767,33.44682213]],[[135.79363533,33.44704614],[135.79363533,33.44704614]],[[135.81798516,33.44741353],[135.81798516,33.44741353]],[[135.81919431,33.44689211],[135.81919431,33.44689211]],[[135.81774503,33.44765169],[135.81774503,33.44765169]],[[135.79307614,33.44760923],[135.79307614,33.44760923]],[[135.8173592,33.44777525],[135.8173592,33.44777525]],[[135.81725783,33.44784725],[135.81725783,33.44784725]],[[135.81754263,33.44799989],[135.81754263,33.44799989]],[[135.81868847,33.44786389],[135.81868847,33.44786389]],[[135.79266889,33.44789939],[135.79266889,33.44789939]],[[135.79110942,33.44818583],[135.79110942,33.44818583]],[[135.79256012,33.44802722],[135.79256012,33.44802722]],[[135.82069523,33.44825925],[135.82069523,33.44825925]],[[135.82035805,33.44814492],[135.82035805,33.44814492]],[[135.79849475,33.44848723],[135.79849475,33.44848723]],[[135.81347326,33.44843759],[135.81347326,33.44843759]],[[135.82070186,33.44845231],[135.82070186,33.44845231]],[[135.81285458,33.44855972],[135.81285458,33.44855972]],[[135.81847581,33.44856808],[135.81847581,33.44856808]],[[135.79831086,33.44859778],[135.79831086,33.44859778]],[[135.81112111,33.44858916],[135.81112111,33.44858916]],[[135.81859847,33.4486202],[135.81859847,33.4486202]],[[135.82034433,33.44888597],[135.82034433,33.44888597]],[[135.79677017,33.44877708],[135.79677017,33.44877708]],[[135.79762161,33.44895164],[135.79762161,33.44895164]],[[135.81187416,33.44900639],[135.81187416,33.44900639]],[[135.79754969,33.44910947],[135.79754969,33.44910947]],[[135.81261297,33.44916125],[135.81261297,33.44916125]],[[135.81319555,33.44855711],[135.82053447,33.4517098],[135.81319555,33.44855711]],[[135.79595964,33.44919933],[135.79595964,33.44919933]],[[135.81194489,33.4493022],[135.81194489,33.4493022]],[[135.79734017,33.44929267],[135.79734017,33.44929267]],[[135.79967664,33.4495035],[135.79967664,33.4495035]],[[135.81231925,33.44936572],[135.81231925,33.44936572]],[[135.80040175,33.44943447],[135.80040175,33.44943447]],[[135.82040608,33.449374],[135.82040608,33.449374]],[[135.79675667,33.44942486],[135.79675667,33.44942486]],[[135.79833927,33.44967053],[135.79833927,33.44967053]],[[135.7968547,33.44961111],[135.7968547,33.44961111]],[[135.8194792,33.45010747],[135.8194792,33.45010747]],[[135.81957711,33.45016469],[135.81957711,33.45016469]],[[135.79739889,33.45007444],[135.79739889,33.45007444]],[[135.82632027,33.45036528],[135.82632027,33.45036528]],[[135.82024399,33.45026261],[135.82024399,33.45026261]],[[135.82108377,33.45041092],[135.82108377,33.45041092]],[[135.79658642,33.45060505],[135.79658642,33.45060505]],[[135.79709355,33.45064356],[135.79709355,33.45064356]],[[135.82545167,33.45078364],[135.82545167,33.45078364]],[[135.79721747,33.45112136],[135.79721747,33.45112136]],[[135.81384834,33.451286],[135.81384834,33.451286]],[[135.795501,33.45124216],[135.795501,33.45124216]],[[135.7960892,33.45121831],[135.7960892,33.45121831]],[[135.82089864,33.451354],[135.82089864,33.451354]],[[135.82185523,33.45125544],[135.82185523,33.45125544]],[[135.82201455,33.45130175],[135.82201455,33.45130175]],[[135.81412119,33.45147056],[135.81412119,33.45147056]],[[135.82555047,33.451497],[135.82555047,33.451497]],[[135.82430805,33.45144486],[135.82430805,33.45144486]],[[135.79551911,33.451538],[135.79551911,33.451538]],[[135.82579287,33.45163861],[135.82579287,33.45163861]],[[135.82073564,33.45156344],[135.82073564,33.45156344]],[[135.82158431,33.4516582],[135.82158431,33.4516582]],[[135.82081815,33.45171272],[135.82081815,33.45171272]],[[135.79575341,33.45163811],[135.79575341,33.45163811]],[[135.8250573,33.45163411],[135.8250573,33.45163411]],[[135.82496423,33.45196787],[135.82496423,33.45196787]],[[135.79479114,33.4517742],[135.79479114,33.4517742]],[[135.8205907,33.45184878],[135.8205907,33.45184878]],[[135.8211298,33.45178339],[135.8211298,33.45178339]],[[135.81739973,33.4518812],[135.81739973,33.4518812]],[[135.8243873,33.45194228],[135.8243873,33.45194228]],[[135.82337767,33.45201769],[135.82337767,33.45201769]],[[135.82154888,33.45214178],[135.82154888,33.45214178]],[[135.79475681,33.45219733],[135.79475681,33.45219733]],[[135.82375477,33.45222156],[135.82375477,33.45222156]],[[135.82318767,33.45243761],[135.82318767,33.45243761]],[[135.79050897,33.45717772],[135.79050897,33.45717772]],[[135.79598808,33.45939459],[135.79598808,33.45939459]],[[135.79658603,33.45962992],[135.79658603,33.45962992]],[[135.79577244,33.45972892],[135.79577244,33.45972892]],[[135.81306231,33.46175097],[135.81306231,33.46175097]],[[135.8142955,33.4627482],[135.8142955,33.4627482]],[[135.81358575,33.4627382],[135.81358575,33.4627382]],[[135.81417992,33.46279841],[135.81417992,33.46279841]],[[135.80815283,33.46382495],[135.80815283,33.46382495]],[[135.79719144,33.46377872],[135.79719144,33.46377872]],[[135.79730939,33.46377075],[135.79730939,33.46377075]],[[135.79740066,33.46375959],[135.79740066,33.46375959]],[[135.80803244,33.46385416],[135.80803244,33.46385416]],[[135.7860938,33.46693525],[135.7860938,33.46693525]],[[135.80157416,33.47382695],[135.80157416,33.47382695]],[[135.80036547,33.47425947],[135.80036547,33.47425947]],[[135.80511409,33.4745595],[135.80511409,33.4745595]],[[135.80433333,33.47781613],[135.80433333,33.47781613]],[[135.81137947,33.48168553],[135.81137947,33.48168553]],[[135.79166667,33.48209303],[135.79166667,33.48209303]],[[135.79736195,33.48214083],[135.79736195,33.48214083]],[[135.7972425,33.48223944],[135.7972425,33.48223944]],[[135.79329533,33.48333333],[135.79329533,33.48333333]],[[135.79677083,33.48433223],[135.79677083,33.48433223]],[[135.79670552,33.48466841],[135.79670552,33.48466841]],[[135.79620445,33.48545472],[135.79620445,33.48545472]],[[135.79596861,33.48638],[135.79596861,33.48638]],[[135.79590195,33.48673111],[135.79590195,33.48673111]],[[135.79580861,33.48703416],[135.79580861,33.48703416]],[[135.79529445,33.48723305],[135.79529445,33.48723305]],[[135.79570528,33.48727167],[135.79570528,33.48727167]],[[135.79576501,33.48771223],[135.79576501,33.48771223]],[[135.7956075,33.48812389],[135.7956075,33.48812389]],[[135.79567139,33.48858472],[135.79567139,33.48858472]],[[135.79550389,33.48881667],[135.79550389,33.48881667]],[[135.81522222,33.49833805],[135.81522222,33.49833805]],[[135.80045633,33.49968822],[135.80045633,33.49968822]],[[135.81175361,33.50037861],[135.81175361,33.50037861]],[[135.82539477,33.50264841],[135.82539477,33.50264841]],[[135.82576956,33.50321656],[135.82576956,33.50321656]],[[135.82532686,33.50340716],[135.82532686,33.50340716]],[[135.8247437,33.50412739],[135.8247437,33.50412739]],[[135.82421489,33.50584508],[135.82421489,33.50584508]],[[135.83094153,33.44843511],[135.83094153,33.44843511]],[[135.8323007,33.44955608],[135.8323007,33.44955608]],[[135.82725248,33.44992161],[135.82725248,33.44992161]],[[135.83165061,33.45107789],[135.83165061,33.45107789]],[[135.8278925,33.45144167],[135.8278925,33.45144167]],[[135.82781306,33.4515482],[135.82781306,33.4515482]],[[135.83593253,33.45269216],[135.83593253,33.45269216]],[[135.83520034,33.45264797],[135.83520034,33.45264797]],[[135.83402489,33.45354414],[135.83402489,33.45354414]],[[135.83312891,33.45383764],[135.83312891,33.45383764]],[[135.83822684,33.45413195],[135.83822684,33.45413195]],[[135.83793995,33.45436995],[135.83793995,33.45436995]],[[135.83990061,33.45450695],[135.83990061,33.45450695]],[[135.8350325,33.4544175],[135.8350325,33.4544175]],[[135.83974244,33.45466116],[135.83974244,33.45466116]],[[135.83225119,33.45479353],[135.83225119,33.45479353]],[[135.83297572,33.45488933],[135.83297572,33.45488933]],[[135.8330955,33.45482269],[135.8330955,33.45482269]],[[135.83221973,33.45499111],[135.83221973,33.45499111]],[[135.83830481,33.45517405],[135.83830481,33.45517405]],[[135.83195027,33.45526914],[135.83195027,33.45526914]],[[135.83777889,33.45517992],[135.83777889,33.45517992]],[[135.83189659,33.45519644],[135.83189659,33.45519644]],[[135.83304961,33.45523659],[135.83304961,33.45523659]],[[135.83914584,33.45650292],[135.83914584,33.45650292]],[[135.84358759,33.4574595],[135.84358759,33.4574595]],[[135.84199056,33.457319],[135.84199056,33.457319]],[[135.83936484,33.45774169],[135.83936484,33.45774169]],[[135.84411475,33.45752733],[135.84411475,33.45752733]],[[135.84328189,33.45777256],[135.84328189,33.45777256]],[[135.83901431,33.45780808],[135.83901431,33.45780808]],[[135.84271711,33.45779516],[135.84271711,33.45779516]],[[135.8479215,33.45774064],[135.8479215,33.45774064]],[[135.84496414,33.45796392],[135.84496414,33.45796392]],[[135.84353725,33.45793497],[135.84353725,33.45793497]],[[135.84847781,33.45788325],[135.84847781,33.45788325]],[[135.84813542,33.45818897],[135.84813542,33.45818897]],[[135.84149866,33.45796413],[135.84149866,33.45796413]],[[135.84502497,33.45819244],[135.84502497,33.45819244]],[[135.83949572,33.45809175],[135.83949572,33.45809175]],[[135.84571798,33.4581482],[135.84571798,33.4581482]],[[135.84801297,33.45850392],[135.84801297,33.45850392]],[[135.84521151,33.45850656],[135.84521151,33.45850656]],[[135.84809839,33.45848603],[135.84809839,33.45848603]],[[135.84149645,33.45862883],[135.84149645,33.45862883]],[[135.84202555,33.458859],[135.84202555,33.458859]],[[135.84017703,33.45875459],[135.84017703,33.45875459]],[[135.8422409,33.458928],[135.8422409,33.458928]],[[135.84888786,33.45880287],[135.84888786,33.45880287]],[[135.83981017,33.45891914],[135.83981017,33.45891914]],[[135.84527961,33.45882547],[135.84527961,33.45882547]],[[135.84893642,33.45890536],[135.84893642,33.45890536]],[[135.842531,33.45891911],[135.842531,33.45891911]],[[135.83966019,33.4589595],[135.83966019,33.4589595]],[[135.84617397,33.45883149],[135.84617397,33.45883149]],[[135.84466953,33.45902547],[135.84466953,33.45902547]],[[135.84513253,33.45906356],[135.84513253,33.45906356]],[[135.84767103,33.45915],[135.84767103,33.45915]],[[135.84230003,33.45910444],[135.84230003,33.45910444]],[[135.84114825,33.45903031],[135.84114825,33.45903031]],[[135.8476993,33.45925847],[135.8476993,33.45925847]],[[135.84783764,33.45926283],[135.84783764,33.45926283]],[[135.84131825,33.45943853],[135.84131825,33.45943853]],[[135.84789294,33.45945644],[135.84789294,33.45945644]],[[135.84003151,33.45937664],[135.84003151,33.45937664]],[[135.8463892,33.45936475],[135.8463892,33.45936475]],[[135.85188847,33.45938531],[135.85188847,33.45938531]],[[135.84789684,33.45960744],[135.84789684,33.45960744]],[[135.84734975,33.45956361],[135.84734975,33.45956361]],[[135.85094086,33.45989086],[135.85094086,33.45989086]],[[135.84826278,33.45977131],[135.84826278,33.45977131]],[[135.85099044,33.46030011],[135.85099044,33.46030011]],[[135.85340686,33.46023167],[135.85340686,33.46023167]],[[135.84838747,33.46031939],[135.84838747,33.46031939]],[[135.85235786,33.45996186],[135.85235786,33.45996186]],[[135.85207752,33.46027447],[135.85207752,33.46027447]],[[135.85148333,33.46047744],[135.85148333,33.46047744]],[[135.85380866,33.46051241],[135.85380866,33.46051241]],[[135.85207769,33.46054069],[135.85207769,33.46054069]],[[135.85076872,33.46076595],[135.85076872,33.46076595]],[[135.85187345,33.4607712],[135.85187345,33.4607712]],[[135.85295711,33.46081325],[135.85295711,33.46081325]],[[135.85454125,33.4608872],[135.85454125,33.4608872]],[[135.85426397,33.46124616],[135.85426397,33.46124616]],[[135.85420523,33.461469],[135.85420523,33.461469]],[[135.85456891,33.46166178],[135.85456891,33.46166178]],[[135.85425139,33.4622788],[135.85425139,33.4622788]],[[135.85493224,33.46321423],[135.85493224,33.46321423]],[[135.8542283,33.46334708],[135.8542283,33.46334708]],[[135.85597776,33.46336656],[135.85597776,33.46336656]],[[135.85439564,33.46333775],[135.85439564,33.46333775]],[[135.85420949,33.46362816],[135.85420949,33.46362816]],[[135.85491092,33.46365547],[135.85491092,33.46365547]],[[135.85458214,33.46390567],[135.85458214,33.46390567]],[[135.85417167,33.4639375],[135.85417167,33.4639375]],[[135.85380698,33.46467467],[135.85380698,33.46467467]],[[135.80004776,33.46796895],[135.8116807,33.48141528],[135.81413914,33.47624731],[135.86296419,33.47168949],[135.85357545,33.45989147],[135.82916564,33.45616436],[135.83176416,33.44888361],[135.82173163,33.45213411],[135.82337214,33.46159572],[135.80006144,33.46166425],[135.80004776,33.46796895]],[[135.85401261,33.46514159],[135.85401261,33.46514159]],[[135.85397737,33.46546169],[135.85397737,33.46546169]],[[135.85753339,33.46587941],[135.85753339,33.46587941]],[[135.85471616,33.465868],[135.85471616,33.465868]],[[135.85753205,33.46594611],[135.85753205,33.46594611]],[[135.85733575,33.46603533],[135.85733575,33.46603533]],[[135.8573482,33.46618944],[135.8573482,33.46618944]],[[135.85846497,33.46628322],[135.85846497,33.46628322]],[[135.85475639,33.46633413],[135.85475639,33.46633413]],[[135.85715031,33.46647669],[135.85715031,33.46647669]],[[135.85559669,33.46652123],[135.85559669,33.46652123]],[[135.85693144,33.46680403],[135.85693144,33.46680403]],[[135.85664528,33.46675883],[135.85664528,33.46675883]],[[135.85754674,33.46702231],[135.85754674,33.46702231]],[[135.85817567,33.46752339],[135.85817567,33.46752339]],[[135.8575265,33.47048867],[135.8575265,33.47048867]],[[135.85691625,33.47130223],[135.85691625,33.47130223]],[[135.85700805,33.47150172],[135.85700805,33.47150172]],[[135.85554389,33.4715202],[135.85554389,33.4715202]],[[135.85529183,33.47164275],[135.85529183,33.47164275]],[[135.85524319,33.47176953],[135.85524319,33.47176953]],[[135.85232969,33.47207423],[135.85232969,33.47207423]],[[135.85261908,33.47204122],[135.85261908,33.47204122]],[[135.85194292,33.4723475],[135.85194292,33.4723475]],[[135.85249759,33.47221459],[135.85249759,33.47221459]],[[135.84791442,33.47324592],[135.84791442,33.47324592]],[[135.83522917,33.47745777],[135.83522917,33.47745777]],[[135.83607403,33.4776358],[135.83607403,33.4776358]],[[135.83379722,33.47910361],[135.83379722,33.47910361]],[[135.82671708,33.50004816],[135.82671708,33.50004816]],[[135.82873973,33.50358667],[135.82873973,33.50358667]],[[135.82758506,33.50483436],[135.82758506,33.50483436]],[[135.84388209,33.50951397],[135.84388209,33.50951397]],[[135.84341403,33.51048808],[135.84341403,33.51048808]],[[135.84005761,33.51082733],[135.84005761,33.51082733]],[[135.84386248,33.51104295],[135.84386248,33.51104295]],[[135.84335311,33.51108405],[135.84335311,33.51108405]],[[135.84134639,33.51095528],[135.84134639,33.51095528]],[[135.84284219,33.51144447],[135.84284219,33.51144447]],[[135.83543796,33.51142066],[135.83543796,33.51142066]],[[135.84273183,33.51175597],[135.84273183,33.51175597]],[[135.84305956,33.51163641],[135.84305956,33.51163641]],[[135.8435835,33.51181695],[135.8435835,33.51181695]],[[135.84178501,33.51205431],[135.84178501,33.51205431]],[[135.84381798,33.51239972],[135.84381798,33.51239972]],[[135.84541691,33.51266016],[135.84541691,33.51266016]],[[135.84489355,33.51299947],[135.84489355,33.51299947]],[[135.84529814,33.51354064],[135.84529814,33.51354064]],[[135.84546908,33.51361739],[135.84546908,33.51361739]],[[135.84529348,33.51394769],[135.84529348,33.51394769]],[[135.84498781,33.51396233],[135.84498781,33.51396233]],[[135.85556964,33.5161432],[135.85556964,33.5161432]],[[135.85432995,33.51697583],[135.85432995,33.51697583]],[[135.85488105,33.51701569],[135.85488105,33.51701569]],[[135.85502306,33.51706689],[135.85502306,33.51706689]],[[135.85560864,33.51746189],[135.85560864,33.51746189]],[[135.85356205,33.51749531],[135.85356205,33.51749531]],[[135.85395008,33.51753823],[135.85395008,33.51753823]],[[135.85576267,33.51763349],[135.85576267,33.51763349]],[[135.85361781,33.5175962],[135.85361781,33.5175962]],[[135.85308367,33.51770236],[135.85308367,33.51770236]],[[135.85308834,33.51795823],[135.85308834,33.51795823]],[[135.85601202,33.51819387],[135.85601202,33.51819387]],[[135.85044934,33.51796533],[135.85044934,33.51796533]],[[135.85560219,33.51843423],[135.85560219,33.51843423]],[[135.85069205,33.51834003],[135.85069205,33.51834003]],[[135.84599872,33.51863175],[135.84599872,33.51863175]],[[135.84660486,33.51871995],[135.84660486,33.51871995]],[[135.85508328,33.5188908],[135.85508328,33.5188908]],[[135.85530073,33.51901136],[135.85530073,33.51901136]],[[135.84705647,33.51904239],[135.84705647,33.51904239]],[[135.85576555,33.51904505],[135.85576555,33.51904505]],[[135.85532581,33.51919495],[135.85532581,33.51919495]],[[135.85579555,33.51933253],[135.85579555,33.51933253]],[[135.84839414,33.52015641],[135.84839414,33.52015641]],[[135.85377409,33.52012039],[135.85377409,33.52012039]],[[135.84853547,33.52001564],[135.84853547,33.52001564]],[[135.84891949,33.52004503],[135.84891949,33.52004503]],[[135.84840781,33.52029513],[135.84840781,33.52029513]],[[135.84741725,33.52037711],[135.84741725,33.52037711]],[[135.84851012,33.52029125],[135.84851012,33.52029125]],[[135.84756205,33.52044983],[135.84756205,33.52044983]],[[135.84752737,33.52051708],[135.84752737,33.52051708]],[[135.84747375,33.52059256],[135.84747375,33.52059256]],[[135.85360034,33.52060692],[135.85360034,33.52060692]],[[135.85275786,33.52154428],[135.85275786,33.52154428]],[[135.85478486,33.52166805],[135.85478486,33.52166805]],[[135.85499866,33.52140928],[135.85499866,33.52140928]],[[135.85418158,33.52176159],[135.85418158,33.52176159]],[[135.8548528,33.52198503],[135.8548528,33.52198503]],[[135.85664652,33.52215923],[135.85664652,33.52215923]],[[135.85632538,33.52270122],[135.85632538,33.52270122]],[[135.85706562,33.52285569],[135.85706562,33.52285569]],[[135.85693294,33.52304131],[135.85693294,33.52304131]],[[135.85840647,33.52321159],[135.85840647,33.52321159]],[[135.85718309,33.52331708],[135.85718309,33.52331708]],[[135.85772086,33.52370444],[135.85772086,33.52370444]],[[135.85779614,33.52383897],[135.85779614,33.52383897]],[[135.85795178,33.52378992],[135.85795178,33.52378992]],[[135.85859372,33.46686208],[135.85859372,33.46686208]],[[135.86086839,33.46754678],[135.86086839,33.46754678]],[[135.85853014,33.46749486],[135.85853014,33.46749486]],[[135.86137333,33.46785723],[135.86137333,33.46785723]],[[135.85919958,33.46767369],[135.85919958,33.46767369]],[[135.86077241,33.46816083],[135.86077241,33.46816083]],[[135.86096538,33.46817753],[135.86096538,33.46817753]],[[135.85896219,33.46825228],[135.85896219,33.46825228]],[[135.86117674,33.4682848],[135.86117674,33.4682848]],[[135.8595238,33.46827395],[135.8595238,33.46827395]],[[135.86006086,33.46840136],[135.86006086,33.46840136]],[[135.8589945,33.46847611],[135.8589945,33.46847611]],[[135.86168508,33.46850497],[135.86168508,33.46850497]],[[135.85987124,33.46842056],[135.85987124,33.46842056]],[[135.86099031,33.46873214],[135.86099031,33.46873214]],[[135.86069995,33.46881731],[135.86069995,33.46881731]],[[135.86045606,33.46883114],[135.86045606,33.46883114]],[[135.8597491,33.46903495],[135.8597491,33.46903495]],[[135.86047172,33.46916416],[135.86047172,33.46916416]],[[135.86052358,33.46921667],[135.86052358,33.46921667]],[[135.86105633,33.46928797],[135.86105633,33.46928797]],[[135.86053394,33.46934878],[135.86053394,33.46934878]],[[135.860796,33.46951],[135.860796,33.46951]],[[135.86246161,33.46969516],[135.86246161,33.46969516]],[[135.86185983,33.46961961],[135.86185983,33.46961961]],[[135.86148119,33.46988595],[135.86148119,33.46988595]],[[135.86151567,33.47049795],[135.86151567,33.47049795]],[[135.8615591,33.47020492],[135.8615591,33.47020492]],[[135.86233713,33.47081144],[135.86233713,33.47081144]],[[135.86254044,33.47086128],[135.86254044,33.47086128]],[[135.86342849,33.47087495],[135.86342849,33.47087495]],[[135.86265384,33.47099711],[135.86265384,33.47099711]],[[135.86254044,33.4709948],[135.86254044,33.4709948]],[[135.85934202,33.4710212],[135.85934202,33.4710212]],[[135.86370856,33.47112495],[135.86370856,33.47112495]],[[135.86364769,33.47122503],[135.86364769,33.47122503]],[[135.86193036,33.47263861],[135.86193036,33.47263861]],[[135.86169584,33.47279533],[135.86169584,33.47279533]],[[135.86669635,33.47395036],[135.86669635,33.47395036]],[[135.86620689,33.47448108],[135.86620689,33.47448108]],[[135.86635075,33.47494531],[135.86635075,33.47494531]],[[135.87785628,33.52274233],[135.87785628,33.52274233]],[[135.87793005,33.52287078],[135.87793005,33.52287078]],[[135.87775411,33.52312433],[135.87775411,33.52312433]],[[135.86662292,33.52316228],[135.86662292,33.52316228]],[[135.87804953,33.52336144],[135.87804953,33.52336144]],[[135.86061119,33.52385228],[135.86061119,33.52385228]],[[135.86017355,33.52394583],[135.86017355,33.52394583]],[[135.860038,33.52398647],[135.860038,33.52398647]],[[135.86052336,33.52411586],[135.86052336,33.52411586]],[[135.85967341,33.52409583],[135.85967341,33.52409583]],[[135.86081803,33.5242262],[135.86081803,33.5242262]],[[135.859832,33.52414177],[135.859832,33.52414177]],[[135.87867109,33.52427031],[135.87867109,33.52427031]],[[135.87808239,33.52441128],[135.87808239,33.52441128]],[[135.85975864,33.52443578],[135.85975864,33.52443578]],[[135.85953581,33.52458739],[135.85953581,33.52458739]],[[135.87753144,33.52442295],[135.87753144,33.52442295]],[[135.85984089,33.52458323],[135.85984089,33.52458323]],[[135.8597391,33.52456516],[135.8597391,33.52456516]],[[135.859157,33.52463856],[135.859157,33.52463856]],[[135.87766567,33.52460964],[135.87766567,33.52460964]],[[135.87674414,33.52475641],[135.87674414,33.52475641]],[[135.87724881,33.52459011],[135.87724881,33.52459011]],[[135.85920302,33.52488041],[135.85920302,33.52488041]],[[135.86323036,33.52484961],[135.86323036,33.52484961]],[[135.87712192,33.525],[135.87712192,33.525]],[[135.87795005,33.52513364],[135.87795005,33.52513364]],[[135.86376183,33.52520175],[135.86376183,33.52520175]],[[135.87706581,33.52512144],[135.87706581,33.52512144]],[[135.87668713,33.52526414],[135.87668713,33.52526414]],[[135.86461706,33.52534453],[135.86461706,33.52534453]],[[135.86397944,33.52549344],[135.86397944,33.52549344]],[[135.86441825,33.52534575],[135.86441825,33.52534575]],[[135.87675781,33.52545225],[135.87675781,33.52545225]],[[135.87777772,33.52552678],[135.87777772,33.52552678]],[[135.87726333,33.52543631],[135.87726333,33.52543631]],[[135.85993051,33.52544441],[135.85993051,33.52544441]],[[135.85967056,33.52551611],[135.85967056,33.52551611]],[[135.86134222,33.52546],[135.86134222,33.52546]],[[135.8593227,33.52565328],[135.8593227,33.52565328]],[[135.86433287,33.52556053],[135.86433287,33.52556053]],[[135.86499112,33.52570895],[135.86499112,33.52570895]],[[135.87768458,33.52567283],[135.87768458,33.52567283]],[[135.87788403,33.52568275],[135.87788403,33.52568275]],[[135.86041956,33.5258322],[135.86041956,33.5258322]],[[135.86456927,33.52567956],[135.86456927,33.52567956]],[[135.87789817,33.52584025],[135.87789817,33.52584025]],[[135.86026895,33.52574808],[135.86026895,33.52574808]],[[135.86048484,33.52584903],[135.86048484,33.52584903]],[[135.86437141,33.52599805],[135.86437141,33.52599805]],[[135.8637628,33.52620549],[135.8637628,33.52620549]],[[135.86323849,33.52594978],[135.86323849,33.52594978]],[[135.87781436,33.52617897],[135.87781436,33.52617897]],[[135.87734742,33.52616147],[135.87734742,33.52616147]],[[135.87715078,33.52647744],[135.87715078,33.52647744]],[[135.86633708,33.52653553],[135.86633708,33.52653553]],[[135.87836365,33.52656075],[135.87836365,33.52656075]],[[135.86619311,33.52676123],[135.86619311,33.52676123]],[[135.87798384,33.52666453],[135.87798384,33.52666453]],[[135.86595667,33.5269252],[135.86595667,33.5269252]],[[135.86628686,33.52683553],[135.86628686,33.52683553]],[[135.86746289,33.52694549],[135.86746289,33.52694549]],[[135.86210847,33.52703516],[135.86210847,33.52703516]],[[135.87776017,33.52717687],[135.87776017,33.52717687]],[[135.86589433,33.52715223],[135.86589433,33.52715223]],[[135.86671623,33.52718847],[135.86671623,33.52718847]],[[135.86558348,33.527248],[135.86558348,33.527248]],[[135.86582114,33.5272612],[135.86582114,33.5272612]],[[135.87788961,33.5273838],[135.87788961,33.5273838]],[[135.87885089,33.52762061],[135.87885089,33.52762061]],[[135.86542414,33.52766189],[135.86542414,33.52766189]],[[135.87873406,33.52758797],[135.87873406,33.52758797]],[[135.86516908,33.52769856],[135.86516908,33.52769856]],[[135.87871411,33.52775633],[135.87871411,33.52775633]],[[135.87799241,33.52806736],[135.87799241,33.52806736]],[[135.87878866,33.52851492],[135.87878866,33.52851492]],[[135.8792038,33.52843644],[135.8792038,33.52843644]],[[135.86635558,33.52912805],[135.86635558,33.52912805]],[[135.87616891,33.52932486],[135.87616891,33.52932486]],[[135.86964039,33.52942239],[135.86964039,33.52942239]],[[135.87670039,33.52945697],[135.87670039,33.52945697]],[[135.8662992,33.529379],[135.8662992,33.529379]],[[135.86815866,33.52942053],[135.86815866,33.52942053]],[[135.86823789,33.52942333],[135.86823789,33.52942333]],[[135.86633311,33.52971025],[135.86633311,33.52971025]],[[135.87631197,33.52962459],[135.87631197,33.52962459]],[[135.86759287,33.53025889],[135.86759287,33.53025889]],[[135.86902745,33.53047611],[135.86902745,33.53047611]],[[135.87058633,33.53066423],[135.87058633,33.53066423]],[[135.88052662,33.53117895],[135.88052662,33.53117895]],[[135.88128905,33.53176397],[135.88128905,33.53176397]],[[135.87147442,33.53188792],[135.87147442,33.53188792]],[[135.87156231,33.53180589],[135.87156231,33.53180589]],[[135.88755747,33.53201747],[135.88755747,33.53201747]],[[135.88117558,33.53217487],[135.88117558,33.53217487]],[[135.88303211,33.53289547],[135.88303211,33.53289547]],[[135.88245558,33.5334408],[135.88245558,33.5334408]],[[135.88213231,33.53381367],[135.88213231,33.53381367]],[[135.88607462,33.53455347],[135.88607462,33.53455347]],[[135.8870563,33.53485108],[135.8870563,33.53485108]],[[135.88730769,33.53517169],[135.88730769,33.53517169]],[[135.88718353,33.53532989],[135.88718353,33.53532989]],[[135.88597141,33.53544036],[135.88597141,33.53544036]],[[135.88465294,33.53547895],[135.88465294,33.53547895]],[[135.88397503,33.53547403],[135.88397503,33.53547403]],[[135.88462122,33.53550772],[135.88462122,33.53550772]],[[135.88704881,33.53565197],[135.88704881,33.53565197]],[[135.88463445,33.5355962],[135.88463445,33.5355962]],[[135.88827664,33.53579216],[135.88827664,33.53579216]],[[135.88791475,33.53599828],[135.88791475,33.53599828]],[[135.89614041,33.53697936],[135.89614041,33.53697936]],[[135.89650589,33.53741295],[135.89650589,33.53741295]],[[135.89610745,33.53770197],[135.89610745,33.53770197]],[[135.89388927,33.53799741],[135.89388927,33.53799741]],[[135.88734445,33.53820695],[135.88734445,33.53820695]],[[135.89262691,33.5382025],[135.89262691,33.5382025]],[[135.8932402,33.53838041],[135.8932402,33.53838041]],[[135.8931217,33.53882639],[135.8931217,33.53882639]],[[135.89250075,33.53877911],[135.89250075,33.53877911]],[[135.89461633,33.53898044],[135.89461633,33.53898044]],[[135.8928955,33.53882122],[135.8928955,33.53882122]],[[135.89296898,33.53898364],[135.89296898,33.53898364]],[[135.89426739,33.54217072],[135.89426739,33.54217072]],[[135.89626224,33.542349],[135.89626224,33.542349]],[[135.89444392,33.54239061],[135.89444392,33.54239061]],[[135.89443536,33.54247386],[135.89443536,33.54247386]],[[135.89603389,33.54245097],[135.89603389,33.54245097]],[[135.89485927,33.54238372],[135.89485927,33.54238372]],[[135.89548808,33.54269323],[135.89548808,33.54269323]],[[135.89556506,33.5426705],[135.89556506,33.5426705]],[[135.89601925,33.54273275],[135.89601925,33.54273275]],[[135.89579986,33.54284328],[135.89579986,33.54284328]],[[135.89705183,33.54306611],[135.89705183,33.54306611]],[[135.89976419,33.54300228],[135.89976419,33.54300228]],[[135.89934516,33.54344889],[135.89934516,33.54344889]],[[135.89949341,33.54356608],[135.89949341,33.54356608]],[[135.89682348,33.54413495],[135.89682348,33.54413495]],[[135.8972927,33.54379561],[135.8972927,33.54379561]],[[135.90095003,33.54394511],[135.90095003,33.54394511]],[[135.90071053,33.54442453],[135.90071053,33.54442453]],[[135.90094287,33.54452586],[135.90094287,33.54452586]],[[135.8994427,33.544621],[135.8994427,33.544621]],[[135.89851111,33.54474883],[135.89851111,33.54474883]],[[135.900548,33.54480056],[135.900548,33.54480056]],[[135.90049655,33.54500577],[135.90049655,33.54500577]],[[135.90065958,33.54492303],[135.90065958,33.54492303]],[[135.90076119,33.54513195],[135.90076119,33.54513195]],[[135.90038331,33.54524622],[135.90038331,33.54524622]],[[135.90063292,33.5453118],[135.90063292,33.5453118]],[[135.89419942,33.55731569],[135.89419942,33.55731569]],[[135.89369613,33.55746683],[135.89369613,33.55746683]],[[135.89573975,33.55893372],[135.89573975,33.55893372]],[[135.87327667,33.86751],[135.88268805,33.87887083],[135.85973445,33.88912777],[135.85881222,33.90147723],[135.8689475,33.91429667],[135.86585861,33.92207167],[135.88195528,33.91522695],[135.88607139,33.88309111],[135.8929075,33.88195667],[135.89234167,33.89394],[135.90158445,33.88482083],[135.89763306,33.86974583],[135.87860333,33.87194972],[135.87483222,33.86159639],[135.87327667,33.86751]],[[135.90781186,33.53875097],[135.90781186,33.53875097]],[[135.90364953,33.54321369],[135.90364953,33.54321369]],[[135.90104144,33.54407714],[135.90104144,33.54407714]],[[135.9018947,33.544252],[135.9018947,33.544252]],[[135.90192058,33.54438633],[135.90192058,33.54438633]],[[135.90209992,33.54451705],[135.90209992,33.54451705]],[[135.90269431,33.544562],[135.90269431,33.544562]],[[135.90189678,33.54460595],[135.90189678,33.54460595]],[[135.90236339,33.54451722],[135.90236339,33.54451722]],[[135.90291811,33.54449923],[135.90291811,33.54449923]],[[135.90164172,33.54467183],[135.90164172,33.54467183]],[[135.90239044,33.54479153],[135.90239044,33.54479153]],[[135.90186678,33.54487539],[135.90186678,33.54487539]],[[135.90219139,33.54506933],[135.90219139,33.54506933]],[[135.90412105,33.54516105],[135.90412105,33.54516105]],[[135.90144475,33.54533603],[135.90144475,33.54533603]],[[135.90486202,33.54536753],[135.90486202,33.54536753]],[[135.90376678,33.54552364],[135.90376678,33.54552364]],[[135.90661447,33.54570392],[135.90661447,33.54570392]],[[135.90339689,33.54567803],[135.90339689,33.54567803]],[[135.90629814,33.54570908],[135.90629814,33.54570908]],[[135.90292331,33.54573475],[135.90292331,33.54573475]],[[135.90665897,33.54583789],[135.90665897,33.54583789]],[[135.90612603,33.54592325],[135.90612603,33.54592325]],[[135.9062873,33.54619528],[135.9062873,33.54619528]],[[135.90609322,33.54684541],[135.90609322,33.54684541]],[[135.90613287,33.54700161],[135.90613287,33.54700161]],[[135.90593652,33.54712989],[135.90593652,33.54712989]],[[135.91331772,33.54756225],[135.91331772,33.54756225]],[[135.91109128,33.5476648],[135.91109128,33.5476648]],[[135.91323988,33.54801233],[135.91323988,33.54801233]],[[135.91326431,33.54808725],[135.91326431,33.54808725]],[[135.91346261,33.54871669],[135.91346261,33.54871669]],[[135.91326083,33.54825961],[135.91326083,33.54825961]],[[135.90865878,33.54860083],[135.90865878,33.54860083]],[[135.90725891,33.54850859],[135.90725891,33.54850859]],[[135.91392222,33.5487732],[135.91392222,33.5487732]],[[135.91006172,33.54868556],[135.91006172,33.54868556]],[[135.91264008,33.54878647],[135.91264008,33.54878647]],[[135.91337431,33.54900995],[135.91337431,33.54900995]],[[135.91194131,33.54939644],[135.91194131,33.54939644]],[[135.91223959,33.54940892],[135.91223959,33.54940892]],[[135.91282489,33.55010192],[135.91282489,33.55010192]],[[135.91896167,33.55129044],[135.91896167,33.55129044]],[[135.91868034,33.55153428],[135.91868034,33.55153428]],[[135.91637791,33.55150605],[135.91637791,33.55150605]],[[135.91821981,33.55157316],[135.91821981,33.55157316]],[[135.91561109,33.55148972],[135.91561109,33.55148972]],[[135.91577375,33.551661],[135.91577375,33.551661]],[[135.91638377,33.55176572],[135.91638377,33.55176572]],[[135.91629878,33.55187686],[135.91629878,33.55187686]],[[135.91593167,33.55194923],[135.91593167,33.55194923]],[[135.91505319,33.55188364],[135.91505319,33.55188364]],[[135.91655178,33.55192287],[135.91655178,33.55192287]],[[135.91538134,33.55195416],[135.91538134,33.55195416]],[[135.91631197,33.55211575],[135.91631197,33.55211575]],[[135.91696039,33.55214739],[135.91696039,33.55214739]],[[135.91584866,33.55232272],[135.91584866,33.55232272]],[[135.91708197,33.55238016],[135.91708197,33.55238016]],[[135.9161228,33.55236216],[135.9161228,33.55236216]],[[135.91507925,33.55227025],[135.91507925,33.55227025]],[[135.91584411,33.55249678],[135.91584411,33.55249678]],[[135.91541392,33.55244639],[135.91541392,33.55244639]],[[135.91802739,33.55247972],[135.91802739,33.55247972]],[[135.91700183,33.55260214],[135.91700183,33.55260214]],[[135.92148956,33.55269475],[135.92148956,33.55269475]],[[135.91709151,33.55284428],[135.91709151,33.55284428]],[[135.91640158,33.55286516],[135.91640158,33.55286516]],[[135.92145888,33.55313916],[135.92145888,33.55313916]],[[135.91670936,33.55330495],[135.91670936,33.55330495]],[[135.91743302,33.55334208],[135.91743302,33.55334208]],[[135.91724386,33.55341859],[135.91724386,33.55341859]],[[135.91700964,33.55343089],[135.91700964,33.55343089]],[[135.9172483,33.55376186],[135.9172483,33.55376186]],[[135.91704222,33.55368708],[135.91704222,33.55368708]],[[135.91881261,33.55388803],[135.91881261,33.55388803]],[[135.91689003,33.55404295],[135.91689003,33.55404295]],[[135.91732224,33.55423022],[135.91732224,33.55423022]],[[135.9174575,33.55671161],[135.9174575,33.55671161]],[[135.91735547,33.5568052],[135.91735547,33.5568052]],[[135.91778934,33.55779441],[135.91778934,33.55779441]],[[135.91692314,33.55788061],[135.91692314,33.55788061]],[[135.91746092,33.55783292],[135.91746092,33.55783292]],[[135.91733022,33.55794511],[135.91733022,33.55794511]],[[135.91765205,33.55820228],[135.91765205,33.55820228]],[[135.92315153,33.55824649],[135.92315153,33.55824649]],[[135.92451572,33.55821903],[135.92451572,33.55821903]],[[135.92390151,33.55829392],[135.92390151,33.55829392]],[[135.92477992,33.55840383],[135.92477992,33.55840383]],[[135.92431869,33.558455],[135.92431869,33.558455]],[[135.92137669,33.55859177],[135.92137669,33.55859177]],[[135.92301248,33.55868995],[135.92301248,33.55868995]],[[135.92207864,33.55866516],[135.92207864,33.55866516]],[[135.92189103,33.55885031],[135.92189103,33.55885031]],[[135.92357791,33.55877423],[135.92357791,33.55877423]],[[135.9215945,33.55884049],[135.9215945,33.55884049]],[[135.92505458,33.55894311],[135.92505458,33.55894311]],[[135.922521,33.55898341],[135.922521,33.55898341]],[[135.92425256,33.55905149],[135.92425256,33.55905149]],[[135.918649,33.55904169],[135.918649,33.55904169]],[[135.91991248,33.55916447],[135.91991248,33.55916447]],[[135.92406577,33.55938925],[135.92406577,33.55938925]],[[135.9244308,33.55979705],[135.9244308,33.55979705]],[[135.925039,33.56052203],[135.925039,33.56052203]],[[135.92464406,33.56052039],[135.92464406,33.56052039]],[[135.91895594,33.56243413],[135.91895594,33.56243413]],[[135.92297639,33.56262772],[135.92297639,33.56262772]],[[135.92246375,33.56264383],[135.92246375,33.56264383]],[[135.92321484,33.56282541],[135.92321484,33.56282541]],[[135.92297185,33.56290483],[135.92297185,33.56290483]],[[135.92420703,33.56291708],[135.92420703,33.56291708]],[[135.92384095,33.56292072],[135.92384095,33.56292072]],[[135.92392686,33.56297731],[135.92392686,33.56297731]],[[135.92383903,33.56300972],[135.92383903,33.56300972]],[[135.92360791,33.56290949],[135.92360791,33.56290949]],[[135.91752306,33.56300497],[135.91752306,33.56300497]],[[135.923832,33.56312828],[135.923832,33.56312828]],[[135.91747939,33.56313787],[135.91747939,33.56313787]],[[135.90615222,33.56320472],[135.90615222,33.56320472]],[[135.92406639,33.56300931],[135.92406639,33.56300931]],[[135.92295161,33.56321989],[135.92295161,33.56321989]],[[135.9170062,33.56318941],[135.9170062,33.56318941]],[[135.91832711,33.56325164],[135.91832711,33.56325164]],[[135.92313464,33.56325511],[135.92313464,33.56325511]],[[135.91852153,33.56330083],[135.91852153,33.56330083]],[[135.92754552,33.56362825],[135.92754552,33.56362825]],[[135.93320536,33.56360861],[135.93320536,33.56360861]],[[135.93288125,33.56382164],[135.93288125,33.56382164]],[[135.93126433,33.56383575],[135.93126433,33.56383575]],[[135.92956639,33.56413005],[135.92956639,33.56413005]],[[135.92893122,33.56413489],[135.92893122,33.56413489]],[[135.93007973,33.56427847],[135.93007973,33.56427847]],[[135.93018911,33.564167],[135.93018911,33.564167]],[[135.92969591,33.56422775],[135.92969591,33.56422775]],[[135.91020058,33.56612387],[135.91020058,33.56612387]],[[135.91025278,33.56637525],[135.91025278,33.56637525]],[[135.91006367,33.5665165],[135.91006367,33.5665165]],[[135.91002815,33.5665918],[135.91002815,33.5665918]],[[135.91337708,33.56731008],[135.91337708,33.56731008]],[[135.91360625,33.56730856],[135.91360625,33.56730856]],[[135.91196636,33.56752969],[135.91196636,33.56752969]],[[135.91166141,33.56758483],[135.91166141,33.56758483]],[[135.91304433,33.56752305],[135.91304433,33.56752305]],[[135.9118607,33.56760836],[135.9118607,33.56760836]],[[135.91167289,33.56760547],[135.91167289,33.56760547]],[[135.91186455,33.56766359],[135.91186455,33.56766359]],[[135.91120523,33.56767467],[135.91120523,33.56767467]],[[135.91121365,33.56771292],[135.91121365,33.56771292]],[[135.91184419,33.56775256],[135.91184419,33.56775256]],[[135.91906489,33.56784825],[135.91906489,33.56784825]],[[135.91931589,33.56796744],[135.91931589,33.56796744]],[[135.91889939,33.56826639],[135.91889939,33.56826639]],[[135.92484939,33.56877028],[135.92484939,33.56877028]],[[135.92340936,33.57016972],[135.92340936,33.57016972]],[[135.92297683,33.5702548],[135.92297683,33.5702548]],[[135.92286353,33.57054811],[135.92286353,33.57054811]],[[135.93279817,33.59948261],[135.93279817,33.59948261]],[[135.93163095,33.59997139],[135.93163095,33.59997139]],[[135.93222992,33.60087128],[135.93222992,33.60087128]],[[135.92656872,33.60454344],[135.92656872,33.60454344]],[[135.92650272,33.604662],[135.92650272,33.604662]],[[135.92694311,33.60544923],[135.92694311,33.60544923]],[[135.92714283,33.60549983],[135.92714283,33.60549983]],[[135.92707689,33.60676339],[135.92707689,33.60676339]],[[135.92700005,33.60680353],[135.92700005,33.60680353]],[[135.92708292,33.6068118],[135.92708292,33.6068118]],[[135.92689066,33.60683269],[135.92689066,33.60683269]],[[135.92695316,33.60696164],[135.92695316,33.60696164]],[[135.92681114,33.60693013],[135.92681114,33.60693013]],[[135.92686428,33.60697944],[135.92686428,33.60697944]],[[135.92677864,33.60705731],[135.92677864,33.60705731]],[[135.92663606,33.60711497],[135.92663606,33.60711497]],[[135.92691601,33.60707687],[135.92691601,33.60707687]],[[135.92672156,33.6071128],[135.92672156,33.6071128]],[[135.92652186,33.60710589],[135.92652186,33.60710589]],[[135.92614442,33.60714264],[135.92614442,33.60714264]],[[135.92669122,33.60715828],[135.92669122,33.60715828]],[[135.92655197,33.60723614],[135.92655197,33.60723614]],[[135.92644623,33.6072368],[135.92644623,33.6072368]],[[135.92581244,33.60720764],[135.92581244,33.60720764]],[[135.92667978,33.60733031],[135.92667978,33.60733031]],[[135.92638197,33.60732111],[135.92638197,33.60732111]],[[135.92589881,33.60737992],[135.92589881,33.60737992]],[[135.92610097,33.60740497],[135.92610097,33.60740497]],[[135.92566353,33.60736883],[135.92566353,33.60736883]],[[135.92590925,33.6074412],[135.92590925,33.6074412]],[[135.92544031,33.60749361],[135.92544031,33.60749361]],[[135.92528944,33.60785413],[135.92528944,33.60785413]],[[135.92511339,33.608442],[135.92511339,33.608442]],[[135.92794978,33.60923013],[135.92794978,33.60923013]],[[135.92787017,33.60915983],[135.92787017,33.60915983]],[[135.9280025,33.60925895],[135.9280025,33.60925895]],[[135.92827808,33.60960861],[135.92827808,33.60960861]],[[135.93381122,33.57176075],[135.93381122,33.57176075]],[[135.93988172,33.57222803],[135.93988172,33.57222803]],[[135.93965455,33.5721032],[135.93965455,33.5721032]],[[135.93992214,33.57224086],[135.93992214,33.57224086]],[[135.94072012,33.5724618],[135.94072012,33.5724618]],[[135.94028786,33.57253769],[135.94028786,33.57253769]],[[135.93481467,33.57284164],[135.93481467,33.57284164]],[[135.93506691,33.57289297],[135.93506691,33.57289297]],[[135.93430431,33.57288992],[135.93430431,33.57288992]],[[135.93372105,33.57316113],[135.93372105,33.57316113]],[[135.93525089,33.57314614],[135.93525089,33.57314614]],[[135.93466056,33.57330261],[135.93466056,33.57330261]],[[135.93971403,33.57329133],[135.93971403,33.57329133]],[[135.93422036,33.57325564],[135.93422036,33.57325564]],[[135.93973197,33.57340825],[135.93973197,33.57340825]],[[135.94017786,33.57342339],[135.94017786,33.57342339]],[[135.94661375,33.57525328],[135.94661375,33.57525328]],[[135.94008689,33.57561031],[135.94008689,33.57561031]],[[135.93954056,33.57574861],[135.93954056,33.57574861]],[[135.94551458,33.57613972],[135.94551458,33.57613972]],[[135.94525209,33.57643216],[135.94525209,33.57643216]],[[135.9449498,33.57661713],[135.9449498,33.57661713]],[[135.94561278,33.57664477],[135.94561278,33.57664477]],[[135.94524953,33.57689567],[135.94524953,33.57689567]],[[135.94772438,33.57686897],[135.94772438,33.57686897]],[[135.94480756,33.57688292],[135.94480756,33.57688292]],[[135.94608737,33.57693883],[135.94608737,33.57693883]],[[135.94501839,33.57713169],[135.94501839,33.57713169]],[[135.94165139,33.57734903],[135.94165139,33.57734903]],[[135.94546872,33.57740387],[135.94546872,33.57740387]],[[135.94143389,33.57738056],[135.94143389,33.57738056]],[[135.9451873,33.57765983],[135.9451873,33.57765983]],[[135.94592302,33.57764103],[135.94592302,33.57764103]],[[135.94723872,33.5777718],[135.94723872,33.5777718]],[[135.94485922,33.57769177],[135.94485922,33.57769177]],[[135.94811603,33.57852378],[135.94811603,33.57852378]],[[135.94908086,33.59215061],[135.94908086,33.59215061]],[[135.94900066,33.59322916],[135.94900066,33.59322916]],[[135.94957111,33.59331778],[135.94957111,33.59331778]],[[135.93513575,33.59515675],[135.93513575,33.59515675]],[[135.93572805,33.59605031],[135.93572805,33.59605031]],[[135.94715905,33.59626828],[135.94715905,33.59626828]],[[135.94777717,33.59682072],[135.94777717,33.59682072]],[[135.94873635,33.59678736],[135.94873635,33.59678736]],[[135.95047472,33.59778867],[135.95047472,33.59778867]],[[135.95040886,33.59804741],[135.95040886,33.59804741]],[[135.94714503,33.59912275],[135.94714503,33.59912275]],[[135.94979358,33.59947097],[135.94979358,33.59947097]],[[135.94992959,33.59949536],[135.94992959,33.59949536]],[[135.93351569,33.59943436],[135.93351569,33.59943436]],[[135.94984944,33.59977195],[135.94984944,33.59977195]],[[135.93433528,33.599875],[135.93433528,33.599875]],[[135.94972248,33.60000028],[135.94972248,33.60000028]],[[135.94979584,33.60034723],[135.94979584,33.60034723]],[[135.95,33.60072361],[135.95,33.60072361]],[[135.93819798,33.60088616],[135.93819798,33.60088616]],[[135.951109,33.60099572],[135.951109,33.60099572]],[[135.95077713,33.60101923],[135.95077713,33.60101923]],[[135.95125856,33.60119547],[135.95125856,33.60119547]],[[135.95129608,33.60140447],[135.95129608,33.60140447]],[[135.94993562,33.60187772],[135.94993562,33.60187772]],[[135.94977825,33.60185214],[135.94977825,33.60185214]],[[135.95018961,33.60191792],[135.95018961,33.60191792]],[[135.94970803,33.60200216],[135.94970803,33.60200216]],[[135.95015331,33.60208633],[135.95015331,33.60208633]],[[135.95044389,33.60260664],[135.95044389,33.60260664]],[[135.94924394,33.60386639],[135.94924394,33.60386639]],[[135.95075589,33.60379614],[135.95075589,33.60379614]],[[135.94909472,33.60520667],[135.94909472,33.60520667]],[[135.95002519,33.60668969],[135.95002519,33.60668969]],[[135.93438866,33.60911811],[135.93438866,33.60911811]],[[135.93383698,33.60969959],[135.93383698,33.60969959]],[[135.93365272,33.61072897],[135.93365272,33.61072897]],[[135.9367147,33.61109231],[135.9367147,33.61109231]],[[135.93708611,33.61142722],[135.93708611,33.61142722]],[[135.94007542,33.61170711],[135.94007542,33.61170711]],[[135.93611861,33.6118288],[135.93611861,33.6118288]],[[135.93674489,33.61237469],[135.93674489,33.61237469]],[[135.9363093,33.61302777],[135.9363093,33.61302777]],[[135.93565075,33.613646],[135.93565075,33.613646]],[[135.95124475,33.61405305],[135.95124475,33.61405305]],[[135.93879789,33.61458675],[135.93879789,33.61458675]],[[135.94073869,33.61479675],[135.94073869,33.61479675]],[[135.94048394,33.61525575],[135.94048394,33.61525575]],[[135.94077589,33.61541777],[135.94077589,33.61541777]],[[135.94434625,33.61561049],[135.94434625,33.61561049]],[[135.93968497,33.61560247],[135.93968497,33.61560247]],[[135.93981872,33.61557022],[135.93981872,33.61557022]],[[135.93980766,33.61573059],[135.93980766,33.61573059]],[[135.94395764,33.6157358],[135.94395764,33.6157358]],[[135.93981039,33.61587056],[135.93981039,33.61587056]],[[135.9397772,33.615911],[135.9397772,33.615911]],[[135.94380014,33.6159558],[135.94380014,33.6159558]],[[135.93983416,33.61593656],[135.93983416,33.61593656]],[[135.93979,33.61596356],[135.93979,33.61596356]],[[135.94481122,33.61601569],[135.94481122,33.61601569]],[[135.9439017,33.61621659],[135.9439017,33.61621659]],[[135.9397598,33.61610677],[135.9397598,33.61610677]],[[135.94377234,33.61630295],[135.94377234,33.61630295]],[[135.94383403,33.61623764],[135.94383403,33.61623764]],[[135.94446594,33.61629992],[135.94446594,33.61629992]],[[135.94164064,33.61628772],[135.94164064,33.61628772]],[[135.9439885,33.61646828],[135.9439885,33.61646828]],[[135.94362455,33.61644513],[135.94362455,33.61644513]],[[135.94379131,33.61653697],[135.94379131,33.61653697]],[[135.94240684,33.61657],[135.94240684,33.61657]],[[135.93952339,33.61664531],[135.93952339,33.61664531]],[[135.94338036,33.61672703],[135.94338036,33.61672703]],[[135.94325516,33.61676469],[135.94325516,33.61676469]],[[135.94600603,33.61702333],[135.94600603,33.61702333]],[[135.94321209,33.61696536],[135.94321209,33.61696536]],[[135.94432403,33.61698453],[135.94432403,33.61698453]],[[135.94337903,33.61698125],[135.94337903,33.61698125]],[[135.94421898,33.6171035],[135.94421898,33.6171035]],[[135.94621031,33.6170752],[135.94621031,33.6170752]],[[135.94329608,33.61710456],[135.94329608,33.61710456]],[[135.94267949,33.61710495],[135.94267949,33.61710495]],[[135.94252936,33.61711949],[135.94252936,33.61711949]],[[135.94401289,33.61712411],[135.94401289,33.61712411]],[[135.94560581,33.61709172],[135.94560581,33.61709172]],[[135.94526936,33.61711841],[135.94526936,33.61711841]],[[135.9432335,33.61720833],[135.9432335,33.61720833]],[[135.94587717,33.61715703],[135.94587717,33.61715703]],[[135.94333384,33.61714239],[135.94333384,33.61714239]],[[135.94611189,33.61724603],[135.94611189,33.61724603]],[[135.94431248,33.61718508],[135.94431248,33.61718508]],[[135.94371467,33.61727833],[135.94371467,33.61727833]],[[135.94406336,33.6172985],[135.94406336,33.6172985]],[[135.94583414,33.61731883],[135.94583414,33.61731883]],[[135.94433756,33.61733205],[135.94433756,33.61733205]],[[135.94614377,33.6173655],[135.94614377,33.6173655]],[[135.94597438,33.61757239],[135.94597438,33.61757239]],[[135.94476594,33.61762167],[135.94476594,33.61762167]],[[135.94555864,33.61815823],[135.94555864,33.61815823]],[[135.94565528,33.61823264],[135.94565528,33.61823264]],[[135.94576012,33.61824323],[135.94576012,33.61824323]],[[135.9456455,33.61854459],[135.9456455,33.61854459]],[[135.94770392,33.61854539],[135.94770392,33.61854539]],[[135.94778947,33.61862214],[135.94778947,33.61862214]],[[135.94810186,33.61865314],[135.94810186,33.61865314]],[[135.94774025,33.61866739],[135.94774025,33.61866739]],[[135.95130752,33.61874703],[135.95130752,33.61874703]],[[135.94761139,33.61889744],[135.94761139,33.61889744]],[[135.95122341,33.61890933],[135.95122341,33.61890933]],[[135.95115839,33.62010156],[135.95115839,33.62010156]],[[135.94533869,33.62084931],[135.94533869,33.62084931]],[[135.9431435,33.62045389],[135.9431435,33.62045389]],[[135.94321406,33.62058461],[135.94321406,33.62058461]],[[135.94332503,33.6206288],[135.94332503,33.6206288]],[[135.94526477,33.62080653],[135.94526477,33.62080653]],[[135.94520956,33.62089275],[135.94520956,33.62089275]],[[135.95120447,33.62089697],[135.95120447,33.62089697]],[[135.94494322,33.62103687],[135.94494322,33.62103687]],[[135.94315547,33.62170905],[135.94315547,33.62170905]],[[135.95043027,33.62201822],[135.95043027,33.62201822]],[[135.94640956,33.62201425],[135.94640956,33.62201425]],[[135.946553,33.62212447],[135.946553,33.62212447]],[[135.94350625,33.62237087],[135.94350625,33.62237087]],[[135.95043423,33.62336941],[135.95043423,33.62336941]],[[135.94805525,33.62449677],[135.94805525,33.62449677]],[[135.95056205,33.63355939],[135.95056205,33.63355939]],[[135.95076355,33.63381928],[135.95076355,33.63381928]],[[135.94988058,33.63389661],[135.94988058,33.63389661]],[[135.95068822,33.63399183],[135.95068822,33.63399183]],[[135.9511673,33.63393897],[135.9511673,33.63393897]],[[135.95008961,33.63416225],[135.95008961,33.63416225]],[[135.95110056,33.63408153],[135.95110056,33.63408153]],[[135.95091411,33.63425408],[135.95091411,33.63425408]],[[135.95083078,33.63423508],[135.95083078,33.63423508]],[[135.94845175,33.63405386],[135.94845175,33.63405386]],[[135.9498935,33.63414595],[135.9498935,33.63414595]],[[135.9511338,33.63475222],[135.9511338,33.63475222]],[[135.95106438,33.63484313],[135.95106438,33.63484313]],[[135.94839211,33.63483175],[135.94839211,33.63483175]],[[135.94961453,33.63483756],[135.94961453,33.63483756]],[[135.94977756,33.6348652],[135.94977756,33.6348652]],[[135.94983737,33.63508739],[135.94983737,33.63508739]],[[135.94881336,33.63507947],[135.94881336,33.63507947]],[[135.94971772,33.63509114],[135.94971772,33.63509114]],[[135.95090156,33.63505497],[135.95090156,33.63505497]],[[135.95099861,33.63562195],[135.95099861,33.63562195]],[[135.94917506,33.63553867],[135.94917506,33.63553867]],[[135.94907639,33.63567867],[135.94907639,33.63567867]],[[135.94867636,33.63589559],[135.94867636,33.63589559]],[[135.94788978,33.63663128],[135.94788978,33.63663128]],[[135.94932759,33.63602516],[135.94932759,33.63602516]],[[135.94947927,33.63609022],[135.94947927,33.63609022]],[[135.94897044,33.63642944],[135.94897044,33.63642944]],[[135.95056944,33.6362302],[135.95056944,33.6362302]],[[135.9496847,33.63625169],[135.9496847,33.63625169]],[[135.94969008,33.63630064],[135.94969008,33.63630064]],[[135.94897253,33.63649513],[135.94897253,33.63649513]],[[135.9467875,33.64230749],[135.9467875,33.64230749]],[[135.94727501,33.64207583],[135.94727501,33.64207583]],[[135.94166667,33.64425031],[135.94166667,33.64425031]],[[135.95217744,33.57610756],[135.95217744,33.57610756]],[[135.95159986,33.57672931],[135.95159986,33.57672931]],[[135.95194365,33.57701961],[135.95194365,33.57701961]],[[135.95479611,33.57765389],[135.95479611,33.57765389]],[[135.95132655,33.57761978],[135.95132655,33.57761978]],[[135.95574927,33.57795089],[135.95574927,33.57795089]],[[135.95376384,33.57796164],[135.95376384,33.57796164]],[[135.95489041,33.57815531],[135.95489041,33.57815531]],[[135.9516193,33.59735011],[135.9516193,33.59735011]],[[135.95164888,33.59757033],[135.95164888,33.59757033]],[[135.9522725,33.59780223],[135.9522725,33.59780223]],[[135.95233803,33.59790672],[135.95233803,33.59790672]],[[135.95135706,33.60095836],[135.95135706,33.60095836]],[[135.95178722,33.60105825],[135.95178722,33.60105825]],[[135.95207558,33.60233711],[135.95207558,33.60233711]],[[135.95191564,33.60235277],[135.95191564,33.60235277]],[[135.95207209,33.60247522],[135.95207209,33.60247522]],[[135.9519865,33.60257516],[135.9519865,33.60257516]],[[135.95248195,33.60269177],[135.95248195,33.60269177]],[[135.95337292,33.60314825],[135.95337292,33.60314825]],[[135.95164506,33.61576447],[135.95164506,33.61576447]],[[135.95142849,33.61596089],[135.95142849,33.61596089]],[[135.95137222,33.61608805],[135.95137222,33.61608805]],[[135.95204691,33.61658913],[135.95204691,33.61658913]],[[135.95230834,33.61656611],[135.95230834,33.61656611]],[[135.95297888,33.61662444],[135.95297888,33.61662444]],[[135.9519718,33.61736947],[135.9519718,33.61736947]],[[135.95147036,33.61724],[135.95147036,33.61724]],[[135.95219542,33.61786828],[135.95219542,33.61786828]],[[135.95224528,33.61829805],[135.95224528,33.61829805]],[[135.95408083,33.61834777],[135.95408083,33.61834777]],[[135.95142042,33.61847261],[135.95142042,33.61847261]],[[135.95131778,33.61855844],[135.95131778,33.61855844]],[[135.95140739,33.61859822],[135.95140739,33.61859822]],[[135.95204131,33.61984592],[135.95204131,33.61984592]],[[135.95196875,33.62014103],[135.95196875,33.62014103]],[[135.95222839,33.62021864],[135.95222839,33.62021864]],[[135.95195287,33.62028144],[135.95195287,33.62028144]],[[135.95199158,33.62032425],[135.95199158,33.62032425]],[[135.95227659,33.62042739],[135.95227659,33.62042739]],[[135.95255778,33.62059305],[135.95255778,33.62059305]],[[135.9546625,33.62082944],[135.9546625,33.62082944]],[[135.95412555,33.62098389],[135.95412555,33.62098389]],[[135.95344555,33.62122667],[135.95344555,33.62122667]],[[135.95284511,33.62129275],[135.95284511,33.62129275]],[[135.95282345,33.62278589],[135.95282345,33.62278589]],[[135.9530125,33.62304995],[135.9530125,33.62304995]],[[135.95360737,33.62321964],[135.95360737,33.62321964]],[[135.95322161,33.62329997],[135.95322161,33.62329997]],[[135.95368808,33.62334647],[135.95368808,33.62334647]],[[135.95440895,33.62367975],[135.95440895,33.62367975]],[[135.95317581,33.62372231],[135.95317581,33.62372231]],[[135.95330772,33.62383622],[135.95330772,33.62383622]],[[135.95380889,33.62408028],[135.95380889,33.62408028]],[[135.95407131,33.62417369],[135.95407131,33.62417369]],[[135.95386973,33.62442028],[135.95386973,33.62442028]],[[135.95357289,33.62468087],[135.95357289,33.62468087]],[[135.95366156,33.62489875],[135.95366156,33.62489875]],[[135.95352112,33.62491167],[135.95352112,33.62491167]],[[135.95369097,33.625],[135.95369097,33.625]],[[135.95352416,33.62506992],[135.95352416,33.62506992]],[[135.95291399,33.62549175],[135.95291399,33.62549175]],[[135.95278445,33.62559508],[135.95278445,33.62559508]],[[135.95292185,33.62559183],[135.95292185,33.62559183]],[[135.95286523,33.62563728],[135.95286523,33.62563728]],[[135.95311047,33.62567514],[135.95311047,33.62567514]],[[135.95356131,33.6257298],[135.95356131,33.6257298]],[[135.9528375,33.6257435],[135.9528375,33.6257435]],[[135.95385486,33.62573922],[135.95385486,33.62573922]],[[135.95404581,33.62577347],[135.95404581,33.62577347]],[[135.95271428,33.62626186],[135.95271428,33.62626186]],[[135.95327678,33.62636449],[135.95327678,33.62636449]],[[135.95303805,33.62646889],[135.95303805,33.62646889]],[[135.95368861,33.62658389],[135.95368861,33.62658389]],[[135.95287083,33.62665003],[135.95287083,33.62665003]],[[135.9522315,33.62689869],[135.9522315,33.62689869]],[[135.95196581,33.62696428],[135.95196581,33.62696428]],[[135.95222584,33.62698844],[135.95222584,33.62698844]],[[135.95206628,33.62711413],[135.95206628,33.62711413]],[[135.95199058,33.62712233],[135.95199058,33.62712233]],[[135.9519265,33.62718436],[135.9519265,33.62718436]],[[135.952092,33.62728836],[135.952092,33.62728836]],[[135.95207175,33.62738695],[135.95207175,33.62738695]],[[135.95197827,33.62759964],[135.95197827,33.62759964]],[[135.95226625,33.62774092],[135.95226625,33.62774092]],[[135.95212511,33.62778959],[135.95212511,33.62778959]],[[135.95232205,33.62793859],[135.95232205,33.62793859]],[[135.9533382,33.62820733],[135.9533382,33.62820733]],[[135.95355105,33.62822661],[135.95355105,33.62822661]],[[135.95317533,33.6282822],[135.95317533,33.6282822]],[[135.95426878,33.628295],[135.95426878,33.628295]],[[135.95379737,33.62833103],[135.95379737,33.62833103]],[[135.95381214,33.62835477],[135.95381214,33.62835477]],[[135.95291872,33.62834972],[135.95291872,33.62834972]],[[135.95387105,33.62838828],[135.95387105,33.62838828]],[[135.95389322,33.62840683],[135.95389322,33.62840683]],[[135.95442209,33.62845561],[135.95442209,33.62845561]],[[135.95279481,33.62863967],[135.95279481,33.62863967]],[[135.95394805,33.62854361],[135.95394805,33.62854361]],[[135.95330817,33.62874872],[135.95330817,33.62874872]],[[135.95256586,33.6287745],[135.95256586,33.6287745]],[[135.95271341,33.62885705],[135.95271341,33.62885705]],[[135.95289384,33.62881969],[135.95289384,33.62881969]],[[135.95267326,33.62928053],[135.95267326,33.62928053]],[[135.95244669,33.62918772],[135.95244669,33.62918772]],[[135.95366375,33.6293565],[135.95366375,33.6293565]],[[135.95319591,33.62939105],[135.95319591,33.62939105]],[[135.95330039,33.62948759],[135.95330039,33.62948759]],[[135.953031,33.62985433],[135.953031,33.62985433]],[[135.95214205,33.63009405],[135.95214205,33.63009405]],[[135.95237494,33.63028641],[135.95237494,33.63028641]],[[135.95210992,33.6301962],[135.95210992,33.6301962]],[[135.9522527,33.63020139],[135.9522527,33.63020139]],[[135.95206027,33.63021672],[135.95206027,33.63021672]],[[135.95205783,33.63029249],[135.95205783,33.63029249]],[[135.95447056,33.63050089],[135.95447056,33.63050089]],[[135.95261066,33.63057797],[135.95261066,33.63057797]],[[135.95426333,33.6305925],[135.95426333,33.6305925]],[[135.95296436,33.63063649],[135.95296436,33.63063649]],[[135.95272183,33.63072739],[135.95272183,33.63072739]],[[135.95371978,33.63094872],[135.95371978,33.63094872]],[[135.95330372,33.63123864],[135.95330372,33.63123864]],[[135.95404834,33.63131514],[135.95404834,33.63131514]],[[135.95328161,33.63145875],[135.95328161,33.63145875]],[[135.95381258,33.63149577],[135.95381258,33.63149577]],[[135.95411953,33.63152983],[135.95411953,33.63152983]],[[135.95329759,33.63155975],[135.95329759,33.63155975]],[[135.95349353,33.63158741],[135.95349353,33.63158741]],[[135.95325717,33.63172433],[135.95325717,33.63172433]],[[135.95351119,33.63180208],[135.95351119,33.63180208]],[[135.95290759,33.63184369],[135.95290759,33.63184369]],[[135.95373189,33.63184387],[135.95373189,33.63184387]],[[135.95304309,33.63186833],[135.95304309,33.63186833]],[[135.95286326,33.63192175],[135.95286326,33.63192175]],[[135.95281078,33.63203441],[135.95281078,33.63203441]],[[135.95294642,33.63211822],[135.95294642,33.63211822]],[[135.95318555,33.63204208],[135.95318555,33.63204208]],[[135.95351681,33.63230369],[135.95351681,33.63230369]],[[135.95292647,33.63234328],[135.95292647,33.63234328]],[[135.95288431,33.63245269],[135.95288431,33.63245269]],[[135.95309167,33.63253461],[135.95309167,33.63253461]],[[135.95282431,33.63250364],[135.95282431,33.63250364]],[[135.95316747,33.63251513],[135.95316747,33.63251513]],[[135.95286036,33.63257833],[135.95286036,33.63257833]],[[135.95282533,33.63271272],[135.95282533,33.63271272]],[[135.95293878,33.63273386],[135.95293878,33.63273386]],[[135.95290567,33.63276575],[135.95290567,33.63276575]],[[135.95306516,33.63285495],[135.95306516,33.63285495]],[[135.95295703,33.63287161],[135.95295703,33.63287161]],[[135.95274336,33.63286436],[135.95274336,33.63286436]],[[135.95265328,33.63294228],[135.95265328,33.63294228]],[[135.95309428,33.63295728],[135.95309428,33.63295728]],[[135.95391267,33.63295441],[135.95391267,33.63295441]],[[135.95313577,33.6328538],[135.95313577,33.6328538]],[[135.9529462,33.63296903],[135.9529462,33.63296903]],[[135.95251981,33.63302011],[135.95251981,33.63302011]],[[135.95387447,33.63313792],[135.95387447,33.63313792]],[[135.95376134,33.63311625],[135.95376134,33.63311625]],[[135.95337287,33.63315611],[135.95337287,33.63315611]],[[135.9518555,33.63318956],[135.9518555,33.63318956]],[[135.95344131,33.63321111],[135.95344131,33.63321111]],[[135.95359331,33.63329778],[135.95359331,33.63329778]],[[135.95438353,33.63335789],[135.95438353,33.63335789]],[[135.95183438,33.63325013],[135.95183438,33.63325013]],[[135.95158122,33.63356444],[135.95158122,33.63356444]],[[135.95532889,33.63355478],[135.95532889,33.63355478]],[[135.95524944,33.63358331],[135.95524944,33.63358331]],[[135.95156338,33.63367103],[135.95156338,33.63367103]],[[135.951476,33.63370169],[135.951476,33.63370169]],[[135.9551302,33.63382931],[135.9551302,33.63382931]],[[135.9540828,33.63375044],[135.9540828,33.63375044]],[[135.95164114,33.6338212],[135.95164114,33.6338212]],[[135.95187776,33.63383775],[135.95187776,33.63383775]],[[135.9517053,33.63382978],[135.9517053,33.63382978]],[[135.95436608,33.63397311],[135.95436608,33.63397311]],[[135.95417173,33.63395995],[135.95417173,33.63395995]],[[135.95436875,33.63414628],[135.95436875,33.63414628]],[[135.95126759,33.63422792],[135.95126759,33.63422792]],[[135.95432,33.6342682],[135.95432,33.6342682]],[[135.95470828,33.63463803],[135.95470828,33.63463803]],[[135.95292778,33.63468222],[135.95292778,33.63468222]],[[135.95145839,33.63475469],[135.95145839,33.63475469]],[[135.95164336,33.63512361],[135.95164336,33.63512361]],[[135.95155911,33.63511705],[135.95155911,33.63511705]],[[135.95439119,33.63546497],[135.95439119,33.63546497]],[[135.95573733,33.64889641],[135.95573733,33.64889641]],[[135.95610236,33.64895764],[135.95610236,33.64895764]],[[135.95528,33.6490575],[135.95528,33.6490575]],[[135.95504061,33.64914],[135.95504061,33.64914]],[[135.95638409,33.64915595],[135.95638409,33.64915595]],[[135.95559866,33.64929311],[135.95559866,33.64929311]],[[135.95633964,33.64936283],[135.95633964,33.64936283]],[[135.95453497,33.64946459],[135.95453497,33.64946459]],[[135.95486014,33.64951811],[135.95486014,33.64951811]],[[135.95450092,33.64961175],[135.95450092,33.64961175]],[[135.92476973,33.91474944],[135.89921056,33.92525723],[135.89253472,33.94185805],[135.89725722,33.95421278],[135.92602694,33.98126583],[135.94140445,33.97569028],[135.97460306,33.98596667],[135.99085278,34.00366695],[136.00591278,34.00914111],[136.00432083,34.00196167],[135.99529222,34.00100139],[136.01242278,33.96734722],[135.99952778,33.95574333],[135.98715111,33.96821277],[135.97716944,33.96661139],[135.97746056,33.94739139],[135.96696083,33.92784805],[135.92835805,33.94121444],[135.93136805,33.93340611],[135.92160222,33.93419444],[135.91736722,33.92353556],[135.93457805,33.91958472],[135.92476973,33.91474944]],[[135.96283917,33.57799249],[135.96283917,33.57799249]],[[135.95915355,33.57958753],[135.95915355,33.57958753]],[[135.95981425,33.57968939],[135.95981425,33.57968939]],[[135.95681331,33.57961267],[135.95681331,33.57961267]],[[135.95729608,33.57980733],[135.95729608,33.57980733]],[[135.95842776,33.57984636],[135.95842776,33.57984636]],[[135.95796764,33.57974187],[135.95796764,33.57974187]],[[135.95903492,33.57993647],[135.95903492,33.57993647]],[[135.95684292,33.58003323],[135.95684292,33.58003323]],[[135.95838767,33.58035459],[135.95838767,33.58035459]],[[135.95873608,33.58023636],[135.95873608,33.58023636]],[[135.95921803,33.58138572],[135.95921803,33.58138572]],[[135.95873533,33.58138875],[135.95873533,33.58138875]],[[135.959986,33.58147989],[135.959986,33.58147989]],[[135.95863973,33.58163486],[135.95863973,33.58163486]],[[135.9607125,33.58154244],[135.9607125,33.58154244]],[[135.95955031,33.583114],[135.95955031,33.583114]],[[135.95923283,33.58429614],[135.95923283,33.58429614]],[[135.9598562,33.58475308],[135.9598562,33.58475308]],[[135.96092847,33.58478195],[135.96092847,33.58478195]],[[135.95957533,33.58488928],[135.95957533,33.58488928]],[[135.95997211,33.58543983],[135.95997211,33.58543983]],[[135.96031717,33.58546561],[135.96031717,33.58546561]],[[135.95940481,33.5857478],[135.95940481,33.5857478]],[[135.95988367,33.58694744],[135.95988367,33.58694744]],[[135.96005558,33.58790639],[135.96005558,33.58790639]],[[135.95992278,33.58860895],[135.95992278,33.58860895]],[[135.9607635,33.58931769],[135.9607635,33.58931769]],[[135.96101973,33.58942777],[135.96101973,33.58942777]],[[135.9598582,33.58958678],[135.9598582,33.58958678]],[[135.96056333,33.58996878],[135.96056333,33.58996878]],[[135.96219992,33.59022944],[135.96219992,33.59022944]],[[135.96200964,33.59092553],[135.96200964,33.59092553]],[[135.96193302,33.59166667],[135.96193302,33.59166667]],[[135.96207134,33.59208908],[135.96207134,33.59208908]],[[135.96220178,33.59382844],[135.96220178,33.59382844]],[[135.96356083,33.59415195],[135.96356083,33.59415195]],[[135.96287189,33.59447516],[135.96287189,33.59447516]],[[135.96355655,33.59486447],[135.96355655,33.59486447]],[[135.96065014,33.59504944],[135.96065014,33.59504944]],[[135.96218044,33.5956578],[135.96218044,33.5956578]],[[135.96142525,33.59570169],[135.96142525,33.59570169]],[[135.96356333,33.59572692],[135.96356333,33.59572692]],[[135.96206577,33.59578013],[135.96206577,33.59578013]],[[135.96447611,33.59581903],[135.96447611,33.59581903]],[[135.96261453,33.5958872],[135.96261453,33.5958872]],[[135.96514778,33.59583277],[135.96514778,33.59583277]],[[135.96445805,33.59636247],[135.96445805,33.59636247]],[[135.96182394,33.60633487],[135.96182394,33.60633487]],[[135.96292222,33.6189075],[135.96292222,33.6189075]],[[135.96376112,33.61895333],[135.96376112,33.61895333]],[[135.96437306,33.61915305],[135.96437306,33.61915305]],[[135.96446639,33.61963833],[135.96446639,33.61963833]],[[135.96472195,33.61946278],[135.96472195,33.61946278]],[[135.96614222,33.619755],[135.96614222,33.619755]],[[135.96516944,33.61996556],[135.96516944,33.61996556]],[[135.96496861,33.62052805],[135.96496861,33.62052805]],[[135.96686973,33.62061749],[135.96686973,33.62061749]],[[135.96510834,33.62052223],[135.96510834,33.62052223]],[[135.9650525,33.62074416],[135.9650525,33.62074416]],[[135.95797772,33.63407705],[135.95797772,33.63407705]],[[135.95805423,33.63410111],[135.95805423,33.63410111]],[[135.95746056,33.63470472],[135.95746056,33.63470472]],[[135.96241659,33.6484435],[135.96241659,33.6484435]],[[135.95731669,33.64887764],[135.95731669,33.64887764]],[[135.95670134,33.64874256],[135.95670134,33.64874256]],[[135.95682462,33.64885203],[135.95682462,33.64885203]],[[135.95699311,33.64892928],[135.95699311,33.64892928]],[[135.95657983,33.64888325],[135.95657983,33.64888325]],[[135.95824659,33.64893861],[135.95824659,33.64893861]],[[135.95760555,33.64899495],[135.95760555,33.64899495]],[[135.95822878,33.64901889],[135.95822878,33.64901889]],[[135.95671711,33.64905941],[135.95671711,33.64905941]],[[135.95749117,33.64906459],[135.95749117,33.64906459]],[[135.95731708,33.64910349],[135.95731708,33.64910349]],[[135.95649302,33.64917339],[135.95649302,33.64917339]],[[135.95648219,33.64923736],[135.95648219,33.64923736]],[[135.95656097,33.64927111],[135.95656097,33.64927111]],[[135.95660492,33.64922231],[135.95660492,33.64922231]],[[135.95712355,33.64934641],[135.95712355,33.64934641]],[[135.95733425,33.64948903],[135.95733425,33.64948903]],[[135.95870674,33.649594],[135.95870674,33.649594]],[[135.9582453,33.64968589],[135.9582453,33.64968589]],[[135.9585863,33.64981287],[135.9585863,33.64981287]],[[135.95812211,33.6498552],[135.95812211,33.6498552]],[[135.95898674,33.64999172],[135.95898674,33.64999172]],[[135.95826864,33.65019092],[135.95826864,33.65019092]],[[135.95925425,33.65022977],[135.95925425,33.65022977]],[[135.95884814,33.65032772],[135.95884814,33.65032772]],[[135.95908403,33.65033295],[135.95908403,33.65033295]],[[135.95878803,33.65064592],[135.95878803,33.65064592]],[[135.97098361,33.65073459],[135.97098361,33.65073459]],[[135.95853086,33.65070331],[135.95853086,33.65070331]],[[135.97102445,33.65090922],[135.97102445,33.65090922]],[[135.97100947,33.65100239],[135.97100947,33.65100239]],[[135.97042811,33.65110756],[135.97042811,33.65110756]],[[135.97152494,33.65128023],[135.97152494,33.65128023]],[[135.97105319,33.65124247],[135.97105319,33.65124247]],[[135.97026839,33.65138061],[135.97026839,33.65138061]],[[135.97054209,33.65132523],[135.97054209,33.65132523]],[[135.97080903,33.651375],[135.97080903,33.651375]],[[135.97077458,33.65144125],[135.97077458,33.65144125]],[[135.97031635,33.65145459],[135.97031635,33.65145459]],[[135.97040891,33.65164336],[135.97040891,33.65164336]],[[135.96882538,33.65158511],[135.96882538,33.65158511]],[[135.9703383,33.65162933],[135.9703383,33.65162933]],[[135.96971756,33.65175447],[135.96971756,33.65175447]],[[135.96941341,33.65166659],[135.96941341,33.65166659]],[[135.97090911,33.65173923],[135.97090911,33.65173923]],[[135.97071017,33.65174177],[135.97071017,33.65174177]],[[135.9579138,33.65174239],[135.9579138,33.65174239]],[[135.95801616,33.65174583],[135.95801616,33.65174583]],[[135.97008616,33.65178056],[135.97008616,33.65178056]],[[135.96884061,33.65194639],[135.96884061,33.65194639]],[[135.97060814,33.65197],[135.97060814,33.65197]],[[135.96827881,33.65196528],[135.96827881,33.65196528]],[[135.97065752,33.65196072],[135.97065752,33.65196072]],[[135.96890689,33.65215456],[135.96890689,33.65215456]],[[135.97056839,33.65217764],[135.97056839,33.65217764]],[[135.96875034,33.6522538],[135.96875034,33.6522538]],[[135.96863494,33.65226459],[135.96863494,33.65226459]],[[135.97043667,33.65232583],[135.97043667,33.65232583]],[[135.96732795,33.65234139],[135.96732795,33.65234139]],[[135.97029185,33.65243375],[135.97029185,33.65243375]],[[135.96877864,33.65245567],[135.96877864,33.65245567]],[[135.96848852,33.65246703],[135.96848852,33.65246703]],[[135.97025092,33.65247892],[135.97025092,33.65247892]],[[135.96674842,33.652506],[135.96674842,33.652506]],[[135.97003703,33.65252028],[135.97003703,33.65252028]],[[135.96661389,33.65253305],[135.96661389,33.65253305]],[[135.96861481,33.65255395],[135.96861481,33.65255395]],[[135.96858328,33.65258089],[135.96858328,33.65258089]],[[135.969909,33.65257977],[135.969909,33.65257977]],[[135.96851992,33.65260936],[135.96851992,33.65260936]],[[135.96976392,33.65262995],[135.96976392,33.65262995]],[[135.96963825,33.65265783],[135.96963825,33.65265783]],[[135.96951678,33.65270169],[135.96951678,33.65270169]],[[135.96666667,33.6526978],[135.96666667,33.6526978]],[[135.96900139,33.65271733],[135.96900139,33.65271733]],[[135.96838278,33.65272316],[135.96838278,33.65272316]],[[135.96860859,33.65275064],[135.96860859,33.65275064]],[[135.96689153,33.65270575],[135.96689153,33.65270575]],[[135.96643511,33.65279561],[135.96643511,33.65279561]],[[135.96710458,33.65275789],[135.96710458,33.65275789]],[[135.96774122,33.65281241],[135.96774122,33.65281241]],[[135.96663859,33.65295247],[135.96663859,33.65295247]],[[135.9663907,33.65287483],[135.9663907,33.65287483]],[[135.96774231,33.65290603],[135.96774231,33.65290603]],[[135.96628025,33.65299356],[135.96628025,33.65299356]],[[135.9714417,33.65309264],[135.9714417,33.65309264]],[[135.96739798,33.653165],[135.96739798,33.653165]],[[135.96568261,33.65316964],[135.96568261,33.65316964]],[[135.96669173,33.65321608],[135.96669173,33.65321608]],[[135.96688911,33.65325389],[135.96688911,33.65325389]],[[135.97112367,33.6532618],[135.97112367,33.6532618]],[[135.9667073,33.65326356],[135.9667073,33.65326356]],[[135.96690642,33.65329089],[135.96690642,33.65329089]],[[135.97113672,33.65331611],[135.97113672,33.65331611]],[[135.96641667,33.65332372],[135.96641667,33.65332372]],[[135.97107364,33.65336387],[135.97107364,33.65336387]],[[135.96454287,33.65333861],[135.96454287,33.65333861]],[[135.96541864,33.65335631],[135.96541864,33.65335631]],[[135.96660925,33.65339392],[135.96660925,33.65339392]],[[135.96526567,33.65340716],[135.96526567,33.65340716]],[[135.96576433,33.65337433],[135.96576433,33.65337433]],[[135.96551328,33.65339544],[135.96551328,33.65339544]],[[135.96648608,33.65347503],[135.96648608,33.65347503]],[[135.96461608,33.65342536],[135.96461608,33.65342536]],[[135.96634581,33.65347989],[135.96634581,33.65347989]],[[135.96546795,33.65350653],[135.96546795,33.65350653]],[[135.96555114,33.65352487],[135.96555114,33.65352487]],[[135.96555163,33.65354523],[135.96555163,33.65354523]],[[135.96485969,33.6535642],[135.96485969,33.6535642]],[[135.96433636,33.65361128],[135.96433636,33.65361128]],[[135.9607465,33.65377631],[135.9607465,33.65377631]],[[135.96414377,33.65381389],[135.96414377,33.65381389]],[[135.96437117,33.65384644],[135.96437117,33.65384644]],[[135.96422103,33.65387247],[135.96422103,33.65387247]],[[135.96418895,33.65391195],[135.96418895,33.65391195]],[[135.96406752,33.65393936],[135.96406752,33.65393936]],[[135.96397849,33.65396075],[135.96397849,33.65396075]],[[135.96382041,33.65400213],[135.96382041,33.65400213]],[[135.96357192,33.65407169],[135.96357192,33.65407169]],[[135.96341752,33.65406272],[135.96341752,33.65406272]],[[135.96996664,33.65405844],[135.96996664,33.65405844]],[[135.96379528,33.65406775],[135.96379528,33.65406775]],[[135.96321044,33.65413308],[135.96321044,33.65413308]],[[135.96353597,33.65412733],[135.96353597,33.65412733]],[[135.96359436,33.65415869],[135.96359436,33.65415869]],[[135.96342008,33.65416022],[135.96342008,33.65416022]],[[135.96350073,33.65416587],[135.96350073,33.65416587]],[[135.96325219,33.65416425],[135.96325219,33.65416425]],[[135.9629825,33.65422241],[135.9629825,33.65422241]],[[135.96314261,33.65428159],[135.96314261,33.65428159]],[[135.96347683,33.65429483],[135.96347683,33.65429483]],[[135.96289761,33.65436336],[135.96289761,33.65436336]],[[135.98016416,33.64009972],[135.98016416,33.64009972]],[[135.97880555,33.64364667],[135.97880555,33.64364667]],[[135.97826944,33.64424028],[135.97826944,33.64424028]],[[135.97829917,33.64518416],[135.97829917,33.64518416]],[[135.97899997,33.64839805],[135.97899997,33.64839805]],[[135.97933786,33.64854914],[135.97933786,33.64854914]],[[135.97963706,33.64867216],[135.97963706,33.64867216]],[[135.97962633,33.64873569],[135.97962633,33.64873569]],[[135.97951562,33.64876825],[135.97951562,33.64876825]],[[135.97865292,33.64957741],[135.97865292,33.64957741]],[[135.97838698,33.65002841],[135.97838698,33.65002841]],[[135.97847633,33.65018714],[135.97847633,33.65018714]],[[135.98134066,33.65044025],[135.98134066,33.65044025]],[[135.98043419,33.65048056],[135.98043419,33.65048056]],[[135.98129003,33.65051649],[135.98129003,33.65051649]],[[135.98060891,33.65063641],[135.98060891,33.65063641]],[[135.97981012,33.65092905],[135.97981012,33.65092905]],[[135.98074869,33.65099847],[135.98074869,33.65099847]],[[135.97216995,33.65104633],[135.97216995,33.65104633]],[[135.98026175,33.65096997],[135.98026175,33.65096997]],[[135.98163659,33.65104761],[135.98163659,33.65104761]],[[135.98086039,33.65104905],[135.98086039,33.65104905]],[[135.98052694,33.65106923],[135.98052694,33.65106923]],[[135.97855601,33.65109436],[135.97855601,33.65109436]],[[135.98047733,33.65110116],[135.98047733,33.65110116]],[[135.98106053,33.65118631],[135.98106053,33.65118631]],[[135.98043908,33.6511168],[135.98043908,33.6511168]],[[135.98084051,33.65112397],[135.98084051,33.65112397]],[[135.98047761,33.65114283],[135.98047761,33.65114283]],[[135.98070922,33.65119361],[135.98070922,33.65119361]],[[135.97373492,33.6509138],[135.97373492,33.6509138]],[[135.98048883,33.65118697],[135.98048883,33.65118697]],[[135.97850966,33.65123964],[135.97850966,33.65123964]],[[135.97871399,33.65122639],[135.97871399,33.65122639]],[[135.98044111,33.65121536],[135.98044111,33.65121536]],[[135.98032255,33.65118372],[135.98032255,33.65118372]],[[135.98095975,33.6512868],[135.98095975,33.6512868]],[[135.98047333,33.65129328],[135.98047333,33.65129328]],[[135.97481339,33.65139997],[135.97481339,33.65139997]],[[135.98022492,33.6513032],[135.98022492,33.6513032]],[[135.98116628,33.65138692],[135.98116628,33.65138692]],[[135.97457309,33.65135872],[135.97457309,33.65135872]],[[135.98056713,33.65138403],[135.98056713,33.65138403]],[[135.98046231,33.65136856],[135.98046231,33.65136856]],[[135.9806273,33.65137183],[135.9806273,33.65137183]],[[135.98067591,33.65140247],[135.98067591,33.65140247]],[[135.98152167,33.65141167],[135.98152167,33.65141167]],[[135.98060533,33.65141831],[135.98060533,33.65141831]],[[135.98079092,33.65138233],[135.98079092,33.65138233]],[[135.98048044,33.65144608],[135.98048044,33.65144608]],[[135.98099167,33.65146478],[135.98099167,33.65146478]],[[135.98072506,33.65145964],[135.98072506,33.65145964]],[[135.97829489,33.65148044],[135.97829489,33.65148044]],[[135.98122691,33.65151175],[135.98122691,33.65151175]],[[135.97239114,33.65157359],[135.97239114,33.65157359]],[[135.97355577,33.65154405],[135.97355577,33.65154405]],[[135.97835464,33.65152711],[135.97835464,33.65152711]],[[135.98148722,33.65158822],[135.98148722,33.65158822]],[[135.9811825,33.65157387],[135.9811825,33.65157387]],[[135.98158667,33.65159464],[135.98158667,33.65159464]],[[135.98157453,33.65161395],[135.98157453,33.65161395]],[[135.98125839,33.65163622],[135.98125839,33.65163622]],[[135.98174655,33.65166156],[135.98174655,33.65166156]],[[135.9812307,33.65167453],[135.9812307,33.65167453]],[[135.98178988,33.65166011],[135.98178988,33.65166011]],[[135.97177339,33.65153489],[135.97177339,33.65153489]],[[135.97372319,33.65183211],[135.97372319,33.65183211]],[[135.97650903,33.65205186],[135.97650903,33.65205186]],[[135.97612481,33.65227303],[135.97612481,33.65227303]],[[135.97358089,33.65230892],[135.97358089,33.65230892]],[[135.97589436,33.65230459],[135.97589436,33.65230459]],[[135.97520319,33.65231467],[135.97520319,33.65231467]],[[135.97555114,33.65234136],[135.97555114,33.65234136]],[[135.97564224,33.65233872],[135.97564224,33.65233872]],[[135.97347078,33.652338],[135.97347078,33.652338]],[[135.97550558,33.65236347],[135.97550558,33.65236347]],[[135.97656703,33.6523622],[135.97656703,33.6523622]],[[135.97581419,33.65239064],[135.97581419,33.65239064]],[[135.97489148,33.65239531],[135.97489148,33.65239531]],[[135.97550053,33.65239589],[135.97550053,33.65239589]],[[135.97538056,33.65237313],[135.97538056,33.65237313]],[[135.97711635,33.65267886],[135.97711635,33.65267886]],[[135.97613672,33.6524852],[135.97613672,33.6524852]],[[135.97580185,33.65246228],[135.97580185,33.65246228]],[[135.97605384,33.65251223],[135.97605384,33.65251223]],[[135.97219156,33.65251583],[135.97219156,33.65251583]],[[135.97530302,33.6525288],[135.97530302,33.6525288]],[[135.97548086,33.6525472],[135.97548086,33.6525472]],[[135.97606189,33.65259572],[135.97606189,33.65259572]],[[135.97602575,33.65259575],[135.97602575,33.65259575]],[[135.97426608,33.65268859],[135.97426608,33.65268859]],[[135.97432258,33.65269047],[135.97432258,33.65269047]],[[135.97437241,33.6527452],[135.97437241,33.6527452]],[[135.97722849,33.65275092],[135.97722849,33.65275092]],[[135.97446195,33.65274814],[135.97446195,33.65274814]],[[135.97473124,33.65282956],[135.97473124,33.65282956]],[[135.97508394,33.65300353],[135.97508394,33.65300353]],[[135.97767475,33.65311959],[135.97767475,33.65311959]],[[135.97757,33.65341411],[135.97757,33.65341411]],[[135.97884591,33.65464549],[135.97884591,33.65464549]],[[135.97881825,33.65471541],[135.97881825,33.65471541]],[[135.978857,33.65512303],[135.978857,33.65512303]],[[135.97901209,33.65522103],[135.97901209,33.65522103]],[[135.97895328,33.65523483],[135.97895328,33.65523483]],[[135.97880878,33.6553158],[135.97880878,33.6553158]],[[135.97876584,33.655369],[135.97876584,33.655369]],[[135.98020553,33.66045956],[135.98020553,33.66045956]],[[135.98137211,33.66146387],[135.98137211,33.66146387]],[[135.97623905,33.66227044],[135.97623905,33.66227044]],[[135.97774925,33.66215756],[135.97774925,33.66215756]],[[135.9763392,33.66244423],[135.9763392,33.66244423]],[[135.97634997,33.66257172],[135.97634997,33.66257172]],[[135.97645489,33.66248169],[135.97645489,33.66248169]],[[135.97643389,33.66254767],[135.97643389,33.66254767]],[[135.97637136,33.66269672],[135.97637136,33.66269672]],[[135.97640839,33.66264525],[135.97640839,33.66264525]],[[135.97649781,33.66270711],[135.97649781,33.66270711]],[[135.97642694,33.66285472],[135.97642694,33.66285472]],[[135.97588523,33.66312861],[135.97588523,33.66312861]],[[135.97482866,33.66311564],[135.97482866,33.66311564]],[[135.97492988,33.66316169],[135.97492988,33.66316169]],[[135.97566642,33.66313547],[135.97566642,33.66313547]],[[135.976581,33.66320195],[135.976581,33.66320195]],[[135.97594628,33.66315492],[135.97594628,33.66315492]],[[135.97620691,33.66315372],[135.97620691,33.66315372]],[[135.9767425,33.66319053],[135.9767425,33.66319053]],[[135.97498494,33.66320833],[135.97498494,33.66320833]],[[135.97639761,33.66332556],[135.97639761,33.66332556]],[[135.97671073,33.66327669],[135.97671073,33.66327669]],[[135.97612163,33.66326053],[135.97612163,33.66326053]],[[135.97491219,33.66327028],[135.97491219,33.66327028]],[[135.97619425,33.66336475],[135.97619425,33.66336475]],[[135.97641433,33.66337095],[135.97641433,33.66337095]],[[135.97571008,33.66336341],[135.97571008,33.66336341]],[[135.97512808,33.6634355],[135.97512808,33.6634355]],[[135.97646306,33.66344995],[135.97646306,33.66344995]],[[135.97518606,33.66346408],[135.97518606,33.66346408]],[[135.97541425,33.66350669],[135.97541425,33.66350669]],[[135.97525827,33.66351587],[135.97525827,33.66351587]],[[135.97542431,33.66361289],[135.97542431,33.66361289]],[[135.97390322,33.66425356],[135.97390322,33.66425356]],[[135.97391289,33.66455631],[135.97391289,33.66455631]],[[135.97413428,33.66468059],[135.97413428,33.66468059]],[[135.97458338,33.66472],[135.97458338,33.66472]],[[135.97405528,33.6648072],[135.97405528,33.6648072]],[[135.97478455,33.66481825],[135.97478455,33.66481825]],[[135.97410361,33.66482833],[135.97410361,33.66482833]],[[135.97483519,33.66488359],[135.97483519,33.66488359]],[[135.97429652,33.66490031],[135.97429652,33.66490031]],[[135.97388372,33.66496683],[135.97388372,33.66496683]],[[135.97414494,33.6650302],[135.97414494,33.6650302]],[[135.97402306,33.66500069],[135.97402306,33.66500069]],[[135.97424586,33.66513144],[135.97424586,33.66513144]],[[135.973707,33.66519916],[135.973707,33.66519916]],[[135.97401842,33.66517444],[135.97401842,33.66517444]],[[135.97531635,33.66552014],[135.97531635,33.66552014]],[[135.97524927,33.66570511],[135.97524927,33.66570511]],[[135.97539224,33.66576197],[135.97539224,33.66576197]],[[135.97455445,33.66593805],[135.97455445,33.66593805]],[[135.97409542,33.66617577],[135.97409542,33.66617577]],[[135.97415384,33.66619216],[135.97415384,33.66619216]],[[135.97371239,33.66625395],[135.97371239,33.66625395]],[[135.97484834,33.66628249],[135.97484834,33.66628249]],[[135.97376992,33.66626875],[135.97376992,33.66626875]],[[135.97402394,33.66626347],[135.97402394,33.66626347]],[[135.973709,33.66630475],[135.973709,33.66630475]],[[135.9738827,33.66638644],[135.9738827,33.66638644]],[[135.97382964,33.666393],[135.97382964,33.666393]],[[135.97426186,33.66666356],[135.97426186,33.66666356]],[[135.97427377,33.66688359],[135.97427377,33.66688359]],[[135.97420475,33.66692711],[135.97420475,33.66692711]],[[135.97410886,33.66694364],[135.97410886,33.66694364]],[[135.97420475,33.66701786],[135.97420475,33.66701786]],[[135.97464864,33.66705764],[135.97464864,33.66705764]],[[135.97477153,33.66706583],[135.97477153,33.66706583]],[[135.97466584,33.66708559],[135.97466584,33.66708559]],[[135.97474317,33.66713969],[135.97474317,33.66713969]],[[135.97457642,33.66714816],[135.97457642,33.66714816]],[[135.97426183,33.66719322],[135.97426183,33.66719322]],[[135.97496197,33.66728477],[135.97496197,33.66728477]],[[135.97487061,33.66737423],[135.97487061,33.66737423]],[[135.9740235,33.667573],[135.9740235,33.667573]],[[135.97395744,33.66761836],[135.97395744,33.66761836]],[[135.97448008,33.66787033],[135.97448008,33.66787033]],[[135.97453555,33.66786933],[135.97453555,33.66786933]],[[135.97462533,33.66795805],[135.97462533,33.66795805]],[[135.97406039,33.67041344],[135.97406039,33.67041344]],[[135.97422815,33.67054847],[135.97422815,33.67054847]],[[135.97393881,33.67060583],[135.97393881,33.67060583]],[[135.97438095,33.67058572],[135.97438095,33.67058572]],[[135.97444445,33.67062533],[135.97444445,33.67062533]],[[135.97469681,33.67063467],[135.97469681,33.67063467]],[[135.9744427,33.67070169],[135.9744427,33.67070169]],[[135.97391472,33.67069708],[135.97391472,33.67069708]],[[135.97465128,33.67069814],[135.97465128,33.67069814]],[[135.97481969,33.67073956],[135.97481969,33.67073956]],[[135.98217416,33.63629361],[135.98217416,33.63629361]],[[135.98201222,33.63676972],[135.98201222,33.63676972]],[[135.98186805,33.65080639],[135.98186805,33.65080639]],[[135.98243103,33.65099475],[135.98243103,33.65099475]],[[135.98266008,33.65116597],[135.98266008,33.65116597]],[[135.9832325,33.65131689],[135.9832325,33.65131689]],[[135.98194973,33.65119805],[135.98194973,33.65119805]],[[135.98247027,33.65143936],[135.98247027,33.65143936]],[[135.98185531,33.65148556],[135.98185531,33.65148556]],[[135.98213542,33.65156361],[135.98213542,33.65156361]],[[135.98241319,33.65159131],[135.98241319,33.65159131]],[[135.98193861,33.65157103],[135.98193861,33.65157103]],[[135.98292477,33.65166078],[135.98292477,33.65166078]],[[135.98341992,33.65160269],[135.98341992,33.65160269]],[[135.98278309,33.65162297],[135.98278309,33.65162297]],[[135.98216458,33.65169836],[135.98216458,33.65169836]],[[135.98264783,33.65170639],[135.98264783,33.65170639]],[[135.98227698,33.65174313],[135.98227698,33.65174313]],[[135.98192866,33.65171547],[135.98192866,33.65171547]],[[135.98221684,33.65173772],[135.98221684,33.65173772]],[[135.98290124,33.65167403],[135.98290124,33.65167403]],[[135.98258581,33.65180153],[135.98258581,33.65180153]],[[135.98358058,33.65183495],[135.98358058,33.65183495]],[[135.98297891,33.65181977],[135.98297891,33.65181977]],[[135.98184939,33.65182823],[135.98184939,33.65182823]],[[135.98223494,33.65182767],[135.98223494,33.65182767]],[[135.98492795,33.65184289],[135.98492795,33.65184289]],[[135.98287217,33.65184264],[135.98287217,33.65184264]],[[135.98244706,33.65185092],[135.98244706,33.65185092]],[[135.98206827,33.65190953],[135.98206827,33.65190953]],[[135.98273394,33.65188469],[135.98273394,33.65188469]],[[135.98327872,33.65191386],[135.98327872,33.65191386]],[[135.98285905,33.65188616],[135.98285905,33.65188616]],[[135.98291936,33.65188078],[135.98291936,33.65188078]],[[135.98219577,33.65190792],[135.98219577,33.65190792]],[[135.98297881,33.65192259],[135.98297881,33.65192259]],[[135.98472814,33.65199853],[135.98472814,33.65199853]],[[135.98343597,33.65199228],[135.98343597,33.65199228]],[[135.98238097,33.65203177],[135.98238097,33.65203177]],[[135.98298519,33.65210111],[135.98298519,33.65210111]],[[135.98453316,33.65210261],[135.98453316,33.65210261]],[[135.98242686,33.65216478],[135.98242686,33.65216478]],[[135.98235713,33.65214197],[135.98235713,33.65214197]],[[135.98388973,33.65221695],[135.98388973,33.65221695]],[[135.98434472,33.65221723],[135.98434472,33.65221723]],[[135.98262975,33.65215792],[135.98262975,33.65215792]],[[135.98294414,33.65234769],[135.98294414,33.65234769]],[[135.98255628,33.65244156],[135.98255628,33.65244156]],[[135.98279798,33.65257397],[135.98279798,33.65257397]],[[135.982731,33.6526252],[135.982731,33.6526252]],[[135.98465469,33.65274603],[135.98465469,33.65274603]],[[135.9841025,33.65279889],[135.9841025,33.65279889]],[[135.98342314,33.65297089],[135.98342314,33.65297089]],[[135.98364852,33.65310733],[135.98364852,33.65310733]],[[135.98358484,33.65321203],[135.98358484,33.65321203]],[[135.98390616,33.65331183],[135.98390616,33.65331183]],[[135.98352553,33.65339244],[135.98352553,33.65339244]],[[135.98338044,33.653416],[135.98338044,33.653416]],[[135.98344614,33.65354439],[135.98344614,33.65354439]],[[135.98448472,33.65378111],[135.98448472,33.65378111]],[[135.98484891,33.65383861],[135.98484891,33.65383861]],[[135.98394847,33.65418539],[135.98394847,33.65418539]],[[135.98453423,33.65427983],[135.98453423,33.65427983]],[[135.98420089,33.65436516],[135.98420089,33.65436516]],[[135.98460222,33.65440283],[135.98460222,33.65440283]],[[135.98427467,33.65439931],[135.98427467,33.65439931]],[[135.98440567,33.65445744],[135.98440567,33.65445744]],[[135.98587628,33.6544708],[135.98587628,33.6544708]],[[135.98484815,33.6544788],[135.98484815,33.6544788]],[[135.98444895,33.65451705],[135.98444895,33.65451705]],[[135.98470086,33.65463114],[135.98470086,33.65463114]],[[135.98474058,33.65470159],[135.98474058,33.65470159]],[[135.98485034,33.65471575],[135.98485034,33.65471575]],[[135.98611501,33.65506805],[135.98611501,33.65506805]],[[135.98650361,33.65771889],[135.98650361,33.65771889]],[[135.98624558,33.65812433],[135.98624558,33.65812433]],[[135.98653258,33.65814208],[135.98653258,33.65814208]],[[135.98633394,33.65814892],[135.98633394,33.65814892]],[[135.9867253,33.65828316],[135.9867253,33.65828316]],[[135.98634844,33.65823267],[135.98634844,33.65823267]],[[135.98632961,33.65833783],[135.98632961,33.65833783]],[[135.98617228,33.6583502],[135.98617228,33.6583502]],[[135.98839613,33.65838264],[135.98839613,33.65838264]],[[135.98642616,33.65835216],[135.98642616,33.65835216]],[[135.98616949,33.65839672],[135.98616949,33.65839672]],[[135.9863185,33.65837897],[135.9863185,33.65837897]],[[135.98798331,33.65840611],[135.98798331,33.65840611]],[[135.986264,33.65839167],[135.986264,33.65839167]],[[135.98635336,33.65841856],[135.98635336,33.65841856]],[[135.98766703,33.65844183],[135.98766703,33.65844183]],[[135.98856173,33.65860011],[135.98856173,33.65860011]],[[135.98833811,33.65855439],[135.98833811,33.65855439]],[[135.98626361,33.65859439],[135.98626361,33.65859439]],[[135.98693664,33.65859425],[135.98693664,33.65859425]],[[135.98802236,33.65869214],[135.98802236,33.65869214]],[[135.98666467,33.65865495],[135.98666467,33.65865495]],[[135.98677506,33.65867956],[135.98677506,33.65867956]],[[135.98617678,33.65868049],[135.98617678,33.65868049]],[[135.98623472,33.658788],[135.98623472,33.658788]],[[135.98759878,33.65889189],[135.98759878,33.65889189]],[[135.98642698,33.65887267],[135.98642698,33.65887267]],[[135.98624975,33.65883713],[135.98624975,33.65883713]],[[135.98639925,33.65897308],[135.98639925,33.65897308]],[[135.98619997,33.6590982],[135.98619997,33.6590982]],[[135.98711202,33.65939377],[135.98711202,33.65939377]],[[135.9872137,33.65968753],[135.9872137,33.65968753]],[[135.98700536,33.65972864],[135.98700536,33.65972864]],[[135.99221603,33.65979467],[135.99221603,33.65979467]],[[135.98697817,33.65980605],[135.98697817,33.65980605]],[[135.98237083,33.65985283],[135.98237083,33.65985283]],[[135.98710956,33.65987808],[135.98710956,33.65987808]],[[135.98765317,33.65983372],[135.98765317,33.65983372]],[[135.99006805,33.65993249],[135.99006805,33.65993249]],[[135.98733224,33.66000541],[135.98733224,33.66000541]],[[135.98720462,33.66030269],[135.98720462,33.66030269]],[[135.98723927,33.66039931],[135.98723927,33.66039931]],[[135.98251139,33.66077967],[135.98251139,33.66077967]],[[135.98296211,33.66081747],[135.98296211,33.66081747]],[[135.98323805,33.66087283],[135.98323805,33.66087283]],[[135.98271258,33.66087364],[135.98271258,33.66087364]],[[135.98259209,33.66085883],[135.98259209,33.66085883]],[[135.98288839,33.66098647],[135.98288839,33.66098647]],[[135.9864672,33.66096305],[135.9864672,33.66096305]],[[135.98665725,33.66122239],[135.98665725,33.66122239]],[[135.98963988,33.66118061],[135.98963988,33.66118061]],[[135.99010178,33.66144836],[135.99010178,33.66144836]],[[135.98203494,33.66085887],[135.98203494,33.66085887]],[[135.99041447,33.66177625],[135.99041447,33.66177625]],[[135.99044005,33.66189689],[135.99044005,33.66189689]],[[135.9820298,33.66201861],[135.9820298,33.66201861]],[[135.98204623,33.66205128],[135.98204623,33.66205128]],[[135.9908935,33.6620302],[135.9908935,33.6620302]],[[135.99039066,33.66234203],[135.99039066,33.66234203]],[[135.98244674,33.66252833],[135.98244674,33.66252833]],[[135.98222064,33.66244316],[135.98222064,33.66244316]],[[135.98247258,33.66256069],[135.98247258,33.66256069]],[[135.99140769,33.66285283],[135.99140769,33.66285283]],[[135.99301306,33.66302611],[135.99301306,33.66302611]],[[135.99364306,33.66396416],[135.99364306,33.66396416]],[[135.99381778,33.66436833],[135.99381778,33.66436833]],[[135.99182292,33.66664799],[135.99182292,33.66664799]],[[135.98777944,33.675],[135.98669664,33.67054287],[135.98777944,33.675]],[[135.99234927,33.67713639],[135.99234927,33.67713639]],[[135.99276798,33.67728372],[135.99276798,33.67728372]],[[135.992998,33.67731622],[135.992998,33.67731622]],[[135.98912725,33.67733695],[135.98912725,33.67733695]],[[135.99318895,33.67747528],[135.99318895,33.67747528]],[[135.98915981,33.677845],[135.98915981,33.677845]],[[135.98933852,33.67797287],[135.98933852,33.67797287]],[[135.98958555,33.67801889],[135.98958555,33.67801889]],[[135.98990694,33.67806333],[135.98990694,33.67806333]],[[135.99198355,33.67819614],[135.99198355,33.67819614]],[[135.99217416,33.67827072],[135.99217416,33.67827072]],[[135.99236103,33.67853403],[135.99236103,33.67853403]],[[135.99204886,33.67853911],[135.99204886,33.67853911]],[[135.99097908,33.67877675],[135.99097908,33.67877675]],[[135.98992992,33.67867739],[135.98992992,33.67867739]],[[135.98915139,33.67877361],[135.98915139,33.67877361]],[[135.99255501,33.67896213],[135.99255501,33.67896213]],[[135.9927275,33.67912083],[135.9927275,33.67912083]],[[135.99275555,33.67921777],[135.99275555,33.67921777]],[[135.9928225,33.67931222],[135.9928225,33.67931222]],[[135.98990691,33.67949167],[135.98990691,33.67949167]],[[135.98837881,33.67973525],[135.98837881,33.67973525]],[[135.98861314,33.67993187],[135.98861314,33.67993187]],[[135.99321139,33.68003105],[135.99321139,33.68003105]],[[135.99334233,33.68011439],[135.99334233,33.68011439]],[[135.99308044,33.68035041],[135.99308044,33.68035041]],[[135.99339606,33.68030989],[135.99339606,33.68030989]],[[135.98850528,33.68026889],[135.98850528,33.68026889]],[[135.98819528,33.68040444],[135.98819528,33.68040444]],[[135.99204278,33.68077889],[135.99204278,33.68077889]],[[135.99189842,33.68107189],[135.99189842,33.68107189]],[[135.99166667,33.68125322],[135.99166667,33.68125322]],[[135.9926873,33.68146789],[135.9926873,33.68146789]],[[135.99189406,33.68178744],[135.99189406,33.68178744]],[[135.992229,33.68202825],[135.992229,33.68202825]],[[135.99456722,33.68224139],[135.99456722,33.68224139]],[[135.99535112,33.68287416],[135.99535112,33.68287416]],[[135.99128355,33.68461111],[135.99128355,33.68461111]],[[135.99191075,33.68567447],[135.99191075,33.68567447]],[[135.99148817,33.68566328],[135.99148817,33.68566328]],[[135.99171109,33.68575978],[135.99171109,33.68575978]],[[135.98723995,33.68789075],[135.98723995,33.68789075]],[[135.98731222,33.68790183],[135.98731222,33.68790183]],[[135.99295528,33.69861264],[135.99295528,33.69861264]],[[135.99257764,33.6995472],[135.99257764,33.6995472]],[[135.99260167,33.69961825],[135.99260167,33.69961825]],[[135.99270545,33.69972916],[135.99270545,33.69972916]]]}}]}