{"type": "FeatureCollection", "features": [{"type": "Feature", "geometry": {"type": "Polygon", "coordinates": [[[136.693253, 35.40951], [136.693288, 35.407664], [136.697923, 35.407518], [136.705921, 35.385492], [136.691667, 35.368543], [136.691528, 35.367852], [136.690585, 35.366791], [136.689976, 35.360109], [136.6893, 35.352681], [136.699845, 35.356768], [136.708439, 35.351742], [136.717201, 35.355549], [136.722088, 35.351658], [136.730023, 35.356361], [136.728986, 35.357], [136.733328, 35.361222], [136.743039, 35.359128], [136.7447, 35.363552], [136.757585, 35.365177], [136.757701, 35.365192], [136.751812, 35.369718], [136.754582, 35.375567], [136.761637, 35.37816], [136.766958, 35.380116], [136.765473, 35.384815], [136.766723, 35.387182], [136.772644, 35.39574], [136.781557, 35.398624], [136.786288, 35.399704], [136.801625, 35.391508], [136.803607, 35.387115], [136.813223, 35.388627], [136.815542, 35.388991], [136.815294, 35.38951], [136.813239, 35.393809], [136.816893, 35.396135], [136.813624, 35.400584], [136.817814, 35.418926], [136.814745, 35.421732], [136.815599, 35.427371], [136.842119, 35.431176], [136.845135, 35.424544], [136.858805, 35.42529], [136.858942, 35.425297], [136.860213, 35.434306], [136.871881, 35.436621], [136.869058, 35.444133], [136.869121, 35.44416], [136.881566, 35.444651], [136.881787, 35.44466], [136.885811, 35.454994], [136.873313, 35.463898], [136.856648, 35.463891], [136.85007, 35.469348], [136.8376, 35.463354], [136.835183, 35.466666], [136.835152, 35.466947], [136.834983, 35.468461], [136.834763, 35.470433], [136.840349, 35.476263], [136.842498, 35.496327], [136.845779, 35.497196], [136.84357, 35.499704], [136.851278, 35.505276], [136.858977, 35.500915], [136.860622, 35.508141], [136.846135, 35.506879], [136.840441, 35.512373], [136.840187, 35.518456], [136.835283, 35.518753], [136.834563, 35.523807], [136.828963, 35.525663], [136.826275, 35.530589], [136.821382, 35.529307], [136.817521, 35.531488], [136.815218, 35.531725], [136.815022, 35.531491], [136.815491, 35.531101], [136.809416, 35.524781], [136.814718, 35.510126], [136.80086, 35.504778], [136.805167, 35.500064], [136.805639, 35.499548], [136.803879, 35.493125], [136.799734, 35.492194], [136.799585, 35.484983], [136.792924, 35.48434], [136.789351, 35.491843], [136.773652, 35.490759], [136.769938, 35.498043], [136.763646, 35.4995], [136.759851, 35.50646], [136.755253, 35.503984], [136.749281, 35.509898], [136.743476, 35.511009], [136.736822, 35.507935], [136.72974, 35.51732], [136.717627, 35.520564], [136.717609, 35.520636], [136.71624, 35.526221], [136.711326, 35.527038], [136.711035, 35.52747], [136.700984, 35.5424], [136.700843, 35.54242], [136.696775, 35.543], [136.693661, 35.538585], [136.693601, 35.538341], [136.693476, 35.538323], [136.692374, 35.538167], [136.679205, 35.536299], [136.689884, 35.52698], [136.682949, 35.515762], [136.682865, 35.515626], [136.695059, 35.509913], [136.696729, 35.509131], [136.698204, 35.503182], [136.691793, 35.499848], [136.694632, 35.494508], [136.69137, 35.492487], [136.698801, 35.491537], [136.698265, 35.483039], [136.685858, 35.482904], [136.683079, 35.475461], [136.692564, 35.463116], [136.698084, 35.462908], [136.698433, 35.447261], [136.698382, 35.447276], [136.698872, 35.421584], [136.693027, 35.421308], [136.693213, 35.411604], [136.693253, 35.40951]]]}, "properties": {"N03_001": "岐阜県", "N03_002": null, "N03_003": null, "N03_004": "岐阜市", "N03_005": null, "N03_007": "21201"}}, {"type": "Feature", "geometry": {"type": "MultiPolygon", "coordinates": [[[[136.421788, 35.287847], [136.402657, 35.300452], [136.39115, 35.290197], [136.395961, 35.280229], [136.393541, 35.261913], [136.396962, 35.257731], [136.389154, 35.249767], [136.379215, 35.247505], [136.378939, 35.241667], [136.385686, 35.235115], [136.39205, 35.234181], [136.392472, 35.22982], [136.408389, 35.223622], [136.415131, 35.217744], [136.430901, 35.229404], [136.434539, 35.220448], [136.442218, 35.21707], [136.453875, 35.229916], [136.466254, 35.238054], [136.470273, 35.232694], [136.473031, 35.237432], [136.481109, 35.234976], [136.482447, 35.239805], [136.489449, 35.23552], [136.49495, 35.237947], [136.507479, 35.23587], [136.516011, 35.253894], [136.527668, 35.257533], [136.527365, 35.257941], [136.522494, 35.26452], [136.525467, 35.26894], [136.521494, 35.278562], [136.524979, 35.282075], [136.520887, 35.285723], [136.52367, 35.289728], [136.518604, 35.293126], [136.518568, 35.296204], [136.522743, 35.296986], [136.522469, 35.301484], [136.515416, 35.30383], [136.516451, 35.309514], [136.508506, 35.317414], [136.507783, 35.319468], [136.512462, 35.328504], [136.515847, 35.332707], [136.517686, 35.332766], [136.533067, 35.325458], [136.536195, 35.33149], [136.535547, 35.332872], [136.535328, 35.33334], [136.533984, 35.336205], [136.529371, 35.338809], [136.528231, 35.339883], [136.528705, 35.344192], [136.527606, 35.344994], [136.52451, 35.347253], [136.522914, 35.348417], [136.522434, 35.348328], [136.512575, 35.346512], [136.510709, 35.346169], [136.509566, 35.347407], [136.502319, 35.355854], [136.501712, 35.356561], [136.498256, 35.360589], [136.498145, 35.360539], [136.491203, 35.357437], [136.482979, 35.359404], [136.473286, 35.344511], [136.465957, 35.343774], [136.465751, 35.34348], [136.464694, 35.341974], [136.455715, 35.329177], [136.455779, 35.328656], [136.457469, 35.314804], [136.438808, 35.306586], [136.427167, 35.307313], [136.426499, 35.307354], [136.426602, 35.307087], [136.429549, 35.299441], [136.421788, 35.287847]]], [[[136.558656, 35.347053], [136.561874, 35.347119], [136.561615, 35.34647], [136.560143, 35.343517], [136.562411, 35.343474], [136.580584, 35.33901], [136.58179, 35.340927], [136.582312, 35.333256], [136.582723, 35.330157], [136.582827, 35.329375], [136.582834, 35.329325], [136.589272, 35.327751], [136.585812, 35.321935], [136.594363, 35.317038], [136.596248, 35.309902], [136.596856, 35.307428], [136.593895, 35.306756], [136.595024, 35.303163], [136.595205, 35.302585], [136.610086, 35.293971], [136.614188, 35.294794], [136.615288, 35.295015], [136.615541, 35.295447], [136.619526, 35.302244], [136.639357, 35.312675], [136.639271, 35.312708], [136.64002, 35.314161], [136.640922, 35.314686], [136.640831, 35.315734], [136.640003, 35.325295], [136.639202, 35.334553], [136.644042, 35.338582], [136.653716, 35.337907], [136.656736, 35.340695], [136.653694, 35.343927], [136.657929, 35.351486], [136.655924, 35.376545], [136.655792, 35.378199], [136.653678, 35.379887], [136.652714, 35.381322], [136.649738, 35.383034], [136.644404, 35.387294], [136.641984, 35.387496], [136.640622, 35.387609], [136.632645, 35.388274], [136.629528, 35.388706], [136.621602, 35.392977], [136.622805, 35.403847], [136.610765, 35.404597], [136.608494, 35.391828], [136.606185, 35.391701], [136.600133, 35.393222], [136.600001, 35.397892], [136.593677, 35.398314], [136.587464, 35.405371], [136.585012, 35.408155], [136.584631, 35.408179], [136.578228, 35.408575], [136.575965, 35.404411], [136.562937, 35.410869], [136.548327, 35.407452], [136.550003, 35.410714], [136.545607, 35.402612], [136.54607, 35.402156], [136.545756, 35.401456], [136.549891, 35.398398], [136.546919, 35.398346], [136.555196, 35.397774], [136.547792, 35.392661], [136.549092, 35.39692], [136.541186, 35.39815], [136.548371, 35.387261], [136.547709, 35.380112], [136.542777, 35.377728], [136.560676, 35.370214], [136.562959, 35.358495], [136.558107, 35.35843], [136.55648, 35.352106], [136.558656, 35.347053]]], [[[136.687905, 35.345692], [136.688676, 35.345832], [136.6893, 35.352681], [136.689976, 35.360109], [136.690585, 35.366791], [136.68433, 35.36717], [136.681275, 35.371228], [136.678131, 35.37077], [136.677903, 35.367198], [136.672726, 35.367238], [136.674658, 35.365167], [136.67628, 35.363361], [136.672209, 35.347276], [136.680944, 35.344428], [136.681085, 35.344454], [136.687905, 35.345692]]]]}, "properties": {"N03_001": "岐阜県", "N03_002": null, "N03_003": null, "N03_004": "大垣市", "N03_005": null, "N03_007": "21202"}}, {"type": "Feature", "geometry": {"type": "Polygon", "coordinates": [[[137.084613, 35.897512], [137.091265, 35.900228], [137.091885, 35.900482], [137.092202, 35.902079], [137.092647, 35.904324], [137.093638, 35.909317], [137.092923, 35.910767], [137.090501, 35.91568], [137.090765, 35.916725], [137.093652, 35.928145], [137.105193, 35.92725], [137.106764, 35.927128], [137.108153, 35.928992], [137.118005, 35.942221], [137.120917, 35.946132], [137.120683, 35.947265], [137.120295, 35.94914], [137.120035, 35.950394], [137.108045, 35.956886], [137.105372, 35.958576], [137.114836, 35.970233], [137.116669, 35.97249], [137.116748, 35.972587], [137.120865, 35.985613], [137.121369, 35.986206], [137.129539, 35.995208], [137.14808, 36.004109], [137.158821, 36.020777], [137.173255, 36.02993], [137.184684, 36.037012], [137.191958, 36.035375], [137.196332, 36.037605], [137.20119, 36.028838], [137.233568, 36.021554], [137.234633, 36.013271], [137.24609, 35.997664], [137.259142, 35.99288], [137.26131, 35.987191], [137.268757, 35.98999], [137.279, 35.985705], [137.283622, 35.989528], [137.291309, 35.985533], [137.313319, 35.993664], [137.327911, 35.994576], [137.330512, 35.999427], [137.344734, 36.002032], [137.342374, 35.98979], [137.349175, 35.988544], [137.355754, 35.975999], [137.37021, 35.968804], [137.367618, 35.962377], [137.37001, 35.958099], [137.364536, 35.951119], [137.367691, 35.945291], [137.385179, 35.951145], [137.400002, 35.961629], [137.401518, 35.966922], [137.422257, 35.971214], [137.428514, 35.962455], [137.440878, 35.959074], [137.444854, 35.950128], [137.444142, 35.942611], [137.455857, 35.931183], [137.483431, 35.913788], [137.49775, 35.928819], [137.503556, 35.939888], [137.518731, 35.939682], [137.524519, 35.942464], [137.532557, 35.961617], [137.541983, 35.966628], [137.544991, 35.977102], [137.543458, 35.982871], [137.569114, 35.995694], [137.575716, 35.995493], [137.590451, 36.006661], [137.600224, 36.028571], [137.597859, 36.042407], [137.614784, 36.062128], [137.610931, 36.067255], [137.612959, 36.077186], [137.596814, 36.075841], [137.59279, 36.080945], [137.573428, 36.087683], [137.567773, 36.096867], [137.554884, 36.105532], [137.5502, 36.112893], [137.557085, 36.118058], [137.560551, 36.130242], [137.554721, 36.140199], [137.56796, 36.147669], [137.570515, 36.155616], [137.590842, 36.1638], [137.595064, 36.172048], [137.591157, 36.178123], [137.590933, 36.185933], [137.595089, 36.19074], [137.57857, 36.197539], [137.573058, 36.218655], [137.583025, 36.220396], [137.583197, 36.22691], [137.589679, 36.228603], [137.59635, 36.242976], [137.605923, 36.248787], [137.614739, 36.264777], [137.620924, 36.266675], [137.629043, 36.278626], [137.647821, 36.289052], [137.646859, 36.296452], [137.653057, 36.304675], [137.648832, 36.309107], [137.652434, 36.322009], [137.646366, 36.330232], [137.645422, 36.341715], [137.635471, 36.34255], [137.617998, 36.365126], [137.587087, 36.371964], [137.587347, 36.389801], [137.577391, 36.392995], [137.559505, 36.387452], [137.539973, 36.3927], [137.520937, 36.38114], [137.497774, 36.382676], [137.490905, 36.374154], [137.484109, 36.371097], [137.472874, 36.375907], [137.450865, 36.371628], [137.443661, 36.367136], [137.442978, 36.370829], [137.432034, 36.373422], [137.42228, 36.370284], [137.414127, 36.360332], [137.413516, 36.360135], [137.413694, 36.359804], [137.418355, 36.351142], [137.403729, 36.343564], [137.379682, 36.343922], [137.369517, 36.349821], [137.363433, 36.35023], [137.36262, 36.350284], [137.362466, 36.350295], [137.358522, 36.344773], [137.363437, 36.33358], [137.360348, 36.328764], [137.369944, 36.318974], [137.365701, 36.312644], [137.371414, 36.306891], [137.365368, 36.302943], [137.36399, 36.296539], [137.336593, 36.299838], [137.329151, 36.286652], [137.316444, 36.289083], [137.30271, 36.286007], [137.276042, 36.286241], [137.263973, 36.26882], [137.246985, 36.262809], [137.239417, 36.255019], [137.219961, 36.256536], [137.213633, 36.251392], [137.213721, 36.251155], [137.215798, 36.245566], [137.212788, 36.241676], [137.207014, 36.241018], [137.195875, 36.23131], [137.204959, 36.223], [137.201945, 36.219502], [137.205735, 36.213626], [137.188202, 36.22218], [137.17715, 36.211828], [137.159653, 36.214407], [137.156535, 36.21033], [137.158617, 36.204528], [137.155403, 36.201123], [137.141458, 36.201603], [137.137478, 36.191746], [137.121929, 36.183363], [137.120849, 36.183476], [137.113266, 36.189758], [137.11338, 36.194325], [137.105627, 36.2042], [137.106366, 36.216836], [137.100865, 36.219655], [137.086215, 36.216594], [137.069698, 36.197865], [137.060233, 36.199293], [137.051104, 36.191287], [137.047563, 36.195157], [137.033636, 36.196794], [137.031233, 36.197077], [137.030641, 36.19661], [137.028782, 36.195146], [137.021618, 36.189503], [137.010829, 36.189298], [137.00281, 36.193061], [136.999105, 36.1948], [136.994903, 36.193709], [136.982792, 36.190565], [136.97661, 36.194587], [136.964383, 36.194919], [136.953402, 36.203572], [136.952112, 36.211031], [136.949639, 36.209569], [136.947558, 36.2097], [136.947533, 36.208324], [136.947444, 36.203447], [136.947242, 36.192386], [136.947036, 36.181137], [136.943695, 36.177084], [136.943856, 36.170572], [136.937142, 36.163485], [136.93855, 36.155883], [136.933854, 36.144407], [136.933159, 36.142708], [136.936083, 36.14241], [136.946097, 36.133442], [136.947662, 36.131664], [136.948528, 36.131265], [136.956028, 36.127809], [136.953654, 36.123278], [136.955243, 36.118555], [136.932635, 36.112573], [136.934858, 36.104755], [136.924737, 36.094358], [136.914512, 36.100795], [136.900445, 36.101242], [136.895952, 36.105874], [136.895868, 36.10596], [136.877208, 36.101964], [136.85694, 36.105361], [136.844191, 36.09764], [136.818376, 36.09302], [136.807142, 36.105489], [136.798658, 36.106076], [136.788191, 36.097731], [136.785698, 36.098576], [136.764957, 36.105608], [136.756178, 36.099112], [136.754284, 36.08629], [136.763998, 36.074446], [136.768119, 36.057708], [136.777209, 36.052688], [136.777288, 36.052645], [136.780974, 36.05455], [136.796173, 36.050719], [136.801851, 36.042989], [136.797048, 36.031672], [136.797191, 36.031625], [136.806899, 36.028462], [136.81531, 36.011954], [136.81545, 36.011678], [136.829613, 36.011458], [136.837801, 36.001436], [136.845396, 36.008448], [136.88191, 36.018188], [136.88232, 36.021119], [136.89521, 36.027392], [136.902963, 36.0236], [136.903696, 36.018403], [136.908064, 36.016385], [136.906668, 36.013046], [136.915286, 36.012564], [136.929104, 36.006553], [136.930712, 36.005817], [136.932351, 35.995888], [136.93545, 35.99572], [136.937249, 35.988996], [136.941733, 35.990505], [136.944674, 35.983455], [136.95938, 35.978525], [136.966075, 35.960964], [136.971532, 35.956823], [136.96847, 35.948492], [136.97248, 35.938158], [136.971994, 35.924513], [136.977675, 35.919196], [136.983871, 35.917716], [136.991707, 35.928014], [136.998216, 35.928795], [136.9977, 35.939164], [137.008209, 35.951023], [137.01667, 35.952597], [137.019239, 35.959374], [137.024017, 35.960647], [137.039332, 35.9537], [137.049424, 35.96026], [137.054632, 35.956821], [137.061297, 35.945362], [137.062759, 35.942847], [137.0689, 35.939484], [137.06522, 35.932988], [137.069594, 35.917335], [137.083949, 35.907695], [137.084613, 35.897512]]]}, "properties": {"N03_001": "岐阜県", "N03_002": null, "N03_003": null, "N03_004": "高山市", "N03_005": null, "N03_007": "21203"}}, {"type": "Feature", "geometry": {"type": "Polygon", "coordinates": [[[137.04794, 35.36488], [137.049822, 35.359341], [137.045241, 35.350597], [137.047867, 35.335429], [137.061357, 35.339122], [137.068218, 35.335682], [137.072979, 35.326457], [137.063522, 35.318197], [137.06677, 35.308972], [137.081841, 35.305121], [137.081311, 35.292191], [137.096033, 35.290554], [137.102334, 35.301648], [137.13117, 35.293168], [137.145601, 35.279826], [137.165227, 35.283415], [137.176093, 35.270383], [137.186456, 35.277418], [137.175363, 35.284672], [137.181707, 35.290183], [137.173565, 35.308656], [137.168741, 35.315036], [137.165238, 35.31822], [137.153691, 35.32052], [137.153422, 35.3242], [137.160133, 35.327386], [137.160319, 35.330515], [137.145352, 35.349477], [137.155824, 35.35162], [137.158939, 35.355991], [137.151809, 35.368943], [137.147255, 35.369207], [137.145234, 35.377038], [137.144608, 35.377253], [137.14438, 35.377949], [137.123939, 35.384452], [137.123858, 35.38439], [137.117228, 35.379326], [137.120743, 35.375356], [137.112993, 35.369033], [137.104546, 35.374048], [137.10175, 35.371409], [137.085126, 35.371062], [137.077008, 35.377373], [137.07676, 35.384894], [137.066393, 35.399874], [137.06018, 35.403108], [137.062009, 35.394451], [137.068237, 35.393898], [137.062391, 35.392128], [137.056208, 35.385112], [137.052917, 35.37674], [137.054724, 35.368872], [137.047776, 35.365364], [137.04794, 35.36488]]]}, "properties": {"N03_001": "岐阜県", "N03_002": null, "N03_003": null, "N03_004": "多治見市", "N03_005": null, "N03_007": "21204"}}, {"type": "Feature", "geometry": {"type": "Polygon", "coordinates": [[[136.881787, 35.44466], [136.888952, 35.44673], [136.898986, 35.443565], [136.904787, 35.446249], [136.908799, 35.441577], [136.941393, 35.427528], [136.941748, 35.427374], [136.941823, 35.427395], [136.949656, 35.429595], [136.954445, 35.43094], [136.954502, 35.431189], [136.954714, 35.431223], [136.959012, 35.44638], [136.970026, 35.445174], [136.959558, 35.446989], [136.962715, 35.467109], [136.963014, 35.468419], [136.962928, 35.468466], [136.954128, 35.473217], [136.953927, 35.473456], [136.959387, 35.482145], [136.963984, 35.484048], [136.951007, 35.488649], [136.95082, 35.495979], [136.947195, 35.499041], [136.949001, 35.50707], [136.961352, 35.505797], [136.964069, 35.508552], [136.983366, 35.510815], [136.988471, 35.506909], [136.988559, 35.506936], [136.992368, 35.508118], [136.992428, 35.508188], [136.994445, 35.510541], [136.99267, 35.516703], [136.992685, 35.517226], [137.000462, 35.517363], [137.007741, 35.528965], [137.013569, 35.534671], [137.028842, 35.539582], [137.036261, 35.553389], [137.044049, 35.549624], [137.051197, 35.559007], [137.071293, 35.57051], [137.072409, 35.572499], [137.072608, 35.572855], [137.072768, 35.57314], [137.063876, 35.575484], [137.065368, 35.579703], [137.057655, 35.58467], [137.056582, 35.592401], [137.053027, 35.593284], [137.054676, 35.600828], [137.05557, 35.603201], [137.057603, 35.604386], [137.05906, 35.604625], [137.059136, 35.605279], [137.061242, 35.623325], [137.071099, 35.623607], [137.070814, 35.626825], [137.079889, 35.628201], [137.086196, 35.633263], [137.090814, 35.631298], [137.090979, 35.631549], [137.091167, 35.631482], [137.091849, 35.632877], [137.094245, 35.637781], [137.093355, 35.64268], [137.085905, 35.649679], [137.089281, 35.655764], [137.096217, 35.657627], [137.101327, 35.678831], [137.082436, 35.677233], [137.07901, 35.684403], [137.065496, 35.685106], [137.060644, 35.691045], [137.051014, 35.694037], [137.050798, 35.692565], [137.051517, 35.687696], [137.048058, 35.673901], [137.054774, 35.663632], [137.051104, 35.661016], [137.04779, 35.650438], [137.040174, 35.650582], [137.029668, 35.641945], [137.020066, 35.645461], [137.018067, 35.651728], [136.992398, 35.651328], [136.990795, 35.645696], [136.980558, 35.640322], [136.982436, 35.633704], [136.986367, 35.626764], [136.986612, 35.61899], [136.978673, 35.61539], [136.97638, 35.603987], [136.979014, 35.601245], [136.972463, 35.587348], [136.974119, 35.584416], [136.967173, 35.581469], [136.966004, 35.580973], [136.967335, 35.571848], [136.955612, 35.563667], [136.958806, 35.548798], [136.958368, 35.54836], [136.944551, 35.546312], [136.94223, 35.5384], [136.933001, 35.531711], [136.932135, 35.522941], [136.921894, 35.52131], [136.91234, 35.526545], [136.902202, 35.526839], [136.902006, 35.526845], [136.900856, 35.516857], [136.89841, 35.51874], [136.895679, 35.514658], [136.898807, 35.51167], [136.89437, 35.510479], [136.882341, 35.515689], [136.862411, 35.52432], [136.860654, 35.535468], [136.853309, 35.539891], [136.854087, 35.546256], [136.842668, 35.550259], [136.838422, 35.559296], [136.839634, 35.56402], [136.847054, 35.567454], [136.847495, 35.57949], [136.843645, 35.579778], [136.842531, 35.585439], [136.846661, 35.589487], [136.841686, 35.593469], [136.852674, 35.603354], [136.85346, 35.610943], [136.847456, 35.617646], [136.853922, 35.622602], [136.855217, 35.633959], [136.858932, 35.635622], [136.870261, 35.63664], [136.869472, 35.646838], [136.87066, 35.647615], [136.87798, 35.651412], [136.879653, 35.65228], [136.872984, 35.658723], [136.871098, 35.665261], [136.860598, 35.669834], [136.855056, 35.684218], [136.839916, 35.699257], [136.840188, 35.706816], [136.848522, 35.711843], [136.853253, 35.724113], [136.854746, 35.746172], [136.843737, 35.751369], [136.837604, 35.750386], [136.833404, 35.754454], [136.835652, 35.765517], [136.843217, 35.767627], [136.840071, 35.776516], [136.839946, 35.77671], [136.827216, 35.775731], [136.812388, 35.779886], [136.810088, 35.785023], [136.801059, 35.781686], [136.800988, 35.78172], [136.800633, 35.78189], [136.794539, 35.784811], [136.794377, 35.785699], [136.792173, 35.797816], [136.776021, 35.798833], [136.774385, 35.806673], [136.76391, 35.810607], [136.755012, 35.809478], [136.741097, 35.801069], [136.722967, 35.808078], [136.719192, 35.798565], [136.708986, 35.791659], [136.699555, 35.794174], [136.689779, 35.789283], [136.676959, 35.793253], [136.67205, 35.791308], [136.666135, 35.785136], [136.669622, 35.775738], [136.682917, 35.771756], [136.685509, 35.760011], [136.691787, 35.753078], [136.691189, 35.752511], [136.683846, 35.745551], [136.68187, 35.743679], [136.680863, 35.734858], [136.686217, 35.730438], [136.683705, 35.72544], [136.685577, 35.722318], [136.694865, 35.717465], [136.695754, 35.717001], [136.698136, 35.717751], [136.700268, 35.718423], [136.708711, 35.716713], [136.709142, 35.716563], [136.70924, 35.716606], [136.713584, 35.718506], [136.719128, 35.714245], [136.727775, 35.715638], [136.73035, 35.711863], [136.72865, 35.706395], [136.718957, 35.693957], [136.72444, 35.694276], [136.726922, 35.691315], [136.73375, 35.693492], [136.739506, 35.683825], [136.745117, 35.68486], [136.753822, 35.680069], [136.762846, 35.684367], [136.768468, 35.683166], [136.772578, 35.667263], [136.782021, 35.667041], [136.783928, 35.663139], [136.799377, 35.660735], [136.805599, 35.653411], [136.80622, 35.637843], [136.803464, 35.633737], [136.807062, 35.623475], [136.803575, 35.616312], [136.806568, 35.609424], [136.796925, 35.599161], [136.785887, 35.597027], [136.785962, 35.596988], [136.796416, 35.591614], [136.792216, 35.582725], [136.793783, 35.571271], [136.794843, 35.571027], [136.803394, 35.569057], [136.805033, 35.573261], [136.813692, 35.565972], [136.817988, 35.567111], [136.820511, 35.560777], [136.81312, 35.554709], [136.812615, 35.547367], [136.809192, 35.547777], [136.809254, 35.54641], [136.809735, 35.535888], [136.815022, 35.531491], [136.815218, 35.531725], [136.817521, 35.531488], [136.821382, 35.529307], [136.826275, 35.530589], [136.828963, 35.525663], [136.834563, 35.523807], [136.835283, 35.518753], [136.840187, 35.518456], [136.840441, 35.512373], [136.846135, 35.506879], [136.860622, 35.508141], [136.858977, 35.500915], [136.851278, 35.505276], [136.84357, 35.499704], [136.845779, 35.497196], [136.842498, 35.496327], [136.840349, 35.476263], [136.834763, 35.470433], [136.834983, 35.468461], [136.835152, 35.466947], [136.835183, 35.466666], [136.8376, 35.463354], [136.85007, 35.469348], [136.856648, 35.463891], [136.873313, 35.463898], [136.885811, 35.454994], [136.881787, 35.44466]]]}, "properties": {"N03_001": "岐阜県", "N03_002": null, "N03_003": null, "N03_004": "関市", "N03_005": null, "N03_007": "21205"}}, {"type": "Feature", "geometry": {"type": "Polygon", "coordinates": [[[137.436477, 35.419827], [137.430349, 35.421776], [137.436034, 35.416188], [137.432848, 35.414746], [137.438088, 35.411205], [137.443166, 35.397443], [137.447407, 35.396603], [137.448644, 35.390076], [137.459313, 35.38315], [137.467311, 35.370421], [137.484557, 35.363139], [137.489299, 35.35943], [137.490822, 35.360494], [137.493987, 35.362706], [137.502573, 35.368708], [137.509701, 35.373689], [137.524504, 35.37585], [137.52942, 35.373308], [137.539594, 35.377929], [137.544075, 35.383941], [137.558424, 35.389963], [137.5584, 35.396308], [137.564394, 35.403807], [137.564667, 35.403701], [137.574611, 35.39982], [137.575333, 35.399538], [137.590343, 35.39368], [137.595018, 35.395377], [137.618568, 35.391788], [137.633944, 35.399218], [137.632128, 35.410552], [137.621974, 35.411896], [137.615685, 35.423339], [137.61778, 35.426704], [137.615538, 35.430595], [137.593011, 35.447107], [137.618176, 35.467769], [137.628539, 35.467312], [137.63175, 35.470044], [137.629777, 35.483592], [137.627002, 35.484582], [137.62443, 35.493827], [137.624546, 35.500606], [137.628332, 35.501467], [137.631766, 35.509447], [137.626166, 35.512164], [137.618444, 35.525997], [137.607809, 35.533295], [137.602381, 35.530723], [137.581104, 35.538811], [137.576927, 35.544873], [137.573947, 35.544725], [137.574772, 35.549434], [137.570629, 35.553772], [137.572061, 35.561248], [137.564119, 35.568613], [137.568731, 35.573467], [137.571304, 35.584161], [137.55052, 35.587706], [137.537603, 35.584451], [137.530983, 35.588982], [137.532036, 35.593231], [137.520089, 35.600108], [137.513809, 35.608023], [137.516826, 35.618281], [137.522652, 35.619403], [137.523785, 35.625967], [137.527691, 35.628705], [137.526599, 35.63426], [137.538444, 35.63855], [137.54102, 35.642078], [137.539723, 35.646833], [137.545448, 35.651082], [137.535957, 35.661151], [137.535374, 35.665805], [137.497196, 35.688482], [137.497634, 35.698139], [137.485719, 35.706028], [137.487627, 35.716484], [137.485212, 35.724704], [137.479025, 35.726559], [137.466558, 35.741169], [137.468094, 35.747025], [137.464752, 35.756372], [137.45263, 35.763424], [137.449942, 35.759292], [137.440179, 35.758553], [137.433984, 35.766975], [137.434403, 35.771047], [137.427168, 35.771367], [137.423543, 35.775157], [137.396072, 35.77634], [137.391095, 35.780428], [137.396958, 35.785352], [137.394147, 35.797392], [137.373317, 35.800442], [137.359603, 35.79515], [137.355566, 35.790314], [137.333955, 35.764428], [137.330049, 35.751011], [137.324792, 35.747838], [137.330358, 35.73664], [137.33102, 35.710969], [137.344597, 35.703572], [137.344731, 35.703417], [137.341555, 35.700772], [137.343634, 35.696068], [137.343684, 35.695954], [137.343688, 35.695947], [137.352513, 35.696116], [137.373126, 35.672069], [137.400864, 35.661374], [137.407298, 35.658893], [137.408105, 35.657783], [137.399951, 35.646457], [137.411096, 35.638262], [137.412659, 35.626634], [137.40502, 35.622262], [137.404226, 35.614481], [137.394307, 35.60808], [137.392721, 35.607056], [137.388325, 35.60422], [137.387007, 35.60337], [137.386644, 35.603135], [137.386856, 35.602334], [137.388627, 35.595638], [137.389894, 35.590846], [137.398946, 35.579436], [137.399062, 35.572241], [137.394438, 35.56742], [137.395434, 35.562952], [137.375464, 35.564986], [137.36854, 35.567093], [137.368256, 35.567048], [137.343013, 35.56304], [137.344556, 35.552706], [137.342554, 35.548966], [137.341523, 35.54704], [137.34042, 35.544979], [137.341495, 35.541841], [137.342138, 35.539962], [137.342518, 35.538854], [137.348926, 35.537314], [137.350987, 35.532396], [137.347851, 35.515608], [137.348403, 35.514627], [137.350061, 35.51168], [137.351391, 35.509313], [137.368609, 35.504193], [137.390072, 35.507536], [137.391871, 35.507543], [137.392486, 35.506427], [137.394665, 35.500237], [137.389481, 35.491708], [137.389926, 35.491254], [137.389462, 35.490588], [137.393511, 35.487603], [137.392864, 35.481334], [137.406999, 35.483939], [137.411324, 35.47823], [137.41862, 35.47994], [137.431726, 35.473175], [137.441746, 35.459077], [137.441887, 35.454457], [137.458672, 35.445118], [137.462331, 35.439588], [137.479399, 35.439667], [137.48269, 35.442197], [137.502883, 35.439082], [137.494074, 35.430627], [137.484326, 35.427111], [137.461811, 35.426506], [137.436477, 35.419827]]]}, "properties": {"N03_001": "岐阜県", "N03_002": null, "N03_003": null, "N03_004": "中津川市", "N03_005": null, "N03_007": "21206"}}, {"type": "Feature", "geometry": {"type": "Polygon", "coordinates": [[[136.978673, 35.61539], [136.972991, 35.617666], [136.952616, 35.615014], [136.942122, 35.598811], [136.941835, 35.598368], [136.939937, 35.598781], [136.923555, 35.602344], [136.912185, 35.62285], [136.903539, 35.627588], [136.898233, 35.64516], [136.897534, 35.645632], [136.885923, 35.651203], [136.87798, 35.651412], [136.87066, 35.647615], [136.869472, 35.646838], [136.870261, 35.63664], [136.858932, 35.635622], [136.855217, 35.633959], [136.853922, 35.622602], [136.847456, 35.617646], [136.85346, 35.610943], [136.852674, 35.603354], [136.841686, 35.593469], [136.846661, 35.589487], [136.842531, 35.585439], [136.843645, 35.579778], [136.847495, 35.57949], [136.847054, 35.567454], [136.839634, 35.56402], [136.838422, 35.559296], [136.842668, 35.550259], [136.854087, 35.546256], [136.853309, 35.539891], [136.860654, 35.535468], [136.862411, 35.52432], [136.882341, 35.515689], [136.89437, 35.510479], [136.898807, 35.51167], [136.895679, 35.514658], [136.89841, 35.51874], [136.900856, 35.516857], [136.902006, 35.526845], [136.902202, 35.526839], [136.91234, 35.526545], [136.921894, 35.52131], [136.932135, 35.522941], [136.933001, 35.531711], [136.94223, 35.5384], [136.944551, 35.546312], [136.958368, 35.54836], [136.958806, 35.548798], [136.955612, 35.563667], [136.967335, 35.571848], [136.966004, 35.580973], [136.967173, 35.581469], [136.974119, 35.584416], [136.972463, 35.587348], [136.979014, 35.601245], [136.97638, 35.603987], [136.978673, 35.61539]]]}, "properties": {"N03_001": "岐阜県", "N03_002": null, "N03_003": null, "N03_004": "美濃市", "N03_005": null, "N03_007": "21207"}}, {"type": "Feature", "geometry": {"type": "Polygon", "coordinates": [[[137.329021, 35.332969], [137.314713, 35.333006], [137.307442, 35.326384], [137.307026, 35.326005], [137.298874, 35.327305], [137.29761, 35.327507], [137.295907, 35.327779], [137.298797, 35.331952], [137.309814, 35.347866], [137.311058, 35.349662], [137.311573, 35.349858], [137.323053, 35.354225], [137.321803, 35.361291], [137.325585, 35.36809], [137.334281, 35.375721], [137.3345, 35.379406], [137.341052, 35.382427], [137.345207, 35.395409], [137.338571, 35.400886], [137.342282, 35.410691], [137.348383, 35.412045], [137.352242, 35.417716], [137.331983, 35.427452], [137.335997, 35.43186], [137.330646, 35.442291], [137.311821, 35.442047], [137.299967, 35.450552], [137.29969, 35.457887], [137.2955, 35.460828], [137.288354, 35.455834], [137.284687, 35.448288], [137.271889, 35.451915], [137.262485, 35.463985], [137.253655, 35.462678], [137.251697, 35.464291], [137.250378, 35.465378], [137.25, 35.464576], [137.249535, 35.46431], [137.247509, 35.464328], [137.236888, 35.457097], [137.230316, 35.472605], [137.221451, 35.469333], [137.214018, 35.474726], [137.203688, 35.469866], [137.203403, 35.469732], [137.199743, 35.458831], [137.203101, 35.4537], [137.196788, 35.449919], [137.199359, 35.434418], [137.205883, 35.42487], [137.197379, 35.419607], [137.199442, 35.412122], [137.191451, 35.41011], [137.191371, 35.41009], [137.192147, 35.408497], [137.194166, 35.403819], [137.195955, 35.400686], [137.217311, 35.393494], [137.225179, 35.37011], [137.219244, 35.365189], [137.219507, 35.357923], [137.233889, 35.344561], [137.236991, 35.345282], [137.244588, 35.339053], [137.24246, 35.336237], [137.244731, 35.331212], [137.249746, 35.327143], [137.257102, 35.331268], [137.263598, 35.324019], [137.272961, 35.32307], [137.275471, 35.316715], [137.28065, 35.319459], [137.282914, 35.317375], [137.276587, 35.288991], [137.298434, 35.288749], [137.320768, 35.293397], [137.328066, 35.291385], [137.327789, 35.2962], [137.323811, 35.298206], [137.326259, 35.303542], [137.334176, 35.311662], [137.341514, 35.311759], [137.346934, 35.317018], [137.333752, 35.332957], [137.329021, 35.332969]]]}, "properties": {"N03_001": "岐阜県", "N03_002": null, "N03_003": null, "N03_004": "瑞浪市", "N03_005": null, "N03_007": "21208"}}, {"type": "Feature", "geometry": {"type": "Polygon", "coordinates": [[[136.668846, 35.318169], [136.668299, 35.317285], [136.665189, 35.31226], [136.665585, 35.308569], [136.665222, 35.307403], [136.665855, 35.306056], [136.666213, 35.302718], [136.671339, 35.291368], [136.672391, 35.29214], [136.674671, 35.28399], [136.676682, 35.276802], [136.676933, 35.275904], [136.675755, 35.274748], [136.661831, 35.261082], [136.657486, 35.256817], [136.657826, 35.255899], [136.66602, 35.249833], [136.677875, 35.241058], [136.69438, 35.25683], [136.707005, 35.279068], [136.725733, 35.295614], [136.753946, 35.344894], [136.741051, 35.345002], [136.732645, 35.348772], [136.73501, 35.353288], [136.730863, 35.356858], [136.730023, 35.356361], [136.722088, 35.351658], [136.717201, 35.355549], [136.708439, 35.351742], [136.699845, 35.356768], [136.6893, 35.352681], [136.688676, 35.345832], [136.687905, 35.345692], [136.687903, 35.345665], [136.686671, 35.329736], [136.669042, 35.318487], [136.668846, 35.318169]]]}, "properties": {"N03_001": "岐阜県", "N03_002": null, "N03_003": null, "N03_004": "羽島市", "N03_005": null, "N03_007": "21209"}}, {"type": "Feature", "geometry": {"type": "Polygon", "coordinates": [[[137.341523, 35.54704], [137.341528, 35.547935], [137.330361, 35.540424], [137.322079, 35.534854], [137.313965, 35.535733], [137.309867, 35.536308], [137.309632, 35.536203], [137.300621, 35.532191], [137.276758, 35.531311], [137.269006, 35.526979], [137.2732, 35.521041], [137.279267, 35.519744], [137.280087, 35.5185], [137.286379, 35.507532], [137.279857, 35.498268], [137.265169, 35.491834], [137.265164, 35.491768], [137.264477, 35.481293], [137.255629, 35.479676], [137.257476, 35.477416], [137.254185, 35.474933], [137.257587, 35.470002], [137.250857, 35.466397], [137.249817, 35.46584], [137.250378, 35.465378], [137.251697, 35.464291], [137.253655, 35.462678], [137.262485, 35.463985], [137.271889, 35.451915], [137.284687, 35.448288], [137.288354, 35.455834], [137.2955, 35.460828], [137.29969, 35.457887], [137.299967, 35.450552], [137.311821, 35.442047], [137.330646, 35.442291], [137.335997, 35.43186], [137.331983, 35.427452], [137.352242, 35.417716], [137.348383, 35.412045], [137.342282, 35.410691], [137.338571, 35.400886], [137.345207, 35.395409], [137.341052, 35.382427], [137.3345, 35.379406], [137.334281, 35.375721], [137.325585, 35.36809], [137.321803, 35.361291], [137.323053, 35.354225], [137.311573, 35.349858], [137.311058, 35.349662], [137.309814, 35.347866], [137.298797, 35.331952], [137.295907, 35.327779], [137.29761, 35.327507], [137.298874, 35.327305], [137.307026, 35.326005], [137.307442, 35.326384], [137.314713, 35.333006], [137.329021, 35.332969], [137.333752, 35.332957], [137.346934, 35.317018], [137.341514, 35.311759], [137.334176, 35.311662], [137.326259, 35.303542], [137.323811, 35.298206], [137.327789, 35.2962], [137.328066, 35.291385], [137.320768, 35.293397], [137.308081, 35.289663], [137.331174, 35.276763], [137.34463, 35.273718], [137.346343, 35.270672], [137.33995, 35.264545], [137.34512, 35.261775], [137.344099, 35.257858], [137.373871, 35.262594], [137.377743, 35.258835], [137.384992, 35.258913], [137.386784, 35.251812], [137.382785, 35.247311], [137.387814, 35.240295], [137.400744, 35.241755], [137.408418, 35.234801], [137.417078, 35.240323], [137.428145, 35.223347], [137.434714, 35.224138], [137.441736, 35.233527], [137.45045, 35.235092], [137.453366, 35.240508], [137.460736, 35.240183], [137.476499, 35.253364], [137.496986, 35.259126], [137.496986, 35.264171], [137.504802, 35.262945], [137.505974, 35.266428], [137.513869, 35.26927], [137.516141, 35.274983], [137.520675, 35.273476], [137.518935, 35.283327], [137.52898, 35.284231], [137.543429, 35.280553], [137.551395, 35.284232], [137.561902, 35.283296], [137.561984, 35.289317], [137.556385, 35.295537], [137.559307, 35.302884], [137.556607, 35.309399], [137.56507, 35.310826], [137.564397, 35.313373], [137.568672, 35.313325], [137.567073, 35.314884], [137.571466, 35.318349], [137.583368, 35.318996], [137.590595, 35.330596], [137.603358, 35.332217], [137.59983, 35.352069], [137.602556, 35.358261], [137.597838, 35.366272], [137.598543, 35.379028], [137.586415, 35.389557], [137.577363, 35.390436], [137.575333, 35.399538], [137.574611, 35.39982], [137.564667, 35.403701], [137.564394, 35.403807], [137.5584, 35.396308], [137.558424, 35.389963], [137.544075, 35.383941], [137.539594, 35.377929], [137.52942, 35.373308], [137.524504, 35.37585], [137.509701, 35.373689], [137.502573, 35.368708], [137.493987, 35.362706], [137.490822, 35.360494], [137.489299, 35.35943], [137.484557, 35.363139], [137.467311, 35.370421], [137.459313, 35.38315], [137.448644, 35.390076], [137.447407, 35.396603], [137.443166, 35.397443], [137.438088, 35.411205], [137.432848, 35.414746], [137.436034, 35.416188], [137.430349, 35.421776], [137.436477, 35.419827], [137.461811, 35.426506], [137.484326, 35.427111], [137.494074, 35.430627], [137.502883, 35.439082], [137.48269, 35.442197], [137.479399, 35.439667], [137.462331, 35.439588], [137.458672, 35.445118], [137.441887, 35.454457], [137.441746, 35.459077], [137.431726, 35.473175], [137.41862, 35.47994], [137.411324, 35.47823], [137.406999, 35.483939], [137.392864, 35.481334], [137.393511, 35.487603], [137.389462, 35.490588], [137.389926, 35.491254], [137.389481, 35.491708], [137.394665, 35.500237], [137.392486, 35.506427], [137.391871, 35.507543], [137.390072, 35.507536], [137.368609, 35.504193], [137.351391, 35.509313], [137.350061, 35.51168], [137.348403, 35.514627], [137.347851, 35.515608], [137.350987, 35.532396], [137.348926, 35.537314], [137.342518, 35.538854], [137.342138, 35.539962], [137.341495, 35.541841], [137.34042, 35.544979], [137.341523, 35.54704]]]}, "properties": {"N03_001": "岐阜県", "N03_002": null, "N03_003": null, "N03_004": "恵那市", "N03_005": null, "N03_007": "21210"}}, {"type": "Feature", "geometry": {"type": "Polygon", "coordinates": [[[136.992428, 35.508188], [136.992421, 35.507952], [136.996429, 35.507915], [136.997552, 35.507905], [136.995831, 35.506084], [136.9989, 35.506737], [136.999919, 35.503264], [136.997172, 35.502353], [137.002911, 35.499696], [136.997182, 35.49446], [136.997432, 35.494344], [137.001338, 35.492528], [137.008859, 35.495861], [137.013208, 35.492066], [137.010073, 35.493909], [137.009788, 35.490619], [137.008303, 35.493562], [137.008124, 35.493916], [137.008013, 35.492469], [137.011343, 35.487213], [136.996988, 35.479879], [136.98436, 35.479449], [136.98394, 35.47132], [136.975373, 35.47143], [136.97075, 35.472715], [136.96887, 35.479941], [136.964939, 35.480921], [136.964884, 35.480934], [136.962928, 35.468466], [136.963014, 35.468419], [136.962715, 35.467109], [136.959558, 35.446989], [136.970026, 35.445174], [136.969888, 35.451378], [136.98407, 35.448114], [136.98712, 35.452342], [136.992087, 35.452694], [136.992923, 35.442219], [137.001918, 35.440757], [137.002334, 35.431415], [137.006501, 35.429897], [137.009661, 35.433642], [137.010507, 35.435501], [137.01127, 35.435548], [137.0333, 35.436903], [137.053949, 35.444977], [137.054659, 35.445254], [137.071934, 35.439514], [137.080325, 35.442587], [137.080775, 35.442752], [137.082183, 35.446326], [137.083399, 35.449415], [137.082682, 35.449453], [137.081932, 35.448159], [137.076083, 35.449806], [137.07577, 35.459015], [137.075767, 35.459098], [137.084077, 35.461155], [137.086296, 35.468062], [137.086658, 35.469186], [137.087065, 35.469476], [137.085319, 35.470144], [137.082993, 35.475095], [137.082884, 35.475067], [137.082884, 35.475156], [137.074978, 35.473791], [137.07466, 35.473871], [137.072383, 35.474449], [137.070773, 35.478017], [137.070204, 35.479278], [137.067587, 35.478594], [137.066976, 35.478435], [137.065805, 35.478129], [137.053085, 35.466017], [137.052934, 35.461002], [137.052462, 35.461038], [137.051115, 35.46205], [137.051231, 35.476185], [137.051336, 35.489054], [137.03862, 35.495462], [137.037629, 35.49858], [137.038085, 35.499749], [137.040922, 35.50448], [137.053077, 35.508678], [137.052767, 35.516727], [137.056467, 35.517757], [137.064286, 35.527911], [137.06954, 35.528692], [137.072024, 35.530326], [137.070576, 35.530034], [137.069844, 35.529887], [137.068994, 35.529715], [137.068897, 35.529696], [137.070155, 35.532826], [137.070217, 35.532981], [137.067262, 35.531652], [137.065265, 35.538453], [137.068485, 35.542916], [137.068699, 35.543212], [137.067959, 35.546177], [137.067625, 35.547514], [137.067577, 35.547708], [137.059598, 35.550972], [137.059388, 35.550224], [137.058131, 35.545751], [137.057174, 35.545732], [137.057156, 35.545461], [137.056432, 35.545718], [137.052132, 35.545632], [137.036261, 35.553389], [137.028842, 35.539582], [137.013569, 35.534671], [137.007741, 35.528965], [137.000462, 35.517363], [136.992685, 35.517226], [136.99267, 35.516703], [136.994445, 35.510541], [136.992428, 35.508188]], [[137.079276, 35.448707], [137.079447, 35.44872], [137.081632, 35.4462], [137.078577, 35.444718], [137.076909, 35.447977], [137.076636, 35.44851], [137.078644, 35.44866], [137.079276, 35.448707]]]}, "properties": {"N03_001": "岐阜県", "N03_002": null, "N03_003": null, "N03_004": "美濃加茂市", "N03_005": null, "N03_007": "21211"}}, {"type": "Feature", "geometry": {"type": "Polygon", "coordinates": [[[137.186456, 35.277418], [137.172895, 35.264903], [137.185224, 35.25369], [137.199958, 35.251464], [137.203536, 35.255021], [137.207737, 35.253479], [137.212256, 35.259947], [137.221013, 35.260372], [137.221558, 35.255936], [137.223997, 35.256201], [137.235389, 35.264658], [137.242218, 35.264464], [137.243656, 35.268652], [137.249677, 35.268443], [137.260814, 35.275174], [137.262664, 35.285202], [137.271428, 35.285979], [137.276984, 35.291645], [137.282914, 35.317375], [137.28065, 35.319459], [137.275471, 35.316715], [137.272961, 35.32307], [137.263598, 35.324019], [137.257102, 35.331268], [137.249746, 35.327143], [137.244731, 35.331212], [137.24246, 35.336237], [137.244588, 35.339053], [137.236991, 35.345282], [137.233889, 35.344561], [137.219507, 35.357923], [137.219244, 35.365189], [137.225179, 35.37011], [137.217311, 35.393494], [137.195955, 35.400686], [137.194166, 35.403819], [137.191315, 35.403182], [137.1903, 35.396671], [137.1795, 35.391854], [137.174666, 35.394378], [137.170015, 35.392425], [137.160362, 35.398396], [137.154595, 35.392936], [137.150857, 35.380141], [137.145234, 35.377038], [137.147255, 35.369207], [137.151809, 35.368943], [137.158939, 35.355991], [137.155824, 35.35162], [137.145352, 35.349477], [137.160319, 35.330515], [137.160133, 35.327386], [137.153422, 35.3242], [137.153691, 35.32052], [137.165238, 35.31822], [137.168741, 35.315036], [137.173565, 35.308656], [137.181707, 35.290183], [137.175363, 35.284672], [137.186456, 35.277418]]]}, "properties": {"N03_001": "岐阜県", "N03_002": null, "N03_003": null, "N03_004": "土岐市", "N03_005": null, "N03_007": "21212"}}, {"type": "Feature", "geometry": {"type": "MultiPolygon", "coordinates": [[[[136.813223, 35.388627], [136.813059, 35.388557], [136.815336, 35.387335], [136.81974, 35.384972], [136.817053, 35.381466], [136.818866, 35.381013], [136.821038, 35.375669], [136.806322, 35.373768], [136.798958, 35.369332], [136.799978, 35.364175], [136.794064, 35.366068], [136.792887, 35.363458], [136.834039, 35.355945], [136.860449, 35.367868], [136.864932, 35.372605], [136.888543, 35.377913], [136.922074, 35.379178], [136.93599, 35.388752], [136.959266, 35.397793], [136.963018, 35.408031], [136.961117, 35.414582], [136.950783, 35.415862], [136.952146, 35.426962], [136.949656, 35.429595], [136.941823, 35.427395], [136.941748, 35.427374], [136.941393, 35.427528], [136.908799, 35.441577], [136.904787, 35.446249], [136.898986, 35.443565], [136.888952, 35.44673], [136.881787, 35.44466], [136.881566, 35.444651], [136.869121, 35.44416], [136.869058, 35.444133], [136.871881, 35.436621], [136.860213, 35.434306], [136.858942, 35.425297], [136.858805, 35.42529], [136.845135, 35.424544], [136.842119, 35.431176], [136.815599, 35.427371], [136.814745, 35.421732], [136.817814, 35.418926], [136.813624, 35.400584], [136.816893, 35.396135], [136.813239, 35.393809], [136.815294, 35.38951], [136.815542, 35.388991], [136.813223, 35.388627]]], [[[136.793842, 35.369218], [136.793208, 35.36934], [136.79202, 35.369568], [136.792188, 35.368771], [136.793842, 35.369218]]]]}, "properties": {"N03_001": "岐阜県", "N03_002": null, "N03_003": null, "N03_004": "各務原市", "N03_005": null, "N03_007": "21213"}}, {"type": "Feature", "geometry": {"type": "MultiPolygon", "coordinates": [[[[137.109711, 35.415872], [137.105461, 35.418382], [137.1068, 35.431002], [137.099223, 35.432781], [137.099115, 35.437686], [137.079132, 35.430511], [137.077622, 35.433193], [137.07351, 35.432388], [137.07057, 35.429443], [137.069017, 35.435281], [137.070269, 35.437098], [137.070796, 35.437863], [137.071934, 35.439514], [137.054659, 35.445254], [137.053949, 35.444977], [137.0333, 35.436903], [137.01127, 35.435548], [137.010507, 35.435501], [137.009661, 35.433642], [137.006501, 35.429897], [137.005041, 35.425106], [136.993216, 35.424196], [136.992525, 35.423769], [136.986425, 35.419999], [136.987099, 35.415373], [136.978199, 35.403329], [136.988963, 35.401164], [136.990113, 35.394857], [136.998446, 35.39133], [137.002237, 35.381374], [137.014906, 35.38158], [137.020014, 35.375721], [137.028338, 35.376065], [137.033982, 35.368046], [137.044836, 35.367482], [137.047622, 35.364693], [137.04794, 35.36488], [137.047776, 35.365364], [137.054724, 35.368872], [137.052917, 35.37674], [137.056208, 35.385112], [137.062391, 35.392128], [137.068237, 35.393898], [137.062009, 35.394451], [137.06018, 35.403108], [137.066393, 35.399874], [137.07676, 35.384894], [137.077008, 35.377373], [137.085126, 35.371062], [137.10175, 35.371409], [137.104546, 35.374048], [137.112993, 35.369033], [137.120743, 35.375356], [137.117228, 35.379326], [137.123858, 35.38439], [137.123939, 35.384452], [137.14438, 35.377949], [137.144608, 35.377253], [137.145234, 35.377038], [137.150857, 35.380141], [137.154595, 35.392936], [137.160384, 35.398549], [137.1503, 35.404969], [137.146671, 35.407278], [137.141005, 35.406805], [137.132576, 35.414435], [137.132433, 35.414564], [137.1244, 35.414059], [137.122686, 35.41411], [137.119862, 35.42003], [137.109711, 35.415872]]], [[[137.103683, 35.465144], [137.093051, 35.458708], [137.083399, 35.449415], [137.089915, 35.445872], [137.091767, 35.452195], [137.092799, 35.4525], [137.10069, 35.44723], [137.101123, 35.452359], [137.102302, 35.450269], [137.106795, 35.457578], [137.112655, 35.458339], [137.110859, 35.463239], [137.103683, 35.465144]]]]}, "properties": {"N03_001": "岐阜県", "N03_002": null, "N03_003": null, "N03_004": "可児市", "N03_005": null, "N03_007": "21214"}}, {"type": "Feature", "geometry": {"type": "Polygon", "coordinates": [[[136.815022, 35.531491], [136.809735, 35.535888], [136.809254, 35.54641], [136.809192, 35.547777], [136.812615, 35.547367], [136.81312, 35.554709], [136.820511, 35.560777], [136.817988, 35.567111], [136.813692, 35.565972], [136.805033, 35.573261], [136.803394, 35.569057], [136.794843, 35.571027], [136.793783, 35.571271], [136.792216, 35.582725], [136.796416, 35.591614], [136.785962, 35.596988], [136.785887, 35.597027], [136.796925, 35.599161], [136.806568, 35.609424], [136.803575, 35.616312], [136.807062, 35.623475], [136.803464, 35.633737], [136.80622, 35.637843], [136.805599, 35.653411], [136.799377, 35.660735], [136.783928, 35.663139], [136.782021, 35.667041], [136.772578, 35.667263], [136.768468, 35.683166], [136.762846, 35.684367], [136.753822, 35.680069], [136.745117, 35.68486], [136.739506, 35.683825], [136.73375, 35.693492], [136.726922, 35.691315], [136.72444, 35.694276], [136.718957, 35.693957], [136.72865, 35.706395], [136.73035, 35.711863], [136.727775, 35.715638], [136.719128, 35.714245], [136.713584, 35.718506], [136.70924, 35.716606], [136.709142, 35.716563], [136.708711, 35.716713], [136.700268, 35.718423], [136.698136, 35.717751], [136.695754, 35.717001], [136.694865, 35.717465], [136.696589, 35.71457], [136.696884, 35.714074], [136.693712, 35.707545], [136.694685, 35.692914], [136.694919, 35.690232], [136.694869, 35.690163], [136.689772, 35.683235], [136.693721, 35.669989], [136.688652, 35.660674], [136.674654, 35.654956], [136.676771, 35.637941], [136.665083, 35.626395], [136.669124, 35.612535], [136.66339, 35.602224], [136.668179, 35.597174], [136.668775, 35.589931], [136.683165, 35.576729], [136.681174, 35.570643], [136.686122, 35.555847], [136.695817, 35.547396], [136.696775, 35.543], [136.700843, 35.54242], [136.700984, 35.5424], [136.711035, 35.52747], [136.711326, 35.527038], [136.71624, 35.526221], [136.717609, 35.520636], [136.717627, 35.520564], [136.72974, 35.51732], [136.736822, 35.507935], [136.743476, 35.511009], [136.749281, 35.509898], [136.755253, 35.503984], [136.759851, 35.50646], [136.763646, 35.4995], [136.769938, 35.498043], [136.773652, 35.490759], [136.789351, 35.491843], [136.792924, 35.48434], [136.799585, 35.484983], [136.799734, 35.492194], [136.803879, 35.493125], [136.805639, 35.499548], [136.805167, 35.500064], [136.80086, 35.504778], [136.814718, 35.510126], [136.809416, 35.524781], [136.815491, 35.531101], [136.815022, 35.531491]]]}, "properties": {"N03_001": "岐阜県", "N03_002": null, "N03_003": null, "N03_004": "山県市", "N03_005": null, "N03_007": "21215"}}, {"type": "Feature", "geometry": {"type": "Polygon", "coordinates": [[[136.693253, 35.40951], [136.693213, 35.411604], [136.682034, 35.414293], [136.681285, 35.41944], [136.680933, 35.419387], [136.67116, 35.41789], [136.670876, 35.421053], [136.653944, 35.420914], [136.651484, 35.424115], [136.645283, 35.422708], [136.64061, 35.428723], [136.63299, 35.428788], [136.63976, 35.408333], [136.642372, 35.39491], [136.638669, 35.390513], [136.638039, 35.389765], [136.639886, 35.388702], [136.640622, 35.387609], [136.641984, 35.387496], [136.644404, 35.387294], [136.649738, 35.383034], [136.652714, 35.381322], [136.656454, 35.382847], [136.658275, 35.376053], [136.661555, 35.377205], [136.663153, 35.371282], [136.672149, 35.367243], [136.672726, 35.367238], [136.677903, 35.367198], [136.678131, 35.37077], [136.681275, 35.371228], [136.68433, 35.36717], [136.690585, 35.366791], [136.691528, 35.367852], [136.691667, 35.368543], [136.705921, 35.385492], [136.697923, 35.407518], [136.693288, 35.407664], [136.693253, 35.40951]]]}, "properties": {"N03_001": "岐阜県", "N03_002": null, "N03_003": null, "N03_004": "瑞穂市", "N03_005": null, "N03_007": "21216"}}, {"type": "Feature", "geometry": {"type": "Polygon", "coordinates": [[[137.520937, 36.38114], [137.539887, 36.39332], [137.5312, 36.402447], [137.520264, 36.406067], [137.515046, 36.411346], [137.510414, 36.424321], [137.474108, 36.425409], [137.468723, 36.417205], [137.460712, 36.412226], [137.449369, 36.416819], [137.445309, 36.412964], [137.43601, 36.420393], [137.404707, 36.426691], [137.395222, 36.436397], [137.396206, 36.450465], [137.389936, 36.459922], [137.378017, 36.45272], [137.370345, 36.453598], [137.361498, 36.450051], [137.357728, 36.443212], [137.35859, 36.436844], [137.351207, 36.432903], [137.338397, 36.433854], [137.318621, 36.424441], [137.312896, 36.425341], [137.305007, 36.435835], [137.313826, 36.441595], [137.313375, 36.449088], [137.317788, 36.451182], [137.317012, 36.460803], [137.308518, 36.463775], [137.298513, 36.45823], [137.278484, 36.464996], [137.263942, 36.458411], [137.256379, 36.451141], [137.247612, 36.461964], [137.232064, 36.444502], [137.222449, 36.443717], [137.21898, 36.439003], [137.21387, 36.438793], [137.213981, 36.43075], [137.208944, 36.431691], [137.20563, 36.427604], [137.204871, 36.436774], [137.198354, 36.445928], [137.193126, 36.448012], [137.194329, 36.45307], [137.191675, 36.455213], [137.182265, 36.452464], [137.177999, 36.4542], [137.174939, 36.450062], [137.171245, 36.454727], [137.159697, 36.456444], [137.152833, 36.447655], [137.144192, 36.445521], [137.14339, 36.43847], [137.132268, 36.434563], [137.122, 36.41715], [137.117299, 36.418554], [137.11151, 36.415383], [137.109254, 36.407447], [137.101926, 36.399193], [137.091944, 36.39654], [137.094883, 36.383967], [137.078726, 36.384311], [137.059362, 36.373418], [137.058388, 36.368235], [137.062166, 36.366141], [137.048904, 36.345495], [137.058736, 36.3425], [137.052533, 36.33854], [137.051515, 36.328133], [137.037571, 36.317439], [137.019741, 36.318281], [137.018202, 36.311452], [137.021251, 36.309176], [137.010809, 36.298029], [137.012596, 36.2931], [137.002681, 36.286926], [136.986216, 36.286275], [136.986525, 36.282465], [136.975666, 36.275311], [136.975237, 36.273785], [136.97346, 36.267466], [136.966353, 36.265802], [136.964346, 36.26281], [136.964069, 36.262399], [136.962735, 36.26041], [136.963464, 36.25668], [136.954084, 36.244109], [136.955584, 36.239463], [136.951326, 36.237118], [136.957982, 36.230477], [136.951091, 36.21694], [136.952112, 36.211031], [136.953402, 36.203572], [136.964383, 36.194919], [136.97661, 36.194587], [136.982792, 36.190565], [136.994903, 36.193709], [136.999105, 36.1948], [137.00281, 36.193061], [137.010829, 36.189298], [137.021618, 36.189503], [137.028782, 36.195146], [137.030641, 36.19661], [137.031233, 36.197077], [137.033636, 36.196794], [137.047563, 36.195157], [137.051104, 36.191287], [137.060233, 36.199293], [137.069698, 36.197865], [137.086215, 36.216594], [137.100865, 36.219655], [137.106366, 36.216836], [137.105627, 36.2042], [137.11338, 36.194325], [137.113266, 36.189758], [137.120849, 36.183476], [137.121929, 36.183363], [137.137478, 36.191746], [137.141458, 36.201603], [137.155403, 36.201123], [137.158617, 36.204528], [137.156535, 36.21033], [137.159653, 36.214407], [137.17715, 36.211828], [137.188202, 36.22218], [137.205735, 36.213626], [137.201945, 36.219502], [137.204959, 36.223], [137.195875, 36.23131], [137.207014, 36.241018], [137.212788, 36.241676], [137.215798, 36.245566], [137.213721, 36.251155], [137.213633, 36.251392], [137.219961, 36.256536], [137.239417, 36.255019], [137.246985, 36.262809], [137.263973, 36.26882], [137.276042, 36.286241], [137.30271, 36.286007], [137.316444, 36.289083], [137.329151, 36.286652], [137.336593, 36.299838], [137.36399, 36.296539], [137.365368, 36.302943], [137.371414, 36.306891], [137.365701, 36.312644], [137.369944, 36.318974], [137.360348, 36.328764], [137.363437, 36.33358], [137.358522, 36.344773], [137.362466, 36.350295], [137.36262, 36.350284], [137.363433, 36.35023], [137.369517, 36.349821], [137.379682, 36.343922], [137.403729, 36.343564], [137.418355, 36.351142], [137.413694, 36.359804], [137.413516, 36.360135], [137.414127, 36.360332], [137.42228, 36.370284], [137.432034, 36.373422], [137.442978, 36.370829], [137.443661, 36.367136], [137.450865, 36.371628], [137.472874, 36.375907], [137.484109, 36.371097], [137.490905, 36.374154], [137.497774, 36.382676], [137.520937, 36.38114]]]}, "properties": {"N03_001": "岐阜県", "N03_002": null, "N03_003": null, "N03_004": "飛騨市", "N03_005": null, "N03_007": "21217"}}, {"type": "Feature", "geometry": {"type": "Polygon", "coordinates": [[[136.692075, 35.449115], [136.698382, 35.447276], [136.698433, 35.447261], [136.698084, 35.462908], [136.692564, 35.463116], [136.683079, 35.475461], [136.685858, 35.482904], [136.698265, 35.483039], [136.698801, 35.491537], [136.69137, 35.492487], [136.694632, 35.494508], [136.691793, 35.499848], [136.698204, 35.503182], [136.696729, 35.509131], [136.695059, 35.509913], [136.682865, 35.515626], [136.682949, 35.515762], [136.689884, 35.52698], [136.679205, 35.536299], [136.692374, 35.538167], [136.693476, 35.538323], [136.693601, 35.538341], [136.693661, 35.538585], [136.696775, 35.543], [136.695817, 35.547396], [136.686122, 35.555847], [136.681174, 35.570643], [136.683165, 35.576729], [136.668775, 35.589931], [136.668179, 35.597174], [136.66339, 35.602224], [136.669124, 35.612535], [136.665083, 35.626395], [136.676771, 35.637941], [136.674654, 35.654956], [136.688652, 35.660674], [136.693721, 35.669989], [136.689772, 35.683235], [136.694869, 35.690163], [136.694919, 35.690232], [136.694685, 35.692914], [136.693712, 35.707545], [136.696884, 35.714074], [136.696589, 35.71457], [136.694865, 35.717465], [136.685577, 35.722318], [136.683705, 35.72544], [136.686217, 35.730438], [136.680863, 35.734858], [136.68187, 35.743679], [136.683846, 35.745551], [136.691189, 35.752511], [136.691787, 35.753078], [136.685509, 35.760011], [136.682917, 35.771756], [136.669622, 35.775738], [136.666135, 35.785136], [136.657665, 35.783483], [136.654326, 35.785883], [136.65287, 35.79798], [136.645195, 35.806832], [136.637854, 35.797305], [136.626628, 35.796838], [136.627647, 35.790842], [136.622057, 35.7868], [136.611451, 35.788796], [136.59915, 35.79853], [136.589652, 35.795547], [136.585232, 35.789631], [136.585987, 35.784335], [136.570745, 35.777424], [136.555818, 35.780978], [136.544948, 35.778775], [136.522815, 35.788166], [136.513307, 35.77533], [136.513121, 35.763783], [136.52199, 35.753151], [136.529605, 35.751149], [136.529622, 35.751091], [136.535392, 35.731598], [136.528675, 35.71533], [136.530933, 35.702887], [136.537667, 35.694493], [136.535685, 35.689574], [136.522229, 35.685322], [136.515502, 35.673023], [136.520948, 35.663789], [136.537261, 35.651526], [136.536071, 35.644654], [136.559701, 35.628399], [136.558035, 35.620976], [136.563049, 35.611634], [136.559889, 35.601249], [136.563706, 35.596724], [136.563087, 35.587509], [136.569016, 35.585673], [136.571084, 35.580858], [136.581128, 35.582211], [136.585479, 35.577513], [136.607016, 35.578502], [136.61491, 35.576983], [136.618063, 35.57255], [136.628629, 35.57105], [136.638196, 35.573889], [136.639828, 35.574373], [136.635694, 35.566655], [136.635392, 35.565781], [136.636954, 35.56383], [136.646078, 35.552438], [136.646544, 35.551857], [136.643815, 35.551509], [136.633286, 35.54719], [136.648856, 35.531986], [136.649461, 35.531622], [136.649412, 35.531444], [136.648156, 35.526876], [136.639658, 35.522881], [136.642448, 35.517978], [136.650648, 35.515629], [136.6538, 35.509625], [136.655342, 35.509558], [136.658855, 35.509406], [136.659433, 35.508633], [136.656784, 35.500343], [136.659985, 35.491573], [136.652542, 35.474682], [136.642369, 35.451595], [136.634331, 35.447748], [136.63299, 35.428788], [136.64061, 35.428723], [136.645283, 35.422708], [136.651484, 35.424115], [136.653944, 35.420914], [136.670876, 35.421053], [136.67116, 35.41789], [136.680933, 35.419387], [136.680997, 35.419541], [136.681578, 35.419638], [136.683302, 35.425141], [136.677008, 35.440902], [136.691588, 35.442334], [136.692075, 35.449115]]]}, "properties": {"N03_001": "岐阜県", "N03_002": null, "N03_003": null, "N03_004": "本巣市", "N03_005": null, "N03_007": "21218"}}, {"type": "Feature", "geometry": {"type": "Polygon", "coordinates": [[[136.768119, 36.057708], [136.764257, 36.067682], [136.759019, 36.067078], [136.740054, 36.056928], [136.740295, 36.053966], [136.732793, 36.048882], [136.735477, 36.047805], [136.735726, 36.032315], [136.726745, 35.995938], [136.750813, 35.990412], [136.753607, 35.968374], [136.748846, 35.963602], [136.750272, 35.958898], [136.769991, 35.950532], [136.780503, 35.950552], [136.793244, 35.945982], [136.793386, 35.940923], [136.783863, 35.927776], [136.784783, 35.924018], [136.798984, 35.920643], [136.805965, 35.912774], [136.811956, 35.91245], [136.81578, 35.902729], [136.822308, 35.896285], [136.822879, 35.886405], [136.818998, 35.881656], [136.830078, 35.865842], [136.83113, 35.851934], [136.820916, 35.843934], [136.802188, 35.843961], [136.79709, 35.828095], [136.798529, 35.817742], [136.789253, 35.799395], [136.792173, 35.797816], [136.794377, 35.785699], [136.794539, 35.784811], [136.800633, 35.78189], [136.800988, 35.78172], [136.801059, 35.781686], [136.810088, 35.785023], [136.812388, 35.779886], [136.827216, 35.775731], [136.839946, 35.77671], [136.840071, 35.776516], [136.843217, 35.767627], [136.835652, 35.765517], [136.833404, 35.754454], [136.837604, 35.750386], [136.843737, 35.751369], [136.854746, 35.746172], [136.853253, 35.724113], [136.848522, 35.711843], [136.840188, 35.706816], [136.839916, 35.699257], [136.855056, 35.684218], [136.860598, 35.669834], [136.871098, 35.665261], [136.872984, 35.658723], [136.879653, 35.65228], [136.87798, 35.651412], [136.885923, 35.651203], [136.897534, 35.645632], [136.898233, 35.64516], [136.903539, 35.627588], [136.912185, 35.62285], [136.923555, 35.602344], [136.939937, 35.598781], [136.941835, 35.598368], [136.942122, 35.598811], [136.952616, 35.615014], [136.972991, 35.617666], [136.978673, 35.61539], [136.986612, 35.61899], [136.986367, 35.626764], [136.982436, 35.633704], [136.980558, 35.640322], [136.990795, 35.645696], [136.992398, 35.651328], [137.018067, 35.651728], [137.020066, 35.645461], [137.029668, 35.641945], [137.040174, 35.650582], [137.04779, 35.650438], [137.051104, 35.661016], [137.054774, 35.663632], [137.048058, 35.673901], [137.051517, 35.687696], [137.050798, 35.692565], [137.051014, 35.694037], [137.049885, 35.698744], [137.058134, 35.702173], [137.067632, 35.701548], [137.066569, 35.713129], [137.071479, 35.716365], [137.069044, 35.719915], [137.069563, 35.720689], [137.073697, 35.725531], [137.076224, 35.7227], [137.081319, 35.725711], [137.096968, 35.726418], [137.098202, 35.730135], [137.107608, 35.73043], [137.111597, 35.735057], [137.124065, 35.735957], [137.123157, 35.740842], [137.132041, 35.741183], [137.131588, 35.76915], [137.127524, 35.776685], [137.132765, 35.786692], [137.128773, 35.789988], [137.130437, 35.803949], [137.126579, 35.81564], [137.128719, 35.819557], [137.122443, 35.834932], [137.135251, 35.849943], [137.144285, 35.850599], [137.155421, 35.845213], [137.16473, 35.846917], [137.167327, 35.851652], [137.165516, 35.860021], [137.165465, 35.86007], [137.146997, 35.877661], [137.146948, 35.88254], [137.135892, 35.885377], [137.131547, 35.897622], [137.122003, 35.910596], [137.117554, 35.910348], [137.11605, 35.914665], [137.108041, 35.914828], [137.107332, 35.915697], [137.102826, 35.922869], [137.102449, 35.925635], [137.105193, 35.92725], [137.093652, 35.928145], [137.090765, 35.916725], [137.090501, 35.91568], [137.092923, 35.910767], [137.093638, 35.909317], [137.092647, 35.904324], [137.092202, 35.902079], [137.091885, 35.900482], [137.091265, 35.900228], [137.084613, 35.897512], [137.083949, 35.907695], [137.069594, 35.917335], [137.06522, 35.932988], [137.0689, 35.939484], [137.062759, 35.942847], [137.061297, 35.945362], [137.054632, 35.956821], [137.049424, 35.96026], [137.039332, 35.9537], [137.024017, 35.960647], [137.019239, 35.959374], [137.01667, 35.952597], [137.008209, 35.951023], [136.9977, 35.939164], [136.998216, 35.928795], [136.991707, 35.928014], [136.983871, 35.917716], [136.977675, 35.919196], [136.971994, 35.924513], [136.97248, 35.938158], [136.96847, 35.948492], [136.971532, 35.956823], [136.966075, 35.960964], [136.95938, 35.978525], [136.944674, 35.983455], [136.941733, 35.990505], [136.937249, 35.988996], [136.93545, 35.99572], [136.932351, 35.995888], [136.930712, 36.005817], [136.929104, 36.006553], [136.915286, 36.012564], [136.906668, 36.013046], [136.908064, 36.016385], [136.903696, 36.018403], [136.902963, 36.0236], [136.89521, 36.027392], [136.88232, 36.021119], [136.88191, 36.018188], [136.845396, 36.008448], [136.837801, 36.001436], [136.829613, 36.011458], [136.81545, 36.011678], [136.81531, 36.011954], [136.806899, 36.028462], [136.797191, 36.031625], [136.797048, 36.031672], [136.801851, 36.042989], [136.796173, 36.050719], [136.780974, 36.05455], [136.777288, 36.052645], [136.777209, 36.052688], [136.768119, 36.057708]]]}, "properties": {"N03_001": "岐阜県", "N03_002": null, "N03_003": null, "N03_004": "郡上市", "N03_005": null, "N03_007": "21219"}}, {"type": "Feature", "geometry": {"type": "Polygon", "coordinates": [[[137.130149, 35.62299], [137.131548, 35.619999], [137.13348, 35.623668], [137.140053, 35.624797], [137.1404, 35.625694], [137.142243, 35.626233], [137.142815, 35.631927], [137.169327, 35.636777], [137.178831, 35.64531], [137.179525, 35.650425], [137.188241, 35.647951], [137.190314, 35.653729], [137.197336, 35.655513], [137.197566, 35.655571], [137.197123, 35.656139], [137.195091, 35.662098], [137.195633, 35.662581], [137.193215, 35.667888], [137.205015, 35.677478], [137.218712, 35.681741], [137.243185, 35.674674], [137.248187, 35.679486], [137.249529, 35.689507], [137.267665, 35.698277], [137.27385, 35.691591], [137.284679, 35.691205], [137.300199, 35.695096], [137.305052, 35.703379], [137.33102, 35.710969], [137.330358, 35.73664], [137.324792, 35.747838], [137.330049, 35.751011], [137.333955, 35.764428], [137.355566, 35.790314], [137.359603, 35.79515], [137.360286, 35.795968], [137.352543, 35.801533], [137.336723, 35.798601], [137.332321, 35.809335], [137.324552, 35.812021], [137.332144, 35.84068], [137.336046, 35.844218], [137.354268, 35.842221], [137.361127, 35.846208], [137.367585, 35.860667], [137.368186, 35.874205], [137.36437, 35.878873], [137.380816, 35.892422], [137.419402, 35.904472], [137.434899, 35.905489], [137.44767, 35.89342], [137.461601, 35.889315], [137.479258, 35.896423], [137.481142, 35.90596], [137.484456, 35.908631], [137.483431, 35.913788], [137.455857, 35.931183], [137.444142, 35.942611], [137.444854, 35.950128], [137.440878, 35.959074], [137.428514, 35.962455], [137.422257, 35.971214], [137.401518, 35.966922], [137.400002, 35.961629], [137.385179, 35.951145], [137.367691, 35.945291], [137.364536, 35.951119], [137.37001, 35.958099], [137.367618, 35.962377], [137.37021, 35.968804], [137.355754, 35.975999], [137.349175, 35.988544], [137.342374, 35.98979], [137.344734, 36.002032], [137.330512, 35.999427], [137.327911, 35.994576], [137.313319, 35.993664], [137.291309, 35.985533], [137.283622, 35.989528], [137.279, 35.985705], [137.268757, 35.98999], [137.26131, 35.987191], [137.259142, 35.99288], [137.24609, 35.997664], [137.234633, 36.013271], [137.233568, 36.021554], [137.20119, 36.028838], [137.196332, 36.037605], [137.191958, 36.035375], [137.184684, 36.037012], [137.173255, 36.02993], [137.158821, 36.020777], [137.14808, 36.004109], [137.129539, 35.995208], [137.121369, 35.986206], [137.120865, 35.985613], [137.116748, 35.972587], [137.116669, 35.97249], [137.114836, 35.970233], [137.105372, 35.958576], [137.108045, 35.956886], [137.120035, 35.950394], [137.120295, 35.94914], [137.120683, 35.947265], [137.120917, 35.946132], [137.118005, 35.942221], [137.108153, 35.928992], [137.106764, 35.927128], [137.105193, 35.92725], [137.102449, 35.925635], [137.102826, 35.922869], [137.107332, 35.915697], [137.108041, 35.914828], [137.11605, 35.914665], [137.117554, 35.910348], [137.122003, 35.910596], [137.131547, 35.897622], [137.135892, 35.885377], [137.146948, 35.88254], [137.146997, 35.877661], [137.165465, 35.86007], [137.165516, 35.860021], [137.167327, 35.851652], [137.16473, 35.846917], [137.155421, 35.845213], [137.144285, 35.850599], [137.135251, 35.849943], [137.122443, 35.834932], [137.128719, 35.819557], [137.126579, 35.81564], [137.130437, 35.803949], [137.128773, 35.789988], [137.132765, 35.786692], [137.127524, 35.776685], [137.131588, 35.76915], [137.132041, 35.741183], [137.123157, 35.740842], [137.124065, 35.735957], [137.111597, 35.735057], [137.107608, 35.73043], [137.098202, 35.730135], [137.096968, 35.726418], [137.081319, 35.725711], [137.076224, 35.7227], [137.073697, 35.725531], [137.069563, 35.720689], [137.069044, 35.719915], [137.071479, 35.716365], [137.066569, 35.713129], [137.067632, 35.701548], [137.058134, 35.702173], [137.049885, 35.698744], [137.051014, 35.694037], [137.060644, 35.691045], [137.065496, 35.685106], [137.07901, 35.684403], [137.082436, 35.677233], [137.101327, 35.678831], [137.096217, 35.657627], [137.089281, 35.655764], [137.085905, 35.649679], [137.093355, 35.64268], [137.094245, 35.637781], [137.091849, 35.632877], [137.091167, 35.631482], [137.091144, 35.631435], [137.094642, 35.626935], [137.096103, 35.625054], [137.09619, 35.624943], [137.108789, 35.624925], [137.112369, 35.620827], [137.119583, 35.623825], [137.125149, 35.622214], [137.130149, 35.62299]]]}, "properties": {"N03_001": "岐阜県", "N03_002": null, "N03_003": null, "N03_004": "下呂市", "N03_005": null, "N03_007": "21220"}}, {"type": "Feature", "geometry": {"type": "Polygon", "coordinates": [[[136.576369, 35.254114], [136.570119, 35.260004], [136.569541, 35.261018], [136.569002, 35.261056], [136.564475, 35.261373], [136.556472, 35.261933], [136.555389, 35.261302], [136.552656, 35.25971], [136.537711, 35.251002], [136.536337, 35.250201], [136.541393, 35.245749], [136.540935, 35.237308], [136.550445, 35.233055], [136.547371, 35.220316], [136.556988, 35.220626], [136.55984, 35.206578], [136.576056, 35.202252], [136.577405, 35.196746], [136.585189, 35.19446], [136.583822, 35.190741], [136.587719, 35.184463], [136.592698, 35.186595], [136.59724, 35.177091], [136.602301, 35.178039], [136.606126, 35.172069], [136.60514, 35.167306], [136.61239, 35.159638], [136.615847, 35.149687], [136.623765, 35.14583], [136.634071, 35.149833], [136.645218, 35.144572], [136.646382, 35.165813], [136.65547, 35.161307], [136.66963, 35.133729], [136.672778, 35.134777], [136.672868, 35.165636], [136.672453, 35.189248], [136.683133, 35.19983], [136.680959, 35.223783], [136.677875, 35.241058], [136.66602, 35.249833], [136.657826, 35.255899], [136.657486, 35.256817], [136.661831, 35.261082], [136.675755, 35.274748], [136.676933, 35.275904], [136.676682, 35.276802], [136.674671, 35.28399], [136.672391, 35.29214], [136.671339, 35.291368], [136.667485, 35.288539], [136.652068, 35.287385], [136.655421, 35.276295], [136.651218, 35.270829], [136.650536, 35.270551], [136.627856, 35.264775], [136.626853, 35.26452], [136.626551, 35.264443], [136.627657, 35.255126], [136.626528, 35.253958], [136.624937, 35.252702], [136.616998, 35.246436], [136.617669, 35.240277], [136.614192, 35.235351], [136.61154, 35.233495], [136.608634, 35.236021], [136.60835, 35.227521], [136.602448, 35.229741], [136.601781, 35.24154], [136.593814, 35.234984], [136.591153, 35.24381], [136.589591, 35.244725], [136.588382, 35.244757], [136.588034, 35.244396], [136.587677, 35.244298], [136.586097, 35.244157], [136.582438, 35.245288], [136.583333, 35.246665], [136.592087, 35.244151], [136.594405, 35.250884], [136.591735, 35.257852], [136.587003, 35.25635], [136.588283, 35.252171], [136.58214, 35.248677], [136.577971, 35.253948], [136.576369, 35.254114]]]}, "properties": {"N03_001": "岐阜県", "N03_002": null, "N03_003": null, "N03_004": "海津市", "N03_005": null, "N03_007": "21221"}}, {"type": "Feature", "geometry": {"type": "MultiPolygon", "coordinates": [[[[136.761637, 35.37816], [136.774758, 35.373006], [136.777517, 35.373302], [136.778054, 35.381818], [136.796576, 35.375747], [136.801536, 35.37736], [136.80345, 35.382498], [136.8106, 35.383077], [136.817053, 35.381466], [136.81974, 35.384972], [136.815336, 35.387335], [136.813059, 35.388557], [136.813223, 35.388627], [136.803607, 35.387115], [136.801625, 35.391508], [136.786288, 35.399704], [136.781557, 35.398624], [136.772644, 35.39574], [136.766723, 35.387182], [136.765473, 35.384815], [136.766958, 35.380116], [136.761637, 35.37816]]], [[[136.777199, 35.369503], [136.774904, 35.372934], [136.774692, 35.36988], [136.777199, 35.369503]]]]}, "properties": {"N03_001": "岐阜県", "N03_002": null, "N03_003": "羽島郡", "N03_004": "岐南町", "N03_005": null, "N03_007": "21302"}}, {"type": "Feature", "geometry": {"type": "Polygon", "coordinates": [[[136.730023, 35.356361], [136.730863, 35.356858], [136.73501, 35.353288], [136.732645, 35.348772], [136.741051, 35.345002], [136.753946, 35.344894], [136.760455, 35.359356], [136.774641, 35.369604], [136.774904, 35.372934], [136.777199, 35.369503], [136.794456, 35.368335], [136.794064, 35.366068], [136.799978, 35.364175], [136.798958, 35.369332], [136.806322, 35.373768], [136.821038, 35.375669], [136.818866, 35.381013], [136.817053, 35.381466], [136.8106, 35.383077], [136.80345, 35.382498], [136.801536, 35.37736], [136.796576, 35.375747], [136.778054, 35.381818], [136.777517, 35.373302], [136.774758, 35.373006], [136.761637, 35.37816], [136.754582, 35.375567], [136.751812, 35.369718], [136.757701, 35.365192], [136.757585, 35.365177], [136.7447, 35.363552], [136.743039, 35.359128], [136.733328, 35.361222], [136.728986, 35.357], [136.730023, 35.356361]], [[136.793842, 35.369218], [136.792188, 35.368771], [136.79202, 35.369568], [136.793208, 35.36934], [136.793842, 35.369218]]]}, "properties": {"N03_001": "岐阜県", "N03_002": null, "N03_003": "羽島郡", "N03_004": "笠松町", "N03_005": null, "N03_007": "21303"}}, {"type": "Feature", "geometry": {"type": "Polygon", "coordinates": [[[136.527365, 35.257941], [136.534175, 35.257089], [136.537711, 35.251002], [136.552656, 35.25971], [136.555389, 35.261302], [136.556472, 35.261933], [136.564475, 35.261373], [136.569002, 35.261056], [136.569541, 35.261018], [136.570119, 35.260004], [136.576369, 35.254114], [136.577971, 35.253948], [136.58214, 35.248677], [136.588283, 35.252171], [136.587003, 35.25635], [136.591735, 35.257852], [136.594405, 35.250884], [136.592087, 35.244151], [136.583333, 35.246665], [136.582438, 35.245288], [136.586097, 35.244157], [136.587677, 35.244298], [136.588034, 35.244396], [136.588382, 35.244757], [136.589591, 35.244725], [136.591153, 35.24381], [136.593814, 35.234984], [136.601781, 35.24154], [136.602448, 35.229741], [136.60835, 35.227521], [136.608634, 35.236021], [136.61154, 35.233495], [136.614192, 35.235351], [136.617669, 35.240277], [136.616998, 35.246436], [136.624937, 35.252702], [136.613423, 35.25692], [136.607414, 35.264732], [136.608467, 35.269485], [136.605352, 35.273987], [136.610592, 35.287343], [136.605673, 35.290683], [136.610086, 35.293971], [136.595205, 35.302585], [136.595024, 35.303163], [136.593895, 35.306756], [136.596856, 35.307428], [136.596248, 35.309902], [136.594363, 35.317038], [136.585812, 35.321935], [136.589272, 35.327751], [136.582834, 35.329325], [136.582827, 35.329375], [136.582723, 35.330157], [136.582312, 35.333256], [136.58179, 35.340927], [136.580584, 35.33901], [136.562411, 35.343474], [136.560143, 35.343517], [136.553396, 35.343647], [136.554453, 35.33426], [136.535328, 35.33334], [136.535547, 35.332872], [136.536195, 35.33149], [136.533067, 35.325458], [136.517686, 35.332766], [136.515847, 35.332707], [136.512462, 35.328504], [136.507783, 35.319468], [136.508506, 35.317414], [136.516451, 35.309514], [136.515416, 35.30383], [136.522469, 35.301484], [136.522743, 35.296986], [136.518568, 35.296204], [136.518604, 35.293126], [136.52367, 35.289728], [136.520887, 35.285723], [136.524979, 35.282075], [136.521494, 35.278562], [136.525467, 35.26894], [136.522494, 35.26452], [136.527365, 35.257941]]]}, "properties": {"N03_001": "岐阜県", "N03_002": null, "N03_003": "養老郡", "N03_004": "養老町", "N03_005": null, "N03_007": "21341"}}, {"type": "Feature", "geometry": {"type": "Polygon", "coordinates": [[[136.502514, 35.357067], [136.501712, 35.356561], [136.502319, 35.355854], [136.509566, 35.347407], [136.510709, 35.346169], [136.512575, 35.346512], [136.522434, 35.348328], [136.522914, 35.348417], [136.52451, 35.347253], [136.527606, 35.344994], [136.528705, 35.344192], [136.528231, 35.339883], [136.529371, 35.338809], [136.533984, 35.336205], [136.535328, 35.33334], [136.554453, 35.33426], [136.553396, 35.343647], [136.560143, 35.343517], [136.561615, 35.34647], [136.561874, 35.347119], [136.558656, 35.347053], [136.55648, 35.352106], [136.558107, 35.35843], [136.562959, 35.358495], [136.560676, 35.370214], [136.542777, 35.377728], [136.547709, 35.380112], [136.548371, 35.387261], [136.541186, 35.39815], [136.549092, 35.39692], [136.547792, 35.392661], [136.555196, 35.397774], [136.546919, 35.398346], [136.549891, 35.398398], [136.545756, 35.401456], [136.54607, 35.402156], [136.545607, 35.402612], [136.550003, 35.410714], [136.5433, 35.416256], [136.53868, 35.413888], [136.530585, 35.419237], [136.525094, 35.418489], [136.517068, 35.437763], [136.516879, 35.437638], [136.507713, 35.431577], [136.496804, 35.433565], [136.486541, 35.421944], [136.484959, 35.415847], [136.48492, 35.415694], [136.470385, 35.415206], [136.463782, 35.394966], [136.47687, 35.385915], [136.476997, 35.37738], [136.489183, 35.367686], [136.495905, 35.373132], [136.509107, 35.374569], [136.50445, 35.369099], [136.502514, 35.357067]]]}, "properties": {"N03_001": "岐阜県", "N03_002": null, "N03_003": "不破郡", "N03_004": "垂井町", "N03_005": null, "N03_007": "21361"}}, {"type": "Feature", "geometry": {"type": "Polygon", "coordinates": [[[136.501712, 35.356561], [136.502514, 35.357067], [136.50445, 35.369099], [136.509107, 35.374569], [136.495905, 35.373132], [136.489183, 35.367686], [136.476997, 35.37738], [136.47687, 35.385915], [136.463782, 35.394966], [136.462344, 35.394804], [136.459198, 35.39445], [136.449776, 35.391261], [136.448135, 35.388692], [136.445989, 35.389979], [136.444352, 35.389425], [136.436893, 35.379132], [136.426744, 35.373532], [136.415138, 35.373341], [136.411912, 35.369896], [136.413528, 35.359973], [136.409727, 35.356968], [136.410476, 35.352791], [136.421423, 35.353917], [136.422325, 35.34839], [136.411427, 35.329014], [136.412264, 35.315563], [136.402967, 35.300546], [136.421788, 35.287847], [136.429549, 35.299441], [136.426602, 35.307087], [136.426499, 35.307354], [136.427167, 35.307313], [136.438808, 35.306586], [136.457469, 35.314804], [136.455779, 35.328656], [136.455715, 35.329177], [136.464694, 35.341974], [136.465751, 35.34348], [136.465957, 35.343774], [136.473286, 35.344511], [136.482979, 35.359404], [136.491203, 35.357437], [136.498145, 35.360539], [136.498256, 35.360589], [136.501712, 35.356561]]]}, "properties": {"N03_001": "岐阜県", "N03_002": null, "N03_003": "不破郡", "N03_004": "関ケ原町", "N03_005": null, "N03_007": "21362"}}, {"type": "Feature", "geometry": {"type": "Polygon", "coordinates": [[[136.640622, 35.387609], [136.639886, 35.388702], [136.638039, 35.389765], [136.638669, 35.390513], [136.642372, 35.39491], [136.638761, 35.405153], [136.624403, 35.418643], [136.632184, 35.418943], [136.630369, 35.42693], [136.622594, 35.426905], [136.619296, 35.423718], [136.600175, 35.448092], [136.596069, 35.444103], [136.590605, 35.444207], [136.584477, 35.429317], [136.584488, 35.428883], [136.584964, 35.410084], [136.585012, 35.408155], [136.587464, 35.405371], [136.593677, 35.398314], [136.600001, 35.397892], [136.600133, 35.393222], [136.606185, 35.391701], [136.608494, 35.391828], [136.610765, 35.404597], [136.622805, 35.403847], [136.621602, 35.392977], [136.629528, 35.388706], [136.632645, 35.388274], [136.640622, 35.387609]]]}, "properties": {"N03_001": "岐阜県", "N03_002": null, "N03_003": "安八郡", "N03_004": "神戸町", "N03_005": null, "N03_007": "21381"}}, {"type": "Feature", "geometry": {"type": "Polygon", "coordinates": [[[136.610086, 35.293971], [136.605673, 35.290683], [136.610592, 35.287343], [136.605352, 35.273987], [136.608467, 35.269485], [136.607414, 35.264732], [136.613423, 35.25692], [136.624937, 35.252702], [136.626528, 35.253958], [136.627657, 35.255126], [136.626551, 35.264443], [136.626853, 35.26452], [136.627856, 35.264775], [136.650536, 35.270551], [136.651218, 35.270829], [136.655421, 35.276295], [136.652068, 35.287385], [136.667485, 35.288539], [136.671339, 35.291368], [136.666213, 35.302718], [136.665855, 35.306056], [136.665222, 35.307403], [136.661382, 35.30976], [136.651161, 35.308084], [136.639489, 35.312744], [136.639357, 35.312675], [136.619526, 35.302244], [136.615541, 35.295447], [136.615288, 35.295015], [136.614188, 35.294794], [136.610086, 35.293971]]]}, "properties": {"N03_001": "岐阜県", "N03_002": null, "N03_003": "安八郡", "N03_004": "輪之内町", "N03_005": null, "N03_007": "21382"}}, {"type": "Feature", "geometry": {"type": "Polygon", "coordinates": [[[136.639357, 35.312675], [136.639489, 35.312744], [136.651161, 35.308084], [136.661382, 35.30976], [136.665222, 35.307403], [136.665585, 35.308569], [136.665189, 35.31226], [136.668299, 35.317285], [136.668846, 35.318169], [136.669042, 35.318487], [136.686671, 35.329736], [136.687903, 35.345665], [136.687905, 35.345692], [136.681085, 35.344454], [136.680944, 35.344428], [136.672209, 35.347276], [136.67628, 35.363361], [136.674658, 35.365167], [136.672726, 35.367238], [136.672149, 35.367243], [136.663153, 35.371282], [136.661555, 35.377205], [136.658275, 35.376053], [136.656454, 35.382847], [136.652714, 35.381322], [136.653678, 35.379887], [136.655792, 35.378199], [136.655924, 35.376545], [136.657929, 35.351486], [136.653694, 35.343927], [136.656736, 35.340695], [136.653716, 35.337907], [136.644042, 35.338582], [136.639202, 35.334553], [136.640003, 35.325295], [136.640831, 35.315734], [136.640922, 35.314686], [136.64002, 35.314161], [136.639271, 35.312708], [136.639357, 35.312675]]]}, "properties": {"N03_001": "岐阜県", "N03_002": null, "N03_003": "安八郡", "N03_004": "安八町", "N03_005": null, "N03_007": "21383"}}, {"type": "Feature", "geometry": {"type": "Polygon", "coordinates": [[[136.6538, 35.509625], [136.650648, 35.515629], [136.642448, 35.517978], [136.639658, 35.522881], [136.648156, 35.526876], [136.649412, 35.531444], [136.649461, 35.531622], [136.648856, 35.531986], [136.633286, 35.54719], [136.643815, 35.551509], [136.646544, 35.551857], [136.646078, 35.552438], [136.636954, 35.56383], [136.635392, 35.565781], [136.635694, 35.566655], [136.639828, 35.574373], [136.638196, 35.573889], [136.628629, 35.57105], [136.618063, 35.57255], [136.61491, 35.576983], [136.607016, 35.578502], [136.585479, 35.577513], [136.581128, 35.582211], [136.571084, 35.580858], [136.569016, 35.585673], [136.563087, 35.587509], [136.563706, 35.596724], [136.559889, 35.601249], [136.563049, 35.611634], [136.558035, 35.620976], [136.559701, 35.628399], [136.536071, 35.644654], [136.537261, 35.651526], [136.520948, 35.663789], [136.515502, 35.673023], [136.522229, 35.685322], [136.535685, 35.689574], [136.537667, 35.694493], [136.530933, 35.702887], [136.528675, 35.71533], [136.535392, 35.731598], [136.529622, 35.751091], [136.529605, 35.751149], [136.52199, 35.753151], [136.514041, 35.762267], [136.508151, 35.757008], [136.506335, 35.750499], [136.503616, 35.750721], [136.496515, 35.765533], [136.48529, 35.773738], [136.485714, 35.776454], [136.472599, 35.772696], [136.458932, 35.779067], [136.445805, 35.772908], [136.430934, 35.774992], [136.418505, 35.782433], [136.409207, 35.779931], [136.400275, 35.789335], [136.389501, 35.788042], [136.388798, 35.791895], [136.37745, 35.79521], [136.357089, 35.786832], [136.346528, 35.776047], [136.327948, 35.775102], [136.321551, 35.765104], [136.318386, 35.751058], [136.325198, 35.743648], [136.327003, 35.731434], [136.320449, 35.722544], [136.323953, 35.716747], [136.311752, 35.711955], [136.309463, 35.703516], [136.297798, 35.691841], [136.291822, 35.690523], [136.292015, 35.683883], [136.298907, 35.677683], [136.288788, 35.671378], [136.290544, 35.665936], [136.28445, 35.663391], [136.276217, 35.652478], [136.282501, 35.645416], [136.279164, 35.636686], [136.287345, 35.6281], [136.288701, 35.620465], [136.298398, 35.617476], [136.315765, 35.623425], [136.323711, 35.616444], [136.314982, 35.60593], [136.32031, 35.601553], [136.324449, 35.58418], [136.32267, 35.569468], [136.316231, 35.556924], [136.317503, 35.547397], [136.322443, 35.544356], [136.329564, 35.550918], [136.33732, 35.550255], [136.340928, 35.537283], [136.345977, 35.536128], [136.356662, 35.539914], [136.36264, 35.558746], [136.372801, 35.559723], [136.384253, 35.533091], [136.400405, 35.530082], [136.401753, 35.525649], [136.399057, 35.521343], [136.405678, 35.513455], [136.403745, 35.511385], [136.400071, 35.513639], [136.386893, 35.492026], [136.387417, 35.487807], [136.398005, 35.480929], [136.401619, 35.470017], [136.420861, 35.465035], [136.421466, 35.455639], [136.426223, 35.448401], [136.423119, 35.439734], [136.415729, 35.433422], [136.418887, 35.427776], [136.411839, 35.422406], [136.411808, 35.418598], [136.420306, 35.412908], [136.427965, 35.400785], [136.445989, 35.389979], [136.448135, 35.388692], [136.449776, 35.391261], [136.459198, 35.39445], [136.462344, 35.394804], [136.463782, 35.394966], [136.470385, 35.415206], [136.48492, 35.415694], [136.484959, 35.415847], [136.486541, 35.421944], [136.496804, 35.433565], [136.507713, 35.431577], [136.516879, 35.437638], [136.517068, 35.437763], [136.51796, 35.450346], [136.525563, 35.462533], [136.536086, 35.467322], [136.531567, 35.471807], [136.545856, 35.468724], [136.568825, 35.473212], [136.570442, 35.46401], [136.573955, 35.461822], [136.58884, 35.464388], [136.592844, 35.460311], [136.60729, 35.461778], [136.605386, 35.473632], [136.593114, 35.479365], [136.592859, 35.482935], [136.593579, 35.486863], [136.611489, 35.491658], [136.612719, 35.491899], [136.612815, 35.492013], [136.613272, 35.492136], [136.624011, 35.500999], [136.6354, 35.505201], [136.636185, 35.505396], [136.645241, 35.500603], [136.652998, 35.508634], [136.653855, 35.509522], [136.6538, 35.509625]]]}, "properties": {"N03_001": "岐阜県", "N03_002": null, "N03_003": "揖斐郡", "N03_004": "揖斐川町", "N03_005": null, "N03_007": "21401"}}, {"type": "Feature", "geometry": {"type": "Polygon", "coordinates": [[[136.642372, 35.39491], [136.63976, 35.408333], [136.63299, 35.428788], [136.634331, 35.447748], [136.642369, 35.451595], [136.652542, 35.474682], [136.659985, 35.491573], [136.656784, 35.500343], [136.659433, 35.508633], [136.658855, 35.509406], [136.655342, 35.509558], [136.6538, 35.509625], [136.653855, 35.509522], [136.652998, 35.508634], [136.645241, 35.500603], [136.636185, 35.505396], [136.6354, 35.505201], [136.624011, 35.500999], [136.613272, 35.492136], [136.612815, 35.492013], [136.612719, 35.491899], [136.611489, 35.491658], [136.593579, 35.486863], [136.592859, 35.482935], [136.593114, 35.479365], [136.605386, 35.473632], [136.60729, 35.461778], [136.592844, 35.460311], [136.594429, 35.456774], [136.600541, 35.448448], [136.600175, 35.448092], [136.619296, 35.423718], [136.622594, 35.426905], [136.630369, 35.42693], [136.632184, 35.418943], [136.624403, 35.418643], [136.638761, 35.405153], [136.642372, 35.39491]]]}, "properties": {"N03_001": "岐阜県", "N03_002": null, "N03_003": "揖斐郡", "N03_004": "大野町", "N03_005": null, "N03_007": "21403"}}, {"type": "Feature", "geometry": {"type": "Polygon", "coordinates": [[[136.585012, 35.408155], [136.584964, 35.410084], [136.584488, 35.428883], [136.584477, 35.429317], [136.590605, 35.444207], [136.596069, 35.444103], [136.600175, 35.448092], [136.600541, 35.448448], [136.594429, 35.456774], [136.592844, 35.460311], [136.58884, 35.464388], [136.573955, 35.461822], [136.570442, 35.46401], [136.568825, 35.473212], [136.545856, 35.468724], [136.531567, 35.471807], [136.536086, 35.467322], [136.525563, 35.462533], [136.51796, 35.450346], [136.517068, 35.437763], [136.525094, 35.418489], [136.530585, 35.419237], [136.53868, 35.413888], [136.5433, 35.416256], [136.550003, 35.410714], [136.548327, 35.407452], [136.562937, 35.410869], [136.575965, 35.404411], [136.578228, 35.408575], [136.584631, 35.408179], [136.585012, 35.408155]]]}, "properties": {"N03_001": "岐阜県", "N03_002": null, "N03_003": "揖斐郡", "N03_004": "池田町", "N03_005": null, "N03_007": "21404"}}, {"type": "Feature", "geometry": {"type": "Polygon", "coordinates": [[[136.698382, 35.447276], [136.692075, 35.449115], [136.691588, 35.442334], [136.677008, 35.440902], [136.683302, 35.425141], [136.681578, 35.419638], [136.680997, 35.419541], [136.680933, 35.419387], [136.681285, 35.41944], [136.682034, 35.414293], [136.693213, 35.411604], [136.693027, 35.421308], [136.698872, 35.421584], [136.698382, 35.447276]]]}, "properties": {"N03_001": "岐阜県", "N03_002": null, "N03_003": "本巣郡", "N03_004": "北方町", "N03_005": null, "N03_007": "21421"}}, {"type": "Feature", "geometry": {"type": "Polygon", "coordinates": [[[136.949656, 35.429595], [136.952146, 35.426962], [136.950783, 35.415862], [136.961117, 35.414582], [136.963424, 35.420169], [136.968657, 35.422051], [136.992525, 35.423769], [136.993216, 35.424196], [137.005041, 35.425106], [137.006501, 35.429897], [137.002334, 35.431415], [137.001918, 35.440757], [136.992923, 35.442219], [136.992087, 35.452694], [136.98712, 35.452342], [136.98407, 35.448114], [136.969888, 35.451378], [136.970026, 35.445174], [136.959012, 35.44638], [136.954714, 35.431223], [136.954502, 35.431189], [136.954445, 35.43094], [136.949656, 35.429595]]]}, "properties": {"N03_001": "岐阜県", "N03_002": null, "N03_003": "加茂郡", "N03_004": "坂祝町", "N03_005": null, "N03_007": "21501"}}, {"type": "Feature", "geometry": {"type": "Polygon", "coordinates": [[[136.962928, 35.468466], [136.964884, 35.480934], [136.964939, 35.480921], [136.96887, 35.479941], [136.97075, 35.472715], [136.975373, 35.47143], [136.98394, 35.47132], [136.98436, 35.479449], [136.996988, 35.479879], [137.011343, 35.487213], [137.008013, 35.492469], [137.008124, 35.493916], [137.008303, 35.493562], [137.009788, 35.490619], [137.010073, 35.493909], [137.013208, 35.492066], [137.008859, 35.495861], [137.001338, 35.492528], [136.997432, 35.494344], [136.997182, 35.49446], [137.002911, 35.499696], [136.997172, 35.502353], [136.999919, 35.503264], [136.9989, 35.506737], [136.995831, 35.506084], [136.997552, 35.507905], [136.996429, 35.507915], [136.992421, 35.507952], [136.992428, 35.508188], [136.992368, 35.508118], [136.988559, 35.506936], [136.988471, 35.506909], [136.983366, 35.510815], [136.964069, 35.508552], [136.961352, 35.505797], [136.949001, 35.50707], [136.947195, 35.499041], [136.95082, 35.495979], [136.951007, 35.488649], [136.963984, 35.484048], [136.959387, 35.482145], [136.953927, 35.473456], [136.954128, 35.473217], [136.962928, 35.468466]]]}, "properties": {"N03_001": "岐阜県", "N03_002": null, "N03_003": "加茂郡", "N03_004": "富加町", "N03_005": null, "N03_007": "21502"}}, {"type": "Feature", "geometry": {"type": "Polygon", "coordinates": [[[137.087065, 35.469476], [137.089788, 35.471415], [137.091657, 35.472986], [137.084487, 35.479317], [137.084386, 35.481103], [137.084052, 35.48702], [137.084014, 35.487688], [137.084373, 35.487905], [137.090195, 35.491412], [137.101827, 35.488964], [137.115176, 35.501414], [137.112912, 35.503359], [137.116046, 35.505931], [137.116183, 35.506044], [137.126574, 35.501152], [137.130363, 35.503699], [137.131893, 35.511655], [137.130862, 35.513402], [137.123049, 35.516493], [137.124836, 35.517171], [137.124801, 35.517185], [137.122896, 35.516468], [137.119509, 35.519399], [137.116068, 35.517134], [137.113647, 35.519628], [137.10674, 35.518536], [137.109774, 35.527924], [137.106148, 35.535269], [137.107288, 35.539894], [137.104285, 35.541849], [137.108563, 35.545434], [137.100796, 35.544435], [137.099803, 35.544177], [137.099807, 35.544308], [137.099936, 35.548302], [137.106954, 35.549728], [137.106727, 35.549943], [137.102659, 35.552367], [137.095509, 35.553383], [137.094758, 35.553077], [137.097409, 35.548048], [137.094718, 35.545027], [137.078143, 35.551936], [137.068381, 35.550425], [137.060069, 35.553858], [137.058769, 35.5534], [137.058084, 35.550653], [137.059388, 35.550224], [137.059598, 35.550972], [137.067577, 35.547708], [137.067625, 35.547514], [137.067959, 35.546177], [137.068699, 35.543212], [137.068485, 35.542916], [137.065265, 35.538453], [137.067262, 35.531652], [137.070217, 35.532981], [137.070155, 35.532826], [137.068897, 35.529696], [137.068994, 35.529715], [137.069844, 35.529887], [137.070576, 35.530034], [137.072024, 35.530326], [137.06954, 35.528692], [137.064286, 35.527911], [137.056467, 35.517757], [137.052767, 35.516727], [137.053077, 35.508678], [137.040922, 35.50448], [137.038085, 35.499749], [137.037629, 35.49858], [137.03862, 35.495462], [137.051336, 35.489054], [137.051231, 35.476185], [137.051115, 35.46205], [137.052462, 35.461038], [137.052934, 35.461002], [137.053085, 35.466017], [137.065805, 35.478129], [137.066976, 35.478435], [137.067587, 35.478594], [137.070204, 35.479278], [137.070773, 35.478017], [137.072383, 35.474449], [137.07466, 35.473871], [137.074978, 35.473791], [137.082884, 35.475156], [137.082884, 35.475067], [137.082993, 35.475095], [137.085319, 35.470144], [137.087065, 35.469476]]]}, "properties": {"N03_001": "岐阜県", "N03_002": null, "N03_003": "加茂郡", "N03_004": "川辺町", "N03_005": null, "N03_007": "21503"}}, {"type": "Feature", "geometry": {"type": "Polygon", "coordinates": [[[137.036261, 35.553389], [137.052132, 35.545632], [137.056432, 35.545718], [137.057156, 35.545461], [137.057174, 35.545732], [137.058131, 35.545751], [137.059388, 35.550224], [137.058084, 35.550653], [137.058769, 35.5534], [137.060069, 35.553858], [137.068381, 35.550425], [137.078143, 35.551936], [137.094718, 35.545027], [137.097409, 35.548048], [137.094758, 35.553077], [137.095509, 35.553383], [137.102659, 35.552367], [137.106727, 35.549943], [137.106954, 35.549728], [137.099936, 35.548302], [137.099807, 35.544308], [137.099803, 35.544177], [137.100796, 35.544435], [137.108563, 35.545434], [137.104285, 35.541849], [137.107288, 35.539894], [137.106148, 35.535269], [137.109774, 35.527924], [137.10674, 35.518536], [137.113647, 35.519628], [137.116068, 35.517134], [137.119509, 35.519399], [137.122896, 35.516468], [137.124801, 35.517185], [137.124836, 35.517171], [137.134385, 35.520794], [137.134346, 35.528324], [137.14078, 35.532876], [137.137574, 35.536045], [137.137527, 35.536091], [137.137616, 35.536073], [137.143087, 35.534932], [137.15361, 35.544002], [137.159711, 35.541359], [137.163129, 35.533931], [137.162006, 35.541754], [137.170433, 35.542939], [137.167053, 35.54685], [137.166654, 35.547311], [137.176186, 35.546002], [137.180481, 35.547905], [137.180288, 35.551815], [137.18027, 35.552162], [137.181607, 35.552352], [137.184838, 35.55367], [137.183616, 35.560849], [137.174575, 35.573492], [137.164125, 35.577671], [137.156612, 35.590142], [137.139828, 35.597578], [137.154703, 35.606358], [137.156807, 35.610323], [137.156548, 35.613409], [137.154453, 35.614229], [137.144452, 35.614037], [137.144158, 35.613969], [137.143052, 35.613159], [137.139663, 35.609377], [137.138537, 35.609851], [137.135421, 35.61116], [137.138832, 35.620348], [137.138528, 35.620858], [137.140053, 35.624797], [137.13348, 35.623668], [137.131548, 35.619999], [137.130149, 35.62299], [137.125149, 35.622214], [137.119583, 35.623825], [137.112369, 35.620827], [137.108789, 35.624925], [137.09619, 35.624943], [137.096103, 35.625054], [137.094642, 35.626935], [137.091144, 35.631435], [137.091167, 35.631482], [137.090979, 35.631549], [137.090814, 35.631298], [137.086196, 35.633263], [137.079889, 35.628201], [137.070814, 35.626825], [137.071099, 35.623607], [137.061242, 35.623325], [137.059136, 35.605279], [137.05906, 35.604625], [137.057603, 35.604386], [137.05557, 35.603201], [137.054676, 35.600828], [137.053027, 35.593284], [137.056582, 35.592401], [137.057655, 35.58467], [137.065368, 35.579703], [137.063876, 35.575484], [137.072768, 35.57314], [137.072608, 35.572855], [137.072409, 35.572499], [137.071293, 35.57051], [137.051197, 35.559007], [137.044049, 35.549624], [137.036261, 35.553389]]]}, "properties": {"N03_001": "岐阜県", "N03_002": null, "N03_003": "加茂郡", "N03_004": "七宗町", "N03_005": null, "N03_007": "21504"}}, {"type": "Feature", "geometry": {"type": "MultiPolygon", "coordinates": [[[[137.250378, 35.465378], [137.249817, 35.46584], [137.250857, 35.466397], [137.257587, 35.470002], [137.254185, 35.474933], [137.257476, 35.477416], [137.255629, 35.479676], [137.264477, 35.481293], [137.265164, 35.491768], [137.265169, 35.491834], [137.279857, 35.498268], [137.286379, 35.507532], [137.280087, 35.5185], [137.279267, 35.519744], [137.2732, 35.521041], [137.269006, 35.526979], [137.26782, 35.527325], [137.255319, 35.530976], [137.249552, 35.538903], [137.239813, 35.542069], [137.236938, 35.547087], [137.224759, 35.5532], [137.220022, 35.554024], [137.219051, 35.554038], [137.206587, 35.544621], [137.200023, 35.554904], [137.198217, 35.55472], [137.184891, 35.553362], [137.184838, 35.55367], [137.181607, 35.552352], [137.18027, 35.552162], [137.180288, 35.551815], [137.180481, 35.547905], [137.176186, 35.546002], [137.166654, 35.547311], [137.167053, 35.54685], [137.170433, 35.542939], [137.162006, 35.541754], [137.163129, 35.533931], [137.159711, 35.541359], [137.15361, 35.544002], [137.143087, 35.534932], [137.137616, 35.536073], [137.137527, 35.536091], [137.137574, 35.536045], [137.14078, 35.532876], [137.134346, 35.528324], [137.134385, 35.520794], [137.124836, 35.517171], [137.123049, 35.516493], [137.130862, 35.513402], [137.131893, 35.511655], [137.130363, 35.503699], [137.126574, 35.501152], [137.116183, 35.506044], [137.116046, 35.505931], [137.112912, 35.503359], [137.115176, 35.501414], [137.101827, 35.488964], [137.090195, 35.491412], [137.084373, 35.487905], [137.084014, 35.487688], [137.084052, 35.48702], [137.084386, 35.481103], [137.084487, 35.479317], [137.091657, 35.472986], [137.089788, 35.471415], [137.087065, 35.469476], [137.086658, 35.469186], [137.086296, 35.468062], [137.084077, 35.461155], [137.075767, 35.459098], [137.07577, 35.459015], [137.076083, 35.449806], [137.081932, 35.448159], [137.082682, 35.449453], [137.083399, 35.449415], [137.093051, 35.458708], [137.103683, 35.465144], [137.110859, 35.463239], [137.112655, 35.458339], [137.114011, 35.456887], [137.115379, 35.45413], [137.11724, 35.453431], [137.117926, 35.453174], [137.120007, 35.452393], [137.125711, 35.451767], [137.136751, 35.450555], [137.13796, 35.450422], [137.142682, 35.452139], [137.143547, 35.452454], [137.143733, 35.452522], [137.144041, 35.455666], [137.164319, 35.45345], [137.170909, 35.467952], [137.190608, 35.473596], [137.203403, 35.469732], [137.203688, 35.469866], [137.214018, 35.474726], [137.221451, 35.469333], [137.230316, 35.472605], [137.236888, 35.457097], [137.247509, 35.464328], [137.249535, 35.46431], [137.25, 35.464576], [137.250378, 35.465378]]], [[[137.079276, 35.448707], [137.078644, 35.44866], [137.076636, 35.44851], [137.076909, 35.447977], [137.078577, 35.444718], [137.081632, 35.4462], [137.079447, 35.44872], [137.079276, 35.448707]]]]}, "properties": {"N03_001": "岐阜県", "N03_002": null, "N03_003": "加茂郡", "N03_004": "八百津町", "N03_005": null, "N03_007": "21505"}}, {"type": "Feature", "geometry": {"type": "Polygon", "coordinates": [[[137.392721, 35.607056], [137.39105, 35.609034], [137.389922, 35.610369], [137.358592, 35.618054], [137.347739, 35.616436], [137.333064, 35.622094], [137.324983, 35.613918], [137.282486, 35.597543], [137.276155, 35.598907], [137.272518, 35.605805], [137.263142, 35.609546], [137.260219, 35.615607], [137.259059, 35.618122], [137.261539, 35.627199], [137.258481, 35.632196], [137.268054, 35.636503], [137.270534, 35.634649], [137.270654, 35.63473], [137.271281, 35.635155], [137.279821, 35.640939], [137.286511, 35.646375], [137.287709, 35.647349], [137.287922, 35.647521], [137.284936, 35.650678], [137.286754, 35.655689], [137.295349, 35.666019], [137.303895, 35.666511], [137.32064, 35.680473], [137.320969, 35.685983], [137.34336, 35.695946], [137.343634, 35.696068], [137.341555, 35.700772], [137.344731, 35.703417], [137.344597, 35.703572], [137.33102, 35.710969], [137.305052, 35.703379], [137.300199, 35.695096], [137.284679, 35.691205], [137.27385, 35.691591], [137.267665, 35.698277], [137.249529, 35.689507], [137.248187, 35.679486], [137.243185, 35.674674], [137.218712, 35.681741], [137.205015, 35.677478], [137.193215, 35.667888], [137.195633, 35.662581], [137.195091, 35.662098], [137.197123, 35.656139], [137.197566, 35.655571], [137.197336, 35.655513], [137.190314, 35.653729], [137.188241, 35.647951], [137.179525, 35.650425], [137.178831, 35.64531], [137.169327, 35.636777], [137.142815, 35.631927], [137.142243, 35.626233], [137.1404, 35.625694], [137.140053, 35.624797], [137.138528, 35.620858], [137.138832, 35.620348], [137.135421, 35.61116], [137.138537, 35.609851], [137.139663, 35.609377], [137.143052, 35.613159], [137.144158, 35.613969], [137.144452, 35.614037], [137.154453, 35.614229], [137.156548, 35.613409], [137.156807, 35.610323], [137.154703, 35.606358], [137.139828, 35.597578], [137.156612, 35.590142], [137.164125, 35.577671], [137.174575, 35.573492], [137.183616, 35.560849], [137.184838, 35.55367], [137.184891, 35.553362], [137.198217, 35.55472], [137.200023, 35.554904], [137.206587, 35.544621], [137.219051, 35.554038], [137.220022, 35.554024], [137.224759, 35.5532], [137.236938, 35.547087], [137.239813, 35.542069], [137.249552, 35.538903], [137.255319, 35.530976], [137.26782, 35.527325], [137.269006, 35.526979], [137.276758, 35.531311], [137.300621, 35.532191], [137.309632, 35.536203], [137.309867, 35.536308], [137.313965, 35.535733], [137.322079, 35.534854], [137.330361, 35.540424], [137.341528, 35.547935], [137.341523, 35.54704], [137.342554, 35.548966], [137.344556, 35.552706], [137.343013, 35.56304], [137.368256, 35.567048], [137.36854, 35.567093], [137.375464, 35.564986], [137.395434, 35.562952], [137.394438, 35.56742], [137.399062, 35.572241], [137.398946, 35.579436], [137.389894, 35.590846], [137.388627, 35.595638], [137.386856, 35.602334], [137.386644, 35.603135], [137.387007, 35.60337], [137.388325, 35.60422], [137.392721, 35.607056]]]}, "properties": {"N03_001": "岐阜県", "N03_002": null, "N03_003": "加茂郡", "N03_004": "白川町", "N03_005": null, "N03_007": "21506"}}, {"type": "Feature", "geometry": {"type": "Polygon", "coordinates": [[[137.343634, 35.696068], [137.34336, 35.695946], [137.320969, 35.685983], [137.32064, 35.680473], [137.303895, 35.666511], [137.295349, 35.666019], [137.286754, 35.655689], [137.284936, 35.650678], [137.287922, 35.647521], [137.287709, 35.647349], [137.286511, 35.646375], [137.279821, 35.640939], [137.271281, 35.635155], [137.270654, 35.63473], [137.270534, 35.634649], [137.268054, 35.636503], [137.258481, 35.632196], [137.261539, 35.627199], [137.259059, 35.618122], [137.260219, 35.615607], [137.263142, 35.609546], [137.272518, 35.605805], [137.276155, 35.598907], [137.282486, 35.597543], [137.324983, 35.613918], [137.333064, 35.622094], [137.347739, 35.616436], [137.358592, 35.618054], [137.389922, 35.610369], [137.39105, 35.609034], [137.392721, 35.607056], [137.394307, 35.60808], [137.404226, 35.614481], [137.40502, 35.622262], [137.412659, 35.626634], [137.411096, 35.638262], [137.399951, 35.646457], [137.408105, 35.657783], [137.407298, 35.658893], [137.400864, 35.661374], [137.373126, 35.672069], [137.352513, 35.696116], [137.343688, 35.695947], [137.343684, 35.695954], [137.343634, 35.696068]]]}, "properties": {"N03_001": "岐阜県", "N03_002": null, "N03_003": "加茂郡", "N03_004": "東白川村", "N03_005": null, "N03_007": "21507"}}, {"type": "Feature", "geometry": {"type": "Polygon", "coordinates": [[[137.203403, 35.469732], [137.190608, 35.473596], [137.170909, 35.467952], [137.164319, 35.45345], [137.144041, 35.455666], [137.143733, 35.452522], [137.143547, 35.452454], [137.142682, 35.452139], [137.13796, 35.450422], [137.136751, 35.450555], [137.125711, 35.451767], [137.120007, 35.452393], [137.117926, 35.453174], [137.11724, 35.453431], [137.115379, 35.45413], [137.114011, 35.456887], [137.112655, 35.458339], [137.106795, 35.457578], [137.102302, 35.450269], [137.101123, 35.452359], [137.10069, 35.44723], [137.092799, 35.4525], [137.091767, 35.452195], [137.089915, 35.445872], [137.083399, 35.449415], [137.082183, 35.446326], [137.080775, 35.442752], [137.080325, 35.442587], [137.071934, 35.439514], [137.070796, 35.437863], [137.070269, 35.437098], [137.069017, 35.435281], [137.07057, 35.429443], [137.07351, 35.432388], [137.077622, 35.433193], [137.079132, 35.430511], [137.099115, 35.437686], [137.099223, 35.432781], [137.1068, 35.431002], [137.105461, 35.418382], [137.109711, 35.415872], [137.119862, 35.42003], [137.122686, 35.41411], [137.1244, 35.414059], [137.132433, 35.414564], [137.132576, 35.414435], [137.141005, 35.406805], [137.146671, 35.407278], [137.1503, 35.404969], [137.160384, 35.398549], [137.154595, 35.392936], [137.160362, 35.398396], [137.170015, 35.392425], [137.174666, 35.394378], [137.1795, 35.391854], [137.1903, 35.396671], [137.191315, 35.403182], [137.194166, 35.403819], [137.192147, 35.408497], [137.191371, 35.41009], [137.191451, 35.41011], [137.199442, 35.412122], [137.197379, 35.419607], [137.205883, 35.42487], [137.199359, 35.434418], [137.196788, 35.449919], [137.203101, 35.4537], [137.199743, 35.458831], [137.203403, 35.469732]]]}, "properties": {"N03_001": "岐阜県", "N03_002": null, "N03_003": "可児郡", "N03_004": "御嵩町", "N03_005": null, "N03_007": "21521"}}, {"type": "Feature", "geometry": {"type": "Polygon", "coordinates": [[[136.952112, 36.211031], [136.951091, 36.21694], [136.957982, 36.230477], [136.951326, 36.237118], [136.955584, 36.239463], [136.954084, 36.244109], [136.963464, 36.25668], [136.962735, 36.26041], [136.964069, 36.262399], [136.964346, 36.26281], [136.966353, 36.265802], [136.97346, 36.267466], [136.975237, 36.273785], [136.970722, 36.277749], [136.967889, 36.275242], [136.966473, 36.277707], [136.957735, 36.277937], [136.973289, 36.309852], [136.971117, 36.315543], [136.961409, 36.322947], [136.955136, 36.339097], [136.951067, 36.339244], [136.946998, 36.345666], [136.939366, 36.349324], [136.932757, 36.348293], [136.907474, 36.360842], [136.890091, 36.345558], [136.882289, 36.341942], [136.87876, 36.344901], [136.874757, 36.342793], [136.875741, 36.350106], [136.870241, 36.348943], [136.869585, 36.351651], [136.876008, 36.355648], [136.876299, 36.360279], [136.872805, 36.361585], [136.871108, 36.367531], [136.864135, 36.355201], [136.8651, 36.34966], [136.852064, 36.347429], [136.844063, 36.351112], [136.837152, 36.347216], [136.842497, 36.332716], [136.832519, 36.315418], [136.832368, 36.306811], [136.826185, 36.302548], [136.809392, 36.302541], [136.804177, 36.306191], [136.792287, 36.299211], [136.795461, 36.292495], [136.805943, 36.284375], [136.806003, 36.275806], [136.814402, 36.270314], [136.814579, 36.266402], [136.833672, 36.265828], [136.836099, 36.261792], [136.844287, 36.259241], [136.844687, 36.25424], [136.850831, 36.251651], [136.851823, 36.247102], [136.847299, 36.24563], [136.840415, 36.231414], [136.832292, 36.223607], [136.831645, 36.217597], [136.820994, 36.210742], [136.819584, 36.206237], [136.822603, 36.201498], [136.811243, 36.196635], [136.802059, 36.187059], [136.798407, 36.172564], [136.786442, 36.16619], [136.766449, 36.162556], [136.773373, 36.157443], [136.775831, 36.143914], [136.780785, 36.141545], [136.778587, 36.129398], [136.771057, 36.123969], [136.765336, 36.105864], [136.785698, 36.098576], [136.788191, 36.097731], [136.798658, 36.106076], [136.807142, 36.105489], [136.818376, 36.09302], [136.844191, 36.09764], [136.85694, 36.105361], [136.877208, 36.101964], [136.895868, 36.10596], [136.895952, 36.105874], [136.900445, 36.101242], [136.914512, 36.100795], [136.924737, 36.094358], [136.934858, 36.104755], [136.932635, 36.112573], [136.955243, 36.118555], [136.953654, 36.123278], [136.956028, 36.127809], [136.948528, 36.131265], [136.947662, 36.131664], [136.946097, 36.133442], [136.936083, 36.14241], [136.933159, 36.142708], [136.933854, 36.144407], [136.93855, 36.155883], [136.937142, 36.163485], [136.943856, 36.170572], [136.943695, 36.177084], [136.947036, 36.181137], [136.947242, 36.192386], [136.947444, 36.203447], [136.947533, 36.208324], [136.947558, 36.2097], [136.949639, 36.209569], [136.952112, 36.211031]]]}, "properties": {"N03_001": "岐阜県", "N03_002": null, "N03_003": "大野郡", "N03_004": "白川村", "N03_005": null, "N03_007": "21604"}}]}