{"type": "FeatureCollection", "features": [{"type": "Feature", "geometry": {"type": "MultiPolygon", "coordinates": [[[[141.309291, 39.579546], [141.305288, 39.586268], [141.298173, 39.588667], [141.298429, 39.591707], [141.293503, 39.595632], [141.289175, 39.604714], [141.283987, 39.607652], [141.278145, 39.603608], [141.277934, 39.595826], [141.279933, 39.591766], [141.273073, 39.586374], [141.270028, 39.58144], [141.25167, 39.591189], [141.24926, 39.595905], [141.2433, 39.598686], [141.239837, 39.602953], [141.231499, 39.605749], [141.22495, 39.60615], [141.203601, 39.601227], [141.19717, 39.597212], [141.192619, 39.609647], [141.185788, 39.613988], [141.180856, 39.619929], [141.181297, 39.626028], [141.177005, 39.631694], [141.156351, 39.632706], [141.151476, 39.634069], [141.146324, 39.640964], [141.136123, 39.643437], [141.132579, 39.650603], [141.123885, 39.649412], [141.115426, 39.643398], [141.108288, 39.640893], [141.107389, 39.637046], [141.101196, 39.634132], [141.085566, 39.635067], [141.078019, 39.63665], [141.074495, 39.634461], [141.06444, 39.635655], [141.062453, 39.640147], [141.05496, 39.642097], [141.046949, 39.646564], [141.049994, 39.654111], [141.040562, 39.656309], [141.031338, 39.650851], [141.018804, 39.648715], [141.013704, 39.65148], [141.012047, 39.658509], [141.008627, 39.662155], [141.001263, 39.662882], [140.99712284924766, 39.665427531730714], [140.99713028, 39.66543028], [140.99724667, 39.66550333], [140.9975525, 39.66579639], [140.99782361, 39.666015], [140.9980225, 39.66615167], [140.99844, 39.66647194], [140.99863666, 39.66664639], [140.99866584, 39.66669167], [140.99870222, 39.66680972], [140.99875306, 39.66692805], [140.99913889, 39.66722084], [140.99921167, 39.66729972], [140.99924084, 39.66739], [140.99924084, 39.66744056], [140.99918972, 39.66757583], [140.99916055, 39.66771666], [140.999175, 39.66777861], [140.99924778, 39.66789111], [140.99935695, 39.6679925], [140.99944445, 39.66804888], [140.99975722, 39.66819528], [140.99984472, 39.66825167], [140.99989055, 39.66833695], [140.99991472278356, 39.66838178849533], [141.00006817456912, 39.668459580481105], [141.00023694, 39.66850305], [141.00028862, 39.66851639], [141.00045611, 39.66853889], [141.00055, 39.66856667], [141.00057306, 39.668585], [141.00058805, 39.66861722], [141.00059417, 39.66867972], [141.00063111, 39.66871972], [141.00068195, 39.6687325], [141.00076166, 39.66874722], [141.00115472, 39.66880361], [141.00191889, 39.66896139], [141.00220277, 39.66907389], [141.00266861, 39.66918667], [141.00306167, 39.66923167], [141.003185, 39.66923722], [141.00334889, 39.66925862], [141.00348722, 39.66928972], [141.00387917, 39.66940084], [141.00402639, 39.66945139], [141.00404278, 39.66947945], [141.00428667, 39.66953083], [141.00486028, 39.66974166], [141.00525111, 39.66989916], [141.00530444, 39.66990972], [141.00535055, 39.66990639], [141.00539917, 39.66985805], [141.00545722, 39.66976861], [141.0054825, 39.66967389], [141.00551723, 39.66968084], [141.00554778, 39.66972278], [141.00554222, 39.66985111], [141.0054825, 39.66996528], [141.00551278, 39.66998695], [141.00555666, 39.669985], [141.00586694, 39.66996], [141.00592916, 39.66994389], [141.00597084, 39.66992417], [141.0060125, 39.66989555], [141.00606361, 39.66988833], [141.00615833, 39.66990111], [141.0062925, 39.66994917], [141.00662361, 39.67010112], [141.00693277, 39.6702525], [141.00706694, 39.67036167], [141.00712444, 39.67044555], [141.00716612, 39.67056195], [141.00722944, 39.67062916], [141.00730972, 39.67067806], [141.00742861, 39.670715], [141.00767778, 39.67081223], [141.00774945, 39.67085888], [141.00779361, 39.67091584], [141.00793194, 39.67116361], [141.00806722, 39.67132944], [141.00822694, 39.67146194], [141.00836806, 39.67154056], [141.00876389, 39.67171972], [141.0091425, 39.67189472], [141.00973444, 39.67217695], [141.01017138, 39.67237778], [141.01051, 39.67257639], [141.010635, 39.67266389], [141.01069305, 39.67268889], [141.01075306, 39.67268556], [141.01080194, 39.67266222], [141.01098305, 39.67243944], [141.01101083, 39.67237333], [141.01102473, 39.67231944], [141.0110175, 39.67221583], [141.01102473, 39.67217111], [141.01109639, 39.67212639], [141.01112195, 39.67210139], [141.01113111, 39.67201556], [141.01112278, 39.67189389], [141.01110083, 39.67180806], [141.01109167, 39.67176333], [141.01109417, 39.67171862], [141.01113805, 39.67169889], [141.01117027, 39.6716775], [141.01117972, 39.67163639], [141.01118, 39.67149556], [141.01115445, 39.67130917], [141.01112444, 39.67119277], [141.01111028, 39.67114973], [141.01109639, 39.67110694], [141.01117334, 39.67110638], [141.01122195, 39.67112417], [141.0112475, 39.67115472], [141.01125889, 39.67120473], [141.01127056, 39.67126722], [141.01127972, 39.67131556], [141.01129555, 39.67143555], [141.01130722, 39.67150889], [141.01131888, 39.67155167], [141.011335, 39.67159111], [141.011365, 39.67160194], [141.01140001, 39.67158222], [141.01140917, 39.67151777], [141.01141278, 39.67134917], [141.01141139, 39.67121195], [141.01141861, 39.67111722], [141.01145111, 39.67109555], [141.01154555, 39.67110277], [141.01158055, 39.67112389], [141.01162222, 39.67115639], [141.01164584, 39.67118778], [141.01166861, 39.67123528], [141.01169611, 39.67138556], [141.01171889, 39.67151695], [141.01174083, 39.67162528], [141.01173306, 39.67171806], [141.01174472, 39.67176278], [141.01178195, 39.67183277], [141.01181916, 39.67191139], [141.01183528, 39.67197778], [141.01186055, 39.67201694], [141.01190111, 39.67204195], [141.01195778, 39.67206361], [141.01208334, 39.67208695], [141.01216389, 39.67208861], [141.01226111, 39.67209555], [141.01233305, 39.6720975], [141.01237472, 39.67210638], [141.01240472, 39.67213333], [141.01238167, 39.67217305], [141.01232833, 39.67219417], [141.01224973, 39.67221917], [141.01212694, 39.67226555], [141.01196028, 39.67232111], [141.011905, 39.67235027], [141.01186806, 39.67240556], [141.01184694, 39.67245223], [141.01182111, 39.67254889], [141.01178917, 39.67262027], [141.01175444, 39.67269722], [141.01170583, 39.67279917], [141.0116125, 39.67302527], [141.01164861, 39.67309916], [141.01175028, 39.67314556], [141.01185861, 39.67314612], [141.01191972, 39.67314528], [141.01204944, 39.67316862], [141.01254, 39.6733675], [141.01294722, 39.6734925], [141.01322723, 39.67357917], [141.01334389, 39.67366362], [141.01361361, 39.67378194], [141.01413806, 39.67397889], [141.0143275, 39.67408584], [141.01469195, 39.67426056], [141.01516555, 39.67450833], [141.01552973, 39.67459278], [141.0161125, 39.67478416], [141.01630195, 39.67484639], [141.0165425, 39.67486333], [141.01666639, 39.67489722], [141.01696528, 39.675055], [141.01704556, 39.67511111], [141.01743889, 39.67532528], [141.01754083, 39.67540389], [141.01762083, 39.67552222], [141.01763555, 39.67556722], [141.01774473, 39.67569666], [141.01789778, 39.67582611], [141.01809472, 39.67595583], [141.01835695, 39.67619222], [141.01849556, 39.67628222], [141.01875778, 39.67640611], [141.01895416, 39.67651334], [141.01942806, 39.67672167], [141.01950806, 39.67672722], [141.01962472, 39.67665972], [141.01983194, 39.6764225], [141.01989889, 39.67638333], [141.01990167, 39.67641222], [141.01985083, 39.67656389], [141.01973417, 39.67676111], [141.01973417, 39.67678361], [141.0197925, 39.67684], [141.01998916, 39.67694694], [141.02016417, 39.67708194], [141.02025139, 39.67718333], [141.02036083, 39.67730166], [141.02057195, 39.6773975], [141.02070305, 39.67742], [141.02084166, 39.67743111], [141.02105278, 39.67743111], [141.02128805, 39.67745694], [141.02149028, 39.67738055], [141.02162139, 39.67732445], [141.02180361, 39.67725695], [141.02192917, 39.67733695], [141.02178028, 39.67747195], [141.02195667, 39.67758333], [141.02215334, 39.67772972], [141.02231361, 39.6778425], [141.02264889, 39.67810139], [141.02401889, 39.67916361], [141.0242225, 39.67932833], [141.02493723, 39.67987722], [141.02549222, 39.68034555], [141.02562806, 39.68045861], [141.02574166, 39.680605], [141.02592056, 39.68091694], [141.02608833, 39.68131694], [141.02626306, 39.68173361], [141.02635778, 39.68197583], [141.02640167, 39.68204889], [141.02642334, 39.68208277], [141.02646722, 39.68213361], [141.02648888, 39.68216167], [141.02651084, 39.68218417], [141.02673667, 39.68236444], [141.02690444, 39.68247694], [141.02695556, 39.68251083], [141.02718861, 39.68268556], [141.02732334, 39.68277389], [141.02756722, 39.68293306], [141.02774222, 39.68305695], [141.02796833, 39.68321445], [141.02820611, 39.68338278], [141.02836889, 39.68351862], [141.02847834, 39.68363139], [141.02856111, 39.68372277], [141.02867472, 39.68379972], [141.02893972, 39.683895], [141.02963694, 39.68414361], [141.02980472, 39.68421139], [141.02992111, 39.6842675], [141.03005334, 39.68434334], [141.03011778, 39.68438028], [141.03025639, 39.68448723], [141.03045306, 39.68463361], [141.03054778, 39.68471805], [141.03067167, 39.68480833], [141.03089027, 39.68497722], [141.03095583, 39.68503917], [141.03132028, 39.68533222], [141.03138583, 39.68539389], [141.03169194, 39.68566445], [141.03175028, 39.68572638], [141.03181584, 39.68577695], [141.03204167, 39.68600778], [141.03208528, 39.68607555], [141.03233305, 39.68639055], [141.03236945, 39.68644694], [141.03239861, 39.68646944], [141.03255166, 39.68666084], [141.03267556, 39.68683556], [141.03274834, 39.68695389], [141.03279945, 39.68718473], [141.03282861, 39.68735361], [141.03283944, 39.68757084], [141.03281584, 39.68760389], [141.03283028, 39.68764778], [141.03289167, 39.68771], [141.03297417, 39.68775917], [141.03303833, 39.68777944], [141.03335695, 39.68781722], [141.03345528, 39.68778722], [141.03353028, 39.68775055], [141.03359, 39.68770444], [141.03367389, 39.68761833], [141.03381, 39.68744805], [141.03386334, 39.68738723], [141.03392083, 39.68735277], [141.03405472, 39.68733972], [141.03411111, 39.68730305], [141.03425139, 39.68717167], [141.034335, 39.68713611], [141.03441861, 39.68712806], [141.03451056, 39.68712944], [141.03459944, 39.68712833], [141.03475111, 39.68712639], [141.03486167, 39.68709444], [141.03493445, 39.68708333], [141.03504917, 39.68703806], [141.03506555, 39.68708889], [141.03508333, 39.68715], [141.03513055, 39.68719389], [141.03515417, 39.68721612], [141.03512111, 39.68726], [141.03499333, 39.68732944], [141.03486084, 39.68740639], [141.03481333, 39.68745389], [141.03478139, 39.68751695], [141.03473306, 39.68758194], [141.034695, 39.68765139], [141.0346525, 39.68769167], [141.03456723, 39.68771722], [141.03448667, 39.68774278], [141.03443945, 39.68777222], [141.03439667, 39.68780861], [141.03436834, 39.6878525], [141.03434945, 39.68790028], [141.03433528, 39.68796972], [141.03431639, 39.68800611], [141.03425667, 39.688035], [141.03416194, 39.688035], [141.034075, 39.68804278], [141.03397555, 39.68807584], [141.03392333, 39.68812333], [141.03389027, 39.68817444], [141.03389972, 39.68823305], [141.033895, 39.68828055], [141.03388083, 39.68833555], [141.03381444, 39.68832806], [141.03375333, 39.68831722], [141.03371056, 39.68832806], [141.03366667, 39.68836722], [141.03360167, 39.68840861], [141.033545, 39.68842695], [141.033455, 39.68843056], [141.03335333, 39.688435], [141.03330723, 39.68843278], [141.03301389, 39.68846527], [141.03285361, 39.68850417], [141.03279862, 39.68853611], [141.03274583, 39.68859806], [141.03270695, 39.6887025], [141.03264528, 39.68880722], [141.03257195, 39.68887417], [141.03248723, 39.68895722], [141.03242083, 39.68899277], [141.03231305, 39.68902806], [141.03222612, 39.68907945], [141.03217111, 39.68913084], [141.03214138, 39.68919111], [141.03213222, 39.68928306], [141.03211611, 39.68934139], [141.03208417, 39.68938944], [141.03205639, 39.68945306], [141.03204889, 39.68953277], [141.03205639, 39.68957889], [141.03207472, 39.68962139], [141.03211611, 39.68966556], [141.03217111, 39.68969027], [141.03222833, 39.68971528], [141.03230861, 39.68978945], [141.03235444, 39.689855], [141.03242056, 39.68992694], [141.03244223, 39.68997778], [141.03243223, 39.69001778], [141.03238861, 39.69005862], [141.03229667, 39.69017473], [141.03218694, 39.69032056], [141.03214806, 39.69038084], [141.032125, 39.69044083], [141.03212278, 39.69051], [141.03214806, 39.69059138], [141.03218, 39.69068], [141.0321725, 39.690755], [141.03214334, 39.69083222], [141.03213472, 39.69092723], [141.03211611, 39.69106889], [141.03209611, 39.69112833], [141.03204944, 39.69118917], [141.03199444, 39.69122778], [141.0319625, 39.69128639], [141.03195334, 39.69138195], [141.03194889, 39.69153584], [141.03192111, 39.69161555], [141.03182277, 39.69173972], [141.03174083, 39.69183944], [141.03162805, 39.69191333], [141.03150917, 39.69196806], [141.03129083, 39.69205555], [141.03112889, 39.69210611], [141.03099945, 39.69217945], [141.03092722, 39.69223555], [141.03086528, 39.69230973], [141.0308125, 39.69243389], [141.03080111, 39.69252584], [141.03083333, 39.69262667], [141.0309325, 39.69293195], [141.03086055, 39.69318195], [141.03060222, 39.69315778], [141.03049416, 39.69352695], [141.02993083, 39.69343389], [141.02950278, 39.69336333], [141.02955277, 39.69305278], [141.02815138, 39.69280528], [141.02790417, 39.69265639], [141.02773333, 39.69252056], [141.02759583, 39.69241], [141.02744056, 39.69226945], [141.02728889, 39.692115], [141.02666333, 39.69136139], [141.02686639, 39.69124361], [141.02690389, 39.69120528], [141.02692222, 39.69118195], [141.02691861, 39.69114889], [141.02662695, 39.69073778], [141.02633944, 39.69038], [141.02622416, 39.69031472], [141.02608444, 39.6902775], [141.02597862, 39.69027945], [141.02576723, 39.69027028], [141.02571611, 39.69023083], [141.02565805, 39.69018028], [141.02557972, 39.69011222], [141.02559389, 39.69005], [141.0256175, 39.68993667], [141.02564611, 39.68980111], [141.02565805, 39.68969611], [141.02565527, 39.68962584], [141.02565056, 39.6895125], [141.02562167, 39.68942584], [141.02559861, 39.68938806], [141.02554167, 39.68934417], [141.02546611, 39.6893075], [141.02540445, 39.68927473], [141.02538083, 39.68924528], [141.02539028, 39.68919778], [141.02540278, 39.68916667], [141.02541861, 39.68911361], [141.02543278, 39.68908805], [141.02543806, 39.68904167], [141.02543916, 39.68903167], [141.02542334, 39.68898916], [141.02537139, 39.68891611], [141.02532416, 39.68886111], [141.0252625, 39.68883195], [141.02516972, 39.68878944], [141.02507305, 39.68872945], [141.02500194, 39.68866], [141.02496556, 39.68863166], [141.02491694, 39.68858305], [141.02485527, 39.68850278], [141.02475417, 39.68841194], [141.02464667, 39.68827999], [141.02458028, 39.68817028], [141.02450472, 39.68806417], [141.02440084, 39.68793611], [141.02434862, 39.68785917], [141.02432028, 39.68777889], [141.02428083, 39.68768], [141.024235, 39.68761417], [141.02418611, 39.68753361], [141.02415695, 39.68750528], [141.02411306, 39.68745473], [141.02406222, 39.68738694], [141.02397944, 39.68731777], [141.02391778, 39.68724472], [141.02387528, 39.68715695], [141.02385806, 39.68707751], [141.02380916, 39.68698861], [141.02376333, 39.68690277], [141.02368333, 39.68680167], [141.0236175, 39.68670027], [141.02358111, 39.68666084], [141.02354389, 39.68661194], [141.0234775, 39.68652417], [141.02337361, 39.68643278], [141.02332139, 39.6863925], [141.02326916, 39.68632666], [141.02323861, 39.68623278], [141.02320306, 39.68616194], [141.02311778, 39.68605583], [141.02301834, 39.68592417], [141.02291889, 39.68581083], [141.02283361, 39.68574861], [141.02273444, 39.68569361], [141.02263388, 39.68565834], [141.02261194, 39.68562472], [141.02261194, 39.68557389], [141.02261111, 39.68551806], [141.02259722, 39.68543306], [141.02256917, 39.68536444], [141.02237889, 39.68513472], [141.02209472, 39.68486445], [141.02184556, 39.68466667], [141.02167055, 39.68453861], [141.02139111, 39.6843775], [141.0211925, 39.68426778], [141.02083722, 39.68406278], [141.02010972, 39.68369361], [141.0197925, 39.68353277], [141.01962334, 39.68347055], [141.0194325, 39.68336805], [141.01931416, 39.68333889], [141.01921944, 39.68334611], [141.01915334, 39.68337917], [141.01898278, 39.68345555], [141.01885972, 39.68351056], [141.01873667, 39.68354333], [141.0186325, 39.68356527], [141.01854584, 39.68358583], [141.01842917, 39.68359722], [141.01829166, 39.68360555], [141.01821111, 39.68359833], [141.01813556, 39.68357278], [141.01810722, 39.68351778], [141.01806, 39.68346667], [141.01802834, 39.68345805], [141.01799139, 39.68339055], [141.0179325, 39.68328306], [141.01782584, 39.68308805], [141.01790472, 39.68306778], [141.01818306, 39.68298388], [141.01837722, 39.68289972], [141.01845111, 39.68285973], [141.01848028, 39.68281473], [141.01848083, 39.68277695], [141.01848083, 39.68277167], [141.01836278, 39.68270223], [141.01813084, 39.68260639], [141.01788, 39.68248278], [141.01762445, 39.68237667], [141.017525, 39.68236194], [141.01740166, 39.68237306], [141.01726444, 39.68240944], [141.01714139, 39.68242417], [141.01702778, 39.68242778], [141.01692112, 39.68242611], [141.01687, 39.68241472], [141.01681889, 39.68240361], [141.01678111, 39.68237417], [141.01677527, 39.68236972], [141.01677514036203, 39.68236941152596], [141.0125, 39.683626], [141.011439, 39.687985], [141.013659, 39.692255], [141.029852, 39.701811], [141.035649, 39.700018], [141.03886, 39.694965], [141.048103, 39.689965], [141.064245, 39.6973], [141.069969, 39.697572], [141.075707, 39.700093], [141.078491, 39.703596], [141.078711, 39.716013], [141.080765, 39.721723], [141.076211, 39.725061], [141.06812, 39.726808], [141.070167, 39.729579], [141.088462, 39.721864], [141.08931, 39.724902], [141.098794, 39.723164], [141.099713, 39.730978], [141.106086, 39.735587], [141.106778, 39.74078], [141.111056, 39.74529], [141.119251, 39.748559], [141.116346, 39.751963], [141.121669, 39.756015], [141.12206, 39.760208], [141.1288, 39.767928], [141.146776, 39.771651], [141.150534, 39.765913], [141.1512882816356, 39.76598544610647], [141.15129528, 39.76597278], [141.15143805, 39.76571472], [141.15150361, 39.76561889], [141.15155472, 39.76556833], [141.15173722, 39.76533167], [141.15202889, 39.76501639], [141.15204333, 39.76493194], [141.15202139, 39.76488695], [141.15182472, 39.76474611], [141.15178834, 39.76466722], [141.15180278, 39.76459389], [141.15185166, 39.76454278], [141.151905, 39.76448694], [141.15206556, 39.76435778], [141.15212389, 39.76426778], [141.15212389, 39.76411], [141.15206556, 39.76395778], [141.15198528, 39.76379445], [141.15189778, 39.76355805], [141.15194861, 39.76332139], [141.15191944, 39.76320889], [141.15182472, 39.76312444], [141.1517225, 39.76309056], [141.15112444, 39.76309056], [141.15093472, 39.76312444], [141.15070111, 39.76319194], [141.15048222, 39.76327083], [141.15024889, 39.76338333], [141.15018306, 39.76345667], [141.15016833, 39.76351305], [141.15021222, 39.76365361], [141.15031444, 39.76381723], [141.15031444, 39.76387333], [141.15025611, 39.76395222], [141.15004444, 39.76414916], [141.14999333, 39.76425611], [141.14997861, 39.76445306], [141.14994222, 39.76449834], [141.14969417, 39.76454333], [141.14953361, 39.76456028], [141.14918361, 39.76461667], [141.149125, 39.76462222], [141.14903778, 39.76461083], [141.14898667, 39.76459389], [141.14881889, 39.76445889], [141.14840306, 39.76426167], [141.14819139, 39.76412639], [141.1480675, 39.76407583], [141.14760778, 39.76406472], [141.147345, 39.76398584], [141.14727222, 39.76398], [141.14723556, 39.7640025], [141.1470825, 39.76414916], [141.14689278, 39.76429], [141.14681972, 39.7643125], [141.14664472, 39.76432917], [141.14657167, 39.76435167], [141.14649139, 39.76438556], [141.14557222, 39.76438556], [141.14485722, 39.76435167], [141.14451444, 39.7643125], [141.14441778, 39.76429139], [141.14394528, 39.76418861], [141.14377028, 39.76414916], [141.14317944, 39.76402528], [141.14286583, 39.7638225], [141.14275639, 39.76377722], [141.14266861, 39.76375472], [141.1421725, 39.76373805], [141.14202667, 39.76369306], [141.14186611, 39.76360833], [141.14161805, 39.76345084], [141.14139916, 39.76327611], [141.14129694, 39.76315222], [141.14123861, 39.76302833], [141.14112195, 39.76263972], [141.14106361, 39.76254417], [141.14095444, 39.76245944], [141.14085944, 39.76240334], [141.14062611, 39.76231889], [141.14056028, 39.76227361], [141.14044361, 39.76213278], [141.14035611, 39.76199222], [141.14032694, 39.76189084], [141.14031223, 39.76174445], [141.14028306, 39.76163722], [141.14023194, 39.76156416], [141.13999139, 39.76131083], [141.13988167, 39.76115333], [141.13973583, 39.76076472], [141.13971417, 39.76064639], [141.13972861, 39.760545], [141.13973583, 39.7600775], [141.139765, 39.759965], [141.13981611, 39.75983527], [141.13981611, 39.75966083], [141.13975778, 39.75951444], [141.13973583, 39.75946944], [141.13972139, 39.75936805], [141.139765, 39.75923278], [141.13980889, 39.75904695], [141.13980889, 39.75902444], [141.13988167, 39.75894], [141.140035, 39.75887806], [141.14018111, 39.75883305], [141.14033417, 39.75874889], [141.14059694, 39.75853472], [141.14083778, 39.75843334], [141.14100555, 39.7582925], [141.14109306, 39.75818556], [141.14123917, 39.75805222], [141.14125361, 39.75803917], [141.1413775, 39.75796027], [141.14142139, 39.75794917], [141.14142861, 39.75793778], [141.14172056, 39.75785333], [141.14221667, 39.75776305], [141.14232611, 39.75770139], [141.14237, 39.75763361], [141.14239916, 39.75748722], [141.14243556, 39.75744777], [141.142545, 39.75740278], [141.14262528, 39.75740834], [141.14279306, 39.75745917], [141.14291695, 39.75747028], [141.14307722, 39.75742528], [141.14320139, 39.75735222], [141.14359528, 39.75727889], [141.14392361, 39.75720555], [141.14406972, 39.75719445], [141.14431056, 39.7572], [141.14460222, 39.7572225], [141.14478472, 39.75721695], [141.14491584, 39.75718861], [141.14506917, 39.75712111], [141.14517861, 39.75703111], [141.1454925, 39.75666528], [141.14552167, 39.75658639], [141.14549972, 39.75651889], [141.14543417, 39.75645139], [141.14530139, 39.7563525], [141.14521528, 39.75629361], [141.14512028, 39.75622611], [141.14510889, 39.75619722], [141.14511084, 39.75615917], [141.14514083, 39.75615361], [141.14531, 39.75619222], [141.145485, 39.75618667], [141.14566028, 39.75614139], [141.14583527, 39.75605694], [141.14606889, 39.75587695], [141.14623667, 39.75572472], [141.14630222, 39.75561778], [141.14631694, 39.75528], [141.14635334, 39.75517278], [141.14649945, 39.7549475], [141.14661611, 39.75474472], [141.14677667, 39.75437916], [141.14682028, 39.75417056], [141.146835, 39.75401305], [141.14680583, 39.75383278], [141.14672556, 39.75369194], [141.14667445, 39.75362444], [141.146565, 39.75344417], [141.14658694, 39.75340472], [141.14686417, 39.75322444], [141.14712666, 39.75302167], [141.14730917, 39.75292611], [141.14842723, 39.75284111], [141.14893055, 39.75280778], [141.14994084, 39.75273417], [141.14992305, 39.75280778], [141.14989917, 39.75291472], [141.14982611, 39.75308944], [141.14976028, 39.75317389], [141.14945389, 39.75333166], [141.14941028, 39.75337083], [141.14938833, 39.75341056], [141.14938833, 39.7535175], [141.14949055, 39.75372], [141.14963639, 39.75388916], [141.14976778, 39.753985], [141.14997916, 39.75411445], [141.15006694, 39.75417639], [141.15016139, 39.75430028], [141.15013944, 39.75439583], [141.15009583, 39.75448611], [141.14987722, 39.75464361], [141.14972389, 39.7547225], [141.14965833, 39.75479028], [141.14965833, 39.75489723], [141.14967278, 39.75495361], [141.14989889, 39.7551], [141.15000834, 39.75520694], [141.15009583, 39.75533055], [141.15010305, 39.75538139], [141.15008111, 39.75539805], [141.14997889, 39.75540945], [141.14962917, 39.75549389], [141.14942473, 39.75558389], [141.14922055, 39.75569667], [141.1489725, 39.75589361], [141.14888472, 39.75600083], [141.14881917, 39.75610777], [141.14877583, 39.75615527], [141.14874639, 39.75618778], [141.14866583, 39.75627666], [141.14854194, 39.75636667], [141.14846167, 39.75645139], [141.14844694, 39.7565075], [141.14841056, 39.75669917], [141.14832305, 39.75686806], [141.14830861, 39.75696945], [141.14831583, 39.757065], [141.14839611, 39.75724528], [141.14837417, 39.75734111], [141.14829389, 39.75752139], [141.14825, 39.75759444], [141.1482575, 39.75767334], [141.14827194, 39.75771805], [141.14831583, 39.75776305], [141.14836694, 39.75779695], [141.14855667, 39.75785889], [141.14875333, 39.75790389], [141.14884084, 39.75793778], [141.14887722, 39.75797722], [141.14889195, 39.75806722], [141.14884806, 39.75814611], [141.14871695, 39.758315], [141.14854889, 39.75855722], [141.14841777, 39.75868111], [141.14830861, 39.75875445], [141.1481625, 39.75879945], [141.14796556, 39.7588275], [141.14779778, 39.75887833], [141.14769556, 39.75895139], [141.14755694, 39.75909806], [141.1472725, 39.75941889], [141.14722861, 39.75944139], [141.14710444, 39.75943583], [141.14702444, 39.75937389], [141.14685639, 39.75908111], [141.14679806, 39.75903583], [141.14668139, 39.75903028], [141.14657917, 39.75906417], [141.14648444, 39.75911472], [141.14619972, 39.75934], [141.14604667, 39.75945278], [141.14587889, 39.75953722], [141.14568916, 39.75965556], [141.14561611, 39.75972306], [141.14552139, 39.75986389], [141.14549222, 39.75993111], [141.1454775, 39.76022416], [141.14540473, 39.76035917], [141.1453825, 39.76043222], [141.1453825, 39.76055056], [141.14546305, 39.76073083], [141.1454775, 39.76089417], [141.14543389, 39.76102944], [141.14530972, 39.76123195], [141.14528056, 39.76136167], [141.14533167, 39.76160389], [141.1453825, 39.76172195], [141.14544833, 39.76176722], [141.14571111, 39.76186861], [141.14589334, 39.76187972], [141.1461925, 39.76182333], [141.14624167, 39.76182222], [141.14642611, 39.76181778], [141.14659389, 39.76184028], [141.14668139, 39.76184028], [141.14683472, 39.76175583], [141.14702444, 39.76167139], [141.14740361, 39.76142361], [141.14776083, 39.76116445], [141.14780472, 39.76108], [141.14781194, 39.76087722], [141.14786306, 39.76059583], [141.14790694, 39.76050028], [141.14792139, 39.76047778], [141.14800166, 39.76042695], [141.1480675, 39.76039889], [141.14817694, 39.76038195], [141.14853444, 39.760365], [141.14872417, 39.76033139], [141.14900861, 39.76023], [141.14928583, 39.76007778], [141.14947556, 39.76001028], [141.1500375, 39.75984139], [141.15059195, 39.75966111], [141.15067222, 39.75963861], [141.15087639, 39.75957667], [141.15112444, 39.75952027], [141.15139417, 39.75949222], [141.15154028, 39.75949222], [141.15175167, 39.75953167], [141.15208, 39.75964417], [141.15229889, 39.75973417], [141.15275139, 39.75999917], [141.15308695, 39.76025806], [141.15316, 39.76030306], [141.15331333, 39.7603425], [141.15358305, 39.76037083], [141.15380166, 39.76041], [141.15394778, 39.76044944], [141.15413, 39.76057361], [141.15428333, 39.76070861], [141.1545825, 39.76106917], [141.15488889, 39.76146333], [141.15498639, 39.76163056], [141.15508583, 39.76180111], [141.15510778, 39.76186889], [141.15545056, 39.76248833], [141.15552361, 39.76257833], [141.15558194, 39.76261194], [141.15569139, 39.76264556], [141.15594666, 39.76264584], [141.15622389, 39.76262334], [141.15683667, 39.76262334], [141.1569025, 39.76261222], [141.15704833, 39.76255028], [141.15715056, 39.76249389], [141.15724528, 39.76240945], [141.15728916, 39.76231944], [141.15736945, 39.7619475], [141.15739861, 39.76180111], [141.15741305, 39.76177306], [141.15746417, 39.76177306], [141.15784361, 39.76188555], [141.15798222, 39.76195333], [141.15801861, 39.76199278], [141.15811361, 39.76221222], [141.1583325, 39.76256722], [141.15839083, 39.76264028], [141.15844195, 39.76266861], [141.15852222, 39.76268528], [141.15870416, 39.76267972], [141.1588575, 39.76264584], [141.15898167, 39.76255028], [141.15906194, 39.76244333], [141.15925167, 39.76208278], [141.15936834, 39.7619025], [141.15945583, 39.76182361], [141.15952889, 39.76179], [141.15964555, 39.76176166], [141.15972583, 39.76172806], [141.15978417, 39.76173916], [141.15984972, 39.76182361], [141.15990083, 39.76191945], [141.15990833, 39.76204889], [141.1600175, 39.76217861], [141.1601125, 39.76227972], [141.16019278, 39.762415], [141.16038972, 39.76262889], [141.1605125, 39.76273472], [141.16066222, 39.76283972], [141.16072945, 39.7628725], [141.160915, 39.76293889], [141.16100278, 39.76296139], [141.1610975, 39.76304583], [141.1610975, 39.76309083], [141.16103194, 39.76315278], [141.16092695, 39.76319111], [141.16084222, 39.76319778], [141.16076472, 39.76321417], [141.16061639, 39.76321278], [141.16052111, 39.76322611], [141.16037528, 39.76324861], [141.16027306, 39.76328806], [141.1602, 39.76329361], [141.16000306, 39.76333306], [141.15987166, 39.76338944], [141.15983528, 39.76341028], [141.15964555, 39.76351889], [141.15935361, 39.76362028], [141.15895222, 39.76367056], [141.15890861, 39.76368194], [141.15865333, 39.76369889], [141.15821583, 39.76369889], [141.15727445, 39.76374389], [141.15705556, 39.7637775], [141.15646472, 39.76392417], [141.15624583, 39.76392417], [141.15580806, 39.76388472], [141.15572056, 39.76389028], [141.15563278, 39.76394111], [141.15558166, 39.76399722], [141.15547222, 39.76436889], [141.15543583, 39.76461694], [141.15539945, 39.76477444], [141.15512222, 39.76503361], [141.15494694, 39.76530389], [141.15458222, 39.76575972], [141.15455305, 39.76583305], [141.15450194, 39.76603], [141.15448, 39.76609777], [141.15450916, 39.76615972], [141.1545675, 39.76619333], [141.15469889, 39.76618778], [141.15482305, 39.76615389], [141.15515861, 39.76600194], [141.15531194, 39.76595111], [141.15572056, 39.76587805], [141.15588083, 39.76583305], [141.15601944, 39.76581611], [141.1566325, 39.76581639], [141.15682944, 39.7658275], [141.15728194, 39.76583889], [141.15776306, 39.76583889], [141.15794555, 39.76581639], [141.15811194, 39.76577694], [141.15813528, 39.76577139], [141.15847805, 39.76576], [141.15881389, 39.76572611], [141.15955805, 39.76570361], [141.15979861, 39.765715], [141.16025833, 39.76579944], [141.16044056, 39.76583889], [141.16076889, 39.76585583], [141.16160778, 39.76602472], [141.16181944, 39.76607527], [141.16196555, 39.76609805], [141.16238861, 39.76622194], [141.16303778, 39.76641889], [141.16380389, 39.766695], [141.16389861, 39.76670611], [141.16411028, 39.76666667], [141.16418333, 39.76667222], [141.16433639, 39.7667625], [141.16440222, 39.76681889], [141.16454083, 39.76698778], [141.16462833, 39.76704417], [141.16475972, 39.76708361], [141.16496389, 39.76711722], [141.16516834, 39.76716805], [141.16521194, 39.76717361], [141.16538, 39.76723], [141.16574444, 39.76744389], [141.1658975, 39.76757333], [141.1661675, 39.7678775], [141.16632083, 39.76802389], [141.16637916, 39.76804639], [141.16653972, 39.76804639], [141.16681694, 39.76800723], [141.16708694, 39.76801278], [141.167335, 39.76808611], [141.1673775, 39.76809416], [141.16758306, 39.76808611], [141.16772167, 39.76808611], [141.16789278, 39.76816778], [141.16799167, 39.76820056], [141.16805, 39.76822667], [141.16810111, 39.76828306], [141.16810111, 39.76835639], [141.16808444, 39.76837139], [141.16802084, 39.76842944], [141.16767055, 39.76862084], [141.16755389, 39.76871111], [141.1674225, 39.76877861], [141.16718166, 39.76888556], [141.16708694, 39.76895889], [141.16691194, 39.76916722], [141.16676583, 39.76930806], [141.16664917, 39.76939806], [141.1665325, 39.7695275], [141.166525, 39.76961194], [141.16656889, 39.76980889], [141.16660528, 39.77002861], [141.16666361, 39.7702425], [141.16667834, 39.77031028], [141.16675139, 39.77063695], [141.16677306, 39.77076084], [141.16683139, 39.77090723], [141.16694834, 39.77114361], [141.16699195, 39.77126194], [141.16702111, 39.77140833], [141.16707944, 39.77148166], [141.16712306, 39.77150417], [141.16742222, 39.77151528], [141.16754639, 39.77156611], [141.16787472, 39.77176889], [141.16810083, 39.77193778], [141.168225, 39.77205056], [141.168305, 39.77217445], [141.16836334, 39.77237722], [141.16837805, 39.77263611], [141.16842194, 39.77278778], [141.16848028, 39.77292861], [141.16861139, 39.77313139], [141.16885972, 39.773475], [141.16896917, 39.77367222], [141.16904917, 39.77395945], [141.16903555, 39.77443667], [141.16903444, 39.77447195], [141.16898333, 39.77475333], [141.16900528, 39.77495611], [141.16906361, 39.77525472], [141.16914389, 39.77543472], [141.16918027, 39.77548], [141.16933361, 39.77557555], [141.16943584, 39.77566583], [141.16951611, 39.77571084], [141.16961083, 39.77573889], [141.16980056, 39.77575584], [141.16988083, 39.77578972], [141.16993194, 39.77583472], [141.16999028, 39.77592472], [141.1700925, 39.77614417], [141.17025305, 39.77636945], [141.17047917, 39.77657777], [141.17060306, 39.77666222], [141.17066889, 39.77667917], [141.17079278, 39.77667917], [141.17108444, 39.77658333], [141.17121583, 39.77656084], [141.17155139, 39.77656084], [141.17163167, 39.77657222], [141.17192361, 39.77657222], [141.17202555, 39.77656111], [141.172405, 39.77648222], [141.17290111, 39.77642611], [141.17312, 39.77639778], [141.17342639, 39.77631917], [141.17362361, 39.77631917], [141.17380555, 39.77636417], [141.17401, 39.77636417], [141.17425806, 39.77634167], [141.1745425, 39.77635278], [141.174995, 39.77644861], [141.17541805, 39.7765725], [141.17582667, 39.77676389], [141.17608945, 39.77687667], [141.17633, 39.77700611], [141.17644667, 39.777085], [141.17665083, 39.777175], [141.17686972, 39.77724278], [141.17710333, 39.77726528], [141.17740972, 39.77729334], [141.1776725, 39.77734972], [141.17775278, 39.77739472], [141.17778917, 39.77747916], [141.17777444, 39.77751306], [141.17770167, 39.7775975], [141.17762139, 39.7776425], [141.17742445, 39.77770445], [141.17712527, 39.77777778], [141.17697194, 39.77780584], [141.17672389, 39.7778675], [141.1765925, 39.77791833], [141.17649778, 39.77798], [141.17638833, 39.77810389], [141.17636639, 39.77805889], [141.17635195, 39.777935], [141.17630056, 39.77786194], [141.17618389, 39.77779444], [141.17604528, 39.77775473], [141.17577556, 39.77772111], [141.17555667, 39.77764778], [141.17523584, 39.77750139], [141.17512639, 39.77746195], [141.17489278, 39.77734944], [141.17460833, 39.77724278], [141.17439666, 39.7771975], [141.17420695, 39.77720306], [141.17400278, 39.77729861], [141.17384223, 39.77739445], [141.17368889, 39.77745639], [141.17346278, 39.77750694], [141.17327333, 39.77752389], [141.17305444, 39.77755222], [141.17250722, 39.77759722], [141.17206222, 39.77760278], [141.1717775, 39.77763667], [141.17147111, 39.77769861], [141.17137639, 39.77772667], [141.17114278, 39.777845], [141.17096027, 39.77789555], [141.17077806, 39.777935], [141.17058084, 39.77794083], [141.17030389, 39.77789], [141.17009167, 39.77780611], [141.16999028, 39.77776611], [141.16966194, 39.77760278], [141.16952333, 39.77750694], [141.16941389, 39.7774], [141.16918778, 39.77715222], [141.16899806, 39.77702834], [141.16878639, 39.77690445], [141.16864055, 39.77684805], [141.16848722, 39.7767975], [141.16835583, 39.77678056], [141.16816611, 39.776775], [141.16802028, 39.77680306], [141.16781639, 39.77688195], [141.167685, 39.77698333], [141.16766305, 39.77702278], [141.167685, 39.77720306], [141.16780861, 39.77740555], [141.16796194, 39.77756334], [141.16819528, 39.77770972], [141.16845083, 39.77782806], [141.16875, 39.77799695], [141.16923139, 39.77830111], [141.16969834, 39.77861056], [141.16985167, 39.77875695], [141.16999028, 39.77902167], [141.17009972, 39.77917944], [141.17024528, 39.77933139], [141.17031833, 39.77942722], [141.17046417, 39.77972], [141.17050083, 39.77986083], [141.17049333, 39.78013111], [141.17041333, 39.7802775], [141.17038389, 39.78036778], [141.17035472, 39.78048611], [141.17034861, 39.78065167], [141.17036195, 39.7807225], [141.1705225, 39.78098167], [141.1705225, 39.78108861], [141.170435, 39.78147139], [141.17042055, 39.78170223], [141.17042055, 39.7819725], [141.1704425, 39.78207389], [141.17057361, 39.78241195], [141.17058361, 39.78250723], [141.17057472, 39.78256861], [141.17052333, 39.782615], [141.17033278, 39.78273278], [141.16990972, 39.78290167], [141.16977111, 39.78298055], [141.16966167, 39.78309334], [141.16953028, 39.78329028], [141.16922389, 39.78349833], [141.16912916, 39.78361666], [141.16907805, 39.78388694], [141.16895389, 39.78427], [141.16887361, 39.78443889], [141.16858167, 39.78499639], [141.16834139, 39.7854075], [141.16823194, 39.78564389], [141.16817333, 39.78591973], [141.16816584, 39.78615639], [141.16818778, 39.78626889], [141.16832639, 39.78646611], [141.16848695, 39.7866575], [141.16862556, 39.78676444], [141.16863556, 39.78679639], [141.16861972, 39.78683583], [141.16857389, 39.78685639], [141.168525, 39.78685583], [141.16803472, 39.78684917], [141.16783778, 39.78689417], [141.16772111, 39.78693361], [141.16760445, 39.78698416], [141.16742917, 39.7871025], [141.16724694, 39.78728833], [141.16705722, 39.78753611], [141.16694055, 39.7877725], [141.1668675, 39.78802028], [141.1666925, 39.788465], [141.16661195, 39.78862278], [141.16649528, 39.78882], [141.16639306, 39.78898333], [141.16613778, 39.78931556], [141.16578028, 39.78969278], [141.16567083, 39.78986139], [141.16561972, 39.79004167], [141.1656125, 39.7902275], [141.16564167, 39.79035139], [141.16573639, 39.79053722], [141.16587528, 39.790695], [141.16607556, 39.79087444], [141.16622028, 39.79098055], [141.16643695, 39.79107805], [141.1666275, 39.79118472], [141.16667528, 39.79121084], [141.16667361, 39.79124194], [141.16662639, 39.7912525], [141.16644417, 39.7912525], [141.1663275, 39.79123556], [141.166145, 39.7911625], [141.16602833, 39.79110611], [141.16567083, 39.79090889], [141.16553945, 39.79081889], [141.16543, 39.79076834], [141.16533528, 39.79076834], [141.165255, 39.79082444], [141.16505805, 39.79112305], [141.16493389, 39.79139333], [141.16485361, 39.791675], [141.16475167, 39.79192833], [141.16470778, 39.79201278], [141.16465667, 39.79204111], [141.16459833, 39.79204111], [141.16432833, 39.79199], [141.16430639, 39.79200694], [141.16424084, 39.79210278], [141.1642025, 39.792205], [141.16416055, 39.79231666], [141.164175, 39.792345], [141.1641825, 39.79241805], [141.16416055, 39.79268278], [141.16407306, 39.79304333], [141.16384694, 39.79371333], [141.16375195, 39.79398361], [141.16373722, 39.79409639], [141.1631087864688, 39.79416818527634], [141.162319, 39.796478], [141.166004, 39.800705], [141.160507, 39.803344], [141.162211, 39.808102], [141.151604, 39.807039], [141.154211, 39.811627], [141.151767, 39.816786], [141.154634, 39.822302], [141.147004, 39.826689], [141.142419, 39.824111], [141.132424, 39.827719], [141.133646, 39.83005], [141.127245, 39.842742], [141.111587, 39.84264], [141.109558, 39.860374], [141.104375, 39.868235], [141.098631, 39.879237], [141.107884, 39.879097], [141.116051, 39.883396], [141.120972, 39.883933], [141.133456, 39.882465], [141.14076, 39.88996], [141.142929, 39.890084], [141.148617, 39.897628], [141.157786, 39.901122], [141.163045, 39.904647], [141.168647, 39.90315], [141.169021, 39.908278], [141.158968, 39.917869], [141.155851, 39.926813], [141.164725, 39.930176], [141.188306, 39.925595], [141.191194, 39.917228], [141.195993, 39.913048], [141.198893, 39.907785], [141.205963, 39.908196], [141.215926, 39.905584], [141.218314, 39.9014], [141.224881, 39.906361], [141.228401, 39.906423], [141.23331, 39.901293], [141.236823, 39.903191], [141.245734, 39.90367], [141.251135, 39.901495], [141.254053, 39.903532], [141.261821, 39.904558], [141.269227, 39.902332], [141.268471, 39.895707], [141.275396, 39.893052], [141.277899, 39.86774], [141.295255, 39.858961], [141.286974, 39.852934], [141.286323, 39.84826], [141.288107, 39.84127], [141.292972, 39.841849], [141.295413, 39.845473], [141.303456, 39.846275], [141.309779, 39.842855], [141.30927, 39.837005], [141.316485, 39.834105], [141.324751, 39.83509], [141.331517, 39.840836], [141.335456, 39.849028], [141.340551, 39.847797], [141.358099, 39.848135], [141.361767, 39.852337], [141.371703, 39.852031], [141.377512, 39.849688], [141.388987, 39.847267], [141.394626, 39.849024], [141.403443, 39.84961], [141.41253, 39.853585], [141.420175, 39.850747], [141.423166, 39.848038], [141.427549, 39.850173], [141.432552, 39.856581], [141.430974, 39.863738], [141.434216, 39.877546], [141.434247, 39.881435], [141.44247, 39.884056], [141.458775, 39.880384], [141.463888, 39.876026], [141.469813, 39.874314], [141.479156, 39.875286], [141.48418, 39.88278], [141.491826, 39.881671], [141.498604, 39.877934], [141.506106, 39.879184], [141.507408, 39.871101], [141.506742, 39.864069], [141.503869, 39.855668], [141.507169, 39.849971], [141.511651, 39.846395], [141.516578, 39.835654], [141.520301, 39.819164], [141.527392, 39.812714], [141.52218, 39.806663], [141.516489, 39.809017], [141.507246, 39.808048], [141.502915, 39.810172], [141.49831, 39.807805], [141.501498, 39.801099], [141.499186, 39.794106], [141.489801, 39.791074], [141.487959, 39.78206], [141.484931, 39.776987], [141.478409, 39.775775], [141.477687, 39.769205], [141.474349, 39.764903], [141.468338, 39.763508], [141.459597, 39.76695], [141.445871, 39.764766], [141.438853, 39.759692], [141.422192, 39.756163], [141.410487, 39.759796], [141.397415, 39.747411], [141.401554, 39.742945], [141.401029, 39.736523], [141.396589, 39.734913], [141.394847, 39.729333], [141.399635, 39.719754], [141.39512, 39.712948], [141.396373, 39.707376], [141.408734, 39.701175], [141.40866, 39.69171], [141.401861, 39.685523], [141.397752, 39.684668], [141.384296, 39.671911], [141.37839, 39.671653], [141.36523, 39.66811], [141.357194, 39.661164], [141.352355, 39.659409], [141.345214, 39.651494], [141.345777, 39.647964], [141.336906, 39.642173], [141.343396, 39.630057], [141.357242, 39.621804], [141.368826, 39.618561], [141.381145, 39.61317], [141.393439, 39.609758], [141.400085, 39.60476], [141.406057, 39.602603], [141.412668, 39.596592], [141.416387, 39.591114], [141.431571, 39.583052], [141.435575, 39.569849], [141.432029, 39.566781], [141.419877, 39.563733], [141.413687, 39.5725], [141.403421, 39.576969], [141.389152, 39.575892], [141.382739, 39.57384], [141.371093, 39.5758], [141.361882, 39.573618], [141.352421, 39.567467], [141.344119, 39.569243], [141.336917, 39.566725], [141.324856, 39.571083], [141.31862, 39.574987], [141.31367, 39.571693], [141.305052, 39.572186], [141.309291, 39.579546]], [[141.30386388, 39.81601111], [141.30383917, 39.81594222], [141.30380778, 39.81590445], [141.30377916, 39.81588861], [141.30373028, 39.81589472], [141.30370333, 39.81592111], [141.30368861, 39.81600555], [141.30365222, 39.81608445], [141.30360833, 39.81612389], [141.30353556, 39.81612389], [141.3034625, 39.81609], [141.30327278, 39.81608445], [141.3032, 39.81605639], [141.30306139, 39.815955], [141.30292278, 39.81589278], [141.30279139, 39.81587111], [141.30282806, 39.81584778], [141.30289361, 39.81583666], [141.3032, 39.81587028], [141.30327278, 39.81598305], [141.30330944, 39.81599416], [141.30353556, 39.8159775], [141.30357194, 39.815955], [141.30358666, 39.81586473], [141.30357917, 39.81587028], [141.30361584, 39.81584223], [141.30379083, 39.81576333], [141.30385639, 39.81576889], [141.30395861, 39.81590416], [141.30404611, 39.81592111], [141.3041775, 39.81582528], [141.30422861, 39.81576889], [141.30421417, 39.81571833], [141.30411917, 39.81554944], [141.30406083, 39.8154425], [141.30405361, 39.81533527], [141.30412639, 39.81529027], [141.30424333, 39.81530167], [141.30457889, 39.81539722], [141.30472472, 39.81541972], [141.30484167, 39.81542556], [141.30524277, 39.81542556], [141.30554195, 39.81538056], [141.30570972, 39.8153525], [141.3059725, 39.81536389], [141.30619861, 39.81536944], [141.30638111, 39.81527361], [141.30646861, 39.81525694], [141.3065925, 39.81526806], [141.30668, 39.81530194], [141.30674556, 39.81536389], [141.30679667, 39.81551028], [141.30684778, 39.81557778], [141.30721972, 39.81572389], [141.30724166, 39.81579167], [141.3073, 39.81586473], [141.30740223, 39.81592666], [141.30754084, 39.816], [141.30766445, 39.81604917], [141.30774028, 39.81606], [141.30785555, 39.816055], [141.30796417, 39.8160225], [141.30798805, 39.81600278], [141.30801167, 39.81594306], [141.30804417, 39.81590973], [141.30818305, 39.81579195], [141.30817556, 39.8157525], [141.30816333, 39.81571556], [141.30813194, 39.81567361], [141.30806083, 39.81563138], [141.30796417, 39.81556667], [141.30786194, 39.81551583], [141.30762111, 39.81542], [141.30746055, 39.81530194], [141.30740945, 39.81524], [141.30737167, 39.81510444], [141.30734972, 39.81506416], [141.30724861, 39.81499611], [141.30722722, 39.81496944], [141.3072125, 39.81492444], [141.30719445, 39.81480694], [141.30719, 39.81475584], [141.30722472, 39.81472666], [141.30730695, 39.81472917], [141.30735417, 39.81471445], [141.307395, 39.81466555], [141.30743333, 39.81465833], [141.30749639, 39.81468778], [141.30760361, 39.81477306], [141.3076575, 39.8148175], [141.30782528, 39.81494694], [141.30811722, 39.81507084], [141.30843111, 39.81517222], [141.30859083, 39.81523028], [141.30866445, 39.81525694], [141.3093575, 39.81538639], [141.31019639, 39.81562278], [141.31053944, 39.8157075], [141.31091139, 39.81580305], [141.31122528, 39.815865], [141.31153166, 39.81591583], [141.31187473, 39.81598889], [141.31215166, 39.81603417], [141.3124725, 39.81603417], [141.31272084, 39.81599445], [141.31306361, 39.81589889], [141.3131, 39.81589889], [141.31331167, 39.81583139], [141.3133775, 39.81582555], [141.313465, 39.81580889], [141.31372028, 39.81578055], [141.31429666, 39.8157525], [141.31449361, 39.81575805], [141.31498944, 39.81579195], [141.315245, 39.815775], [141.31540555, 39.81572417], [141.3156025, 39.81562278], [141.315865, 39.81547639], [141.31609861, 39.81530194], [141.31614222, 39.81525111], [141.31639778, 39.81502611], [141.31646334, 39.81484027], [141.31656555, 39.81467139], [141.31669694, 39.81451944], [141.31685722, 39.81439555], [141.31692305, 39.81439555], [141.31706889, 39.81448555], [141.31719305, 39.8145925], [141.31727333, 39.81468834], [141.31749945, 39.81508806], [141.31760166, 39.81521778], [141.31782055, 39.81539778], [141.31799777, 39.81549528], [141.31817777, 39.81559473], [141.31830916, 39.81565667], [141.31833834, 39.81567917], [141.31878333, 39.81611278], [141.3189875, 39.81619167], [141.31913361, 39.81623111], [141.31930139, 39.81629861], [141.31935972, 39.81633806], [141.31957861, 39.81645639], [141.31967333, 39.81647889], [141.31978306, 39.81647333], [141.32002361, 39.81647333], [141.32025723, 39.81651278], [141.32043195, 39.81656889], [141.32069473, 39.81668722], [141.32084806, 39.81681111], [141.32097917, 39.81689], [141.32128583, 39.816935], [141.32162861, 39.81695195], [141.32209556, 39.81689556], [141.32229972, 39.81685056], [141.32245305, 39.81681111], [141.32268667, 39.81677166], [141.323015, 39.81677166], [141.32323361, 39.8168], [141.32361278, 39.8168], [141.323715, 39.8167775], [141.32384639, 39.81672111], [141.32390472, 39.81664778], [141.32392666, 39.81660278], [141.32392666, 39.81646194], [141.32381, 39.81628778], [141.32379527, 39.81607361], [141.32369333, 39.81567389], [141.32369333, 39.81564], [141.32372361, 39.81558389], [141.32374417, 39.81553528], [141.32374111, 39.815495], [141.32370028, 39.81541333], [141.32360583, 39.81533028], [141.3235475, 39.81530223], [141.32349805, 39.81528695], [141.32335445, 39.81526973], [141.32333222, 39.8152575], [141.32330667, 39.81520639], [141.3232775, 39.81506], [141.323135, 39.81481055], [141.32312389, 39.81478111], [141.32312861, 39.81475306], [141.32317612, 39.81472889], [141.32322638, 39.81471084], [141.32333556, 39.8146875], [141.32351111, 39.81468834], [141.32388306, 39.81477278], [141.32413112, 39.81485167], [141.32435, 39.81495306], [141.32447389, 39.81503194], [141.32454695, 39.81507111], [141.32470723, 39.81520639], [141.32472861, 39.81523083], [141.32487527, 39.81539778], [141.32507222, 39.81557805], [141.32510862, 39.81562889], [141.32513778, 39.815685], [141.32537139, 39.81631028], [141.32542972, 39.81640028], [141.32545167, 39.81640611], [141.32553195, 39.81646778], [141.32561195, 39.8165075], [141.32584555, 39.81659195], [141.3261375, 39.81665945], [141.32649473, 39.816665], [141.32673555, 39.81662], [141.32688139, 39.81656916], [141.32700555, 39.8165075], [141.32717333, 39.81638361], [141.32721694, 39.81630473], [141.32727528, 39.81609056], [141.32732639, 39.81594972], [141.32739945, 39.81578639], [141.32745055, 39.81570777], [141.32758916, 39.81555], [141.32772777, 39.81543167], [141.32799777, 39.81528528], [141.32856695, 39.81504306], [141.32899, 39.81485722], [141.32912139, 39.81481778], [141.32923805, 39.81480111], [141.32942055, 39.81479], [141.33013528, 39.81478444], [141.33049277, 39.81464916], [141.33062416, 39.81463778], [141.33105444, 39.81466611], [141.33133917, 39.81467722], [141.33157277, 39.81470556], [141.33191555, 39.81477306], [141.33217084, 39.8148575], [141.33227305, 39.8149025], [141.33279833, 39.81506583], [141.33310472, 39.81515028], [141.33322139, 39.81515611], [141.33331611, 39.81513361], [141.33356417, 39.81511667], [141.33360306, 39.81510666], [141.33367361, 39.81508833], [141.33373916, 39.81506028], [141.33396556, 39.81490833], [141.33406777, 39.81490833], [141.3341625, 39.81499278], [141.33424278, 39.81513917], [141.3343375, 39.81547667], [141.3344325, 39.81573027], [141.33444722, 39.81573583], [141.33448361, 39.81578639], [141.33461472, 39.81590472], [141.33478278, 39.81598917], [141.33498695, 39.81603444], [141.33541028, 39.81603444], [141.33565056, 39.81601167], [141.33578195, 39.81598361], [141.33592056, 39.81593306], [141.33607389, 39.81585972], [141.33637305, 39.81565722], [141.33654083, 39.81546583], [141.336665, 39.81528555], [141.33673778, 39.81513361], [141.33682528, 39.81495333], [141.33698583, 39.81488], [141.33709528, 39.8148125], [141.33718278, 39.81467722], [141.33735806, 39.81445778], [141.33747472, 39.81437305], [141.33762055, 39.81432805], [141.33788333, 39.81433944], [141.33804389, 39.814345], [141.3384525, 39.81421555], [141.338635, 39.81415362], [141.33885389, 39.81409722], [141.33908722, 39.81401862], [141.33943777, 39.81389389], [141.33964, 39.81382555], [141.33983833, 39.81371445], [141.34056805, 39.81339361], [141.34069944, 39.81333166], [141.34108611, 39.81312306], [141.34113723, 39.81306139], [141.34115917, 39.81288667], [141.34119555, 39.81280222], [141.34129778, 39.81271222], [141.34145833, 39.812605], [141.34153861, 39.81257139], [141.34156223, 39.81255334], [141.34157638, 39.81252777], [141.34157, 39.81245361], [141.34159861, 39.81242667], [141.34165528, 39.81242556], [141.34171361, 39.81243055], [141.34180973, 39.81244806], [141.34186694, 39.81245861], [141.34218056, 39.8124925], [141.34250888, 39.81249834], [141.34262555, 39.81247027], [141.34279361, 39.81239695], [141.34293195, 39.81234639], [141.34307722, 39.81232166], [141.34339306, 39.81233139], [141.34355695, 39.81232639], [141.34441306, 39.81204222], [141.34472666, 39.81194083], [141.34521556, 39.8118], [141.34540527, 39.81176639], [141.3456825, 39.81169861], [141.34592333, 39.81160278], [141.34600361, 39.81158611], [141.3461275, 39.81156916], [141.34639028, 39.81155778], [141.34647056, 39.81152416], [141.34672584, 39.8113325], [141.34690111, 39.81125361], [141.34692306, 39.81123111], [141.34695944, 39.8111975], [141.34707583, 39.8110625], [141.34716361, 39.81089361], [141.34727306, 39.81040916], [141.34731694, 39.81029666], [141.34739, 39.81021778], [141.34748473, 39.81016723], [141.3475475, 39.81018194], [141.34761583, 39.81022333], [141.34768139, 39.81029666], [141.34773972, 39.8103925], [141.34787833, 39.81051639], [141.34800972, 39.81060639], [141.34813389, 39.81066278], [141.34825778, 39.81069639], [141.34841111, 39.81070778], [141.34850583, 39.81069639], [141.34873945, 39.81069083], [141.34892916, 39.81074722], [141.34921362, 39.81086556], [141.34953472, 39.810995], [141.3497025, 39.81104], [141.34997944, 39.81104], [141.35027139, 39.81098944], [141.35043917, 39.81093861], [141.350585, 39.81093861], [141.35069445, 39.81098361], [141.35097917, 39.8111525], [141.35100083, 39.81117528], [141.35111861, 39.81124694], [141.35113972, 39.81125972], [141.35124167, 39.81129916], [141.35144611, 39.81134416], [141.35181805, 39.81135528], [141.35200778, 39.81132166], [141.35219028, 39.81126528], [141.35235083, 39.81118639], [141.35254056, 39.81104], [141.35269361, 39.81096111], [141.35272278, 39.81095556], [141.35291972, 39.81095], [141.35313111, 39.8109725], [141.35337194, 39.81097806], [141.35356166, 39.81095556], [141.35386806, 39.81087667], [141.35403583, 39.81080333], [141.35412333, 39.81073583], [141.35415278, 39.81065695], [141.35412333, 39.81051639], [141.35412333, 39.81036416], [141.35424028, 39.81022361], [141.35437889, 39.80998139], [141.35440084, 39.80996473], [141.35446638, 39.80992528], [141.35463417, 39.80992528], [141.35491139, 39.80980139], [141.35513028, 39.80966056], [141.3552325, 39.80957611], [141.35529834, 39.80945777], [141.3554075, 39.80919305], [141.35547333, 39.80908028], [141.35572861, 39.8086975], [141.35575778, 39.80859611], [141.35577973, 39.80843278], [141.35583805, 39.80821333], [141.35588194, 39.80816833], [141.355955, 39.80803306], [141.35600584, 39.80787556], [141.35602778, 39.80772917], [141.35617388, 39.80747555], [141.35618834, 39.80739695], [141.35618111, 39.80727861], [141.35620306, 39.80721667], [141.35629778, 39.80721667], [141.35634889, 39.80723361], [141.35646556, 39.80723917], [141.35651666, 39.80721083], [141.35669167, 39.80703083], [141.35680139, 39.80687861], [141.35683056, 39.80677722], [141.35681584, 39.8064675], [141.35675, 39.80596667], [141.35661889, 39.80551611], [141.35653972, 39.80537528], [141.35652389, 39.80534723], [141.35636361, 39.80520083], [141.35623944, 39.80507694], [141.35608611, 39.80483472], [141.35601361, 39.80467139], [141.35599167, 39.80458111], [141.35588222, 39.80445167], [141.35570722, 39.80432778], [141.3555175, 39.80415333], [141.35541528, 39.80402361], [141.355335, 39.80388278], [141.35529111, 39.80375916], [141.35502111, 39.80353972], [141.35499194, 39.80349444], [141.3549775, 39.80338194], [141.35495556, 39.803315], [141.35487361, 39.80326639], [141.35477251, 39.80326139], [141.35467111, 39.80320722], [141.35462722, 39.80316222], [141.35443027, 39.80302139], [141.35393444, 39.80267805], [141.35381027, 39.80262723], [141.35346, 39.80255416], [141.35333611, 39.80249778], [141.35325583, 39.80243583], [141.35308805, 39.80226694], [141.35286195, 39.80205277], [141.3526575, 39.80191194], [141.35253334, 39.80179361], [141.35242416, 39.80163055], [141.35235111, 39.80145028], [141.35224167, 39.80111222], [141.35219083, 39.80105611], [141.35206666, 39.80097722], [141.351775, 39.80085916], [141.35162167, 39.80078611], [141.35145388, 39.80069028], [141.35095055, 39.80028472], [141.35065139, 39.80011027], [141.35051278, 39.80004805], [141.35016972, 39.79985667], [141.34996528, 39.79976111], [141.34933111, 39.79951333], [141.34899528, 39.7994175], [141.34889417, 39.7993975], [141.34871083, 39.79936111], [141.34844083, 39.79932722], [141.34812694, 39.79931056], [141.34776362, 39.79931333], [141.34745584, 39.79928806], [141.34720083, 39.79924834], [141.34705472, 39.79919222], [141.34684306, 39.79902305], [141.34683584, 39.79900639], [141.34656584, 39.79874722], [141.34645639, 39.79867972], [141.34625944, 39.79860083], [141.34607722, 39.79856138], [141.34592528, 39.79851834], [141.34568306, 39.79845445], [141.34545695, 39.79845445], [141.34538389, 39.79847138], [141.34508472, 39.79856695], [141.34495362, 39.79856695], [141.34447916, 39.79838695], [141.3441875, 39.79825723], [141.34408833, 39.79820666], [141.34398722, 39.79813833], [141.34381555, 39.7979475], [141.34372806, 39.7978125], [141.34358195, 39.79768861], [141.34343611, 39.79754195], [141.34333389, 39.79724945], [141.34323917, 39.79708611], [141.34312972, 39.79697917], [141.34294722, 39.79688917], [141.3428525, 39.79682694], [141.34277222, 39.79674278], [141.34277222, 39.79665806], [141.34282334, 39.79657361], [141.34285972, 39.79654], [141.3429325, 39.79642722], [141.3429325, 39.79629222], [141.34287416, 39.79617944], [141.34282334, 39.79614], [141.34267723, 39.79604417], [141.34262611, 39.79599917], [141.34256778, 39.79584722], [141.34256056, 39.79576278], [141.34258972, 39.79570639], [141.34273555, 39.79556], [141.34281584, 39.79544166], [141.34282334, 39.79532333], [141.34277944, 39.79525028], [141.3424875, 39.79499694], [141.34247306, 39.79494083], [141.34249472, 39.79489583], [141.34265528, 39.79474917], [141.34272111, 39.79467611], [141.34272833, 39.79461417], [141.34269917, 39.79455222], [141.34259278, 39.79444583], [141.34257861, 39.79441417], [141.34258195, 39.79438861], [141.34259917, 39.7943775], [141.34267028, 39.79438611], [141.34270028, 39.79438472], [141.34272555, 39.79436305], [141.34272083, 39.79433861], [141.34265528, 39.7942425], [141.342645, 39.79421916], [141.34265528, 39.79419167], [141.34269195, 39.79419167], [141.34275083, 39.79420583], [141.34283277, 39.79427528], [141.34291194, 39.79451638], [141.34291972, 39.79457972], [141.34296917, 39.79472667], [141.34300555, 39.79476611], [141.34307861, 39.79478861], [141.34323195, 39.79480001], [141.34329028, 39.79485056], [141.34348, 39.79517166], [141.34355278, 39.795245], [141.343655, 39.79532361], [141.34378639, 39.79539666], [141.34387389, 39.79547555], [141.34402694, 39.79574583], [141.34418027, 39.79597667], [141.34425334, 39.79605], [141.34429139, 39.79608139], [141.34448667, 39.79624139], [141.34451612, 39.79625834], [141.34485166, 39.79652306], [141.34504111, 39.79663], [141.34520889, 39.7966975], [141.34547889, 39.79679639], [141.34579973, 39.79693972], [141.34588, 39.79698472], [141.34590916, 39.79701861], [141.34593112, 39.79702417], [141.34627417, 39.79729445], [141.346515, 39.79741834], [141.34676306, 39.79751417], [141.34690889, 39.79753667], [141.34707666, 39.79752527], [141.34723723, 39.79748611], [141.34746333, 39.79748611], [141.34768944, 39.79753111], [141.34814889, 39.797655], [141.34830222, 39.79768306], [141.34852833, 39.79769444], [141.34875444, 39.797745], [141.34905361, 39.79782944], [141.34919972, 39.79788583], [141.34952056, 39.79799278], [141.34960833, 39.79802666], [141.35002417, 39.79825195], [141.35014084, 39.79829695], [141.3504325, 39.79836472], [141.35073889, 39.79840972], [141.35088472, 39.79845472], [141.35113278, 39.79856167], [141.35173111, 39.79880389], [141.35190611, 39.79889917], [141.35206666, 39.79902305], [141.35208861, 39.79902889], [141.35217611, 39.79909084], [141.35230028, 39.79915834], [141.35242445, 39.79927111], [141.35262139, 39.79956389], [141.35267972, 39.79962028], [141.35273056, 39.79964278], [141.35290555, 39.79967639], [141.35316833, 39.79977223], [141.35324111, 39.79980611], [141.35332889, 39.79983417], [141.35375917, 39.79984555], [141.35391473, 39.79985833], [141.35402917, 39.79986805], [141.35421888, 39.79991861], [141.35446694, 39.80002], [141.35464945, 39.80013277], [141.35469305, 39.80016083], [141.35482444, 39.80025083], [141.35486833, 39.80026777], [141.3548975, 39.80026777], [141.35502139, 39.80023417], [141.35518194, 39.80009889], [141.35523305, 39.80007639], [141.35534944, 39.80008195], [141.35548083, 39.80013277], [141.35559028, 39.80022277], [141.35563639, 39.80031916], [141.35572167, 39.80049861], [141.35585306, 39.80074639], [141.35591861, 39.80093806], [141.35603527, 39.80110138], [141.35635639, 39.80137722], [141.35646584, 39.80149555], [141.35657527, 39.80165334], [141.35669944, 39.80179389], [141.35683805, 39.80190111], [141.35704973, 39.80204194], [141.35714445, 39.80209222], [141.35726083, 39.80219361], [141.35734111, 39.80228361], [141.35754555, 39.80268916], [141.35775694, 39.8029425], [141.35786639, 39.80303278], [141.35802694, 39.80312861], [141.35819473, 39.80320722], [141.35826056, 39.80324667], [141.35835528, 39.80328611], [141.35850111, 39.80328611], [141.35864722, 39.80323], [141.35874945, 39.80316778], [141.35882972, 39.80313417], [141.35893166, 39.80313972], [141.35903389, 39.80319611], [141.35907778, 39.80351694], [141.35911389, 39.80411417], [141.359165, 39.80420972], [141.35927444, 39.80433361], [141.35934, 39.8044575], [141.35940583, 39.80451389], [141.35958084, 39.80460417], [141.35961, 39.80463222], [141.35963194, 39.80471667], [141.35964667, 39.80487417], [141.35971223, 39.80504861], [141.36001861, 39.80540916], [141.36009889, 39.80553305], [141.36011362, 39.80565139], [141.36003306, 39.80589917], [141.36000389, 39.80598361], [141.35996028, 39.80620305], [141.35996028, 39.80652416], [141.35987278, 39.80695222], [141.35987278, 39.80714333], [141.35993834, 39.80731805], [141.35993111, 39.80746445], [141.35992473, 39.80751195], [141.35990194, 39.80767833], [141.35990194, 39.80788667], [141.35993111, 39.80794889], [141.36001861, 39.80805], [141.36028834, 39.80824723], [141.3603175, 39.80828111], [141.36034666, 39.80842195], [141.36036139, 39.80854], [141.36034666, 39.80891167], [141.3603175, 39.80899055], [141.36025167, 39.80905805], [141.3601425, 39.80914278], [141.36012055, 39.80919334], [141.36012055, 39.80931139], [141.36017889, 39.80943527], [141.3602225, 39.80951417], [141.36021527, 39.80957611], [141.35983583, 39.81002083], [141.35980667, 39.81011667], [141.3597775, 39.81033639], [141.35974834, 39.81042639], [141.35962444, 39.81058972], [141.35950028, 39.81067972], [141.35930333, 39.81077], [141.35918667, 39.81080361], [141.35911362, 39.81080944], [141.35899695, 39.81084333], [141.35882917, 39.81097278], [141.35871945, 39.81110778], [141.35866861, 39.81119806], [141.35862472, 39.81129916], [141.35855917, 39.8115525], [141.35850806, 39.81180583], [141.358435, 39.81203694], [141.35836222, 39.81217194], [141.35820166, 39.81237472], [141.35817972, 39.81240861], [141.35728972, 39.81336555], [141.35699805, 39.81354028], [141.35691778, 39.81367528], [141.3568375, 39.81372611], [141.35646528, 39.8137375], [141.35636333, 39.81377111], [141.35629028, 39.8138275], [141.35623194, 39.81392305], [141.35610778, 39.81419916], [141.35596917, 39.81432861], [141.35596194, 39.81439639], [141.35615889, 39.81462722], [141.35615889, 39.81474555], [141.3561525, 39.81477527], [141.35615167, 39.81477917], [141.35603472, 39.814965], [141.35596194, 39.81510584], [141.35592556, 39.81526334], [141.35592556, 39.81541527], [141.35595472, 39.81553361], [141.35599111, 39.81562361], [141.3560275, 39.81568], [141.35604222, 39.81571389], [141.35606389, 39.81573083], [141.35606389, 39.8157475], [141.35610778, 39.81579833], [141.35627528, 39.81593361], [141.35650139, 39.81604056], [141.35674222, 39.81611916], [141.35717278, 39.81629945], [141.35753027, 39.81649112], [141.35771278, 39.81660917], [141.3578075, 39.8166825], [141.35789528, 39.81680084], [141.35799, 39.81698111], [141.35807027, 39.8170825], [141.35823777, 39.81722306], [141.35833278, 39.81733028], [141.35843472, 39.81748778], [141.35848583, 39.81754417], [141.35865361, 39.81766805], [141.35916444, 39.81791027], [141.35925916, 39.81798917], [141.35937583, 39.81814667], [141.3594125, 39.81824778], [141.35947083, 39.81845056], [141.35955112, 39.81859694], [141.35960222, 39.81865889], [141.35974805, 39.81881111], [141.35981361, 39.81891806], [141.35982112, 39.81896861], [141.35985028, 39.81905333], [141.35983556, 39.81929528], [141.35979916, 39.81956555], [141.35982083, 39.81971777], [141.35985, 39.81979084], [141.36005416, 39.82006694], [141.36007611, 39.82015694], [141.36004694, 39.82025833], [141.35998139, 39.82039361], [141.35987917, 39.82055139], [141.35985, 39.82061861], [141.35987917, 39.82066916], [141.35987194, 39.8207875], [141.3593975, 39.82138444], [141.35931722, 39.82146334], [141.35920556, 39.82155305], [141.35906027, 39.82162611], [141.35882028, 39.8217725], [141.3587775, 39.82182389], [141.35875195, 39.8218775], [141.35864611, 39.82209972], [141.35847083, 39.82230805], [141.35839084, 39.82237], [141.3581575, 39.82257277], [141.35783639, 39.82279777], [141.35780722, 39.82280889], [141.35768333, 39.82291027], [141.3574425, 39.82316389], [141.35729667, 39.82341723], [141.35725278, 39.823575], [141.35726, 39.82372695], [141.35736223, 39.82390722], [141.35742056, 39.82405361], [141.35742028, 39.82422834], [141.35737638, 39.82441972], [141.35736916, 39.82454361], [141.35756611, 39.82521917], [141.35766834, 39.82552889], [141.35775583, 39.82583861], [141.35789472, 39.82614833], [141.3579675, 39.82643], [141.35800389, 39.82658195], [141.35811362, 39.82685805], [141.35815722, 39.82701584], [141.35820111, 39.82708334], [141.358325, 39.82716222], [141.35842722, 39.82719584], [141.35867528, 39.82719027], [141.35902527, 39.82719027], [141.35913472, 39.82721834], [141.35922944, 39.82729722], [141.3594775, 39.82769111], [141.359565, 39.82775306], [141.36005389, 39.82793917], [141.36048445, 39.82806861], [141.36084195, 39.82811917], [141.36123583, 39.82811361], [141.36168806, 39.82807417], [141.36169666, 39.82807445], [141.3623375, 39.82808555], [141.36262194, 39.82811361], [141.36281889, 39.82815861], [141.36299417, 39.82822611], [141.36311806, 39.82831083], [141.36335889, 39.82853611], [141.36355583, 39.82875556], [141.36386222, 39.82877806], [141.36405194, 39.8288175], [141.36410278, 39.82883444], [141.36434361, 39.82887389], [141.36453333, 39.82888528], [141.36541611, 39.82888528], [141.36556944, 39.82886278], [141.36570083, 39.82882889], [141.36583222, 39.82876139], [141.36597056, 39.82864306], [141.36602917, 39.828525], [141.36602917, 39.82826027], [141.36600722, 39.82811389], [141.36601444, 39.82799], [141.36602917, 39.82797305], [141.36613111, 39.82797861], [141.36624083, 39.82799555], [141.36627, 39.82798445], [141.3662625, 39.827945], [141.36618945, 39.82783805], [141.36616778, 39.82778723], [141.36605111, 39.82761278], [141.36583944, 39.827455], [141.36571528, 39.82734222], [141.36544972, 39.82692805], [141.36540222, 39.82689639], [141.36533278, 39.82686944], [141.36519083, 39.82681583], [141.36514973, 39.82678917], [141.36512445, 39.82672833], [141.36508778, 39.8264525], [141.36508778, 39.82633416], [141.36515361, 39.82626111], [141.36519722, 39.82623278], [141.36531389, 39.82622723], [141.36538694, 39.82619916], [141.36555473, 39.82608111], [141.3656425, 39.82597973], [141.36569334, 39.82588973], [141.36578111, 39.82567556], [141.36580306, 39.8256475], [141.36586861, 39.82560222], [141.36593583, 39.82561], [141.36596417, 39.82566361], [141.36601444, 39.8256925], [141.36614583, 39.82570361], [141.36621139, 39.82572056], [141.36624083, 39.8257375], [141.36627, 39.82594583], [141.36631361, 39.82600223], [141.36642194, 39.8260975], [141.3664725, 39.82611945], [141.3665325, 39.82611444], [141.36661278, 39.82603611], [141.36669305, 39.82592889], [141.36682444, 39.82585583], [141.36686806, 39.82583333], [141.3669775, 39.82585583], [141.36729861, 39.82597973], [141.36797695, 39.82628945], [141.36810083, 39.82637945], [141.36835639, 39.82662695], [141.36857528, 39.82686362], [141.36868472, 39.82692], [141.36873583, 39.8269425], [141.36883055, 39.82695944], [141.36910055, 39.82695944], [141.369305, 39.82692], [141.36950194, 39.82686917], [141.36963, 39.82684306], [141.36997611, 39.8267625], [141.3701, 39.82674], [141.37039195, 39.82666112], [141.37053056, 39.82658222], [141.37070584, 39.82645833], [141.37082222, 39.82642472], [141.37100444, 39.82642472], [141.37110667, 39.82648083], [141.37124528, 39.82648083], [141.37127028, 39.82648056], [141.37130861, 39.82645472], [141.37145694, 39.82636194], [141.37162473, 39.82623888], [141.37165944, 39.82618528], [141.37169778, 39.82616278], [141.37175111, 39.82618972], [141.37247111, 39.826695], [141.37300778, 39.82705667], [141.37340944, 39.82733333], [141.37395194, 39.82769723], [141.37426584, 39.82791111], [141.37435417, 39.82793139], [141.37448472, 39.82800695], [141.37418556, 39.82815889], [141.37399583, 39.82827722], [141.37379889, 39.82846861], [141.37363834, 39.82867694], [141.37353611, 39.82888556], [141.37347777, 39.82919528], [141.37344139, 39.82929638], [141.37338278, 39.82939222], [141.37329528, 39.82949917], [141.37301806, 39.82971334], [141.37277722, 39.82993277], [141.37273362, 39.83000584], [141.37274084, 39.83009027], [141.37277695, 39.83018805], [141.37279472, 39.83020945], [141.37246888, 39.83047555], [141.37193611, 39.83106973], [141.37145667, 39.83177833], [141.37130361, 39.83195445], [141.37096806, 39.83213445], [141.3705375, 39.83231472], [141.37015083, 39.83254555], [141.36997584, 39.832675], [141.36969862, 39.83278777], [141.36950889, 39.83291722], [141.36950889, 39.83292861], [141.36948694, 39.83293972], [141.36944306, 39.83300722], [141.36942139, 39.83308056], [141.36942139, 39.83351973], [141.36938472, 39.83367195], [141.36929723, 39.83382972], [141.36915861, 39.83402111], [141.36907111, 39.83408861], [141.36900527, 39.83411638], [141.36888139, 39.83412778], [141.36876472, 39.83414472], [141.36866972, 39.83419528], [141.36851666, 39.83430805], [141.36835611, 39.83439805], [141.36824666, 39.83448805], [141.36818834, 39.83457834], [141.36815889, 39.83469084], [141.36806417, 39.83491056], [141.36802055, 39.83505694], [141.36796944, 39.83512472], [141.36783083, 39.83523722], [141.36777973, 39.83527111], [141.36769194, 39.83536111], [141.36758278, 39.83551305], [141.36746583, 39.83574417], [141.36737834, 39.83600889], [141.36731722, 39.83613833], [141.36724833, 39.83623222], [141.36718611, 39.83629556], [141.36712389, 39.83639417], [141.36705806, 39.83648611], [141.36690222, 39.83665834], [141.36677222, 39.83680222], [141.3667175, 39.83685583], [141.36660389, 39.83699417], [141.36649944, 39.83698555], [141.36642278, 39.83701389], [141.36634027, 39.83706194], [141.36630195, 39.83707889], [141.36625056, 39.83707611], [141.36621389, 39.83705472], [141.36617722, 39.83703778], [141.36614445, 39.83700389], [141.36612612, 39.83695472], [141.36614083, 39.83683333], [141.36615916, 39.8366875], [141.36616444, 39.83663139], [141.36612973, 39.83655528], [141.3660475, 39.83638861], [141.36600195, 39.836325], [141.36597444, 39.83623889], [141.36600389, 39.83613806], [141.36604334, 39.83561445], [141.36608, 39.835485], [141.36613833, 39.83511333], [141.36628417, 39.83473028], [141.36642278, 39.834415], [141.36646667, 39.83421778], [141.36646667, 39.83405445], [141.36640806, 39.8339025], [141.36634972, 39.83382361], [141.36627694, 39.83377306], [141.36616, 39.83371666], [141.36589027, 39.83366583], [141.36569305, 39.83365473], [141.36551083, 39.83366583], [141.36527722, 39.83371111], [141.36497083, 39.83380111], [141.36469361, 39.8339025], [141.36458416, 39.83393639], [141.36406639, 39.83419528], [141.36405194, 39.83419528], [141.36390584, 39.83428555], [141.36376, 39.83435862], [141.36361417, 39.83446555], [141.36357028, 39.83448805], [141.36343889, 39.83461194], [141.3633075, 39.83478666], [141.36318361, 39.83500083], [141.36309584, 39.83520917], [141.36305222, 39.835395], [141.36298667, 39.83556917], [141.36298667, 39.8355975], [141.36292083, 39.83574389], [141.36275306, 39.83598583], [141.36264361, 39.83610417], [141.36261555, 39.83613806], [141.36249639, 39.83626833], [141.36243639, 39.83632139], [141.36236333, 39.83636805], [141.36219834, 39.83641889], [141.36196583, 39.836495], [141.36177806, 39.83656611], [141.36155583, 39.83666722], [141.36133972, 39.83679417], [141.36121889, 39.83689027], [141.36108361, 39.83695806], [141.36093333, 39.83702861], [141.360765, 39.83712306], [141.3607175, 39.83711611], [141.36068806, 39.83709333], [141.36067639, 39.83695583], [141.36071555, 39.83673639], [141.36077222, 39.83659389], [141.36087111, 39.83642305], [141.36092972, 39.83631861], [141.36095528, 39.83623973], [141.36092333, 39.83613806], [141.36077583, 39.83585083], [141.36069555, 39.83572695], [141.36068084, 39.83565361], [141.36070278, 39.83560861], [141.36072472, 39.83560305], [141.36072472, 39.83559167], [141.36075389, 39.83558055], [141.36086333, 39.83549028], [141.36103833, 39.83538889], [141.36118444, 39.83522583], [141.36130833, 39.8350175], [141.3613375, 39.83487111], [141.3613375, 39.83465166], [141.36128639, 39.83453889], [141.36117722, 39.83440944], [141.36111139, 39.83435862], [141.36104612, 39.83433055], [141.36093667, 39.83430805], [141.36036028, 39.83430805], [141.36019972, 39.83437], [141.36011222, 39.834415], [141.36002444, 39.83444889], [141.36001, 39.83446], [141.35979111, 39.834505], [141.35966917, 39.83450333], [141.35898111, 39.83449389], [141.35867472, 39.8344375], [141.35841944, 39.83442055], [141.35812028, 39.83444305], [141.35790889, 39.83447694], [141.35768889, 39.83452973], [141.35735417, 39.83467083], [141.35707666, 39.83476834], [141.35689472, 39.83482028], [141.35663194, 39.83494417], [141.35652972, 39.83502306], [141.356435, 39.83507917], [141.35636223, 39.83513556], [141.35620889, 39.8352875], [141.35620889, 39.83529889], [141.3560775, 39.83543417], [141.35572, 39.83585639], [141.35560334, 39.83598027], [141.35555945, 39.83598583], [141.35547195, 39.83595222], [141.35537694, 39.83585639], [141.35534056, 39.83576055], [141.35534056, 39.83567055], [141.35542806, 39.83545667], [141.35545722, 39.83532139], [141.35544278, 39.83523694], [141.35538444, 39.83515806], [141.35532612, 39.83511861], [141.35528222, 39.83513], [141.35524583, 39.83515806], [141.35519473, 39.83525944], [141.35512888, 39.83529889], [141.35507806, 39.83529889], [141.35501222, 39.83525389], [141.35491, 39.83516944], [141.35485917, 39.83506806], [141.35484472, 39.83489334], [141.35478639, 39.83479194], [141.35478639, 39.83471305], [141.35483028, 39.83462862], [141.35470611, 39.83445972], [141.35469138, 39.83442612], [141.35467694, 39.83433583], [141.35459667, 39.83420638], [141.35454555, 39.83414445], [141.35442167, 39.83406], [141.35433389, 39.83402611], [141.35423917, 39.83400916], [141.35403472, 39.83399223], [141.35397639, 39.83398111], [141.35395472, 39.83394723], [141.35406389, 39.83381223], [141.35406389, 39.83372223], [141.35398389, 39.83356444], [141.35392528, 39.83349139], [141.35381584, 39.8334575], [141.35367, 39.83344056], [141.35364083, 39.83342389], [141.35364083, 39.83337889], [141.35383778, 39.83315361], [141.35398389, 39.83302389], [141.35412972, 39.8329225], [141.35417361, 39.83287195], [141.35416611, 39.83279305], [141.35392028, 39.83247834], [141.35388889, 39.83243833], [141.35369194, 39.83214528], [141.35359694, 39.83203278], [141.35348028, 39.83192584], [141.35331278, 39.83181861], [141.35316695, 39.8317625], [141.35297722, 39.83171167], [141.35280916, 39.83168917], [141.35259028, 39.83170611], [141.35227639, 39.83178694], [141.35211861, 39.83178694], [141.35194111, 39.83174], [141.35178055, 39.83170055], [141.35160556, 39.83162167], [141.35151055, 39.83155972], [141.35146805, 39.83149944], [141.35146805, 39.83139222], [141.35151777, 39.83126111], [141.35190444, 39.83080528], [141.35200667, 39.83065333], [141.35204333, 39.83056306], [141.352065, 39.83045056], [141.35207972, 39.83024222], [141.35214528, 39.82989305], [141.35216, 39.82980278], [141.35213806, 39.82961695], [141.35205055, 39.8294425], [141.35189027, 39.82923972], [141.35169334, 39.82911028], [141.35149611, 39.82903694], [141.35127, 39.82900889], [141.35102639, 39.82899945], [141.35080305, 39.82901444], [141.35054778, 39.82905944], [141.35035083, 39.82911028], [141.35034334, 39.82912139], [141.35000778, 39.82920028], [141.34948972, 39.82937472], [141.34925639, 39.82947611], [141.34907389, 39.82960583], [141.34899361, 39.82974083], [141.34896445, 39.82987028], [141.34898639, 39.83002805], [141.34897917, 39.83007305], [141.34888416, 39.83028722], [141.34888416, 39.83074306], [141.348855, 39.83084444], [141.34879666, 39.83091194], [141.34873833, 39.83093444], [141.34868, 39.83092889], [141.34850723, 39.83086527], [141.34832389, 39.83079777], [141.34825666, 39.83073751], [141.34813306, 39.83047834], [141.34776083, 39.83005055], [141.34760028, 39.82979167], [141.34736695, 39.82945945], [141.34733777, 39.82943111], [141.34719167, 39.82922834], [141.34712611, 39.82913278], [141.34710417, 39.82900306], [141.3470225, 39.82888722], [141.34704166, 39.82884333], [141.34731583, 39.82860889], [141.34741806, 39.828485], [141.34751278, 39.82829916], [141.34759306, 39.82819778], [141.34786306, 39.82795556], [141.34808194, 39.82789361], [141.34843194, 39.82783167], [141.34852695, 39.82779806], [141.3486, 39.82773639], [141.34862916, 39.82768556], [141.34865083, 39.82762917], [141.34868028, 39.82749417], [141.34889194, 39.827145], [141.34898666, 39.82707722], [141.34911083, 39.82703805], [141.34924917, 39.82702112], [141.34969445, 39.82702112], [141.34986222, 39.82698722], [141.34997889, 39.82693083], [141.35016862, 39.82675056], [141.35033639, 39.82654806], [141.35034361, 39.82652528], [141.35054805, 39.82627194], [141.35057722, 39.82620444], [141.35057722, 39.82605806], [141.35041667, 39.82580445], [141.35040195, 39.82575972], [141.35062833, 39.82541639], [141.35070861, 39.8253375], [141.35072306, 39.82530361], [141.35070861, 39.82519111], [141.35066473, 39.82511778], [141.35053334, 39.82496583], [141.35032195, 39.82480806], [141.34995694, 39.82463916], [141.34986222, 39.82458278], [141.34983306, 39.82457722], [141.34980389, 39.82454889], [141.34955834, 39.82439028], [141.34949, 39.82434612], [141.34939527, 39.82430112], [141.34932973, 39.82426167], [141.34890666, 39.82411528], [141.34872417, 39.82407583], [141.34841055, 39.82406472], [141.34765166, 39.82400278], [141.34703889, 39.82400278], [141.34684166, 39.82402528], [141.3466375, 39.82405888], [141.34652084, 39.82410417], [141.34625084, 39.8242675], [141.3460975, 39.82438555], [141.34603195, 39.82447028], [141.34587139, 39.82488667], [141.34581305, 39.82494861], [141.34557361, 39.82517862], [141.34547889, 39.82528223], [141.34536305, 39.82535528], [141.34527334, 39.82538083], [141.34518334, 39.82539556], [141.34497666, 39.82539306], [141.34478416, 39.8253675], [141.34462944, 39.82534556], [141.34451416, 39.82533944], [141.34449362, 39.82532362], [141.34448583, 39.82530889], [141.34450611, 39.82527472], [141.34462778, 39.82513723], [141.34470416, 39.82497111], [141.34474805, 39.82479639], [141.34476278, 39.82467805], [141.34481361, 39.82459416], [141.34502528, 39.82445334], [141.34513472, 39.82434612], [141.34532445, 39.82420528], [141.34577667, 39.82396333], [141.34607611, 39.82381695], [141.34619277, 39.82376056], [141.34633139, 39.82366473], [141.34653528, 39.82353528], [141.34666667, 39.82349028], [141.34693667, 39.82343944], [141.34733055, 39.82341694], [141.34742556, 39.82340556], [141.34783417, 39.8234], [141.34805305, 39.82337194], [141.348155, 39.82334389], [141.34825722, 39.82332694], [141.34840306, 39.82327611], [141.34841055, 39.8232725], [141.34857834, 39.82319167], [141.34894306, 39.82295556], [141.34918388, 39.82278639], [141.34939556, 39.822685], [141.34946834, 39.82266834], [141.34954139, 39.822685], [141.3498475, 39.82290472], [141.34994972, 39.82295556], [141.35006639, 39.82298361], [141.35030001, 39.82325944], [141.35037277, 39.8233775], [141.35057722, 39.82355778], [141.35092028, 39.8238225], [141.35098583, 39.82387306], [141.35129945, 39.82412083], [141.35154778, 39.82438], [141.35177361, 39.82459972], [141.35197056, 39.82475166], [141.35201444, 39.82477416], [141.35211639, 39.82485306], [141.35245223, 39.82503889], [141.35250305, 39.82506722], [141.35264916, 39.82514583], [141.3529775, 39.82527555], [141.35316722, 39.82533167], [141.35348805, 39.82539389], [141.353685, 39.82541639], [141.35453111, 39.82541055], [141.35460416, 39.82539945], [141.35485222, 39.82538805], [141.35502, 39.82536], [141.35505666, 39.8253375], [141.35505666, 39.82528111], [141.35497639, 39.82519667], [141.35452389, 39.82494889], [141.35435611, 39.82479666], [141.3542325, 39.82462778], [141.35392583, 39.82412083], [141.35388222, 39.82403111], [141.35378722, 39.82369333], [141.35374889, 39.82340417], [141.35373639, 39.82331028], [141.35374361, 39.82302306], [141.35376556, 39.82276972], [141.35378, 39.82271889], [141.35382389, 39.82240917], [141.35389666, 39.82225139], [141.35411556, 39.82199806], [141.35414472, 39.82197556], [141.35417417, 39.82191361], [141.35419584, 39.821745], [141.35423973, 39.82167722], [141.35438556, 39.82151972], [141.35461917, 39.82128861], [141.35483805, 39.82107472], [141.35490361, 39.82095083], [141.35518083, 39.82065805], [141.35551666, 39.82032], [141.35580111, 39.82006111], [141.35590333, 39.81993694], [141.35594694, 39.81982444], [141.35594694, 39.81963889], [141.35588862, 39.81949805], [141.35581555, 39.81938555], [141.35569167, 39.81930112], [141.35556028, 39.81922778], [141.35481611, 39.81892361], [141.35471388, 39.81887306], [141.35445167, 39.81882806], [141.35397722, 39.81882806], [141.35394806, 39.81878278], [141.35397, 39.81872083], [141.35410139, 39.818535], [141.35413055, 39.81843917], [141.354145, 39.818355], [141.35412306, 39.81829861], [141.35403556, 39.81816889], [141.35391167, 39.81805083], [141.35358333, 39.81779723], [141.35321111, 39.81755528], [141.35281722, 39.81731861], [141.35270056, 39.81726222], [141.35247444, 39.81710472], [141.35239417, 39.81703694], [141.35225555, 39.81693555], [141.35223389, 39.81692444], [141.35212723, 39.81685083], [141.35202222, 39.81677805], [141.35200028, 39.81677222], [141.35189806, 39.81668222], [141.35175944, 39.81656417], [141.35155528, 39.81635583], [141.35129972, 39.81615888], [141.3508475, 39.815725], [141.350585, 39.81535334], [141.35046111, 39.81512805], [141.35035167, 39.81486333], [141.35032249, 39.814655], [141.35032249, 39.81412555], [141.35020556, 39.81376555], [141.35014, 39.81369222], [141.35011805, 39.81368667], [141.35001611, 39.81363028], [141.34988472, 39.81360778], [141.34954916, 39.81362472], [141.34925722, 39.81368111], [141.34896528, 39.81379333], [141.34829444, 39.81412555], [141.34813389, 39.81419889], [141.347915, 39.81425528], [141.34761583, 39.81424944], [141.34736778, 39.81421584], [141.34721444, 39.81418778], [141.34694444, 39.814165], [141.34690083, 39.814165], [141.34673306, 39.81420444], [141.34660889, 39.81420444], [141.34652138, 39.81415944], [141.34641917, 39.814075], [141.34627334, 39.81388361], [141.34612722, 39.81375389], [141.34599584, 39.81368083], [141.34583555, 39.81364139], [141.34555833, 39.81364139], [141.34544916, 39.81365833], [141.34534389, 39.81369583], [141.3452175, 39.81377361], [141.34513527, 39.81384972], [141.34461722, 39.81426084], [141.34449333, 39.81435666], [141.34446778, 39.81436944], [141.34436916, 39.81441861], [141.34394611, 39.81474528], [141.34361028, 39.81507139], [141.34343528, 39.81528], [141.34303389, 39.81553333], [141.34275667, 39.81575306], [141.34253056, 39.81594444], [141.34243556, 39.81598944], [141.34207084, 39.81607973], [141.34183722, 39.81613028], [141.34162583, 39.81616973], [141.34141445, 39.81622611], [141.34118833, 39.81634416], [141.34096195, 39.81647945], [141.34091833, 39.81649638], [141.34080889, 39.81649638], [141.34060472, 39.81644556], [141.34046584, 39.81640056], [141.34035666, 39.816395], [141.34013778, 39.81645695], [141.34010833, 39.81645695], [141.33986028, 39.81651306], [141.3395175, 39.81656916], [141.33945916, 39.81656916], [141.33922556, 39.8165975], [141.33875861, 39.8165975], [141.33857611, 39.81658611], [141.33829167, 39.81658611], [141.33796361, 39.8166425], [141.33787611, 39.81665945], [141.33752583, 39.81681695], [141.33718278, 39.81700305], [141.33702972, 39.81707612], [141.33665027, 39.81730722], [141.33642416, 39.81748167], [141.33624889, 39.81754917], [141.33590611, 39.81765056], [141.335585, 39.81781389], [141.33539528, 39.81785333], [141.33517639, 39.81787], [141.33515445, 39.81788111], [141.33485694, 39.81791583], [141.33467306, 39.8179375], [141.33454167, 39.81794306], [141.33441055, 39.81797139], [141.33410417, 39.81810083], [141.33397278, 39.81813473], [141.33349111, 39.81813473], [141.33315556, 39.81811223], [141.332995, 39.81807833], [141.33297333, 39.81806694], [141.33283444, 39.81803889], [141.33275444, 39.81799944], [141.33262305, 39.81788111], [141.3324625, 39.81779111], [141.33209778, 39.81773472], [141.33175472, 39.81770111], [141.33154334, 39.81770667], [141.33144139, 39.81772361], [141.33134639, 39.81775722], [141.33128806, 39.81778], [141.33123694, 39.81780806], [141.33087222, 39.81810083], [141.33071889, 39.81824166], [141.33066778, 39.81824723], [141.33063861, 39.81819083], [141.33060222, 39.81793194], [141.33052195, 39.81776306], [141.33046361, 39.81769527], [141.3304125, 39.81766167], [141.33031778, 39.81763917], [141.33013528, 39.81763334], [141.330055, 39.81764472], [141.32992361, 39.81767861], [141.32971195, 39.81772917], [141.32894611, 39.81792056], [141.32877805, 39.81796], [141.32839889, 39.81810639], [141.32793945, 39.81838805], [141.327735, 39.81854583], [141.32754528, 39.81872028], [141.32738472, 39.81888361], [141.32701278, 39.81923805], [141.32683027, 39.81945222], [141.32675749, 39.81958166], [141.32664778, 39.81991972], [141.32664778, 39.8201225], [141.32669889, 39.82035334], [141.32673028, 39.82044167], [141.32683027, 39.82072499], [141.326925, 39.82101223], [141.32707084, 39.821575], [141.32720223, 39.8219525], [141.32734084, 39.82218889], [141.32751583, 39.82237472], [141.32751583, 39.82243111], [141.32734806, 39.82290972], [141.32728972, 39.82316334], [141.32730417, 39.82323639], [141.32743556, 39.82337722], [141.32753055, 39.82347861], [141.32753055, 39.82349556], [141.327545, 39.82350111], [141.32758139, 39.82359139], [141.32758889, 39.82366444], [141.32752306, 39.82378833], [141.32732611, 39.82401916], [141.32723139, 39.82409778], [141.32700528, 39.82421056], [141.32679361, 39.8243625], [141.32673528, 39.82443], [141.32664028, 39.82457083], [141.32660389, 39.82468917], [141.32657472, 39.82492584], [141.32657472, 39.82519056], [141.32662583, 39.8254325], [141.32666223, 39.82550028], [141.32680806, 39.82562973], [141.32703444, 39.82575917], [141.32716556, 39.82583805], [141.32759611, 39.82603527], [141.32799722, 39.82619278], [141.32809944, 39.82623806], [141.3284275, 39.82633917], [141.32874861, 39.82645722], [141.32894584, 39.82655861], [141.32898222, 39.82660944], [141.32898222, 39.82667694], [141.32889445, 39.82674444], [141.32878527, 39.82677278], [141.32847139, 39.82680639], [141.3280775, 39.82680084], [141.32784388, 39.82676694], [141.32772, 39.82673334], [141.32764583, 39.8267125], [141.32763973, 39.82671084], [141.32747194, 39.82666584], [141.32734084, 39.82664306], [141.32673528, 39.8266375], [141.32642861, 39.82662056], [141.3262025, 39.82662611], [141.3260275, 39.82667139], [141.32583027, 39.82676694], [141.32559694, 39.82694166], [141.32550222, 39.82704306], [141.32542917, 39.82714445], [141.32538528, 39.82725138], [141.32538528, 39.82744278], [141.32544389, 39.82754972], [141.32558222, 39.82774694], [141.32559694, 39.82778084], [141.32559694, 39.82789889], [141.32551667, 39.82802861], [141.32544389, 39.8281075], [141.32505694, 39.8283775], [141.32495473, 39.82846194], [141.32489639, 39.82849583], [141.32489639, 39.82850694], [141.32487473, 39.82851833], [141.32476528, 39.82863666], [141.32461195, 39.82890695], [141.32451694, 39.8290475], [141.32446611, 39.82913778], [141.32444416, 39.82936861], [141.32444416, 39.82965584], [141.32445861, 39.82970666], [141.32445861, 39.82974584], [141.32452445, 39.82986972], [141.32464111, 39.83001056], [141.32478722, 39.83013472], [141.32505694, 39.83031472], [141.32515195, 39.83035972], [141.32521028, 39.83037111], [141.32547305, 39.8303825], [141.32571361, 39.83038805], [141.32585223, 39.83036555], [141.32611361, 39.83036889], [141.32646695, 39.8304225], [141.32648444, 39.83043722], [141.32647334, 39.83046139], [141.32645028, 39.8304725], [141.32642139, 39.83048333], [141.32637, 39.83052889], [141.32635973, 39.83055889], [141.32635666, 39.8306525], [141.32631389, 39.83069389], [141.32624611, 39.83074805], [141.32613667, 39.83082139], [141.32601972, 39.83088889], [141.32567722, 39.83090027], [141.32553861, 39.83091722], [141.3253925, 39.83096222], [141.32528445, 39.83102222], [141.32522444, 39.83102222], [141.32518167, 39.83100388], [141.32515195, 39.83100167], [141.32513277, 39.83101111], [141.32510445, 39.83106861], [141.32508222, 39.83109278], [141.32499528, 39.8311525], [141.32494028, 39.83116833], [141.32491833, 39.8311875], [141.32491167, 39.83133666], [141.32487473, 39.8313675], [141.32476528, 39.83141278], [141.32467972, 39.83147778], [141.32464167, 39.83148278], [141.32452445, 39.83145778], [141.32442944, 39.83142973], [141.3243275, 39.83140723], [141.32429083, 39.83139028], [141.32429916, 39.83128167], [141.32432, 39.83124361], [141.3245125, 39.83109778], [141.3246275, 39.83098555], [141.324675, 39.83089666], [141.32468277, 39.83079806], [141.32463084, 39.83063472], [141.3246, 39.83058055], [141.32458194, 39.83054916], [141.32451694, 39.83046667], [141.32427639, 39.83028667], [141.32416694, 39.83023583], [141.32394805, 39.83023028], [141.32380944, 39.83026389], [141.32371445, 39.83030333], [141.32361972, 39.83037639], [141.32359778, 39.83042139], [141.32359056, 39.83061305], [141.32366333, 39.83088334], [141.32367083, 39.83104667], [141.32361972, 39.83117611], [141.32348833, 39.83135639], [141.32337167, 39.83142389], [141.3232475, 39.83146333], [141.32299222, 39.83146889], [141.32294833, 39.83149723], [141.32288278, 39.83160416], [141.32285361, 39.83175056], [141.32281722, 39.83187445], [141.32278778, 39.83191388], [141.32268584, 39.83197583], [141.32251083, 39.83202083], [141.32229194, 39.83202667], [141.32221167, 39.83204333], [141.32208777, 39.83211112], [141.32202194, 39.83219], [141.32200028, 39.83231917], [141.32203667, 39.832505], [141.32202194, 39.83256694], [141.32197834, 39.83261194], [141.32186139, 39.83266834], [141.32158417, 39.83277528], [141.32151861, 39.83278084], [141.32138722, 39.83282027], [141.32115389, 39.83289917], [141.321015, 39.832905], [141.32078166, 39.83281472], [141.32054806, 39.83275834], [141.3203, 39.83273028], [141.31966528, 39.83272472], [141.31897972, 39.83266278], [141.31874056, 39.83262389], [141.31860028, 39.83260084], [141.31828666, 39.8325725], [141.31800944, 39.83256694], [141.31756445, 39.83258389], [141.31736722, 39.832595], [141.3169225, 39.832595], [141.31666722, 39.8325725], [141.31644833, 39.83253889], [141.31620027, 39.83247112], [141.31609084, 39.83241472], [141.31604695, 39.83236417], [141.3160325, 39.83233055], [141.316025, 39.83220083], [141.31605417, 39.83213888], [141.3161125, 39.83204888], [141.31627305, 39.83196445], [141.31655028, 39.8319025], [141.31666722, 39.83189666], [141.31693722, 39.83185166], [141.31703916, 39.83182361], [141.31711945, 39.83177278], [141.31727278, 39.83161528], [141.31738944, 39.83153083], [141.31755695, 39.83145194], [141.31763, 39.831435], [141.31774666, 39.83142944], [141.31792167, 39.83124361], [141.31804584, 39.83115917], [141.31814805, 39.83111417], [141.31822833, 39.83111972], [141.31835944, 39.8311875], [141.31855666, 39.83131139], [141.31862944, 39.831345], [141.31862944, 39.83135083], [141.31873889, 39.831345], [141.31880472, 39.83132833], [141.31900167, 39.83124361], [141.31916222, 39.83114222], [141.31948306, 39.83097334], [141.31972389, 39.83082695], [141.31981889, 39.8307425], [141.31992833, 39.83060167], [141.32013972, 39.83035944], [141.32024195, 39.83021861], [141.32043166, 39.82996528], [141.32046084, 39.82990334], [141.32047695, 39.82985222], [141.32047555, 39.82979084], [141.32039805, 39.82963528], [141.3204025, 39.82957694], [141.32046833, 39.829515], [141.3205875, 39.82945528], [141.32076111, 39.82938945], [141.32088694, 39.82929694], [141.32097139, 39.82918278], [141.32102972, 39.82901945], [141.32110278, 39.82874916], [141.32113, 39.82867361], [141.32121223, 39.828445], [141.32124889, 39.82828167], [141.32132195, 39.82810139], [141.32139472, 39.82785944], [141.32140945, 39.82774667], [141.32143139, 39.82765083], [141.32154806, 39.82689084], [141.32162111, 39.82657], [141.32163556, 39.82640667], [141.32160639, 39.82630528], [141.32151166, 39.82615305], [141.32135111, 39.82594473], [141.32117583, 39.82575333], [141.32108111, 39.82568583], [141.32090612, 39.82560694], [141.3206725, 39.82556194], [141.32038806, 39.82553361], [141.32011806, 39.8255], [141.31989917, 39.82538722], [141.31978972, 39.82538722], [141.31957111, 39.82550556], [141.31939584, 39.82550556], [141.31935944, 39.82548306], [141.3193375, 39.82546056], [141.31928639, 39.82530277], [141.31921361, 39.82525777], [141.31919889, 39.82520694], [141.31920611, 39.82518444], [141.31955639, 39.82499305], [141.31983361, 39.82477917], [141.31990667, 39.82467222], [141.31995056, 39.82454833], [141.31995056, 39.82443583], [141.31988472, 39.82436833], [141.31980445, 39.82434556], [141.31973167, 39.82434556], [141.31949972, 39.82445417], [141.31945556, 39.82445889], [141.31942222, 39.82443806], [141.31941917, 39.82442111], [141.3194325, 39.82439638], [141.31946639, 39.82438333], [141.3195375, 39.82432723], [141.31957695, 39.82431028], [141.31964639, 39.8242275], [141.319695, 39.82412028], [141.31975361, 39.82406973], [141.31979, 39.82405278], [141.31995056, 39.82401333], [141.32002334, 39.82397389], [141.32007111, 39.82394361], [141.32009305, 39.82390695], [141.32008917, 39.82377694], [141.32002334, 39.82363611], [141.319695, 39.82315167], [141.31948334, 39.82278], [141.31936666, 39.82265056], [141.31919889, 39.82249834], [141.31913722, 39.82246584], [141.31906028, 39.82242556], [141.31893639, 39.82237472], [141.31865917, 39.82230166], [141.31854944, 39.82229028], [141.31847666, 39.82231278], [141.31842556, 39.82236889], [141.31842556, 39.82251528], [141.31837445, 39.82257722], [141.31827973, 39.82263917], [141.31819222, 39.82265056], [141.31803167, 39.82265056], [141.31792222, 39.8226225], [141.31763055, 39.82239139], [141.31737528, 39.822155], [141.31722916, 39.8219525], [141.31709806, 39.82156389], [141.317025, 39.821395], [141.31690084, 39.82123723], [141.31676945, 39.82113028], [141.31663084, 39.82104583], [141.31649223, 39.820995], [141.31633917, 39.82097806], [141.31593778, 39.82097806], [141.31577028, 39.82101194], [141.31562445, 39.82110778], [141.31547833, 39.82122583], [141.31541277, 39.82125416], [141.31528138, 39.82125416], [141.31515, 39.82122028], [141.31508445, 39.82118083], [141.31504056, 39.82112473], [141.31503334, 39.8210175], [141.31505528, 39.82093306], [141.31510639, 39.82066277], [141.31510639, 39.82043195], [141.31507694, 39.82031917], [141.31499694, 39.82017833], [141.31496028, 39.82013889], [141.31485805, 39.82000389], [141.31453723, 39.81957028], [141.31435472, 39.81938444], [141.31420139, 39.81922694], [141.31411389, 39.81915389], [141.31382222, 39.81898472], [141.31353778, 39.818765], [141.31343583, 39.81871445], [141.31334805, 39.81869195], [141.31307083, 39.81869195], [141.31303444, 39.81866361], [141.31298333, 39.818585], [141.31293222, 39.81844416], [141.31290306, 39.81828083], [141.31288834, 39.81789222], [141.31285194, 39.81775139], [141.31277916, 39.81761055], [141.31277722, 39.81760806], [141.31264777, 39.81743612], [141.31253834, 39.81733472], [141.31243611, 39.81727278], [141.31221, 39.81718833], [141.31195444, 39.81714306], [141.31170639, 39.81712638], [141.3112325, 39.81712638], [141.31095528, 39.81714306], [141.31071444, 39.81717138], [141.31051028, 39.8171825], [141.30989001, 39.81718833], [141.30967111, 39.81716], [141.30941584, 39.8170925], [141.30911666, 39.81697416], [141.30883973, 39.81691778], [141.30866445, 39.81685611], [141.30857695, 39.81681084], [141.30844556, 39.81677722], [141.30821222, 39.81673222], [141.30811, 39.81669834], [141.307935, 39.8166475], [141.30761389, 39.81660806], [141.30747528, 39.81658], [141.30733667, 39.81652361], [141.30708111, 39.81633778], [141.30701556, 39.81630972], [141.30676, 39.81628722], [141.30665084, 39.81625333], [141.30603083, 39.81596611], [141.30576083, 39.81587028], [141.30554917, 39.81581973], [141.30539611, 39.81581417], [141.30520639, 39.81579167], [141.30479778, 39.81580278], [141.30441833, 39.81584778], [141.30432333, 39.81587028], [141.30425277, 39.81589222], [141.30418333, 39.81593722], [141.30409806, 39.81601417], [141.30404611, 39.81604583], [141.30396722, 39.81605778], [141.30391472, 39.816045], [141.30386388, 39.81601111]]], [[[141.35263695, 39.82827388], [141.35269556, 39.82829667], [141.35276333, 39.82831362], [141.35296973, 39.82832084], [141.35329556, 39.82830945], [141.35339639, 39.82830667], [141.35355584, 39.82828695], [141.35370944, 39.82828], [141.35382667, 39.82826862], [141.35394556, 39.82824889], [141.35405917, 39.82822195], [141.354125, 39.82820083], [141.35419694, 39.82816138], [141.35433417, 39.82805694], [141.35447722, 39.82793528], [141.35483778, 39.82768667], [141.35503195, 39.827565], [141.35516, 39.82746167], [141.35524084, 39.82737555], [141.35527194, 39.82732472], [141.35527555, 39.82723278], [141.35526278, 39.82716639], [141.35521694, 39.82709722], [141.35512723, 39.82701667], [141.35500639, 39.82695444], [141.35491861, 39.82691223], [141.35475195, 39.82687389], [141.35460722, 39.8268625], [141.35450305, 39.82686972], [141.35435639, 39.82690639], [141.35427778, 39.8269475], [141.35412389, 39.82701667], [141.35400584, 39.82708862], [141.35390945, 39.8271325], [141.3538125, 39.82716084], [141.35367139, 39.82716222], [141.35353223, 39.82713527], [141.35325778, 39.82711694], [141.35312583, 39.82713527], [141.35266362, 39.827325], [141.35256889, 39.82735889], [141.35247638, 39.82741611], [141.35241222, 39.82747112], [141.35236111, 39.82756722], [141.35232055, 39.8276875], [141.35231333, 39.82780472], [141.35233167, 39.82784444], [141.35236277, 39.82788666], [141.35243417, 39.82795306], [141.35249084, 39.82799417], [141.35252722, 39.82805917], [141.35255639, 39.82814111], [141.35258222, 39.82821583], [141.35263695, 39.82827388]]], [[[141.31091416, 39.81661028], [141.31108472, 39.81665388], [141.31123473, 39.81668917], [141.31133195, 39.81669806], [141.31139305, 39.81670139], [141.31144306, 39.81667834], [141.31148889, 39.81664167], [141.31153472, 39.81657722], [141.31157722, 39.81646916], [141.31158361, 39.81638], [141.31156305, 39.81634111], [141.31151083, 39.81631056], [141.31146028, 39.81629972], [141.31134055, 39.81629972], [141.31099944, 39.81622667], [141.31079111, 39.81620833], [141.31056528, 39.81616806], [141.31028917, 39.81612417], [141.31009694, 39.81608777], [141.30986027, 39.81604389], [141.30975305, 39.81604277], [141.30974361, 39.81606222], [141.30974833, 39.81607806], [141.30988083, 39.81615111], [141.3100625, 39.81629833], [141.31013167, 39.816325], [141.31032277, 39.81632527], [141.31036806, 39.81633389], [141.31058778, 39.81639417], [141.31068972, 39.81643917], [141.31077028, 39.81648389], [141.3108875, 39.81659417], [141.31091416, 39.81661028]]], [[[141.30916473, 39.81601584], [141.30915694, 39.8160425], [141.30919944, 39.81606944], [141.30925195, 39.81608666], [141.30928777, 39.81609722], [141.30933194, 39.81609611], [141.30935389, 39.81608528], [141.3093825, 39.81604139], [141.30939639, 39.81598777], [141.30939334, 39.81595611], [141.30935861, 39.81594139], [141.30929555, 39.81594638], [141.30924667, 39.81596583], [141.30916473, 39.81601584]]], [[[141.30865722, 39.81590445], [141.30866445, 39.81592139], [141.30870139, 39.81593223], [141.30875194, 39.81593277], [141.30880333, 39.81593083], [141.30884917, 39.81591944], [141.30887611, 39.81589305], [141.3088875, 39.81584056], [141.30888556, 39.81579528], [141.30886111, 39.8157825], [141.30882777, 39.81578362], [141.30878139, 39.81580305], [141.30869361, 39.81585389], [141.30865722, 39.81590445]]]]}, "properties": {"N03_001": "岩手県", "N03_002": null, "N03_003": null, "N03_004": "盛岡市", "N03_005": null, "N03_007": "03201"}}, {"type": "Feature", "geometry": {"type": "Polygon", "coordinates": [[[141.419877, 39.563733], [141.432029, 39.566781], [141.435575, 39.569849], [141.431571, 39.583052], [141.416387, 39.591114], [141.412668, 39.596592], [141.406057, 39.602603], [141.400085, 39.60476], [141.393439, 39.609758], [141.381145, 39.61317], [141.368826, 39.618561], [141.357242, 39.621804], [141.343396, 39.630057], [141.336906, 39.642173], [141.345777, 39.647964], [141.345214, 39.651494], [141.352355, 39.659409], [141.357194, 39.661164], [141.36523, 39.66811], [141.37839, 39.671653], [141.384296, 39.671911], [141.397752, 39.684668], [141.401861, 39.685523], [141.40866, 39.69171], [141.415617, 39.686891], [141.421301, 39.684819], [141.422632, 39.679148], [141.426323, 39.676784], [141.435512, 39.676544], [141.441617, 39.679138], [141.451673, 39.679037], [141.458707, 39.681275], [141.468296, 39.680746], [141.469613, 39.686425], [141.479777, 39.696082], [141.485155, 39.697755], [141.487319, 39.703003], [141.496815, 39.706672], [141.504507, 39.704814], [141.515641, 39.704623], [141.527593, 39.702775], [141.532815, 39.704031], [141.549777, 39.704021], [141.556932, 39.711026], [141.562179, 39.713651], [141.563169, 39.717745], [141.568852, 39.718698], [141.580719, 39.709781], [141.593553, 39.710673], [141.601299, 39.708905], [141.603062, 39.714874], [141.607659, 39.720539], [141.608453, 39.726959], [141.606508, 39.729285], [141.615927, 39.734238], [141.62111, 39.733858], [141.62379, 39.738049], [141.625962, 39.746423], [141.626689, 39.755072], [141.632802, 39.755619], [141.648816, 39.754493], [141.656003, 39.755287], [141.661024, 39.752072], [141.669747, 39.75031], [141.674891, 39.744645], [141.681457, 39.742184], [141.687687, 39.743716], [141.689829, 39.747331], [141.6978, 39.752312], [141.706802, 39.753278], [141.714487, 39.750097], [141.720499, 39.745361], [141.727441, 39.749116], [141.7372, 39.750559], [141.737098, 39.746814], [141.741302, 39.740873], [141.754579, 39.73464], [141.756881, 39.731684], [141.771417, 39.736053], [141.778981, 39.73142], [141.781279, 39.72691], [141.786136, 39.727843], [141.79555, 39.724201], [141.801452, 39.718187], [141.802814, 39.723339], [141.817678, 39.731476], [141.826113, 39.730346], [141.835726, 39.735289], [141.837627, 39.739372], [141.849295, 39.737407], [141.849657, 39.746845], [141.877958, 39.749987], [141.878175, 39.7501], [141.878488, 39.750117], [141.879035, 39.75005], [141.879377, 39.7501], [141.87945, 39.750145], [141.879705, 39.75059], [141.879727, 39.750658], [141.879916, 39.751024], [141.880973, 39.751958], [141.881774, 39.752341], [141.882226, 39.752415], [141.882321, 39.752409], [141.882933, 39.752662], [141.883352, 39.753164], [141.883358, 39.753171], [141.884716, 39.753713], [141.886376, 39.753676], [141.887404, 39.754239], [141.887245, 39.75481], [141.887316, 39.755151], [141.88825, 39.755393], [141.888527, 39.755478], [141.889009, 39.755962], [141.889067, 39.756367], [141.889002, 39.757077], [141.889104, 39.757595], [141.889147, 39.757758], [141.889395, 39.758006], [141.890052, 39.758186], [141.890511, 39.758333], [141.890825, 39.758462], [141.89127, 39.758687], [141.891723, 39.758868], [141.892569, 39.759312], [141.892678, 39.760112], [141.892605, 39.760665], [141.893101, 39.761086], [141.893459, 39.761373], [141.894261, 39.761925], [141.894626, 39.762652], [141.894706, 39.762809], [141.896778, 39.763581], [141.897303, 39.76393], [141.897456, 39.764222], [141.89747, 39.764815], [141.897478, 39.765298], [141.897744, 39.765879], [141.89893, 39.766413], [141.899222, 39.76661], [141.899309, 39.766734], [141.899667, 39.767534], [141.9, 39.76802], [141.900134, 39.768181], [141.900205, 39.768331], [141.9, 39.76837], [141.899655, 39.768354], [141.899397, 39.768406], [141.898908, 39.769082], [141.899148, 39.769994], [141.899747, 39.770377], [141.9, 39.770345], [141.9009, 39.770388], [141.901826, 39.770495], [141.902446, 39.770591], [141.902613, 39.770641], [141.902869, 39.770726], [141.904218, 39.771684], [141.90481, 39.772404], [141.904817, 39.772562], [141.904904, 39.773041], [141.904802, 39.773221], [141.904868, 39.773761], [141.904985, 39.774843], [141.904999, 39.774995], [141.905, 39.775], [141.905065, 39.775603], [141.904999, 39.775744], [141.904452, 39.776278], [141.904386, 39.776526], [141.904379, 39.777106], [141.904226, 39.777331], [141.90389, 39.778063], [141.904342, 39.778458], [141.904583, 39.778587], [141.905152, 39.779032], [141.905225, 39.779274], [141.90532, 39.779786], [141.905794, 39.780428], [141.906108, 39.780918], [141.906246, 39.781701], [141.906188, 39.782078], [141.906035, 39.782647], [141.905604, 39.783109], [141.905188, 39.783328], [141.904065, 39.784184], [141.903354, 39.784772], [141.903021, 39.785068], [141.902919, 39.785333], [141.903269, 39.785907], [141.903247, 39.786155], [141.902927, 39.786628], [141.902773, 39.78687], [141.902627, 39.786971], [141.901883, 39.787169], [141.90165, 39.787349], [141.900417, 39.788024], [141.900147, 39.788193], [141.900059, 39.788356], [141.899724, 39.788649], [141.899388, 39.788869], [141.89868, 39.788976], [141.89841, 39.789156], [141.89833, 39.789167], [141.897469, 39.789342], [141.897411, 39.789319], [141.896492, 39.788987], [141.896205, 39.788912], [141.895793, 39.788914], [141.895442, 39.789004], [141.894924, 39.788869], [141.894639, 39.788807], [141.894442, 39.78884], [141.893603, 39.789268], [141.893195, 39.789516], [141.892998, 39.789595], [141.892049, 39.78964], [141.891684, 39.789451], [141.890904, 39.789285], [141.890116, 39.789285], [141.889977, 39.789285], [141.889416, 39.788987], [141.888744, 39.789623], [141.888672, 39.789983], [141.888635, 39.790417], [141.888416, 39.791295], [141.888555, 39.791537], [141.888771, 39.791772], [141.888898, 39.792011], [141.888941, 39.792314], [141.889693, 39.793796], [141.890699, 39.794764], [141.890867, 39.794944], [141.890991, 39.794989], [141.891571, 39.795053], [141.891667, 39.795066], [141.891815, 39.795107], [141.892136, 39.795254], [141.892589, 39.79544], [141.894551, 39.794854], [141.894989, 39.794991], [141.895033, 39.795029], [141.89566, 39.795676], [141.8962, 39.796115], [141.897347, 39.79632], [141.897539, 39.796226], [141.899194, 39.796545], [141.89941, 39.796583], [141.899556, 39.796656], [141.899877, 39.797123], [141.900125, 39.797523], [141.900329, 39.798193], [141.900343, 39.798233], [141.90046, 39.79834], [141.900692, 39.79852], [141.900727, 39.798571], [141.901219, 39.798717], [141.901729, 39.798402], [141.901999, 39.798165], [141.90208, 39.79812], [141.90278, 39.797906], [141.902911, 39.797895], [141.903181, 39.797822], [141.903477, 39.797552], [141.903641, 39.797191], [141.904097, 39.797106], [141.904324, 39.797408], [141.904756, 39.798141], [141.905039, 39.798289], [141.905712, 39.798888], [141.905809, 39.798884], [141.906009, 39.798867], [141.906238, 39.798745], [141.907121, 39.798121], [141.90777, 39.798334], [141.908202, 39.79871], [141.908351, 39.799106], [141.908981, 39.799742], [141.90937, 39.799919], [141.90937, 39.799977], [141.909356, 39.8], [141.908988, 39.800553], [141.908784, 39.801313], [141.908879, 39.801814], [141.909197, 39.802438], [141.909615, 39.803751], [141.909863, 39.804365], [141.909893, 39.804556], [141.909878, 39.80517], [141.909768, 39.805587], [141.909571, 39.80593], [141.909367, 39.80704], [141.909527, 39.80745], [141.910879, 39.808268], [141.910924, 39.808333], [141.91114, 39.80919], [141.911782, 39.809174], [141.912482, 39.808836], [141.91408, 39.807749], [141.915218, 39.807507], [141.915831, 39.807743], [141.915999, 39.807845], [141.916667, 39.808153], [141.916684, 39.808161], [141.916894, 39.8083], [141.917253, 39.808549], [141.918595, 39.808333], [141.918661, 39.808278], [141.918953, 39.807969], [141.919646, 39.807828], [141.920719, 39.80758], [141.921237, 39.807383], [141.921529, 39.80726], [141.921977, 39.807251], [141.922725, 39.807501], [141.923465, 39.808321], [141.923543, 39.808357], [141.924133, 39.808521], [141.925, 39.808553], [141.925497, 39.808543], [141.925733, 39.808544], [141.926365, 39.808841], [141.926596, 39.808945], [141.927489, 39.808881], [141.928459, 39.80883], [141.928933, 39.808982], [141.929079, 39.808971], [141.929349, 39.808864], [141.929998, 39.808949], [141.930414, 39.808982], [141.930553, 39.808994], [141.931962, 39.809385], [141.932326, 39.809298], [141.932999, 39.809053], [141.933351, 39.80906], [141.934246, 39.809278], [141.937483, 39.811905], [141.937775, 39.81235], [141.938431, 39.81347], [141.938716, 39.813904], [141.938701, 39.814248], [141.938708, 39.814945], [141.938796, 39.815086], [141.939263, 39.815559], [141.939365, 39.815683], [141.939401, 39.816145], [141.939233, 39.81655], [141.939249, 39.816667], [141.939452, 39.817035], [141.939423, 39.817299], [141.939357, 39.817777], [141.939436, 39.818014], [141.939759, 39.81847], [141.939956, 39.818668], [141.939547, 39.819367], [141.939373, 39.81953], [141.93954, 39.819773], [141.941449, 39.820645], [141.941667, 39.820757], [141.941684, 39.820767], [141.942509, 39.82101], [141.943037, 39.821107], [141.943545, 39.821241], [141.944924, 39.821511], [141.945076, 39.821511], [141.946263, 39.821766], [141.94677, 39.822112], [141.947276, 39.82208], [141.948411, 39.822029], [141.948906, 39.821686], [141.949337, 39.821185], [141.949578, 39.821162], [141.950017, 39.8213], [141.950431, 39.821444], [141.950761, 39.821485], [141.951657, 39.821539], [141.951774, 39.8215], [141.952679, 39.82152], [141.952758, 39.821551], [141.953016, 39.82161], [141.95531, 39.821962], [141.955968, 39.822322], [141.95626, 39.822722], [141.956406, 39.822914], [141.956589, 39.823043], [141.957916, 39.822621], [141.958333, 39.822723], [141.958741, 39.822812], [141.959222, 39.822739], [141.960389, 39.822548], [141.960652, 39.822407], [141.96098, 39.821945], [141.961403, 39.821498], [141.961861, 39.821139], [141.961948, 39.82108], [141.962364, 39.820976], [141.962826, 39.821095], [141.963927, 39.821759], [141.964971, 39.822655], [141.965138, 39.822908], [141.965241, 39.822993], [141.966684, 39.824032], [141.967174, 39.824276], [141.968472, 39.824913], [141.969486, 39.824867], [141.970106, 39.824744], [141.970456, 39.824676], [141.97247, 39.824705], [141.973054, 39.824755], [141.974392, 39.825], [141.974265, 39.825436], [141.974183, 39.82571], [141.974206, 39.826287], [141.974024, 39.827115], [141.974104, 39.827182], [141.974235, 39.827165], [141.974527, 39.827115], [141.975017, 39.827103], [141.975023, 39.827103], [141.975176, 39.827165], [141.975804, 39.827936], [141.975724, 39.828522], [141.975111, 39.829344], [141.976089, 39.830521], [141.976787, 39.830988], [141.977526, 39.831101], [141.977924, 39.830585], [141.97851, 39.830688], [141.985858, 39.830294], [141.987093, 39.825045], [141.990562, 39.82003], [141.987832, 39.814436], [141.98369, 39.81408], [141.983215, 39.803345], [141.988645, 39.797708], [141.984101, 39.788346], [141.988759, 39.787001], [141.996523, 39.777871], [142.000335, 39.778418], [142.003047, 39.77435], [141.997389, 39.772991], [141.989737, 39.767087], [141.988161, 39.762235], [141.988939, 39.756632], [141.99218, 39.752652], [141.991694, 39.747671], [141.98649, 39.741998], [141.986057, 39.737836], [141.979511, 39.73253], [141.97479, 39.735343], [141.97179, 39.728817], [141.984545, 39.724359], [141.982613, 39.716241], [141.986228, 39.713422], [141.979179, 39.705612], [141.975504, 39.70609], [141.971948, 39.700751], [141.972351, 39.693895], [141.967034, 39.690026], [141.975234, 39.686594], [141.985256, 39.686882], [141.986376, 39.682933], [141.980543, 39.675936], [141.980494, 39.672735], [141.974805, 39.668072], [141.974494, 39.663231], [141.971451, 39.661667], [141.974386, 39.656996], [141.970092, 39.654188], [141.971319, 39.651043], [141.977773, 39.653229], [141.980854, 39.644933], [141.974253, 39.643486], [141.964004, 39.63897], [141.968634, 39.632636], [141.971537, 39.625915], [141.969662, 39.623321], [141.96342, 39.62331], [141.965524, 39.618131], [141.962048, 39.614091], [141.963616, 39.611141], [141.954221, 39.60391], [141.945286, 39.598626], [141.948308, 39.591981], [141.948073, 39.587664], [141.957829, 39.585749], [141.965091, 39.595971], [141.978281, 39.611114], [141.987434, 39.61792], [141.99334, 39.627108], [142.004792, 39.63834], [142.004586, 39.640957], [142.016334, 39.654092], [142.021179, 39.655889], [142.027808, 39.647068], [142.026298, 39.63933], [142.023268, 39.635284], [142.028236, 39.631152], [142.022779, 39.629782], [142.024346, 39.619332], [142.023446, 39.613557], [142.030587, 39.612598], [142.031815, 39.609978], [142.025753, 39.607147], [142.02972, 39.594386], [142.029605, 39.583063], [142.026556, 39.579498], [142.028889, 39.575603], [142.033675, 39.573896], [142.037823, 39.575973], [142.0438, 39.572935], [142.04864, 39.574421], [142.057562, 39.574319], [142.056307, 39.565883], [142.060631, 39.562094], [142.067455, 39.562723], [142.068132, 39.556311], [142.071876, 39.545213], [142.063291, 39.533651], [142.05291, 39.533076], [142.052342, 39.530018], [142.05808, 39.527778], [142.058337, 39.522694], [142.050629, 39.526087], [142.04478, 39.531377], [142.037664, 39.531588], [142.033441, 39.529362], [142.029133, 39.522094], [142.031134, 39.519165], [142.029307, 39.512024], [142.024604, 39.503832], [142.019889, 39.50155], [142.010555, 39.49988], [142.00346, 39.506376], [141.991638, 39.514962], [141.981387, 39.520465], [141.982195, 39.523825], [141.976902, 39.53046], [141.974853, 39.538594], [141.970693, 39.54443], [141.955912, 39.544692], [141.951645, 39.549541], [141.937911, 39.551979], [141.930932, 39.550813], [141.921168, 39.551002], [141.91681, 39.547962], [141.900167, 39.547723], [141.886683, 39.554691], [141.8783, 39.563274], [141.869382, 39.561987], [141.863643, 39.559199], [141.854717, 39.558475], [141.847305, 39.554474], [141.84192, 39.554188], [141.834739, 39.549708], [141.8278, 39.550288], [141.821802, 39.553912], [141.817093, 39.554339], [141.795509, 39.548351], [141.786296, 39.548203], [141.770064, 39.541997], [141.762737, 39.542448], [141.753595, 39.540286], [141.748105, 39.532581], [141.748318, 39.529341], [141.743824, 39.528805], [141.738514, 39.522746], [141.736498, 39.510874], [141.728253, 39.507438], [141.71979, 39.507924], [141.710318, 39.503718], [141.706596, 39.498777], [141.703294, 39.488421], [141.70494, 39.486594], [141.702182, 39.478636], [141.708233, 39.472209], [141.711593, 39.464275], [141.714857, 39.462519], [141.716378, 39.452964], [141.720839, 39.446273], [141.697993, 39.443473], [141.691221, 39.443316], [141.685414, 39.43899], [141.668964, 39.446184], [141.668639, 39.448221], [141.661169, 39.451643], [141.659369, 39.456143], [141.65521, 39.456426], [141.651181, 39.451502], [141.642949, 39.455036], [141.636571, 39.455059], [141.630175, 39.460336], [141.628841, 39.466953], [141.62157, 39.47248], [141.617344, 39.473195], [141.609152, 39.480772], [141.610538, 39.488612], [141.601391, 39.487776], [141.595399, 39.49403], [141.593339, 39.498177], [141.58, 39.506079], [141.575395, 39.512562], [141.565596, 39.514779], [141.559439, 39.520774], [141.548733, 39.524685], [141.538081, 39.523919], [141.532288, 39.525182], [141.528584, 39.523528], [141.511189, 39.532102], [141.500538, 39.536202], [141.496479, 39.541375], [141.494173, 39.548371], [141.493041, 39.55731], [141.488953, 39.558349], [141.483135, 39.557684], [141.473233, 39.559286], [141.458694, 39.557686], [141.452635, 39.558796], [141.444984, 39.556463], [141.428827, 39.554627], [141.424316, 39.56088], [141.419877, 39.563733]]]}, "properties": {"N03_001": "岩手県", "N03_002": null, "N03_003": null, "N03_004": "宮古市", "N03_005": null, "N03_007": "03202"}}, {"type": "Feature", "geometry": {"type": "Polygon", "coordinates": [[[141.625569, 39.112406], [141.617424, 39.114762], [141.616695, 39.120743], [141.620039, 39.125699], [141.619266, 39.128706], [141.625032, 39.136176], [141.631128, 39.139405], [141.632034, 39.15198], [141.639366, 39.156862], [141.644658, 39.162473], [141.63983, 39.171142], [141.648257, 39.174491], [141.648861, 39.17787], [141.658202, 39.177278], [141.663505, 39.17414], [141.678334, 39.176391], [141.68333, 39.1818], [141.689516, 39.184807], [141.695467, 39.183302], [141.700818, 39.187096], [141.709752, 39.190347], [141.717922, 39.199858], [141.728262, 39.203246], [141.73066, 39.188059], [141.739243, 39.1826], [141.744566, 39.17489], [141.751274, 39.174324], [141.759262, 39.178008], [141.777928, 39.179251], [141.785046, 39.181428], [141.794633, 39.177019], [141.799345, 39.178365], [141.819816, 39.175769], [141.82956, 39.180027], [141.834176, 39.177391], [141.853661, 39.174536], [141.857373, 39.175852], [141.865835, 39.170195], [141.873208, 39.168347], [141.875775, 39.169947], [141.884383, 39.167678], [141.893828, 39.169405], [141.905604, 39.176666], [141.916415, 39.178508], [141.920882, 39.182213], [141.921522, 39.177427], [141.913777, 39.171622], [141.907743, 39.16971], [141.897945, 39.164319], [141.887355, 39.155756], [141.878453, 39.155684], [141.871228, 39.15347], [141.863386, 39.153875], [141.855341, 39.157528], [141.845528, 39.155317], [141.841541, 39.152556], [141.836995, 39.144538], [141.848501, 39.141243], [141.852391, 39.135886], [141.86665, 39.133321], [141.873352, 39.127827], [141.870146, 39.124535], [141.87308, 39.120948], [141.872565, 39.116335], [141.885546, 39.115428], [141.897057, 39.118341], [141.905347, 39.116976], [141.905622, 39.112456], [141.912717, 39.107551], [141.910608, 39.102977], [141.901732, 39.100813], [141.900954, 39.09851], [141.892261, 39.096337], [141.889538, 39.089259], [141.883114, 39.09001], [141.869931, 39.096785], [141.862627, 39.096575], [141.860011, 39.103999], [141.852223, 39.104952], [141.838747, 39.103694], [141.833938, 39.104238], [141.820766, 39.113763], [141.813352, 39.114408], [141.811308, 39.111901], [141.810794, 39.103872], [141.814904, 39.095491], [141.809871, 39.093366], [141.808877, 39.090023], [141.81269, 39.086436], [141.818396, 39.086769], [141.821315, 39.077426], [141.825252, 39.074582], [141.829377, 39.075352], [141.835052, 39.073231], [141.84465, 39.076363], [141.848625, 39.073221], [141.853469, 39.073622], [141.866022, 39.070517], [141.870361, 39.071915], [141.875719, 39.064538], [141.860045, 39.059903], [141.847163, 39.058842], [141.838777, 39.060856], [141.823614, 39.05791], [141.815438, 39.059214], [141.814318, 39.054943], [141.817831, 39.049284], [141.823034, 39.046562], [141.839527, 39.041473], [141.848948, 39.035871], [141.851609, 39.029506], [141.847325, 39.026193], [141.83675, 39.024749], [141.828508, 39.025377], [141.82526, 39.027224], [141.817502, 39.022786], [141.809974, 39.026425], [141.805169, 39.027046], [141.80039, 39.02437], [141.796901, 39.02588], [141.794193, 39.031617], [141.797838, 39.038435], [141.790992, 39.037168], [141.790062, 39.033741], [141.784112, 39.032406], [141.782903, 39.028779], [141.777138, 39.028615], [141.769825, 39.034918], [141.765445, 39.030162], [141.763837, 39.021954], [141.75907, 39.018885], [141.749516, 39.019788], [141.7451, 39.024896], [141.741338, 39.023069], [141.732632, 39.022975], [141.729125, 39.024937], [141.737479, 39.032003], [141.738484, 39.038584], [141.733569, 39.045429], [141.740777, 39.050939], [141.738617, 39.054641], [141.733303, 39.053217], [141.738457, 39.062847], [141.729687, 39.070923], [141.725119, 39.064248], [141.726266, 39.061073], [141.722155, 39.051713], [141.724901, 39.040732], [141.717193, 39.033924], [141.710041, 39.023424], [141.718186, 39.019616], [141.722521, 39.019174], [141.731905, 39.010579], [141.737794, 39.000774], [141.742276, 38.998641], [141.743859, 38.991909], [141.73529, 38.987874], [141.731288, 38.9903], [141.725227, 38.989722], [141.721373, 38.996003], [141.712375, 38.997473], [141.710836, 38.993665], [141.713778, 38.986605], [141.707636, 38.992596], [141.702348, 39.00012], [141.694323, 39.015051], [141.689138, 39.018993], [141.687892, 39.031737], [141.68096, 39.042165], [141.680013, 39.060171], [141.684955, 39.063339], [141.682405, 39.067242], [141.673056, 39.068403], [141.663905, 39.064509], [141.65758, 39.055997], [141.651855, 39.056171], [141.646776, 39.061244], [141.642306, 39.071631], [141.637988, 39.076723], [141.633349, 39.07858], [141.628916, 39.083933], [141.630867, 39.09354], [141.623951, 39.097927], [141.622766, 39.100472], [141.626434, 39.107695], [141.625569, 39.112406]]]}, "properties": {"N03_001": "岩手県", "N03_002": null, "N03_003": null, "N03_004": "大船渡市", "N03_005": null, "N03_007": "03203"}}, {"type": "Feature", "geometry": {"type": "MultiPolygon", "coordinates": [[[[141.31367, 39.571693], [141.31862, 39.574987], [141.324856, 39.571083], [141.336917, 39.566725], [141.344119, 39.569243], [141.352421, 39.567467], [141.361882, 39.573618], [141.371093, 39.5758], [141.382739, 39.57384], [141.389152, 39.575892], [141.403421, 39.576969], [141.413687, 39.5725], [141.419877, 39.563733], [141.424316, 39.56088], [141.428827, 39.554627], [141.444984, 39.556463], [141.452635, 39.558796], [141.458694, 39.557686], [141.473233, 39.559286], [141.483135, 39.557684], [141.488953, 39.558349], [141.495754, 39.530321], [141.486708, 39.532902], [141.472924, 39.531607], [141.452885, 39.522051], [141.448572, 39.518576], [141.4452, 39.512644], [141.444562, 39.502489], [141.437008, 39.49763], [141.437484, 39.472979], [141.440004, 39.468175], [141.435815, 39.464948], [141.431861, 39.465962], [141.424743, 39.464081], [141.42022, 39.457638], [141.414685, 39.453161], [141.409561, 39.453517], [141.402271, 39.447135], [141.395808, 39.448288], [141.388405, 39.443544], [141.38824, 39.437944], [141.385197, 39.432315], [141.38076, 39.430514], [141.367448, 39.430492], [141.361127, 39.427183], [141.357204, 39.422933], [141.346564, 39.41821], [141.338093, 39.417258], [141.331059, 39.419409], [141.322381, 39.415636], [141.317388, 39.409471], [141.315342, 39.403784], [141.310371, 39.402033], [141.314157, 39.39463], [141.306577, 39.390299], [141.307499, 39.385417], [141.301864, 39.383429], [141.300305, 39.375511], [141.301181, 39.369434], [141.299646, 39.361891], [141.306706, 39.359121], [141.307832, 39.354429], [141.318498, 39.35356], [141.323239, 39.357196], [141.327587, 39.35588], [141.326496, 39.349048], [141.332047, 39.345949], [141.323765, 39.342826], [141.323886, 39.33663], [141.329815, 39.33358], [141.332324, 39.327363], [141.343525, 39.317365], [141.351014, 39.312053], [141.346536, 39.305588], [141.346652, 39.297835], [141.352317, 39.291343], [141.364641, 39.286555], [141.369629, 39.282845], [141.370983, 39.277925], [141.367197, 39.268839], [141.361847, 39.267566], [141.361308, 39.262729], [141.357228, 39.260364], [141.340993, 39.264279], [141.336939, 39.266817], [141.333492, 39.271958], [141.333952, 39.276826], [141.325916, 39.2825], [141.319778, 39.282527], [141.30415, 39.276576], [141.303221, 39.284368], [141.309092, 39.289153], [141.304608, 39.295451], [141.303295, 39.301389], [141.297799, 39.307155], [141.298811, 39.311902], [141.293496, 39.318238], [141.278565, 39.317037], [141.270458, 39.31418], [141.262377, 39.313079], [141.249148, 39.314757], [141.240885, 39.311074], [141.237383, 39.306478], [141.233915, 39.310888], [141.224566, 39.312362], [141.215356, 39.306922], [141.209253, 39.310426], [141.205375, 39.315782], [141.199684, 39.316446], [141.192202, 39.319892], [141.184888, 39.316303], [141.180562, 39.317273], [141.181552, 39.323144], [141.189043, 39.326109], [141.185508, 39.333818], [141.188471, 39.336651], [141.191158, 39.343769], [141.186632, 39.347394], [141.185001, 39.353146], [141.176324, 39.363226], [141.168992, 39.362189], [141.169788, 39.368306], [141.167693, 39.37295], [141.161499, 39.371324], [141.1653, 39.364843], [141.167389, 39.355438], [141.155781, 39.353304], [141.144343, 39.353207], [141.141756, 39.34991], [141.115636, 39.351204], [141.111387, 39.355165], [141.103199, 39.358293], [141.098408, 39.358082], [141.088489, 39.362094], [141.082284, 39.360563], [141.081044, 39.353836], [141.075733, 39.350792], [141.070275, 39.351114], [141.069914, 39.346707], [141.062902, 39.345774], [141.057713, 39.342687], [141.055254, 39.337915], [141.059411, 39.334742], [141.062388, 39.328084], [141.056464, 39.327596], [141.0418, 39.337595], [141.035987, 39.339111], [141.028735, 39.337773], [141.021242, 39.341801], [141.012396, 39.341685], [141.004109, 39.344717], [140.994825, 39.34638], [140.980715, 39.352006], [140.97916, 39.35539], [140.972872, 39.358555], [140.969609, 39.355806], [140.948883, 39.361787], [140.939974, 39.361516], [140.938882, 39.35914], [140.929352, 39.360018], [140.923355, 39.365243], [140.916342, 39.365091], [140.912527, 39.370126], [140.90976, 39.383635], [140.906485, 39.388878], [140.909857, 39.394513], [140.902489, 39.405666], [140.90304, 39.414202], [140.910828, 39.419925], [140.908404, 39.429316], [140.910121, 39.43171], [140.903691, 39.439103], [140.901796, 39.448714], [140.897773, 39.452685], [140.901919, 39.461665], [140.906627, 39.464124], [140.903827, 39.468612], [140.897538, 39.469123], [140.887234, 39.47453], [140.88436, 39.480149], [140.884274, 39.489463], [140.87996, 39.490288], [140.883081, 39.495837], [140.878774, 39.500988], [140.888882, 39.50978], [140.883068, 39.517717], [140.892503, 39.533323], [140.900481, 39.532756], [140.903841, 39.536602], [140.910484, 39.540152], [140.920202, 39.543337], [140.926172, 39.542058], [140.927268, 39.538603], [140.943286, 39.535148], [140.946448, 39.532358], [140.955693, 39.531793], [140.964383, 39.541304], [140.972323, 39.54635], [140.978735, 39.542228], [140.987878, 39.543462], [140.989772, 39.539301], [140.994331, 39.539974], [141.006121, 39.537199], [141.011291, 39.529399], [141.016894, 39.526117], [141.023418, 39.526456], [141.026469, 39.524527], [141.032576, 39.527709], [141.040168, 39.525529], [141.04576, 39.527286], [141.055212, 39.527896], [141.06002, 39.524905], [141.068314, 39.522458], [141.073782, 39.527354], [141.081841, 39.523634], [141.083249, 39.513973], [141.094601, 39.514828], [141.102834, 39.508272], [141.110182, 39.506289], [141.117981, 39.508714], [141.136019, 39.511091], [141.14663, 39.510725], [141.156491, 39.508365], [141.169421, 39.509477], [141.1677, 39.505863], [141.179913, 39.504737], [141.196395, 39.498934], [141.205289, 39.493284], [141.212397, 39.490176], [141.218097, 39.490708], [141.220325, 39.488149], [141.231318, 39.485653], [141.23363, 39.487376], [141.243478, 39.487727], [141.248558, 39.486687], [141.259867, 39.49042], [141.264698, 39.483405], [141.271682, 39.484514], [141.277747, 39.483365], [141.282392, 39.485528], [141.283201, 39.491284], [141.287202, 39.493579], [141.287521, 39.503579], [141.2957, 39.509242], [141.291504, 39.515581], [141.284933, 39.518945], [141.284454, 39.524593], [141.290182, 39.532679], [141.287719, 39.535683], [141.285616, 39.548075], [141.291026, 39.558406], [141.298117, 39.560139], [141.294864, 39.567245], [141.305052, 39.572186], [141.31367, 39.571693]], [[141.31192777, 39.33875278], [141.31229639, 39.33866333], [141.31240945, 39.33861806], [141.3124875, 39.33857778], [141.31253278, 39.338535], [141.31254528, 39.33845722], [141.31254028, 39.33837417], [141.312505, 39.33829389], [141.3125025, 39.33825611], [141.31253778, 39.33818056], [141.31262083, 39.33812028], [141.31269361, 39.33809528], [141.31278166, 39.33801222], [141.31304111, 39.33767639], [141.31313167, 39.33753806], [141.31315945, 39.3373875], [141.31317944, 39.33724167], [141.31318222, 39.33711834], [141.31313916, 39.33699139], [141.31311666, 39.33692611], [141.31309639, 39.33684056], [141.31303861, 39.33677278], [141.31297583, 39.3367225], [141.31290777, 39.33669222], [141.3128575, 39.33669722], [141.31260417, 39.33676417], [141.31255139, 39.33676805], [141.3125, 39.33675139], [141.31244195, 39.33670528], [141.31234944, 39.33659723], [141.31229917, 39.33652], [141.3121425, 39.33634028], [141.31208333, 39.33626833], [141.3120225, 39.33619417], [141.31193917, 39.33592389], [141.31187417, 39.33574916], [141.31178, 39.33561973], [141.31167861, 39.33552389], [141.31159916, 39.33547333], [141.31144694, 39.3353775], [141.31126583, 39.33529861], [141.31113444, 39.33525695], [141.31107028, 39.33523667], [141.3108675, 39.33519722], [141.31042556, 39.33520277], [141.31019361, 39.33515222], [141.310295, 39.33503944], [141.31045445, 39.33491555], [141.31053416, 39.33488194], [141.31063556, 39.33488194], [141.31082389, 39.33498334], [141.31117166, 39.33500584], [141.31156278, 39.33509027], [141.31167889, 39.33510167], [141.3117875, 39.33513527], [141.31196834, 39.33521972], [141.31206972, 39.33529861], [141.31258417, 39.33568723], [141.31288111, 39.33589555], [141.31299694, 39.33594083], [141.31319973, 39.33603639], [141.31329389, 39.33607028], [141.31346777, 39.33610417], [141.31372861, 39.33611528], [141.31391694, 39.33607583], [141.31409084, 39.3359575], [141.31422111, 39.33577166], [141.31438778, 39.33543389], [141.31448194, 39.33519167], [141.31454, 39.33506806], [141.31494555, 39.3347525], [141.31511944, 39.3345725], [141.31523555, 39.33436972], [141.31527167, 39.33422306], [141.31535861, 39.33411611], [141.31545278, 39.33404306], [141.31559778, 39.33389639], [141.31563389, 39.33382333], [141.31569195, 39.33364306], [141.31569917, 39.33342917], [141.31567722, 39.33332777], [141.31556862, 39.33316445], [141.31542389, 39.33301223], [141.31516306, 39.33281528], [141.31511944, 39.33277], [141.31511944, 39.33267444], [141.31525, 39.33250527], [141.31536583, 39.33220139], [141.31537194, 39.33204611], [141.31537305, 39.33201555], [141.31532972, 39.33190305], [141.31520639, 39.33173972], [141.314895, 39.3314975], [141.31476444, 39.33143556], [141.31467027, 39.3314075], [141.31456167, 39.33141861], [141.31433, 39.3314975], [141.31426472, 39.33150888], [141.31420666, 39.33150306], [141.3139025, 39.33128361], [141.3137575, 39.33119889], [141.31364194, 39.33118223], [141.31345361, 39.33117639], [141.31330861, 39.33121028], [141.31315667, 39.33127223], [141.31282333, 39.33136806], [141.3127075, 39.33136806], [141.31270028, 39.33130028], [141.31273639, 39.33119889], [141.31272917, 39.33112583], [141.31269306, 39.33106944], [141.31254084, 39.33094556], [141.31248278, 39.33092306], [141.31230167, 39.33092306], [141.3122075, 39.33094], [141.31202639, 39.3309625], [141.31177306, 39.33092306], [141.31162083, 39.3309175], [141.31145416, 39.33095694], [141.3112875, 39.331075], [141.31120056, 39.33108639], [141.31094722, 39.331075], [141.31081667, 39.33110861], [141.31065, 39.33121], [141.31056305, 39.33131139], [141.31050528, 39.33135083], [141.31044028, 39.33136194], [141.3103025, 39.33133389], [141.31007805, 39.33133389], [141.30996945, 39.33135083], [141.30985361, 39.33139583], [141.30979556, 39.33146333], [141.30970139, 39.33153666], [141.30961444, 39.33154223], [141.30944778, 39.33149723], [141.30928833, 39.33149166], [141.3091725, 39.33157056], [141.30907111, 39.33171695], [141.30896972, 39.33179583], [141.30883194, 39.33184638], [141.30877417, 39.33182945], [141.30873055, 39.33179], [141.30872333, 39.33164361], [141.30868722, 39.33155361], [141.30854944, 39.33142973], [141.30849889, 39.33135083], [141.30844805, 39.33122139], [141.30833945, 39.33112], [141.30820917, 39.33104667], [141.30808583, 39.33101861], [141.30795555, 39.33101861], [141.30781778, 39.33105222], [141.30765111, 39.33112], [141.3075425, 39.3311875], [141.30745556, 39.33127194], [141.30739778, 39.33132833], [141.30713722, 39.33149166], [141.30697056, 39.33162111], [141.30682723, 39.33179861], [141.30673861, 39.33190833], [141.3065575, 39.33202112], [141.30644888, 39.33205472], [141.306275, 39.33207722], [141.306065, 39.3321225], [141.30592, 39.33215055], [141.30567389, 39.33215612], [141.30557972, 39.33213917], [141.30553306, 39.33210361], [141.30554333, 39.33207722], [141.30557972, 39.33203222], [141.30567389, 39.33193667], [141.30595639, 39.33172806], [141.30621, 39.33150861], [141.30631139, 39.33140723], [141.30649972, 39.33117056], [141.30659388, 39.33099027], [141.3067025, 39.33072555], [141.30675334, 39.33065805], [141.30682556, 39.33061861], [141.30706473, 39.33043833], [141.30711555, 39.33035389], [141.307195, 39.33010083], [141.30718055, 39.3299375], [141.30713722, 39.32985306], [141.30703583, 39.32975722], [141.30684028, 39.32967278], [141.30676056, 39.32966139], [141.30668805, 39.32966139], [141.30641278, 39.32973472], [141.306275, 39.32974028], [141.30620278, 39.32971222], [141.306065, 39.32968389], [141.30590556, 39.32967834], [141.30580417, 39.32970084], [141.30572445, 39.32971778], [141.30562306, 39.32976834], [141.30547111, 39.32983611], [141.30539862, 39.32983611], [141.30539138, 39.32983611], [141.30534778, 39.32979084], [141.30533333, 39.32968972], [141.30529722, 39.32958834], [141.30522472, 39.3294925], [141.30510167, 39.32939667], [141.30492806, 39.32932362], [141.30485555, 39.32931222], [141.30463084, 39.32931222], [141.30450778, 39.32932362], [141.30443528, 39.32934028], [141.30429055, 39.32934028], [141.30405861, 39.32925028], [141.30401528, 39.32922222], [141.30374, 39.32914888], [141.30363111, 39.3291375], [141.30334139, 39.3291375], [141.30314584, 39.32915445], [141.30275472, 39.32925583], [141.30260972, 39.32925028], [141.30247222, 39.32919388], [141.30239973, 39.32913195], [141.30235611, 39.32906445], [141.30235611, 39.32877166], [141.30233444, 39.32849], [141.30236861, 39.32842222], [141.30242861, 39.32836611], [141.30253, 39.32832111], [141.30270389, 39.32829277], [141.30289945, 39.32828167], [141.30295027, 39.32827027], [141.30304444, 39.32827027], [141.30324722, 39.32824222], [141.30341388, 39.32820277], [141.30350805, 39.32816889], [141.30371805, 39.32803361], [141.30387028, 39.32796055], [141.30401528, 39.32796055], [141.30412972, 39.32798611], [141.30416722, 39.32799445], [141.30431223, 39.328045], [141.30445694, 39.32815195], [141.30476862, 39.32827027], [141.30497861, 39.32832667], [141.3051525, 39.32833222], [141.30531916, 39.32831527], [141.30551473, 39.32828167], [141.30560167, 39.32828167], [141.3056375, 39.32827027], [141.3057825, 39.32827027], [141.30584778, 39.32828722], [141.30600694, 39.32836027], [141.30639833, 39.32859694], [141.306565, 39.32872083], [141.306775, 39.32885611], [141.30705028, 39.32899111], [141.307195, 39.32904195], [141.30731111, 39.32903056], [141.30745583, 39.3289575], [141.30756445, 39.32886723], [141.30781084, 39.3286025], [141.30799195, 39.32846167], [141.30810055, 39.32842806], [141.3083325, 39.32838306], [141.30858611, 39.32830972], [141.30878167, 39.32823084], [141.30880333, 39.32819695], [141.30881778, 39.32808445], [141.30877444, 39.32802805], [141.30864389, 39.32796055], [141.30836139, 39.32786472], [141.30803555, 39.32780278], [141.30776027, 39.32773528], [141.30764416, 39.32767889], [141.30754278, 39.3275775], [141.30739806, 39.32745916], [141.30733277, 39.32735778], [141.30733277, 39.32726778], [141.30744861, 39.32716666], [141.30757194, 39.32701472], [141.3076225, 39.32698639], [141.3077675, 39.32693], [141.30801361, 39.32693], [141.30825278, 39.32694694], [141.30839778, 39.32697528], [141.30849194, 39.32700334], [141.30865111, 39.32700889], [141.30880333, 39.32698084], [141.30901334, 39.3269075], [141.30912222, 39.32682305], [141.30920917, 39.32667111], [141.30920917, 39.32657528], [141.30916556, 39.32649639], [141.30909305, 39.3264175], [141.30901334, 39.32621473], [141.30893361, 39.32610778], [141.30874528, 39.32595583], [141.30868027, 39.32588806], [141.3086875, 39.32575306], [141.30869112, 39.32574861], [141.30878889, 39.32562917], [141.30889028, 39.32547695], [141.30893361, 39.32533055], [141.30891917, 39.32521805], [141.30887584, 39.32516167], [141.30867305, 39.32498167], [141.30848472, 39.32486889], [141.30843389, 39.32485778], [141.30827445, 39.32478445], [141.30821666, 39.3247225], [141.30821666, 39.32462111], [141.30831083, 39.32453111], [141.30852805, 39.32449166], [141.30867305, 39.32444111], [141.30883222, 39.32433972], [141.30897, 39.32418194], [141.3090425, 39.32406361], [141.30909305, 39.32383833], [141.30918, 39.3236975], [141.30928861, 39.32363], [141.30943361, 39.323585], [141.30957862, 39.323585], [141.309745, 39.32364111], [141.30987555, 39.32372], [141.31016527, 39.32397361], [141.31020138, 39.32402972], [141.31022333, 39.32450306], [141.31027389, 39.32471139], [141.31041889, 39.32487472], [141.31043333, 39.32490833], [141.31041889, 39.32502111], [141.31036777, 39.32524639], [141.31036055, 39.32538695], [141.31038944, 39.32557834], [141.31047639, 39.32585444], [141.31059972, 39.32602889], [141.31078083, 39.32624305], [141.31083138, 39.32635], [141.31083138, 39.32671611], [141.31083138, 39.32711584], [141.31090389, 39.32749333], [141.3109475, 39.32767361], [141.31104889, 39.3279325], [141.31107778, 39.32797195], [141.31119361, 39.32815777], [141.31131695, 39.32829277], [141.31159945, 39.32854639], [141.31177333, 39.32868139], [141.31195417, 39.32877723], [141.31197361, 39.3287825], [141.31209889, 39.32881666], [141.31249, 39.32882223], [141.31256973, 39.32883916], [141.31278, 39.32895166], [141.31287417, 39.329025], [141.31307694, 39.32923888], [141.31327973, 39.32940222], [141.31342473, 39.32945862], [141.31349722, 39.32947], [141.3136275, 39.3294925], [141.31398972, 39.32953194], [141.31412722, 39.32956], [141.31416362, 39.32958834], [141.3141925, 39.32966694], [141.3141925, 39.32989806], [141.31425778, 39.33001056], [141.31431528, 39.33008389], [141.31438056, 39.33013444], [141.31450389, 39.33018528], [141.31480083, 39.33024167], [141.31506889, 39.33031472], [141.31527889, 39.33033722], [141.31556138, 39.33034278], [141.31572806, 39.33032028], [141.31594528, 39.33021333], [141.31606861, 39.3301175], [141.31613361, 39.33001639], [141.31618445, 39.32985861], [141.31620611, 39.32971778], [141.31621334, 39.32945889], [141.31619167, 39.3294025], [141.31605417, 39.32923362], [141.31603083, 39.32919444], [141.31603083, 39.32915251], [141.3160575, 39.32912583], [141.31613361, 39.32912667], [141.31622778, 39.32916055], [141.31634389, 39.32918305], [141.31659722, 39.32917167], [141.31678583, 39.32911528], [141.31688723, 39.32906472], [141.31705361, 39.32893528], [141.31712611, 39.32881695], [141.3171625, 39.32869861], [141.31720583, 39.32843389], [141.3173, 39.32820306], [141.31733639, 39.32805084], [141.31735084, 39.327775], [141.31737973, 39.32771861], [141.31754639, 39.32758917], [141.31777083, 39.32743139], [141.31782167, 39.32734167], [141.31787222, 39.32720639], [141.31799556, 39.32706556], [141.31814028, 39.32693611], [141.31822722, 39.32681778], [141.31832139, 39.32660361], [141.31837222, 39.32651917], [141.31848083, 39.32644028], [141.31856528, 39.32640611], [141.3186475, 39.32637278], [141.31885751, 39.3261925], [141.31904584, 39.32598973], [141.31916195, 39.32579833], [141.31927055, 39.32566306], [141.31937917, 39.32560111], [141.31961083, 39.32555611], [141.31977722, 39.32549417], [141.31987139, 39.32543222], [141.31999472, 39.32532556], [141.32014667, 39.32511722], [141.32022639, 39.32493111], [141.32026278, 39.32475667], [141.32030611, 39.32453138], [141.3203425, 39.32446945], [141.32045111, 39.32435111], [141.32068277, 39.32417666], [141.3209075, 39.32401889], [141.32108139, 39.32383306], [141.32122611, 39.32364722], [141.32134944, 39.32351195], [141.32150861, 39.323405], [141.32179834, 39.32318555], [141.32197944, 39.32306167], [141.32211, 39.32293778], [141.32221139, 39.32279694], [141.32223306, 39.32271806], [141.32222584, 39.32261667], [141.32210278, 39.32241389], [141.32198694, 39.3222675], [141.32171167, 39.32200833], [141.32148695, 39.32182833], [141.32144361, 39.32174361], [141.32141444, 39.32156916], [141.32140722, 39.32142278], [141.32137833, 39.32131], [141.32128445, 39.32109027], [141.32113945, 39.32096639], [141.32102361, 39.32089889], [141.32098028, 39.32083695], [141.32093666, 39.32069611], [141.32088583, 39.32039223], [141.32087139, 39.32031333], [141.32083528, 39.32020639], [141.32079166, 39.32013889], [141.32067584, 39.32002056], [141.32059611, 39.31977834], [141.32058889, 39.31955305], [141.32060333, 39.31946305], [141.32061806, 39.31942362], [141.32058167, 39.31927722], [141.32056722, 39.31925472], [141.32055722, 39.31903139], [141.32055278, 39.31893361], [141.32053111, 39.31888278], [141.32045139, 39.31879278], [141.32022667, 39.31861806], [141.32008195, 39.3185225], [141.31987166, 39.31844361], [141.31969056, 39.31843222], [141.31950972, 39.31844917], [141.31940833, 39.31840972], [141.31932861, 39.31835917], [141.31921278, 39.31830834], [141.3190825, 39.31828027], [141.31876361, 39.31826334], [141.31856806, 39.31826334], [141.31845944, 39.31828027], [141.31832889, 39.31832527], [141.31814778, 39.31846056], [141.31802472, 39.31850556], [141.3176625, 39.31859], [141.31753222, 39.3186125], [141.31707583, 39.31877028], [141.31699611, 39.31877028], [141.31693806, 39.31871944], [141.31693806, 39.31861806], [141.31698888, 39.3185675], [141.31709028, 39.31850556], [141.31730027, 39.31842667], [141.31740889, 39.31838722], [141.31762639, 39.31837027], [141.31791612, 39.31829139], [141.31800305, 39.31825777], [141.31809, 39.318145], [141.31814056, 39.31795917], [141.31816972, 39.31784083], [141.3181625, 39.31772833], [141.31810445, 39.31757611], [141.31809, 39.317565], [141.31803194, 39.31744666], [141.31800305, 39.31740166], [141.31797417, 39.31727806], [141.31795222, 39.31706972], [141.31790167, 39.31694], [141.31781472, 39.31683861], [141.31768417, 39.31677667], [141.31759722, 39.31675972], [141.31748167, 39.31676555], [141.31733694, 39.316805], [141.31711945, 39.316895], [141.31669945, 39.31710862], [141.31654722, 39.31723278], [141.31646028, 39.31728889], [141.31622111, 39.31739611], [141.315685, 39.31755944], [141.31556194, 39.31762139], [141.31523611, 39.31785778], [141.31519973, 39.31793667], [141.31517806, 39.31810555], [141.31508389, 39.31830277], [141.31502056, 39.31840638], [141.31501138, 39.31842111], [141.31488834, 39.31853944], [141.31477223, 39.31860694], [141.31456222, 39.31879833], [141.31438111, 39.31894473], [141.31417111, 39.31902333], [141.31378, 39.31906278], [141.31368584, 39.31905723], [141.31369306, 39.31899528], [141.313845, 39.31878723], [141.31399723, 39.31860694], [141.31415667, 39.31845472], [141.31438111, 39.31815055], [141.31449695, 39.31794805], [141.31451166, 39.31782417], [141.31442473, 39.31762139], [141.31428695, 39.31743528], [141.31417139, 39.31733416], [141.3136425, 39.31703555], [141.31346861, 39.3170075], [141.31338167, 39.31693972], [141.31335278, 39.31688333], [141.31334556, 39.31670888], [141.31328028, 39.31654], [141.31328028, 39.31647223], [141.31333111, 39.31643861], [141.31339611, 39.31643861], [141.313505, 39.31646111], [141.31367139, 39.31646666], [141.31379473, 39.31643306], [141.31393222, 39.3163825], [141.31407723, 39.3163825], [141.3141425, 39.31642195], [141.31430889, 39.31657389], [141.31447555, 39.31666945], [141.31462028, 39.31674833], [141.31482305, 39.31682722], [141.31487389, 39.31683833], [141.31501138, 39.31682138], [141.31514917, 39.31678195], [141.31522861, 39.31672028], [141.31539528, 39.31650639], [141.31547501, 39.31645], [141.31575027, 39.31632055], [141.31601111, 39.31621361], [141.31611972, 39.31613473], [141.31625028, 39.31599944], [141.31633722, 39.31593194], [141.31656889, 39.31579667], [141.31670667, 39.31570667], [141.31687333, 39.31554889], [141.31693111, 39.31546445], [141.31693111, 39.31539695], [141.31691666, 39.31528972], [141.31688055, 39.31522778], [141.31654, 39.31496306], [141.3164875, 39.31487055], [141.31643139, 39.31477166], [141.31620666, 39.31452389], [141.31606195, 39.31441139], [141.31592417, 39.31432139], [141.31559112, 39.31416944], [141.31546806, 39.31407917], [141.31517833, 39.31375805], [141.31491028, 39.31350473], [141.31471472, 39.31338083], [141.31449, 39.31333], [141.31433083, 39.31331889], [141.31420027, 39.31335278], [141.31409889, 39.31338083], [141.31396861, 39.31338639], [141.31387444, 39.31334694], [141.31372222, 39.31324556], [141.31349778, 39.31316111], [141.31339611, 39.31314417], [141.31329472, 39.31313861], [141.31321528, 39.31312167], [141.3131575, 39.31307667], [141.31302695, 39.31292472], [141.31290389, 39.31283445], [141.31286778, 39.31278944], [141.312875, 39.31268805], [141.31288028, 39.31267972], [141.313085, 39.31250778], [141.3131575, 39.31237833], [141.31313584, 39.31220361], [141.31312833, 39.31197278], [141.31318639, 39.31188278], [141.31328777, 39.311815], [141.31341834, 39.3117475], [141.31354139, 39.31164056], [141.31363556, 39.31151694], [141.31375862, 39.31125778], [141.31378056, 39.311145], [141.31378778, 39.31093666], [141.31397611, 39.31064389], [141.31404111, 39.31050861], [141.31404861, 39.31044111], [141.31403388, 39.31021027], [141.31401222, 39.31012584], [141.31393972, 39.31004694], [141.31373695, 39.30993972], [141.31369361, 39.30992862], [141.31363556, 39.30990055], [141.31359223, 39.30984972], [141.31360667, 39.30981028], [141.31372972, 39.30978222], [141.313795, 39.30974278], [141.31384555, 39.309675], [141.31391806, 39.30952306], [141.31393972, 39.30939361], [141.31396889, 39.30929778], [141.31397611, 39.30906723], [141.31396166, 39.30896583], [141.31388195, 39.30879667], [141.31380944, 39.30868417], [141.31371527, 39.30857722], [141.31349805, 39.30841389], [141.31346583, 39.30838889], [141.31327333, 39.30823917], [141.31325166, 39.30817723], [141.31334583, 39.30808139], [141.31347611, 39.30797444], [141.3135775, 39.30792944], [141.31380222, 39.3078675], [141.31401222, 39.30778861], [141.31428028, 39.30752944], [141.31428028, 39.30747334], [141.31425861, 39.30731], [141.31420056, 39.30720862], [141.31392528, 39.306955], [141.313795, 39.30685945], [141.31363556, 39.30681416], [141.31341112, 39.30671861], [141.31336028, 39.30667388], [141.31328806, 39.30642583], [141.31326639, 39.30625694], [141.31317222, 39.30609361], [141.31305638, 39.30598667], [141.31302, 39.30593027], [141.31302, 39.30582334], [141.31325917, 39.30578945], [141.31346194, 39.30578389], [141.31370805, 39.30582334], [141.31387473, 39.30586277], [141.3139325, 39.30586277], [141.31417889, 39.30595834], [141.3142875, 39.30598667], [141.31440333, 39.30598667], [141.31449027, 39.30594167], [141.31457, 39.30587389], [141.31462806, 39.30580084], [141.314715, 39.305615], [141.31472944, 39.30548528], [141.31467139, 39.30535583], [141.31459916, 39.30524306], [141.31426583, 39.30485444], [141.31413528, 39.3047475], [141.31403417, 39.30467444], [141.31400528, 39.30466305], [141.31391833, 39.30458972], [141.31385306, 39.30455055], [141.31367194, 39.30444917], [141.31368667, 39.30440388], [141.313875, 39.30439833], [141.31391833, 39.30437611], [141.31402695, 39.30425778], [141.31407055, 39.30422972], [141.31420083, 39.30416222], [141.31430223, 39.30399889], [141.31430223, 39.3038975], [141.3142225, 39.30376223], [141.31401973, 39.30357639], [141.31398362, 39.30350306], [141.31396917, 39.30327777], [141.31396917, 39.30301305], [141.31398362, 39.30295695], [141.31399806, 39.30267528], [141.31404139, 39.30255695], [141.31409222, 39.30250611], [141.31414306, 39.30250611], [141.31425888, 39.30257945], [141.31444, 39.30278222], [141.3147225, 39.30297361], [141.3151425, 39.30330027], [141.31518583, 39.30336222], [141.3152075, 39.30359333], [141.31522194, 39.30362694], [141.31527278, 39.30390861], [141.31535972, 39.30417889], [141.31544667, 39.30437055], [141.31552639, 39.304455], [141.31567111, 39.30456194], [141.31580888, 39.30461278], [141.31599723, 39.30461278], [141.31611305, 39.30459], [141.31625805, 39.30457889], [141.31637389, 39.30459], [141.31642473, 39.30461278], [141.31665639, 39.30471972], [141.31687389, 39.30484889], [141.31712695, 39.30503472], [141.31724306, 39.30508556], [141.31738056, 39.30508556], [141.31745305, 39.30504611], [141.31751834, 39.30498416], [141.31757611, 39.30488306], [141.31764138, 39.30468584], [141.3176775, 39.30446055], [141.31774278, 39.30431417], [141.31781528, 39.30425222], [141.31798917, 39.30415639], [141.31822083, 39.3040775], [141.31861222, 39.30394805], [141.31876417, 39.30389166], [141.31903945, 39.30372278], [141.31919889, 39.30357083], [141.31928583, 39.30353139], [141.31956833, 39.30342999], [141.31985083, 39.30328917], [141.32000305, 39.30328361], [141.32001083, 39.30328528], [141.32014056, 39.30331167], [141.32039417, 39.30335111], [141.32057528, 39.30333417], [141.32082889, 39.30324972], [141.32092305, 39.30319334], [141.32098833, 39.30311445], [141.32105333, 39.3030075], [141.32109695, 39.3027375], [141.32111861, 39.30270361], [141.32116222, 39.30267555], [141.32121278, 39.30267555], [141.32141528, 39.30283889], [141.32145889, 39.30290639], [141.321495, 39.30308084], [141.32152389, 39.30331167], [141.3215675, 39.30338472], [141.32159638, 39.30340749], [141.32166167, 39.30343556], [141.32173417, 39.3034525], [141.32181389, 39.30344111], [141.32195861, 39.30338472], [141.32216888, 39.30335111], [141.32227028, 39.30332277], [141.32236445, 39.30331167], [141.32269028, 39.30330611], [141.32284972, 39.30326694], [141.32313222, 39.30313722], [141.32319028, 39.30309222], [141.3236175, 39.30293445], [141.32378417, 39.30285584], [141.32392194, 39.30276], [141.3239725, 39.30254028], [141.32400889, 39.30242778], [141.32400167, 39.30234306], [141.32396527, 39.30226445], [141.32385667, 39.30207861], [141.32374806, 39.30195444], [141.32357417, 39.3018475], [141.32348722, 39.30177444], [141.32348722, 39.30172361], [141.323625, 39.30157167], [141.32374806, 39.30137445], [141.32399445, 39.30087333], [141.32400889, 39.30075528], [141.32399445, 39.30068194], [141.32395083, 39.30056944], [141.3237625, 39.30028777], [141.32352333, 39.30002862], [141.32324083, 39.29980888], [141.32316833, 39.29977528], [141.3226975, 39.29940361], [141.32264722, 39.29934139], [141.32264722, 39.29924584], [141.32268333, 39.29916139], [141.32275584, 39.29893028], [141.3227925, 39.29873667], [141.3227775, 39.2985025], [141.32276306, 39.29848], [141.32273417, 39.29837305], [141.32268333, 39.29827167], [141.32268333, 39.29815333], [141.32275584, 39.29806889], [141.32293695, 39.29797889], [141.32303111, 39.29791111], [141.32316139, 39.29778722], [141.32324834, 39.29764084], [141.32342222, 39.29739862], [141.32350917, 39.29733112], [141.32363944, 39.29726917], [141.32378417, 39.29722972], [141.32403778, 39.29719583], [141.32424055, 39.29714528], [141.3243275, 39.29709445], [141.32440722, 39.29699888], [141.32440722, 39.2968075], [141.32437111, 39.29671195], [141.32430584, 39.29663306], [141.32395834, 39.29639639], [141.32383528, 39.29626694], [141.32373389, 39.29612611], [141.32360333, 39.29586695], [141.32351639, 39.29555722], [141.32344416, 39.2952475], [141.32340056, 39.29511222], [141.32332083, 39.29490944], [141.32331361, 39.29480834], [141.32332805, 39.2947575], [141.32358889, 39.29433528], [141.32374833, 39.29421139], [141.323915, 39.2941325], [141.32408167, 39.29407056], [141.32435694, 39.29399195], [141.32444195, 39.29397473], [141.32439306, 39.29402556], [141.32428445, 39.29412139], [141.32416833, 39.29418889], [141.32413222, 39.29423972], [141.32413945, 39.29430167], [141.32421916, 39.29438611], [141.32429167, 39.29441417], [141.32437862, 39.29443112], [141.32445833, 39.294465], [141.3245525, 39.29454389], [141.32465389, 39.29465639], [141.32466111, 39.29477472], [141.32458861, 39.29494334], [141.32460306, 39.29503361], [141.32464639, 39.29514056], [141.32463917, 39.2952025], [141.324545, 39.29538278], [141.32452306, 39.29550667], [141.32453028, 39.2957825], [141.32460278, 39.29604722], [141.32460527, 39.29605194], [141.32474056, 39.29630083], [141.32491445, 39.29664416], [141.32508084, 39.29693138], [141.32513166, 39.29703278], [141.3251825, 39.29710055], [141.32527666, 39.29731972], [141.32529833, 39.29742112], [141.32529833, 39.29755639], [141.32516055, 39.29775361], [141.32502306, 39.29786611], [141.32484194, 39.2979675], [141.324545, 39.29811973], [141.32429861, 39.298345], [141.32421889, 39.29846305], [141.32417556, 39.29857583], [141.32417556, 39.29870528], [141.32424055, 39.29882917], [141.32432028, 39.29889694], [141.32439278, 39.29893639], [141.32458834, 39.2989925], [141.32463194, 39.29903194], [141.32466083, 39.29909389], [141.32464639, 39.29931334], [141.32467528, 39.29943722], [141.32468972, 39.29948222], [141.32474056, 39.29955556], [141.32479111, 39.29960611], [141.32488527, 39.2996625], [141.32505917, 39.2997075], [141.32512444, 39.29975833], [141.32520417, 39.29986528], [141.32533444, 39.29996112], [141.32541417, 39.29999472], [141.32550111, 39.30001167], [141.32557333, 39.30004555], [141.32557333, 39.30013555], [141.32547194, 39.30028777], [141.32544278, 39.30046806], [141.32547194, 39.30062], [141.32557333, 39.30085666], [141.32561667, 39.30109889], [141.32566749, 39.30116083], [141.32574, 39.30120583], [141.32597166, 39.30129028], [141.3260225, 39.30132417], [141.32603694, 39.30135222], [141.32602972, 39.30142556], [141.32601334, 39.30144445], [141.32582555, 39.30155612], [141.32577611, 39.30162806], [141.32575444, 39.30167861], [141.32575444, 39.30180805], [141.32579055, 39.30188139], [141.32599334, 39.30208972], [141.32610945, 39.30217416], [141.3262325, 39.302225], [141.32639916, 39.30225306], [141.32677583, 39.30227], [141.32684111, 39.30228111], [141.3273625, 39.30227], [141.32761583, 39.302225], [141.32776694, 39.30218], [141.32776805, 39.30217972], [141.32802889, 39.30203945], [141.32822444, 39.30197166], [141.32831139, 39.30188722], [141.3283875, 39.301845], [141.32863, 39.30196611], [141.32876778, 39.30200556], [141.328985, 39.30202806], [141.32924583, 39.30201666], [141.32939805, 39.3019775], [141.32947056, 39.3019775], [141.32956472, 39.302], [141.32960806, 39.3020225], [141.32982528, 39.3020675], [141.33028916, 39.30206195], [141.33053528, 39.302], [141.33081028, 39.30212388], [141.33101305, 39.30216889], [141.33125944, 39.30218583], [141.33182445, 39.30217445], [141.33222306, 39.30226472], [141.33239694, 39.30226472], [141.33254167, 39.30223083], [141.33263583, 39.30219139], [141.3328025, 39.30205611], [141.33309222, 39.30163389], [141.33320833, 39.3014875], [141.333295, 39.30141972], [141.3333675, 39.30138611], [141.33345445, 39.30138611], [141.33345445, 39.30149306], [141.3333025, 39.30205056], [141.3333025, 39.30221389], [141.33336028, 39.30229278], [141.33341111, 39.30233778], [141.33342556, 39.30236611], [141.33362084, 39.30245611], [141.33375861, 39.30249], [141.33404111, 39.30249], [141.33430194, 39.30246167], [141.33443222, 39.30244472], [141.33446833, 39.30243361], [141.33459166, 39.30241667], [141.33477278, 39.30237722], [141.33493945, 39.30229278], [141.33503361, 39.30229278], [141.33509862, 39.30232083], [141.33515667, 39.30236611], [141.33523639, 39.30246167], [141.33533055, 39.30261944], [141.33549, 39.30273195], [141.33570722, 39.30285611], [141.33583027, 39.30288417], [141.33634195, 39.30286972], [141.33636972, 39.30336917], [141.33639889, 39.30389917], [141.33627194, 39.30390889], [141.336185, 39.30393722], [141.33606917, 39.30393139], [141.33594611, 39.30388083], [141.33577222, 39.30384139], [141.33560583, 39.30384695], [141.3354175, 39.30389778], [141.33504083, 39.30402722], [141.33483778, 39.30407778], [141.33469306, 39.30407778], [141.33451195, 39.30399333], [141.33437417, 39.30395972], [141.33424389, 39.30395389], [141.33377306, 39.30408917], [141.33341805, 39.30424694], [141.33321528, 39.30428639], [141.33288195, 39.30435944], [141.33274417, 39.30441584], [141.3326575, 39.30448334], [141.33263555, 39.30456778], [141.33260667, 39.30462416], [141.33254138, 39.3046525], [141.33244, 39.3046525], [141.33239694, 39.30462416], [141.33236583, 39.30458417], [141.33235334, 39.30456778], [141.33230277, 39.30441028], [141.33222306, 39.30430305], [141.33209972, 39.30421861], [141.33201278, 39.304185], [141.33190417, 39.30419611], [141.3317375, 39.30426361], [141.33157834, 39.30430889], [141.33146223, 39.30432], [141.33126666, 39.30430305], [141.33106389, 39.30430305], [141.33091889, 39.30435389], [141.33080305, 39.30441584], [141.33068, 39.30451166], [141.33059306, 39.30455111], [141.330535, 39.30455666], [141.33048444, 39.30452278], [141.33035389, 39.304365], [141.33035389, 39.30435944], [141.33031056, 39.3043425], [141.33017278, 39.3042975], [141.32967306, 39.3042975], [141.32946305, 39.30431444], [141.32933278, 39.3043425], [141.32903584, 39.30437639], [141.32892, 39.30439334], [141.32864472, 39.30441584], [141.32838388, 39.30443278], [141.32804333, 39.30442139], [141.32783334, 39.30438778], [141.3270075, 39.30437611], [141.326935, 39.30436472], [141.32666695, 39.30434805], [141.32633389, 39.304455], [141.3262325, 39.30446611], [141.3260875, 39.304455], [141.32584861, 39.30452805], [141.32565305, 39.30452805], [141.32546472, 39.30448889], [141.32530528, 39.30448305], [141.32521111, 39.30451139], [141.3251675, 39.304545], [141.32507333, 39.30468028], [141.32502278, 39.30470834], [141.32490695, 39.30474778], [141.32482, 39.30475334], [141.3247475, 39.30473666], [141.32452278, 39.30473666], [141.32443583, 39.30475334], [141.32432722, 39.30477611], [141.32398667, 39.30489416], [141.32378389, 39.30498444], [141.32360278, 39.30505194], [141.32342889, 39.30507444], [141.32324055, 39.30509694], [141.3229875, 39.30518722], [141.32279166, 39.30527167], [141.32266139, 39.30536167], [141.32258889, 39.30542945], [141.32256, 39.30548555], [141.32256, 39.30559277], [141.32257444, 39.30563777], [141.32257722, 39.3056925], [141.32258167, 39.30578389], [141.32254556, 39.30591917], [141.32246583, 39.30596417], [141.32229916, 39.30596417], [141.32213972, 39.30596417], [141.321995, 39.30600361], [141.32171972, 39.30611056], [141.32166167, 39.30612167], [141.3215675, 39.30616111], [141.32140083, 39.30624], [141.32098806, 39.30649361], [141.32082138, 39.30660611], [141.32067639, 39.30675833], [141.32061111, 39.30686528], [141.32047361, 39.30716389], [141.32041556, 39.30733834], [141.32040833, 39.3075525], [141.32035055, 39.30787306], [141.32019111, 39.30829555], [141.32018389, 39.30853777], [141.32016944, 39.30859417], [141.32016222, 39.30880806], [141.32017667, 39.30890389], [141.32020555, 39.30896583], [141.32042278, 39.30898278], [141.32054612, 39.30907833], [141.32055334, 39.30914611], [141.32053889, 39.30917973], [141.32046639, 39.30923611], [141.320365, 39.30927556], [141.32031417, 39.30941638], [141.32023444, 39.30947833], [141.31990139, 39.30947833], [141.31946666, 39.30945583], [141.31936528, 39.30949528], [141.31931444, 39.30941638], [141.31911167, 39.30934861], [141.31890889, 39.30934861], [141.31875666, 39.30945583], [141.3186625, 39.30956278], [141.31862639, 39.30972612], [141.3186625, 39.30983305], [141.31885805, 39.30983305], [141.31892334, 39.30984444], [141.31919138, 39.30985555], [141.3193725, 39.30988944], [141.31953195, 39.30994584], [141.31967667, 39.31001889], [141.31974917, 39.31008084], [141.31980723, 39.31016527], [141.31985056, 39.31028917], [141.31987222, 39.31049167], [141.31990139, 39.31089723], [141.32032112, 39.31106055], [141.32016139, 39.31114805], [141.32015111, 39.31145861], [141.32035028, 39.3115225], [141.32017639, 39.31165194], [141.31998806, 39.31176472], [141.31987945, 39.31177584], [141.31984305, 39.3121025], [141.319785, 39.31227167], [141.31977778, 39.31246861], [141.31986473, 39.31263777], [141.31994444, 39.31271639], [141.32003861, 39.31273917], [141.32025611, 39.31276722], [141.320285, 39.31264889], [141.32032112, 39.31255889], [141.32043723, 39.31249111], [141.32053861, 39.3124575], [141.32064722, 39.312435], [141.3207125, 39.31246861], [141.32075584, 39.31253055], [141.3207125, 39.31259834], [141.32070527, 39.31268277], [141.32079195, 39.31277277], [141.32084278, 39.31278417], [141.32101666, 39.31276722], [141.32110028, 39.31278667], [141.32108777, 39.31287834], [141.32121945, 39.31287417], [141.32124834, 39.3129925], [141.32101666, 39.31300334], [141.32098778, 39.31304861], [141.32098055, 39.31314417], [141.32109639, 39.31345416], [141.32118334, 39.31357223], [141.3212775, 39.31361166], [141.32140778, 39.3136175], [141.32156, 39.31356111], [141.32198, 39.31348778], [141.32219722, 39.31348223], [141.32240722, 39.31342583], [141.32250861, 39.31338083], [141.32271889, 39.31309389], [141.32290722, 39.31294167], [141.32295778, 39.31291361], [141.32310278, 39.31289667], [141.32322584, 39.31276167], [141.32329833, 39.31258694], [141.32333444, 39.31240667], [141.32334888, 39.31233917], [141.32340694, 39.31227722], [141.32345777, 39.31227722], [141.32347945, 39.31233917], [141.32344333, 39.31262639], [141.32327666, 39.31303194], [141.32304555, 39.31342472], [141.32300861, 39.31348778], [141.32288527, 39.31366805], [141.32274056, 39.31387639], [141.32271139, 39.31395528], [141.32270416, 39.31415805], [141.32274778, 39.31428194], [141.32294333, 39.31459166], [141.32299416, 39.314755], [141.32297222, 39.31511], [141.32299416, 39.31527889], [141.32306639, 39.31567306], [141.32313889, 39.31595444], [141.32316777, 39.31619111], [141.32320417, 39.31628111], [141.32326222, 39.31637111], [141.32339972, 39.31654583], [141.32351556, 39.31679361], [141.32351556, 39.31688944], [141.32340694, 39.31709222], [141.32337806, 39.31719361], [141.32339223, 39.31742444], [141.32334139, 39.31761028], [141.32323277, 39.31774555], [141.32322555, 39.31781305], [141.32325445, 39.31789195], [141.32332694, 39.31797084], [141.32341389, 39.31801584], [141.32352972, 39.31806084], [141.32358778, 39.31809472], [141.32361667, 39.31813972], [141.32362416, 39.31826361], [141.32354445, 39.31837639], [141.32347194, 39.31850583], [141.32349361, 39.31860139], [141.3235225, 39.31864639], [141.32361667, 39.31874194], [141.32381973, 39.31888278], [141.32385584, 39.31893361], [141.32386306, 39.31896166], [141.32387028, 39.31913638], [141.32379055, 39.31926583], [141.32350083, 39.31956444], [141.3234575, 39.31963194], [141.32345028, 39.31970528], [141.32346472, 39.31982334], [141.32350083, 39.31989111], [141.32358056, 39.31994722], [141.32369639, 39.31998667], [141.32389944, 39.32002611], [141.32413112, 39.32002611], [141.32433389, 39.31998111], [141.32465278, 39.31988528], [141.32526084, 39.31983472], [141.32536973, 39.31980666], [141.32554361, 39.31971084], [141.32563028, 39.31971084], [141.32568972, 39.31975139], [141.32567389, 39.31983472], [141.32560861, 39.31991361], [141.32555806, 39.32000361], [141.3255725, 39.32016139], [141.32547111, 39.32022889], [141.32530444, 39.32025139], [141.32518138, 39.32027972], [141.32510167, 39.32033028], [141.32508722, 39.32035278], [141.32507972, 39.32042611], [141.32510167, 39.32046555], [141.32510889, 39.32056695], [141.32503639, 39.3206175], [141.32498556, 39.3206175], [141.32488445, 39.32060055], [141.32474695, 39.32060055], [141.32456584, 39.32068527], [141.32434833, 39.32069083], [141.32423972, 39.32071333], [141.32416723, 39.32074722], [141.324095, 39.32081472], [141.32405139, 39.32090472], [141.32402972, 39.32100611], [141.32405861, 39.32122556], [141.32412389, 39.32132139], [141.32421083, 39.32138889], [141.32456555, 39.32148473], [141.324725, 39.32153528], [141.32480445, 39.32160861], [141.32482639, 39.32164806], [141.32482639, 39.32177195], [141.32480445, 39.32183945], [141.32476111, 39.32187333], [141.32464528, 39.32190695], [141.32459444, 39.32194638], [141.32457278, 39.32199167], [141.32456584, 39.32210666], [141.32456555, 39.32210972], [141.32464528, 39.32222805], [141.32488416, 39.32249277], [141.32494945, 39.32253777], [141.32501472, 39.32255472], [141.3250725, 39.32259972], [141.32505083, 39.32263917], [141.3250075, 39.32266167], [141.32495667, 39.32267306], [141.32479, 39.32265056], [141.32469583, 39.32266167], [141.32460889, 39.3227125], [141.32454389, 39.322825], [141.32452917, 39.32301083], [141.32451472, 39.32305611], [141.32442055, 39.32317416], [141.32441333, 39.32335445], [141.32434806, 39.32342222], [141.32432639, 39.32347278], [141.32432639, 39.32366417], [141.32434806, 39.32368111], [141.32444222, 39.3237375], [141.324435, 39.32381611], [141.32438444, 39.32385], [141.32421778, 39.32385556], [141.32413805, 39.32387806], [141.32405834, 39.32392861], [141.32391361, 39.32408639], [141.32383389, 39.32419916], [141.32368166, 39.32434556], [141.32363833, 39.32444695], [141.32362389, 39.32461583], [141.32350778, 39.32472862], [141.32325416, 39.32492555], [141.32277638, 39.32522972], [141.32234917, 39.32547194], [141.32215333, 39.32557889], [141.32174778, 39.32578723], [141.32153055, 39.32591083], [141.32130584, 39.3260575], [141.32118278, 39.32615889], [141.32114638, 39.32620389], [141.32112472, 39.32626583], [141.32112472, 39.32639528], [141.32114638, 39.32647417], [141.32116833, 39.32672194], [141.32115362, 39.32684584], [141.32108139, 39.32692472], [141.32081333, 39.32692472], [141.32071917, 39.32695861], [141.32058139, 39.3270375], [141.320335, 39.32720083], [141.32028445, 39.32726278], [141.32025556, 39.32733028], [141.32025556, 39.32751611], [141.32022639, 39.32761195], [141.32002361, 39.32785417], [141.31999472, 39.32790472], [141.31995112, 39.32804527], [141.319915, 39.32823667], [141.31992944, 39.32851833], [141.31996556, 39.32864778], [141.31998306, 39.32867694], [141.32011778, 39.32890139], [141.32011778, 39.32896889], [141.32007445, 39.32900833], [141.319915, 39.32901389], [141.31981361, 39.32903667], [141.31967584, 39.32905333], [141.31956, 39.32909861], [141.319415, 39.3292225], [141.31929916, 39.32938], [141.31929916, 39.32944778], [141.31933527, 39.32954916], [141.31935723, 39.32969556], [141.31931361, 39.32979111], [141.31918334, 39.32990389], [141.31904555, 39.33008972], [141.31889361, 39.33034889], [141.31886444, 39.33042195], [141.31884278, 39.33052305], [141.31879944, 39.33077667], [141.31882833, 39.33103], [141.31885722, 39.3315425], [141.31885722, 39.3320325], [141.31888639, 39.33212278], [141.31901666, 39.33241556], [141.31903833, 39.33260694], [141.31902389, 39.33275917], [141.31895139, 39.33298445], [141.31895139, 39.33306889], [141.318995, 39.33313639], [141.31905277, 39.33316472], [141.31913223, 39.33318139], [141.31932056, 39.33318139], [141.31950166, 39.33317027], [141.31972639, 39.33320972], [141.31974806, 39.33322083], [141.31976972, 39.33325472], [141.31975528, 39.33331667], [141.31958861, 39.33339527], [141.31940028, 39.33352472], [141.31907445, 39.33377833], [141.31892944, 39.33396416], [141.31883528, 39.33416111], [141.31877722, 39.33433028], [141.31877, 39.33442028], [141.31880639, 39.33465694], [141.31890055, 39.33502861], [141.31889333, 39.33544528], [141.31890777, 39.33548473], [141.31890055, 39.33611528], [141.31888001, 39.33619417], [141.31888861, 39.33621389], [141.31881777, 39.33634056], [141.31873055, 39.33650389], [141.31862195, 39.33672361], [141.31852028, 39.33679695], [141.31844055, 39.3368475], [141.31842611, 39.33686445], [141.31841166, 39.33687], [141.31837528, 39.3368925], [141.31828833, 39.33694888], [141.31820862, 39.33703333], [141.318165, 39.33709528], [141.31817222, 39.33726417], [141.31818666, 39.33730944], [141.31818666, 39.33734305], [141.31821584, 39.33741639], [141.31821584, 39.33744444], [141.31823028, 39.33746694], [141.31817944, 39.33752889], [141.318165, 39.33755139], [141.31794, 39.33767556], [141.3178675, 39.3377375], [141.31777333, 39.33790639], [141.31770805, 39.33803583], [141.31759194, 39.33824416], [141.31751222, 39.3384075], [141.31748334, 39.33850889], [141.31740333, 39.33855972], [141.31725111, 39.33857639], [141.31714972, 39.33861583], [141.31710611, 39.33864945], [141.31699, 39.33882972], [141.31692472, 39.33891972], [141.31686667, 39.33897611], [141.31671445, 39.33909444], [141.31657666, 39.33916194], [141.31644611, 39.33930834], [141.31633, 39.339455], [141.31627195, 39.3395225], [141.31620666, 39.3396125], [141.31617777, 39.33968583], [141.31616333, 39.33971389], [141.31614861, 39.33977028], [141.31609806, 39.33986055], [141.31609084, 39.33989417], [141.31606166, 39.33996167], [141.31603278, 39.34005195], [141.31603278, 39.34007445], [141.31601806, 39.34014777], [141.31601084, 39.34031667], [141.31598917, 39.34038972], [141.31598917, 39.34040111], [141.31595277, 39.3405025], [141.31594555, 39.34057], [141.31593111, 39.340615], [141.31590944, 39.34063778], [141.31594555, 39.34072223], [141.3159675, 39.34076723], [141.31596028, 39.34082916], [141.31594555, 39.34084028], [141.31593111, 39.34085723], [141.31593111, 39.34087973], [141.31590944, 39.34093611], [141.31590944, 39.34095861], [141.31590944, 39.34104306], [141.31595277, 39.34115028], [141.3159675, 39.34122333], [141.31598195, 39.34150472], [141.31601806, 39.3416175], [141.31609084, 39.34174139], [141.31613417, 39.34178639], [141.31619222, 39.34182584], [141.31650417, 39.34190472], [141.31671445, 39.34200028], [141.3169175, 39.34201166], [141.31712778, 39.34198334], [141.31767472, 39.34201611], [141.31798416, 39.34203083], [141.31828639, 39.34207167], [141.31853611, 39.34210528], [141.31873028, 39.34211306], [141.31879306, 39.34212556], [141.31937472, 39.34295944], [141.31932945, 39.34316389], [141.319275, 39.34340889], [141.31836305, 39.34381722], [141.31823834, 39.34380945], [141.31806917, 39.34379334], [141.31794861, 39.34379334], [141.31781361, 39.34379417], [141.31764111, 39.34384306], [141.31745111, 39.34390361], [141.31731889, 39.3439725], [141.31710583, 39.34405612], [141.31685695, 39.34414889], [141.31678195, 39.34417167], [141.31660056, 39.34419778], [141.31643972, 39.34420917], [141.31634778, 39.34425528], [141.31629583, 39.34428972], [141.31622389, 39.34433833], [141.316175, 39.34442472], [141.31612611, 39.34452806], [141.31609, 39.34454361], [141.31606694, 39.34456361], [141.315975, 39.34460111], [141.31583111, 39.34467], [141.31577639, 39.34471889], [141.31573889, 39.34478222], [141.31567861, 39.34484278], [141.31562389, 39.34488305], [141.31551722, 39.34492028], [141.31537917, 39.34496777], [141.31497278, 39.34513195], [141.31477, 39.34521278], [141.31464111, 39.34525139], [141.31459639, 39.34529139], [141.31456695, 39.34533445], [141.31456695, 39.34539888], [141.31456472, 39.34543862], [141.31455305, 39.345455], [141.31451389, 39.3454925], [141.31443889, 39.34548611], [141.31440584, 39.34545639], [141.31436833, 39.3454], [141.31428389, 39.34536028], [141.31416778, 39.34534972], [141.31405417, 39.34536361], [141.31399195, 39.34538611], [141.3139475, 39.3454175], [141.31393445, 39.34545277], [141.31391222, 39.34550777], [141.31388639, 39.34554306], [141.31383944, 39.34554306], [141.31376, 39.34552639], [141.31369805, 39.34548667], [141.31361, 39.34542084], [141.31343667, 39.34534833], [141.31325556, 39.345305], [141.31318055, 39.34529917], [141.31312305, 39.34531556], [141.31308667, 39.34535194], [141.31307611, 39.34550055], [141.31299777, 39.34557861], [141.31290861, 39.34554695], [141.31288444, 39.34550361], [141.31285361, 39.34543583], [141.31281333, 39.34534555], [141.31276667, 39.34525833], [141.31268584, 39.34514861], [141.31267861, 39.34514084], [141.31260834, 39.34506472], [141.31244639, 39.34498555], [141.31235917, 39.34495973], [141.31226556, 39.34495], [141.31219472, 39.34497111], [141.31206861, 39.34502917], [141.31199445, 39.34510473], [141.31193305, 39.34520473], [141.31188444, 39.34532944], [141.3118475, 39.34538778], [141.31180222, 39.34541833], [141.31175056, 39.3454425], [141.31160277, 39.34544223], [141.31123139, 39.34547444], [141.31111528, 39.34547139], [141.31108611, 39.34544555], [141.31109917, 39.34539222], [141.31120417, 39.34522445], [141.31136028, 39.34485195], [141.3113925, 39.34477639], [141.31139584, 39.34468445], [141.31139584, 39.34463916], [141.31135527, 39.34456972], [141.31129417, 39.34452944], [141.31122639, 39.34449389], [141.31107472, 39.34445695], [141.31094722, 39.34444722], [141.31088417, 39.34443916], [141.31081972, 39.34441666], [141.31077916, 39.34440361], [141.31074222, 39.34435528], [141.31073416, 39.34425862], [141.310755, 39.34420055], [141.31077277, 39.34412611], [141.31075833, 39.34407139], [141.31058722, 39.34395195], [141.31053556, 39.34389083], [141.31050805, 39.3438375], [141.31047583, 39.34366195], [141.31047417, 39.34339333], [141.31050167, 39.34329333], [141.31054195, 39.34320444], [141.31064694, 39.34301417], [141.31072583, 39.34281916], [141.31076639, 39.34269055], [141.31078112, 39.34255834], [141.31077611, 39.34249055], [141.31074055, 39.34245027], [141.31069389, 39.34243111], [141.310605, 39.34242777], [141.31034111, 39.34245833], [141.31017, 39.34247444], [141.31003584, 39.34247444], [141.30991973, 39.34247945], [141.30981806, 39.34248888], [141.30974055, 39.34250361], [141.30966027, 39.3425325], [141.30953917, 39.34257278], [141.30948278, 39.34257611], [141.30943917, 39.34257917], [141.30940861, 39.34256805], [141.30940056, 39.34253722], [141.30940056, 39.34248083], [141.30938445, 39.34245667], [141.30935222, 39.3424325], [141.309265, 39.34240028], [141.30910528, 39.34237112], [141.308905, 39.34233583], [141.30874416, 39.34230417], [141.30868111, 39.34229778], [141.30857833, 39.34229278], [141.30846361, 39.34229278], [141.30840722, 39.34228], [141.3083475, 39.34225889], [141.30830056, 39.34223806], [141.30825222, 39.34221055], [141.308165, 39.3421575], [141.30809084, 39.34211389], [141.30805861, 39.34210584], [141.30799888, 39.3420575], [141.30791167, 39.34196861], [141.30789055, 39.34193972], [141.3078875, 39.34191056], [141.30794083, 39.34188973], [141.30806028, 39.34191223], [141.30819084, 39.341925], [141.30827472, 39.34189945], [141.30841722, 39.34178528], [141.30856889, 39.34169833], [141.30866722, 39.34163361], [141.30869945, 39.34158694], [141.30870611, 39.34153861], [141.30868667, 39.34150639], [141.30864777, 39.34141278], [141.30863667, 39.341345], [141.30867361, 39.34133361], [141.30871723, 39.34133361], [141.30877695, 39.34135778], [141.308805, 39.34139083], [141.30887861, 39.34147805], [141.30891583, 39.34153083], [141.30899639, 39.34154333], [141.30924805, 39.34155112], [141.30942917, 39.34158111], [141.30963166, 39.34164889], [141.30976, 39.34167389], [141.30989083, 39.34166639], [141.31005945, 39.34162862], [141.31026306, 39.34156583], [141.31070417, 39.34150195], [141.310845, 39.34145916], [141.31090527, 39.34139389], [141.31089527, 39.34131333], [141.310865, 39.34124556], [141.31075695, 39.34117778], [141.31061111, 39.34110473], [141.31052306, 39.34102556], [141.31049778, 39.34096528], [141.31048778, 39.34086723], [141.31049528, 39.34077167], [141.31059833, 39.34062334], [141.31074666, 39.34045278], [141.31083472, 39.34032195], [141.31087, 39.34022889], [141.31087, 39.34015472], [141.31079195, 39.33989833], [141.31073667, 39.33983056], [141.31071166, 39.33976778], [141.31071667, 39.3397275], [141.31073917, 39.33966972], [141.31077945, 39.33962945], [141.31087306, 39.33958333], [141.31126806, 39.33944278], [141.31144416, 39.33936472], [141.31148444, 39.33933722], [141.31165889, 39.33926305], [141.31171166, 39.33921527], [141.31174666, 39.339145], [141.31175695, 39.33907445], [141.31173917, 39.33896889], [141.31172917, 39.33889862], [141.31173666, 39.33885583], [141.31177194, 39.33880806], [141.31192777, 39.33875278]], [[140.95734027, 39.49044861], [140.95715861, 39.49053305], [140.95697722, 39.49052722], [140.95675222, 39.49048805], [140.95644, 39.49049917], [140.95608417, 39.49039222], [140.95585917, 39.49035833], [140.95569222, 39.49035278], [140.95559056, 39.49033583], [140.95536556, 39.49025139], [140.9553075, 39.49022333], [140.95514778, 39.49018944], [140.95493723, 39.49011056], [140.95481361, 39.49008806], [140.95439973, 39.49007666], [140.95424722, 39.49006], [140.95411667, 39.49006556], [140.954015, 39.49009945], [140.95379722, 39.49018944], [140.9535575, 39.4902175], [140.95331084, 39.4902175], [140.95310028, 39.49018389], [140.95299861, 39.49018389], [140.95271555, 39.49024], [140.9524975, 39.49032472], [140.95240333, 39.49040333], [140.95237417, 39.49047111], [140.9523525, 39.49053305], [140.95233056, 39.49069611], [140.95229445, 39.49089305], [140.95229195, 39.49103139], [140.95228694, 39.49112972], [140.95230167, 39.49119167], [140.95235972, 39.49132111], [140.95241056, 39.49138889], [140.95244695, 39.49147333], [140.95254112, 39.49157473], [140.95259194, 39.49189], [140.95277334, 39.49223917], [140.95291861, 39.49243084], [140.95294222, 39.49248056], [140.952875, 39.49245334], [140.95278056, 39.4924025], [140.95270806, 39.49239139], [140.95259889, 39.49241389], [140.952505, 39.49241944], [140.9524975, 39.49219972], [140.95246139, 39.49197445], [140.95245222, 39.49185805], [140.95243945, 39.49169861], [140.95240333, 39.49160833], [140.95223611, 39.49148444], [140.95215639, 39.4913325], [140.95202556, 39.49114111], [140.95198945, 39.49100584], [140.95196972, 39.49094333], [140.95193861, 39.49074667], [140.95197472, 39.49050472], [140.95195305, 39.49042611], [140.95190222, 39.49036972], [140.95183694, 39.49033028], [140.95173528, 39.49030778], [140.95138667, 39.49030194], [140.95114695, 39.49033], [140.95093639, 39.49033], [140.95070444, 39.49027916], [140.95061, 39.49022306], [140.95041389, 39.49007666], [140.95019611, 39.48977278], [140.95017444, 39.48976139], [140.95013084, 39.48969389], [140.95005084, 39.489615], [140.94995639, 39.4895475], [140.94989111, 39.48952472], [140.94972417, 39.48950222], [140.94970972, 39.48949667], [140.94968055, 39.48949111], [140.94962972, 39.48944611], [140.94959334, 39.48935028], [140.94955722, 39.48927695], [140.94948445, 39.489215], [140.94927389, 39.48907416], [140.94917223, 39.48902361], [140.94896889, 39.48897861], [140.94886, 39.48897861], [140.94864222, 39.48909666], [140.94856972, 39.48911361], [140.94787278, 39.48913055], [140.94770584, 39.48917556], [140.947655, 39.48919806], [140.94746611, 39.48926556], [140.94743, 39.489305], [140.94738055, 39.48940028], [140.94733917, 39.48938361], [140.94730639, 39.48927111], [140.94723389, 39.48918139], [140.9469725, 39.48907416], [140.94688528, 39.48897861], [140.9467475, 39.48890528], [140.94664583, 39.48883778], [140.94662388, 39.48883194], [140.94642778, 39.48868556], [140.94633361, 39.48862944], [140.94592722, 39.48837584], [140.94557861, 39.48810555], [140.94544805, 39.48805472], [140.94517916, 39.48797611], [140.9449325, 39.48788028], [140.94467833, 39.48781278], [140.94458389, 39.48780695], [140.94448944, 39.48782389], [140.94439694, 39.48778944], [140.94429333, 39.48775083], [140.94428611, 39.4877], [140.94436528, 39.48759361], [140.94441695, 39.48750861], [140.94452583, 39.48750278], [140.94456945, 39.48749166], [140.94475805, 39.48746334], [140.94478, 39.48745222], [140.94493972, 39.48742416], [140.94520834, 39.48740139], [140.94532445, 39.48737334], [140.94547694, 39.48736222], [140.94569472, 39.48738472], [140.9460725, 39.48740139], [140.94647166, 39.48745222], [140.94741528, 39.48767195], [140.94774222, 39.4877225], [140.94789472, 39.48776195], [140.94804, 39.48782945], [140.94824305, 39.48790833], [140.94837389, 39.48794222], [140.9487225, 39.48796472], [140.94896889, 39.48795917], [140.94917223, 39.48785222], [140.94925223, 39.48785222], [140.94928111, 39.48786333], [140.94934666, 39.48794778], [140.94941194, 39.48800972], [140.94952083, 39.48806611], [140.94964417, 39.48808861], [140.94978222, 39.48807167], [140.95018889, 39.487965], [140.95043584, 39.4879425], [140.95058111, 39.48791445], [140.95062444, 39.48788611], [140.950765, 39.48777722], [140.95081333, 39.48773972], [140.95090778, 39.487565], [140.95095139, 39.48753139], [140.95095139, 39.48752583], [140.95100945, 39.48751445], [140.95116194, 39.48757639], [140.95123445, 39.48758778], [140.95131445, 39.48762695], [140.95143056, 39.48771722], [140.95153223, 39.48776778], [140.95161916, 39.48779611], [140.95190222, 39.48781305], [140.95198945, 39.48782972], [140.95223611, 39.4878525], [140.95236694, 39.48784111], [140.95259917, 39.48774528], [140.95305666, 39.48748639], [140.95317306, 39.487385], [140.95351417, 39.48737916], [140.95369583, 39.48730611], [140.95395722, 39.48721611], [140.95404416, 39.48717666], [140.95424027, 39.48697389], [140.95430556, 39.48692889], [140.95434194, 39.48686139], [140.95434916, 39.48675444], [140.9543275, 39.48667556], [140.95432138, 39.48662416], [140.95434444, 39.48662334], [140.95445805, 39.48667], [140.95457416, 39.48667], [140.95467556, 39.48658528], [140.95474111, 39.48654028], [140.95484278, 39.48651778], [140.95489361, 39.48648972], [140.95490083, 39.48647278], [140.95492972, 39.48630389], [140.95496611, 39.48624195], [140.95503861, 39.4862025], [140.95508222, 39.48619111], [140.95521305, 39.48619666], [140.9553075, 39.48621361], [140.95549612, 39.48620805], [140.95593195, 39.48607861], [140.95596806, 39.48605611], [140.95601888, 39.48598278], [140.95612055, 39.48599973], [140.95625861, 39.48605028], [140.95633111, 39.48606166], [140.95641833, 39.48603361], [140.95646917, 39.48599445], [140.95652722, 39.48591555], [140.95657084, 39.48580278], [140.95658528, 39.4856], [140.95662167, 39.48549306], [140.95667973, 39.48539722], [140.95673055, 39.48534667], [140.956825, 39.48531277], [140.95698472, 39.48529027], [140.95741305, 39.48508194], [140.95761639, 39.48494112], [140.95791417, 39.48469333], [140.9579575, 39.48467083], [140.95824056, 39.48460306], [140.95843667, 39.48455278], [140.95870528, 39.48450778], [140.95892306, 39.48449083], [140.95898861, 39.48450778], [140.95934472, 39.48469556], [140.95937333, 39.48471055], [140.95967833, 39.48477805], [140.95990333, 39.48477805], [140.95997611, 39.48473305], [140.95999778, 39.48470472], [140.95999778, 39.48457528], [140.95993973, 39.48449638], [140.95972917, 39.484305], [140.9597, 39.48424861], [140.95967944, 39.48410361], [140.95970361, 39.48409445], [140.95973139, 39.48408944], [140.95988167, 39.48419806], [140.96004138, 39.48424861], [140.96024472, 39.48425416], [140.96043361, 39.48422056], [140.9612175, 39.48419806], [140.96147889, 39.48417528], [140.96178388, 39.48413028], [140.96185639, 39.48409666], [140.96194361, 39.48402889], [140.96198694, 39.48393889], [140.96199834, 39.48390416], [140.96202167, 39.48388055], [140.96208028, 39.48386945], [140.96225584, 39.48401194], [140.9623575, 39.48404583], [140.962655, 39.48406833], [140.96315611, 39.48406833], [140.96322138, 39.48402889], [140.96324333, 39.48398944], [140.96325056, 39.48391639], [140.96317778, 39.48369694], [140.96310527, 39.48333639], [140.96302528, 39.4831225], [140.96272056, 39.48275639], [140.96266222, 39.482655], [140.96260417, 39.48251972], [140.96261889, 39.48221555], [140.96263333, 39.48193972], [140.96261889, 39.48190583], [140.96255333, 39.48161861], [140.96255333, 39.48120778], [140.96253166, 39.48103333], [140.96251722, 39.48085306], [140.96259695, 39.48068389], [140.96264055, 39.4805375], [140.96263361, 39.48035167], [140.96261916, 39.48031222], [140.96253194, 39.48017139], [140.96248111, 39.48007], [140.96248111, 39.479935], [140.96251027, 39.47983361], [140.96253194, 39.47965889], [140.96252389, 39.47961111], [140.96257389, 39.47963389], [140.96260444, 39.47966472], [140.96261194, 39.479935], [140.96264806, 39.48001945], [140.96272083, 39.48011528], [140.96282222, 39.48024472], [140.96295278, 39.48037417], [140.96301806, 39.48047], [140.96301806, 39.48070084], [140.96303278, 39.48088111], [140.96309083, 39.48108389], [140.96318527, 39.48129223], [140.96321416, 39.48146139], [140.963265, 39.48161889], [140.96343194, 39.48199028], [140.96354834, 39.48213694], [140.96357722, 39.48215944], [140.96362083, 39.4822325], [140.96374416, 39.48255361], [140.96385305, 39.48275083], [140.96419416, 39.48333639], [140.96436834, 39.483725], [140.96449917, 39.48391083], [140.96463722, 39.48417556], [140.9647025, 39.484215], [140.96476778, 39.484215], [140.96484777, 39.48418138], [140.96516722, 39.48382083], [140.96526889, 39.48366889], [140.96528333, 39.48351667], [140.96526166, 39.48340417], [140.9652325, 39.48318445], [140.96522528, 39.48286889], [140.96529055, 39.48259861], [140.965385, 39.48229472], [140.96543584, 39.48221584], [140.96553028, 39.48210889], [140.96557416, 39.48207], [140.96572639, 39.48193444], [140.96578444, 39.48185555], [140.96580611, 39.48183305], [140.965915, 39.48164139], [140.965995, 39.48141056], [140.96606028, 39.48109528], [140.96612556, 39.48096556], [140.96627083, 39.48063889], [140.96638694, 39.48043639], [140.96657583, 39.48030695], [140.96685889, 39.48019417], [140.96744, 39.47997472], [140.96776666, 39.47980556], [140.96790473, 39.479755], [140.96831862, 39.47964222], [140.96841278, 39.47959166], [140.96864527, 39.47943389], [140.96867417, 39.47942278], [140.96873944, 39.47936084], [140.96884111, 39.47916361], [140.96891362, 39.4791075], [140.96895, 39.47910194], [140.96957445, 39.47909639], [140.96976305, 39.47913], [140.96996639, 39.47922028], [140.97027861, 39.47945666], [140.97051833, 39.47959722], [140.97055472, 39.47961416], [140.97072166, 39.47970416], [140.97082333, 39.47974361], [140.97095389, 39.4797775], [140.97115722, 39.47978306], [140.97151277, 39.47976083], [140.97205, 39.47975528], [140.97247861, 39.47979472], [140.97270361, 39.47982861], [140.973045, 39.47986222], [140.97380722, 39.479975], [140.97401028, 39.48001444], [140.97419917, 39.48007055], [140.97438055, 39.48016084], [140.97441667, 39.48018278], [140.97421862, 39.48062361], [140.97405972, 39.48099139], [140.97403222, 39.48098833], [140.97384334, 39.48094333], [140.97364, 39.48087583], [140.97361861, 39.48085889], [140.97337889, 39.48081389], [140.97305945, 39.48074056], [140.9728925, 39.48071806], [140.97262389, 39.48069556], [140.97232611, 39.48069556], [140.97206473, 39.48072944], [140.9717525, 39.48078556], [140.97137472, 39.48078], [140.97123695, 39.48076306], [140.97100445, 39.48075194], [140.97089556, 39.48076889], [140.97079417, 39.48081389], [140.97064889, 39.48089833], [140.97061444, 39.48089833], [140.97059083, 39.48089833], [140.9705475, 39.4808475], [140.97053278, 39.48079139], [140.97048917, 39.48076889], [140.97013361, 39.48076889], [140.96995194, 39.48078556], [140.96982139, 39.48075194], [140.96979945, 39.48074056], [140.96961805, 39.48072944], [140.96950916, 39.48066749], [140.96934917, 39.48062806], [140.96918222, 39.48062806], [140.9691025, 39.48066749], [140.96907333, 39.48068999], [140.96900084, 39.48070694], [140.96865944, 39.48070694], [140.96842, 39.48072944], [140.96831833, 39.48075194], [140.9681875, 39.48080833], [140.96808583, 39.48089278], [140.96791166, 39.48107278], [140.96770139, 39.48135416], [140.96757777, 39.48150056], [140.9674325, 39.48163028], [140.9674325, 39.48164139], [140.96714945, 39.48188362], [140.96704778, 39.48199055], [140.96704056, 39.48222722], [140.96689528, 39.48232306], [140.96683, 39.48239056], [140.96673556, 39.48261028], [140.96663389, 39.48283528], [140.96655416, 39.4831], [140.96654667, 39.4832575], [140.966525, 39.48329139], [140.96641611, 39.48337583], [140.9663725, 39.48348861], [140.9663, 39.48373639], [140.96627083, 39.48385473], [140.96615472, 39.48436167], [140.96608945, 39.48451917], [140.96605305, 39.48458112], [140.96600944, 39.48463167], [140.96598028, 39.48469362], [140.96592944, 39.48475], [140.96561, 39.48493584], [140.96535583, 39.48511027], [140.96520333, 39.48517222], [140.96508, 39.48525667], [140.96494944, 39.48542583], [140.96492028, 39.48549333], [140.96486944, 39.48571305], [140.96486944, 39.48589333], [140.96489112, 39.48595527], [140.96495666, 39.48603972], [140.96507277, 39.48612417], [140.96529055, 39.48622], [140.96534139, 39.48625917], [140.96534139, 39.48628194], [140.965325, 39.48629639], [140.96512361, 39.48628194], [140.96503639, 39.48630444], [140.96500972, 39.48632694], [140.96495666, 39.48637167], [140.96494194, 39.48640556], [140.9649275, 39.4865125], [140.96488389, 39.4865575], [140.96479695, 39.48663084], [140.96476778, 39.48667584], [140.96472417, 39.48684472], [140.96471694, 39.48703638], [140.96468806, 39.48715445], [140.96455, 39.48726722], [140.96450639, 39.48732362], [140.96446278, 39.48744167], [140.96444834, 39.48774027], [140.96442667, 39.48785306], [140.96443389, 39.48790917], [140.96450639, 39.48799361], [140.96462972, 39.48807833], [140.96478194, 39.48815139], [140.96491278, 39.48825806], [140.96492889, 39.48828083], [140.96492111, 39.48831222], [140.96485472, 39.48832], [140.96480528, 39.48830056], [140.96436111, 39.48817361], [140.96402722, 39.48809472], [140.96393278, 39.48803277], [140.96382389, 39.48786417], [140.96380945, 39.48770639], [140.96367138, 39.48765027], [140.96355527, 39.48765584], [140.96346806, 39.48769527], [140.96341722, 39.48774584], [140.96341722, 39.48790334], [140.96346084, 39.48808917], [140.96346084, 39.48817917], [140.96345527, 39.48820778], [140.96343167, 39.48824694], [140.96325028, 39.48833694], [140.96303973, 39.48841028], [140.96288, 39.48843278], [140.96206667, 39.48844389], [140.96195056, 39.48847778], [140.9618925, 39.48851723], [140.96182694, 39.48860166], [140.9618125, 39.4888325], [140.96174723, 39.48915361], [140.96177611, 39.48928889], [140.96179805, 39.48933917], [140.96179083, 39.489435], [140.96178139, 39.48947111], [140.96174723, 39.48947333], [140.96168917, 39.48935055], [140.96162361, 39.4891425], [140.96155861, 39.48903528], [140.96153694, 39.48887778], [140.96150056, 39.48879889], [140.96142805, 39.48873139], [140.96108667, 39.48873139], [140.9608325, 39.48866916], [140.96065111, 39.488675], [140.9606075, 39.48869195], [140.96054945, 39.48871445], [140.96033167, 39.48888889], [140.96015722, 39.488945], [140.96004111, 39.4890125], [140.95998306, 39.48905778], [140.95990834, 39.48923139], [140.95990306, 39.48924361], [140.95983778, 39.48916472], [140.95973611, 39.48919833], [140.95963444, 39.48926611], [140.95950389, 39.48940111], [140.95911889, 39.48960972], [140.95903167, 39.48964334], [140.958705, 39.48981806], [140.95856, 39.48988], [140.95842223, 39.48998695], [140.95826972, 39.49018972], [140.95813167, 39.49027972], [140.9579575, 39.49036389], [140.95773972, 39.49037528], [140.95747084, 39.49040917], [140.95734027, 39.49044861]]], [[[141.32000278, 39.30823361], [141.31994833, 39.30815389], [141.31991583, 39.30810973], [141.31988694, 39.30803083], [141.31975639, 39.30808139], [141.31966945, 39.30825055], [141.31966223, 39.30839695], [141.31969111, 39.30850945], [141.31977805, 39.30857139], [141.31990472, 39.30854305], [141.31992305, 39.30843083], [141.31995194, 39.30835195], [141.31999556, 39.30827861], [141.32000278, 39.30823361]]]]}, "properties": {"N03_001": "岩手県", "N03_002": null, "N03_003": null, "N03_004": "花巻市", "N03_005": null, "N03_007": "03205"}}, {"type": "Feature", "geometry": {"type": "Polygon", "coordinates": [[[140.88436, 39.480149], [140.887234, 39.47453], [140.897538, 39.469123], [140.903827, 39.468612], [140.906627, 39.464124], [140.901919, 39.461665], [140.897773, 39.452685], [140.901796, 39.448714], [140.903691, 39.439103], [140.910121, 39.43171], [140.908404, 39.429316], [140.910828, 39.419925], [140.90304, 39.414202], [140.902489, 39.405666], [140.909857, 39.394513], [140.906485, 39.388878], [140.90976, 39.383635], [140.912527, 39.370126], [140.916342, 39.365091], [140.923355, 39.365243], [140.929352, 39.360018], [140.938882, 39.35914], [140.939974, 39.361516], [140.948883, 39.361787], [140.969609, 39.355806], [140.972872, 39.358555], [140.97916, 39.35539], [140.980715, 39.352006], [140.994825, 39.34638], [141.004109, 39.344717], [141.012396, 39.341685], [141.021242, 39.341801], [141.028735, 39.337773], [141.035987, 39.339111], [141.0418, 39.337595], [141.056464, 39.327596], [141.062388, 39.328084], [141.059411, 39.334742], [141.055254, 39.337915], [141.057713, 39.342687], [141.062902, 39.345774], [141.069914, 39.346707], [141.070275, 39.351114], [141.075733, 39.350792], [141.081044, 39.353836], [141.082284, 39.360563], [141.088489, 39.362094], [141.098408, 39.358082], [141.103199, 39.358293], [141.111387, 39.355165], [141.115636, 39.351204], [141.141756, 39.34991], [141.144343, 39.353207], [141.155781, 39.353304], [141.167389, 39.355438], [141.1653, 39.364843], [141.161499, 39.371324], [141.167693, 39.37295], [141.169788, 39.368306], [141.168992, 39.362189], [141.176324, 39.363226], [141.185001, 39.353146], [141.186632, 39.347394], [141.191158, 39.343769], [141.188471, 39.336651], [141.185508, 39.333818], [141.189043, 39.326109], [141.181552, 39.323144], [141.180562, 39.317273], [141.184888, 39.316303], [141.192202, 39.319892], [141.199684, 39.316446], [141.205375, 39.315782], [141.209253, 39.310426], [141.215356, 39.306922], [141.224566, 39.312362], [141.233915, 39.310888], [141.237383, 39.306478], [141.235716, 39.302991], [141.240523, 39.29873], [141.237564, 39.29354], [141.244196, 39.289286], [141.250208, 39.281441], [141.249115, 39.279296], [141.253986, 39.271852], [141.237256, 39.266684], [141.229793, 39.266542], [141.223619, 39.261702], [141.212182, 39.264343], [141.200388, 39.273054], [141.19358, 39.2756], [141.174852, 39.270205], [141.169449, 39.266999], [141.166168, 39.254882], [141.160006, 39.253466], [141.15082, 39.255784], [141.148026, 39.251885], [141.141791, 39.250304], [141.144974, 39.243721], [141.143463, 39.241851], [141.127545, 39.238667], [141.119631, 39.236329], [141.11149, 39.235655], [141.103653, 39.229864], [141.099593, 39.230585], [141.092813, 39.228661], [141.085422, 39.231544], [141.082821, 39.237543], [141.074027, 39.242092], [141.076958, 39.247304], [141.070899, 39.249511], [141.051951, 39.250549], [141.050337, 39.258108], [141.040006, 39.255358], [141.040141, 39.249798], [141.031903, 39.254947], [141.014025, 39.245149], [140.997616, 39.23792], [140.988405, 39.237327], [140.966095, 39.234511], [140.961125, 39.232776], [140.953853, 39.234262], [140.95095, 39.231193], [140.944484, 39.231956], [140.940463, 39.225189], [140.933502, 39.224263], [140.934521, 39.220448], [140.927895, 39.214019], [140.9271, 39.209106], [140.923626, 39.203044], [140.919491, 39.200618], [140.918925, 39.19512], [140.908271, 39.194863], [140.902068, 39.193092], [140.896641, 39.187303], [140.892927, 39.186137], [140.890689, 39.18169], [140.883084, 39.17944], [140.880435, 39.175596], [140.873534, 39.174411], [140.857551, 39.177326], [140.855326, 39.190699], [140.855676, 39.19684], [140.859838, 39.19995], [140.855863, 39.203164], [140.854602, 39.210322], [140.864363, 39.215047], [140.865848, 39.218528], [140.872825, 39.221315], [140.882141, 39.230214], [140.887408, 39.231953], [140.890018, 39.241632], [140.885573, 39.24503], [140.885087, 39.248337], [140.877016, 39.252617], [140.879143, 39.259113], [140.876912, 39.261003], [140.885599, 39.268011], [140.886086, 39.271954], [140.897195, 39.286549], [140.893358, 39.29101], [140.888676, 39.302025], [140.895707, 39.304189], [140.894522, 39.315402], [140.887438, 39.323537], [140.882887, 39.332416], [140.874434, 39.337336], [140.872753, 39.342487], [140.874417, 39.345304], [140.87236, 39.3573], [140.865478, 39.362884], [140.858148, 39.366143], [140.859049, 39.375723], [140.851504, 39.377902], [140.845442, 39.381789], [140.843175, 39.387913], [140.847712, 39.394452], [140.841987, 39.396766], [140.83699, 39.402602], [140.825803, 39.40364], [140.819399, 39.411187], [140.81702, 39.418219], [140.823876, 39.420046], [140.828117, 39.427611], [140.823795, 39.430066], [140.832852, 39.433138], [140.837555, 39.437631], [140.844051, 39.43933], [140.849643, 39.432216], [140.855572, 39.439028], [140.869203, 39.451691], [140.865708, 39.455451], [140.870072, 39.460344], [140.873052, 39.470527], [140.877041, 39.476897], [140.88436, 39.480149]]]}, "properties": {"N03_001": "岩手県", "N03_002": null, "N03_003": null, "N03_004": "北上市", "N03_005": null, "N03_007": "03206"}}, {"type": "Feature", "geometry": {"type": "Polygon", "coordinates": [[[141.525144, 40.056275], [141.526219, 40.068781], [141.525172, 40.074255], [141.519864, 40.076163], [141.515521, 40.08131], [141.502215, 40.07761], [141.498024, 40.077917], [141.496449, 40.082811], [141.490266, 40.08693], [141.486475, 40.08725], [141.485965, 40.093045], [141.483076, 40.096865], [141.483743, 40.102572], [141.476053, 40.106226], [141.469316, 40.105703], [141.465372, 40.108703], [141.462139, 40.116879], [141.462235, 40.119071], [141.456434, 40.134278], [141.460935, 40.13465], [141.465919, 40.143029], [141.470414, 40.142567], [141.475839, 40.150433], [141.477341, 40.160073], [141.480899, 40.163223], [141.479034, 40.16813], [141.48253, 40.174038], [141.487574, 40.17903], [141.485104, 40.186155], [141.48234, 40.189194], [141.488354, 40.191301], [141.49516, 40.196693], [141.491689, 40.206198], [141.502211, 40.211054], [141.507084, 40.221234], [141.516398, 40.220835], [141.521014, 40.233594], [141.526345, 40.233315], [141.533551, 40.227479], [141.543011, 40.229467], [141.547188, 40.232846], [141.556688, 40.233402], [141.564634, 40.230064], [141.569999, 40.230994], [141.575374, 40.228537], [141.578462, 40.232841], [141.58426, 40.232948], [141.59376, 40.227785], [141.617428, 40.222165], [141.617142, 40.218662], [141.629715, 40.218373], [141.631941, 40.216263], [141.651377, 40.21392], [141.65955, 40.216367], [141.682381, 40.218938], [141.682359, 40.228949], [141.677675, 40.233279], [141.67678, 40.239798], [141.688355, 40.242229], [141.6935, 40.241155], [141.71509, 40.241951], [141.727744, 40.244543], [141.722946, 40.247582], [141.727538, 40.250354], [141.726721, 40.256939], [141.729804, 40.264018], [141.733934, 40.267063], [141.732356, 40.270353], [141.736436, 40.274204], [141.742153, 40.275189], [141.749012, 40.272735], [141.753668, 40.274202], [141.761106, 40.272952], [141.779863, 40.282574], [141.780506, 40.290058], [141.784261, 40.290278], [141.789876, 40.294652], [141.794334, 40.295829], [141.808079, 40.28129], [141.809113, 40.278403], [141.816425, 40.271191], [141.818714, 40.259569], [141.82421, 40.250406], [141.8227, 40.246089], [141.826496, 40.243405], [141.832107, 40.233791], [141.830186, 40.227958], [141.830809, 40.220875], [141.819573, 40.221415], [141.815507, 40.217935], [141.807454, 40.215371], [141.801143, 40.208981], [141.798659, 40.2017], [141.803229, 40.193822], [141.798512, 40.18978], [141.801647, 40.184219], [141.815341, 40.182558], [141.819316, 40.179119], [141.823348, 40.180345], [141.831287, 40.17902], [141.840845, 40.172497], [141.852562, 40.168638], [141.859907, 40.164066], [141.864566, 40.15507], [141.869411, 40.152135], [141.873278, 40.144584], [141.875846, 40.143463], [141.871866, 40.135645], [141.862788, 40.132022], [141.848702, 40.134777], [141.842672, 40.130661], [141.837681, 40.133285], [141.823471, 40.136284], [141.817435, 40.130386], [141.815794, 40.125882], [141.815954, 40.118768], [141.809792, 40.116494], [141.789809, 40.118752], [141.785613, 40.116663], [141.783935, 40.111354], [141.777598, 40.109733], [141.77196, 40.110754], [141.771005, 40.11392], [141.760828, 40.106889], [141.758473, 40.102291], [141.744839, 40.095523], [141.738551, 40.089245], [141.733651, 40.080348], [141.734706, 40.073934], [141.738679, 40.063021], [141.745632, 40.05613], [141.747689, 40.052093], [141.759701, 40.045442], [141.758848, 40.039193], [141.75589, 40.034407], [141.7571, 40.031771], [141.746734, 40.028799], [141.738699, 40.021658], [141.739122, 40.016434], [141.728514, 40.015904], [141.728309, 40.011669], [141.722942, 40.009952], [141.711941, 40.014612], [141.705265, 40.008844], [141.703315, 40.011406], [141.697109, 40.012124], [141.691449, 40.018155], [141.67618, 40.014878], [141.670598, 40.010239], [141.663493, 40.010553], [141.660835, 40.008565], [141.649003, 40.011098], [141.64942, 40.014336], [141.644122, 40.019883], [141.634619, 40.018777], [141.625227, 40.023176], [141.622898, 40.027517], [141.616513, 40.026263], [141.612142, 40.028842], [141.59813, 40.024636], [141.589555, 40.030356], [141.583162, 40.039445], [141.570034, 40.044788], [141.564169, 40.046096], [141.561397, 40.044026], [141.549665, 40.047322], [141.540058, 40.048108], [141.532555, 40.046558], [141.525144, 40.056275]], [[141.49744833, 40.11434389], [141.49720555, 40.11449056], [141.49689111, 40.11462556], [141.49643667, 40.11477778], [141.49635055, 40.11477778], [141.49628945, 40.11479], [141.49623889, 40.1148], [141.49603361, 40.11480528], [141.49576972, 40.11474333], [141.49560861, 40.11472639], [141.49522, 40.11475472], [141.49505139, 40.11478861], [141.49492666, 40.11478861], [141.49472138, 40.11469833], [141.49472889, 40.11469278], [141.49453806, 40.11461389], [141.4942375, 40.11461389], [141.49418639, 40.11457445], [141.49377583, 40.11397778], [141.49357778, 40.11371306], [141.49358083, 40.11363166], [141.4934, 40.11332], [141.49366805, 40.11316694], [141.49387111, 40.1130475], [141.49392972, 40.1131275], [141.49397361, 40.11308805], [141.49399806, 40.11303138], [141.49402027, 40.11297945], [141.49420083, 40.11255861], [141.49427417, 40.11237278], [141.49439889, 40.11238973], [141.4944575, 40.11244611], [141.49453806, 40.11256445], [141.49463334, 40.11281222], [141.49466277, 40.11291917], [141.4946775, 40.11307112], [141.49471416, 40.11320084], [141.49480944, 40.11331889], [141.49490472, 40.11340334], [141.49497806, 40.11343722], [141.49508084, 40.11345417], [141.49537389, 40.11344277], [141.49580639, 40.11341472], [141.4959825, 40.11333584], [141.49607028, 40.11323444], [141.49610722, 40.11313862], [141.49615111, 40.11295862], [141.49618778, 40.11282917], [141.49623917, 40.11273333], [141.49626111, 40.11265445], [141.496415, 40.11238416], [141.49643694, 40.11235], [141.49647528, 40.11220278], [141.4964725, 40.11206083], [141.49643694, 40.11195167], [141.49635833, 40.1118925], [141.49631166, 40.11183667], [141.49626722, 40.11175777], [141.49626028, 40.11167], [141.49627889, 40.11154444], [141.49635139, 40.11141167], [141.49643694, 40.11126277], [141.49645973, 40.111225], [141.49645111, 40.11002084], [141.49656194, 40.10985278], [141.49669362, 40.10968167], [141.49677778, 40.10962694], [141.49678888, 40.1098], [141.496745, 40.10996861], [141.49677417, 40.11005861], [141.49689139, 40.11017139], [141.49700139, 40.11034028], [141.49714805, 40.11065556], [141.49734583, 40.11113417], [141.49744111, 40.11139334], [141.49762445, 40.11196223], [141.49769778, 40.11210278], [141.49777834, 40.11219306], [141.49787362, 40.11224916], [141.49799084, 40.11228861], [141.49816694, 40.11231695], [141.4985775, 40.11231695], [141.49907583, 40.11226611], [141.49957444, 40.11219306], [141.50016806, 40.11206916], [141.50034416, 40.11207473], [141.50043944, 40.11211973], [141.50047083, 40.11218028], [141.50049805, 40.1122325], [141.50049805, 40.11230556], [141.50043944, 40.11237888], [141.50034416, 40.11245778], [141.50019, 40.11255888], [141.50002889, 40.11263222], [141.49969917, 40.11268278], [141.49928861, 40.11270555], [141.49917138, 40.11272805], [141.49904667, 40.11278972], [141.49873139, 40.11303167], [141.49854806, 40.11320084], [141.49851888, 40.1132625], [141.49851139, 40.11336972], [141.4984675, 40.11348222], [141.49839417, 40.11355556], [141.49808639, 40.11373556], [141.497925, 40.11384833], [141.49767583, 40.11414111], [141.49744833, 40.11434389]]]}, "properties": {"N03_001": "岩手県", "N03_002": null, "N03_003": null, "N03_004": "久慈市", "N03_005": null, "N03_007": "03207"}}, {"type": "Feature", "geometry": {"type": "Polygon", "coordinates": [[[141.488953, 39.558349], [141.493041, 39.55731], [141.494173, 39.548371], [141.496479, 39.541375], [141.500538, 39.536202], [141.511189, 39.532102], [141.528584, 39.523528], [141.532288, 39.525182], [141.538081, 39.523919], [141.548733, 39.524685], [141.559439, 39.520774], [141.565596, 39.514779], [141.575395, 39.512562], [141.58, 39.506079], [141.593339, 39.498177], [141.595399, 39.49403], [141.601391, 39.487776], [141.610538, 39.488612], [141.609152, 39.480772], [141.617344, 39.473195], [141.62157, 39.47248], [141.628841, 39.466953], [141.630175, 39.460336], [141.636571, 39.455059], [141.642949, 39.455036], [141.651181, 39.451502], [141.65521, 39.456426], [141.659369, 39.456143], [141.661169, 39.451643], [141.668639, 39.448221], [141.668964, 39.446184], [141.685414, 39.43899], [141.691221, 39.443316], [141.697993, 39.443473], [141.720839, 39.446273], [141.720548, 39.439479], [141.723817, 39.433961], [141.719965, 39.429162], [141.723574, 39.426362], [141.729245, 39.427095], [141.7419, 39.422851], [141.746416, 39.417155], [141.741573, 39.411176], [141.732441, 39.407968], [141.724208, 39.409017], [141.719848, 39.406284], [141.710954, 39.409099], [141.692089, 39.412483], [141.685441, 39.406932], [141.672561, 39.404156], [141.666904, 39.401163], [141.671402, 39.398333], [141.661458, 39.391021], [141.663556, 39.382869], [141.66254, 39.377451], [141.655816, 39.373721], [141.656868, 39.365034], [141.6545, 39.354714], [141.660799, 39.351506], [141.660044, 39.339631], [141.665371, 39.33238], [141.666475, 39.325029], [141.660938, 39.321486], [141.666423, 39.317732], [141.681074, 39.315505], [141.683949, 39.316821], [141.692756, 39.31622], [141.695208, 39.314585], [141.683522, 39.298516], [141.683807, 39.293497], [141.689095, 39.291564], [141.692429, 39.286205], [141.691438, 39.283042], [141.696998, 39.277398], [141.699268, 39.27129], [141.697453, 39.266711], [141.691105, 39.266258], [141.683747, 39.259458], [141.678371, 39.257303], [141.672485, 39.252717], [141.666273, 39.253127], [141.662168, 39.251256], [141.661803, 39.245723], [141.658565, 39.243119], [141.644584, 39.247551], [141.635207, 39.252156], [141.627782, 39.247084], [141.620974, 39.250897], [141.61537, 39.24914], [141.606072, 39.252135], [141.594266, 39.243451], [141.585819, 39.250457], [141.581033, 39.250434], [141.577298, 39.258071], [141.57198, 39.260453], [141.56216, 39.259827], [141.556705, 39.252742], [141.546963, 39.250208], [141.541004, 39.243293], [141.536495, 39.244571], [141.523895, 39.245279], [141.522184, 39.248248], [141.516389, 39.245517], [141.510384, 39.237086], [141.502606, 39.234], [141.4965, 39.239737], [141.486301, 39.236134], [141.4778, 39.234292], [141.482032, 39.227796], [141.480664, 39.22069], [141.472968, 39.210506], [141.461521, 39.205214], [141.456402, 39.200032], [141.452376, 39.199176], [141.444088, 39.201041], [141.440958, 39.192188], [141.433703, 39.194833], [141.424759, 39.195001], [141.406991, 39.201642], [141.401701, 39.201158], [141.40537, 39.204396], [141.402985, 39.209662], [141.397829, 39.215846], [141.385579, 39.234141], [141.381351, 39.236359], [141.3803, 39.241808], [141.382589, 39.246647], [141.37026, 39.254297], [141.358468, 39.258761], [141.357228, 39.260364], [141.361308, 39.262729], [141.361847, 39.267566], [141.367197, 39.268839], [141.370983, 39.277925], [141.369629, 39.282845], [141.364641, 39.286555], [141.352317, 39.291343], [141.346652, 39.297835], [141.346536, 39.305588], [141.351014, 39.312053], [141.343525, 39.317365], [141.332324, 39.327363], [141.329815, 39.33358], [141.323886, 39.33663], [141.323765, 39.342826], [141.332047, 39.345949], [141.326496, 39.349048], [141.327587, 39.35588], [141.323239, 39.357196], [141.318498, 39.35356], [141.307832, 39.354429], [141.306706, 39.359121], [141.299646, 39.361891], [141.301181, 39.369434], [141.300305, 39.375511], [141.301864, 39.383429], [141.307499, 39.385417], [141.306577, 39.390299], [141.314157, 39.39463], [141.310371, 39.402033], [141.315342, 39.403784], [141.317388, 39.409471], [141.322381, 39.415636], [141.331059, 39.419409], [141.338093, 39.417258], [141.346564, 39.41821], [141.357204, 39.422933], [141.361127, 39.427183], [141.367448, 39.430492], [141.38076, 39.430514], [141.385197, 39.432315], [141.38824, 39.437944], [141.388405, 39.443544], [141.395808, 39.448288], [141.402271, 39.447135], [141.409561, 39.453517], [141.414685, 39.453161], [141.42022, 39.457638], [141.424743, 39.464081], [141.431861, 39.465962], [141.435815, 39.464948], [141.440004, 39.468175], [141.437484, 39.472979], [141.437008, 39.49763], [141.444562, 39.502489], [141.4452, 39.512644], [141.448572, 39.518576], [141.452885, 39.522051], [141.472924, 39.531607], [141.486708, 39.532902], [141.495754, 39.530321], [141.488953, 39.558349]]]}, "properties": {"N03_001": "岩手県", "N03_002": null, "N03_003": null, "N03_004": "遠野市", "N03_005": null, "N03_007": "03208"}}, {"type": "Feature", "geometry": {"type": "Polygon", "coordinates": [[[140.792386, 39.015161], [140.79704, 39.016045], [140.806063, 39.01426], [140.813051, 39.015193], [140.818355, 39.018835], [140.824932, 39.019965], [140.831203, 39.0234], [140.842507, 39.021154], [140.843011, 39.026092], [140.848467, 39.029323], [140.850953, 39.035755], [140.855494, 39.038299], [140.862251, 39.039369], [140.860891, 39.044025], [140.864929, 39.046525], [140.870326, 39.043412], [140.883024, 39.044127], [140.892938, 39.049294], [140.9009, 39.045995], [140.90113, 39.041933], [140.905866, 39.038129], [140.908177, 39.030829], [140.908479, 39.024037], [140.91779, 39.01501], [140.915938, 39.007572], [140.919674, 39.001316], [140.920489, 38.995383], [140.932064, 38.990781], [140.944591, 38.992645], [140.957626, 38.996692], [140.963189, 38.997211], [140.977342, 38.994683], [140.983683, 38.996891], [140.986946, 38.993543], [140.988112, 38.988513], [140.992641, 38.989449], [141.002253, 38.987523], [141.006463, 38.985284], [141.009395, 38.980715], [141.013286, 38.979621], [141.015953, 38.973074], [141.023283, 38.972477], [141.029261, 38.967771], [141.045797, 38.967727], [141.056697, 38.965374], [141.060675, 38.961274], [141.067788, 38.964551], [141.072714, 38.960684], [141.082961, 38.96377], [141.085306, 38.962911], [141.095313, 38.968323], [141.101263, 38.965027], [141.106516, 38.968327], [141.112137, 38.967498], [141.112241, 38.958617], [141.1086, 38.956828], [141.107195, 38.950878], [141.109809, 38.949688], [141.121162, 38.957081], [141.130618, 38.95933], [141.12736, 38.967906], [141.135954, 38.971126], [141.139531, 38.977708], [141.148689, 38.980057], [141.154614, 38.975885], [141.162557, 38.98387], [141.173993, 38.98515], [141.178945, 38.987186], [141.183541, 38.986474], [141.185713, 38.99503], [141.192107, 39.000185], [141.184209, 39.012092], [141.177515, 39.01843], [141.181712, 39.02011], [141.184208, 39.027016], [141.197822, 39.029676], [141.204663, 39.033672], [141.198464, 39.039127], [141.206601, 39.040498], [141.204905, 39.044587], [141.207844, 39.052057], [141.21298, 39.052854], [141.214892, 39.056856], [141.228601, 39.062314], [141.236661, 39.06193], [141.239881, 39.063615], [141.243267, 39.070676], [141.249232, 39.070515], [141.253781, 39.082404], [141.260024, 39.080803], [141.26221, 39.084846], [141.26939, 39.090908], [141.275209, 39.092296], [141.277904, 39.08984], [141.287241, 39.089991], [141.288846, 39.087227], [141.29658, 39.084005], [141.304433, 39.082682], [141.314088, 39.08322], [141.313292, 39.086826], [141.303088, 39.102174], [141.302683, 39.109861], [141.306107, 39.114387], [141.303861, 39.120472], [141.302439, 39.132076], [141.309896, 39.132704], [141.315762, 39.1315], [141.326985, 39.132063], [141.331451, 39.136175], [141.340474, 39.138795], [141.344386, 39.134457], [141.350513, 39.130979], [141.354891, 39.130979], [141.356683, 39.134806], [141.353059, 39.140773], [141.356403, 39.147473], [141.364726, 39.151282], [141.371514, 39.148569], [141.379976, 39.154862], [141.384853, 39.162122], [141.39213, 39.158424], [141.393843, 39.151861], [141.390227, 39.148096], [141.393187, 39.140721], [141.39727, 39.138074], [141.402474, 39.13866], [141.406738, 39.135753], [141.409976, 39.128815], [141.409261, 39.121764], [141.405722, 39.119411], [141.41413, 39.107296], [141.420889, 39.109481], [141.425475, 39.108577], [141.432019, 39.110731], [141.439333, 39.110447], [141.446725, 39.106243], [141.451249, 39.106942], [141.45466, 39.103715], [141.462732, 39.101569], [141.462805, 39.095194], [141.474647, 39.086801], [141.480696, 39.08126], [141.480457, 39.074726], [141.478054, 39.064272], [141.479731, 39.056165], [141.475527, 39.053041], [141.46927, 39.052219], [141.465375, 39.044869], [141.460581, 39.043188], [141.461547, 39.030719], [141.471011, 39.018509], [141.473805, 39.011677], [141.467621, 39.000873], [141.471079, 38.99721], [141.468903, 38.993386], [141.464264, 38.992186], [141.466519, 38.987417], [141.479409, 38.981834], [141.483534, 38.978167], [141.488881, 38.968305], [141.490346, 38.957088], [141.493963, 38.95535], [141.490183, 38.949976], [141.490456, 38.943165], [141.485572, 38.935728], [141.485561, 38.932285], [141.49211, 38.921624], [141.489384, 38.917448], [141.492127, 38.914792], [141.489089, 38.907034], [141.482777, 38.902315], [141.466187, 38.893663], [141.466038, 38.885438], [141.453677, 38.878942], [141.450693, 38.875144], [141.455706, 38.8603], [141.463776, 38.858438], [141.463891, 38.853011], [141.454597, 38.847251], [141.449835, 38.83739], [141.450107, 38.8327], [141.454546, 38.821403], [141.454029, 38.816804], [141.459091, 38.815241], [141.454345, 38.810898], [141.446431, 38.810471], [141.437348, 38.81284], [141.429415, 38.810601], [141.431453, 38.80656], [141.436159, 38.80578], [141.436705, 38.801426], [141.432532, 38.791585], [141.437964, 38.78308], [141.4315, 38.78329], [141.421387, 38.779536], [141.423056, 38.771839], [141.409739, 38.767874], [141.40983, 38.772525], [141.415624, 38.779659], [141.414864, 38.786202], [141.410501, 38.785653], [141.404334, 38.788892], [141.398111, 38.789503], [141.397389, 38.795282], [141.393813, 38.79984], [141.386637, 38.799844], [141.377963, 38.79712], [141.371383, 38.807435], [141.365951, 38.809476], [141.359664, 38.809154], [141.353068, 38.812404], [141.347727, 38.809936], [141.334661, 38.806909], [141.33252, 38.811213], [141.320452, 38.818503], [141.316848, 38.823275], [141.308963, 38.822164], [141.306588, 38.818957], [141.307273, 38.808711], [141.303003, 38.804876], [141.30455, 38.79346], [141.297545, 38.793408], [141.285183, 38.797621], [141.279761, 38.792707], [141.274716, 38.794304], [141.269065, 38.793449], [141.269201, 38.78862], [141.264413, 38.78818], [141.263263, 38.780299], [141.258173, 38.776399], [141.255946, 38.770621], [141.257335, 38.762388], [141.24766, 38.760454], [141.247926, 38.758374], [141.235234, 38.756135], [141.23711, 38.749144], [141.232549, 38.747651], [141.215839, 38.748471], [141.207273, 38.756806], [141.208232, 38.761392], [141.206061, 38.769484], [141.197749, 38.773904], [141.1956, 38.776811], [141.186092, 38.779912], [141.180971, 38.784526], [141.16749, 38.778464], [141.163586, 38.781957], [141.14741, 38.785838], [141.140149, 38.788642], [141.141116, 38.808878], [141.13992, 38.814303], [141.129916, 38.812823], [141.123617, 38.816548], [141.126071, 38.821851], [141.120437, 38.826067], [141.1161, 38.822382], [141.10869, 38.825199], [141.10278, 38.830629], [141.104824, 38.837347], [141.113345, 38.838013], [141.120448, 38.835091], [141.130165, 38.840004], [141.132504, 38.845014], [141.138016, 38.847522], [141.146783, 38.856267], [141.145616, 38.865606], [141.13948, 38.877489], [141.12379, 38.880467], [141.116825, 38.88048], [141.114029, 38.878022], [141.107983, 38.877658], [141.102449, 38.880705], [141.102263, 38.884503], [141.091695, 38.887429], [141.088746, 38.883541], [141.085041, 38.883765], [141.074772, 38.879466], [141.061483, 38.883877], [141.047618, 38.881144], [141.043506, 38.876565], [141.032526, 38.877919], [141.029609, 38.883471], [141.021666, 38.882764], [141.016349, 38.884394], [141.004632, 38.878698], [141.002498, 38.88092], [140.995051, 38.880091], [140.989813, 38.874318], [140.984298, 38.876192], [140.97996, 38.883705], [140.974487, 38.887252], [140.970837, 38.894913], [140.966098, 38.898672], [140.961519, 38.905728], [140.95479, 38.909354], [140.947192, 38.910066], [140.943428, 38.915019], [140.937835, 38.914882], [140.924692, 38.920889], [140.920395, 38.916217], [140.9151, 38.920409], [140.910374, 38.927444], [140.902652, 38.929267], [140.893193, 38.927429], [140.875725, 38.930987], [140.872975, 38.934951], [140.864409, 38.941415], [140.855524, 38.943199], [140.848719, 38.947377], [140.840693, 38.950576], [140.837085, 38.9578], [140.824058, 38.96412], [140.811316, 38.964588], [140.800293, 38.961938], [140.794036, 38.964], [140.782168, 38.958208], [140.776265, 38.958979], [140.77225, 38.963503], [140.774749, 38.968992], [140.770154, 38.976198], [140.769106, 38.981453], [140.76449, 38.985647], [140.763899, 38.989395], [140.767902, 38.994711], [140.764407, 39.000366], [140.778848, 39.008394], [140.779977, 39.014407], [140.784929, 39.019714], [140.792386, 39.015161]], [[140.77913583, 38.96734473], [140.77906389, 38.96723778], [140.77904944, 38.96714194], [140.77905666, 38.9669675], [140.77909972, 38.96693944], [140.77948917, 38.96693389], [140.77956861, 38.96696223], [140.77960445, 38.96701278], [140.77961889, 38.9671025], [140.77964778, 38.96711944], [140.77972, 38.96714778], [140.77978472, 38.96720389], [140.77978472, 38.96729973], [140.77974861, 38.96732805], [140.77944584, 38.96733361], [140.77937389, 38.96735611], [140.77917916, 38.96736167], [140.77913583, 38.96734473]]]}, "properties": {"N03_001": "岩手県", "N03_002": null, "N03_003": null, "N03_004": "一関市", "N03_005": null, "N03_007": "03209"}}, {"type": "Feature", "geometry": {"type": "Polygon", "coordinates": [[[141.625569, 39.112406], [141.626434, 39.107695], [141.622766, 39.100472], [141.623951, 39.097927], [141.630867, 39.09354], [141.628916, 39.083933], [141.633349, 39.07858], [141.637988, 39.076723], [141.642306, 39.071631], [141.646776, 39.061244], [141.651855, 39.056171], [141.65758, 39.055997], [141.663905, 39.064509], [141.673056, 39.068403], [141.682405, 39.067242], [141.684955, 39.063339], [141.680013, 39.060171], [141.68096, 39.042165], [141.687892, 39.031737], [141.689138, 39.018993], [141.694323, 39.015051], [141.702348, 39.00012], [141.707636, 38.992596], [141.713778, 38.986605], [141.709939, 38.984693], [141.708117, 38.979432], [141.698262, 38.975989], [141.696167, 38.970663], [141.702054, 38.964525], [141.707954, 38.967527], [141.715974, 38.966734], [141.723008, 38.96341], [141.726368, 38.955332], [141.725523, 38.952428], [141.718384, 38.952519], [141.71451, 38.947852], [141.705978, 38.942271], [141.697076, 38.941533], [141.698519, 38.945435], [141.691839, 38.946292], [141.692418, 38.951711], [141.688925, 38.958639], [141.688508, 38.964955], [141.682786, 38.969348], [141.668032, 38.976905], [141.666118, 38.981747], [141.673803, 38.9934], [141.682708, 38.996577], [141.673338, 39.003594], [141.667357, 39.005731], [141.658863, 39.005033], [141.645205, 39.007116], [141.640259, 39.006983], [141.628333, 39.003221], [141.624024, 38.999249], [141.628218, 38.995101], [141.622097, 38.993914], [141.629114, 38.989618], [141.624812, 38.985643], [141.62769, 38.978122], [141.633387, 38.973895], [141.629209, 38.970248], [141.619235, 38.974109], [141.605977, 38.983869], [141.601385, 38.986275], [141.592269, 38.986856], [141.584042, 38.988704], [141.580223, 38.986776], [141.574538, 38.987293], [141.566994, 38.995983], [141.560275, 38.993823], [141.548166, 38.996306], [141.532476, 38.994541], [141.523134, 38.991346], [141.516624, 38.998226], [141.517878, 39.001658], [141.508553, 39.002719], [141.506839, 38.999822], [141.492382, 38.99896], [141.487283, 38.993532], [141.483534, 38.978167], [141.479409, 38.981834], [141.466519, 38.987417], [141.464264, 38.992186], [141.468903, 38.993386], [141.471079, 38.99721], [141.467621, 39.000873], [141.473805, 39.011677], [141.471011, 39.018509], [141.461547, 39.030719], [141.460581, 39.043188], [141.465375, 39.044869], [141.46927, 39.052219], [141.475527, 39.053041], [141.479731, 39.056165], [141.478054, 39.064272], [141.480457, 39.074726], [141.480696, 39.08126], [141.474647, 39.086801], [141.462805, 39.095194], [141.462732, 39.101569], [141.467675, 39.107685], [141.466644, 39.12516], [141.473247, 39.12629], [141.48392, 39.114737], [141.487501, 39.114988], [141.496509, 39.10971], [141.502218, 39.113036], [141.508812, 39.113963], [141.515131, 39.11126], [141.519056, 39.0993], [141.524858, 39.095467], [141.531347, 39.105168], [141.544205, 39.097239], [141.547602, 39.096293], [141.553395, 39.098947], [141.557017, 39.103175], [141.559035, 39.111844], [141.573768, 39.110077], [141.578511, 39.111511], [141.589833, 39.101095], [141.59713, 39.101109], [141.615112, 39.109704], [141.625569, 39.112406]]]}, "properties": {"N03_001": "岩手県", "N03_002": null, "N03_003": null, "N03_004": "陸前高田市", "N03_005": null, "N03_007": "03210"}}, {"type": "Feature", "geometry": {"type": "Polygon", "coordinates": [[[141.920882, 39.182213], [141.916415, 39.178508], [141.905604, 39.176666], [141.893828, 39.169405], [141.884383, 39.167678], [141.875775, 39.169947], [141.873208, 39.168347], [141.865835, 39.170195], [141.857373, 39.175852], [141.853661, 39.174536], [141.834176, 39.177391], [141.82956, 39.180027], [141.819816, 39.175769], [141.799345, 39.178365], [141.794633, 39.177019], [141.785046, 39.181428], [141.777928, 39.179251], [141.759262, 39.178008], [141.751274, 39.174324], [141.744566, 39.17489], [141.739243, 39.1826], [141.73066, 39.188059], [141.728262, 39.203246], [141.71457, 39.218299], [141.706339, 39.217048], [141.70113, 39.219655], [141.705759, 39.22869], [141.711374, 39.233392], [141.705666, 39.243809], [141.704614, 39.25095], [141.70646, 39.264455], [141.697453, 39.266711], [141.699268, 39.27129], [141.696998, 39.277398], [141.691438, 39.283042], [141.692429, 39.286205], [141.689095, 39.291564], [141.683807, 39.293497], [141.683522, 39.298516], [141.695208, 39.314585], [141.692756, 39.31622], [141.683949, 39.316821], [141.681074, 39.315505], [141.666423, 39.317732], [141.660938, 39.321486], [141.666475, 39.325029], [141.665371, 39.33238], [141.660044, 39.339631], [141.660799, 39.351506], [141.6545, 39.354714], [141.656868, 39.365034], [141.655816, 39.373721], [141.66254, 39.377451], [141.663556, 39.382869], [141.661458, 39.391021], [141.671402, 39.398333], [141.666904, 39.401163], [141.672561, 39.404156], [141.685441, 39.406932], [141.692089, 39.412483], [141.710954, 39.409099], [141.719848, 39.406284], [141.724208, 39.409017], [141.732441, 39.407968], [141.741573, 39.411176], [141.743655, 39.405775], [141.745036, 39.393675], [141.755243, 39.391615], [141.764989, 39.387228], [141.775427, 39.389652], [141.77914, 39.384565], [141.790579, 39.379525], [141.788335, 39.375047], [141.790201, 39.37059], [141.801114, 39.371298], [141.802923, 39.372741], [141.814535, 39.372854], [141.823358, 39.370165], [141.829047, 39.366421], [141.834949, 39.368436], [141.841339, 39.367239], [141.845824, 39.361554], [141.851712, 39.357033], [141.858972, 39.357349], [141.865507, 39.35433], [141.874833, 39.347557], [141.875218, 39.347191], [141.875827, 39.346646], [141.876226, 39.346448], [141.877076, 39.345911], [141.877525, 39.345591], [141.878391, 39.345283], [141.879161, 39.345091], [141.879622, 39.344918], [141.881117, 39.344514], [141.881675, 39.34418], [141.883059, 39.343975], [141.883367, 39.343882], [141.884073, 39.344052], [141.884214, 39.344052], [141.885324, 39.344276], [141.886831, 39.344862], [141.887056, 39.344968], [141.887663, 39.345149], [141.888178, 39.345526], [141.888728, 39.345666], [141.888984, 39.345705], [141.889382, 39.345833], [141.889638, 39.346666], [141.889882, 39.346891], [141.890492, 39.346968], [141.890569, 39.346987], [141.891101, 39.347064], [141.891667, 39.347053], [141.892961, 39.346936], [141.893284, 39.347022], [141.893717, 39.347128], [141.894596, 39.347047], [141.895641, 39.347944], [141.895962, 39.348201], [141.897309, 39.348662], [141.897803, 39.348643], [141.89811, 39.348778], [141.898271, 39.349111], [141.899393, 39.349483], [141.9, 39.349518], [141.900835, 39.349545], [141.901158, 39.349364], [141.902003, 39.348949], [141.903125, 39.348873], [141.903298, 39.34886], [141.903818, 39.34884], [141.904472, 39.348488], [141.904601, 39.348417], [141.904941, 39.348372], [141.905518, 39.348231], [141.905691, 39.348148], [141.906365, 39.347891], [141.907235, 39.347774], [141.907826, 39.347453], [141.908367, 39.347238], [141.908435, 39.34721], [141.908769, 39.347017], [141.909301, 39.346472], [141.910167, 39.346055], [141.910347, 39.34601], [141.910789, 39.346024], [141.911052, 39.346062], [141.912297, 39.346415], [141.913661, 39.346464], [141.914046, 39.346336], [141.91496, 39.345802], [141.915317, 39.345622], [141.908978, 39.34382], [141.906432, 39.340724], [141.897736, 39.338323], [141.896107, 39.332133], [141.899868, 39.331117], [141.905037, 39.325934], [141.910999, 39.328658], [141.912272, 39.324347], [141.916362, 39.324281], [141.919, 39.329924], [141.923313, 39.33277], [141.932607, 39.332323], [141.939408, 39.328873], [141.944475, 39.329613], [141.948459, 39.336356], [141.955785, 39.340361], [141.962487, 39.33713], [141.975896, 39.337434], [141.979575, 39.343824], [141.984257, 39.347745], [141.994857, 39.35079], [141.996336, 39.349259], [141.98255, 39.339004], [141.980057, 39.331988], [141.974952, 39.327267], [141.976545, 39.318912], [141.971368, 39.317477], [141.970243, 39.312988], [141.958881, 39.316649], [141.952851, 39.313423], [141.945379, 39.315926], [141.940437, 39.309172], [141.922231, 39.310022], [141.916813, 39.303702], [141.908251, 39.308667], [141.90349, 39.308818], [141.896611, 39.305243], [141.890656, 39.307759], [141.886877, 39.302045], [141.905978, 39.297386], [141.907976, 39.294937], [141.905063, 39.290956], [141.915582, 39.288703], [141.916042, 39.285919], [141.925793, 39.28544], [141.925647, 39.276997], [141.927718, 39.266994], [141.920429, 39.26875], [141.91366, 39.267359], [141.906262, 39.271539], [141.894964, 39.271773], [141.888202, 39.27319], [141.886802, 39.26861], [141.897604, 39.2663], [141.898943, 39.258155], [141.906664, 39.249357], [141.912755, 39.24802], [141.91331, 39.240765], [141.92025, 39.237923], [141.924397, 39.238712], [141.928363, 39.246224], [141.933484, 39.241967], [141.938243, 39.248191], [141.946111, 39.247005], [141.96002, 39.251037], [141.97075, 39.250579], [141.970824, 39.247518], [141.964258, 39.247194], [141.958722, 39.244636], [141.944919, 39.242447], [141.943833, 39.238412], [141.949574, 39.235821], [141.949337, 39.227658], [141.954407, 39.222353], [141.948926, 39.219305], [141.942588, 39.218279], [141.936885, 39.223746], [141.927208, 39.221648], [141.927497, 39.215488], [141.920663, 39.215466], [141.913651, 39.212026], [141.909369, 39.207919], [141.902338, 39.204791], [141.895305, 39.209199], [141.889021, 39.208708], [141.893458, 39.199819], [141.890087, 39.197759], [141.88408, 39.201864], [141.870657, 39.207027], [141.865116, 39.203816], [141.869159, 39.196641], [141.866342, 39.191771], [141.880441, 39.191057], [141.882095, 39.185128], [141.886445, 39.185322], [141.889781, 39.181809], [141.896593, 39.184251], [141.90204, 39.183474], [141.908435, 39.185761], [141.920143, 39.185861], [141.920882, 39.182213]]]}, "properties": {"N03_001": "岩手県", "N03_002": null, "N03_003": null, "N03_004": "釜石市", "N03_005": null, "N03_007": "03211"}}, {"type": "Feature", "geometry": {"type": "Polygon", "coordinates": [[[141.025978, 40.221681], [141.026839, 40.22657], [141.046549, 40.237147], [141.055642, 40.236946], [141.05995, 40.238309], [141.069179, 40.248801], [141.076406, 40.252638], [141.083145, 40.253319], [141.090191, 40.252166], [141.094507, 40.254877], [141.10406, 40.255734], [141.110055, 40.261052], [141.099805, 40.280178], [141.103567, 40.28053], [141.115589, 40.286357], [141.119939, 40.289988], [141.134391, 40.294745], [141.138373, 40.300497], [141.145209, 40.299677], [141.154185, 40.301426], [141.161801, 40.306062], [141.16851, 40.306647], [141.17195, 40.309764], [141.178957, 40.309614], [141.185615, 40.30766], [141.197672, 40.307698], [141.209244, 40.31402], [141.218656, 40.315324], [141.218604, 40.318049], [141.226317, 40.327954], [141.231801, 40.328117], [141.237923, 40.33405], [141.245176, 40.33749], [141.248378, 40.341004], [141.26013, 40.341872], [141.262429, 40.349475], [141.267449, 40.349093], [141.275089, 40.344671], [141.288834, 40.349201], [141.292318, 40.351668], [141.29195, 40.357881], [141.298934, 40.365839], [141.310373, 40.366833], [141.315853, 40.372557], [141.324386, 40.369856], [141.324328, 40.366768], [141.330445, 40.361693], [141.336338, 40.360197], [141.33727, 40.354926], [141.334005, 40.345601], [141.338202, 40.342457], [141.348367, 40.338712], [141.350997, 40.331073], [141.353748, 40.320059], [141.356285, 40.316936], [141.353475, 40.30675], [141.355221, 40.300033], [141.362672, 40.300642], [141.373641, 40.2708], [141.376801, 40.261707], [141.382375, 40.257132], [141.383927, 40.241043], [141.385664, 40.234752], [141.373462, 40.232719], [141.364682, 40.229251], [141.361511, 40.23003], [141.356608, 40.224331], [141.352332, 40.224106], [141.344198, 40.229753], [141.333818, 40.230073], [141.324343, 40.238422], [141.320409, 40.236849], [141.315125, 40.239353], [141.303111, 40.241828], [141.299299, 40.248693], [141.295501, 40.251469], [141.285607, 40.248438], [141.277592, 40.243566], [141.270909, 40.249068], [141.266984, 40.241609], [141.261749, 40.237199], [141.263931, 40.232556], [141.259844, 40.222395], [141.253121, 40.222004], [141.243696, 40.217105], [141.24253, 40.213424], [141.236894, 40.207125], [141.225886, 40.204027], [141.222088, 40.199869], [141.21737, 40.205924], [141.213754, 40.204573], [141.210291, 40.198919], [141.200356, 40.195828], [141.191611, 40.190657], [141.193476, 40.178807], [141.184765, 40.168875], [141.182966, 40.162326], [141.184875, 40.15921], [141.186555, 40.14925], [141.185542, 40.143846], [141.190472, 40.133295], [141.190418, 40.12948], [141.181779, 40.115705], [141.173522, 40.109704], [141.168013, 40.10717], [141.161888, 40.101175], [141.165805, 40.096651], [141.164175, 40.091527], [141.157857, 40.088802], [141.152421, 40.093074], [141.143029, 40.096028], [141.132499, 40.09462], [141.125285, 40.103738], [141.124575, 40.110414], [141.118726, 40.117754], [141.108799, 40.122957], [141.10907, 40.131099], [141.10622, 40.136642], [141.098799, 40.136409], [141.093139, 40.137906], [141.076974, 40.137596], [141.062055, 40.140372], [141.061388, 40.144353], [141.056293, 40.146059], [141.053059, 40.149983], [141.037759, 40.154724], [141.032158, 40.164347], [141.028785, 40.167427], [141.02589, 40.175065], [141.029355, 40.180003], [141.029632, 40.190023], [141.027722, 40.195643], [141.028653, 40.203011], [141.031691, 40.207341], [141.027901, 40.214758], [141.03002, 40.217109], [141.025978, 40.221681]]]}, "properties": {"N03_001": "岩手県", "N03_002": null, "N03_003": null, "N03_004": "二戸市", "N03_005": null, "N03_007": "03213"}}, {"type": "Feature", "geometry": {"type": "Polygon", "coordinates": [[[141.158968, 39.917869], [141.169021, 39.908278], [141.168647, 39.90315], [141.163045, 39.904647], [141.157786, 39.901122], [141.148617, 39.897628], [141.142929, 39.890084], [141.14076, 39.88996], [141.133456, 39.882465], [141.120972, 39.883933], [141.116051, 39.883396], [141.107884, 39.879097], [141.098631, 39.879237], [141.086252, 39.875281], [141.082903, 39.869389], [141.0834, 39.864788], [141.076774, 39.861882], [141.066285, 39.865214], [141.059586, 39.86383], [141.0571, 39.868049], [141.033188, 39.862636], [141.027023, 39.860293], [141.001174, 39.852543], [141.000401, 39.843391], [140.996987, 39.845567], [140.984023, 39.842368], [140.973393, 39.845462], [140.966911, 39.851742], [140.955486, 39.850107], [140.944893, 39.841999], [140.939541, 39.839922], [140.929698, 39.84221], [140.924413, 39.842064], [140.917902, 39.84692], [140.911708, 39.845974], [140.899344, 39.846577], [140.897246, 39.850633], [140.887798, 39.860521], [140.888434, 39.863124], [140.883611, 39.866884], [140.883505, 39.869744], [140.877884, 39.874291], [140.879632, 39.883324], [140.874832, 39.894113], [140.867652, 39.899638], [140.868054, 39.911661], [140.864698, 39.916805], [140.854695, 39.923289], [140.857071, 39.931068], [140.852267, 39.936403], [140.853164, 39.941641], [140.856918, 39.944201], [140.857209, 39.953032], [140.848791, 39.961945], [140.846883, 39.976173], [140.848149, 39.987812], [140.850807, 39.993754], [140.850919, 39.999558], [140.848486, 40.003875], [140.848999, 40.008068], [140.855467, 40.013922], [140.853165, 40.018405], [140.855601, 40.022192], [140.851686, 40.025732], [140.850409, 40.03171], [140.854618, 40.036219], [140.855366, 40.046699], [140.851142, 40.053424], [140.850965, 40.0615], [140.847235, 40.065196], [140.844478, 40.074591], [140.851325, 40.077855], [140.851644, 40.081279], [140.857527, 40.0862], [140.863314, 40.084945], [140.872092, 40.091173], [140.877331, 40.098086], [140.87938, 40.105721], [140.878671, 40.115032], [140.871505, 40.115815], [140.874037, 40.122386], [140.867203, 40.130627], [140.870801, 40.137016], [140.874634, 40.139507], [140.874544, 40.1431], [140.883151, 40.153582], [140.882403, 40.159003], [140.875478, 40.160777], [140.869112, 40.159481], [140.861495, 40.165911], [140.85926, 40.171585], [140.868498, 40.177826], [140.872507, 40.178278], [140.892363, 40.192279], [140.889525, 40.200536], [140.8983, 40.208994], [140.895787, 40.213646], [140.904256, 40.218148], [140.905481, 40.222138], [140.917761, 40.22343], [140.924225, 40.225874], [140.934106, 40.226073], [140.942207, 40.228686], [140.940092, 40.240241], [140.946771, 40.246946], [140.955074, 40.247628], [140.959194, 40.241486], [140.965368, 40.239718], [140.969426, 40.228247], [140.975961, 40.225763], [140.980058, 40.219634], [140.991404, 40.222748], [140.996489, 40.219152], [141.001767, 40.220598], [141.006032, 40.217918], [141.022371, 40.220267], [141.025978, 40.221681], [141.03002, 40.217109], [141.027901, 40.214758], [141.031691, 40.207341], [141.028653, 40.203011], [141.027722, 40.195643], [141.029632, 40.190023], [141.029355, 40.180003], [141.02589, 40.175065], [141.028785, 40.167427], [141.032158, 40.164347], [141.037759, 40.154724], [141.053059, 40.149983], [141.056293, 40.146059], [141.061388, 40.144353], [141.062055, 40.140372], [141.076974, 40.137596], [141.093139, 40.137906], [141.098799, 40.136409], [141.10622, 40.136642], [141.10907, 40.131099], [141.108799, 40.122957], [141.118726, 40.117754], [141.124575, 40.110414], [141.125285, 40.103738], [141.132499, 40.09462], [141.143029, 40.096028], [141.152421, 40.093074], [141.157857, 40.088802], [141.161821, 40.083791], [141.158876, 40.080687], [141.154857, 40.072749], [141.150127, 40.071094], [141.152383, 40.066966], [141.147829, 40.062298], [141.14941, 40.051605], [141.146152, 40.048778], [141.136033, 40.044808], [141.130988, 40.039668], [141.126485, 40.038817], [141.122627, 40.024988], [141.127887, 40.015785], [141.126867, 40.01046], [141.13054, 40.001017], [141.128793, 39.995135], [141.140181, 39.979255], [141.140811, 39.975925], [141.146968, 39.973269], [141.148665, 39.966738], [141.132385, 39.958365], [141.128231, 39.953573], [141.128421, 39.949975], [141.1412, 39.943462], [141.151759, 39.930402], [141.155851, 39.926813], [141.158968, 39.917869]], [[140.98165167, 39.8500575], [140.9815975, 39.85001306], [140.98154611, 39.84999584], [140.98140861, 39.84999333], [140.98138639, 39.84998361], [140.98136889, 39.8499575], [140.98136389, 39.84992805], [140.98137528, 39.84988111], [140.98138639, 39.84984306], [140.98140722, 39.84981722], [140.98143111, 39.84980111], [140.98148695, 39.84978389], [140.98156528, 39.84977389], [140.98165973, 39.84976167], [140.98178444, 39.84976167], [140.98185, 39.84976917], [140.98188667, 39.849785], [140.9819875, 39.84985278], [140.98207527, 39.84990945], [140.98211222, 39.84995028], [140.98211528, 39.8499725], [140.98210722, 39.85000694], [140.982085, 39.85003777], [140.98204333, 39.85007722], [140.98199861, 39.85010556], [140.98194278, 39.85011917], [140.9818675, 39.85012028], [140.98178277, 39.85011527], [140.98170139, 39.85009444], [140.98165167, 39.8500575]], [[140.97793806, 39.85091778], [140.97795584, 39.85092888], [140.97796694, 39.85095611], [140.97797528, 39.85097833], [140.97798805, 39.8510475], [140.97800723, 39.8511225], [140.97805834, 39.85115833], [140.97810167, 39.85116333], [140.97816389, 39.85116083], [140.97819445, 39.85114722], [140.97824556, 39.85111278], [140.97829028, 39.85109556], [140.97836055, 39.85109166], [140.97847417, 39.85108555], [140.97858611, 39.85107194], [140.97874111, 39.8510425], [140.97889778, 39.85100417], [140.97903833, 39.85095611], [140.97913584, 39.85091556], [140.97922695, 39.85086361], [140.97929722, 39.85080695], [140.97936583, 39.85074306], [140.97942194, 39.85068389], [140.97944583, 39.85062333], [140.9794475, 39.85055306], [140.97942667, 39.85048667], [140.97938833, 39.85043361], [140.97932111, 39.85036333], [140.97914194, 39.85023833], [140.97907639, 39.85019028], [140.97902361, 39.85013612], [140.97899944, 39.85007916], [140.97899, 39.85002389], [140.97900583, 39.84997334], [140.97902361, 39.84993139], [140.97906195, 39.84989444], [140.97914028, 39.84986111], [140.97923472, 39.84983055], [140.97937055, 39.84980972], [140.97955389, 39.84978389], [140.979685, 39.84976167], [140.9798175, 39.84974195], [140.97985417, 39.84973222], [140.98000917, 39.84969778], [140.98008583, 39.84969139], [140.98013388, 39.84969278], [140.98017222, 39.84970139], [140.9802075, 39.84971861], [140.98026972, 39.84977666], [140.98033222, 39.84985167], [140.98039444, 39.84994416], [140.98046639, 39.85003917], [140.98054639, 39.85011639], [140.98063556, 39.8502025], [140.98072361, 39.85032472], [140.98078916, 39.85042194], [140.98083722, 39.85051194], [140.98085139, 39.85057611], [140.98083722, 39.85063778], [140.98079083, 39.85067472], [140.98070139, 39.85071667], [140.98059417, 39.85073389], [140.98048389, 39.85075611], [140.98041194, 39.85075111], [140.980335, 39.850745], [140.98022472, 39.85075222], [140.98015139, 39.85078194], [140.98007333, 39.85078695], [140.98003972, 39.85076973], [140.97999333, 39.8507475], [140.979915, 39.85074028], [140.97984139, 39.850755], [140.97978389, 39.85078083], [140.9797075, 39.8508275], [140.97964195, 39.85088305], [140.97953639, 39.85094361], [140.97942778, 39.85100889], [140.97932389, 39.85105334], [140.97923916, 39.85108889], [140.97916917, 39.85110389], [140.97904916, 39.8511225], [140.97891639, 39.85114334], [140.97876139, 39.85118917], [140.9785825, 39.85124334], [140.97845944, 39.85128278], [140.97836195, 39.85131472], [140.97829611, 39.85133334], [140.97823056, 39.85133695], [140.97817806, 39.85133444], [140.97813167, 39.85132472], [140.97808694, 39.85129639], [140.978055, 39.85128166], [140.97801167, 39.85127778], [140.97794778, 39.85126667], [140.97788861, 39.85124806], [140.97784695, 39.8512225], [140.97781195, 39.85117667], [140.97779583, 39.85113222], [140.97779917, 39.85106223], [140.97781333, 39.85100056], [140.97783583, 39.85096111], [140.97787277, 39.85092778], [140.97790306, 39.85091667], [140.97793806, 39.85091778]]]}, "properties": {"N03_001": "岩手県", "N03_002": null, "N03_003": null, "N03_004": "八幡平市", "N03_005": null, "N03_007": "03214"}}, {"type": "Feature", "geometry": {"type": "Polygon", "coordinates": [[[141.240885, 39.311074], [141.249148, 39.314757], [141.262377, 39.313079], [141.270458, 39.31418], [141.278565, 39.317037], [141.293496, 39.318238], [141.298811, 39.311902], [141.297799, 39.307155], [141.303295, 39.301389], [141.304608, 39.295451], [141.309092, 39.289153], [141.303221, 39.284368], [141.30415, 39.276576], [141.319778, 39.282527], [141.325916, 39.2825], [141.333952, 39.276826], [141.333492, 39.271958], [141.336939, 39.266817], [141.340993, 39.264279], [141.357228, 39.260364], [141.358468, 39.258761], [141.37026, 39.254297], [141.382589, 39.246647], [141.3803, 39.241808], [141.381351, 39.236359], [141.385579, 39.234141], [141.397829, 39.215846], [141.402985, 39.209662], [141.40537, 39.204396], [141.401701, 39.201158], [141.392521, 39.197199], [141.39183, 39.194362], [141.376994, 39.191621], [141.373356, 39.1876], [141.38601, 39.184903], [141.38931, 39.181879], [141.384458, 39.176841], [141.388449, 39.172338], [141.384853, 39.162122], [141.379976, 39.154862], [141.371514, 39.148569], [141.364726, 39.151282], [141.356403, 39.147473], [141.353059, 39.140773], [141.356683, 39.134806], [141.354891, 39.130979], [141.350513, 39.130979], [141.344386, 39.134457], [141.340474, 39.138795], [141.331451, 39.136175], [141.326985, 39.132063], [141.315762, 39.1315], [141.309896, 39.132704], [141.302439, 39.132076], [141.303861, 39.120472], [141.306107, 39.114387], [141.302683, 39.109861], [141.303088, 39.102174], [141.313292, 39.086826], [141.314088, 39.08322], [141.304433, 39.082682], [141.29658, 39.084005], [141.288846, 39.087227], [141.287241, 39.089991], [141.277904, 39.08984], [141.275209, 39.092296], [141.26939, 39.090908], [141.26221, 39.084846], [141.260024, 39.080803], [141.253781, 39.082404], [141.249232, 39.070515], [141.243267, 39.070676], [141.239881, 39.063615], [141.236661, 39.06193], [141.228601, 39.062314], [141.214892, 39.056856], [141.21298, 39.052854], [141.207844, 39.052057], [141.204905, 39.044587], [141.206601, 39.040498], [141.198464, 39.039127], [141.204663, 39.033672], [141.197822, 39.029676], [141.184208, 39.027016], [141.181712, 39.02011], [141.177515, 39.01843], [141.168545, 39.017669], [141.160868, 39.012648], [141.148244, 39.016403], [141.138113, 39.021287], [141.134262, 39.020171], [141.127822, 39.013167], [141.12331, 39.014285], [141.10561, 39.028511], [141.105211, 39.019046], [141.110339, 39.018695], [141.110816, 39.005905], [141.09961, 39.006463], [141.090182, 39.004355], [141.073509, 39.002172], [141.065078, 39.002538], [141.057683, 38.999464], [141.045056, 39.001478], [141.037594, 38.999737], [141.027888, 38.995525], [141.025656, 38.991718], [141.017471, 38.990093], [141.016345, 38.98779], [141.006463, 38.985284], [141.002253, 38.987523], [140.992641, 38.989449], [140.988112, 38.988513], [140.986946, 38.993543], [140.983683, 38.996891], [140.977342, 38.994683], [140.963189, 38.997211], [140.957626, 38.996692], [140.944591, 38.992645], [140.932064, 38.990781], [140.920489, 38.995383], [140.919674, 39.001316], [140.915938, 39.007572], [140.91779, 39.01501], [140.908479, 39.024037], [140.908177, 39.030829], [140.905866, 39.038129], [140.90113, 39.041933], [140.9009, 39.045995], [140.892938, 39.049294], [140.883024, 39.044127], [140.870326, 39.043412], [140.864929, 39.046525], [140.860891, 39.044025], [140.862251, 39.039369], [140.855494, 39.038299], [140.850953, 39.035755], [140.848467, 39.029323], [140.843011, 39.026092], [140.842507, 39.021154], [140.831203, 39.0234], [140.824932, 39.019965], [140.818355, 39.018835], [140.813051, 39.015193], [140.806063, 39.01426], [140.79704, 39.016045], [140.792386, 39.015161], [140.784929, 39.019714], [140.790762, 39.02409], [140.795076, 39.030664], [140.796087, 39.036017], [140.793533, 39.041717], [140.799423, 39.044533], [140.80083, 39.049445], [140.805178, 39.052024], [140.805287, 39.057852], [140.799447, 39.062837], [140.803837, 39.06699], [140.804435, 39.070571], [140.799977, 39.076544], [140.785475, 39.079104], [140.778851, 39.082067], [140.771967, 39.07868], [140.763221, 39.080592], [140.758526, 39.085382], [140.752906, 39.086016], [140.755933, 39.096772], [140.763247, 39.108858], [140.755931, 39.112187], [140.755874, 39.118054], [140.766606, 39.120218], [140.769981, 39.124165], [140.762584, 39.128529], [140.757867, 39.132902], [140.751075, 39.133262], [140.749726, 39.140411], [140.756142, 39.143676], [140.765549, 39.152308], [140.765672, 39.154956], [140.770739, 39.15938], [140.773877, 39.167592], [140.778602, 39.168563], [140.786228, 39.166781], [140.788334, 39.172511], [140.796214, 39.176572], [140.798899, 39.175169], [140.807858, 39.178383], [140.816232, 39.176228], [140.822108, 39.176742], [140.827117, 39.174578], [140.826449, 39.169444], [140.833223, 39.165024], [140.844362, 39.169013], [140.852925, 39.176473], [140.857551, 39.177326], [140.873534, 39.174411], [140.880435, 39.175596], [140.883084, 39.17944], [140.890689, 39.18169], [140.900839, 39.171484], [140.908454, 39.172493], [140.921939, 39.167649], [140.962618, 39.149799], [140.973824, 39.142562], [140.979613, 39.142066], [140.983275, 39.138494], [140.995345, 39.133978], [141.006676, 39.13428], [141.013926, 39.130356], [141.019776, 39.129842], [141.030806, 39.132266], [141.037866, 39.141751], [141.042979, 39.146696], [141.059598, 39.150744], [141.073748, 39.157946], [141.08801, 39.163425], [141.099668, 39.171709], [141.108061, 39.182402], [141.125247, 39.187703], [141.132861, 39.186968], [141.139206, 39.190434], [141.138949, 39.195704], [141.130379, 39.195171], [141.125611, 39.199206], [141.129707, 39.209899], [141.130369, 39.217812], [141.12662, 39.223203], [141.122656, 39.225019], [141.10664, 39.22678], [141.103653, 39.229864], [141.11149, 39.235655], [141.119631, 39.236329], [141.127545, 39.238667], [141.143463, 39.241851], [141.144974, 39.243721], [141.141791, 39.250304], [141.148026, 39.251885], [141.15082, 39.255784], [141.160006, 39.253466], [141.166168, 39.254882], [141.169449, 39.266999], [141.174852, 39.270205], [141.19358, 39.2756], [141.200388, 39.273054], [141.212182, 39.264343], [141.223619, 39.261702], [141.229793, 39.266542], [141.237256, 39.266684], [141.253986, 39.271852], [141.249115, 39.279296], [141.250208, 39.281441], [141.244196, 39.289286], [141.237564, 39.29354], [141.240523, 39.29873], [141.235716, 39.302991], [141.237383, 39.306478], [141.240885, 39.311074]], [[140.88658806, 39.107685], [140.88650833, 39.10758917], [140.88641861, 39.10752583], [140.88587889, 39.10726889], [140.88542778, 39.10708334], [140.88507833, 39.10697805], [140.88470917, 39.10686806], [140.88448667, 39.10678222], [140.88414556, 39.10660333], [140.88398195, 39.10654556], [140.88378417, 39.10649639], [140.8834875, 39.10647833], [140.88299389, 39.10633722], [140.88309695, 39.10631916], [140.88322806, 39.10632167], [140.88353834, 39.10633306], [140.88378417, 39.10637806], [140.8838925, 39.10640639], [140.88400084, 39.10640056], [140.88418889, 39.10644584], [140.88432611, 39.10653028], [140.88459361, 39.10657528], [140.88514278, 39.10662611], [140.88543917, 39.10665972], [140.88577139, 39.10668806], [140.88592306, 39.10669361], [140.88609639, 39.10668222], [140.88621222, 39.10664861], [140.88624111, 39.10664861], [140.88666028, 39.10653583], [140.8867975, 39.10647944], [140.88682639, 39.10645139], [140.88681916, 39.10642889], [140.88670361, 39.10636694], [140.88645055, 39.10622055], [140.88622667, 39.10616417], [140.8860025, 39.10615278], [140.8860025, 39.10613583], [140.88619056, 39.10605139], [140.88634223, 39.10604028], [140.88655917, 39.10611333], [140.88677583, 39.10616972], [140.8868625, 39.10618111], [140.88695667, 39.10614167], [140.88701444, 39.10609083], [140.88702889, 39.10603445], [140.88694194, 39.10593306], [140.88672528, 39.10582056], [140.88645055, 39.10561778], [140.88627, 39.10554445], [140.886075, 39.10551639], [140.88597389, 39.10551639], [140.88572111, 39.10547695], [140.88548973, 39.10545445], [140.88531639, 39.10547139], [140.88509945, 39.10553889], [140.88479583, 39.10557833], [140.88445611, 39.10567417], [140.88417445, 39.10573611], [140.88393583, 39.10573055], [140.88379139, 39.10570777], [140.88363945, 39.10571917], [140.88330861, 39.10551055], [140.88358166, 39.10553333], [140.88426111, 39.10552778], [140.88434056, 39.10549389], [140.88449778, 39.10539389], [140.88474528, 39.10530806], [140.88482472, 39.10529111], [140.88510222, 39.105275], [140.88528611, 39.10526472], [140.88548861, 39.10523195], [140.88570139, 39.10521167], [140.88589416, 39.10521583], [140.88605778, 39.10523195], [140.88627056, 39.10528722], [140.88653, 39.10530806], [140.88670834, 39.10532611], [140.88699111, 39.10542833], [140.88711555, 39.1054375], [140.88718778, 39.10539834], [140.88726723, 39.10531944], [140.88736139, 39.10517305], [140.88736139, 39.10506056], [140.88728889, 39.10495333], [140.88716055, 39.10485555], [140.88706444, 39.10480639], [140.88691528, 39.10475083], [140.88688444, 39.10472639], [140.88688444, 39.10470833], [140.88688444, 39.1046875], [140.88689833, 39.10467028], [140.88691777, 39.10466], [140.88694945, 39.10464361], [140.88704, 39.10461], [140.88704194, 39.10458944], [140.88702556, 39.10456083], [140.88699083, 39.10453222], [140.88687695, 39.10447472], [140.88679055, 39.10448028], [140.88656667, 39.10455916], [140.88653472, 39.10457084], [140.88648556, 39.10457084], [140.88646111, 39.10456472], [140.8864425, 39.10455444], [140.88643861, 39.10454222], [140.8864425, 39.10452167], [140.88646917, 39.10449723], [140.88664611, 39.10439583], [140.88668944, 39.10435084], [140.88669666, 39.1043225], [140.88666778, 39.1042775], [140.88658111, 39.10421555], [140.88645805, 39.10415361], [140.88632805, 39.10415361], [140.88592278, 39.10431722], [140.88569916, 39.10439028], [140.88555806, 39.10444], [140.88528416, 39.10444611], [140.88509222, 39.10448028], [140.884905, 39.10449111], [140.88477611, 39.10446444], [140.88448166, 39.10446222], [140.88442056, 39.10443583], [140.88440194, 39.10439083], [140.88441834, 39.10436639], [140.88447167, 39.10435833], [140.88488111, 39.10436639], [140.88500389, 39.10433972], [140.88516139, 39.10434166], [140.88527278, 39.10436194], [140.88545611, 39.10435389], [140.88566889, 39.10430695], [140.88588, 39.1042325], [140.88614028, 39.10405222], [140.88617639, 39.10400139], [140.88612584, 39.10396195], [140.88588722, 39.10386639], [140.88555472, 39.103765], [140.885325, 39.1036825], [140.88515, 39.10360722], [140.88442, 39.10322973], [140.88419639, 39.10309472], [140.88390611, 39.10289195], [140.88365416, 39.10262722], [140.88353556, 39.10251], [140.88314361, 39.10214472], [140.88302445, 39.10199056], [140.88331472, 39.10196806], [140.88342333, 39.10211667], [140.88374889, 39.10249], [140.88386389, 39.10259889], [140.88411694, 39.102785], [140.88426861, 39.10288055], [140.88442722, 39.10293778], [140.88464083, 39.10310417], [140.88504166, 39.103275], [140.88522944, 39.10333111], [140.88549445, 39.10337028], [140.88570528, 39.10337472], [140.88609055, 39.103275], [140.88620389, 39.10324833], [140.88637195, 39.10322444], [140.88645805, 39.10322611], [140.88655945, 39.10324111], [140.88678944, 39.10326167], [140.88694583, 39.10328694], [140.88710028, 39.10331666], [140.88724889, 39.10334639], [140.88748389, 39.1034], [140.88776056, 39.1034075], [140.88784972, 39.10342834], [140.88793222, 39.10343833], [140.88797445, 39.10338972], [140.88801889, 39.10331444], [140.88809972, 39.10331694], [140.88829417, 39.10341944], [140.88836417, 39.10347889], [140.88840111, 39.10357084], [140.88841611, 39.1037075], [140.88841611, 39.10374889], [140.88839833, 39.103795], [140.88836389, 39.10383472], [140.88830722, 39.10383472], [140.88827167, 39.10387333], [140.88823611, 39.1039075], [140.88823611, 39.103995], [140.88819139, 39.10402333], [140.88816778, 39.10405444], [140.88813805, 39.10412277], [140.88815583, 39.10413028], [140.88819139, 39.1041525], [140.88821528, 39.10417472], [140.88822417, 39.10419694], [140.88820194, 39.10421639], [140.88818555, 39.10423861], [140.88815722, 39.10431861], [140.88816166, 39.10432611], [140.88820916, 39.10433639], [140.88822417, 39.10435445], [140.88819584, 39.1043975], [140.88817528, 39.10443306], [140.88816222, 39.10445306], [140.88815139, 39.10447], [140.88813805, 39.10449528], [140.88814834, 39.10451305], [140.8881675, 39.10453972], [140.88814222, 39.10455583], [140.88812583, 39.10457667], [140.88808722, 39.10462861], [140.88808444, 39.10465083], [140.88809167, 39.10468361], [140.88810667, 39.10470722], [140.88812, 39.10472222], [140.88808, 39.104755], [140.888065, 39.10479056], [140.88803833, 39.10483945], [140.88802361, 39.10487944], [140.88808, 39.10490917], [140.88807389, 39.10493167], [140.88804417, 39.10496417], [140.88801611, 39.10502055], [140.88801, 39.10505917], [140.88801889, 39.1050725], [140.88802195, 39.10509472], [140.88801, 39.10512611], [140.88799222, 39.10517055], [140.88798333, 39.10520778], [140.88798194, 39.10522695], [140.88802195, 39.10525223], [140.88800861, 39.10527306], [140.88799222, 39.10533083], [140.88797695, 39.10535889], [140.88797695, 39.10541972], [140.88800056, 39.10542417], [140.88803472, 39.10544361], [140.88802139, 39.10547028], [140.88800805, 39.10547917], [140.88800667, 39.10564556], [140.88798139, 39.10567667], [140.88792055, 39.10574167], [140.88791889, 39.10580416], [140.88791, 39.10581889], [140.88787139, 39.10586195], [140.88785944, 39.10588584], [140.88784166, 39.10594222], [140.88782389, 39.10600611], [140.88779583, 39.10604305], [140.88777333, 39.10608028], [140.88778528, 39.10613334], [140.88778528, 39.10616583], [140.88776916, 39.10620889], [140.88773056, 39.10627139], [140.88774389, 39.10630556], [140.887775, 39.10637389], [140.88776472, 39.10639305], [140.88774083, 39.10645556], [140.887735, 39.10648972], [140.88773778, 39.10652528], [140.88774972, 39.10655944], [140.88779, 39.10659056], [140.88774527, 39.10662333], [140.88778833, 39.10672555], [140.88780334, 39.10677139], [140.88777361, 39.10680833], [140.88777667, 39.10682333], [140.88780195, 39.10693167], [140.88784639, 39.10692416], [140.88784639, 39.10696583], [140.88783472, 39.10701778], [140.88787778, 39.107095], [140.8879475, 39.10712917], [140.88790722, 39.10718694], [140.88793694, 39.10723444], [140.88796527, 39.10727473], [140.88803666, 39.10730722], [140.88802611, 39.10734583], [140.88802472, 39.10738611], [140.88804389, 39.10742917], [140.88807806, 39.10747667], [140.88812417, 39.10750472], [140.8881225, 39.10758055], [140.88812778, 39.10762472], [140.88813972, 39.10764556], [140.88818416, 39.10765583], [140.88815139, 39.10772722], [140.88817528, 39.10778194], [140.88825111, 39.10780889], [140.88825111, 39.10787111], [140.88830139, 39.107935], [140.88836528, 39.10794694], [140.88836833, 39.10798695], [140.88840833, 39.10803583], [140.888465, 39.10810584], [140.88852139, 39.10809222], [140.88852861, 39.10810861], [140.88854056, 39.10815028], [140.88856639, 39.1081825], [140.88859611, 39.10820472], [140.88864528, 39.10821361], [140.88868667, 39.10824166], [140.88873583, 39.10830861], [140.88878167, 39.10832778], [140.88884555, 39.10834584], [140.88884722, 39.10840361], [140.8888575, 39.10841694], [140.88889472, 39.10844972], [140.88896, 39.10847639], [140.88900611, 39.10848833], [140.88900611, 39.10853861], [140.8890225, 39.10855944], [140.88907139, 39.10859944], [140.88910417, 39.10861584], [140.88913389, 39.10862195], [140.88913527, 39.10864417], [140.88916639, 39.10867833], [140.889205, 39.10871083], [140.88926306, 39.10872278], [140.88929056, 39.10872639], [140.88931889, 39.10875611], [140.88933667, 39.10878889], [140.88936917, 39.1088125], [140.88948056, 39.10884667], [140.8894925, 39.10890472], [140.88951639, 39.10891944], [140.88963361, 39.10896111], [140.88966195, 39.10900695], [140.88970945, 39.10905473], [140.88976139, 39.10908583], [140.88984166, 39.10908583], [140.88983861, 39.10913611], [140.88994556, 39.10918833], [140.89001472, 39.10922306], [140.89004584, 39.10926305], [140.89010056, 39.10929723], [140.89015417, 39.10931361], [140.89018222, 39.10930472], [140.89020305, 39.10930028], [140.89022972, 39.10928833], [140.89023277, 39.10930611], [140.89025222, 39.10935805], [140.89030555, 39.10937], [140.8903725, 39.10938028], [140.89044805, 39.10939083], [140.89046306, 39.10941583], [140.89049111, 39.1094575], [140.89052972, 39.10947528], [140.89064944, 39.10952], [140.89073694, 39.10951111], [140.89079194, 39.10956306], [140.89083056, 39.10957667], [140.89089444, 39.10958555], [140.89095833, 39.10959139], [140.89099834, 39.10961972], [140.89107722, 39.10968194], [140.89121222, 39.10968194], [140.89122111, 39.10969528], [140.891245, 39.10974417], [140.89128723, 39.10975361], [140.89134084, 39.10976695], [140.89140305, 39.10977], [140.89142833, 39.10974916], [140.89144472, 39.10975361], [140.89148778, 39.10978333], [140.89156805, 39.10980111], [140.89167806, 39.10981917], [140.89169278, 39.10981167], [140.89171805, 39.10983389], [140.89186361, 39.10985305], [140.89194389, 39.10980722], [140.89196973, 39.10979361], [140.8920025, 39.10980389], [140.89217639, 39.10980695], [140.89222222, 39.10977861], [140.89221195, 39.10976695], [140.89221945, 39.109755], [140.89236195, 39.10976084], [140.89240055, 39.109755], [140.89245111, 39.10972833], [140.89247194, 39.1097], [140.892515, 39.10967028], [140.89253056, 39.10966445], [140.89256611, 39.10968806], [140.89258833, 39.10968806], [140.89267, 39.10967611], [140.8927175, 39.10966722], [140.8927325, 39.1096525], [140.89275472, 39.10964056], [140.89278583, 39.10963472], [140.89282139, 39.10964806], [140.89284945, 39.10964944], [140.89295639, 39.10960944], [140.89298167, 39.10959], [140.89298472, 39.10957833], [140.89297278, 39.10957667], [140.89297583, 39.10956611], [140.89328333, 39.10952611], [140.89359389, 39.10948278], [140.89390944, 39.10935667], [140.89401639, 39.10934333], [140.89408806, 39.10938194], [140.89413111, 39.10950222], [140.89417417, 39.10956306], [140.89427666, 39.1096225], [140.8945225, 39.10965055], [140.89463805, 39.10968361], [140.89483333, 39.10979722], [140.89504861, 39.10993472], [140.89512222, 39.11002806], [140.89516556, 39.11009555], [140.89516889, 39.11023111], [140.89512222, 39.11031528], [140.89507083, 39.11041389], [140.89487778, 39.11059694], [140.89484778, 39.11072639], [140.89462361, 39.11088972], [140.89462, 39.11089444], [140.89455861, 39.11097417], [140.89455139, 39.111025], [140.89459472, 39.11108694], [140.89466694, 39.11112083], [140.89481861, 39.11112083], [140.89485472, 39.11110389], [140.89489083, 39.11105306], [140.89490528, 39.11096861], [140.89497028, 39.11091805], [140.89505694, 39.11092917], [140.89528111, 39.11106444], [140.89535333, 39.11106444], [140.895465, 39.11100445], [140.89562389, 39.11099833], [140.89591111, 39.11092555], [140.89622889, 39.11086472], [140.89644583, 39.11085278], [140.89657472, 39.11087861], [140.89736972, 39.111115], [140.89743472, 39.111115], [140.89753583, 39.11101361], [140.897615, 39.1109375], [140.89772778, 39.11087194], [140.89797667, 39.11087305], [140.89817833, 39.11078861], [140.89836555, 39.11073528], [140.89855917, 39.11073194], [140.89873722, 39.11077055], [140.89885805, 39.11077722], [140.89889334, 39.11074555], [140.89888, 39.11071583], [140.89872695, 39.11066223], [140.89867944, 39.11064], [140.89866444, 39.11061639], [140.89868972, 39.11059111], [140.89871667, 39.11058361], [140.89888, 39.11060139], [140.89905083, 39.11067111], [140.89921222, 39.11083917], [140.89932028, 39.11090611], [140.89998917, 39.11115889], [140.90041861, 39.11134611], [140.90056028, 39.11141611], [140.90088861, 39.11165028], [140.90108389, 39.11175722], [140.90145972, 39.11189805], [140.90177056, 39.11194305], [140.9020025, 39.11200806], [140.90214666, 39.11203778], [140.90222389, 39.11205389], [140.90235528, 39.11213444], [140.90248305, 39.11212528], [140.90259722, 39.112115], [140.90284833, 39.11216833], [140.90312528, 39.11217611], [140.90323361, 39.11214333], [140.90345389, 39.11205139], [140.90360611, 39.11204472], [140.90377028, 39.11205306], [140.90300639, 39.11422111], [140.90300417, 39.11423111], [140.90307555, 39.11424584], [140.90307111, 39.11428167], [140.9029825, 39.11453194], [140.90290444, 39.11473778], [140.90287916, 39.11481667], [140.90279917, 39.11478833], [140.9026475, 39.11473639], [140.90255417, 39.11471861], [140.90243222, 39.11471111], [140.90238167, 39.11470667], [140.90228472, 39.11467305], [140.90212416, 39.11461306], [140.90195833, 39.11459028], [140.90185, 39.11460722], [140.90177056, 39.11464111], [140.901725, 39.11471333], [140.90169083, 39.11484389], [140.90155278, 39.11500528], [140.90140195, 39.11514778], [140.90130833, 39.11523139], [140.90113611, 39.11531083], [140.90061583, 39.11537306], [140.90034389, 39.11541028], [140.90024555, 39.11542361], [140.90010889, 39.11549111], [140.89968167, 39.11549694], [140.89942167, 39.11555333], [140.89926972, 39.11562083], [140.89900972, 39.11579555], [140.89870611, 39.11591944], [140.89830861, 39.11617861], [140.8982075, 39.11622917], [140.89792556, 39.1163925], [140.89775222, 39.11646584], [140.89757861, 39.11651084], [140.89736195, 39.11655028], [140.89724666, 39.11658972], [140.89714528, 39.11666861], [140.89705389, 39.11682166], [140.89678389, 39.11698944], [140.89643, 39.11712445], [140.89627805, 39.11716389], [140.89597444, 39.11717528], [140.895765, 39.11722583], [140.89558444, 39.11723722], [140.89539639, 39.11728778], [140.89535305, 39.11732167], [140.89530973, 39.11739472], [140.89525194, 39.11739472], [140.89515778, 39.11727667], [140.89493389, 39.11727667], [140.89489056, 39.11723722], [140.89478222, 39.11700611], [140.89468083, 39.11683167], [140.89445695, 39.11653306], [140.89437778, 39.11632472], [140.8942475, 39.11616139], [140.89417528, 39.11599222], [140.89400916, 39.11585139], [140.89392944, 39.11575584], [140.89385722, 39.11562611], [140.89384278, 39.11551944], [140.89376555, 39.115465], [140.89375, 39.1152975], [140.89380639, 39.11515361], [140.89377056, 39.11507389], [140.89377306, 39.11497889], [140.89379222, 39.11484917], [140.89358, 39.11452805], [140.89343334, 39.11433806], [140.8931275, 39.11393111], [140.89304806, 39.11388611], [140.89296139, 39.11388028], [140.89272111, 39.11375917], [140.89258195, 39.11368695], [140.89245556, 39.113475], [140.89217278, 39.11321083], [140.89212306, 39.11306944], [140.89206945, 39.11274222], [140.89207972, 39.11236528], [140.89217361, 39.11199361], [140.89218083, 39.11181333], [140.8921375, 39.11171195], [140.89205805, 39.11162167], [140.89188472, 39.11146417], [140.89178333, 39.1113175], [140.89170417, 39.11122195], [140.89150917, 39.11106417], [140.89137666, 39.11098361], [140.89127778, 39.11092333], [140.89113333, 39.11086139], [140.89088028, 39.11078806], [140.89054777, 39.11058528], [140.89036722, 39.11050639], [140.89017056, 39.11046723], [140.88992639, 39.11043889], [140.88972389, 39.11038833], [140.88942056, 39.11036583], [140.88924722, 39.11030944], [140.88911278, 39.110305], [140.88859694, 39.11028111], [140.88832944, 39.11025306], [140.88822833, 39.11021917], [140.887875, 39.10999333], [140.88774389, 39.10980055], [140.88749444, 39.10958722], [140.88741889, 39.1094475], [140.88728861, 39.10919973], [140.88723083, 39.10902528], [140.88712278, 39.10894056], [140.8869275, 39.10879417], [140.88678306, 39.10862], [140.88675417, 39.10855222], [140.88675417, 39.10845083], [140.88677583, 39.10834945], [140.88678306, 39.1082425], [140.88681916, 39.10816916], [140.88681194, 39.10808472], [140.88658806, 39.107685]]]}, "properties": {"N03_001": "岩手県", "N03_002": null, "N03_003": null, "N03_004": "奥州市", "N03_005": null, "N03_007": "03215"}}, {"type": "Feature", "geometry": {"type": "Polygon", "coordinates": [[[141.104375, 39.868235], [141.109558, 39.860374], [141.111587, 39.84264], [141.127245, 39.842742], [141.133646, 39.83005], [141.132424, 39.827719], [141.142419, 39.824111], [141.147004, 39.826689], [141.154634, 39.822302], [141.151767, 39.816786], [141.154211, 39.811627], [141.151604, 39.807039], [141.162211, 39.808102], [141.160507, 39.803344], [141.166004, 39.800705], [141.162319, 39.796478], [141.1631087864688, 39.79416818527634], [141.16240972, 39.79424805], [141.16238055, 39.79420306], [141.16232222, 39.79416361], [141.16216889, 39.79415806], [141.16201555, 39.79419167], [141.1617675, 39.79427611], [141.16153417, 39.79438889], [141.16149028, 39.79442278], [141.16143973, 39.79445306], [141.16142028, 39.79443944], [141.16141667, 39.79440139], [141.16145194, 39.79431139], [141.16145028, 39.79421611], [141.16143083, 39.79418889], [141.16137361, 39.79416916], [141.16098111, 39.79416583], [141.16089194, 39.79418056], [141.16084861, 39.794185], [141.16081861, 39.79417], [141.16082639, 39.79413556], [141.16092861, 39.79406778], [141.16097417, 39.79404805], [141.16109639, 39.79399472], [141.16121305, 39.79397222], [141.16172389, 39.79396084], [141.16187723, 39.79394972], [141.16195722, 39.79393278], [141.16209611, 39.79385389], [141.16219806, 39.79374167], [141.16229306, 39.79361194], [141.16247528, 39.79322889], [141.16283278, 39.79225473], [141.16292028, 39.79206889], [141.16299333, 39.79183806], [141.16303722, 39.79146666], [141.16312472, 39.79097666], [141.16316861, 39.79052056], [141.16323416, 39.79016556], [141.16323444, 39.79011889], [141.16320278, 39.79008083], [141.16316111, 39.79006417], [141.16303889, 39.790025], [141.16301416, 39.79000472], [141.16302278, 39.7899775], [141.16306528, 39.789965], [141.16322917, 39.78993917], [141.16334583, 39.78992972], [141.16342333, 39.78989833], [141.16359444, 39.78974056], [141.16368972, 39.78963555], [141.16372305, 39.78959695], [141.1638325, 39.78946722], [141.16393472, 39.78925917], [141.16398555, 39.78907333], [141.16400028, 39.78885944], [141.16408056, 39.78836361], [141.16412445, 39.78822305], [141.16427028, 39.78789639], [141.16435778, 39.78768222], [141.16438695, 39.78757528], [141.16438695, 39.7874175], [141.16432861, 39.78714722], [141.16430666, 39.78709667], [141.16431417, 39.78700083], [141.16432861, 39.78696139], [141.16446722, 39.78680417], [141.1645475, 39.78664055], [141.16457694, 39.78655111], [141.16466417, 39.78628584], [141.16486111, 39.78593111], [141.16496333, 39.78576222], [141.16501444, 39.78561], [141.16501444, 39.78544111], [141.16495611, 39.78531167], [141.16485389, 39.78523834], [141.16459861, 39.78510889], [141.1645475, 39.78506389], [141.16453306, 39.78496806], [141.1645475, 39.78436583], [141.16458389, 39.78399389], [141.16455472, 39.78390972], [141.16449639, 39.7838475], [141.16444195, 39.78381416], [141.16438194, 39.78379361], [141.16431306, 39.78374194], [141.16427611, 39.78369139], [141.16425555, 39.78365056], [141.16425555, 39.78331833], [141.16434333, 39.78257472], [141.164365, 39.78223695], [141.164365, 39.78190472], [141.16429944, 39.78169666], [141.16416083, 39.78147139], [141.16408777, 39.7813475], [141.16404417, 39.78108833], [141.16404417, 39.78084611], [141.16404417, 39.78049694], [141.16394222, 39.78002389], [141.16385472, 39.77977611], [141.16373056, 39.77922972], [141.16367222, 39.77901611], [141.16344611, 39.77846417], [141.16335111, 39.77828972], [141.16328555, 39.77822195], [141.16316889, 39.77815444], [141.16309472, 39.77813805], [141.16306667, 39.77813194], [141.16269555, 39.77813861], [141.16231278, 39.77816583], [141.16223333, 39.77815361], [141.16216611, 39.77812889], [141.162085, 39.7780825], [141.16196694, 39.77798861], [141.16186833, 39.77790417], [141.16176805, 39.77778583], [141.1617025, 39.77768695], [141.16167444, 39.77763056], [141.16168056, 39.7776025], [141.16171861, 39.77758028], [141.16176611, 39.77758972], [141.16184917, 39.77762778], [141.16190556, 39.77766056], [141.16201111, 39.77769722], [141.16225278, 39.77776389], [141.16236389, 39.77778028], [141.162505, 39.77776805], [141.16261611, 39.77773139], [141.16276028, 39.77764194], [141.16288417, 39.77754611], [141.16305944, 39.77733778], [141.16310306, 39.77722528], [141.16310306, 39.77715195], [141.16304472, 39.77694917], [141.16289889, 39.77661139], [141.16282583, 39.77647611], [141.16278944, 39.77642555], [141.16239556, 39.775705], [141.16212583, 39.775305], [141.16183389, 39.77494472], [141.16172444, 39.77473056], [141.16170972, 39.77465166], [141.16172444, 39.77448834], [141.16181194, 39.7743025], [141.16193611, 39.77411666], [141.16210389, 39.77391972], [141.16227889, 39.77377889], [141.16242472, 39.7737], [141.16271667, 39.77359306], [141.16346833, 39.7734075], [141.16370139, 39.77334556], [141.1637525, 39.77333972], [141.16394945, 39.77325528], [141.16412472, 39.77316527], [141.16451139, 39.77285556], [141.16464416, 39.77271445], [141.16468639, 39.77266972], [141.164825, 39.77250639], [141.164825, 39.77242195], [141.16480306, 39.77237111], [141.16468639, 39.77228111], [141.16456972, 39.77221917], [141.16439445, 39.77218528], [141.16417556, 39.77217972], [141.16392056, 39.77214583], [141.16376722, 39.77210639], [141.16369444, 39.77206139], [141.16332222, 39.77173472], [141.16251972, 39.77095194], [141.16243222, 39.7708675], [141.161535, 39.77016389], [141.16069583, 39.76942611], [141.16057916, 39.76935861], [141.16042583, 39.76933028], [141.16033833, 39.76935278], [141.16025083, 39.76940361], [141.16011222, 39.7695275], [141.16003916, 39.7695275], [141.16000278, 39.769505], [141.1594775, 39.76889667], [141.15936055, 39.76879528], [141.15920778, 39.76867694], [141.15901083, 39.7685925], [141.15884305, 39.7685475], [141.15870416, 39.768525], [141.15851445, 39.76851361], [141.15826639, 39.76851917], [141.15808417, 39.7685925], [141.15797472, 39.76865444], [141.15777028, 39.76881778], [141.157515, 39.76907083], [141.1571575, 39.76940889], [141.15709917, 39.76950472], [141.15704361, 39.76963305], [141.15694583, 39.76985945], [141.15685111, 39.77000584], [141.15639139, 39.77049028], [141.15628916, 39.77056889], [141.15609222, 39.77064778], [141.15596083, 39.77073806], [141.15589528, 39.77083361], [141.15587333, 39.77090139], [141.15584417, 39.77113222], [141.15587333, 39.77117722], [141.15601916, 39.77130667], [141.15605584, 39.77136861], [141.15605584, 39.77144722], [141.15602667, 39.77154306], [141.15601194, 39.77184722], [141.15597555, 39.77190917], [141.15593167, 39.77193722], [141.15557417, 39.77194278], [141.15521666, 39.77194861], [141.15507834, 39.77199917], [141.15504917, 39.77201611], [141.15476445, 39.77233722], [141.15434861, 39.77288334], [141.15414444, 39.77319889], [141.15401306, 39.77353667], [141.15397666, 39.77375055], [141.15393278, 39.77377861], [141.15362639, 39.77375611], [141.15359, 39.77364333], [141.15337111, 39.77319305], [141.15326139, 39.7730525], [141.15318139, 39.77299611], [141.15309389, 39.77297361], [141.15291861, 39.77297361], [141.15269972, 39.77301861], [141.15252472, 39.77305806], [141.15230583, 39.77310278], [141.15205027, 39.77313639], [141.15135028, 39.77327722], [141.15116056, 39.77331111], [141.15113861, 39.7733225], [141.1508175, 39.7733225], [141.15030695, 39.77319278], [141.15029583, 39.77319111], [141.15019, 39.77317611], [141.14978139, 39.77316472], [141.14969389, 39.77310833], [141.14950417, 39.77292806], [141.14922694, 39.77274805], [141.14902278, 39.77264667], [141.14873833, 39.77250028], [141.14865083, 39.77240444], [141.1485925, 39.77232], [141.14843916, 39.77219027], [141.14828611, 39.77192], [141.14816195, 39.77166139], [141.14814, 39.77154306], [141.1481475, 39.77133472], [141.14818389, 39.77117139], [141.14824944, 39.771025], [141.14833722, 39.77072639], [141.14834444, 39.76998306], [141.14835167, 39.76989861], [141.14841, 39.76965639], [141.14846111, 39.76952694], [141.14847584, 39.769465], [141.14864361, 39.76904833], [141.14873833, 39.76890778], [141.14884056, 39.76880055], [141.14889167, 39.76869361], [141.14892805, 39.76862028], [141.14914694, 39.76828805], [141.14919083, 39.7682375], [141.14932194, 39.76813611], [141.14938778, 39.76811916], [141.14958472, 39.76811916], [141.14965778, 39.76807972], [141.14973055, 39.76800083], [141.14981834, 39.76784889], [141.14988389, 39.76768555], [141.15005166, 39.76747139], [141.15027055, 39.76726305], [141.15070111, 39.76679611], [141.15107305, 39.76632861], [141.15118278, 39.76617639], [141.1512882816356, 39.76598544610647], [141.150534, 39.765913], [141.146776, 39.771651], [141.1288, 39.767928], [141.12206, 39.760208], [141.121669, 39.756015], [141.116346, 39.751963], [141.119251, 39.748559], [141.111056, 39.74529], [141.106778, 39.74078], [141.106086, 39.735587], [141.099713, 39.730978], [141.098794, 39.723164], [141.08931, 39.724902], [141.088462, 39.721864], [141.070167, 39.729579], [141.06812, 39.726808], [141.076211, 39.725061], [141.080765, 39.721723], [141.078711, 39.716013], [141.078491, 39.703596], [141.075707, 39.700093], [141.069969, 39.697572], [141.064245, 39.6973], [141.048103, 39.689965], [141.03886, 39.694965], [141.035649, 39.700018], [141.029852, 39.701811], [141.036422, 39.702328], [141.03651, 39.705554], [141.023582, 39.705092], [141.020849, 39.70849], [141.021402, 39.71435], [141.015872, 39.718145], [141.017154, 39.729565], [141.013862, 39.736661], [141.016664, 39.744285], [141.020723, 39.749112], [141.019895, 39.756569], [141.021537, 39.764989], [141.00835, 39.775349], [141.003385, 39.775779], [141.002564, 39.788659], [141.004022, 39.796396], [141.004365, 39.812428], [141.008439, 39.818267], [141.009544, 39.826287], [141.005571, 39.829307], [141.001443, 39.836563], [141.000401, 39.843391], [141.001174, 39.852543], [141.027023, 39.860293], [141.033188, 39.862636], [141.0571, 39.868049], [141.059586, 39.86383], [141.066285, 39.865214], [141.076774, 39.861882], [141.0834, 39.864788], [141.082903, 39.869389], [141.086252, 39.875281], [141.098631, 39.879237], [141.104375, 39.868235]]]}, "properties": {"N03_001": "岩手県", "N03_002": null, "N03_003": null, "N03_004": "滝沢市", "N03_005": null, "N03_007": "03216"}}, {"type": "Feature", "geometry": {"type": "MultiPolygon", "coordinates": [[[[141.013659, 39.692255], [141.011439, 39.687985], [141.0125, 39.683626], [141.01677514036203, 39.68236941152596], [141.01676278, 39.68234], [141.01683361, 39.68229611], [141.01690945, 39.68227056], [141.0169575, 39.68225722], [141.01701834, 39.68223028], [141.01705222, 39.68220083], [141.01708139, 39.6821725], [141.01709584, 39.68213889], [141.01710306, 39.68211639], [141.01708139, 39.68211083], [141.01703778, 39.6820825], [141.01700111, 39.68206555], [141.01697944, 39.68204305], [141.0169575, 39.6820375], [141.01693444, 39.68202416], [141.01692834, 39.68202055], [141.01689917, 39.682015], [141.01687, 39.6819925], [141.01672417, 39.68194723], [141.01672417, 39.68193611], [141.01663278, 39.68188389], [141.01663194, 39.68187944], [141.01585723, 39.68144611], [141.01552917, 39.68129417], [141.01515028, 39.68109694], [141.01449472, 39.68076472], [141.01399194, 39.68049445], [141.01343806, 39.68016778], [141.01292056, 39.67982417], [141.01267306, 39.67967777], [141.01242528, 39.67954834], [141.01225028, 39.67953695], [141.01222111, 39.67952], [141.01201, 39.67931722], [141.01189334, 39.67922167], [141.01171111, 39.67912028], [141.010895, 39.67879916], [141.01039222, 39.67863028], [141.00905888, 39.67820778], [141.00856333, 39.67810638], [141.00820611, 39.67801083], [141.00792945, 39.677915], [141.00737778, 39.67766806], [141.00714972, 39.67756583], [141.00637, 39.67717722], [141.00631166, 39.67715472], [141.0060275, 39.67703084], [141.00594, 39.67696334], [141.00580889, 39.67677167], [141.00572138, 39.67669861], [141.00553222, 39.67656333], [141.00543, 39.67651278], [141.00527722, 39.67645639], [141.00512389, 39.67642833], [141.00497833, 39.67643389], [141.00478888, 39.67646194], [141.003885, 39.67645083], [141.00378306, 39.6764275], [141.00371028, 39.67639445], [141.00335334, 39.67629861], [141.00320778, 39.67625361], [141.00285056, 39.67611861], [141.00228945, 39.67596639], [141.0021, 39.6758875], [141.00181555, 39.67567917], [141.00145889, 39.67548195], [141.00108722, 39.6752625], [141.00073, 39.67502583], [141.0003875, 39.67471639], [141.00031473, 39.67467694], [141.00001611, 39.67453056], [140.99984861, 39.67446861], [140.99936028, 39.67434472], [140.99924362, 39.67432777], [140.99898139, 39.67430527], [140.99875528, 39.67424917], [140.99858778, 39.67424917], [140.9985075, 39.67427722], [140.99812861, 39.67449084], [140.99799028, 39.67454167], [140.99793916, 39.67453584], [140.99777195, 39.67444027], [140.99774472, 39.67444417], [140.99769166, 39.67445139], [140.9974075, 39.67455834], [140.99659111, 39.67498083], [140.99655472, 39.67503166], [140.9965475, 39.67538083], [140.99656194, 39.67561722], [140.99662028, 39.6758425], [140.99665666, 39.67592694], [140.99666417, 39.67633806], [140.99675139, 39.67649], [140.99680722, 39.67655139], [140.99692083, 39.67663916], [140.99711555, 39.67679417], [140.99720306, 39.67688417], [140.99732694, 39.67705305], [140.99741444, 39.67719389], [140.99754556, 39.67734027], [140.99777889, 39.67757111], [140.99801945, 39.67774583], [140.99836138, 39.67817388], [140.99859473, 39.67855667], [140.99862028, 39.67866166], [140.99872583, 39.67902417], [140.99872583, 39.67921], [140.99866028, 39.67937333], [140.9985875, 39.67950833], [140.99843445, 39.67968861], [140.99837611, 39.67979555], [140.99822306, 39.67999833], [140.99816472, 39.68009945], [140.99807, 39.68016167], [140.99785861, 39.68028556], [140.9977275, 39.6803475], [140.99753084, 39.68046111], [140.99740694, 39.68055], [140.99733888, 39.68063277], [140.99728778, 39.68071695], [140.99725305, 39.68075611], [140.99714889, 39.68084195], [140.99710056, 39.68091], [140.99707167, 39.68094445], [140.99702056, 39.68097806], [140.99699167, 39.68102834], [140.99692584, 39.68111888], [140.99681639, 39.68133278], [140.99676694, 39.68140694], [140.99668528, 39.68147917], [140.99649584, 39.68169583], [140.99645861, 39.68171361], [140.99639805, 39.68176917], [140.99632917, 39.68183805], [140.99625305, 39.68193362], [140.99616889, 39.68201195], [140.99608556, 39.68209306], [140.99600222, 39.68216667], [140.99590334, 39.6822175], [140.99579694, 39.68225444], [140.99568889, 39.68226444], [140.99556083, 39.68226555], [140.99550333, 39.68224666], [140.9953725, 39.68219195], [140.99525472, 39.68215083], [140.99520861, 39.68215555], [140.99519027, 39.68217778], [140.99515556, 39.6822], [140.99504945, 39.68229888], [140.99495444, 39.68232], [140.99485945, 39.68232111], [140.99468834, 39.68231639], [140.99459778, 39.68232445], [140.99445556, 39.68233889], [140.99436055, 39.68233778], [140.99426278, 39.68233], [140.99415917, 39.68230777], [140.99401, 39.68227945], [140.99387473, 39.68225388], [140.99368945, 39.68222055], [140.99349834, 39.68220055], [140.9933875, 39.682185], [140.99327695, 39.68218277], [140.99310917, 39.68218555], [140.99303, 39.68217555], [140.992925, 39.68215555], [140.99281139, 39.68212111], [140.99269361, 39.68209778], [140.9926, 39.68208667], [140.992475, 39.68208111], [140.99234694, 39.68208223], [140.99218917, 39.68208722], [140.99208, 39.68208722], [140.99196639, 39.68206833], [140.99182833, 39.68204055], [140.99170055, 39.68200945], [140.99163777, 39.68200638], [140.99158639, 39.68173778], [140.99152278, 39.68136861], [140.99152806, 39.68131084], [140.99151222, 39.68124417], [140.99148778, 39.68119861], [140.99146611, 39.68112639], [140.99145917, 39.6810375], [140.99146611, 39.68093416], [140.99149417, 39.68071667], [140.99150277, 39.68057111], [140.99149834, 39.68035667], [140.99150222, 39.68021055], [140.99152084, 39.68006611], [140.99153806, 39.67993055], [140.9915625, 39.67982277], [140.99160139, 39.67971778], [140.99162, 39.67966806], [140.99166528, 39.67955473], [140.99172722, 39.67945805], [140.99181639, 39.6793425], [140.99190416, 39.67922583], [140.99202388, 39.67908083], [140.99221223, 39.67889083], [140.9923475, 39.67875083], [140.992515, 39.67859389], [140.99262278, 39.6784825], [140.99273806, 39.67836473], [140.99283139, 39.67825611], [140.99296611, 39.67799389], [140.99302667, 39.67788389], [140.99306667, 39.67779722], [140.99308416, 39.67766055], [140.99310027, 39.67751583], [140.99311889, 39.67742583], [140.99315778, 39.67730445], [140.99318944, 39.67722889], [140.99328555, 39.67709972], [140.993395, 39.67695305], [140.99355445, 39.67678084], [140.993615, 39.67670611], [140.99364944, 39.67664945], [140.99371556, 39.67643944], [140.99371556, 39.67636945], [140.99365083, 39.67618167], [140.99362639, 39.67603806], [140.993615, 39.67584834], [140.99359917, 39.675675], [140.99357333, 39.67553833], [140.99354528, 39.67546667], [140.99350361, 39.67538111], [140.99349083, 39.67529556], [140.99347778, 39.67525555], [140.99345611, 39.67523556], [140.99341583, 39.67521556], [140.99335111, 39.67519333], [140.993265, 39.67517778], [140.99317722, 39.67514556], [140.99306944, 39.67508889], [140.99296611, 39.67502], [140.99287694, 39.67495777], [140.99278055, 39.67491333], [140.99266695, 39.67487445], [140.99255361, 39.67485667], [140.99244583, 39.67484472], [140.99233083, 39.67483], [140.99221, 39.67482584], [140.99212083, 39.67483333], [140.99201445, 39.67485556], [140.99191806, 39.67488], [140.99184167, 39.67492028], [140.99175555, 39.67498444], [140.99168166, 39.67506833], [140.99158667, 39.67517388], [140.99152195, 39.67527945], [140.99144723, 39.67544167], [140.99134778, 39.67565722], [140.99129444, 39.675805], [140.99126416, 39.67591639], [140.99125556, 39.67603888], [140.99122389, 39.67621556], [140.99117944, 39.67635778], [140.99111611, 39.67649445], [140.99100806, 39.67671027], [140.99093889, 39.67685611], [140.99086, 39.67696833], [140.99076778, 39.67710166], [140.99066, 39.67724167], [140.99064194, 39.67726472], [140.99058306, 39.67733973], [140.99051694, 39.67739861], [140.99044361, 39.67749195], [140.99033556, 39.67766972], [140.99024222, 39.67782972], [140.99015278, 39.67801111], [140.99006917, 39.67818889], [140.99001028, 39.67831111], [140.98997444, 39.67842778], [140.98996444, 39.67851222], [140.98996722, 39.67860889], [140.98997723, 39.67874417], [140.98999028, 39.67882417], [140.99001889, 39.67893639], [140.99008084, 39.6791], [140.99013694, 39.67925111], [140.99016556, 39.67937112], [140.99018556, 39.67945139], [140.99019138, 39.6795925], [140.99019, 39.67971472], [140.99016694, 39.67984694], [140.99013389, 39.67998584], [140.99010083, 39.68009361], [140.99004417, 39.68019834], [140.98996222, 39.68032472], [140.98988306, 39.68044056], [140.98978111, 39.68056278], [140.98967028, 39.680665], [140.98954944, 39.68078611], [140.98941917, 39.68089417], [140.98926084, 39.68104195], [140.98909973, 39.68115083], [140.98890416, 39.68128195], [140.98870723, 39.68139195], [140.98848861, 39.68152305], [140.988305, 39.68162695], [140.98807917, 39.68176472], [140.9878475, 39.68190028], [140.98765778, 39.68202917], [140.98751083, 39.68212222], [140.98738, 39.68222333], [140.98726806, 39.68231084], [140.98716583, 39.68240195], [140.98705389, 39.68253528], [140.98695444, 39.68265861], [140.98690472, 39.6827425], [140.98680139, 39.68291805], [140.98672917, 39.68304278], [140.98661222, 39.68322889], [140.98644389, 39.6835], [140.98623194, 39.68380167], [140.98607778, 39.68398945], [140.98592695, 39.684155], [140.9857675, 39.68430389], [140.98566139, 39.68437361], [140.98554333, 39.6844225], [140.98545416, 39.68444472], [140.98536528, 39.68444361], [140.98527528, 39.68442472], [140.98524278, 39.68441806], [140.98508472, 39.68439361], [140.98487861, 39.68433916], [140.9845925, 39.68426805], [140.98438417, 39.68421694], [140.98412972, 39.68417667], [140.98398055, 39.68413222], [140.98383389, 39.68409444], [140.9836125, 39.68402222], [140.98342694, 39.68394806], [140.983335, 39.68392472], [140.98315805, 39.68389361], [140.98298723, 39.68386806], [140.98276861, 39.68383139], [140.98263944, 39.68381584], [140.9824725, 39.68380444], [140.98226694, 39.68379555], [140.98211917, 39.68377278], [140.981895, 39.68374389], [140.98165944, 39.68370278], [140.98153723, 39.68367389], [140.98137889, 39.68363834], [140.9812175, 39.683585], [140.9811325, 39.68353945], [140.981075, 39.68348278], [140.981055, 39.68341389], [140.98105194, 39.68329611], [140.98106778, 39.68324389], [140.98111666, 39.68316945], [140.98119139, 39.68306833], [140.9812825, 39.68296334], [140.9813875, 39.68286777], [140.98159611, 39.6827], [140.98185111, 39.68249167], [140.98207694, 39.68230166], [140.98213139, 39.68221611], [140.98214444, 39.68215056], [140.98212722, 39.68209834], [140.98207, 39.68206278], [140.98199833, 39.68204612], [140.98192639, 39.68203944], [140.98181556, 39.68205278], [140.98168056, 39.68207722], [140.98152944, 39.68212278], [140.98138, 39.68217167], [140.98124195, 39.68222612], [140.98107556, 39.68229111], [140.98085278, 39.68239889], [140.98058667, 39.68251445], [140.98045723, 39.68256667], [140.980335, 39.6826], [140.98020167, 39.68263277], [140.98004778, 39.68267278], [140.97988389, 39.68271945], [140.97975056, 39.68273083], [140.97963972, 39.68271722], [140.97956194, 39.68266972], [140.97948722, 39.68257278], [140.97936944, 39.68244833], [140.97927361, 39.68232416], [140.97923945, 39.68226083], [140.97923778, 39.68218861], [140.97925639, 39.68212084], [140.97929806, 39.6820675], [140.9793775, 39.68202527], [140.97948806, 39.68197528], [140.979665, 39.68189722], [140.97997139, 39.68175055], [140.98011445, 39.68168445], [140.9802875, 39.68160445], [140.98052473, 39.68149333], [140.98068695, 39.68142445], [140.980755, 39.68141445], [140.98088583, 39.68141777], [140.98099361, 39.68141889], [140.98110445, 39.68139889], [140.98121361, 39.68136222], [140.98129695, 39.68130777], [140.98133722, 39.68124361], [140.98134306, 39.68119556], [140.98133, 39.68113222], [140.98128973, 39.68107334], [140.98120222, 39.68101333], [140.98110722, 39.68097666], [140.98103666, 39.68096778], [140.98097473, 39.68098306], [140.98091722, 39.68101083], [140.98087389, 39.68104639], [140.98082944, 39.68108972], [140.98077333, 39.68111444], [140.98070861, 39.68113639], [140.98058778, 39.68116778], [140.98040388, 39.68121389], [140.98029445, 39.68124194], [140.98023834, 39.68126639], [140.98017806, 39.68130306], [140.98008944, 39.68136194], [140.97996167, 39.68144417], [140.97978889, 39.68155], [140.97955305, 39.68168], [140.97942917, 39.68174444], [140.97930139, 39.68182333], [140.97918777, 39.68185777], [140.97907278, 39.68188666], [140.97892889, 39.68190111], [140.97869306, 39.68190111], [140.97849027, 39.68188778], [140.97834222, 39.68187334], [140.9782975, 39.68186889], [140.97826888, 39.68185222], [140.97826166, 39.68182667], [140.9782775, 39.68177666], [140.97830611, 39.68174667], [140.9783725, 39.68170889], [140.97845139, 39.68167333], [140.97857222, 39.68164444], [140.97872861, 39.68160972], [140.97887667, 39.68157639], [140.97902917, 39.68153194], [140.97928528, 39.68143833], [140.97941916, 39.68137722], [140.97958139, 39.681295], [140.97974695, 39.68119889], [140.97992666, 39.68108555], [140.98012528, 39.68095028], [140.98037055, 39.68078305], [140.98048862, 39.68070528], [140.98056889, 39.68066084], [140.98064389, 39.68062833], [140.98073139, 39.68060305], [140.98084222, 39.68058611], [140.98093862, 39.6805775], [140.98105083, 39.68057084], [140.98118333, 39.68054667], [140.9812825, 39.68051583], [140.98139722, 39.68046805], [140.981505, 39.68040472], [140.98157833, 39.68035333], [140.9816575, 39.68028667], [140.98177695, 39.68017889], [140.98196667, 39.68001473], [140.9820975, 39.67991028], [140.98224834, 39.67980361], [140.98246695, 39.67961361], [140.98259083, 39.67952361], [140.98273028, 39.67940917], [140.98286972, 39.67930472], [140.98296277, 39.67916361], [140.9830075, 39.67909805], [140.9830075, 39.67905583], [140.98322333, 39.67872639], [140.98352195, 39.67827028], [140.98357334, 39.67824194], [140.98364389, 39.67820639], [140.98377916, 39.67812389], [140.98401417, 39.6779725], [140.98426139, 39.67780139], [140.9844125, 39.67769556], [140.9846175, 39.67757166], [140.98468667, 39.67752056], [140.98475, 39.67745833], [140.98484056, 39.67736611], [140.9849425, 39.67727945], [140.98503472, 39.67721195], [140.98510944, 39.67715083], [140.98524056, 39.67703472], [140.98539584, 39.67689139], [140.98549361, 39.6768225], [140.98560583, 39.6767525], [140.98571639, 39.67669361], [140.98583361, 39.67665028], [140.9860175, 39.67655917], [140.98618861, 39.67646805], [140.98630083, 39.67640917], [140.98645167, 39.67630362], [140.98666555, 39.67613806], [140.98678361, 39.6760325], [140.98692583, 39.67588222], [140.98710138, 39.67569806], [140.98720639, 39.67555361], [140.98724527, 39.67548583], [140.98732, 39.67534222], [140.98739334, 39.67523222], [140.98750555, 39.67507916], [140.9876175, 39.67492277], [140.9877325, 39.67478806], [140.98778945, 39.67474028], [140.98784778, 39.67469138], [140.98791806, 39.67461139], [140.98801583, 39.67451583], [140.98816556, 39.6743975], [140.98823028, 39.67434611], [140.98825888, 39.67429861], [140.98831083, 39.67420611], [140.988325, 39.67414167], [140.98834806, 39.67406722], [140.98837695, 39.67399722], [140.98846111, 39.67386556], [140.98864084, 39.6737], [140.98869834, 39.67363223], [140.98873722, 39.6735575], [140.98878917, 39.67335833], [140.988805, 39.67325389], [140.98883944, 39.67313389], [140.98889778, 39.67298361], [140.98895528, 39.67287334], [140.98900139, 39.67280666], [140.9890575, 39.67272778], [140.98914917, 39.67262083], [140.98924111, 39.67252111], [140.98931584, 39.67241], [140.98939056, 39.67228333], [140.98941638, 39.67222889], [140.98943389, 39.67215889], [140.98943222, 39.67207889], [140.98941638, 39.67199667], [140.98937472, 39.67194222], [140.98929722, 39.67192222], [140.98908195, 39.67189862], [140.98885056, 39.67187973], [140.98873111, 39.67187416], [140.98862055, 39.6718775], [140.98840916, 39.67188861], [140.98818777, 39.6718875], [140.98799806, 39.67187639], [140.98777916, 39.6718575], [140.9875525, 39.67183277], [140.98738167, 39.67182277], [140.98728973, 39.67180472], [140.98722194, 39.67177611], [140.98714306, 39.67174056], [140.98700194, 39.67166723], [140.98686389, 39.67161361], [140.98667056, 39.67153916], [140.98640028, 39.67145695], [140.98621916, 39.6714025], [140.98597222, 39.67129528], [140.98567306, 39.67116862], [140.9854775, 39.67108639], [140.98527084, 39.67097472], [140.98507667, 39.67089361], [140.9849875, 39.67083694], [140.98489834, 39.67075917], [140.98481361, 39.67067694], [140.98472556, 39.67059111], [140.98461028, 39.67051777], [140.98451556, 39.67048], [140.98441194, 39.67044111], [140.98430833, 39.67039111], [140.98419472, 39.67031222], [140.98405194, 39.67019945], [140.98391806, 39.67010611], [140.98381611, 39.67000722], [140.98365417, 39.66984195], [140.98355777, 39.66975639], [140.98338417, 39.66959084], [140.98330334, 39.66951583], [140.98321889, 39.66947889], [140.9831325, 39.6694125], [140.98302972, 39.66930778], [140.9830125, 39.66929], [140.98289527, 39.66916583], [140.98282084, 39.66907056], [140.98275695, 39.66900139], [140.98269972, 39.66895333], [140.98266611, 39.66893639], [140.98257555, 39.66888695], [140.98246445, 39.66882139], [140.98232333, 39.66875195], [140.98221584, 39.6686875], [140.98206805, 39.66861806], [140.98199389, 39.66858083], [140.98190833, 39.6685425], [140.98183084, 39.6685175], [140.98167584, 39.66846277], [140.98143917, 39.66842361], [140.98139194, 39.66840888], [140.98120639, 39.66836388], [140.98105916, 39.66833944], [140.98086111, 39.66832528], [140.98073833, 39.66830639], [140.98066555, 39.66829166], [140.98048555, 39.66822972], [140.98036167, 39.66817472], [140.98016111, 39.6681125], [140.98010028, 39.6681025], [140.980015, 39.66808305], [140.97994861, 39.66806334], [140.97985806, 39.66800861], [140.97973111, 39.66794694], [140.97961778, 39.66790472], [140.97929555, 39.6678275], [140.97921027, 39.66781223], [140.97918, 39.66780583], [140.97916306, 39.66779528], [140.9791675, 39.66778305], [140.979315, 39.667715], [140.97934778, 39.66769472], [140.97937973, 39.6676375], [140.9793875, 39.66761389], [140.97938555, 39.66758139], [140.979375, 39.66756083], [140.97931722, 39.66751694], [140.97923083, 39.66747722], [140.97916306, 39.66743583], [140.97907972, 39.66735222], [140.97900472, 39.6672525], [140.9789025, 39.66713778], [140.97883695, 39.667065], [140.97878584, 39.66702333], [140.9786725, 39.66695166], [140.97851194, 39.66686639], [140.97829806, 39.66676306], [140.97810777, 39.66668583], [140.97763667, 39.66657278], [140.97746861, 39.666515], [140.97718195, 39.66642084], [140.97688083, 39.66630611], [140.97677639, 39.66626611], [140.97667056, 39.6662325], [140.97659027, 39.66621278], [140.97640833, 39.6662075], [140.9762475, 39.66620805], [140.97611917, 39.66622055], [140.97596056, 39.66623167], [140.97560389, 39.66627361], [140.97513223, 39.66636388], [140.97503916, 39.66638667], [140.974875, 39.66644334], [140.97453222, 39.66658694], [140.97445306, 39.6666075], [140.97439639, 39.66660944], [140.97436, 39.66660305], [140.97432472, 39.66658083], [140.97431111, 39.66653916], [140.97431223, 39.666485], [140.97436416, 39.66631667], [140.97436278, 39.66620611], [140.97433639, 39.66611667], [140.97433444, 39.6661075], [140.97432889, 39.66608278], [140.97432945, 39.66599167], [140.97433473, 39.66593583], [140.97436556, 39.66582945], [140.97437389, 39.66579416], [140.97437278, 39.66571889], [140.97435139, 39.66568445], [140.97432472, 39.66565889], [140.97426362, 39.66562666], [140.9741175, 39.66557083], [140.97405028, 39.66555916], [140.97396223, 39.66554666], [140.973815, 39.66554555], [140.97377, 39.66555139], [140.97370638, 39.66556694], [140.97365722, 39.66559028], [140.97361584, 39.66560694], [140.97355806, 39.66563889], [140.97350695, 39.66567778], [140.97343667, 39.66572861], [140.97329222, 39.66581417], [140.97321889, 39.66586917], [140.97315778, 39.66592945], [140.97311361, 39.66594778], [140.97303666, 39.66595416], [140.97296083, 39.66590278], [140.9728575, 39.66590167], [140.97277528, 39.66592639], [140.97249361, 39.66603694], [140.97233667, 39.66606416], [140.97230639, 39.66607389], [140.97227389, 39.66608945], [140.972235, 39.66611972], [140.97220445, 39.66616361], [140.97215473, 39.66626639], [140.97212889, 39.66630166], [140.97209139, 39.66632889], [140.97205972, 39.66634111], [140.97196695, 39.66635583], [140.97190306, 39.66634722], [140.9717575, 39.66629722], [140.97169695, 39.6662675], [140.97156889, 39.66619389], [140.97143306, 39.66610194], [140.97132695, 39.66602083], [140.97120973, 39.66592112], [140.97114861, 39.66585195], [140.97109778, 39.66577333], [140.97109778, 39.6656775], [140.97117055, 39.66549723], [140.97116277, 39.66544278], [140.97115056, 39.66542333], [140.97104639, 39.66534556], [140.9709075, 39.66524944], [140.97087278, 39.66523611], [140.97081444, 39.66523611], [140.97066389, 39.66527139], [140.970585, 39.66528472], [140.97024083, 39.66530055], [140.97001055, 39.66524472], [140.96993611, 39.66523556], [140.96982055, 39.66523], [140.96966084, 39.66522778], [140.96943361, 39.66515917], [140.96937139, 39.66512556], [140.96931083, 39.66507528], [140.96926389, 39.66504111], [140.96918806, 39.66503972], [140.96914472, 39.66505944], [140.96908834, 39.66509361], [140.96903833, 39.66513527], [140.96886695, 39.66524195], [140.96863362, 39.66539417], [140.96853306, 39.66545139], [140.9684225, 39.66549444], [140.96818611, 39.66555805], [140.96798056, 39.665605], [140.96784055, 39.66564333], [140.9677025, 39.66568139], [140.96743861, 39.66575444], [140.96696417, 39.6658125], [140.9665875, 39.66581584], [140.96638111, 39.66580417], [140.96598889, 39.6657675], [140.96573944, 39.66578333], [140.96546472, 39.66579278], [140.96532861, 39.66578583], [140.96503528, 39.66580138], [140.96460584, 39.66584083], [140.96435694, 39.66586639], [140.96410556, 39.6658825], [140.96380473, 39.665905], [140.96355861, 39.6659075], [140.96344277, 39.66591833], [140.96324139, 39.66595333], [140.96295944, 39.66598194], [140.96284528, 39.66598666], [140.96257694, 39.6659825], [140.96233861, 39.66595888], [140.96211389, 39.66591667], [140.96178056, 39.66583889], [140.96147305, 39.66575277], [140.96153056, 39.6655925], [140.96157861, 39.66545778], [140.96208056, 39.66545778], [140.96221139, 39.66543528], [140.96226972, 39.66542389], [140.96266, 39.66542111], [140.96281556, 39.66542973], [140.96297584, 39.66545223], [140.96363083, 39.66546916], [140.96433695, 39.66544666], [140.96464834, 39.66540639], [140.96504222, 39.66530945], [140.96525361, 39.66527194], [140.96534194, 39.66526389], [140.96541916, 39.665255], [140.96577027, 39.66523806], [140.96585222, 39.6652275], [140.96602528, 39.66521], [140.96628723, 39.665165], [140.96650555, 39.66509167], [140.96664389, 39.66508056], [140.96676555, 39.66508972], [140.96680889, 39.66507917], [140.9668575, 39.66504111], [140.96697139, 39.66489472], [140.96699805, 39.66486472], [140.9671025, 39.66478195], [140.96723334, 39.66471445], [140.96743722, 39.66465805], [140.96759, 39.66463], [140.96769167, 39.66460722], [140.96781527, 39.66460167], [140.96816473, 39.66456222], [140.96824361, 39.66455056], [140.96843417, 39.66453417], [140.96858695, 39.66451167], [140.96905278, 39.66450028], [140.96916195, 39.66447778], [140.96947472, 39.66433694], [140.96953333, 39.66431583], [140.969795, 39.66430889], [140.96996972, 39.66429194], [140.97005722, 39.66428639], [140.97030472, 39.66425806], [140.9706175, 39.66424139], [140.97101028, 39.66420778], [140.97154166, 39.66420778], [140.97170917, 39.66417972], [140.97186916, 39.66413444], [140.97202944, 39.66412889], [140.97214388, 39.66415111], [140.97255333, 39.66423028], [140.97264084, 39.66426417], [140.97277889, 39.66429778], [140.97306277, 39.66438805], [140.9734775, 39.66450639], [140.97365222, 39.66454], [140.97385583, 39.66454555], [140.97406694, 39.66452305], [140.97419806, 39.66448945], [140.97423417, 39.66446639], [140.97425056, 39.66443722], [140.97425638, 39.66440362], [140.97426583, 39.66437611], [140.97428917, 39.66435027], [140.97441639, 39.66426417], [140.97462028, 39.66416278], [140.97474389, 39.66412889], [140.97526055, 39.66403306], [140.97530611, 39.66400833], [140.97533611, 39.6639825], [140.975375, 39.66394139], [140.9754875, 39.66379973], [140.97558083, 39.66372334], [140.97570473, 39.66368389], [140.97574833, 39.66367834], [140.97598861, 39.66366139], [140.97650722, 39.6636975], [140.97666499, 39.66371222], [140.97675972, 39.66372889], [140.9769125, 39.66377972], [140.97695639, 39.66379084], [140.97713083, 39.66386416], [140.97737111, 39.66390361], [140.97752527, 39.66391194], [140.97807611, 39.66390666], [140.97819361, 39.66390361], [140.97830778, 39.66388944], [140.97840472, 39.66386972], [140.97851417, 39.66383834], [140.97861861, 39.6638], [140.9787125, 39.66373611], [140.97877695, 39.66367417], [140.97885666, 39.66358444], [140.97891416, 39.66352639], [140.97900139, 39.6634925], [140.979155, 39.66347638], [140.97959805, 39.66347], [140.97970722, 39.66345861], [140.97985278, 39.663425], [140.97997473, 39.66337417], [140.98003806, 39.66332], [140.98024583, 39.66313195], [140.98036723, 39.6630175], [140.98038722, 39.66299222], [140.9803925, 39.66291916], [140.98045222, 39.66286888], [140.98056084, 39.66282], [140.98063889, 39.6627775], [140.98069972, 39.66273833], [140.9807825, 39.66267166], [140.98085417, 39.66257638], [140.98092305, 39.66252167], [140.98102666, 39.66248361], [140.98112361, 39.66245833], [140.98120695, 39.66242639], [140.98128472, 39.66238333], [140.98133861, 39.66232889], [140.98135278, 39.66228417], [140.98134834, 39.66219833], [140.98138361, 39.66221556], [140.98146944, 39.66231083], [140.98147722, 39.66233612], [140.98147528, 39.66236555], [140.98145944, 39.66239333], [140.98141056, 39.66244806], [140.9813325, 39.66250028], [140.98110777, 39.66260055], [140.98099583, 39.66268861], [140.98095472, 39.66272027], [140.98092806, 39.66276556], [140.98090445, 39.66282194], [140.98087167, 39.66287389], [140.98083, 39.66290639], [140.98079722, 39.66293166], [140.98071917, 39.66295611], [140.98069722, 39.66297556], [140.98063167, 39.66306445], [140.98055389, 39.66316389], [140.98056611, 39.66332361], [140.98066083, 39.66356], [140.98074084, 39.66367834], [140.98085, 39.66380778], [140.98093722, 39.66388111], [140.98119944, 39.66403306], [140.98136472, 39.66413806], [140.98143583, 39.66419056], [140.98145667, 39.66422472], [140.981465, 39.66426916], [140.98146666, 39.66433195], [140.98145416, 39.66444417], [140.98143972, 39.66453972], [140.98143944, 39.66468639], [140.98146139, 39.66483861], [140.98152694, 39.664985], [140.98165056, 39.66512028], [140.98178139, 39.66522723], [140.98186584, 39.66530083], [140.9819175, 39.66535583], [140.98195916, 39.665405], [140.98198028, 39.66545111], [140.98199611, 39.66551694], [140.98199611, 39.66556945], [140.98198778, 39.66559777], [140.98191583, 39.66579639], [140.98189583, 39.66586778], [140.9819, 39.66589862], [140.98194139, 39.66590862], [140.98209416, 39.66589167], [140.98233444, 39.66584667], [140.98261834, 39.66579028], [140.982765, 39.6657875], [140.98285139, 39.66582417], [140.98290944, 39.66584111], [140.98295333, 39.66584805], [140.98309139, 39.66584111], [140.98325888, 39.66581278], [140.98358278, 39.66580806], [140.98379556, 39.66583277], [140.98393944, 39.6658475], [140.98421223, 39.66590528], [140.98433583, 39.66594805], [140.98448861, 39.66598194], [140.98455278, 39.6659875], [140.98465611, 39.66597583], [140.98485334, 39.66589917], [140.98491111, 39.66588528], [140.98498278, 39.66588695], [140.98504167, 39.6658975], [140.98510334, 39.665905], [140.98524611, 39.66589917], [140.98534861, 39.66586888], [140.98559889, 39.6657475], [140.98565, 39.66571862], [140.98570611, 39.66567333], [140.98598083, 39.66545806], [140.98633722, 39.66526083], [140.98637361, 39.66525528], [140.98652667, 39.66520473], [140.98674472, 39.66516639], [140.98695056, 39.66516222], [140.98707389, 39.66517862], [140.98745055, 39.66524973], [140.98786555, 39.66524973], [140.98825111, 39.66523], [140.98826055, 39.66522944], [140.98857167, 39.66523278], [140.98884083, 39.66526083], [140.9892775, 39.66535666], [140.98948861, 39.66543556], [140.9896375, 39.66551889], [140.98975945, 39.66557889], [140.98993972, 39.66570028], [140.99039083, 39.66606639], [140.99054917, 39.666225], [140.99063833, 39.66632556], [140.99072556, 39.66646611], [140.99081305, 39.66665222], [140.990915, 39.66680417], [140.99113333, 39.66697889], [140.99125445, 39.66707555], [140.99130417, 39.66713333], [140.99136612, 39.66723222], [140.99142583, 39.66735111], [140.99152611, 39.66750084], [140.99159, 39.66758639], [140.99164389, 39.66764639], [140.9916975, 39.66769917], [140.99182445, 39.66778944], [140.99188278, 39.66781778], [140.99200722, 39.66786917], [140.99212277, 39.66790223], [140.992465, 39.66795278], [140.99261, 39.66796556], [140.99271389, 39.667965], [140.99278195, 39.66795416], [140.99281111, 39.66793889], [140.99281612, 39.66791278], [140.99281028, 39.66787472], [140.99277222, 39.66775834], [140.99269778, 39.6674575], [140.99265778, 39.66732389], [140.99261861, 39.667225], [140.99252306, 39.667035], [140.99241166, 39.6668775], [140.99236695, 39.66682555], [140.99229584, 39.66676333], [140.9921725, 39.66666805], [140.99210833, 39.66661833], [140.99205527, 39.66654139], [140.99204722, 39.66649389], [140.99204277, 39.66637056], [140.99202139, 39.66618472], [140.99203584, 39.66609444], [140.99209416, 39.66604389], [140.99218138, 39.66604389], [140.99223195, 39.66608889], [140.99228028, 39.66616695], [140.99237028, 39.66637056], [140.99242139, 39.66642111], [140.99257417, 39.66651139], [140.99267611, 39.66655639], [140.99284334, 39.66655639], [140.99288222, 39.66654278], [140.99290528, 39.66651777], [140.99294528, 39.66646056], [140.99298694, 39.66642973], [140.99303444, 39.66640834], [140.99307139, 39.6664025], [140.99310278, 39.6663925], [140.9931475, 39.66637584], [140.99325111, 39.66631972], [140.99327305, 39.66630556], [140.99329472, 39.66629166], [140.99344278, 39.66617361], [140.99350583, 39.66609444], [140.9935825, 39.66597583], [140.99364555, 39.66585611], [140.99367167, 39.66576222], [140.99368889, 39.66570028], [140.99370723, 39.66560278], [140.99370667, 39.66548306], [140.99368556, 39.66521028], [140.99367916, 39.66503], [140.99368889, 39.66492945], [140.99369944, 39.66487917], [140.99372861, 39.66482972], [140.99376972, 39.66479666], [140.99386417, 39.66475222], [140.9939375, 39.66471111], [140.99396583, 39.66467556], [140.99399028, 39.66463027], [140.99403584, 39.66451111], [140.99411722, 39.66436584], [140.99416806, 39.66433195], [140.99424083, 39.664315], [140.99435, 39.66432055], [140.99440112, 39.66433195], [140.99455389, 39.66433195], [140.99458667, 39.66431694], [140.99461583, 39.66427417], [140.99464889, 39.6642], [140.99466333, 39.66417583], [140.99470222, 39.66413806], [140.99476417, 39.66407611], [140.99480611, 39.664025], [140.99482833, 39.66398861], [140.99483305, 39.66395111], [140.99483222, 39.663905], [140.99481833, 39.66387084], [140.99478417, 39.6637925], [140.99464499, 39.66352973], [140.99445917, 39.66321333], [140.99439722, 39.66311056], [140.99437027, 39.66305055], [140.99426, 39.66274528], [140.99424805, 39.6627025], [140.99419695, 39.66259389], [140.99412945, 39.66250778], [140.99403361, 39.66237167], [140.99398028, 39.66227972], [140.99393778, 39.66218639], [140.99388278, 39.66201167], [140.99384833, 39.66190222], [140.99379723, 39.66179777], [140.99374889, 39.66171666], [140.99369028, 39.66164], [140.9936025, 39.6615475], [140.99356111, 39.66148834], [140.99353694, 39.66143111], [140.99352362, 39.66136639], [140.99353084, 39.66130389], [140.99354472, 39.66124084], [140.99359945, 39.6610625], [140.99364472, 39.66092389], [140.99372111, 39.6607725], [140.99398777, 39.660355], [140.99410472, 39.66020222], [140.99429916, 39.65993167], [140.99450333, 39.65972528], [140.99474361, 39.65963472], [140.99476083, 39.65960139], [140.99477556, 39.65956333], [140.99477638, 39.65954417], [140.99477112, 39.65941222], [140.99477722, 39.65939361], [140.99479972, 39.65936111], [140.99483111, 39.6593275], [140.99485167, 39.65931195], [140.99490722, 39.65928584], [140.99507361, 39.65923667], [140.9950925, 39.65922222], [140.99509167, 39.6592], [140.99506917, 39.65917278], [140.9950375, 39.65914667], [140.99498583, 39.659095], [140.99491389, 39.65903528], [140.99483584, 39.65898138], [140.99477638, 39.65894722], [140.99472612, 39.65891945], [140.99466361, 39.65888917], [140.99458528, 39.65886139], [140.99452028, 39.65884222], [140.99443389, 39.65882584], [140.99419972, 39.658785], [140.99405417, 39.65875555], [140.99391222, 39.65873472], [140.9938, 39.65871055], [140.99380084, 39.65860416], [140.99381167, 39.65849195], [140.99410916, 39.65852333], [140.99440389, 39.65852694], [140.99445944, 39.65852], [140.9946125, 39.65848638], [140.99465611, 39.65848638], [140.99480889, 39.6584525], [140.99496166, 39.65844695], [140.99519472, 39.65846388], [140.99547861, 39.65850888], [140.99562416, 39.65854833], [140.99580973, 39.65862028], [140.99590889, 39.65867278], [140.99605361, 39.65876639], [140.99638806, 39.65899334], [140.99644278, 39.65902834], [140.99649722, 39.65907445], [140.99655555, 39.65916777], [140.99665, 39.65931417], [140.99666472, 39.6593875], [140.99662833, 39.65956194], [140.99659917, 39.65960723], [140.99649722, 39.65965584], [140.99633667, 39.65977723], [140.99624333, 39.65983889], [140.99618334, 39.65986278], [140.996015, 39.65994195], [140.99589583, 39.65999278], [140.99579667, 39.660025], [140.99576361, 39.66004139], [140.99571416, 39.66007194], [140.99567889, 39.66010861], [140.99565278, 39.66014416], [140.99563722, 39.66017862], [140.99562278, 39.66021028], [140.99559778, 39.66024249], [140.99554472, 39.66028749], [140.99538361, 39.66041222], [140.99533333, 39.66056667], [140.99533333, 39.66073555], [140.99539611, 39.66089556], [140.99547, 39.6610375], [140.99572278, 39.66142084], [140.99581305, 39.66154083], [140.9960075, 39.66185611], [140.99608222, 39.6620625], [140.99609639, 39.662135], [140.99610417, 39.66228278], [140.99609472, 39.66235583], [140.996075, 39.66242861], [140.99600334, 39.66262], [140.99600028, 39.66275139], [140.996035, 39.66283444], [140.99620611, 39.66315472], [140.99628639, 39.66334556], [140.99632083, 39.66340639], [140.99640945, 39.66352138], [140.99649694, 39.66362944], [140.99666444, 39.66375195], [140.99683916, 39.66393778], [140.99687556, 39.66403333], [140.99689722, 39.66425305], [140.99694083, 39.66428695], [140.99699194, 39.6642925], [140.99702111, 39.66426445], [140.99706472, 39.66414611], [140.99711555, 39.66408972], [140.99719584, 39.66408417], [140.99723222, 39.66411222], [140.99719584, 39.66418], [140.99718111, 39.6643375], [140.99713028, 39.66442777], [140.9970575, 39.66447834], [140.99682445, 39.66459111], [140.99673722, 39.66467001], [140.99668611, 39.66474306], [140.99655889, 39.66497334], [140.99649694, 39.66497222], [140.99627194, 39.66509278], [140.99621916, 39.66510694], [140.99609138, 39.66513055], [140.99602083, 39.66515167], [140.99596556, 39.66517111], [140.99592083, 39.66520611], [140.99590055, 39.66524612], [140.99590695, 39.66530667], [140.99592778, 39.6653225], [140.99596556, 39.66535139], [140.99605722, 39.66536833], [140.99614611, 39.66536278], [140.99625416, 39.66534583], [140.99649694, 39.66528], [140.99661694, 39.66533028], [140.99696278, 39.66536833], [140.99712284924766, 39.665427531730714], [141.001263, 39.662882], [141.008627, 39.662155], [141.012047, 39.658509], [141.013704, 39.65148], [141.018804, 39.648715], [141.031338, 39.650851], [141.040562, 39.656309], [141.049994, 39.654111], [141.046949, 39.646564], [141.05496, 39.642097], [141.044231, 39.63639], [141.044558, 39.630477], [141.050701, 39.62882], [141.056606, 39.621964], [141.05331, 39.617753], [141.047609, 39.615448], [141.054179, 39.608367], [141.058967, 39.599643], [141.062136, 39.598413], [141.059791, 39.587277], [141.051392, 39.590932], [141.045803, 39.589237], [141.041606, 39.591379], [141.036982, 39.583499], [141.038869, 39.579555], [141.034447, 39.576605], [141.018955, 39.573754], [141.013664, 39.571602], [141.000336, 39.576535], [140.992847, 39.573878], [140.987838, 39.5785], [140.970635, 39.579766], [140.964656, 39.56826], [140.963547, 39.561696], [140.965634, 39.555434], [140.963556, 39.55181], [140.972323, 39.54635], [140.964383, 39.541304], [140.955693, 39.531793], [140.946448, 39.532358], [140.943286, 39.535148], [140.927268, 39.538603], [140.926172, 39.542058], [140.920202, 39.543337], [140.910484, 39.540152], [140.903841, 39.536602], [140.900481, 39.532756], [140.892503, 39.533323], [140.883068, 39.517717], [140.873894, 39.527255], [140.869717, 39.528745], [140.871141, 39.532605], [140.876884, 39.536109], [140.875773, 39.541802], [140.871139, 39.547269], [140.865873, 39.558104], [140.860034, 39.562193], [140.854736, 39.571244], [140.859617, 39.576363], [140.854813, 39.581648], [140.837321, 39.594177], [140.828045, 39.593293], [140.817701, 39.5896], [140.806708, 39.5907], [140.795313, 39.602993], [140.805014, 39.612813], [140.802572, 39.618848], [140.808388, 39.624263], [140.807007, 39.631338], [140.81172, 39.6367], [140.815347, 39.646117], [140.822261, 39.650304], [140.820215, 39.652763], [140.822981, 39.665452], [140.821906, 39.673101], [140.818409, 39.680099], [140.822589, 39.68788], [140.815715, 39.690969], [140.809891, 39.698444], [140.809904, 39.708023], [140.805303, 39.710795], [140.794461, 39.709596], [140.791924, 39.715528], [140.783472, 39.725452], [140.781947, 39.731302], [140.774822, 39.734553], [140.780816, 39.737986], [140.788281, 39.73824], [140.797523, 39.741177], [140.806067, 39.747607], [140.80533, 39.756645], [140.815765, 39.762531], [140.819529, 39.771854], [140.825576, 39.774327], [140.834632, 39.780885], [140.840038, 39.788507], [140.848271, 39.793251], [140.847202, 39.798261], [140.841647, 39.804921], [140.824607, 39.81007], [140.822519, 39.814776], [140.813087, 39.817846], [140.803394, 39.81527], [140.794374, 39.821256], [140.786766, 39.823352], [140.783018, 39.831239], [140.786174, 39.835159], [140.788591, 39.852337], [140.783935, 39.856466], [140.782236, 39.867849], [140.788094, 39.874199], [140.791325, 39.874275], [140.799514, 39.881679], [140.806592, 39.879452], [140.813978, 39.879096], [140.828514, 39.884804], [140.843089, 39.871476], [140.852924, 39.865787], [140.857338, 39.869605], [140.863345, 39.871387], [140.87015, 39.871008], [140.877884, 39.874291], [140.883505, 39.869744], [140.883611, 39.866884], [140.888434, 39.863124], [140.887798, 39.860521], [140.897246, 39.850633], [140.899344, 39.846577], [140.911708, 39.845974], [140.917902, 39.84692], [140.924413, 39.842064], [140.929698, 39.84221], [140.939541, 39.839922], [140.944893, 39.841999], [140.955486, 39.850107], [140.966911, 39.851742], [140.973393, 39.845462], [140.984023, 39.842368], [140.996987, 39.845567], [141.000401, 39.843391], [141.001443, 39.836563], [141.005571, 39.829307], [141.009544, 39.826287], [141.008439, 39.818267], [141.004365, 39.812428], [141.004022, 39.796396], [141.002564, 39.788659], [141.003385, 39.775779], [141.00835, 39.775349], [141.021537, 39.764989], [141.019895, 39.756569], [141.020723, 39.749112], [141.016664, 39.744285], [141.013862, 39.736661], [141.017154, 39.729565], [141.015872, 39.718145], [141.021402, 39.71435], [141.020849, 39.70849], [141.023582, 39.705092], [141.03651, 39.705554], [141.036422, 39.702328], [141.029852, 39.701811], [141.013659, 39.692255]]], [[[140.99991472278356, 39.66838178849533], [140.9999175, 39.66838694], [140.99996834, 39.66843194], [141.00002667, 39.66844889], [141.00006817456912, 39.668459580481105], [140.99991472278356, 39.66838178849533]]]]}, "properties": {"N03_001": "岩手県", "N03_002": null, "N03_003": "岩手郡", "N03_004": "雫石町", "N03_005": null, "N03_007": "03301"}}, {"type": "Feature", "geometry": {"type": "Polygon", "coordinates": [[[141.48418, 39.88278], [141.479156, 39.875286], [141.469813, 39.874314], [141.463888, 39.876026], [141.458775, 39.880384], [141.44247, 39.884056], [141.434247, 39.881435], [141.425844, 39.882327], [141.410526, 39.889354], [141.402487, 39.889808], [141.40618, 39.89668], [141.399808, 39.897329], [141.40027, 39.905583], [141.403206, 39.91479], [141.397245, 39.918416], [141.396372, 39.921871], [141.388579, 39.925584], [141.384001, 39.932353], [141.384912, 39.935677], [141.37973, 39.938564], [141.372992, 39.946543], [141.37911, 39.954876], [141.377425, 39.957304], [141.380533, 39.961871], [141.37654, 39.970633], [141.354636, 39.972507], [141.348479, 39.971702], [141.337495, 39.973115], [141.336451, 39.977073], [141.324099, 39.982423], [141.313178, 39.985706], [141.306476, 39.988991], [141.303013, 39.999207], [141.307173, 40.00247], [141.304838, 40.00587], [141.305499, 40.010672], [141.295611, 40.01813], [141.295663, 40.026713], [141.28727, 40.031169], [141.295908, 40.035245], [141.298758, 40.040865], [141.289186, 40.049641], [141.28975, 40.05969], [141.296824, 40.059852], [141.298832, 40.056871], [141.305393, 40.056117], [141.312612, 40.052135], [141.321866, 40.057126], [141.329609, 40.058845], [141.333522, 40.055597], [141.340393, 40.055609], [141.344854, 40.062029], [141.348948, 40.060755], [141.364433, 40.067946], [141.365111, 40.070858], [141.352381, 40.077113], [141.352047, 40.081391], [141.347689, 40.08515], [141.345619, 40.090505], [141.341051, 40.091926], [141.340233, 40.104441], [141.336135, 40.111575], [141.338532, 40.117442], [141.345821, 40.129189], [141.341412, 40.130976], [141.335294, 40.12756], [141.328876, 40.134942], [141.331697, 40.138911], [141.345487, 40.14593], [141.355611, 40.143408], [141.36585, 40.15188], [141.373449, 40.150323], [141.385259, 40.153605], [141.397302, 40.151152], [141.395383, 40.147631], [141.388617, 40.143481], [141.384865, 40.135831], [141.400566, 40.128764], [141.407391, 40.122654], [141.410903, 40.114777], [141.411021, 40.110154], [141.415045, 40.106585], [141.426921, 40.108775], [141.428409, 40.104316], [141.437109, 40.104695], [141.440366, 40.1031], [141.449574, 40.10729], [141.451042, 40.110923], [141.462139, 40.116879], [141.465372, 40.108703], [141.469316, 40.105703], [141.476053, 40.106226], [141.483743, 40.102572], [141.483076, 40.096865], [141.485965, 40.093045], [141.486475, 40.08725], [141.490266, 40.08693], [141.496449, 40.082811], [141.498024, 40.077917], [141.502215, 40.07761], [141.515521, 40.08131], [141.519864, 40.076163], [141.525172, 40.074255], [141.526219, 40.068781], [141.525144, 40.056275], [141.532555, 40.046558], [141.52792, 40.04044], [141.532548, 40.031543], [141.538047, 40.030608], [141.545742, 40.025563], [141.549367, 40.019367], [141.548986, 40.014436], [141.557282, 40.004581], [141.561943, 40.002779], [141.567541, 39.99685], [141.571797, 39.986804], [141.578738, 39.980886], [141.578891, 39.977225], [141.583527, 39.971512], [141.585064, 39.960546], [141.589547, 39.956126], [141.584574, 39.953946], [141.581327, 39.948101], [141.581123, 39.940511], [141.559383, 39.928572], [141.558954, 39.92362], [141.564051, 39.915783], [141.558372, 39.908629], [141.549959, 39.902916], [141.543954, 39.905526], [141.529275, 39.908233], [141.526523, 39.910512], [141.513884, 39.910004], [141.510416, 39.906537], [141.503114, 39.903213], [141.499147, 39.905327], [141.490032, 39.904047], [141.48543, 39.900308], [141.481963, 39.892096], [141.487497, 39.884383], [141.48418, 39.88278]]]}, "properties": {"N03_001": "岩手県", "N03_002": null, "N03_003": "岩手郡", "N03_004": "葛巻町", "N03_005": null, "N03_007": "03302"}}, {"type": "Feature", "geometry": {"type": "Polygon", "coordinates": [[[141.434247, 39.881435], [141.434216, 39.877546], [141.430974, 39.863738], [141.432552, 39.856581], [141.427549, 39.850173], [141.423166, 39.848038], [141.420175, 39.850747], [141.41253, 39.853585], [141.403443, 39.84961], [141.394626, 39.849024], [141.388987, 39.847267], [141.377512, 39.849688], [141.371703, 39.852031], [141.361767, 39.852337], [141.358099, 39.848135], [141.340551, 39.847797], [141.335456, 39.849028], [141.331517, 39.840836], [141.324751, 39.83509], [141.316485, 39.834105], [141.30927, 39.837005], [141.309779, 39.842855], [141.303456, 39.846275], [141.295413, 39.845473], [141.292972, 39.841849], [141.288107, 39.84127], [141.286323, 39.84826], [141.286974, 39.852934], [141.295255, 39.858961], [141.277899, 39.86774], [141.275396, 39.893052], [141.268471, 39.895707], [141.269227, 39.902332], [141.261821, 39.904558], [141.254053, 39.903532], [141.251135, 39.901495], [141.245734, 39.90367], [141.236823, 39.903191], [141.23331, 39.901293], [141.228401, 39.906423], [141.224881, 39.906361], [141.218314, 39.9014], [141.215926, 39.905584], [141.205963, 39.908196], [141.198893, 39.907785], [141.195993, 39.913048], [141.191194, 39.917228], [141.188306, 39.925595], [141.164725, 39.930176], [141.155851, 39.926813], [141.151759, 39.930402], [141.1412, 39.943462], [141.128421, 39.949975], [141.128231, 39.953573], [141.132385, 39.958365], [141.148665, 39.966738], [141.146968, 39.973269], [141.140811, 39.975925], [141.140181, 39.979255], [141.128793, 39.995135], [141.13054, 40.001017], [141.126867, 40.01046], [141.127887, 40.015785], [141.122627, 40.024988], [141.126485, 40.038817], [141.130988, 40.039668], [141.136033, 40.044808], [141.146152, 40.048778], [141.14941, 40.051605], [141.147829, 40.062298], [141.152383, 40.066966], [141.150127, 40.071094], [141.154857, 40.072749], [141.158876, 40.080687], [141.171149, 40.07543], [141.179313, 40.067119], [141.189242, 40.060548], [141.201639, 40.05842], [141.206134, 40.059292], [141.223546, 40.057947], [141.227917, 40.059603], [141.23625, 40.054141], [141.243558, 40.054005], [141.246628, 40.045763], [141.251963, 40.041884], [141.261948, 40.043934], [141.277214, 40.041755], [141.28727, 40.031169], [141.295663, 40.026713], [141.295611, 40.01813], [141.305499, 40.010672], [141.304838, 40.00587], [141.307173, 40.00247], [141.303013, 39.999207], [141.306476, 39.988991], [141.313178, 39.985706], [141.324099, 39.982423], [141.336451, 39.977073], [141.337495, 39.973115], [141.348479, 39.971702], [141.354636, 39.972507], [141.37654, 39.970633], [141.380533, 39.961871], [141.377425, 39.957304], [141.37911, 39.954876], [141.372992, 39.946543], [141.37973, 39.938564], [141.384912, 39.935677], [141.384001, 39.932353], [141.388579, 39.925584], [141.396372, 39.921871], [141.397245, 39.918416], [141.403206, 39.91479], [141.40027, 39.905583], [141.399808, 39.897329], [141.40618, 39.89668], [141.402487, 39.889808], [141.410526, 39.889354], [141.425844, 39.882327], [141.434247, 39.881435]]]}, "properties": {"N03_001": "岩手県", "N03_002": null, "N03_003": "岩手郡", "N03_004": "岩手町", "N03_005": null, "N03_007": "03303"}}, {"type": "Feature", "geometry": {"type": "Polygon", "coordinates": [[[141.19717, 39.597212], [141.203601, 39.601227], [141.22495, 39.60615], [141.231499, 39.605749], [141.239837, 39.602953], [141.2433, 39.598686], [141.24926, 39.595905], [141.25167, 39.591189], [141.270028, 39.58144], [141.273073, 39.586374], [141.279933, 39.591766], [141.277934, 39.595826], [141.278145, 39.603608], [141.283987, 39.607652], [141.289175, 39.604714], [141.293503, 39.595632], [141.298429, 39.591707], [141.298173, 39.588667], [141.305288, 39.586268], [141.309291, 39.579546], [141.305052, 39.572186], [141.294864, 39.567245], [141.298117, 39.560139], [141.291026, 39.558406], [141.285616, 39.548075], [141.287719, 39.535683], [141.290182, 39.532679], [141.284454, 39.524593], [141.284933, 39.518945], [141.291504, 39.515581], [141.2957, 39.509242], [141.287521, 39.503579], [141.287202, 39.493579], [141.283201, 39.491284], [141.282392, 39.485528], [141.277747, 39.483365], [141.271682, 39.484514], [141.264698, 39.483405], [141.259867, 39.49042], [141.248558, 39.486687], [141.243478, 39.487727], [141.23363, 39.487376], [141.231318, 39.485653], [141.220325, 39.488149], [141.218097, 39.490708], [141.212397, 39.490176], [141.205289, 39.493284], [141.196395, 39.498934], [141.179913, 39.504737], [141.1677, 39.505863], [141.169421, 39.509477], [141.156491, 39.508365], [141.14663, 39.510725], [141.136019, 39.511091], [141.117981, 39.508714], [141.110182, 39.506289], [141.102834, 39.508272], [141.094601, 39.514828], [141.083249, 39.513973], [141.081841, 39.523634], [141.073782, 39.527354], [141.068314, 39.522458], [141.06002, 39.524905], [141.055212, 39.527896], [141.04576, 39.527286], [141.040168, 39.525529], [141.032576, 39.527709], [141.026469, 39.524527], [141.023418, 39.526456], [141.016894, 39.526117], [141.011291, 39.529399], [141.006121, 39.537199], [140.994331, 39.539974], [140.989772, 39.539301], [140.987878, 39.543462], [140.978735, 39.542228], [140.972323, 39.54635], [140.963556, 39.55181], [140.965634, 39.555434], [140.963547, 39.561696], [140.964656, 39.56826], [140.970635, 39.579766], [140.987838, 39.5785], [140.992847, 39.573878], [141.000336, 39.576535], [141.013664, 39.571602], [141.018955, 39.573754], [141.034447, 39.576605], [141.038869, 39.579555], [141.036982, 39.583499], [141.041606, 39.591379], [141.045803, 39.589237], [141.051392, 39.590932], [141.059791, 39.587277], [141.062136, 39.598413], [141.065992, 39.598091], [141.072379, 39.60289], [141.080939, 39.595589], [141.093272, 39.595142], [141.092113, 39.590304], [141.097727, 39.584607], [141.10054, 39.579571], [141.111943, 39.579823], [141.116817, 39.584767], [141.117285, 39.58781], [141.124962, 39.586452], [141.127565, 39.577882], [141.13382, 39.57808], [141.135125, 39.572832], [141.140515, 39.572764], [141.145273, 39.583431], [141.150055, 39.582391], [141.154705, 39.584383], [141.16711, 39.578889], [141.173791, 39.578671], [141.17494, 39.582208], [141.179791, 39.582682], [141.195724, 39.590591], [141.19717, 39.597212]]]}, "properties": {"N03_001": "岩手県", "N03_002": null, "N03_003": "紫波郡", "N03_004": "紫波町", "N03_005": null, "N03_007": "03321"}}, {"type": "Feature", "geometry": {"type": "Polygon", "coordinates": [[[141.05496, 39.642097], [141.062453, 39.640147], [141.06444, 39.635655], [141.074495, 39.634461], [141.078019, 39.63665], [141.085566, 39.635067], [141.101196, 39.634132], [141.107389, 39.637046], [141.108288, 39.640893], [141.115426, 39.643398], [141.123885, 39.649412], [141.132579, 39.650603], [141.136123, 39.643437], [141.146324, 39.640964], [141.151476, 39.634069], [141.156351, 39.632706], [141.177005, 39.631694], [141.181297, 39.626028], [141.180856, 39.619929], [141.185788, 39.613988], [141.192619, 39.609647], [141.19717, 39.597212], [141.195724, 39.590591], [141.179791, 39.582682], [141.17494, 39.582208], [141.173791, 39.578671], [141.16711, 39.578889], [141.154705, 39.584383], [141.150055, 39.582391], [141.145273, 39.583431], [141.140515, 39.572764], [141.135125, 39.572832], [141.13382, 39.57808], [141.127565, 39.577882], [141.124962, 39.586452], [141.117285, 39.58781], [141.116817, 39.584767], [141.111943, 39.579823], [141.10054, 39.579571], [141.097727, 39.584607], [141.092113, 39.590304], [141.093272, 39.595142], [141.080939, 39.595589], [141.072379, 39.60289], [141.065992, 39.598091], [141.062136, 39.598413], [141.058967, 39.599643], [141.054179, 39.608367], [141.047609, 39.615448], [141.05331, 39.617753], [141.056606, 39.621964], [141.050701, 39.62882], [141.044558, 39.630477], [141.044231, 39.63639], [141.05496, 39.642097]]]}, "properties": {"N03_001": "岩手県", "N03_002": null, "N03_003": "紫波郡", "N03_004": "矢巾町", "N03_005": null, "N03_007": "03322"}}, {"type": "Feature", "geometry": {"type": "MultiPolygon", "coordinates": [[[[140.888882, 39.50978], [140.878774, 39.500988], [140.883081, 39.495837], [140.87996, 39.490288], [140.884274, 39.489463], [140.88436, 39.480149], [140.877041, 39.476897], [140.873052, 39.470527], [140.870072, 39.460344], [140.865708, 39.455451], [140.869203, 39.451691], [140.855572, 39.439028], [140.849643, 39.432216], [140.844051, 39.43933], [140.837555, 39.437631], [140.832852, 39.433138], [140.823795, 39.430066], [140.828117, 39.427611], [140.823876, 39.420046], [140.81702, 39.418219], [140.819399, 39.411187], [140.825803, 39.40364], [140.83699, 39.402602], [140.841987, 39.396766], [140.847712, 39.394452], [140.843175, 39.387913], [140.845442, 39.381789], [140.851504, 39.377902], [140.859049, 39.375723], [140.858148, 39.366143], [140.865478, 39.362884], [140.87236, 39.3573], [140.874417, 39.345304], [140.872753, 39.342487], [140.874434, 39.337336], [140.882887, 39.332416], [140.887438, 39.323537], [140.894522, 39.315402], [140.895707, 39.304189], [140.888676, 39.302025], [140.893358, 39.29101], [140.897195, 39.286549], [140.886086, 39.271954], [140.885599, 39.268011], [140.876912, 39.261003], [140.879143, 39.259113], [140.877016, 39.252617], [140.885087, 39.248337], [140.885573, 39.24503], [140.890018, 39.241632], [140.887408, 39.231953], [140.882141, 39.230214], [140.872825, 39.221315], [140.865848, 39.218528], [140.864363, 39.215047], [140.854602, 39.210322], [140.855863, 39.203164], [140.859838, 39.19995], [140.855676, 39.19684], [140.855326, 39.190699], [140.857551, 39.177326], [140.852925, 39.176473], [140.844362, 39.169013], [140.833223, 39.165024], [140.826449, 39.169444], [140.827117, 39.174578], [140.822108, 39.176742], [140.816232, 39.176228], [140.807858, 39.178383], [140.805955, 39.18332], [140.797393, 39.189956], [140.788519, 39.188602], [140.780801, 39.191977], [140.778722, 39.194763], [140.770857, 39.193529], [140.764849, 39.19776], [140.767555, 39.204502], [140.76305, 39.213227], [140.770468, 39.223459], [140.774459, 39.22315], [140.787624, 39.226785], [140.786457, 39.234559], [140.788662, 39.238429], [140.777169, 39.241573], [140.770419, 39.248984], [140.76892, 39.252463], [140.756921, 39.255045], [140.751349, 39.262807], [140.745889, 39.261498], [140.733056, 39.26641], [140.723032, 39.272174], [140.717829, 39.272609], [140.717327, 39.296508], [140.708486, 39.296939], [140.702351, 39.30013], [140.693586, 39.299593], [140.692887, 39.303046], [140.697225, 39.310286], [140.692867, 39.313443], [140.694044, 39.319764], [140.697524, 39.321762], [140.698587, 39.32843], [140.709176, 39.329885], [140.703236, 39.343586], [140.688453, 39.347525], [140.687984, 39.351184], [140.692949, 39.358121], [140.688409, 39.35933], [140.67564, 39.368342], [140.678095, 39.373078], [140.678973, 39.383182], [140.675432, 39.385796], [140.665497, 39.384298], [140.653225, 39.390798], [140.658899, 39.400585], [140.66369, 39.40375], [140.662688, 39.40823], [140.658822, 39.409254], [140.65824, 39.414149], [140.670886, 39.417656], [140.681096, 39.418386], [140.685125, 39.424665], [140.685595, 39.437263], [140.677753, 39.445213], [140.676987, 39.448404], [140.689527, 39.464809], [140.696055, 39.466218], [140.716465, 39.478544], [140.724405, 39.480534], [140.718899, 39.484992], [140.713271, 39.494057], [140.713684, 39.499201], [140.719779, 39.504802], [140.7228, 39.504071], [140.72434, 39.511184], [140.72264, 39.514113], [140.724653, 39.518463], [140.732175, 39.522387], [140.736563, 39.521442], [140.739192, 39.53349], [140.741359, 39.536186], [140.739517, 39.546847], [140.729152, 39.552981], [140.727271, 39.558975], [140.730359, 39.565843], [140.740256, 39.565337], [140.746879, 39.568853], [140.754297, 39.57072], [140.756704, 39.576118], [140.762178, 39.582624], [140.764269, 39.587854], [140.775333, 39.591001], [140.782479, 39.604087], [140.795313, 39.602993], [140.806708, 39.5907], [140.817701, 39.5896], [140.828045, 39.593293], [140.837321, 39.594177], [140.854813, 39.581648], [140.859617, 39.576363], [140.854736, 39.571244], [140.860034, 39.562193], [140.865873, 39.558104], [140.871139, 39.547269], [140.875773, 39.541802], [140.876884, 39.536109], [140.871141, 39.532605], [140.869717, 39.528745], [140.873894, 39.527255], [140.883068, 39.517717], [140.888882, 39.50978]], [[140.78746444, 39.311345], [140.78752167, 39.31140528], [140.78765166, 39.31148611], [140.78780639, 39.31153416], [140.7880125, 39.31158778], [140.78826778, 39.31163055], [140.788465, 39.31166278], [140.78855611, 39.3116775], [140.78872611, 39.31172777], [140.78882333, 39.3117725], [140.78892583, 39.31182806], [140.78903028, 39.31189472], [140.78913944, 39.31199222], [140.78920667, 39.31205527], [140.78928166, 39.31214306], [140.78941917, 39.31230083], [140.78947806, 39.31239027], [140.78965222, 39.31260083], [140.78975556, 39.31273722], [140.78990694, 39.31299389], [140.789965, 39.31308139], [140.78999889, 39.31314972], [140.79006945, 39.31328334], [140.79010888, 39.31336445], [140.79014666, 39.31343472], [140.79020028, 39.31354055], [140.79026473, 39.31367722], [140.79030639, 39.31374778], [140.79049528, 39.31398861], [140.79058305, 39.31406917], [140.79069722, 39.31418695], [140.79075944, 39.31424944], [140.79088972, 39.31438472], [140.79103389, 39.3145025], [140.79113861, 39.31457722], [140.7912875, 39.31466], [140.79145444, 39.31480694], [140.79154861, 39.31490833], [140.79162111, 39.31498167], [140.79167416, 39.31501695], [140.79174166, 39.31507528], [140.79185139, 39.31514611], [140.79200083, 39.31523444], [140.79212167, 39.31533306], [140.79224223, 39.31543139], [140.79234555, 39.31551111], [140.7924325, 39.31551667], [140.79248305, 39.315545], [140.79251916, 39.31558444], [140.79256917, 39.31559333], [140.79263, 39.31558805], [140.79266416, 39.3156125], [140.792715, 39.31564639], [140.7928225, 39.31567584], [140.7929175, 39.31567639], [140.79301195, 39.31565194], [140.7932025, 39.31565945], [140.79333806, 39.31565528], [140.79342833, 39.31562833], [140.79354805, 39.31552806], [140.79366416, 39.31542028], [140.7937725, 39.31526333], [140.79387389, 39.31516195], [140.79400417, 39.31502667], [140.79413417, 39.31493695], [140.79433667, 39.31480195], [140.79445917, 39.31475722], [140.79466305, 39.31469917], [140.79483166, 39.31467528], [140.79506833, 39.31464389], [140.7953725, 39.31459444], [140.79559528, 39.31454611], [140.79589056, 39.31448972], [140.79610611, 39.31445861], [140.79620833, 39.31443667], [140.79633667, 39.31441861], [140.79652639, 39.31442111], [140.79655806, 39.31442611], [140.79669139, 39.31444694], [140.79673805, 39.31446583], [140.796825, 39.31454222], [140.79689112, 39.31459805], [140.79699722, 39.31466444], [140.79707417, 39.31468112], [140.79719362, 39.31468056], [140.7972275, 39.31467222], [140.79740305, 39.31465444], [140.79756055, 39.31472833], [140.79760388, 39.31474528], [140.79765472, 39.31476778], [140.79774028, 39.31479111], [140.79779945, 39.31479028], [140.79794445, 39.31476222], [140.79803138, 39.31477361], [140.79812556, 39.31476778], [140.79819111, 39.3147625], [140.79824361, 39.31474361], [140.798295, 39.31468056], [140.79832916, 39.31456056], [140.79838611, 39.31447695], [140.79845889, 39.31441389], [140.79854333, 39.31433139], [140.79860778, 39.31419417], [140.79868194, 39.31402972], [140.79872028, 39.31394223], [140.79876222, 39.31385417], [140.79887167, 39.31367139], [140.7989425, 39.3135075], [140.79902889, 39.31339027], [140.79909306, 39.31327222], [140.7991425, 39.31313], [140.79922278, 39.31301445], [140.79941305, 39.31289723], [140.79945527, 39.31283], [140.79953417, 39.31265584], [140.79958138, 39.31262222], [140.79963611, 39.31259638], [140.79971195, 39.31257722], [140.79977916, 39.31252222], [140.79983222, 39.31241834], [140.79990028, 39.31231805], [140.79999444, 39.31226167], [140.80011445, 39.31219666], [140.80012666, 39.31217777], [140.80014889, 39.31210528], [140.80018278, 39.31204194], [140.80024167, 39.31203], [140.80032027, 39.312025], [140.80040528, 39.31202584], [140.80044778, 39.31193916], [140.80046527, 39.31182806], [140.80047249, 39.31159139], [140.80053778, 39.31139417], [140.80060417, 39.31111], [140.80063195, 39.31094361], [140.80063917, 39.31080278], [140.80066806, 39.31060028], [140.80068027, 39.31038], [140.80070611, 39.31024972], [140.80074972, 39.31007861], [140.80080945, 39.30995056], [140.80089361, 39.30980222], [140.80096916, 39.30966833], [140.80101084, 39.309565], [140.80105278, 39.30941277], [140.80106639, 39.30923166], [140.80101333, 39.30911], [140.80092889, 39.30895555], [140.80082028, 39.30881472], [140.80077666, 39.30876417], [140.80069584, 39.30853167], [140.80066528, 39.30832556], [140.80067528, 39.30814444], [140.8006325, 39.30807445], [140.80076222, 39.30809389], [140.80081028, 39.30813306], [140.80087805, 39.30826861], [140.80092222, 39.30834389], [140.800965, 39.3083925], [140.80100139, 39.3084825], [140.80108111, 39.30853889], [140.80122555, 39.30859], [140.80130944, 39.30861083], [140.80146361, 39.30861139], [140.80159722, 39.30855695], [140.80169667, 39.30848388], [140.80177139, 39.30842473], [140.8018675, 39.30833028], [140.80198722, 39.30819111], [140.80219639, 39.3080275], [140.80221084, 39.3079925], [140.80224306, 39.30792722], [140.80224695, 39.30791917], [140.80226861, 39.30780694], [140.802305, 39.30769417], [140.80233611, 39.30761694], [140.80238639, 39.30752834], [140.80246972, 39.30735139], [140.80255111, 39.30711417], [140.80264527, 39.30684945], [140.80270333, 39.30671416], [140.80277111, 39.30659972], [140.80286278, 39.30650028], [140.8029425, 39.30642694], [140.80312361, 39.30628055], [140.80328195, 39.3061825], [140.80340862, 39.30611528], [140.80348556, 39.30607778], [140.80359972, 39.30602972], [140.80374251, 39.30597917], [140.80391306, 39.305965], [140.80422444, 39.30592], [140.80429695, 39.30590305], [140.80449445, 39.30589944], [140.80462917, 39.30592167], [140.80487194, 39.30593722], [140.80506473, 39.30593695], [140.80515945, 39.30591], [140.80526473, 39.30586778], [140.80536888, 39.30584111], [140.80549611, 39.30577694], [140.80560139, 39.30568112], [140.80572389, 39.30560583], [140.80587695, 39.30555861], [140.80599778, 39.30551722], [140.80607667, 39.30545833], [140.80612944, 39.30538528], [140.80612389, 39.30530916], [140.80604639, 39.30516778], [140.80600639, 39.30509806], [140.80597277, 39.30502889], [140.805945, 39.30494611], [140.8058975, 39.30487834], [140.80583722, 39.30481694], [140.80573389, 39.30477972], [140.80556694, 39.30474445], [140.80540361, 39.30467388], [140.80532, 39.30460112], [140.80526778, 39.30451222], [140.80525306, 39.30443889], [140.80525306, 39.304315], [140.80523139, 39.3042925], [140.80516611, 39.304225], [140.80516834, 39.30417084], [140.80525556, 39.30409722], [140.80542223, 39.30404056], [140.805535, 39.30399972], [140.80563166, 39.30392695], [140.80577472, 39.30379694], [140.80592777, 39.30360972], [140.80605695, 39.30337445], [140.80607861, 39.30332945], [140.806115, 39.30318278], [140.80611361, 39.30306333], [140.80612083, 39.30295139], [140.80615834, 39.30280556], [140.80620666, 39.30273416], [140.8062875, 39.30268389], [140.80645778, 39.30263694], [140.806535, 39.30257444], [140.80670889, 39.30237167], [140.80675194, 39.30232972], [140.80684889, 39.30233112], [140.80696083, 39.30234944], [140.80706889, 39.30235139], [140.80716306, 39.30232778], [140.80729612, 39.30224722], [140.80731695, 39.30225527], [140.80734306, 39.30226556], [140.80731027, 39.30229889], [140.80719612, 39.30241889], [140.80711445, 39.302445], [140.80697722, 39.30246167], [140.80690583, 39.30247917], [140.80684138, 39.30259639], [140.80678472, 39.30265722], [140.80663917, 39.30274417], [140.80647944, 39.30286167], [140.8064475, 39.30289667], [140.80642167, 39.30293555], [140.80639695, 39.30303388], [140.80638612, 39.30311445], [140.80635139, 39.30339444], [140.80621334, 39.30363833], [140.806115, 39.30387584], [140.8061175, 39.30404389], [140.80616861, 39.30416834], [140.80623945, 39.30427361], [140.80634972, 39.30438417], [140.80652166, 39.30459], [140.80666861, 39.30482167], [140.80682416, 39.30501028], [140.80691889, 39.30510361], [140.80700861, 39.30515722], [140.80714805, 39.30522916], [140.80729, 39.30526861], [140.80741916, 39.30527612], [140.80754389, 39.30525944], [140.80765389, 39.30521555], [140.80787528, 39.30512056], [140.80804278, 39.30503555], [140.80810084, 39.30500833], [140.80823388, 39.30495805], [140.80837472, 39.30489527], [140.8085375, 39.304785], [140.80886667, 39.30476361], [140.80887972, 39.30475862], [140.80893305, 39.30473833], [140.80909416, 39.30464889], [140.80917778, 39.30458472], [140.80927139, 39.30445528], [140.80931972, 39.30434028], [140.80944083, 39.30404111], [140.80957722, 39.30371806], [140.80965695, 39.30357139], [140.80978778, 39.30339584], [140.80989722, 39.30327528], [140.8100325, 39.303145], [140.81021695, 39.30300694], [140.81033028, 39.3029475], [140.81050167, 39.30292973], [140.81061722, 39.30297583], [140.81079277, 39.30309222], [140.81098639, 39.30326527], [140.81109111, 39.30333528], [140.81120138, 39.30339223], [140.81130889, 39.30340972], [140.81142945, 39.303405], [140.81152945, 39.30336833], [140.81170834, 39.30329806], [140.81188694, 39.30321167], [140.81202889, 39.30313805], [140.81216639, 39.30303139], [140.81233528, 39.30291305], [140.81256806, 39.302775], [140.81265334, 39.30272694], [140.81277194, 39.30266555], [140.81298917, 39.30252639], [140.81306834, 39.30243972], [140.81311917, 39.30235527], [140.81316139, 39.30228973], [140.81323083, 39.30220583], [140.81333972, 39.30209944], [140.81355472, 39.30199028], [140.81390333, 39.3019025], [140.81399556, 39.30187083], [140.81409305, 39.30179889], [140.81419, 39.30170333], [140.81427806, 39.30158361], [140.81428612, 39.30153806], [140.81428612, 39.30149278], [140.81425639, 39.30142028], [140.81423167, 39.30135195], [140.81419861, 39.30125694], [140.81418055, 39.30116917], [140.81420583, 39.30106417], [140.81424945, 39.30101], [140.81432361, 39.30098639], [140.81440167, 39.30098444], [140.81447778, 39.30100861], [140.81463777, 39.30107639], [140.81474138, 39.30116111], [140.81481389, 39.30118917], [140.81491528, 39.30118361], [140.81500167, 39.30115528], [140.81510361, 39.30112722], [140.81512555, 39.30111028], [140.81521972, 39.30109361], [140.81537889, 39.30108222], [140.81556528, 39.30109333], [140.81575056, 39.30110194], [140.81582889, 39.30105417], [140.81591944, 39.3009925], [140.81600667, 39.30092084], [140.81616861, 39.30078945], [140.81620472, 39.30076666], [140.81627333, 39.30072639], [140.81643667, 39.30069389], [140.81653083, 39.30067695], [140.81654167, 39.30067639], [140.81661778, 39.30067139], [140.81674806, 39.30064305], [140.81684222, 39.30059805], [140.81704916, 39.30048222], [140.81727028, 39.30039334], [140.81735888, 39.30037612], [140.817575, 39.30034944], [140.81779083, 39.30031639], [140.81800722, 39.3002575], [140.81834917, 39.30020194], [140.81857334, 39.30014194], [140.81873973, 39.3001025], [140.81883944, 39.30008416], [140.81893944, 39.30006166], [140.81898611, 39.30004611], [140.81913972, 39.30002278], [140.81944111, 39.30000055], [140.8197975, 39.30000445], [140.8203975, 39.30006083], [140.82056056, 39.30006638], [140.82060111, 39.3000575], [140.82069333, 39.30004695], [140.82117361, 39.29996722], [140.82131972, 39.29995444], [140.82153917, 39.29996444], [140.82172944, 39.29998417], [140.82192194, 39.30002278], [140.8222575, 39.30011445], [140.8224875, 39.30021389], [140.82262917, 39.30026028], [140.82270222, 39.30028583], [140.82275972, 39.30030528], [140.82316806, 39.30038334], [140.82333195, 39.30041778], [140.82367805, 39.30047639], [140.82397667, 39.30053055], [140.82414333, 39.30056417], [140.82421584, 39.30058083], [140.82435917, 39.30061306], [140.82441083, 39.30060945], [140.82468611, 39.30068833], [140.82488166, 39.30078277], [140.82498333, 39.30082333], [140.825215, 39.30091361], [140.82527305, 39.30092472], [140.82538167, 39.30092472], [140.8254625, 39.30090611], [140.82556916, 39.30086083], [140.8256425, 39.30080278], [140.82564973, 39.30071083], [140.82564778, 39.30057666], [140.82560111, 39.30043667], [140.82552195, 39.30028973], [140.82542389, 39.30011389], [140.82536084, 39.29998667], [140.82535278, 39.29987139], [140.82538889, 39.29971389], [140.82537334, 39.29958361], [140.82565445, 39.29955833], [140.82594389, 39.2995325], [140.82594667, 39.29961805], [140.82594667, 39.2996575], [140.82589861, 39.29978611], [140.82590305, 39.30001222], [140.82591055, 39.30018694], [140.82593945, 39.30029944], [140.82603667, 39.30042361], [140.826135, 39.30050223], [140.82630695, 39.30061444], [140.82642694, 39.30074973], [140.82646833, 39.30086027], [140.8264875, 39.30100084], [140.82648417, 39.30127528], [140.82650333, 39.30132], [140.82656389, 39.3013775], [140.82659972, 39.30139833], [140.82666472, 39.30142444], [140.82674334, 39.30143166], [140.82685555, 39.30135639], [140.82695778, 39.30127195], [140.82714195, 39.30119528], [140.82736611, 39.30118389], [140.82767028, 39.30121194], [140.82810167, 39.30127445], [140.82837445, 39.30129944], [140.82851527, 39.3013], [140.82860195, 39.30128806], [140.82870195, 39.30124917], [140.82873334, 39.30119111], [140.82881472, 39.30104306], [140.82897362, 39.30086306], [140.82904638, 39.30077277], [140.82911889, 39.30066], [140.82912611, 39.30064333], [140.82920584, 39.30049139], [140.82934084, 39.30022472], [140.82941639, 39.30008667], [140.82950528, 39.29993083], [140.82961861, 39.29971972], [140.82974528, 39.29946333], [140.82983139, 39.29932555], [140.82992611, 39.29920944], [140.83000611, 39.29913388], [140.83005639, 39.29907889], [140.83010944, 39.29900278], [140.83013306, 39.29893111], [140.83013306, 39.29879028], [140.83012639, 39.29864944], [140.83011889, 39.29858083], [140.83028806, 39.29856695], [140.83047, 39.29855167], [140.83048805, 39.29867555], [140.8304975, 39.29878778], [140.83048417, 39.29888805], [140.83045445, 39.29902917], [140.83039667, 39.29913083], [140.83030333, 39.29927806], [140.83025139, 39.29936333], [140.83020334, 39.29945583], [140.83010027, 39.29958528], [140.83000611, 39.29972416], [140.82993584, 39.29983861], [140.82989723, 39.29993889], [140.82991278, 39.30000612], [140.82991555, 39.30014277], [140.82991361, 39.30025055], [140.82996944, 39.30032361], [140.83006472, 39.30045], [140.8301475, 39.30049194], [140.83022805, 39.30053972], [140.83031166, 39.30064195], [140.83037139, 39.30067056], [140.83064361, 39.30070417], [140.8308475, 39.30072944], [140.83112555, 39.30072583], [140.83143333, 39.30071527], [140.83164806, 39.30073389], [140.83193472, 39.3007475], [140.83215667, 39.30077972], [140.83247805, 39.30083055], [140.83285028, 39.30088195], [140.83312916, 39.30092833], [140.83330916, 39.30094555], [140.83363138, 39.30097166], [140.83377389, 39.30097166], [140.83385667, 39.30095833], [140.83393333, 39.30092973], [140.83399278, 39.30087], [140.83407361, 39.30076528], [140.83411611, 39.30068306], [140.83413611, 39.30057778], [140.83417084, 39.30043139], [140.83424306, 39.30025861], [140.83431417, 39.30010334], [140.83438722, 39.29995223], [140.834445, 39.29987306], [140.83448916, 39.29984917], [140.8345375, 39.29983722], [140.83458556, 39.29987444], [140.83467028, 39.29999861], [140.83471917, 39.30007861], [140.83475, 39.30011889], [140.83480973, 39.30018472], [140.834875, 39.30022945], [140.83496639, 39.30024834], [140.83504139, 39.30027667], [140.83506278, 39.30032584], [140.83509917, 39.30037528], [140.83517416, 39.30042473], [140.83522333, 39.30048056], [140.835285, 39.30056278], [140.83535222, 39.30066], [140.83543222, 39.30073694], [140.83551306, 39.30078333], [140.83560527, 39.30077444], [140.83569583, 39.30074583], [140.83577083, 39.30068916], [140.83582056, 39.30063028], [140.83584389, 39.3006025], [140.83589861, 39.30051056], [140.83597166, 39.30039695], [140.83605055, 39.30026527], [140.83615917, 39.30013611], [140.83621112, 39.30007917], [140.83629388, 39.300015], [140.83651806, 39.29982445], [140.83660445, 39.29973167], [140.83665639, 39.29968528], [140.83673722, 39.29964694], [140.83696055, 39.29954806], [140.83698084, 39.29953111], [140.83702306, 39.29947555], [140.83704611, 39.29939334], [140.83707416, 39.29918195], [140.8370875, 39.29906389], [140.83715583, 39.29878194], [140.83719806, 39.29863556], [140.83725889, 39.29853778], [140.83734333, 39.29843444], [140.83752722, 39.29825444], [140.83762334, 39.29814667], [140.83768889, 39.29805722], [140.83769944, 39.29799055], [140.83771084, 39.297895], [140.83771389, 39.29762055], [140.83770611, 39.29749945], [140.83765889, 39.29726723], [140.837655, 39.29716083], [140.8376725, 39.29708333], [140.83773889, 39.29694806], [140.83779278, 39.29684639], [140.83787166, 39.29671195], [140.83794361, 39.29661861], [140.83803028, 39.29651694], [140.83811889, 39.29641528], [140.83819472, 39.29625917], [140.83825639, 39.29616945], [140.83834694, 39.29610806], [140.83841888, 39.29598333], [140.83847472, 39.29587111], [140.83845944, 39.29576666], [140.83844889, 39.29558945], [140.83847, 39.29547583], [140.83850278, 39.29538472], [140.83858834, 39.29524778], [140.8387625, 39.29496611], [140.83887222, 39.29478972], [140.83895583, 39.29461722], [140.83900778, 39.29448111], [140.83905778, 39.29432111], [140.83917305, 39.29407389], [140.83917222, 39.29391306], [140.83921028, 39.29382917], [140.83926138, 39.29376111], [140.83933111, 39.29368555], [140.83946916, 39.29359223], [140.83959527, 39.29354084], [140.83970167, 39.29348389], [140.83983278, 39.29338028], [140.83990722, 39.29330028], [140.84001333, 39.29320278], [140.84011833, 39.29313861], [140.84022222, 39.2931475], [140.84030917, 39.29316417], [140.840435, 39.29318278], [140.84054389, 39.29319777], [140.8406025, 39.29326861], [140.84068055, 39.29336278], [140.84059195, 39.29340862], [140.84047277, 39.29346472], [140.84036722, 39.29350223], [140.84022972, 39.29356416], [140.84012083, 39.293615], [140.83997611, 39.29369945], [140.83984584, 39.2938175], [140.83978806, 39.29394722], [140.83978084, 39.29404861], [140.83980917, 39.29425056], [140.83979472, 39.29441388], [140.83979639, 39.29470694], [140.83984473, 39.29483973], [140.83987944, 39.29494862], [140.83988195, 39.29503389], [140.83985277, 39.29511278], [140.83977333, 39.29522], [140.8397225, 39.29527055], [140.83948361, 39.29546777], [140.83938028, 39.29560889], [140.83931333, 39.29573305], [140.83930056, 39.29585945], [140.83930805, 39.29599583], [140.83938889, 39.29611389], [140.83945639, 39.2962], [140.83952973, 39.29627583], [140.83986472, 39.2962575], [140.8400375, 39.29627361], [140.84009056, 39.29629611], [140.84025861, 39.29636777], [140.840395, 39.29646305], [140.84047389, 39.29654389], [140.84051055, 39.29662306], [140.84055, 39.29672416], [140.84056444, 39.29682973], [140.84055555, 39.29704472], [140.84055555, 39.29709556], [140.84058444, 39.29715194], [140.8406425, 39.2972025], [140.84069667, 39.29721445], [140.84078416, 39.29721472], [140.84098278, 39.29714056], [140.84108138, 39.29713167], [140.84114667, 39.29718333], [140.84123639, 39.29738389], [140.84125084, 39.29752139], [140.84123527, 39.29764806], [140.84117583, 39.29792639], [140.84114917, 39.29803584], [140.84110194, 39.29818389], [140.84096723, 39.29839611], [140.8408625, 39.29858361], [140.84075805, 39.29868361], [140.84056306, 39.29880639], [140.84043806, 39.29888722], [140.84030166, 39.29901583], [140.84012805, 39.29923555], [140.84005527, 39.29938334], [140.83997583, 39.29955195], [140.8399325, 39.29965806], [140.83991083, 39.29981], [140.83994056, 39.300105], [140.83996055, 39.30030111], [140.84002528, 39.30050083], [140.840105, 39.30061611], [140.84021889, 39.30079694], [140.84031111, 39.30098333], [140.84042333, 39.30104751], [140.84055555, 39.30113945], [140.84064555, 39.30123861], [140.84072445, 39.30133667], [140.84080889, 39.301415], [140.84093805, 39.3015275], [140.84104805, 39.30165833], [140.84116612, 39.30186916], [140.84124055, 39.30193305], [140.84133, 39.30200084], [140.84152556, 39.30203472], [140.84165611, 39.30204584], [140.84190972, 39.30205167], [140.84214861, 39.30206277], [140.84244722, 39.30208972], [140.84263916, 39.30212666], [140.84276444, 39.30215861], [140.84284417, 39.30218667], [140.84305416, 39.3022825], [140.84316973, 39.30234444], [140.84332944, 39.30245139], [140.84343055, 39.30253583], [140.84350527, 39.30258889], [140.84351278, 39.30259417], [140.84358306, 39.30264416], [140.84364778, 39.3026825], [140.84368416, 39.30275], [140.84372027, 39.30300333], [140.8437275, 39.30311611], [140.84375389, 39.30319583], [140.84383, 39.30330472], [140.84391584, 39.30339111], [140.84401139, 39.30346167], [140.84420555, 39.30350473], [140.8445025, 39.30352723], [140.844755, 39.30355028], [140.844935, 39.30358861], [140.84503834, 39.30361166], [140.84505917, 39.30362278], [140.84537417, 39.30369667], [140.84546472, 39.30371888], [140.84553111, 39.30372445], [140.84560333, 39.30373583], [140.84571194, 39.30376388], [140.84595834, 39.30379195], [140.84627722, 39.30383138], [140.84646555, 39.30384278], [140.84669278, 39.30385916], [140.84697222, 39.30384278], [140.84730195, 39.30383861], [140.84741416, 39.30384833], [140.84756361, 39.30390667], [140.84768944, 39.30396112], [140.84787777, 39.30400055], [140.84798639, 39.30401167], [140.84818194, 39.30400612], [140.84836305, 39.30398362], [140.84846417, 39.30394972], [140.8486525, 39.30388778], [140.84881194, 39.30385972], [140.84884083, 39.30384833], [140.84905806, 39.30382028], [140.84921028, 39.30378083], [140.84923445, 39.30377945], [140.84932611, 39.30367972], [140.84946916, 39.30360528], [140.84963305, 39.30350306], [140.84986361, 39.30333361], [140.84997028, 39.30329695], [140.85015917, 39.30324028], [140.85062139, 39.30313194], [140.85078139, 39.30307667], [140.85087472, 39.30302833], [140.85094917, 39.30296778], [140.85102112, 39.30287972], [140.85107806, 39.30283111], [140.85120222, 39.30280111], [140.85151833, 39.30274528], [140.85158611, 39.30273333], [140.85178167, 39.30268833], [140.85192722, 39.30259584], [140.85197889, 39.30254167], [140.85206416, 39.30246861], [140.85222333, 39.30244694], [140.85246667, 39.30251139], [140.85254945, 39.3025025], [140.85264361, 39.30247417], [140.85287084, 39.30236889], [140.85302, 39.30230528], [140.85310972, 39.30228472], [140.85314305, 39.30227722], [140.85339667, 39.30226028], [140.85364083, 39.30225556], [140.85377333, 39.30222639], [140.85386028, 39.30218694], [140.854005, 39.30211334], [140.85408083, 39.30207166], [140.85420083, 39.30201833], [140.85428056, 39.30199028], [140.85434555, 39.30197889], [140.85446167, 39.30197333], [140.85457028, 39.301945], [140.85467166, 39.30191139], [140.85473694, 39.30181], [140.85487445, 39.30175916], [140.85505084, 39.30170333], [140.85520917, 39.3016175], [140.85535916, 39.30151333], [140.85542472, 39.30148889], [140.85565528, 39.30147639], [140.85585944, 39.30148889], [140.8559925, 39.30143861], [140.85609833, 39.30139305], [140.85631944, 39.30129389], [140.85655083, 39.30120334], [140.85669973, 39.30116583], [140.85681083, 39.30113027], [140.85696028, 39.30108888], [140.85704723, 39.30107778], [140.85730055, 39.30108888], [140.85751055, 39.30107195], [140.85761806, 39.30105473], [140.8579175, 39.30095], [140.85811861, 39.30086417], [140.85840889, 39.30068916], [140.85865917, 39.30051], [140.85881778, 39.30040194], [140.85894195, 39.30033584], [140.85903917, 39.300295], [140.85930667, 39.30026445], [140.85943278, 39.30020833], [140.85956778, 39.30017667], [140.85973444, 39.30013167], [140.85986084, 39.30007139], [140.85995806, 39.30001611], [140.86011, 39.2999525], [140.86023806, 39.29989639], [140.86042973, 39.29981055], [140.86060361, 39.29970361], [140.86071584, 39.29964361], [140.86074667, 39.2995975], [140.86074278, 39.29952945], [140.86065667, 39.29946528], [140.86057444, 39.29943889], [140.86044194, 39.29939278], [140.86039972, 39.29935195], [140.86042361, 39.29932528], [140.86056, 39.29931444], [140.86071945, 39.29930361], [140.86081361, 39.29928111], [140.86108889, 39.29916861], [140.86137861, 39.29902222], [140.86141472, 39.29899944], [140.86153805, 39.29892084], [140.86164389, 39.29884417], [140.86177694, 39.29870667], [140.86187111, 39.29863333], [140.86197972, 39.29857139], [140.86207139, 39.29852444], [140.86208916, 39.29855139], [140.86255306, 39.29836806], [140.86271584, 39.29830167], [140.8630325, 39.2981775], [140.86334916, 39.29806028], [140.86360389, 39.29797056], [140.86427306, 39.29774055], [140.86443972, 39.29768584], [140.86467028, 39.297615], [140.86465333, 39.29757889], [140.86479027, 39.29750722], [140.86500972, 39.29744583], [140.86519861, 39.29741028], [140.86528805, 39.29740305], [140.86545694, 39.29738861], [140.86555805, 39.29738334], [140.86573195, 39.29735527], [140.86586222, 39.29731], [140.86604278, 39.29722778], [140.86621306, 39.29717527], [140.86640528, 39.29714111], [140.86684723, 39.29706778], [140.86704361, 39.29703472], [140.86713278, 39.29699306], [140.86725027, 39.29689139], [140.86732528, 39.29679778], [140.86740777, 39.29670222], [140.86747944, 39.296645], [140.86757333, 39.29658889], [140.86765111, 39.29655], [140.86778278, 39.29649111], [140.86802166, 39.29644611], [140.86817277, 39.29642056], [140.86834167, 39.2963975], [140.86840472, 39.29639222], [140.86862916, 39.29637], [140.86889, 39.29634166], [140.86915056, 39.29629639], [140.86940556, 39.29628445], [140.86970833, 39.29627389], [140.86997056, 39.29628583], [140.87015722, 39.29630222], [140.87039639, 39.29632472], [140.87062805, 39.29634805], [140.87082389, 39.29634722], [140.87113361, 39.296305], [140.87138166, 39.29626278], [140.87151889, 39.29626917], [140.87151889, 39.29627917], [140.87187389, 39.29630778], [140.87235916, 39.29630778], [140.87262722, 39.29627389], [140.87309083, 39.29626861], [140.8732575, 39.29621222], [140.87345306, 39.29616722], [140.87376472, 39.29616722], [140.87398194, 39.29619528], [140.87468445, 39.29620666], [140.87486555, 39.29622361], [140.87520583, 39.29627416], [140.87531472, 39.29628], [140.87588695, 39.29633056], [140.87666917, 39.29648833], [140.876865, 39.29655028], [140.87737166, 39.29676417], [140.87751666, 39.29680944], [140.87765416, 39.29680361], [140.877705, 39.2967475], [140.87771222, 39.29666862], [140.87771222, 39.29648833], [140.87767583, 39.29639806], [140.87757445, 39.29630806], [140.87742972, 39.29624056], [140.87722722, 39.29617861], [140.87684305, 39.29610528], [140.87664028, 39.29604334], [140.87654611, 39.29596444], [140.8762925, 39.29558139], [140.87611861, 39.29535611], [140.87582889, 39.295095], [140.87615555, 39.29506611], [140.8766025, 39.29503194], [140.87682139, 39.29527166], [140.87704611, 39.2954575], [140.87735028, 39.29564333], [140.87768334, 39.2958125], [140.87808889, 39.2959475], [140.87829167, 39.29603778], [140.87852361, 39.29620111], [140.87859611, 39.29630806], [140.87874806, 39.29664028], [140.87885666, 39.29674167], [140.87905972, 39.29679805], [140.87930583, 39.29679805], [140.87934945, 39.29677555], [140.87953778, 39.29662362], [140.87959583, 39.29660083], [140.87987111, 39.29657278], [140.8800375, 39.29654472], [140.88016056, 39.29649945], [140.8802475, 39.29644888], [140.88053722, 39.29626861], [140.88055166, 39.29624611], [140.88055888, 39.29615611], [140.88047917, 39.29602084], [140.88039973, 39.29580667], [140.88034916, 39.29573944], [140.88024778, 39.2956775], [140.87995056, 39.29560417], [140.87976222, 39.29551972], [140.87970444, 39.29546917], [140.87966806, 39.29538472], [140.87966806, 39.29522695], [140.8796825, 39.29518195], [140.87970417, 39.29499083], [140.87987111, 39.29520445], [140.87997972, 39.2953], [140.88009556, 39.29535083], [140.8803925, 39.29540722], [140.88056639, 39.2954775], [140.88057333, 39.29548028], [140.88071834, 39.29556472], [140.88079805, 39.29566056], [140.88093556, 39.29594222], [140.88102973, 39.29605472], [140.88113833, 39.29613916], [140.88118917, 39.29621806], [140.88118917, 39.29631361], [140.88114584, 39.29642638], [140.88111667, 39.29666278], [140.88111667, 39.29691639], [140.8811675, 39.29716972], [140.8811675, 39.297215], [140.8812325, 39.29742889], [140.88132695, 39.29784], [140.88137028, 39.29790778], [140.88143555, 39.29795278], [140.8815225, 39.29798083], [140.88194973, 39.29798083], [140.88242027, 39.29795833], [140.88247833, 39.29796972], [140.88256528, 39.29802611], [140.88263778, 39.29803722], [140.88265944, 39.29800917], [140.88268111, 39.2978625], [140.88274639, 39.29776695], [140.88309416, 39.29736139], [140.88315945, 39.29736139], [140.88318834, 39.29737833], [140.88333306, 39.29764305], [140.88343473, 39.29773305], [140.88352167, 39.2977725], [140.88371722, 39.29777805], [140.88417361, 39.29765416], [140.88440528, 39.29761473], [140.884695, 39.29747973], [140.88484, 39.29747973], [140.88511528, 39.29756416], [140.88529639, 39.29754723], [140.88567305, 39.29742916], [140.88581055, 39.29742916], [140.886035, 39.29748], [140.88618723, 39.297525], [140.88633916, 39.297615], [140.88660722, 39.29780083], [140.88677388, 39.29796972], [140.88691888, 39.29817806], [140.88713611, 39.29840889], [140.88734611, 39.29875833], [140.8873825, 39.29883695], [140.88741722, 39.29883833], [140.88747333, 39.29885417], [140.88752722, 39.29886528], [140.88755639, 39.29889889], [140.88756361, 39.29891889], [140.88756528, 39.29892305], [140.88756278, 39.29896194], [140.88754667, 39.29898778], [140.88752722, 39.29900361], [140.88750528, 39.29901084], [140.88749916, 39.29902917], [140.88752112, 39.29903666], [140.88745139, 39.29912361], [140.88742945, 39.29915056], [140.88742945, 39.29918972], [140.88745028, 39.299235], [140.88746972, 39.29926917], [140.88750778, 39.29930222], [140.88754805, 39.29934889], [140.88752361, 39.29936361], [140.887525, 39.29943694], [140.88759083, 39.29956556], [140.88759695, 39.29960694], [140.88755306, 39.29964139], [140.88755667, 39.29966445], [140.88756889, 39.29970861], [140.88758361, 39.29976722], [140.88759695, 39.29981111], [140.88762139, 39.29983833], [140.88764111, 39.29987139], [140.88762278, 39.29990694], [140.88760444, 39.29994722], [140.88759444, 39.299985], [140.88759945, 39.30005584], [140.88762028, 39.30009639], [140.88761778, 39.30012806], [140.88760555, 39.30016972], [140.88759334, 39.30022833], [140.88759584, 39.30026389], [140.88762389, 39.30033389], [140.88760417, 39.30034361], [140.88770889, 39.30044556], [140.88764917, 39.30049444], [140.88763556, 39.30051277], [140.88761722, 39.30053723], [140.88761361, 39.30056278], [140.88761473, 39.30058472], [140.88762583, 39.30061306], [140.88761972, 39.30064], [140.887605, 39.30066194], [140.88755723, 39.30067916], [140.88749972, 39.30069139], [140.88747666, 39.30070361], [140.88743139, 39.30075361], [140.88738583, 39.30078694], [140.88730806, 39.30078694], [140.8872675, 39.300815], [140.88720639, 39.30085778], [140.88716945, 39.300875], [140.88714027, 39.3008825], [140.88712666, 39.30090806], [140.88711944, 39.300935], [140.88708639, 39.30095083], [140.88704, 39.30097778], [140.88701445, 39.30098888], [140.88700833, 39.30106834], [140.88701305, 39.30110111], [140.88703028, 39.30114028], [140.88709, 39.30119194], [140.8870325, 39.30123361], [140.88697, 39.30127889], [140.88692722, 39.30130528], [140.88691583, 39.30137416], [140.88683278, 39.30138028], [140.88677167, 39.3013825], [140.88669945, 39.30140833], [140.88666528, 39.30143278], [140.88664889, 39.30146], [140.88656333, 39.30146222], [140.88649972, 39.30147334], [140.88645083, 39.30149889], [140.88641528, 39.30152111], [140.88640194, 39.30154167], [140.88638583, 39.30159194], [140.88637361, 39.30160889], [140.88633083, 39.30159444], [140.88628445, 39.30160889], [140.88624667, 39.30164333], [140.88621973, 39.30166889], [140.88622222, 39.3017325], [140.88627195, 39.30180723], [140.88622916, 39.30183167], [140.88618888, 39.30186], [140.88616917, 39.30190889], [140.88615584, 39.30197222], [140.88615694, 39.302025], [140.88616694, 39.30208723], [140.88613139, 39.30211778], [140.88601528, 39.30197333], [140.88595111, 39.30190389], [140.88587111, 39.30183472], [140.88565251, 39.30168], [140.88550305, 39.30160805], [140.88538305, 39.30154139], [140.88522027, 39.30150139], [140.88509694, 39.30146639], [140.88496361, 39.30145222], [140.88483723, 39.30144222], [140.88472444, 39.30143778], [140.88443, 39.30145556], [140.88418888, 39.30149528], [140.88402055, 39.30153306], [140.8839025, 39.3015725], [140.88369667, 39.30165167], [140.883585, 39.30171834], [140.8835875, 39.30169028], [140.88357666, 39.30166222], [140.88358389, 39.30162778], [140.88359361, 39.30160222], [140.88361694, 39.30159833], [140.88365833, 39.30159833], [140.88368167, 39.3015875], [140.88371722, 39.30154833], [140.88377083, 39.30147], [140.88378555, 39.301415], [140.88378083, 39.30138695], [140.8837575, 39.30134917], [140.88379056, 39.30134667], [140.88383195, 39.30133945], [140.8838625, 39.3013075], [140.88389083, 39.30125], [140.88390667, 39.30118278], [140.88389056, 39.30114417], [140.88392583, 39.3011175], [140.88394778, 39.30109167], [140.88397223, 39.301055], [140.88398694, 39.30100973], [140.88399917, 39.30097694], [140.88399444, 39.30090833], [140.88397223, 39.30089611], [140.88393695, 39.30088028], [140.8839125, 39.30086555], [140.88390389, 39.30083695], [140.88388667, 39.30072167], [140.88383472, 39.30064666], [140.88373667, 39.30062917], [140.88358666, 39.30065806], [140.88332666, 39.30074472], [140.88302084, 39.30084862], [140.88280722, 39.30094083], [140.88235111, 39.30106805], [140.88200472, 39.30113139], [140.88167861, 39.30115473], [140.88139556, 39.30112584], [140.88097417, 39.30109111], [140.88069695, 39.30106805], [140.88051833, 39.30109694], [140.88027583, 39.30112], [140.88008528, 39.30113722], [140.87972166, 39.30114889], [140.87944444, 39.30114306], [140.87916083, 39.30108972], [140.87879139, 39.30080805], [140.87860305, 39.30057722], [140.87849417, 39.30048722], [140.87832056, 39.30036889], [140.87813973, 39.3002225], [140.87808889, 39.30014916], [140.87803806, 39.30004778], [140.87801639, 39.29981111], [140.87794389, 39.29968167], [140.87772667, 39.29941139], [140.87763972, 39.29932111], [140.8774875, 39.29924222], [140.87732111, 39.29918611], [140.87706027, 39.29913528], [140.8767125, 39.29900583], [140.87657472, 39.29900583], [140.87627778, 39.29910722], [140.87555362, 39.29929305], [140.87481473, 39.29945639], [140.87453222, 39.29954084], [140.8742425, 39.29965917], [140.87399611, 39.29974361], [140.87301083, 39.29998001], [140.87285889, 39.30003611], [140.87269222, 39.30015444], [140.87263417, 39.30023333], [140.8726125, 39.30041361], [140.87259806, 39.30044166], [140.87254, 39.30044166], [140.87241, 39.30027278], [140.87230861, 39.30017139], [140.87215639, 39.30008694], [140.87198972, 39.30005306], [140.87177973, 39.30004749], [140.87163473, 39.30006444], [140.87151889, 39.30009278], [140.87151889, 39.30010278], [140.87138, 39.300165], [140.87124361, 39.30025583], [140.87111333, 39.30031778], [140.87104806, 39.30034611], [140.87094861, 39.30041333], [140.87080277, 39.30057583], [140.87055111, 39.30079306], [140.87035361, 39.30092138], [140.87027611, 39.30096333], [140.87015389, 39.30102361], [140.870005, 39.30110084], [140.86986973, 39.3011675], [140.86971778, 39.3012575], [140.86960695, 39.30131722], [140.86947389, 39.30139305], [140.86928805, 39.3014725], [140.86917139, 39.30152473], [140.86905972, 39.30157417], [140.86893806, 39.30167306], [140.86890417, 39.30176528], [140.86884611, 39.30193417], [140.86881, 39.30199055], [140.86873611, 39.30202389], [140.86865778, 39.30203], [140.86856556, 39.30196361], [140.86847278, 39.30189527], [140.86837805, 39.30183973], [140.86824194, 39.30177], [140.86810473, 39.30170805], [140.86800861, 39.30167194], [140.86789, 39.30163556], [140.86766944, 39.30157806], [140.86751139, 39.30155389], [140.86736667, 39.30153166], [140.86720917, 39.30153416], [140.86710333, 39.30157139], [140.86704445, 39.30163278], [140.86698472, 39.30171166], [140.86691195, 39.30178778], [140.86681916, 39.30185611], [140.86671695, 39.30192695], [140.86649944, 39.30208055], [140.86636194, 39.30218195], [140.86622917, 39.30233611], [140.86616889, 39.30246389], [140.86611556, 39.30260444], [140.86608945, 39.30265555], [140.86608139, 39.30267139], [140.8660425, 39.30272055], [140.86599139, 39.30274583], [140.86581861, 39.3027575], [140.86560833, 39.30275639], [140.86539667, 39.30276639], [140.86520917, 39.30283028], [140.8650725, 39.30289166], [140.86487472, 39.30298416], [140.86480639, 39.30300833], [140.86471027, 39.30301556], [140.86460167, 39.30299306], [140.86445667, 39.30297056], [140.86429611, 39.30297166], [140.8642175, 39.30299861], [140.86413333, 39.30305083], [140.86409444, 39.30309973], [140.86398388, 39.30328472], [140.863925, 39.30333889], [140.86385445, 39.30341056], [140.86378167, 39.30352723], [140.86374778, 39.30356334], [140.86368416, 39.30357666], [140.86363083, 39.30355612], [140.86353388, 39.30350694], [140.86347834, 39.30346222], [140.8633825, 39.30346222], [140.86325305, 39.303505], [140.86314611, 39.30356028], [140.86302, 39.3036175], [140.86287778, 39.30368], [140.862655, 39.30381445], [140.86250111, 39.30392695], [140.86229417, 39.30421611], [140.86225083, 39.30427167], [140.86212445, 39.30432778], [140.86198695, 39.30438389], [140.86191444, 39.30441222], [140.86182112, 39.30444778], [140.86171889, 39.30448528], [140.86162472, 39.30450778], [140.86153361, 39.30451473], [140.86140667, 39.30450028], [140.86122139, 39.30445278], [140.86103333, 39.30437138], [140.86082972, 39.30430361], [140.86074473, 39.30428666], [140.86063, 39.304265], [140.86042334, 39.30424139], [140.86018, 39.30424139], [140.86006944, 39.3042675], [140.85998056, 39.3042825], [140.8597125, 39.30436139], [140.85953861, 39.30440611], [140.85927083, 39.30445777], [140.85912833, 39.30448666], [140.85904611, 39.30452444], [140.8590025, 39.30455833], [140.85870083, 39.3047925], [140.8586, 39.30485861], [140.85847778, 39.30488639], [140.85832167, 39.30489639], [140.85822777, 39.30491305], [140.85806361, 39.30494584], [140.85791805, 39.3049975], [140.85779305, 39.30505972], [140.8575975, 39.30516111], [140.85751777, 39.30519472], [140.85736361, 39.30526833], [140.85714833, 39.30530194], [140.85688056, 39.30533], [140.85664945, 39.30534888], [140.8564675, 39.30536389], [140.85645861, 39.30536556], [140.85633, 39.30539194], [140.85619222, 39.30542], [140.85604723, 39.30544889], [140.85589555, 39.30548778], [140.85571945, 39.30549388], [140.85556917, 39.30547], [140.8554375, 39.30543389], [140.85535945, 39.305355], [140.85528972, 39.30528167], [140.8552075, 39.30519472], [140.85515666, 39.30517777], [140.85505528, 39.30516667], [140.85466527, 39.30516723], [140.85450889, 39.30515527], [140.8542875, 39.30512167], [140.85418639, 39.30511583], [140.85399806, 39.30515527], [140.85385306, 39.30520056], [140.85365028, 39.30530722], [140.85346916, 39.30536917], [140.85333889, 39.30541417], [140.85322278, 39.30548167], [140.85308528, 39.30558889], [140.85293306, 39.30572389], [140.85275639, 39.3059125], [140.85271167, 39.30598834], [140.85263611, 39.30617472], [140.85257083, 39.30632667], [140.85254916, 39.30636055], [140.85253111, 39.30649444], [140.85248389, 39.30658584], [140.85240639, 39.30667555], [140.85230278, 39.30673222], [140.85216528, 39.30678277], [140.85209361, 39.306815], [140.85201306, 39.30684472], [140.851895, 39.30688889], [140.851715, 39.30695889], [140.85159583, 39.30700695], [140.851475, 39.30701056], [140.85122389, 39.30697444], [140.85107, 39.30696195], [140.85096777, 39.30693778], [140.85090334, 39.30693833], [140.85070055, 39.30699139], [140.85052833, 39.30697444], [140.85032556, 39.306935], [140.8501575, 39.30686916], [140.85001333, 39.30681389], [140.84985472, 39.30676611], [140.84980389, 39.30675472], [140.84970278, 39.30676611], [140.84961334, 39.30679389], [140.8495575, 39.30684305], [140.84948333, 39.30701138], [140.84955083, 39.3071375], [140.84963056, 39.30727278], [140.84965916, 39.30738528], [140.84962778, 39.30749472], [140.84960833, 39.307605], [140.84954361, 39.30762195], [140.84940583, 39.30762195], [140.84923084, 39.30759028], [140.84902195, 39.30758805], [140.84894222, 39.30759945], [140.84885527, 39.30764445], [140.84874834, 39.307775], [140.84868139, 39.30787528], [140.84864223, 39.3079575], [140.84858944, 39.30807166], [140.848515, 39.30819084], [140.84838112, 39.30837194], [140.84833861, 39.308375], [140.84772056, 39.30851694], [140.84748583, 39.308585], [140.847455, 39.30858695], [140.84734111, 39.308565], [140.84716778, 39.30854], [140.84697944, 39.30851556], [140.84671361, 39.3085175], [140.8465225, 39.30847222], [140.84641917, 39.30842556], [140.84628417, 39.30842166], [140.84613195, 39.30846111], [140.84594722, 39.30856361], [140.84584389, 39.30862944], [140.845725, 39.30871416], [140.8456125, 39.30878139], [140.84548, 39.30881556], [140.84536194, 39.30882222], [140.84526666, 39.30880583], [140.8451325, 39.30875945], [140.84492972, 39.30865806], [140.84481862, 39.3086175], [140.844465, 39.3086125], [140.84411834, 39.30860778], [140.84393584, 39.30863861], [140.84346555, 39.30878222], [140.84327611, 39.30883889], [140.84317666, 39.30887139], [140.8430525, 39.30890055], [140.84291972, 39.30891556], [140.84282223, 39.30892194], [140.84271528, 39.30895194], [140.84254833, 39.30898972], [140.84238056, 39.309005], [140.84219194, 39.30905778], [140.84209778, 39.30910861], [140.84191194, 39.30921722], [140.84173611, 39.30927111], [140.84159778, 39.30929444], [140.84142944, 39.30930639], [140.84130112, 39.30931694], [140.84123028, 39.30930833], [140.84108389, 39.30926055], [140.84101417, 39.30923861], [140.84096778, 39.30922111], [140.84086639, 39.30919305], [140.84075778, 39.30917611], [140.84067611, 39.30916944], [140.84053889, 39.30915417], [140.840345, 39.30911972], [140.84008111, 39.30905166], [140.84004083, 39.30904112], [140.83978084, 39.30893889], [140.83958805, 39.30884861], [140.83945972, 39.30878417], [140.83938889, 39.30875361], [140.83923416, 39.30866194], [140.83914527, 39.30858223], [140.83896139, 39.30835944], [140.83882389, 39.30819973], [140.83878055, 39.30814528], [140.83866028, 39.30795972], [140.83863334, 39.30791777], [140.83860944, 39.30786167], [140.83858, 39.30776584], [140.83855611, 39.30767778], [140.83849834, 39.30752723], [140.83849083, 39.30747528], [140.83850444, 39.30743139], [140.83848528, 39.30736389], [140.83842806, 39.30728], [140.83838584, 39.30723222], [140.83833944, 39.30717], [140.83823611, 39.30703139], [140.83816777, 39.30692222], [140.83812361, 39.30685139], [140.83807195, 39.306755], [140.83802611, 39.30667751], [140.83795055, 39.30655167], [140.83783916, 39.30638722], [140.83772222, 39.30626055], [140.83760917, 39.30611083], [140.83748889, 39.30596972], [140.8374075, 39.30587667], [140.83732111, 39.30574666], [140.83724944, 39.30560945], [140.83721361, 39.30551361], [140.83719444, 39.30544778], [140.83715833, 39.30534639], [140.83712194, 39.3052675], [140.83706389, 39.30518305], [140.83697361, 39.30506945], [140.83683945, 39.30493528], [140.83669861, 39.30477945], [140.83660806, 39.30466472], [140.83653334, 39.30455305], [140.83649195, 39.30450139], [140.83635833, 39.30434], [140.83633278, 39.30431], [140.83623333, 39.30422333], [140.83615166, 39.30415222], [140.83602833, 39.30407333], [140.83590528, 39.30403056], [140.83581278, 39.3039975], [140.83569888, 39.30396667], [140.83564389, 39.30395611], [140.83557945, 39.30394388], [140.83540583, 39.30393334], [140.83521584, 39.30391361], [140.83495195, 39.30381833], [140.83473027, 39.30368778], [140.83463361, 39.30360222], [140.83445889, 39.30346055], [140.83435944, 39.30339666], [140.83419916, 39.30335888], [140.83388445, 39.30334667], [140.83378306, 39.30335806], [140.83340694, 39.30339833], [140.83320361, 39.30338056], [140.83300889, 39.30333306], [140.83285611, 39.30329611], [140.83278028, 39.30327861], [140.83277556, 39.3032775], [140.832675, 39.30325111], [140.8325875, 39.3032375], [140.83243167, 39.30323389], [140.83226111, 39.30323112], [140.83209555, 39.30325111], [140.83185945, 39.30329445], [140.8317125, 39.30329778], [140.83158139, 39.30329056], [140.83141473, 39.30325111], [140.83129139, 39.30322861], [140.83124416, 39.30321695], [140.83104556, 39.30318917], [140.8307775, 39.30320028], [140.83046361, 39.3032025], [140.83029667, 39.30318777], [140.8300225, 39.30316306], [140.829875, 39.30315306], [140.82932861, 39.30309889], [140.82862639, 39.30305389], [140.82848778, 39.30305222], [140.82838, 39.30303695], [140.82823111, 39.30298861], [140.82813584, 39.30296611], [140.82796722, 39.30293], [140.82792361, 39.30292445], [140.82787556, 39.30290167], [140.82782833, 39.30286861], [140.82778667, 39.30282861], [140.82776639, 39.3028175], [140.82751389, 39.30275583], [140.82746, 39.3027725], [140.82740417, 39.30278584], [140.82713056, 39.30288083], [140.82707777, 39.30290861], [140.82695667, 39.30295972], [140.8267625, 39.30300305], [140.82664639, 39.303015], [140.82649139, 39.30306805], [140.82630333, 39.30311305], [140.82621194, 39.30313584], [140.82613139, 39.30315528], [140.82591194, 39.30318583], [140.82565639, 39.30319305], [140.82551333, 39.30322223], [140.82541861, 39.30326694], [140.82529945, 39.3033475], [140.82518917, 39.30347194], [140.82508055, 39.30356583], [140.82498611, 39.30360917], [140.82481944, 39.30368083], [140.82472361, 39.30372528], [140.82460278, 39.30384334], [140.82451527, 39.30396056], [140.82444861, 39.30411695], [140.82443083, 39.304345], [140.82441444, 39.30449139], [140.82437722, 39.30460333], [140.82431916, 39.30469638], [140.82420305, 39.3048], [140.824155, 39.30485056], [140.82409833, 39.30492695], [140.82403805, 39.30510639], [140.82400944, 39.30528389], [140.82401334, 39.30544917], [140.82405667, 39.30553222], [140.82409695, 39.30558889], [140.82409944, 39.30563333], [140.82407778, 39.30563333], [140.82404889, 39.30563333], [140.82393417, 39.30554667], [140.82388556, 39.30538833], [140.82388944, 39.30519973], [140.82391111, 39.30509833], [140.82393278, 39.305025], [140.82410666, 39.30463084], [140.82414306, 39.30451805], [140.82417195, 39.30442222], [140.82417195, 39.30438862], [140.82409777, 39.30419833], [140.8240325, 39.30406473], [140.82397694, 39.30396112], [140.82393972, 39.30385889], [140.82392806, 39.30374889], [140.82397611, 39.30361527], [140.82402639, 39.30350389], [140.8240775, 39.30338], [140.8241325, 39.30320972], [140.82414638, 39.30313389], [140.82418278, 39.30303111], [140.82418278, 39.30303083], [140.82421861, 39.30292028], [140.82425944, 39.30279722], [140.82428111, 39.30273333], [140.82428278, 39.30262028], [140.82420417, 39.30259916], [140.82394278, 39.3026125], [140.82375305, 39.30265278], [140.82357111, 39.3027], [140.82329334, 39.30279805], [140.82297805, 39.30293222], [140.82248305, 39.30313277], [140.82213833, 39.30327528], [140.82199667, 39.30333473], [140.82185417, 39.30336361], [140.82168361, 39.30337055], [140.82141112, 39.30336139], [140.82108861, 39.30330056], [140.82082917, 39.30322056], [140.82059028, 39.30313972], [140.82051056, 39.30310583], [140.8202425, 39.3030325], [140.81995306, 39.30299361], [140.81968584, 39.30299195], [140.81946194, 39.30302139], [140.81912889, 39.30308389], [140.81881528, 39.30311695], [140.81859111, 39.30310583], [140.81845361, 39.30308889], [140.81831584, 39.30308333], [140.81813167, 39.30306945], [140.81796083, 39.30306083], [140.81766945, 39.3030225], [140.81735111, 39.30297917], [140.81711445, 39.30295889], [140.81684528, 39.30293695], [140.81673612, 39.30293], [140.81663528, 39.30293695], [140.8162925, 39.30298222], [140.81578083, 39.30300445], [140.81560861, 39.30305277], [140.81550555, 39.30309305], [140.81542361, 39.30318195], [140.81539555, 39.30325195], [140.81536861, 39.30332222], [140.81524166, 39.303415], [140.81516417, 39.30346528], [140.81511695, 39.3034925], [140.81509195, 39.30353111], [140.81510278, 39.30363222], [140.81515056, 39.30371416], [140.81528556, 39.30392445], [140.81532361, 39.30398416], [140.81537833, 39.30408861], [140.81522916, 39.30409278], [140.81504972, 39.30409389], [140.81500055, 39.30397861], [140.81496945, 39.303945], [140.81485334, 39.30378834], [140.81471583, 39.30360139], [140.81466722, 39.30348722], [140.81465222, 39.30342277], [140.81468277, 39.30333195], [140.81476806, 39.30321167], [140.81490833, 39.30310666], [140.81493334, 39.30302139], [140.81493138, 39.30295223], [140.81489778, 39.30290528], [140.81482361, 39.30286778], [140.81471166, 39.3028625], [140.81458555, 39.30290861], [140.81448528, 39.30299611], [140.81439445, 39.30310416], [140.81434639, 39.30316222], [140.814225, 39.30330027], [140.81398417, 39.30348889], [140.81381778, 39.30357889], [140.81374389, 39.30361361], [140.81366417, 39.30365056], [140.81358611, 39.30369166], [140.8133325, 39.30378722], [140.81303722, 39.30385334], [140.81278222, 39.30391084], [140.81263222, 39.30396778], [140.81252945, 39.30403111], [140.81244723, 39.30410472], [140.81230389, 39.30420389], [140.81216583, 39.30428861], [140.81208166, 39.30434444], [140.81193944, 39.30442611], [140.81183612, 39.30450444], [140.81170805, 39.30468083], [140.81162028, 39.30477028], [140.81154917, 39.30482167], [140.81139445, 39.30489667], [140.81125722, 39.30497527], [140.81113056, 39.30504861], [140.81092055, 39.30514444], [140.81073028, 39.30523473], [140.81056583, 39.30532473], [140.81047167, 39.30539806], [140.81018139, 39.30549139], [140.80998473, 39.30558444], [140.80978333, 39.30566833], [140.80965639, 39.30570527], [140.8094975, 39.30568834], [140.80934972, 39.30568889], [140.80921862, 39.30572639], [140.80908055, 39.30580084], [140.80899778, 39.30584584], [140.80873917, 39.30592194], [140.80871805, 39.30592666], [140.80861, 39.30595], [140.80842889, 39.30602305], [140.80836362, 39.30605694], [140.80804861, 39.30616806], [140.80795444, 39.30624139], [140.80787139, 39.30629111], [140.80765833, 39.30647417], [140.80758555, 39.30650028], [140.80748389, 39.30652278], [140.80742611, 39.30652834], [140.80724889, 39.30652222], [140.80712917, 39.30651694], [140.80689, 39.30651694], [140.80679584, 39.30653972], [140.80665833, 39.30660166], [140.80654028, 39.30666722], [140.80640472, 39.30670306], [140.80628139, 39.30669722], [140.80610055, 39.30666361], [140.80585417, 39.30664111], [140.80565861, 39.30664666], [140.80556445, 39.30666361], [140.80536888, 39.30669166], [140.80528139, 39.30670667], [140.80515361, 39.30673084], [140.80500028, 39.30677778], [140.80486861, 39.30682639], [140.80468806, 39.30687195], [140.80459167, 39.30690305], [140.8044925, 39.30693389], [140.80437833, 39.30698333], [140.80423334, 39.30708833], [140.80416139, 39.3071425], [140.80397889, 39.30731389], [140.80383583, 39.30746528], [140.80376583, 39.30757833], [140.80369584, 39.3077], [140.80364917, 39.30780556], [140.80361389, 39.30790084], [140.8035625, 39.30805056], [140.80354888, 39.30815722], [140.80353611, 39.30830639], [140.80345444, 39.30852944], [140.80326139, 39.30891666], [140.80317417, 39.30909084], [140.80312528, 39.30922778], [140.80311167, 39.30931056], [140.80300278, 39.3094125], [140.80284889, 39.30952055], [140.80246416, 39.30981195], [140.80231222, 39.30996389], [140.80224972, 39.31008222], [140.8022075, 39.31021], [140.80218166, 39.31036944], [140.80212389, 39.31055528], [140.802145, 39.31064278], [140.80220806, 39.31069389], [140.8024425, 39.31071861], [140.80262361, 39.31076361], [140.80273944, 39.31082556], [140.80281556, 39.31089556], [140.80284833, 39.31092695], [140.80291333, 39.31099472], [140.80296417, 39.31102833], [140.80308944, 39.31109111], [140.80308722, 39.31112417], [140.80274612, 39.3111475], [140.80247722, 39.311095], [140.80227583, 39.31106222], [140.802145, 39.31104945], [140.80200111, 39.31104889], [140.80188972, 39.3110775], [140.80181055, 39.3110975], [140.80174806, 39.31114028], [140.80174, 39.31120278], [140.80178528, 39.31127194], [140.80186305, 39.31133055], [140.80191306, 39.31138389], [140.80199222, 39.31147139], [140.802025, 39.31156027], [140.80201777, 39.31165361], [140.80194666, 39.31175695], [140.8018775, 39.31185056], [140.80186305, 39.31191806], [140.80186417, 39.31208222], [140.80184139, 39.31218833], [140.80181111, 39.31233861], [140.80177027, 39.3124175], [140.80168611, 39.31250583], [140.80160639, 39.31254861], [140.80150806, 39.31255445], [140.80136222, 39.31255194], [140.80124, 39.31254334], [140.8011675, 39.31253195], [140.80097111, 39.31252139], [140.80080556, 39.31251527], [140.80068222, 39.31253777], [140.80059472, 39.31260527], [140.80051972, 39.31270083], [140.80047278, 39.31277584], [140.80042889, 39.31286083], [140.80032027, 39.31303111], [140.80019, 39.31330361], [140.80015139, 39.31342166], [140.80000166, 39.31384528], [140.79997584, 39.3139625], [140.79997083, 39.31413722], [140.79999444, 39.31423278], [140.800045, 39.31435111], [140.80005778, 39.31446639], [140.80004472, 39.31461028], [140.79998222, 39.314775], [140.79991139, 39.31493306], [140.79996194, 39.31519334], [140.79996945, 39.31529528], [140.79998166, 39.31538083], [140.79999166, 39.31551444], [140.79993278, 39.31554334], [140.79987444, 39.31557194], [140.79986305, 39.31545], [140.79985472, 39.31531834], [140.79984944, 39.31524667], [140.79970417, 39.31506694], [140.79973083, 39.31488917], [140.79973222, 39.31482861], [140.79973556, 39.31471889], [140.79971778, 39.31468389], [140.7996575, 39.31468306], [140.79961778, 39.31469472], [140.79956806, 39.31471973], [140.79944195, 39.31493584], [140.79933472, 39.31513945], [140.79928888, 39.31519334], [140.79920055, 39.31525055], [140.79915778, 39.3152725], [140.79902278, 39.31532473], [140.79890639, 39.31536639], [140.79880972, 39.31540584], [140.79875084, 39.31543528], [140.79868389, 39.31547806], [140.79862083, 39.31553445], [140.79820944, 39.31562], [140.79773416, 39.31568417], [140.79760778, 39.31563611], [140.79748666, 39.31558417], [140.79717166, 39.3154825], [140.79692944, 39.31541195], [140.79670611, 39.31535361], [140.79652528, 39.31533723], [140.79632222, 39.31534723], [140.79620139, 39.31537083], [140.79609778, 39.3154025], [140.79591972, 39.3154625], [140.79563778, 39.31557223], [140.79546028, 39.31564833], [140.79520111, 39.31575805], [140.79497111, 39.31584306], [140.79478361, 39.31593223], [140.79466917, 39.31600611], [140.79428527, 39.31606556], [140.79381222, 39.31613083], [140.793245, 39.316215], [140.79309861, 39.31623694], [140.79292222, 39.31619555], [140.79275833, 39.31614444], [140.79268583, 39.3161025], [140.79262694, 39.31605972], [140.79248694, 39.31601334], [140.79231973, 39.3159475], [140.7921525, 39.31587472], [140.79196194, 39.31574695], [140.79183834, 39.31565194], [140.79155527, 39.31545], [140.79133417, 39.31529027], [140.79125722, 39.31521611], [140.79114555, 39.31511945], [140.79094055, 39.31493083], [140.790795, 39.3148275], [140.7906725, 39.314745], [140.79057833, 39.31469444], [140.79051305, 39.314655], [140.79041445, 39.31459139], [140.79027195, 39.31450111], [140.79010723, 39.31437083], [140.79000945, 39.31429], [140.78991389, 39.31418973], [140.78971611, 39.31392139], [140.78966, 39.31384833], [140.78953861, 39.31363445], [140.78949861, 39.31354], [140.78946639, 39.31342333], [140.78941611, 39.31328334], [140.7893975, 39.3132525], [140.78937111, 39.31316389], [140.7893525, 39.31309305], [140.78933223, 39.31303833], [140.78928556, 39.31291973], [140.78922889, 39.312775], [140.78918389, 39.31268584], [140.78912139, 39.31259361], [140.78904416, 39.31250805], [140.78892556, 39.31241805], [140.78887111, 39.31238972], [140.78870916, 39.312325], [140.78857667, 39.31224944], [140.788485, 39.31219389], [140.78842695, 39.31216], [140.78826528, 39.31210167], [140.78811694, 39.31205639], [140.78800333, 39.31205278], [140.78786917, 39.31210361], [140.78781861, 39.31211388], [140.78749167, 39.31211361], [140.78746111, 39.31211361], [140.78735584, 39.31211417], [140.78720278, 39.31211472], [140.78706139, 39.31219666], [140.78690584, 39.31232861], [140.78686973, 39.31237389], [140.78680444, 39.3124525], [140.78674362, 39.31257444], [140.78667416, 39.31275111], [140.78664917, 39.31287556], [140.78663778, 39.31298222], [140.78663778, 39.31318], [140.78665333, 39.3133075], [140.78669278, 39.31343084], [140.78671, 39.31354167], [140.78671472, 39.31367028], [140.78666694, 39.31377638], [140.78663778, 39.31380445], [140.78653639, 39.31388888], [140.78635528, 39.31402417], [140.78587, 39.31439027], [140.78568167, 39.31454222], [140.78560278, 39.31461556], [140.78553861, 39.31467333], [140.78543334, 39.314815], [140.78535555, 39.314925], [140.7853175, 39.31512778], [140.78521583, 39.31548722], [140.78521889, 39.31560333], [140.78524695, 39.31572472], [140.78529055, 39.31597833], [140.7853125, 39.31606694], [140.78533666, 39.31613805], [140.78536139, 39.31626556], [140.78538416, 39.31638945], [140.78540028, 39.31653667], [140.7853775, 39.31661472], [140.78535555, 39.31663722], [140.78530861, 39.31668361], [140.78518834, 39.31679166], [140.78508361, 39.31686667], [140.78491112, 39.31699416], [140.78483139, 39.31712306], [140.78473056, 39.31720306], [140.78456639, 39.31727917], [140.78448361, 39.31732473], [140.78435611, 39.3173925], [140.7841825, 39.31745944], [140.78405944, 39.31750444], [140.78363333, 39.31762445], [140.78349, 39.31770055], [140.78342056, 39.31779556], [140.78342028, 39.31782917], [140.78342917, 39.31805639], [140.7834, 39.31817472], [140.78331333, 39.31842834], [140.7832825, 39.31854973], [140.78327, 39.31874889], [140.78329306, 39.31895722], [140.78327694, 39.31914917], [140.78321167, 39.31941944], [140.78308916, 39.31974139], [140.78275806, 39.32029695], [140.78272223, 39.32038916], [140.78268472, 39.32048223], [140.78260555, 39.32051166], [140.782505, 39.32055139], [140.78235805, 39.32064555], [140.78233305, 39.3206875], [140.78228417, 39.32077306], [140.78206833, 39.32074778], [140.78186139, 39.32073], [140.78188778, 39.32063861], [140.78190056, 39.32053445], [140.78189945, 39.32037889], [140.78190167, 39.32022083], [140.7818975, 39.32002667], [140.78190167, 39.31989639], [140.78191611, 39.31980111], [140.7819325, 39.31963389], [140.78189972, 39.31956306], [140.78181194, 39.31946945], [140.78168111, 39.31931083], [140.78159695, 39.31920056], [140.78151833, 39.31907028], [140.78141639, 39.31888694], [140.78133695, 39.31868778], [140.78127805, 39.31859722], [140.78122, 39.31850694], [140.78119166, 39.31846639], [140.78118306, 39.31833055], [140.78128528, 39.31821417], [140.78135027, 39.31811833], [140.78140111, 39.31791555], [140.78143, 39.31780861], [140.78141556, 39.31778611], [140.78137945, 39.31776916], [140.78126333, 39.31778611], [140.7811475, 39.31783666], [140.78106027, 39.31784972], [140.78090778, 39.31781084], [140.78062361, 39.31773722], [140.7804075, 39.31766584], [140.7803725, 39.31764528], [140.78036611, 39.31762722], [140.78032889, 39.31751583], [140.78032889, 39.31743639], [140.78037917, 39.31722], [140.78038166, 39.31704834], [140.78033, 39.31688389], [140.78024472, 39.31675361], [140.78017555, 39.31668028], [140.78005361, 39.316575], [140.77999555, 39.31652084], [140.77990889, 39.31647361], [140.77972611, 39.31648277], [140.77954194, 39.31652694], [140.77942611, 39.31655111], [140.77929861, 39.316585], [140.77920611, 39.31663138], [140.77909889, 39.31667222], [140.77895305, 39.31667083], [140.77889555, 39.31661222], [140.77888778, 39.31654138], [140.77897361, 39.31647695], [140.77909028, 39.31644556], [140.77924361, 39.31643333], [140.77937722, 39.31641556], [140.779525, 39.31641278], [140.77961194, 39.31640056], [140.77970056, 39.31634084], [140.77972778, 39.31625972], [140.77972778, 39.31616389], [140.77969861, 39.31609138], [140.77963722, 39.31602056], [140.77953334, 39.31596444], [140.77932556, 39.31587583], [140.77921362, 39.31581472], [140.77913361, 39.315775], [140.77901583, 39.31572334], [140.77889305, 39.31568861], [140.77876472, 39.31569083], [140.77867528, 39.31569111], [140.77856361, 39.31563305], [140.77846112, 39.31553777], [140.77836972, 39.31544445], [140.77829389, 39.31536111], [140.77819139, 39.31524861], [140.77811333, 39.31516445], [140.77797666, 39.31522333], [140.77778944, 39.31531], [140.77754472, 39.31501278], [140.77762056, 39.31495722], [140.77775583, 39.31485805], [140.77774, 39.314835], [140.7776475, 39.31475889], [140.77754528, 39.31467139], [140.77737694, 39.31452111], [140.77724194, 39.31441444], [140.77723222, 39.31430361], [140.77717972, 39.31418334], [140.77711139, 39.31406723], [140.77706305, 39.31397083], [140.77714111, 39.31390472], [140.77721195, 39.31384139], [140.77730139, 39.31391111], [140.77733028, 39.31393361], [140.77745306, 39.31402722], [140.77759445, 39.31412611], [140.77776389, 39.31423444], [140.77792444, 39.31432805], [140.77818167, 39.31452416], [140.77832278, 39.31462249], [140.77844472, 39.31469333], [140.77856306, 39.31475472], [140.77872417, 39.31483083], [140.77876333, 39.31484945], [140.77885972, 39.31489472], [140.77894583, 39.31490806], [140.77900361, 39.3149025], [140.77912527, 39.31487917], [140.77922084, 39.31482917], [140.77935861, 39.31473917], [140.77952528, 39.31458722], [140.77968416, 39.31439], [140.77980027, 39.31420417], [140.779945, 39.3139675], [140.77998611, 39.31386861], [140.78000805, 39.31370472], [140.78001056, 39.31336445], [140.78005833, 39.31320388], [140.78013333, 39.31304945], [140.78027834, 39.31280723], [140.78034361, 39.31270583], [140.78048333, 39.31259056], [140.78062611, 39.31246389], [140.78069111, 39.31239056], [140.78074917, 39.312295], [140.78079972, 39.31217111], [140.78083639, 39.31200222], [140.78082889, 39.31179917], [140.78080722, 39.31163028], [140.78075888, 39.31152833], [140.78066944, 39.31132611], [140.78059, 39.31123999], [140.78054667, 39.31118111], [140.78048861, 39.31105583], [140.78048556, 39.31085389], [140.78053388, 39.31065139], [140.78072833, 39.31052723], [140.78082556, 39.31045139], [140.78094028, 39.31034917], [140.78100222, 39.31027639], [140.78110556, 39.31011056], [140.78114028, 39.30998], [140.7811825, 39.30985027], [140.78117778, 39.3095375], [140.78114611, 39.30937917], [140.78103195, 39.30908472], [140.78107916, 39.30900222], [140.78121472, 39.30891139], [140.78127083, 39.30888278], [140.7813275, 39.3088525], [140.7813825, 39.30880166], [140.7813825, 39.30870834], [140.78136306, 39.30868667], [140.7813, 39.30861139], [140.78125639, 39.30858333], [140.78115695, 39.30852944], [140.78104639, 39.30851028], [140.78095167, 39.30849639], [140.7808625, 39.3084825], [140.78076305, 39.30844389], [140.78071334, 39.30838611], [140.78065639, 39.30827556], [140.78061916, 39.30814972], [140.78051973, 39.30791639], [140.78042334, 39.30781722], [140.78033639, 39.30774972], [140.78010473, 39.30765972], [140.78004, 39.30763389], [140.77997806, 39.307615], [140.78009694, 39.30751473], [140.78019778, 39.30743055], [140.78024083, 39.30746472], [140.78030028, 39.30752444], [140.78041612, 39.3075525], [140.78087111, 39.30758056], [140.78106083, 39.30764833], [140.78115222, 39.30766861], [140.781295, 39.30769111], [140.78156361, 39.30769333], [140.78195416, 39.30770028], [140.78195556, 39.30770028], [140.78219805, 39.30776667], [140.78241, 39.3078325], [140.78248278, 39.30789028], [140.78258472, 39.30794472], [140.78269555, 39.30798055], [140.78282083, 39.30802611], [140.782915, 39.30812139], [140.78295695, 39.30818445], [140.78299833, 39.30828861], [140.78299833, 39.30839167], [140.78294806, 39.30851306], [140.782895, 39.30863612], [140.78289334, 39.30873556], [140.78295861, 39.30889888], [140.78298861, 39.30903472], [140.78299472, 39.30945639], [140.78297305, 39.30957472], [140.78292944, 39.30969861], [140.78292944, 39.30985639], [140.7829275, 39.3099125], [140.78293111, 39.3100125], [140.78297167, 39.31011389], [140.78305861, 39.31014638], [140.78314695, 39.31014917], [140.78355778, 39.31010445], [140.78381306, 39.31007028], [140.78402028, 39.31001972], [140.78412833, 39.30999139], [140.784195, 39.30996861], [140.78436444, 39.30988944], [140.78465333, 39.30971556], [140.78473417, 39.309695], [140.78488722, 39.30968473], [140.78516528, 39.30972583], [140.78548028, 39.30980917], [140.78582444, 39.30990528], [140.78604416, 39.30995778], [140.78632973, 39.30995778], [140.78644667, 39.30993695], [140.78676111, 39.30989583], [140.78699667, 39.30984], [140.78710195, 39.30984056], [140.78722528, 39.30988694], [140.78727889, 39.30996945], [140.78734194, 39.31009639], [140.78732611, 39.31017167], [140.78730416, 39.31029], [140.78730416, 39.31045889], [140.78723, 39.31075584], [140.78723583, 39.31095722], [140.78726778, 39.31107028], [140.78731695, 39.31116694], [140.78736112, 39.31123417], [140.78746444, 39.311345]]], [[[140.88533223, 39.29905111], [140.885325, 39.29901167], [140.88531056, 39.29899472], [140.88522361, 39.29893278], [140.8850325, 39.29887194], [140.88488194, 39.29880333], [140.88477194, 39.29878638], [140.88470194, 39.29880055], [140.88462999, 39.29885389], [140.88458056, 39.29891777], [140.88451833, 39.29896916], [140.88436195, 39.29903417], [140.88431833, 39.29906805], [140.88431833, 39.29920889], [140.88439084, 39.29933834], [140.88449917, 39.29942277], [140.88460778, 39.29948472], [140.88482527, 39.29956361], [140.88494111, 39.29958611], [140.88507889, 39.29958056], [140.8851875, 39.29949611], [140.88523806, 39.29941722], [140.88527444, 39.29931027], [140.88531056, 39.2991075], [140.88533223, 39.29905111]]]]}, "properties": {"N03_001": "岩手県", "N03_002": null, "N03_003": "和賀郡", "N03_004": "西和賀町", "N03_005": null, "N03_007": "03366"}}, {"type": "Feature", "geometry": {"type": "Polygon", "coordinates": [[[140.890689, 39.18169], [140.892927, 39.186137], [140.896641, 39.187303], [140.902068, 39.193092], [140.908271, 39.194863], [140.918925, 39.19512], [140.919491, 39.200618], [140.923626, 39.203044], [140.9271, 39.209106], [140.927895, 39.214019], [140.934521, 39.220448], [140.933502, 39.224263], [140.940463, 39.225189], [140.944484, 39.231956], [140.95095, 39.231193], [140.953853, 39.234262], [140.961125, 39.232776], [140.966095, 39.234511], [140.988405, 39.237327], [140.997616, 39.23792], [141.014025, 39.245149], [141.031903, 39.254947], [141.040141, 39.249798], [141.040006, 39.255358], [141.050337, 39.258108], [141.051951, 39.250549], [141.070899, 39.249511], [141.076958, 39.247304], [141.074027, 39.242092], [141.082821, 39.237543], [141.085422, 39.231544], [141.092813, 39.228661], [141.099593, 39.230585], [141.103653, 39.229864], [141.10664, 39.22678], [141.122656, 39.225019], [141.12662, 39.223203], [141.130369, 39.217812], [141.129707, 39.209899], [141.125611, 39.199206], [141.130379, 39.195171], [141.138949, 39.195704], [141.139206, 39.190434], [141.132861, 39.186968], [141.125247, 39.187703], [141.108061, 39.182402], [141.099668, 39.171709], [141.08801, 39.163425], [141.073748, 39.157946], [141.059598, 39.150744], [141.042979, 39.146696], [141.037866, 39.141751], [141.030806, 39.132266], [141.019776, 39.129842], [141.013926, 39.130356], [141.006676, 39.13428], [140.995345, 39.133978], [140.983275, 39.138494], [140.979613, 39.142066], [140.973824, 39.142562], [140.962618, 39.149799], [140.921939, 39.167649], [140.908454, 39.172493], [140.900839, 39.171484], [140.890689, 39.18169]]]}, "properties": {"N03_001": "岩手県", "N03_002": null, "N03_003": "胆沢郡", "N03_004": "金ケ崎町", "N03_005": null, "N03_007": "03381"}}, {"type": "Feature", "geometry": {"type": "Polygon", "coordinates": [[[141.177515, 39.01843], [141.184209, 39.012092], [141.192107, 39.000185], [141.185713, 38.99503], [141.183541, 38.986474], [141.178945, 38.987186], [141.173993, 38.98515], [141.162557, 38.98387], [141.154614, 38.975885], [141.148689, 38.980057], [141.139531, 38.977708], [141.135954, 38.971126], [141.12736, 38.967906], [141.130618, 38.95933], [141.121162, 38.957081], [141.109809, 38.949688], [141.107195, 38.950878], [141.1086, 38.956828], [141.112241, 38.958617], [141.112137, 38.967498], [141.106516, 38.968327], [141.101263, 38.965027], [141.095313, 38.968323], [141.085306, 38.962911], [141.082961, 38.96377], [141.072714, 38.960684], [141.067788, 38.964551], [141.060675, 38.961274], [141.056697, 38.965374], [141.045797, 38.967727], [141.029261, 38.967771], [141.023283, 38.972477], [141.015953, 38.973074], [141.013286, 38.979621], [141.009395, 38.980715], [141.006463, 38.985284], [141.016345, 38.98779], [141.017471, 38.990093], [141.025656, 38.991718], [141.027888, 38.995525], [141.037594, 38.999737], [141.045056, 39.001478], [141.057683, 38.999464], [141.065078, 39.002538], [141.073509, 39.002172], [141.090182, 39.004355], [141.09961, 39.006463], [141.110816, 39.005905], [141.110339, 39.018695], [141.105211, 39.019046], [141.10561, 39.028511], [141.12331, 39.014285], [141.127822, 39.013167], [141.134262, 39.020171], [141.138113, 39.021287], [141.148244, 39.016403], [141.160868, 39.012648], [141.168545, 39.017669], [141.177515, 39.01843]]]}, "properties": {"N03_001": "岩手県", "N03_002": null, "N03_003": "西磐井郡", "N03_004": "平泉町", "N03_005": null, "N03_007": "03402"}}, {"type": "Feature", "geometry": {"type": "Polygon", "coordinates": [[[141.728262, 39.203246], [141.717922, 39.199858], [141.709752, 39.190347], [141.700818, 39.187096], [141.695467, 39.183302], [141.689516, 39.184807], [141.68333, 39.1818], [141.678334, 39.176391], [141.663505, 39.17414], [141.658202, 39.177278], [141.648861, 39.17787], [141.648257, 39.174491], [141.63983, 39.171142], [141.644658, 39.162473], [141.639366, 39.156862], [141.632034, 39.15198], [141.631128, 39.139405], [141.625032, 39.136176], [141.619266, 39.128706], [141.620039, 39.125699], [141.616695, 39.120743], [141.617424, 39.114762], [141.625569, 39.112406], [141.615112, 39.109704], [141.59713, 39.101109], [141.589833, 39.101095], [141.578511, 39.111511], [141.573768, 39.110077], [141.559035, 39.111844], [141.557017, 39.103175], [141.553395, 39.098947], [141.547602, 39.096293], [141.544205, 39.097239], [141.531347, 39.105168], [141.524858, 39.095467], [141.519056, 39.0993], [141.515131, 39.11126], [141.508812, 39.113963], [141.502218, 39.113036], [141.496509, 39.10971], [141.487501, 39.114988], [141.48392, 39.114737], [141.473247, 39.12629], [141.466644, 39.12516], [141.467675, 39.107685], [141.462732, 39.101569], [141.45466, 39.103715], [141.451249, 39.106942], [141.446725, 39.106243], [141.439333, 39.110447], [141.432019, 39.110731], [141.425475, 39.108577], [141.420889, 39.109481], [141.41413, 39.107296], [141.405722, 39.119411], [141.409261, 39.121764], [141.409976, 39.128815], [141.406738, 39.135753], [141.402474, 39.13866], [141.39727, 39.138074], [141.393187, 39.140721], [141.390227, 39.148096], [141.393843, 39.151861], [141.39213, 39.158424], [141.384853, 39.162122], [141.388449, 39.172338], [141.384458, 39.176841], [141.38931, 39.181879], [141.38601, 39.184903], [141.373356, 39.1876], [141.376994, 39.191621], [141.39183, 39.194362], [141.392521, 39.197199], [141.401701, 39.201158], [141.406991, 39.201642], [141.424759, 39.195001], [141.433703, 39.194833], [141.440958, 39.192188], [141.444088, 39.201041], [141.452376, 39.199176], [141.456402, 39.200032], [141.461521, 39.205214], [141.472968, 39.210506], [141.480664, 39.22069], [141.482032, 39.227796], [141.4778, 39.234292], [141.486301, 39.236134], [141.4965, 39.239737], [141.502606, 39.234], [141.510384, 39.237086], [141.516389, 39.245517], [141.522184, 39.248248], [141.523895, 39.245279], [141.536495, 39.244571], [141.541004, 39.243293], [141.546963, 39.250208], [141.556705, 39.252742], [141.56216, 39.259827], [141.57198, 39.260453], [141.577298, 39.258071], [141.581033, 39.250434], [141.585819, 39.250457], [141.594266, 39.243451], [141.606072, 39.252135], [141.61537, 39.24914], [141.620974, 39.250897], [141.627782, 39.247084], [141.635207, 39.252156], [141.644584, 39.247551], [141.658565, 39.243119], [141.661803, 39.245723], [141.662168, 39.251256], [141.666273, 39.253127], [141.672485, 39.252717], [141.678371, 39.257303], [141.683747, 39.259458], [141.691105, 39.266258], [141.697453, 39.266711], [141.70646, 39.264455], [141.704614, 39.25095], [141.705666, 39.243809], [141.711374, 39.233392], [141.705759, 39.22869], [141.70113, 39.219655], [141.706339, 39.217048], [141.71457, 39.218299], [141.728262, 39.203246]]]}, "properties": {"N03_001": "岩手県", "N03_002": null, "N03_003": "気仙郡", "N03_004": "住田町", "N03_005": null, "N03_007": "03441"}}, {"type": "Feature", "geometry": {"type": "Polygon", "coordinates": [[[141.720839, 39.446273], [141.716378, 39.452964], [141.714857, 39.462519], [141.711593, 39.464275], [141.708233, 39.472209], [141.702182, 39.478636], [141.70494, 39.486594], [141.703294, 39.488421], [141.706596, 39.498777], [141.710318, 39.503718], [141.71979, 39.507924], [141.728253, 39.507438], [141.736498, 39.510874], [141.738514, 39.522746], [141.743824, 39.528805], [141.748318, 39.529341], [141.75019, 39.527237], [141.758621, 39.525786], [141.7654, 39.517776], [141.770016, 39.518387], [141.782007, 39.514292], [141.781944, 39.510314], [141.786186, 39.504537], [141.798291, 39.498974], [141.798898, 39.49544], [141.805852, 39.489833], [141.809836, 39.481775], [141.81438, 39.478409], [141.813693, 39.472582], [141.820212, 39.463646], [141.830728, 39.463883], [141.84034, 39.459536], [141.843204, 39.451052], [141.849745, 39.447582], [141.852808, 39.44246], [141.861181, 39.435275], [141.85987, 39.432052], [141.86175, 39.424956], [141.865773, 39.420204], [141.878744, 39.416099], [141.883996, 39.406345], [141.89719, 39.399373], [141.905651, 39.40202], [141.913544, 39.400205], [141.922621, 39.401186], [141.929589, 39.405642], [141.93399, 39.401966], [141.943628, 39.402769], [141.952938, 39.399354], [141.951333, 39.396044], [141.945956, 39.393692], [141.942755, 39.388459], [141.937988, 39.384817], [141.939456, 39.380406], [141.943564, 39.376513], [141.945237, 39.37169], [141.952489, 39.371749], [141.95888, 39.376319], [141.964674, 39.378497], [141.967655, 39.374579], [141.964864, 39.367939], [141.956329, 39.361099], [141.957436, 39.355993], [141.945795, 39.350364], [141.937171, 39.350177], [141.91946, 39.355372], [141.913019, 39.350189], [141.915317, 39.345622], [141.91496, 39.345802], [141.914046, 39.346336], [141.913661, 39.346464], [141.912297, 39.346415], [141.911052, 39.346062], [141.910789, 39.346024], [141.910347, 39.34601], [141.910167, 39.346055], [141.909301, 39.346472], [141.908769, 39.347017], [141.908435, 39.34721], [141.908367, 39.347238], [141.907826, 39.347453], [141.907235, 39.347774], [141.906365, 39.347891], [141.905691, 39.348148], [141.905518, 39.348231], [141.904941, 39.348372], [141.904601, 39.348417], [141.904472, 39.348488], [141.903818, 39.34884], [141.903298, 39.34886], [141.903125, 39.348873], [141.902003, 39.348949], [141.901158, 39.349364], [141.900835, 39.349545], [141.9, 39.349518], [141.899393, 39.349483], [141.898271, 39.349111], [141.89811, 39.348778], [141.897803, 39.348643], [141.897309, 39.348662], [141.895962, 39.348201], [141.895641, 39.347944], [141.894596, 39.347047], [141.893717, 39.347128], [141.893284, 39.347022], [141.892961, 39.346936], [141.891667, 39.347053], [141.891101, 39.347064], [141.890569, 39.346987], [141.890492, 39.346968], [141.889882, 39.346891], [141.889638, 39.346666], [141.889382, 39.345833], [141.888984, 39.345705], [141.888728, 39.345666], [141.888178, 39.345526], [141.887663, 39.345149], [141.887056, 39.344968], [141.886831, 39.344862], [141.885324, 39.344276], [141.884214, 39.344052], [141.884073, 39.344052], [141.883367, 39.343882], [141.883059, 39.343975], [141.881675, 39.34418], [141.881117, 39.344514], [141.879622, 39.344918], [141.879161, 39.345091], [141.878391, 39.345283], [141.877525, 39.345591], [141.877076, 39.345911], [141.876226, 39.346448], [141.875827, 39.346646], [141.875218, 39.347191], [141.874833, 39.347557], [141.865507, 39.35433], [141.858972, 39.357349], [141.851712, 39.357033], [141.845824, 39.361554], [141.841339, 39.367239], [141.834949, 39.368436], [141.829047, 39.366421], [141.823358, 39.370165], [141.814535, 39.372854], [141.802923, 39.372741], [141.801114, 39.371298], [141.790201, 39.37059], [141.788335, 39.375047], [141.790579, 39.379525], [141.77914, 39.384565], [141.775427, 39.389652], [141.764989, 39.387228], [141.755243, 39.391615], [141.745036, 39.393675], [141.743655, 39.405775], [141.741573, 39.411176], [141.746416, 39.417155], [141.7419, 39.422851], [141.729245, 39.427095], [141.723574, 39.426362], [141.719965, 39.429162], [141.723817, 39.433961], [141.720548, 39.439479], [141.720839, 39.446273]]]}, "properties": {"N03_001": "岩手県", "N03_002": null, "N03_003": "上閉伊郡", "N03_004": "大槌町", "N03_005": null, "N03_007": "03461"}}, {"type": "Feature", "geometry": {"type": "MultiPolygon", "coordinates": [[[[141.748318, 39.529341], [141.748105, 39.532581], [141.753595, 39.540286], [141.762737, 39.542448], [141.770064, 39.541997], [141.786296, 39.548203], [141.795509, 39.548351], [141.817093, 39.554339], [141.821802, 39.553912], [141.8278, 39.550288], [141.834739, 39.549708], [141.84192, 39.554188], [141.847305, 39.554474], [141.854717, 39.558475], [141.863643, 39.559199], [141.869382, 39.561987], [141.8783, 39.563274], [141.886683, 39.554691], [141.900167, 39.547723], [141.91681, 39.547962], [141.921168, 39.551002], [141.930932, 39.550813], [141.937911, 39.551979], [141.951645, 39.549541], [141.955912, 39.544692], [141.970693, 39.54443], [141.974853, 39.538594], [141.976902, 39.53046], [141.982195, 39.523825], [141.981387, 39.520465], [141.991638, 39.514962], [142.00346, 39.506376], [142.010555, 39.49988], [142.009215, 39.489003], [142.011777, 39.479501], [142.000714, 39.479341], [141.991329, 39.483659], [141.981344, 39.480507], [141.971567, 39.481441], [141.964802, 39.477235], [141.955931, 39.475121], [141.954265, 39.466668], [141.957526, 39.456552], [141.961536, 39.454208], [141.963343, 39.447587], [141.971675, 39.44792], [141.97253, 39.441102], [141.979511, 39.438966], [141.990564, 39.450033], [141.995821, 39.451778], [142.002654, 39.445436], [142.002345, 39.455019], [142.004211, 39.458482], [142.013182, 39.467587], [142.026322, 39.473254], [142.035134, 39.482421], [142.04852, 39.482185], [142.052989, 39.474855], [142.05946, 39.469851], [142.048086, 39.456369], [142.047748, 39.45], [142.03895, 39.447183], [142.038698, 39.442661], [142.042495, 39.441539], [142.040516, 39.435436], [142.04404, 39.42736], [142.038374, 39.424459], [142.0312, 39.416118], [142.025602, 39.416028], [142.018134, 39.424431], [142.013292, 39.426581], [142.00797, 39.42481], [142.007278, 39.419747], [142.011056, 39.416293], [142.00582, 39.414414], [142.005116, 39.410918], [141.982445, 39.408574], [141.981931, 39.415015], [141.985201, 39.417704], [141.981029, 39.42692], [141.973935, 39.425834], [141.97438, 39.42234], [141.961655, 39.4079], [141.952938, 39.399354], [141.943628, 39.402769], [141.93399, 39.401966], [141.929589, 39.405642], [141.922621, 39.401186], [141.913544, 39.400205], [141.905651, 39.40202], [141.89719, 39.399373], [141.883996, 39.406345], [141.878744, 39.416099], [141.865773, 39.420204], [141.86175, 39.424956], [141.85987, 39.432052], [141.861181, 39.435275], [141.852808, 39.44246], [141.849745, 39.447582], [141.843204, 39.451052], [141.84034, 39.459536], [141.830728, 39.463883], [141.820212, 39.463646], [141.813693, 39.472582], [141.81438, 39.478409], [141.809836, 39.481775], [141.805852, 39.489833], [141.798898, 39.49544], [141.798291, 39.498974], [141.786186, 39.504537], [141.781944, 39.510314], [141.782007, 39.514292], [141.770016, 39.518387], [141.7654, 39.517776], [141.758621, 39.525786], [141.75019, 39.527237], [141.748318, 39.529341]]], [[[142.000315, 39.406617], [141.99786, 39.399268], [141.993916, 39.400809], [142.000315, 39.406617]]]]}, "properties": {"N03_001": "岩手県", "N03_002": null, "N03_003": "下閉伊郡", "N03_004": "山田町", "N03_005": null, "N03_007": "03482"}}, {"type": "Feature", "geometry": {"type": "Polygon", "coordinates": [[[141.40866, 39.69171], [141.408734, 39.701175], [141.396373, 39.707376], [141.39512, 39.712948], [141.399635, 39.719754], [141.394847, 39.729333], [141.396589, 39.734913], [141.401029, 39.736523], [141.401554, 39.742945], [141.397415, 39.747411], [141.410487, 39.759796], [141.422192, 39.756163], [141.438853, 39.759692], [141.445871, 39.764766], [141.459597, 39.76695], [141.468338, 39.763508], [141.474349, 39.764903], [141.477687, 39.769205], [141.478409, 39.775775], [141.484931, 39.776987], [141.487959, 39.78206], [141.489801, 39.791074], [141.499186, 39.794106], [141.501498, 39.801099], [141.49831, 39.807805], [141.502915, 39.810172], [141.507246, 39.808048], [141.516489, 39.809017], [141.52218, 39.806663], [141.527392, 39.812714], [141.520301, 39.819164], [141.516578, 39.835654], [141.511651, 39.846395], [141.507169, 39.849971], [141.503869, 39.855668], [141.506742, 39.864069], [141.507408, 39.871101], [141.506106, 39.879184], [141.498604, 39.877934], [141.491826, 39.881671], [141.48418, 39.88278], [141.487497, 39.884383], [141.481963, 39.892096], [141.48543, 39.900308], [141.490032, 39.904047], [141.499147, 39.905327], [141.503114, 39.903213], [141.510416, 39.906537], [141.513884, 39.910004], [141.526523, 39.910512], [141.529275, 39.908233], [141.543954, 39.905526], [141.549959, 39.902916], [141.558372, 39.908629], [141.564051, 39.915783], [141.558954, 39.92362], [141.559383, 39.928572], [141.581123, 39.940511], [141.581327, 39.948101], [141.584574, 39.953946], [141.589547, 39.956126], [141.585064, 39.960546], [141.583527, 39.971512], [141.578891, 39.977225], [141.578738, 39.980886], [141.571797, 39.986804], [141.567541, 39.99685], [141.561943, 40.002779], [141.557282, 40.004581], [141.548986, 40.014436], [141.549367, 40.019367], [141.545742, 40.025563], [141.538047, 40.030608], [141.532548, 40.031543], [141.52792, 40.04044], [141.532555, 40.046558], [141.540058, 40.048108], [141.549665, 40.047322], [141.561397, 40.044026], [141.564169, 40.046096], [141.570034, 40.044788], [141.583162, 40.039445], [141.589555, 40.030356], [141.59813, 40.024636], [141.612142, 40.028842], [141.616513, 40.026263], [141.622898, 40.027517], [141.625227, 40.023176], [141.634619, 40.018777], [141.644122, 40.019883], [141.64942, 40.014336], [141.649003, 40.011098], [141.660835, 40.008565], [141.663493, 40.010553], [141.670598, 40.010239], [141.67618, 40.014878], [141.691449, 40.018155], [141.697109, 40.012124], [141.703315, 40.011406], [141.705265, 40.008844], [141.711941, 40.014612], [141.722942, 40.009952], [141.728309, 40.011669], [141.728514, 40.015904], [141.739122, 40.016434], [141.738699, 40.021658], [141.746734, 40.028799], [141.7571, 40.031771], [141.760408, 40.025009], [141.810548, 40.014272], [141.812422, 40.012736], [141.80986, 40.010162], [141.801929, 40.007586], [141.795744, 40.002785], [141.793984, 39.993705], [141.801314, 39.987629], [141.799152, 39.977039], [141.793005, 39.963444], [141.793238, 39.958446], [141.782311, 39.94286], [141.786529, 39.938851], [141.785188, 39.932153], [141.781303, 39.928148], [141.777987, 39.917577], [141.776143, 39.902432], [141.770891, 39.897652], [141.779978, 39.892657], [141.792964, 39.896323], [141.803699, 39.898354], [141.806768, 39.894565], [141.810779, 39.894274], [141.814979, 39.900243], [141.824952, 39.90216], [141.830193, 39.898228], [141.82855, 39.891994], [141.831478, 39.884947], [141.84083, 39.87612], [141.842232, 39.872659], [141.856907, 39.868177], [141.867832, 39.86677], [141.875, 39.861429], [141.875211, 39.861311], [141.875606, 39.860908], [141.875657, 39.860567], [141.87583, 39.860299], [141.876213, 39.860031], [141.876643, 39.859883], [141.876884, 39.859883], [141.87714, 39.859968], [141.877848, 39.860328], [141.8781, 39.860634], [141.878009, 39.861229], [141.876899, 39.862248], [141.876833, 39.862412], [141.876797, 39.86261], [141.87709, 39.862903], [141.877394, 39.862895], [141.877902, 39.862673], [141.878199, 39.862434], [141.878528, 39.862327], [141.878936, 39.86235], [141.879506, 39.862434], [141.880149, 39.862203], [141.880923, 39.862265], [141.88104, 39.862361], [141.881193, 39.862913], [141.881478, 39.863245], [141.881924, 39.863763], [141.882033, 39.863684], [141.88297, 39.863089], [141.883333, 39.863054], [141.883493, 39.863081], [141.885356, 39.863234], [141.885715, 39.863144], [141.885912, 39.863099], [141.886737, 39.86293], [141.887549, 39.863412], [141.885795, 39.863836], [141.885422, 39.864073], [141.885174, 39.864163], [141.884407, 39.864326], [141.884107, 39.864569], [141.883812, 39.864692], [141.883428, 39.864765], [141.883333, 39.864769], [141.882648, 39.864799], [141.882245, 39.865266], [141.881617, 39.866123], [141.881507, 39.866404], [141.881734, 39.866652], [141.881776, 39.866667], [141.882311, 39.866821], [141.882749, 39.866832], [141.882917, 39.867828], [141.8828, 39.86802], [141.882419, 39.868276], [141.881792, 39.868589], [141.88185, 39.869439], [141.881383, 39.870481], [141.881098, 39.871179], [141.880966, 39.871556], [141.880959, 39.871939], [141.881047, 39.872277], [141.881463, 39.872491], [141.881748, 39.872147], [141.8825, 39.87159], [141.883349, 39.870974], [141.884077, 39.87049], [141.884202, 39.870419], [141.884918, 39.870019], [141.885138, 39.869859], [141.885626, 39.86927], [141.886072, 39.868561], [141.886948, 39.868132], [141.887204, 39.868026], [141.887335, 39.867879], [141.887788, 39.866928], [141.889578, 39.865266], [141.890028, 39.86469], [141.890535, 39.864332], [141.89117, 39.864], [141.891521, 39.863932], [141.892061, 39.863802], [141.892383, 39.863662], [141.893069, 39.863121], [141.893778, 39.86217], [141.893726, 39.861787], [141.89352, 39.861129], [141.892979, 39.860334], [141.892858, 39.859844], [141.892781, 39.859595], [141.892697, 39.859472], [141.892321, 39.859358], [141.89201, 39.858735], [141.892069, 39.858572], [141.892152, 39.858322], [141.892273, 39.857952], [141.892909, 39.857823], [141.893157, 39.857812], [141.894866, 39.857457], [141.895867, 39.857299], [141.896352, 39.856959], [141.896911, 39.856972], [141.897408, 39.857119], [141.897605, 39.857767], [141.897934, 39.858071], [141.898314, 39.858527], [141.898785, 39.858733], [141.899245, 39.858637], [141.899453, 39.8586], [141.899877, 39.858594], [141.901746, 39.859478], [141.902769, 39.859642], [141.904449, 39.858803], [141.905376, 39.859062], [141.905631, 39.859172], [141.906253, 39.858983], [141.907794, 39.858707], [141.908333, 39.858862], [141.908349, 39.858866], [141.908824, 39.858994], [141.909101, 39.859163], [141.909459, 39.859546], [141.90997, 39.860154], [141.910781, 39.860988], [141.910949, 39.861106], [141.911533, 39.861263], [141.911898, 39.861354], [141.912731, 39.861365], [141.913289, 39.861254], [141.914498, 39.86123], [141.915003, 39.861106], [141.916667, 39.861099], [141.916763, 39.861145], [141.917639, 39.861742], [141.918399, 39.862925], [141.918406, 39.863054], [141.918487, 39.864668], [141.919019, 39.865104], [141.919219, 39.865199], [141.919962, 39.866095], [141.920139, 39.866655], [141.920145, 39.866667], [141.921269, 39.867176], [141.922262, 39.867536], [141.923233, 39.868021], [141.924439, 39.868725], [141.924862, 39.868871], [141.926798, 39.869209], [141.927221, 39.869322], [141.92747, 39.8694], [141.928163, 39.869676], [141.928687, 39.870206], [141.928922, 39.870708], [141.929558, 39.870802], [141.930106, 39.87109], [141.930792, 39.871732], [141.931406, 39.872362], [141.931678, 39.872854], [141.932312, 39.873319], [141.932947, 39.873826], [141.933569, 39.874271], [141.933906, 39.874719], [141.934043, 39.874989], [141.93405, 39.875], [141.934123, 39.875183], [141.934663, 39.875859], [141.934963, 39.876], [141.935883, 39.876338], [141.936016, 39.876375], [141.936628, 39.876552], [141.936964, 39.87703], [141.937051, 39.877222], [141.937811, 39.877514], [141.938666, 39.877959], [141.939001, 39.878173], [141.939593, 39.878641], [141.94009, 39.878798], [141.940743, 39.879041], [141.941039, 39.879446], [141.941506, 39.879575], [141.941667, 39.879675], [141.942734, 39.880341], [141.944034, 39.881068], [141.94426, 39.881248], [141.944413, 39.881366], [141.944565, 39.881508], [141.944844, 39.882284], [141.946239, 39.882413], [141.946947, 39.882706], [141.947006, 39.882926], [141.947481, 39.883303], [141.948402, 39.882427], [141.948527, 39.882348], [141.948986, 39.882796], [141.949088, 39.883038], [141.949343, 39.883038], [141.949832, 39.88301], [141.950066, 39.883016], [141.950342, 39.883268], [141.95037, 39.883333], [141.95054, 39.883652], [141.950629, 39.883359], [141.950668, 39.883322], [141.951359, 39.883951], [141.951491, 39.88421], [141.951593, 39.884277], [141.951931, 39.884323], [141.952433, 39.88417], [141.952995, 39.884255], [141.95328, 39.884458], [141.953455, 39.884964], [141.953682, 39.885325], [141.95404, 39.885561], [141.955018, 39.88582], [141.956347, 39.885741], [141.956544, 39.885486], [141.956837, 39.885477], [141.957041, 39.88582], [141.957648, 39.886355], [141.958283, 39.88667], [141.958333, 39.886696], [141.95848, 39.886772], [141.959313, 39.887256], [141.963762, 39.884976], [141.970863, 39.8849], [141.978812, 39.864148], [141.974793, 39.858802], [141.976075, 39.854435], [141.974489, 39.846321], [141.97935, 39.840341], [141.979851, 39.830972], [141.979441, 39.830884], [141.97851, 39.830688], [141.977924, 39.830585], [141.977526, 39.831101], [141.976787, 39.830988], [141.976089, 39.830521], [141.975111, 39.829344], [141.975724, 39.828522], [141.975804, 39.827936], [141.975176, 39.827165], [141.975023, 39.827103], [141.975017, 39.827103], [141.974527, 39.827115], [141.974235, 39.827165], [141.974104, 39.827182], [141.974024, 39.827115], [141.974206, 39.826287], [141.974183, 39.82571], [141.974265, 39.825436], [141.974392, 39.825], [141.973054, 39.824755], [141.97247, 39.824705], [141.970456, 39.824676], [141.970106, 39.824744], [141.969486, 39.824867], [141.968472, 39.824913], [141.967174, 39.824276], [141.966684, 39.824032], [141.965241, 39.822993], [141.965138, 39.822908], [141.964971, 39.822655], [141.963927, 39.821759], [141.962826, 39.821095], [141.962364, 39.820976], [141.961948, 39.82108], [141.961861, 39.821139], [141.961403, 39.821498], [141.96098, 39.821945], [141.960652, 39.822407], [141.960389, 39.822548], [141.959222, 39.822739], [141.958741, 39.822812], [141.958333, 39.822723], [141.957916, 39.822621], [141.956589, 39.823043], [141.956406, 39.822914], [141.95626, 39.822722], [141.955968, 39.822322], [141.95531, 39.821962], [141.953016, 39.82161], [141.952758, 39.821551], [141.952679, 39.82152], [141.951774, 39.8215], [141.951657, 39.821539], [141.950761, 39.821485], [141.950431, 39.821444], [141.950017, 39.8213], [141.949578, 39.821162], [141.949337, 39.821185], [141.948906, 39.821686], [141.948411, 39.822029], [141.947276, 39.82208], [141.94677, 39.822112], [141.946263, 39.821766], [141.945076, 39.821511], [141.944924, 39.821511], [141.943545, 39.821241], [141.943037, 39.821107], [141.942509, 39.82101], [141.941684, 39.820767], [141.941667, 39.820757], [141.941449, 39.820645], [141.93954, 39.819773], [141.939373, 39.81953], [141.939547, 39.819367], [141.939956, 39.818668], [141.939759, 39.81847], [141.939436, 39.818014], [141.939357, 39.817777], [141.939423, 39.817299], [141.939452, 39.817035], [141.939249, 39.816667], [141.939233, 39.81655], [141.939401, 39.816145], [141.939365, 39.815683], [141.939263, 39.815559], [141.938796, 39.815086], [141.938708, 39.814945], [141.938701, 39.814248], [141.938716, 39.813904], [141.938431, 39.81347], [141.937775, 39.81235], [141.937483, 39.811905], [141.934246, 39.809278], [141.933351, 39.80906], [141.932999, 39.809053], [141.932326, 39.809298], [141.931962, 39.809385], [141.930553, 39.808994], [141.930414, 39.808982], [141.929998, 39.808949], [141.929349, 39.808864], [141.929079, 39.808971], [141.928933, 39.808982], [141.928459, 39.80883], [141.927489, 39.808881], [141.926596, 39.808945], [141.926365, 39.808841], [141.925733, 39.808544], [141.925497, 39.808543], [141.925, 39.808553], [141.924133, 39.808521], [141.923543, 39.808357], [141.923465, 39.808321], [141.922725, 39.807501], [141.921977, 39.807251], [141.921529, 39.80726], [141.921237, 39.807383], [141.920719, 39.80758], [141.919646, 39.807828], [141.918953, 39.807969], [141.918661, 39.808278], [141.918595, 39.808333], [141.917253, 39.808549], [141.916894, 39.8083], [141.916684, 39.808161], [141.916667, 39.808153], [141.915999, 39.807845], [141.915831, 39.807743], [141.915218, 39.807507], [141.91408, 39.807749], [141.912482, 39.808836], [141.911782, 39.809174], [141.91114, 39.80919], [141.910924, 39.808333], [141.910879, 39.808268], [141.909527, 39.80745], [141.909367, 39.80704], [141.909571, 39.80593], [141.909768, 39.805587], [141.909878, 39.80517], [141.909893, 39.804556], [141.909863, 39.804365], [141.909615, 39.803751], [141.909197, 39.802438], [141.908879, 39.801814], [141.908784, 39.801313], [141.908988, 39.800553], [141.909356, 39.8], [141.90937, 39.799977], [141.90937, 39.799919], [141.908981, 39.799742], [141.908351, 39.799106], [141.908202, 39.79871], [141.90777, 39.798334], [141.907121, 39.798121], [141.906238, 39.798745], [141.906009, 39.798867], [141.905809, 39.798884], [141.905712, 39.798888], [141.905039, 39.798289], [141.904756, 39.798141], [141.904324, 39.797408], [141.904097, 39.797106], [141.903641, 39.797191], [141.903477, 39.797552], [141.903181, 39.797822], [141.902911, 39.797895], [141.90278, 39.797906], [141.90208, 39.79812], [141.901999, 39.798165], [141.901729, 39.798402], [141.901219, 39.798717], [141.900727, 39.798571], [141.900692, 39.79852], [141.90046, 39.79834], [141.900343, 39.798233], [141.900329, 39.798193], [141.900125, 39.797523], [141.899877, 39.797123], [141.899556, 39.796656], [141.89941, 39.796583], [141.899194, 39.796545], [141.897539, 39.796226], [141.897347, 39.79632], [141.8962, 39.796115], [141.89566, 39.795676], [141.895033, 39.795029], [141.894989, 39.794991], [141.894551, 39.794854], [141.892589, 39.79544], [141.892136, 39.795254], [141.891815, 39.795107], [141.891667, 39.795066], [141.891571, 39.795053], [141.890991, 39.794989], [141.890867, 39.794944], [141.890699, 39.794764], [141.889693, 39.793796], [141.888941, 39.792314], [141.888898, 39.792011], [141.888771, 39.791772], [141.888555, 39.791537], [141.888416, 39.791295], [141.888635, 39.790417], [141.888672, 39.789983], [141.888744, 39.789623], [141.889416, 39.788987], [141.889977, 39.789285], [141.890116, 39.789285], [141.890904, 39.789285], [141.891684, 39.789451], [141.892049, 39.78964], [141.892998, 39.789595], [141.893195, 39.789516], [141.893603, 39.789268], [141.894442, 39.78884], [141.894639, 39.788807], [141.894924, 39.788869], [141.895442, 39.789004], [141.895793, 39.788914], [141.896205, 39.788912], [141.896492, 39.788987], [141.897411, 39.789319], [141.897469, 39.789342], [141.89833, 39.789167], [141.89841, 39.789156], [141.89868, 39.788976], [141.899388, 39.788869], [141.899724, 39.788649], [141.900059, 39.788356], [141.900147, 39.788193], [141.900417, 39.788024], [141.90165, 39.787349], [141.901883, 39.787169], [141.902627, 39.786971], [141.902773, 39.78687], [141.902927, 39.786628], [141.903247, 39.786155], [141.903269, 39.785907], [141.902919, 39.785333], [141.903021, 39.785068], [141.903354, 39.784772], [141.904065, 39.784184], [141.905188, 39.783328], [141.905604, 39.783109], [141.906035, 39.782647], [141.906188, 39.782078], [141.906246, 39.781701], [141.906108, 39.780918], [141.905794, 39.780428], [141.90532, 39.779786], [141.905225, 39.779274], [141.905152, 39.779032], [141.904583, 39.778587], [141.904342, 39.778458], [141.90389, 39.778063], [141.904226, 39.777331], [141.904379, 39.777106], [141.904386, 39.776526], [141.904452, 39.776278], [141.904999, 39.775744], [141.905065, 39.775603], [141.905, 39.775], [141.904999, 39.774995], [141.904985, 39.774843], [141.904868, 39.773761], [141.904802, 39.773221], [141.904904, 39.773041], [141.904817, 39.772562], [141.90481, 39.772404], [141.904218, 39.771684], [141.902869, 39.770726], [141.902613, 39.770641], [141.902446, 39.770591], [141.901826, 39.770495], [141.9009, 39.770388], [141.9, 39.770345], [141.899747, 39.770377], [141.899148, 39.769994], [141.898908, 39.769082], [141.899397, 39.768406], [141.899655, 39.768354], [141.9, 39.76837], [141.900205, 39.768331], [141.900134, 39.768181], [141.9, 39.76802], [141.899667, 39.767534], [141.899309, 39.766734], [141.899222, 39.76661], [141.89893, 39.766413], [141.897744, 39.765879], [141.897478, 39.765298], [141.89747, 39.764815], [141.897456, 39.764222], [141.897303, 39.76393], [141.896778, 39.763581], [141.894706, 39.762809], [141.894626, 39.762652], [141.894261, 39.761925], [141.893459, 39.761373], [141.893101, 39.761086], [141.892605, 39.760665], [141.892678, 39.760112], [141.892569, 39.759312], [141.891723, 39.758868], [141.89127, 39.758687], [141.890825, 39.758462], [141.890511, 39.758333], [141.890052, 39.758186], [141.889395, 39.758006], [141.889147, 39.757758], [141.889104, 39.757595], [141.889002, 39.757077], [141.889067, 39.756367], [141.889009, 39.755962], [141.888527, 39.755478], [141.88825, 39.755393], [141.887316, 39.755151], [141.887245, 39.75481], [141.887404, 39.754239], [141.886376, 39.753676], [141.884716, 39.753713], [141.883358, 39.753171], [141.883352, 39.753164], [141.882933, 39.752662], [141.882321, 39.752409], [141.882226, 39.752415], [141.881774, 39.752341], [141.880973, 39.751958], [141.879916, 39.751024], [141.879727, 39.750658], [141.879705, 39.75059], [141.87945, 39.750145], [141.879377, 39.7501], [141.879035, 39.75005], [141.878488, 39.750117], [141.878175, 39.7501], [141.877958, 39.749987], [141.849657, 39.746845], [141.849295, 39.737407], [141.837627, 39.739372], [141.835726, 39.735289], [141.826113, 39.730346], [141.817678, 39.731476], [141.802814, 39.723339], [141.801452, 39.718187], [141.79555, 39.724201], [141.786136, 39.727843], [141.781279, 39.72691], [141.778981, 39.73142], [141.771417, 39.736053], [141.756881, 39.731684], [141.754579, 39.73464], [141.741302, 39.740873], [141.737098, 39.746814], [141.7372, 39.750559], [141.727441, 39.749116], [141.720499, 39.745361], [141.714487, 39.750097], [141.706802, 39.753278], [141.6978, 39.752312], [141.689829, 39.747331], [141.687687, 39.743716], [141.681457, 39.742184], [141.674891, 39.744645], [141.669747, 39.75031], [141.661024, 39.752072], [141.656003, 39.755287], [141.648816, 39.754493], [141.632802, 39.755619], [141.626689, 39.755072], [141.625962, 39.746423], [141.62379, 39.738049], [141.62111, 39.733858], [141.615927, 39.734238], [141.606508, 39.729285], [141.608453, 39.726959], [141.607659, 39.720539], [141.603062, 39.714874], [141.601299, 39.708905], [141.593553, 39.710673], [141.580719, 39.709781], [141.568852, 39.718698], [141.563169, 39.717745], [141.562179, 39.713651], [141.556932, 39.711026], [141.549777, 39.704021], [141.532815, 39.704031], [141.527593, 39.702775], [141.515641, 39.704623], [141.504507, 39.704814], [141.496815, 39.706672], [141.487319, 39.703003], [141.485155, 39.697755], [141.479777, 39.696082], [141.469613, 39.686425], [141.468296, 39.680746], [141.458707, 39.681275], [141.451673, 39.679037], [141.441617, 39.679138], [141.435512, 39.676544], [141.426323, 39.676784], [141.422632, 39.679148], [141.421301, 39.684819], [141.415617, 39.686891], [141.40866, 39.69171]]]}, "properties": {"N03_001": "岩手県", "N03_002": null, "N03_003": "下閉伊郡", "N03_004": "岩泉町", "N03_005": null, "N03_007": "03483"}}, {"type": "Feature", "geometry": {"type": "Polygon", "coordinates": [[[141.959313, 39.887256], [141.95848, 39.886772], [141.958333, 39.886696], [141.958283, 39.88667], [141.957648, 39.886355], [141.957041, 39.88582], [141.956837, 39.885477], [141.956544, 39.885486], [141.956347, 39.885741], [141.955018, 39.88582], [141.95404, 39.885561], [141.953682, 39.885325], [141.953455, 39.884964], [141.95328, 39.884458], [141.952995, 39.884255], [141.952433, 39.88417], [141.951931, 39.884323], [141.951593, 39.884277], [141.951491, 39.88421], [141.951359, 39.883951], [141.950668, 39.883322], [141.950629, 39.883359], [141.95054, 39.883652], [141.95037, 39.883333], [141.950342, 39.883268], [141.950066, 39.883016], [141.949832, 39.88301], [141.949343, 39.883038], [141.949088, 39.883038], [141.948986, 39.882796], [141.948527, 39.882348], [141.948402, 39.882427], [141.947481, 39.883303], [141.947006, 39.882926], [141.946947, 39.882706], [141.946239, 39.882413], [141.944844, 39.882284], [141.944565, 39.881508], [141.944413, 39.881366], [141.94426, 39.881248], [141.944034, 39.881068], [141.942734, 39.880341], [141.941667, 39.879675], [141.941506, 39.879575], [141.941039, 39.879446], [141.940743, 39.879041], [141.94009, 39.878798], [141.939593, 39.878641], [141.939001, 39.878173], [141.938666, 39.877959], [141.937811, 39.877514], [141.937051, 39.877222], [141.936964, 39.87703], [141.936628, 39.876552], [141.936016, 39.876375], [141.935883, 39.876338], [141.934963, 39.876], [141.934663, 39.875859], [141.934123, 39.875183], [141.93405, 39.875], [141.934043, 39.874989], [141.933906, 39.874719], [141.933569, 39.874271], [141.932947, 39.873826], [141.932312, 39.873319], [141.931678, 39.872854], [141.931406, 39.872362], [141.930792, 39.871732], [141.930106, 39.87109], [141.929558, 39.870802], [141.928922, 39.870708], [141.928687, 39.870206], [141.928163, 39.869676], [141.92747, 39.8694], [141.927221, 39.869322], [141.926798, 39.869209], [141.924862, 39.868871], [141.924439, 39.868725], [141.923233, 39.868021], [141.922262, 39.867536], [141.921269, 39.867176], [141.920145, 39.866667], [141.920139, 39.866655], [141.919962, 39.866095], [141.919219, 39.865199], [141.919019, 39.865104], [141.918487, 39.864668], [141.918406, 39.863054], [141.918399, 39.862925], [141.917639, 39.861742], [141.916763, 39.861145], [141.916667, 39.861099], [141.915003, 39.861106], [141.914498, 39.86123], [141.913289, 39.861254], [141.912731, 39.861365], [141.911898, 39.861354], [141.911533, 39.861263], [141.910949, 39.861106], [141.910781, 39.860988], [141.90997, 39.860154], [141.909459, 39.859546], [141.909101, 39.859163], [141.908824, 39.858994], [141.908349, 39.858866], [141.908333, 39.858862], [141.907794, 39.858707], [141.906253, 39.858983], [141.905631, 39.859172], [141.905376, 39.859062], [141.904449, 39.858803], [141.902769, 39.859642], [141.901746, 39.859478], [141.899877, 39.858594], [141.899453, 39.8586], [141.899245, 39.858637], [141.898785, 39.858733], [141.898314, 39.858527], [141.897934, 39.858071], [141.897605, 39.857767], [141.897408, 39.857119], [141.896911, 39.856972], [141.896352, 39.856959], [141.895867, 39.857299], [141.894866, 39.857457], [141.893157, 39.857812], [141.892909, 39.857823], [141.892273, 39.857952], [141.892152, 39.858322], [141.892069, 39.858572], [141.89201, 39.858735], [141.892321, 39.859358], [141.892697, 39.859472], [141.892781, 39.859595], [141.892858, 39.859844], [141.892979, 39.860334], [141.89352, 39.861129], [141.893726, 39.861787], [141.893778, 39.86217], [141.893069, 39.863121], [141.892383, 39.863662], [141.892061, 39.863802], [141.891521, 39.863932], [141.89117, 39.864], [141.890535, 39.864332], [141.890028, 39.86469], [141.889578, 39.865266], [141.887788, 39.866928], [141.887335, 39.867879], [141.887204, 39.868026], [141.886948, 39.868132], [141.886072, 39.868561], [141.885626, 39.86927], [141.885138, 39.869859], [141.884918, 39.870019], [141.884202, 39.870419], [141.884077, 39.87049], [141.883349, 39.870974], [141.8825, 39.87159], [141.881748, 39.872147], [141.881463, 39.872491], [141.881047, 39.872277], [141.880959, 39.871939], [141.880966, 39.871556], [141.881098, 39.871179], [141.881383, 39.870481], [141.88185, 39.869439], [141.881792, 39.868589], [141.882419, 39.868276], [141.8828, 39.86802], [141.882917, 39.867828], [141.882749, 39.866832], [141.882311, 39.866821], [141.881776, 39.866667], [141.881734, 39.866652], [141.881507, 39.866404], [141.881617, 39.866123], [141.882245, 39.865266], [141.882648, 39.864799], [141.883333, 39.864769], [141.883428, 39.864765], [141.883812, 39.864692], [141.884107, 39.864569], [141.884407, 39.864326], [141.885174, 39.864163], [141.885422, 39.864073], [141.885795, 39.863836], [141.887549, 39.863412], [141.886737, 39.86293], [141.885912, 39.863099], [141.885715, 39.863144], [141.885356, 39.863234], [141.883493, 39.863081], [141.883333, 39.863054], [141.88297, 39.863089], [141.882033, 39.863684], [141.881924, 39.863763], [141.881478, 39.863245], [141.881193, 39.862913], [141.88104, 39.862361], [141.880923, 39.862265], [141.880149, 39.862203], [141.879506, 39.862434], [141.878936, 39.86235], [141.878528, 39.862327], [141.878199, 39.862434], [141.877902, 39.862673], [141.877394, 39.862895], [141.87709, 39.862903], [141.876797, 39.86261], [141.876833, 39.862412], [141.876899, 39.862248], [141.878009, 39.861229], [141.8781, 39.860634], [141.877848, 39.860328], [141.87714, 39.859968], [141.876884, 39.859883], [141.876643, 39.859883], [141.876213, 39.860031], [141.87583, 39.860299], [141.875657, 39.860567], [141.875606, 39.860908], [141.875211, 39.861311], [141.875, 39.861429], [141.867832, 39.86677], [141.856907, 39.868177], [141.842232, 39.872659], [141.84083, 39.87612], [141.831478, 39.884947], [141.82855, 39.891994], [141.830193, 39.898228], [141.824952, 39.90216], [141.814979, 39.900243], [141.810779, 39.894274], [141.806768, 39.894565], [141.803699, 39.898354], [141.792964, 39.896323], [141.779978, 39.892657], [141.770891, 39.897652], [141.776143, 39.902432], [141.777987, 39.917577], [141.781303, 39.928148], [141.785188, 39.932153], [141.786529, 39.938851], [141.782311, 39.94286], [141.793238, 39.958446], [141.793005, 39.963444], [141.799152, 39.977039], [141.807005, 39.97553], [141.81898, 39.975372], [141.828753, 39.972046], [141.835274, 39.972175], [141.841844, 39.975509], [141.850225, 39.974023], [141.856188, 39.976452], [141.871248, 39.979657], [141.870841, 39.977376], [141.87497, 39.963801], [141.875, 39.963767], [141.875044, 39.963717], [141.875636, 39.963205], [141.876338, 39.961752], [141.877719, 39.961636], [141.878195, 39.961865], [141.878524, 39.961927], [141.879307, 39.962017], [141.879877, 39.962034], [141.880916, 39.962135], [141.880886, 39.962523], [141.881381, 39.963391], [141.882221, 39.963682], [141.882581, 39.963863], [141.882977, 39.96429], [141.882839, 39.965316], [141.883321, 39.965581], [141.883333, 39.965643], [141.883351, 39.965733], [141.883804, 39.966071], [141.884024, 39.96606], [141.884178, 39.966], [141.884535, 39.965797], [141.884777, 39.965846], [141.885025, 39.96624], [141.885249, 39.966614], [141.885808, 39.967366], [141.8863, 39.96784], [141.887256, 39.968261], [141.887402, 39.968267], [141.887852, 39.968432], [141.888309, 39.968306], [141.889193, 39.967693], [141.889515, 39.967591], [141.889964, 39.967183], [141.890203, 39.966707], [141.89026, 39.966656], [141.890817, 39.966617], [141.891292, 39.966876], [141.891667, 39.967035], [141.891811, 39.967068], [141.892409, 39.967006], [141.892828, 39.966989], [141.89293, 39.967023], [141.893171, 39.967283], [141.893494, 39.967694], [141.894224, 39.968853], [141.894437, 39.969545], [141.894713, 39.969953], [141.895153, 39.97039], [141.895292, 39.97102], [141.895683, 39.97128], [141.896045, 39.971414], [141.897335, 39.972104], [141.898006, 39.972415], [141.898795, 39.97303], [141.899155, 39.97326], [141.89989, 39.97374], [141.9, 39.973823], [141.900447, 39.974016], [141.901421, 39.974251], [141.902325, 39.974837], [141.90242, 39.974981], [141.902434, 39.975], [141.902462, 39.975148], [141.902581, 39.975203], [141.902913, 39.975284], [141.903042, 39.975324], [141.903698, 39.975444], [141.904314, 39.975865], [141.904574, 39.976141], [141.905276, 39.976113], [141.906085, 39.976002], [141.906479, 39.976126], [141.906992, 39.976048], [141.907295, 39.975994], [141.907472, 39.975829], [141.908294, 39.975575], [141.908333, 39.975587], [141.909212, 39.975717], [141.909671, 39.975667], [141.911814, 39.976064], [141.912828, 39.976139], [141.913296, 39.976167], [141.91429, 39.97624], [141.914656, 39.976285], [141.915475, 39.976471], [141.916674, 39.976499], [141.91704, 39.976336], [141.917764, 39.975936], [141.918049, 39.975897], [141.918861, 39.975863], [141.919497, 39.975576], [141.920167, 39.975], [141.920207, 39.974968], [141.920762, 39.97441], [141.920967, 39.974084], [141.921677, 39.973785], [141.921932, 39.97369], [141.922422, 39.973841], [141.923344, 39.974101], [141.92466, 39.974788], [141.925057, 39.975], [141.925092, 39.975018], [141.925479, 39.975289], [141.926218, 39.975142], [141.926986, 39.97517], [141.927139, 39.975187], [141.927432, 39.975413], [141.928032, 39.976055], [141.928105, 39.976465], [141.927981, 39.976696], [141.928471, 39.977536], [141.928799, 39.977873], [141.929222, 39.978374], [141.930042, 39.978419], [141.930331, 39.978398], [141.931147, 39.978566], [141.931424, 39.978997], [141.931468, 39.980447], [141.931395, 39.980841], [141.931344, 39.981195], [141.931307, 39.982462], [141.932075, 39.982941], [141.932997, 39.983898], [141.933326, 39.984692], [141.933838, 39.985418], [141.935036, 39.985874], [141.935922, 39.986387], [141.936735, 39.986772], [141.937026, 39.986877], [141.937428, 39.986933], [141.938605, 39.987192], [141.939242, 39.98731], [141.939549, 39.98735], [141.941065, 39.987503], [141.94168, 39.98754], [141.942145, 39.987631], [141.94235, 39.987687], [141.942722, 39.987755], [141.944265, 39.987423], [141.945121, 39.987687], [141.946123, 39.98802], [141.947073, 39.988498], [141.947922, 39.988943], [141.948306, 39.989196], [141.948453, 39.989318], [141.955888, 39.983567], [141.954106, 39.971399], [141.95578, 39.958326], [141.959196, 39.952771], [141.955147, 39.945653], [141.945254, 39.945974], [141.943075, 39.943692], [141.94233, 39.931014], [141.940186, 39.926665], [141.939732, 39.919604], [141.945341, 39.91468], [141.94987, 39.908397], [141.949687, 39.905368], [141.954809, 39.894052], [141.959313, 39.887256]]]}, "properties": {"N03_001": "岩手県", "N03_002": null, "N03_003": "下閉伊郡", "N03_004": "田野畑村", "N03_005": null, "N03_007": "03484"}}, {"type": "Feature", "geometry": {"type": "Polygon", "coordinates": [[[141.799152, 39.977039], [141.801314, 39.987629], [141.793984, 39.993705], [141.795744, 40.002785], [141.801929, 40.007586], [141.80986, 40.010162], [141.812422, 40.012736], [141.819607, 40.017552], [141.827688, 40.018175], [141.835361, 40.020799], [141.840844, 40.03181], [141.839717, 40.040884], [141.847701, 40.047656], [141.854927, 40.055594], [141.863705, 40.051303], [141.866001, 40.051786], [141.878507, 40.047098], [141.887008, 40.031372], [141.896372, 40.025407], [141.899511, 40.015169], [141.915904, 40.007982], [141.923514, 40.007612], [141.931096, 40.010133], [141.935315, 40.009689], [141.939504, 39.999406], [141.945184, 39.997341], [141.948453, 39.989318], [141.948306, 39.989196], [141.947922, 39.988943], [141.947073, 39.988498], [141.946123, 39.98802], [141.945121, 39.987687], [141.944265, 39.987423], [141.942722, 39.987755], [141.94235, 39.987687], [141.942145, 39.987631], [141.94168, 39.98754], [141.941065, 39.987503], [141.939549, 39.98735], [141.939242, 39.98731], [141.938605, 39.987192], [141.937428, 39.986933], [141.937026, 39.986877], [141.936735, 39.986772], [141.935922, 39.986387], [141.935036, 39.985874], [141.933838, 39.985418], [141.933326, 39.984692], [141.932997, 39.983898], [141.932075, 39.982941], [141.931307, 39.982462], [141.931344, 39.981195], [141.931395, 39.980841], [141.931468, 39.980447], [141.931424, 39.978997], [141.931147, 39.978566], [141.930331, 39.978398], [141.930042, 39.978419], [141.929222, 39.978374], [141.928799, 39.977873], [141.928471, 39.977536], [141.927981, 39.976696], [141.928105, 39.976465], [141.928032, 39.976055], [141.927432, 39.975413], [141.927139, 39.975187], [141.926986, 39.97517], [141.926218, 39.975142], [141.925479, 39.975289], [141.925092, 39.975018], [141.925057, 39.975], [141.92466, 39.974788], [141.923344, 39.974101], [141.922422, 39.973841], [141.921932, 39.97369], [141.921677, 39.973785], [141.920967, 39.974084], [141.920762, 39.97441], [141.920207, 39.974968], [141.920167, 39.975], [141.919497, 39.975576], [141.918861, 39.975863], [141.918049, 39.975897], [141.917764, 39.975936], [141.91704, 39.976336], [141.916674, 39.976499], [141.915475, 39.976471], [141.914656, 39.976285], [141.91429, 39.97624], [141.913296, 39.976167], [141.912828, 39.976139], [141.911814, 39.976064], [141.909671, 39.975667], [141.909212, 39.975717], [141.908333, 39.975587], [141.908294, 39.975575], [141.907472, 39.975829], [141.907295, 39.975994], [141.906992, 39.976048], [141.906479, 39.976126], [141.906085, 39.976002], [141.905276, 39.976113], [141.904574, 39.976141], [141.904314, 39.975865], [141.903698, 39.975444], [141.903042, 39.975324], [141.902913, 39.975284], [141.902581, 39.975203], [141.902462, 39.975148], [141.902434, 39.975], [141.90242, 39.974981], [141.902325, 39.974837], [141.901421, 39.974251], [141.900447, 39.974016], [141.9, 39.973823], [141.89989, 39.97374], [141.899155, 39.97326], [141.898795, 39.97303], [141.898006, 39.972415], [141.897335, 39.972104], [141.896045, 39.971414], [141.895683, 39.97128], [141.895292, 39.97102], [141.895153, 39.97039], [141.894713, 39.969953], [141.894437, 39.969545], [141.894224, 39.968853], [141.893494, 39.967694], [141.893171, 39.967283], [141.89293, 39.967023], [141.892828, 39.966989], [141.892409, 39.967006], [141.891811, 39.967068], [141.891667, 39.967035], [141.891292, 39.966876], [141.890817, 39.966617], [141.89026, 39.966656], [141.890203, 39.966707], [141.889964, 39.967183], [141.889515, 39.967591], [141.889193, 39.967693], [141.888309, 39.968306], [141.887852, 39.968432], [141.887402, 39.968267], [141.887256, 39.968261], [141.8863, 39.96784], [141.885808, 39.967366], [141.885249, 39.966614], [141.885025, 39.96624], [141.884777, 39.965846], [141.884535, 39.965797], [141.884178, 39.966], [141.884024, 39.96606], [141.883804, 39.966071], [141.883351, 39.965733], [141.883333, 39.965643], [141.883321, 39.965581], [141.882839, 39.965316], [141.882977, 39.96429], [141.882581, 39.963863], [141.882221, 39.963682], [141.881381, 39.963391], [141.880886, 39.962523], [141.880916, 39.962135], [141.879877, 39.962034], [141.879307, 39.962017], [141.878524, 39.961927], [141.878195, 39.961865], [141.877719, 39.961636], [141.876338, 39.961752], [141.875636, 39.963205], [141.875044, 39.963717], [141.875, 39.963767], [141.87497, 39.963801], [141.870841, 39.977376], [141.871248, 39.979657], [141.856188, 39.976452], [141.850225, 39.974023], [141.841844, 39.975509], [141.835274, 39.972175], [141.828753, 39.972046], [141.81898, 39.975372], [141.807005, 39.97553], [141.799152, 39.977039]]]}, "properties": {"N03_001": "岩手県", "N03_002": null, "N03_003": "下閉伊郡", "N03_004": "普代村", "N03_005": null, "N03_007": "03485"}}, {"type": "Feature", "geometry": {"type": "Polygon", "coordinates": [[[141.58426, 40.232948], [141.578462, 40.232841], [141.575374, 40.228537], [141.569999, 40.230994], [141.564634, 40.230064], [141.556688, 40.233402], [141.547188, 40.232846], [141.543011, 40.229467], [141.533551, 40.227479], [141.526345, 40.233315], [141.521014, 40.233594], [141.516398, 40.220835], [141.507084, 40.221234], [141.503296, 40.225576], [141.497463, 40.225053], [141.483809, 40.234236], [141.474496, 40.236442], [141.470045, 40.239192], [141.460332, 40.241778], [141.457465, 40.244499], [141.458132, 40.254613], [141.453548, 40.25895], [141.450536, 40.264417], [141.444132, 40.262838], [141.440483, 40.270227], [141.442244, 40.272902], [141.437256, 40.276259], [141.428971, 40.27691], [141.420042, 40.275524], [141.419625, 40.280417], [141.406698, 40.279015], [141.403905, 40.28059], [141.392287, 40.275316], [141.383692, 40.274683], [141.373641, 40.2708], [141.362672, 40.300642], [141.355221, 40.300033], [141.353475, 40.30675], [141.356285, 40.316936], [141.353748, 40.320059], [141.350997, 40.331073], [141.369791, 40.338388], [141.373109, 40.343093], [141.381818, 40.342489], [141.382172, 40.345203], [141.389793, 40.353041], [141.389119, 40.359224], [141.393045, 40.360461], [141.397489, 40.36732], [141.401212, 40.366667], [141.406981, 40.357164], [141.419242, 40.363525], [141.427289, 40.36181], [141.427416, 40.365004], [141.43409, 40.372367], [141.441603, 40.37604], [141.454309, 40.373001], [141.463035, 40.375061], [141.466083, 40.377375], [141.480467, 40.37613], [141.496434, 40.36741], [141.499356, 40.361965], [141.507209, 40.362929], [141.515155, 40.353502], [141.526345, 40.349964], [141.531678, 40.351448], [141.539031, 40.347973], [141.545123, 40.351039], [141.547712, 40.354811], [141.556021, 40.36123], [141.563947, 40.361569], [141.571884, 40.365855], [141.572711, 40.369605], [141.58135, 40.373837], [141.583855, 40.368335], [141.589823, 40.364591], [141.589597, 40.361143], [141.598662, 40.361094], [141.605306, 40.356544], [141.601319, 40.352301], [141.602304, 40.347875], [141.599647, 40.344364], [141.592611, 40.342495], [141.588756, 40.343877], [141.581677, 40.336076], [141.587568, 40.334985], [141.581353, 40.329971], [141.582464, 40.324435], [141.57507, 40.324135], [141.570665, 40.320794], [141.571671, 40.316201], [141.577215, 40.312525], [141.583731, 40.311325], [141.578276, 40.306781], [141.577617, 40.300027], [141.581271, 40.296726], [141.588261, 40.295502], [141.587228, 40.287644], [141.581823, 40.284141], [141.585492, 40.277795], [141.590323, 40.276364], [141.599806, 40.270739], [141.61146, 40.26943], [141.60956, 40.26329], [141.611994, 40.258953], [141.610961, 40.244593], [141.605964, 40.242035], [141.592458, 40.243663], [141.583309, 40.240354], [141.581684, 40.237762], [141.58426, 40.232948]]]}, "properties": {"N03_001": "岩手県", "N03_002": null, "N03_003": "九戸郡", "N03_004": "軽米町", "N03_005": null, "N03_007": "03501"}}, {"type": "Feature", "geometry": {"type": "Polygon", "coordinates": [[[141.7571, 40.031771], [141.75589, 40.034407], [141.758848, 40.039193], [141.759701, 40.045442], [141.747689, 40.052093], [141.745632, 40.05613], [141.738679, 40.063021], [141.734706, 40.073934], [141.733651, 40.080348], [141.738551, 40.089245], [141.744839, 40.095523], [141.758473, 40.102291], [141.760828, 40.106889], [141.771005, 40.11392], [141.77196, 40.110754], [141.777598, 40.109733], [141.783935, 40.111354], [141.785613, 40.116663], [141.789809, 40.118752], [141.809792, 40.116494], [141.815954, 40.118768], [141.815794, 40.125882], [141.817435, 40.130386], [141.823471, 40.136284], [141.837681, 40.133285], [141.842672, 40.130661], [141.835074, 40.121749], [141.835788, 40.118588], [141.8289, 40.113331], [141.825655, 40.101335], [141.827042, 40.09643], [141.831099, 40.091549], [141.829415, 40.083347], [141.832887, 40.079413], [141.833156, 40.074788], [141.84252, 40.06721], [141.848528, 40.060671], [141.851526, 40.05536], [141.854927, 40.055594], [141.847701, 40.047656], [141.839717, 40.040884], [141.840844, 40.03181], [141.835361, 40.020799], [141.827688, 40.018175], [141.819607, 40.017552], [141.812422, 40.012736], [141.810548, 40.014272], [141.760408, 40.025009], [141.7571, 40.031771]]]}, "properties": {"N03_001": "岩手県", "N03_002": null, "N03_003": "九戸郡", "N03_004": "野田村", "N03_005": null, "N03_007": "03503"}}, {"type": "Feature", "geometry": {"type": "Polygon", "coordinates": [[[141.507084, 40.221234], [141.502211, 40.211054], [141.491689, 40.206198], [141.49516, 40.196693], [141.488354, 40.191301], [141.48234, 40.189194], [141.485104, 40.186155], [141.487574, 40.17903], [141.48253, 40.174038], [141.479034, 40.16813], [141.480899, 40.163223], [141.477341, 40.160073], [141.475839, 40.150433], [141.470414, 40.142567], [141.465919, 40.143029], [141.460935, 40.13465], [141.456434, 40.134278], [141.462235, 40.119071], [141.462139, 40.116879], [141.451042, 40.110923], [141.449574, 40.10729], [141.440366, 40.1031], [141.437109, 40.104695], [141.428409, 40.104316], [141.426921, 40.108775], [141.415045, 40.106585], [141.411021, 40.110154], [141.410903, 40.114777], [141.407391, 40.122654], [141.400566, 40.128764], [141.384865, 40.135831], [141.388617, 40.143481], [141.395383, 40.147631], [141.397302, 40.151152], [141.401152, 40.162587], [141.400008, 40.166118], [141.390151, 40.174779], [141.387938, 40.184072], [141.383155, 40.196791], [141.390733, 40.208579], [141.391745, 40.219478], [141.386075, 40.225117], [141.385664, 40.234752], [141.383927, 40.241043], [141.382375, 40.257132], [141.376801, 40.261707], [141.373641, 40.2708], [141.383692, 40.274683], [141.392287, 40.275316], [141.403905, 40.28059], [141.406698, 40.279015], [141.419625, 40.280417], [141.420042, 40.275524], [141.428971, 40.27691], [141.437256, 40.276259], [141.442244, 40.272902], [141.440483, 40.270227], [141.444132, 40.262838], [141.450536, 40.264417], [141.453548, 40.25895], [141.458132, 40.254613], [141.457465, 40.244499], [141.460332, 40.241778], [141.470045, 40.239192], [141.474496, 40.236442], [141.483809, 40.234236], [141.497463, 40.225053], [141.503296, 40.225576], [141.507084, 40.221234]]]}, "properties": {"N03_001": "岩手県", "N03_002": null, "N03_003": "九戸郡", "N03_004": "九戸村", "N03_005": null, "N03_007": "03506"}}, {"type": "Feature", "geometry": {"type": "Polygon", "coordinates": [[[141.794334, 40.295829], [141.789876, 40.294652], [141.784261, 40.290278], [141.780506, 40.290058], [141.779863, 40.282574], [141.761106, 40.272952], [141.753668, 40.274202], [141.749012, 40.272735], [141.742153, 40.275189], [141.736436, 40.274204], [141.732356, 40.270353], [141.733934, 40.267063], [141.729804, 40.264018], [141.726721, 40.256939], [141.727538, 40.250354], [141.722946, 40.247582], [141.727744, 40.244543], [141.71509, 40.241951], [141.6935, 40.241155], [141.688355, 40.242229], [141.67678, 40.239798], [141.677675, 40.233279], [141.682359, 40.228949], [141.682381, 40.218938], [141.65955, 40.216367], [141.651377, 40.21392], [141.631941, 40.216263], [141.629715, 40.218373], [141.617142, 40.218662], [141.617428, 40.222165], [141.59376, 40.227785], [141.58426, 40.232948], [141.581684, 40.237762], [141.583309, 40.240354], [141.592458, 40.243663], [141.605964, 40.242035], [141.610961, 40.244593], [141.611994, 40.258953], [141.60956, 40.26329], [141.61146, 40.26943], [141.599806, 40.270739], [141.590323, 40.276364], [141.585492, 40.277795], [141.581823, 40.284141], [141.587228, 40.287644], [141.588261, 40.295502], [141.581271, 40.296726], [141.577617, 40.300027], [141.578276, 40.306781], [141.583731, 40.311325], [141.577215, 40.312525], [141.571671, 40.316201], [141.570665, 40.320794], [141.57507, 40.324135], [141.582464, 40.324435], [141.581353, 40.329971], [141.587568, 40.334985], [141.581677, 40.336076], [141.588756, 40.343877], [141.592611, 40.342495], [141.599647, 40.344364], [141.602304, 40.347875], [141.601319, 40.352301], [141.605306, 40.356544], [141.598662, 40.361094], [141.589597, 40.361143], [141.589823, 40.364591], [141.583855, 40.368335], [141.58135, 40.373837], [141.581127, 40.37637], [141.586759, 40.380708], [141.582736, 40.385141], [141.584569, 40.389547], [141.581091, 40.392002], [141.58124, 40.398426], [141.585058, 40.401136], [141.595124, 40.412133], [141.601361, 40.414067], [141.612551, 40.415441], [141.614559, 40.419283], [141.619352, 40.420795], [141.631336, 40.420254], [141.63935, 40.422873], [141.647097, 40.428285], [141.652357, 40.427654], [141.659971, 40.431175], [141.661024, 40.433652], [141.669947, 40.437244], [141.676032, 40.448535], [141.682591, 40.450256], [141.688767, 40.444075], [141.688575, 40.441772], [141.693991, 40.435001], [141.701477, 40.431643], [141.704613, 40.422861], [141.713335, 40.419949], [141.720603, 40.408461], [141.721282, 40.398313], [141.728065, 40.392764], [141.730259, 40.387569], [141.736948, 40.38459], [141.741212, 40.379128], [141.746764, 40.376559], [141.755102, 40.367893], [141.753098, 40.359792], [141.754439, 40.35553], [141.764352, 40.350934], [141.764175, 40.347137], [141.771413, 40.345344], [141.770339, 40.336615], [141.775112, 40.320381], [141.785772, 40.314275], [141.784975, 40.311712], [141.794334, 40.295829]]]}, "properties": {"N03_001": "岩手県", "N03_002": null, "N03_003": "九戸郡", "N03_004": "洋野町", "N03_005": null, "N03_007": "03507"}}, {"type": "Feature", "geometry": {"type": "Polygon", "coordinates": [[[141.157857, 40.088802], [141.164175, 40.091527], [141.165805, 40.096651], [141.161888, 40.101175], [141.168013, 40.10717], [141.173522, 40.109704], [141.181779, 40.115705], [141.190418, 40.12948], [141.190472, 40.133295], [141.185542, 40.143846], [141.186555, 40.14925], [141.184875, 40.15921], [141.182966, 40.162326], [141.184765, 40.168875], [141.193476, 40.178807], [141.191611, 40.190657], [141.200356, 40.195828], [141.210291, 40.198919], [141.213754, 40.204573], [141.21737, 40.205924], [141.222088, 40.199869], [141.225886, 40.204027], [141.236894, 40.207125], [141.24253, 40.213424], [141.243696, 40.217105], [141.253121, 40.222004], [141.259844, 40.222395], [141.263931, 40.232556], [141.261749, 40.237199], [141.266984, 40.241609], [141.270909, 40.249068], [141.277592, 40.243566], [141.285607, 40.248438], [141.295501, 40.251469], [141.299299, 40.248693], [141.303111, 40.241828], [141.315125, 40.239353], [141.320409, 40.236849], [141.324343, 40.238422], [141.333818, 40.230073], [141.344198, 40.229753], [141.352332, 40.224106], [141.356608, 40.224331], [141.361511, 40.23003], [141.364682, 40.229251], [141.373462, 40.232719], [141.385664, 40.234752], [141.386075, 40.225117], [141.391745, 40.219478], [141.390733, 40.208579], [141.383155, 40.196791], [141.387938, 40.184072], [141.390151, 40.174779], [141.400008, 40.166118], [141.401152, 40.162587], [141.397302, 40.151152], [141.385259, 40.153605], [141.373449, 40.150323], [141.36585, 40.15188], [141.355611, 40.143408], [141.345487, 40.14593], [141.331697, 40.138911], [141.328876, 40.134942], [141.335294, 40.12756], [141.341412, 40.130976], [141.345821, 40.129189], [141.338532, 40.117442], [141.336135, 40.111575], [141.340233, 40.104441], [141.341051, 40.091926], [141.345619, 40.090505], [141.347689, 40.08515], [141.352047, 40.081391], [141.352381, 40.077113], [141.365111, 40.070858], [141.364433, 40.067946], [141.348948, 40.060755], [141.344854, 40.062029], [141.340393, 40.055609], [141.333522, 40.055597], [141.329609, 40.058845], [141.321866, 40.057126], [141.312612, 40.052135], [141.305393, 40.056117], [141.298832, 40.056871], [141.296824, 40.059852], [141.28975, 40.05969], [141.289186, 40.049641], [141.298758, 40.040865], [141.295908, 40.035245], [141.28727, 40.031169], [141.277214, 40.041755], [141.261948, 40.043934], [141.251963, 40.041884], [141.246628, 40.045763], [141.243558, 40.054005], [141.23625, 40.054141], [141.227917, 40.059603], [141.223546, 40.057947], [141.206134, 40.059292], [141.201639, 40.05842], [141.189242, 40.060548], [141.179313, 40.067119], [141.171149, 40.07543], [141.158876, 40.080687], [141.161821, 40.083791], [141.157857, 40.088802]]]}, "properties": {"N03_001": "岩手県", "N03_002": null, "N03_003": "二戸郡", "N03_004": "一戸町", "N03_005": null, "N03_007": "03524"}}]}