{"type": "FeatureCollection", "features": [{"type": "Feature", "geometry": {"type": "Polygon", "coordinates": [[[139.96305, 36.471828], [139.948365, 36.477698], [139.94729, 36.483632], [139.941591, 36.483079], [139.93676, 36.485287], [139.929686, 36.483218], [139.91907, 36.486903], [139.91161, 36.490839], [139.905061, 36.483514], [139.906379, 36.479648], [139.89786, 36.475865], [139.893023, 36.469915], [139.884638, 36.464581], [139.874087, 36.465015], [139.873507, 36.469454], [139.867351, 36.470506], [139.867371, 36.474768], [139.858634, 36.475911], [139.851834, 36.479072], [139.841926, 36.487353], [139.841412, 36.493035], [139.834528, 36.496303], [139.834025, 36.501717], [139.831088, 36.503881], [139.830618, 36.509975], [139.821298, 36.511139], [139.817553, 36.514818], [139.820283, 36.519012], [139.827949, 36.518392], [139.831802, 36.52564], [139.83229, 36.531131], [139.829282, 36.535203], [139.820539, 36.540565], [139.819877, 36.546686], [139.826504, 36.555167], [139.825098, 36.559536], [139.818315, 36.55674], [139.811868, 36.555883], [139.805026, 36.559974], [139.802374, 36.56392], [139.803895, 36.569843], [139.797206, 36.570305], [139.794187, 36.581505], [139.807583, 36.586387], [139.798154, 36.591882], [139.792391, 36.59071], [139.780161, 36.59517], [139.773463, 36.599907], [139.762797, 36.595142], [139.756714, 36.60326], [139.753317, 36.602152], [139.74768, 36.606793], [139.743067, 36.616455], [139.749183, 36.619819], [139.752359, 36.625567], [139.756342, 36.627239], [139.770624, 36.627746], [139.768308, 36.634493], [139.770475, 36.636299], [139.779662, 36.637892], [139.781744, 36.641763], [139.792429, 36.641219], [139.794225, 36.653146], [139.791827, 36.668328], [139.783514, 36.679346], [139.786022, 36.702618], [139.788821, 36.705092], [139.79662, 36.703928], [139.803795, 36.708376], [139.808107, 36.713126], [139.817669, 36.715784], [139.823485, 36.706044], [139.829071, 36.707666], [139.830587, 36.704782], [139.837923, 36.703969], [139.841112, 36.705812], [139.842287, 36.719625], [139.847065, 36.720044], [139.852784, 36.724541], [139.860328, 36.73008], [139.875557, 36.723963], [139.881741, 36.722621], [139.887797, 36.724571], [139.893525, 36.722685], [139.90688, 36.721431], [139.918479, 36.71319], [139.931157, 36.699999], [139.939839, 36.692209], [139.946015, 36.684683], [139.954667, 36.669356], [139.952038, 36.659984], [139.953459, 36.644006], [139.955371, 36.64007], [139.958465, 36.630362], [139.966258, 36.617722], [139.969605, 36.616749], [139.970751, 36.607571], [139.975989, 36.607234], [139.990784, 36.608652], [139.989669, 36.604736], [139.993384, 36.601695], [139.994388, 36.595207], [139.997278, 36.588091], [139.998417, 36.578592], [140.002701, 36.565082], [140.002074, 36.560367], [139.997381, 36.557231], [139.998396, 36.550853], [140.009656, 36.533919], [140.006114, 36.530575], [140.010623, 36.524639], [140.009793, 36.517474], [140.006249, 36.513266], [140.007316, 36.504113], [140.000413, 36.496782], [139.997105, 36.502615], [139.987246, 36.504386], [139.972367, 36.503068], [139.9678, 36.49782], [139.962481, 36.496587], [139.966622, 36.490515], [139.963281, 36.480886], [139.96305, 36.471828]]]}, "properties": {"N03_001": "栃木県", "N03_002": null, "N03_003": null, "N03_004": "宇都宮市", "N03_005": null, "N03_007": "09201"}}, {"type": "Feature", "geometry": {"type": "Polygon", "coordinates": [[[139.406504, 36.44571], [139.411685, 36.444693], [139.42211, 36.44503], [139.425852, 36.438383], [139.430412, 36.436523], [139.43942, 36.438831], [139.451306, 36.444826], [139.458771, 36.439172], [139.461504, 36.432909], [139.465664, 36.433485], [139.478217, 36.422406], [139.479386, 36.412584], [139.485752, 36.406749], [139.486609, 36.400705], [139.491443, 36.396426], [139.502738, 36.390592], [139.505907, 36.382479], [139.505141, 36.377979], [139.508128, 36.375049], [139.507633, 36.370182], [139.512248, 36.364242], [139.508966, 36.357269], [139.506416, 36.356189], [139.505678, 36.342286], [139.509651, 36.340939], [139.513991, 36.334751], [139.528702, 36.334575], [139.533248, 36.337715], [139.536154, 36.335733], [139.548001, 36.337201], [139.548528, 36.331506], [139.544649, 36.326325], [139.54299, 36.315107], [139.543858, 36.305546], [139.538961, 36.305842], [139.531984, 36.308988], [139.52413, 36.30438], [139.523854, 36.300431], [139.518176, 36.293582], [139.52791, 36.289083], [139.529316, 36.286383], [139.536463, 36.281726], [139.534587, 36.279022], [139.525608, 36.284703], [139.520549, 36.280899], [139.515073, 36.281145], [139.509003, 36.278675], [139.503222, 36.281066], [139.50062, 36.276256], [139.492861, 36.273787], [139.485575, 36.275221], [139.482549, 36.272028], [139.463878, 36.271521], [139.458783, 36.277102], [139.467459, 36.280495], [139.457065, 36.289193], [139.443649, 36.288361], [139.443533, 36.293694], [139.437105, 36.297009], [139.434788, 36.29299], [139.430364, 36.295686], [139.431523, 36.30101], [139.426715, 36.30395], [139.4157, 36.31587], [139.414861, 36.324318], [139.420472, 36.323118], [139.426562, 36.324351], [139.422793, 36.332256], [139.417944, 36.336559], [139.413511, 36.337713], [139.396937, 36.345821], [139.391511, 36.349434], [139.388436, 36.354645], [139.378146, 36.359989], [139.368599, 36.367318], [139.366315, 36.379421], [139.360978, 36.38368], [139.368136, 36.392801], [139.369942, 36.397765], [139.375459, 36.400309], [139.376863, 36.411028], [139.378643, 36.414559], [139.38587, 36.421523], [139.391737, 36.42431], [139.395031, 36.430919], [139.394391, 36.434222], [139.402526, 36.436815], [139.406504, 36.44571]]]}, "properties": {"N03_001": "栃木県", "N03_002": null, "N03_003": null, "N03_004": "足利市", "N03_005": null, "N03_007": "09202"}}, {"type": "Feature", "geometry": {"type": "Polygon", "coordinates": [[[139.616955, 36.274044], [139.614831, 36.277383], [139.613575, 36.287698], [139.620303, 36.294987], [139.621764, 36.301413], [139.625719, 36.302871], [139.626923, 36.31336], [139.633401, 36.319565], [139.634195, 36.327485], [139.620453, 36.324126], [139.617048, 36.32725], [139.616523, 36.334342], [139.617932, 36.343546], [139.613154, 36.345459], [139.613155, 36.359796], [139.608898, 36.363567], [139.610098, 36.370775], [139.615888, 36.372903], [139.616949, 36.377626], [139.626098, 36.378148], [139.630612, 36.381088], [139.630451, 36.389188], [139.633516, 36.396429], [139.63642, 36.398315], [139.64629, 36.414679], [139.637482, 36.420886], [139.636039, 36.435451], [139.632746, 36.43772], [139.631339, 36.443894], [139.625274, 36.44322], [139.619079, 36.449087], [139.613073, 36.450238], [139.611583, 36.455148], [139.608136, 36.455045], [139.598693, 36.465523], [139.594145, 36.463895], [139.588613, 36.466503], [139.586071, 36.472021], [139.582228, 36.471421], [139.574972, 36.479657], [139.573377, 36.483652], [139.565951, 36.490395], [139.563849, 36.496266], [139.574043, 36.496775], [139.586939, 36.492738], [139.595909, 36.485178], [139.601005, 36.476204], [139.605662, 36.471583], [139.601807, 36.46932], [139.600296, 36.46457], [139.607906, 36.456487], [139.612339, 36.457745], [139.614881, 36.467006], [139.618291, 36.462324], [139.624698, 36.46598], [139.622516, 36.470265], [139.624127, 36.47818], [139.626119, 36.479679], [139.630654, 36.488991], [139.642687, 36.486396], [139.644806, 36.489133], [139.654582, 36.488929], [139.656752, 36.491625], [139.667402, 36.495449], [139.676648, 36.493951], [139.685425, 36.490854], [139.68808, 36.486975], [139.694694, 36.484789], [139.6991, 36.486613], [139.704851, 36.483884], [139.708149, 36.485143], [139.714509, 36.482248], [139.720876, 36.487069], [139.726578, 36.487662], [139.746745, 36.481013], [139.751593, 36.471562], [139.756787, 36.467286], [139.758079, 36.459858], [139.767441, 36.448428], [139.767089, 36.441979], [139.783907, 36.421539], [139.790239, 36.419291], [139.794101, 36.406066], [139.798198, 36.401525], [139.803785, 36.400671], [139.804289, 36.40536], [139.81243, 36.401956], [139.803377, 36.397933], [139.798236, 36.392622], [139.797188, 36.388757], [139.79555, 36.384778], [139.796284, 36.376829], [139.790706, 36.375817], [139.779193, 36.375956], [139.773684, 36.370346], [139.767709, 36.367096], [139.765564, 36.353092], [139.761577, 36.355341], [139.754894, 36.353835], [139.753487, 36.346652], [139.744723, 36.347056], [139.745254, 36.338489], [139.743035, 36.335497], [139.746603, 36.32641], [139.737808, 36.326677], [139.733568, 36.329718], [139.730494, 36.323466], [139.732988, 36.317335], [139.733301, 36.311826], [139.724425, 36.30921], [139.725472, 36.296473], [139.732727, 36.292883], [139.727984, 36.286757], [139.725373, 36.279855], [139.721563, 36.274101], [139.726349, 36.268363], [139.722859, 36.262275], [139.716923, 36.258547], [139.715058, 36.262414], [139.709639, 36.263783], [139.704023, 36.257518], [139.700104, 36.259307], [139.697163, 36.251737], [139.699713, 36.250591], [139.699693, 36.244203], [139.690294, 36.237885], [139.689566, 36.23273], [139.692099, 36.225873], [139.695423, 36.223315], [139.698301, 36.220515], [139.697316, 36.213148], [139.689141, 36.218189], [139.684435, 36.21583], [139.688847, 36.202073], [139.677335, 36.201481], [139.674911, 36.208288], [139.668637, 36.206936], [139.663975, 36.208696], [139.669451, 36.212583], [139.669571, 36.215134], [139.664879, 36.223471], [139.6612, 36.224122], [139.658944, 36.231413], [139.650572, 36.239136], [139.642385, 36.241347], [139.635598, 36.250798], [139.63072, 36.254841], [139.636531, 36.261879], [139.633908, 36.270228], [139.616955, 36.274044]]]}, "properties": {"N03_001": "栃木県", "N03_002": null, "N03_003": null, "N03_004": "栃木市", "N03_005": null, "N03_007": "09203"}}, {"type": "Feature", "geometry": {"type": "MultiPolygon", "coordinates": [[[[139.536463, 36.281726], [139.529316, 36.286383], [139.52791, 36.289083], [139.518176, 36.293582], [139.523854, 36.300431], [139.52413, 36.30438], [139.531984, 36.308988], [139.538961, 36.305842], [139.543858, 36.305546], [139.54299, 36.315107], [139.544649, 36.326325], [139.548528, 36.331506], [139.548001, 36.337201], [139.536154, 36.335733], [139.533248, 36.337715], [139.528702, 36.334575], [139.513991, 36.334751], [139.509651, 36.340939], [139.505678, 36.342286], [139.506416, 36.356189], [139.508966, 36.357269], [139.512248, 36.364242], [139.507633, 36.370182], [139.508128, 36.375049], [139.505141, 36.377979], [139.505907, 36.382479], [139.502738, 36.390592], [139.491443, 36.396426], [139.486609, 36.400705], [139.485752, 36.406749], [139.479386, 36.412584], [139.478217, 36.422406], [139.465664, 36.433485], [139.461504, 36.432909], [139.458771, 36.439172], [139.451306, 36.444826], [139.43942, 36.438831], [139.430412, 36.436523], [139.425852, 36.438383], [139.42211, 36.44503], [139.411685, 36.444693], [139.406504, 36.44571], [139.412308, 36.450704], [139.4111, 36.458435], [139.414741, 36.461856], [139.420403, 36.457074], [139.427838, 36.459112], [139.436475, 36.465975], [139.437693, 36.474335], [139.431709, 36.472158], [139.42966, 36.481946], [139.425935, 36.484515], [139.428081, 36.490418], [139.42147, 36.490518], [139.417928, 36.494639], [139.419029, 36.502278], [139.42299, 36.504419], [139.421685, 36.508744], [139.427677, 36.510635], [139.434414, 36.51936], [139.434646, 36.522069], [139.439912, 36.525401], [139.441509, 36.530598], [139.437468, 36.532463], [139.436289, 36.538065], [139.439299, 36.550963], [139.443907, 36.552511], [139.452236, 36.549595], [139.456773, 36.552986], [139.460758, 36.553247], [139.465619, 36.56362], [139.474025, 36.56673], [139.473909, 36.573132], [139.482634, 36.578163], [139.488241, 36.574165], [139.506539, 36.569022], [139.513604, 36.563455], [139.513141, 36.556117], [139.518576, 36.552956], [139.524918, 36.541519], [139.530498, 36.53818], [139.531471, 36.529874], [139.535141, 36.525219], [139.535834, 36.516728], [139.544404, 36.510105], [139.549257, 36.503864], [139.556171, 36.49912], [139.563849, 36.496266], [139.565951, 36.490395], [139.573377, 36.483652], [139.574972, 36.479657], [139.582228, 36.471421], [139.586071, 36.472021], [139.588613, 36.466503], [139.594145, 36.463895], [139.598693, 36.465523], [139.608136, 36.455045], [139.611583, 36.455148], [139.613073, 36.450238], [139.619079, 36.449087], [139.625274, 36.44322], [139.631339, 36.443894], [139.632746, 36.43772], [139.636039, 36.435451], [139.637482, 36.420886], [139.64629, 36.414679], [139.63642, 36.398315], [139.633516, 36.396429], [139.630451, 36.389188], [139.630612, 36.381088], [139.626098, 36.378148], [139.616949, 36.377626], [139.615888, 36.372903], [139.610098, 36.370775], [139.608898, 36.363567], [139.613155, 36.359796], [139.613154, 36.345459], [139.617932, 36.343546], [139.616523, 36.334342], [139.617048, 36.32725], [139.620453, 36.324126], [139.634195, 36.327485], [139.633401, 36.319565], [139.626923, 36.31336], [139.625719, 36.302871], [139.621764, 36.301413], [139.620303, 36.294987], [139.613575, 36.287698], [139.614831, 36.277383], [139.616955, 36.274044], [139.608603, 36.268095], [139.584574, 36.269218], [139.578135, 36.266961], [139.570383, 36.268088], [139.56127, 36.26713], [139.553525, 36.273884], [139.555915, 36.276615], [139.549172, 36.280446], [139.54403, 36.275784], [139.536463, 36.281726]]], [[[139.614881, 36.467006], [139.612339, 36.457745], [139.607906, 36.456487], [139.600296, 36.46457], [139.601807, 36.46932], [139.605662, 36.471583], [139.614881, 36.467006]]]]}, "properties": {"N03_001": "栃木県", "N03_002": null, "N03_003": null, "N03_004": "佐野市", "N03_005": null, "N03_007": "09204"}}, {"type": "Feature", "geometry": {"type": "Polygon", "coordinates": [[[139.743067, 36.616455], [139.74768, 36.606793], [139.753317, 36.602152], [139.756714, 36.60326], [139.762797, 36.595142], [139.773463, 36.599907], [139.780161, 36.59517], [139.792391, 36.59071], [139.798154, 36.591882], [139.807583, 36.586387], [139.794187, 36.581505], [139.797206, 36.570305], [139.803895, 36.569843], [139.802374, 36.56392], [139.805026, 36.559974], [139.811868, 36.555883], [139.818315, 36.55674], [139.825098, 36.559536], [139.826504, 36.555167], [139.819877, 36.546686], [139.820539, 36.540565], [139.829282, 36.535203], [139.83229, 36.531131], [139.831802, 36.52564], [139.827949, 36.518392], [139.820283, 36.519012], [139.817553, 36.514818], [139.821298, 36.511139], [139.817688, 36.507006], [139.809914, 36.505073], [139.805604, 36.502174], [139.800563, 36.505388], [139.792583, 36.498447], [139.793802, 36.490771], [139.788864, 36.487006], [139.783236, 36.492873], [139.778844, 36.493168], [139.768792, 36.486838], [139.770746, 36.478563], [139.76723, 36.471223], [139.756787, 36.467286], [139.751593, 36.471562], [139.746745, 36.481013], [139.726578, 36.487662], [139.720876, 36.487069], [139.714509, 36.482248], [139.708149, 36.485143], [139.704851, 36.483884], [139.6991, 36.486613], [139.694694, 36.484789], [139.68808, 36.486975], [139.685425, 36.490854], [139.676648, 36.493951], [139.667402, 36.495449], [139.656752, 36.491625], [139.654582, 36.488929], [139.644806, 36.489133], [139.642687, 36.486396], [139.630654, 36.488991], [139.626119, 36.479679], [139.624127, 36.47818], [139.622516, 36.470265], [139.624698, 36.46598], [139.618291, 36.462324], [139.614881, 36.467006], [139.605662, 36.471583], [139.601005, 36.476204], [139.595909, 36.485178], [139.586939, 36.492738], [139.574043, 36.496775], [139.563849, 36.496266], [139.556171, 36.49912], [139.549257, 36.503864], [139.544404, 36.510105], [139.535834, 36.516728], [139.535141, 36.525219], [139.531471, 36.529874], [139.530498, 36.53818], [139.524918, 36.541519], [139.518576, 36.552956], [139.513141, 36.556117], [139.513604, 36.563455], [139.506539, 36.569022], [139.488241, 36.574165], [139.482634, 36.578163], [139.483041, 36.583278], [139.47384, 36.590456], [139.474705, 36.594645], [139.471446, 36.602891], [139.465358, 36.606494], [139.466938, 36.612853], [139.477748, 36.61842], [139.484718, 36.617328], [139.488166, 36.624134], [139.491369, 36.623623], [139.497829, 36.627483], [139.50487, 36.628738], [139.508606, 36.631894], [139.506398, 36.635782], [139.497274, 36.646064], [139.495551, 36.654151], [139.499752, 36.664615], [139.507728, 36.668203], [139.51571, 36.680612], [139.524482, 36.682552], [139.526544, 36.688183], [139.52266, 36.693649], [139.524999, 36.701299], [139.522036, 36.704351], [139.522816, 36.707937], [139.536716, 36.710154], [139.539325, 36.709139], [139.547773, 36.715034], [139.556195, 36.711266], [139.560206, 36.714359], [139.569793, 36.709818], [139.574521, 36.704873], [139.571871, 36.697605], [139.574083, 36.685348], [139.573421, 36.676656], [139.576038, 36.676113], [139.578878, 36.667685], [139.587202, 36.664474], [139.592599, 36.657633], [139.599668, 36.65477], [139.603702, 36.64982], [139.609924, 36.650076], [139.615765, 36.648351], [139.619723, 36.644265], [139.630849, 36.640229], [139.636875, 36.63643], [139.641953, 36.635843], [139.648559, 36.641086], [139.649252, 36.644143], [139.656128, 36.649541], [139.650728, 36.655793], [139.641395, 36.656067], [139.643992, 36.662689], [139.64884, 36.667586], [139.651557, 36.665195], [139.66215, 36.661677], [139.667627, 36.663946], [139.675377, 36.662738], [139.681501, 36.656417], [139.694718, 36.662524], [139.707831, 36.662742], [139.709963, 36.653401], [139.708752, 36.6471], [139.721113, 36.641208], [139.721031, 36.638019], [139.713302, 36.632916], [139.714725, 36.62853], [139.712721, 36.62316], [139.717633, 36.617881], [139.725666, 36.616365], [139.737695, 36.619554], [139.743067, 36.616455]]]}, "properties": {"N03_001": "栃木県", "N03_002": null, "N03_003": null, "N03_004": "鹿沼市", "N03_005": null, "N03_007": "09205"}}, {"type": "Feature", "geometry": {"type": "MultiPolygon", "coordinates": [[[[139.847065, 36.720044], [139.842287, 36.719625], [139.841112, 36.705812], [139.837923, 36.703969], [139.830587, 36.704782], [139.829071, 36.707666], [139.823485, 36.706044], [139.817669, 36.715784], [139.808107, 36.713126], [139.803795, 36.708376], [139.79662, 36.703928], [139.788821, 36.705092], [139.786022, 36.702618], [139.783514, 36.679346], [139.791827, 36.668328], [139.794225, 36.653146], [139.792429, 36.641219], [139.781744, 36.641763], [139.779662, 36.637892], [139.770475, 36.636299], [139.768308, 36.634493], [139.770624, 36.627746], [139.756342, 36.627239], [139.752359, 36.625567], [139.749183, 36.619819], [139.743067, 36.616455], [139.737695, 36.619554], [139.725666, 36.616365], [139.717633, 36.617881], [139.712721, 36.62316], [139.714725, 36.62853], [139.713302, 36.632916], [139.721031, 36.638019], [139.721113, 36.641208], [139.708752, 36.6471], [139.709963, 36.653401], [139.707831, 36.662742], [139.694718, 36.662524], [139.681501, 36.656417], [139.675377, 36.662738], [139.667627, 36.663946], [139.66215, 36.661677], [139.651557, 36.665195], [139.64884, 36.667586], [139.643992, 36.662689], [139.641395, 36.656067], [139.650728, 36.655793], [139.656128, 36.649541], [139.649252, 36.644143], [139.648559, 36.641086], [139.641953, 36.635843], [139.636875, 36.63643], [139.630849, 36.640229], [139.619723, 36.644265], [139.615765, 36.648351], [139.609924, 36.650076], [139.603702, 36.64982], [139.599668, 36.65477], [139.592599, 36.657633], [139.587202, 36.664474], [139.578878, 36.667685], [139.576038, 36.676113], [139.573421, 36.676656], [139.574083, 36.685348], [139.571871, 36.697605], [139.574521, 36.704873], [139.569793, 36.709818], [139.560206, 36.714359], [139.556195, 36.711266], [139.547773, 36.715034], [139.539325, 36.709139], [139.536716, 36.710154], [139.522816, 36.707937], [139.522036, 36.704351], [139.524999, 36.701299], [139.52266, 36.693649], [139.526544, 36.688183], [139.524482, 36.682552], [139.51571, 36.680612], [139.507728, 36.668203], [139.499752, 36.664615], [139.495551, 36.654151], [139.497274, 36.646064], [139.506398, 36.635782], [139.508606, 36.631894], [139.50487, 36.628738], [139.497829, 36.627483], [139.491369, 36.623623], [139.488166, 36.624134], [139.484718, 36.617328], [139.477748, 36.61842], [139.466938, 36.612853], [139.465358, 36.606494], [139.450984, 36.60648], [139.445042, 36.607293], [139.436275, 36.601733], [139.426865, 36.601133], [139.415002, 36.605819], [139.412373, 36.608124], [139.405679, 36.608769], [139.406547, 36.604786], [139.398704, 36.602189], [139.395163, 36.603497], [139.386689, 36.611983], [139.37944, 36.613117], [139.371775, 36.611952], [139.363226, 36.614333], [139.352288, 36.61509], [139.347611, 36.619119], [139.345733, 36.623347], [139.338697, 36.62719], [139.329654, 36.627589], [139.328119, 36.633651], [139.330534, 36.642264], [139.326566, 36.650696], [139.326702, 36.657112], [139.330653, 36.663799], [139.334522, 36.665691], [139.33493, 36.674514], [139.33926, 36.678334], [139.336715, 36.682389], [139.339127, 36.684987], [139.336918, 36.69213], [139.348747, 36.699832], [139.356342, 36.707098], [139.355432, 36.709856], [139.359745, 36.716742], [139.364874, 36.71973], [139.366934, 36.724589], [139.364809, 36.729055], [139.367515, 36.734811], [139.367994, 36.741376], [139.370277, 36.744952], [139.365771, 36.747918], [139.356076, 36.750453], [139.354499, 36.753394], [139.355279, 36.760246], [139.35082, 36.76345], [139.354447, 36.769087], [139.353399, 36.774111], [139.359914, 36.775158], [139.362284, 36.780727], [139.367551, 36.783789], [139.374331, 36.784291], [139.378041, 36.79207], [139.375678, 36.800414], [139.377935, 36.804449], [139.388612, 36.805268], [139.393702, 36.809679], [139.391073, 36.814433], [139.394409, 36.818377], [139.401245, 36.821518], [139.4067, 36.82694], [139.40451, 36.831436], [139.397338, 36.834694], [139.39092, 36.832656], [139.386668, 36.835516], [139.366461, 36.842054], [139.363825, 36.847315], [139.352618, 36.849072], [139.348705, 36.852559], [139.355627, 36.85844], [139.358206, 36.87221], [139.36241, 36.877514], [139.367872, 36.87718], [139.371887, 36.882819], [139.370632, 36.889595], [139.379421, 36.897987], [139.393903, 36.903279], [139.395596, 36.906102], [139.393289, 36.910796], [139.399143, 36.920091], [139.407851, 36.926506], [139.412191, 36.927606], [139.420237, 36.924122], [139.426901, 36.924166], [139.434956, 36.935867], [139.434449, 36.941854], [139.440664, 36.944663], [139.456675, 36.953836], [139.459044, 36.959438], [139.458434, 36.965771], [139.461165, 36.970721], [139.472692, 36.971355], [139.484332, 36.975437], [139.494287, 36.967933], [139.503862, 36.969568], [139.515136, 36.977844], [139.532721, 36.981759], [139.535287, 36.980604], [139.544727, 36.990888], [139.554464, 36.992492], [139.556721, 36.996782], [139.56463, 36.99688], [139.579535, 37.004946], [139.581893, 37.014902], [139.588054, 37.015347], [139.598694, 37.012045], [139.602837, 37.015971], [139.611628, 37.013795], [139.619322, 37.016631], [139.618825, 37.019726], [139.625525, 37.025986], [139.623054, 37.028953], [139.624971, 37.032721], [139.631, 37.033811], [139.635648, 37.031875], [139.642942, 37.035544], [139.651634, 37.037307], [139.655744, 37.041917], [139.664954, 37.040531], [139.671237, 37.048203], [139.6726, 37.057151], [139.676729, 37.056739], [139.692064, 37.062548], [139.700531, 37.059375], [139.711006, 37.068422], [139.717778, 37.06825], [139.724157, 37.069908], [139.732963, 37.068668], [139.737282, 37.072029], [139.752712, 37.070587], [139.754929, 37.074294], [139.762859, 37.075686], [139.763517, 37.078208], [139.770651, 37.083512], [139.774911, 37.091894], [139.777858, 37.088829], [139.787951, 37.090702], [139.809506, 37.084845], [139.811243, 37.085972], [139.822093, 37.085137], [139.823315, 37.080927], [139.817315, 37.072671], [139.813978, 37.063588], [139.806331, 37.055645], [139.800427, 37.046406], [139.791661, 37.041525], [139.780757, 37.039112], [139.778384, 37.041015], [139.762734, 37.039967], [139.758545, 37.038359], [139.754879, 37.027121], [139.758476, 37.017747], [139.754935, 37.015038], [139.755084, 37.002726], [139.750946, 36.9988], [139.750051, 36.994557], [139.74083, 36.988567], [139.745861, 36.983563], [139.747338, 36.978099], [139.743772, 36.973608], [139.744366, 36.966651], [139.746852, 36.96281], [139.737954, 36.952594], [139.737241, 36.949291], [139.7451, 36.948333], [139.742843, 36.943008], [139.748059, 36.936999], [139.771786, 36.92067], [139.769468, 36.906833], [139.776329, 36.901361], [139.771464, 36.894781], [139.770614, 36.887279], [139.773397, 36.868492], [139.771856, 36.864501], [139.771456, 36.855095], [139.750451, 36.843396], [139.74218, 36.842796], [139.742988, 36.8382], [139.736809, 36.833367], [139.727883, 36.833075], [139.731645, 36.821738], [139.727038, 36.814188], [139.728918, 36.811712], [139.729685, 36.796353], [139.733721, 36.794515], [139.735534, 36.785417], [139.733356, 36.78077], [139.735054, 36.768863], [139.737081, 36.76724], [139.751525, 36.768077], [139.761736, 36.763147], [139.764457, 36.759141], [139.774045, 36.756057], [139.779487, 36.752419], [139.800973, 36.744413], [139.812024, 36.738919], [139.824998, 36.736224], [139.838907, 36.734763], [139.852784, 36.724541], [139.847065, 36.720044]], [[139.68790889, 36.93376166], [139.68760723, 36.93389695], [139.68744583, 36.93398138], [139.6873475, 36.93405472], [139.68724917, 36.93418417], [139.68715806, 36.93435334], [139.68711584, 36.93444334], [139.68691972, 36.93464056], [139.68682139, 36.93490528], [139.68669528, 36.93490528], [139.68657584, 36.93491667], [139.68647778, 36.9349675], [139.68623222, 36.93514195], [139.68583223, 36.93535028], [139.68563583, 36.93544028], [139.68524972, 36.9356375], [139.68515861, 36.93572194], [139.6851025, 36.93583472], [139.68509555, 36.93598666], [139.68508138, 36.93607138], [139.68503917, 36.93607695], [139.68499305, 36.93605389], [139.68489194, 36.93600361], [139.68468861, 36.93594166], [139.68447805, 36.93586278], [139.68443583, 36.93585722], [139.68421139, 36.93587416], [139.68407111, 36.93589666], [139.6839025, 36.93594166], [139.68358694, 36.93606556], [139.68343944, 36.93609945], [139.683075, 36.93613333], [139.68296278, 36.93614445], [139.68269611, 36.93624583], [139.68256972, 36.93631917], [139.68248555, 36.93642612], [139.68243639, 36.93662334], [139.68237334, 36.93667417], [139.68238028, 36.93649944], [139.68235917, 36.93647694], [139.68234528, 36.93644889], [139.68226806, 36.93640944], [139.68217695, 36.93640944], [139.68178389, 36.93653889], [139.6812225, 36.93677], [139.68080167, 36.93693889], [139.68072445, 36.93696694], [139.68059805, 36.93698973], [139.68021222, 36.93700083], [139.68002972, 36.93701223], [139.67979111, 36.93701778], [139.67965778, 36.93705694], [139.67944028, 36.93721473], [139.67932111, 36.93725417], [139.67914583, 36.93727667], [139.67911778, 36.93728778], [139.67857056, 36.93731055], [139.67829695, 36.93734416], [139.6781425, 36.9373725], [139.67791806, 36.9373725], [139.67766555, 36.93728223], [139.67746889, 36.93719223], [139.67669028, 36.93679777], [139.67660583, 36.93675861], [139.67634639, 36.93666834], [139.67624111, 36.93665722], [139.67593945, 36.93665167], [139.67579917, 36.93661222], [139.67570084, 36.93661222], [139.67549056, 36.93665722], [139.67544139, 36.93671334], [139.6754275, 36.93680917], [139.67537139, 36.93691056], [139.67530111, 36.93679222], [139.67528722, 36.93676972], [139.67523805, 36.9367075], [139.67511861, 36.93664555], [139.67485222, 36.93655584], [139.67479583, 36.93649944], [139.67476083, 36.93629112], [139.67472583, 36.93617833], [139.67467667, 36.93608833], [139.67464167, 36.93605445], [139.67449417, 36.93597], [139.67436084, 36.93594166], [139.67405222, 36.93594166], [139.67372944, 36.93599806], [139.67354, 36.93604888], [139.67309806, 36.93617833], [139.67280333, 36.93633055], [139.67265584, 36.93643167], [139.6725225, 36.93652167], [139.67229806, 36.93658944], [139.6720525, 36.93667389], [139.67177222, 36.93680334], [139.67166056, 36.93663945], [139.67144055, 36.93636833], [139.67138611, 36.93635278], [139.67121778, 36.93635278], [139.67100028, 36.93639222], [139.67081777, 36.93639778], [139.67074611, 36.93638056], [139.67071972, 36.93631888], [139.67073361, 36.93626833], [139.67083194, 36.93622888], [139.67123195, 36.93604888], [139.67146862, 36.93598695], [139.67162472, 36.93594722], [139.67179306, 36.93592472], [139.67211584, 36.93585166], [139.67247361, 36.935705], [139.67318917, 36.93531083], [139.67336445, 36.93518695], [139.67343472, 36.9351475], [139.67355389, 36.93514166], [139.67361028, 36.93515305], [139.67370833, 36.93519805], [139.67377166, 36.93527695], [139.67387667, 36.93536722], [139.67401, 36.93545167], [139.6741575, 36.93551361], [139.67439611, 36.93555861], [139.67469083, 36.93553056], [139.67481695, 36.93547417], [139.6749925, 36.93533889], [139.67507667, 36.935305], [139.67520306, 36.93527695], [139.67577139, 36.93527695], [139.67617833, 36.93532195], [139.6763675, 36.93536722], [139.67671111, 36.93542333], [139.67701278, 36.93550806], [139.6772375, 36.93550806], [139.67735666, 36.93549111], [139.67765833, 36.93540083], [139.67802333, 36.93522639], [139.67813556, 36.93514166], [139.67816361, 36.93509666], [139.67817777, 36.93504028], [139.67821972, 36.93483194], [139.67823389, 36.93479111], [139.67827583, 36.93466861], [139.67834611, 36.93462334], [139.67840917, 36.93463472], [139.67849333, 36.93465722], [139.67864778, 36.93476417], [139.67873194, 36.93478111], [139.67883027, 36.93477], [139.67897055, 36.93473056], [139.67923028, 36.93462334], [139.67934249, 36.93456722], [139.67960195, 36.93438694], [139.67998806, 36.93408862], [139.68012834, 36.93397028], [139.68028972, 36.93375611], [139.68037388, 36.93367722], [139.6806475, 36.93346889], [139.68089973, 36.93332806], [139.6811525, 36.93320972], [139.68144722, 36.93310833], [139.68196639, 36.93292805], [139.68210667, 36.93287166], [139.68222583, 36.93274194], [139.68226111, 36.93262944], [139.68231, 36.93256167], [139.68237334, 36.93252806], [139.68259778, 36.93244361], [139.68273806, 36.93234194], [139.68296278, 36.93219], [139.68308889, 36.93211694], [139.68322945, 36.93206639], [139.68341166, 36.9320325], [139.68388889, 36.93201], [139.68395917, 36.93198194], [139.68406416, 36.93189167], [139.68414861, 36.93185778], [139.68430277, 36.93184667], [139.68445027, 36.93181833], [139.68475861, 36.93171695], [139.68489889, 36.93168888], [139.68503222, 36.931655], [139.68519361, 36.93155916], [139.685285, 36.93148028], [139.68547444, 36.93128333], [139.68557945, 36.93119861], [139.68586028, 36.93108056], [139.6860075, 36.93101278], [139.68649166, 36.93084389], [139.68681445, 36.93065778], [139.68698278, 36.93057917], [139.68721444, 36.93050611], [139.6873025, 36.93047555], [139.68747417, 36.93041583], [139.68768445, 36.93029194], [139.68782472, 36.93022444], [139.68815445, 36.93010056], [139.68835083, 36.93004417], [139.6886875, 36.93004417], [139.68893333, 36.92995389], [139.68915084, 36.929785], [139.68941723, 36.92953695], [139.68950861, 36.92948638], [139.68966306, 36.92943556], [139.68992945, 36.92937945], [139.68994361, 36.92936806], [139.69013306, 36.9293175], [139.69048389, 36.92924416], [139.69077833, 36.92921584], [139.69087639, 36.92919916], [139.69103778, 36.92913694], [139.6912625, 36.92901333], [139.69167639, 36.92868111], [139.69173945, 36.92864167], [139.69193611, 36.92848389], [139.69205528, 36.92830917], [139.69218861, 36.92798806], [139.69242028, 36.927605], [139.69256056, 36.92742472], [139.69265167, 36.92727278], [139.69271501, 36.92715472], [139.69275, 36.92699111], [139.69277111, 36.92692361], [139.69279917, 36.92647861], [139.69277111, 36.9262925], [139.69270084, 36.92607861], [139.69259556, 36.92585333], [139.69251139, 36.92571806], [139.69242028, 36.92566167], [139.69235695, 36.92563361], [139.69214639, 36.92554889], [139.69167639, 36.92543055], [139.69150111, 36.92530667], [139.69140278, 36.92521667], [139.69131861, 36.92517722], [139.69116417, 36.92513778], [139.69100972, 36.92511528], [139.69085583, 36.92507], [139.69073417, 36.92498416], [139.69062417, 36.92490666], [139.69051195, 36.92486166], [139.6903225, 36.92476028], [139.69021722, 36.92469278], [139.68992945, 36.92456861], [139.68981027, 36.92452917], [139.68951556, 36.92438833], [139.68869472, 36.92402223], [139.68850527, 36.92396028], [139.68833, 36.92385916], [139.68802834, 36.92373528], [139.687895, 36.92366194], [139.687825, 36.92359444], [139.68779694, 36.92354361], [139.68778278, 36.92336917], [139.68774056, 36.923245], [139.6876775, 36.92316612], [139.68759333, 36.92305917], [139.68758639, 36.92302528], [139.68757917, 36.92279445], [139.68756528, 36.92271], [139.687495, 36.92247889], [139.687495, 36.922355], [139.68756528, 36.92225917], [139.68766361, 36.92210139], [139.68778972, 36.92176333], [139.687895, 36.92163389], [139.68808445, 36.92147639], [139.68840723, 36.92118917], [139.68861777, 36.92100889], [139.68877888, 36.9209075], [139.68887, 36.92086805], [139.68895416, 36.92084555], [139.68918584, 36.92081167], [139.68929805, 36.92078917], [139.68941723, 36.92072722], [139.68966306, 36.92053556], [139.68978222, 36.92045666], [139.68993667, 36.92037222], [139.69023139, 36.92033278], [139.69069445, 36.92032722], [139.69108695, 36.92023166], [139.69146584, 36.92010778], [139.69185889, 36.9199275], [139.69189389, 36.91991611], [139.69227639, 36.91975278], [139.69237584, 36.91971889], [139.69241583, 36.91970333], [139.69250222, 36.91965695], [139.69288055, 36.91942028], [139.69306278, 36.9192175], [139.69319584, 36.919105], [139.693315, 36.91905972], [139.69349694, 36.91903167], [139.69372139, 36.91896444], [139.69387556, 36.91887972], [139.69400861, 36.91884027], [139.69404362, 36.91884027], [139.69414195, 36.91881777], [139.69457639, 36.91882361], [139.69465361, 36.91877277], [139.69473056, 36.91867694], [139.6947725, 36.91864334], [139.69486361, 36.9186375], [139.69499695, 36.91865444], [139.69514416, 36.9186375], [139.69522111, 36.91859805], [139.6954875, 36.91838972], [139.69559972, 36.91836167], [139.69570472, 36.91835028], [139.69583778, 36.91829388], [139.69596389, 36.91816445], [139.69602, 36.91806861], [139.69611805, 36.9178375], [139.69625833, 36.91758444], [139.69635639, 36.91727445], [139.69641944, 36.91718445], [139.69651055, 36.91711111], [139.69688194, 36.91689694], [139.69706416, 36.916745], [139.69714833, 36.91665472], [139.69726056, 36.91645194], [139.69744972, 36.9163], [139.69770889, 36.91615333], [139.697765, 36.91613638], [139.69810861, 36.91612528], [139.69822055, 36.91608028], [139.69848333, 36.91592167], [139.69850084, 36.91591111], [139.69885111, 36.91580416], [139.69897722, 36.91572], [139.69899194, 36.91569889], [139.69904028, 36.91562972], [139.69908945, 36.91559028], [139.69917361, 36.91557916], [139.69927167, 36.91562416], [139.69941195, 36.91573666], [139.69952389, 36.91578195], [139.69975527, 36.915855], [139.69987445, 36.91587778], [139.7000425, 36.91587195], [139.70030195, 36.91578195], [139.70044223, 36.91578195], [139.70065945, 36.91586638], [139.70096777, 36.91592833], [139.70114305, 36.91592833], [139.70129028, 36.91589445], [139.70169639, 36.9157875], [139.70197666, 36.91564666], [139.70210277, 36.91553972], [139.70213084, 36.91550028], [139.70215194, 36.91548889], [139.70223612, 36.915365], [139.70229222, 36.91516222], [139.70236916, 36.91508889], [139.70236223, 36.91508333], [139.70250944, 36.914965], [139.7025375, 36.91491416], [139.7025375, 36.91479028], [139.7025025, 36.91462694], [139.70250944, 36.91452], [139.70258639, 36.91430027], [139.70270555, 36.91409777], [139.70287389, 36.9139625], [139.70292999, 36.913895], [139.70304195, 36.91371472], [139.70305612, 36.91369195], [139.70321723, 36.91348916], [139.70325222, 36.91341028], [139.70327333, 36.91329194], [139.70327333, 36.9131625], [139.70325945, 36.91315111], [139.70319611, 36.91298222], [139.70313305, 36.91289778], [139.70295806, 36.91277389], [139.70291584, 36.91270611], [139.70288083, 36.91257667], [139.70281083, 36.91243583], [139.70273361, 36.91236806], [139.70260055, 36.91228361], [139.70255139, 36.91220472], [139.70241833, 36.91189527], [139.70241833, 36.91181055], [139.70246722, 36.91172612], [139.70246722, 36.91161362], [139.70244639, 36.91157417], [139.70238333, 36.91155167], [139.70227805, 36.91154583], [139.70218, 36.91148945], [139.70215889, 36.9114275], [139.70222917, 36.91132611], [139.70222195, 36.91125306], [139.70213806, 36.91111778], [139.70203972, 36.91105], [139.70183667, 36.91104444], [139.70175944, 36.91099944], [139.70158416, 36.91077972], [139.70152806, 36.91068389], [139.70152806, 36.91061639], [139.70159139, 36.91058805], [139.70176639, 36.9105825], [139.70185055, 36.91056], [139.70187612, 36.91053806], [139.70193472, 36.91045305], [139.70194166, 36.91039111], [139.70200473, 36.91022194], [139.70201166, 36.91012056], [139.70196278, 36.91002472], [139.70189972, 36.9099575], [139.70181555, 36.90982222], [139.70181555, 36.90960805], [139.70178055, 36.90949555], [139.70178055, 36.90927028], [139.70184362, 36.90907861], [139.7018575, 36.90886444], [139.70195583, 36.90863917], [139.70194861, 36.90844195], [139.70200473, 36.90830695], [139.70211, 36.90820528], [139.70215889, 36.90810389], [139.70216583, 36.90781694], [139.70218, 36.90776056], [139.70229917, 36.90760861], [139.70234111, 36.90750722], [139.70235889, 36.9074925], [139.70238333, 36.90748444], [139.70252334, 36.90743944], [139.70271972, 36.90728167], [139.70277583, 36.90720278], [139.70281778, 36.90708472], [139.70283889, 36.90697195], [139.70281778, 36.906865], [139.70282473, 36.90675778], [139.70290194, 36.9065775], [139.70295084, 36.90639722], [139.702965, 36.90623417], [139.702965, 36.90602583], [139.70295084, 36.90594695], [139.702965, 36.90580028], [139.70304917, 36.90543972], [139.70316833, 36.90524277], [139.70317528, 36.90513], [139.70314722, 36.90496667], [139.70307, 36.904775], [139.70307, 36.904685], [139.70314722, 36.90460028], [139.70323139, 36.90456666], [139.70344528, 36.90457194], [139.70353778, 36.90452861], [139.70358889, 36.90450444], [139.70362388, 36.90448666], [139.7036925, 36.90445028], [139.70370778, 36.90442028], [139.70375, 36.90435278], [139.70379889, 36.90418389], [139.70386917, 36.90409917], [139.70403723, 36.90401472], [139.70421917, 36.90395278], [139.7045275, 36.90387389], [139.70462584, 36.90384028], [139.70470972, 36.90377805], [139.704745, 36.90373305], [139.704745, 36.90363723], [139.70468889, 36.90354167], [139.70461862, 36.90349083], [139.70438055, 36.90336694], [139.70434528, 36.90333861], [139.70432445, 36.90328806], [139.70435388, 36.90326888], [139.70471584, 36.90318972], [139.70537277, 36.9030775], [139.70593444, 36.90296528], [139.70617695, 36.90289667], [139.70639888, 36.90284555], [139.70644778, 36.90285444], [139.706735, 36.90302334], [139.70681916, 36.90309639], [139.70686833, 36.90315277], [139.70687695, 36.90316361], [139.70688222, 36.90317527], [139.70693834, 36.90328806], [139.70702944, 36.90349083], [139.70717667, 36.90362611], [139.70733083, 36.90378389], [139.70733778, 36.90385695], [139.70730278, 36.90388528], [139.70707139, 36.90389083], [139.70700834, 36.90393028], [139.70698027, 36.90398111], [139.70695944, 36.90405972], [139.70690333, 36.90413306], [139.7067, 36.90431333], [139.70653056, 36.90435139], [139.70652472, 36.90435278], [139.70642666, 36.90443722], [139.70632861, 36.90453306], [139.70620278, 36.90458388], [139.70612556, 36.90464], [139.70611166, 36.90471333], [139.70612556, 36.90485945], [139.7060625, 36.90491028], [139.70592945, 36.90490472], [139.70578917, 36.90487083], [139.70571916, 36.90487083], [139.70564194, 36.90492722], [139.70561389, 36.90501167], [139.70558583, 36.90504555], [139.70550194, 36.90509612], [139.70545277, 36.90514694], [139.70543167, 36.90520334], [139.70542472, 36.90538917], [139.70538278, 36.90543972], [139.70536167, 36.90545111], [139.70519333, 36.9054625], [139.70512333, 36.90547917], [139.70501834, 36.90562], [139.70490611, 36.90574417], [139.70487111, 36.90586223], [139.70487806, 36.90605389], [139.70489194, 36.90612722], [139.70487806, 36.90621722], [139.70473083, 36.90639194], [139.70468889, 36.90648778], [139.70470278, 36.90658889], [139.704745, 36.90666778], [139.70482889, 36.90678611], [139.70483611, 36.90680861], [139.70486416, 36.90685916], [139.70486416, 36.90692111], [139.70476583, 36.90698888], [139.70461167, 36.90715222], [139.70446444, 36.9074225], [139.70441556, 36.90748444], [139.70439445, 36.90749584], [139.70426833, 36.9076875], [139.70420527, 36.907755], [139.70403, 36.90789028], [139.70398806, 36.90796333], [139.70400194, 36.90803111], [139.70415611, 36.9082225], [139.70424722, 36.90829583], [139.70428945, 36.90834083], [139.70428945, 36.90839695], [139.70422611, 36.90846445], [139.70393195, 36.90869], [139.70390388, 36.90878], [139.70388278, 36.90890389], [139.70383417, 36.90902806], [139.70383389, 36.90912361], [139.70384083, 36.909225], [139.70375694, 36.90943362], [139.703715, 36.90961944], [139.70359583, 36.90977167], [139.70356083, 36.90984472], [139.70356083, 36.909935], [139.70358167, 36.90998], [139.70357472, 36.91009833], [139.70352555, 36.91013778], [139.7034625, 36.91016028], [139.70336444, 36.91026139], [139.70335056, 36.91035167], [139.7033925, 36.91048111], [139.70349055, 36.91061639], [139.70358861, 36.91070083], [139.70369361, 36.91081361], [139.70386889, 36.91094861], [139.70390388, 36.91111222], [139.70393888, 36.91116834], [139.70401611, 36.91123028], [139.704135, 36.91130916], [139.70421222, 36.911405], [139.70425889, 36.91144611], [139.70429055, 36.91145944], [139.70434334, 36.91149444], [139.70442944, 36.91153472], [139.70452027, 36.91154612], [139.70466778, 36.91153472], [139.70475583, 36.911525], [139.70485694, 36.91153472], [139.70492, 36.91157417], [139.70494111, 36.91165305], [139.70489916, 36.91174305], [139.70486416, 36.91178805], [139.70484306, 36.91183889], [139.70473083, 36.91205306], [139.70473083, 36.9122275], [139.70471695, 36.91226694], [139.70471695, 36.9124075], [139.70475195, 36.91246944], [139.70493417, 36.91262167], [139.70493417, 36.9127625], [139.70494806, 36.91283], [139.70499027, 36.91289195], [139.70504639, 36.91293722], [139.70511639, 36.91297083], [139.70513028, 36.91298778], [139.70513028, 36.91306111], [139.70510222, 36.91308917], [139.70494111, 36.9131625], [139.70489194, 36.9132075], [139.70487111, 36.91324694], [139.70486416, 36.91334278], [139.70487806, 36.91337084], [139.70487806, 36.91350056], [139.704815, 36.913585], [139.70480806, 36.9136525], [139.70483611, 36.91378222], [139.70466778, 36.9139175], [139.70463972, 36.9139625], [139.70461167, 36.91404139], [139.70451361, 36.91424972], [139.70451361, 36.91440167], [139.70455556, 36.91450306], [139.70456278, 36.91462139], [139.70454167, 36.91468889], [139.7045275, 36.9149425], [139.70448195, 36.91500666], [139.70442806, 36.91503083], [139.70436639, 36.91503833], [139.7042575, 36.91507028], [139.70415611, 36.91510028], [139.70405833, 36.91516778], [139.70400222, 36.91524667], [139.70397417, 36.91535944], [139.70396028, 36.91549444], [139.70392528, 36.91557333], [139.70381306, 36.91574806], [139.70375694, 36.91593972], [139.70368694, 36.91602972], [139.70351167, 36.91615944], [139.70344167, 36.9163225], [139.70338556, 36.91636194], [139.70318916, 36.91638444], [139.70316833, 36.91640139], [139.70311222, 36.91641834], [139.702895, 36.91663777], [139.70274056, 36.9167], [139.70267055, 36.91673361], [139.70260055, 36.916835], [139.70257944, 36.91690278], [139.70251639, 36.91697028], [139.70248139, 36.91698723], [139.70240416, 36.91700417], [139.70219389, 36.91692528], [139.70206083, 36.91691973], [139.70196973, 36.91694778], [139.70174556, 36.91706611], [139.70161222, 36.91710555], [139.70144417, 36.91708861], [139.70138834, 36.9171], [139.70134611, 36.91713361], [139.70128306, 36.91719], [139.70120611, 36.917235], [139.70113583, 36.917235], [139.70102389, 36.91720695], [139.70085556, 36.91720139], [139.70077861, 36.91721805], [139.70068028, 36.91720695], [139.70058222, 36.91717305], [139.70056139, 36.91715611], [139.70047722, 36.91711111], [139.70033695, 36.91711111], [139.70016167, 36.91725195], [139.70010556, 36.91726333], [139.70003556, 36.91726333], [139.69987445, 36.91717861], [139.69979028, 36.91717305], [139.69971334, 36.91719555], [139.69956611, 36.9172575], [139.69951, 36.91727445], [139.69941195, 36.91722945], [139.6992225, 36.91722945], [139.69912444, 36.9172575], [139.69904028, 36.91726333], [139.69892834, 36.917235], [139.69881611, 36.91722945], [139.69871083, 36.91724639], [139.69860583, 36.91730833], [139.69856389, 36.91735889], [139.69845167, 36.91746611], [139.69827667, 36.91746611], [139.69822055, 36.91748306], [139.6981575, 36.9175225], [139.6980525, 36.91760694], [139.69802444, 36.91762944], [139.69791223, 36.91777583], [139.69772306, 36.91788278], [139.69761083, 36.91799528], [139.69752666, 36.918125], [139.69749861, 36.91822638], [139.69749861, 36.91837278], [139.69756889, 36.91855862], [139.69754083, 36.91862055], [139.69754778, 36.91877277], [139.69765306, 36.91893611], [139.69768806, 36.9190375], [139.6976875, 36.9191], [139.69765917, 36.91919222], [139.69750583, 36.91937], [139.69746361, 36.91944889], [139.69746361, 36.91966306], [139.69750889, 36.91975306], [139.69753472, 36.91986583], [139.69756277, 36.91992778], [139.69764694, 36.92004583], [139.69780833, 36.92019222], [139.69828555, 36.92047945], [139.69839778, 36.92057528], [139.69853806, 36.920795], [139.69875527, 36.92101472], [139.69905694, 36.92122889], [139.69919028, 36.92129639], [139.69936584, 36.92140917], [139.69954111, 36.92155], [139.69991306, 36.92179222], [139.70012583, 36.92203611], [139.70005333, 36.92200611], [139.69989889, 36.92198361], [139.69960416, 36.9219725], [139.69927444, 36.9219275], [139.699085, 36.92188222], [139.69887445, 36.92181472], [139.69883945, 36.92178667], [139.69878333, 36.92176389], [139.69862223, 36.92165139], [139.69850305, 36.92154417], [139.69840472, 36.92139223], [139.69839083, 36.92138667], [139.69834862, 36.92130194], [139.69827139, 36.92120639], [139.69813111, 36.92110472], [139.69792056, 36.92100334], [139.69786445, 36.92095834], [139.69785806, 36.92095195], [139.69772417, 36.9208175], [139.69763278, 36.92069917], [139.6974925, 36.92055833], [139.69736639, 36.92050195], [139.69725389, 36.92046833], [139.69703639, 36.92043445], [139.69659445, 36.92043445], [139.69633472, 36.92035556], [139.69629972, 36.92033306], [139.69604723, 36.92019778], [139.69574555, 36.92005694], [139.69557028, 36.92000639], [139.69536695, 36.92000639], [139.69496, 36.92007389], [139.69493889, 36.92008528], [139.694195, 36.92008528], [139.69398445, 36.92005139], [139.69383028, 36.92005139], [139.69370389, 36.92006833], [139.69314278, 36.92019222], [139.69295333, 36.92022028], [139.69279917, 36.92022611], [139.69274306, 36.92024278], [139.69258861, 36.920305], [139.69253944, 36.92034445], [139.69237805, 36.92055833], [139.69223777, 36.92082278], [139.69214639, 36.92096362], [139.69205528, 36.92105944], [139.69195694, 36.92113834], [139.69179556, 36.92123417], [139.69160612, 36.92127917], [139.69125556, 36.92131861], [139.69094, 36.92138056], [139.69070833, 36.921465], [139.69056805, 36.92153833], [139.69053305, 36.92157223], [139.69039277, 36.92182], [139.69017528, 36.92199472], [139.69009806, 36.92210167], [139.69008389, 36.92219194], [139.69009806, 36.92225917], [139.69015416, 36.92237194], [139.69024528, 36.92245639], [139.69035056, 36.92250139], [139.69052611, 36.92254084], [139.69069445, 36.92254639], [139.69078556, 36.92253528], [139.69089778, 36.92249584], [139.69098194, 36.92243972], [139.69105889, 36.92233834], [139.69112917, 36.92218056], [139.69118528, 36.92211306], [139.69123222, 36.92208612], [139.69148, 36.92194389], [139.69167639, 36.92185945], [139.69180972, 36.92183139], [139.69202028, 36.92180305], [139.69226583, 36.92180305], [139.69236417, 36.92183695], [139.69254639, 36.92197778], [139.69267972, 36.92197778], [139.69280611, 36.92195528], [139.69290444, 36.92194972], [139.6930375, 36.92193278], [139.69331834, 36.92192722], [139.69362666, 36.92196083], [139.69387944, 36.92201167], [139.69416, 36.92209056], [139.69455306, 36.92216361], [139.69488973, 36.922175], [139.69500194, 36.92220306], [139.69531778, 36.92239472], [139.69559139, 36.92253556], [139.69573861, 36.9225975], [139.69585805, 36.92268195], [139.69599111, 36.92280028], [139.69610333, 36.92288472], [139.69613139, 36.92289612], [139.6962225, 36.92292417], [139.69646111, 36.92296362], [139.69657333, 36.9229975], [139.69676278, 36.92311027], [139.69700833, 36.92328472], [139.69742944, 36.92354389], [139.69748556, 36.92358333], [139.69761889, 36.92376361], [139.69776611, 36.92398889], [139.69783638, 36.92414667], [139.69789944, 36.92434361], [139.69792056, 36.92441694], [139.69794861, 36.92458584], [139.69796278, 36.92486195], [139.69798361, 36.92496333], [139.69804, 36.92505917], [139.69826444, 36.92521694], [139.6983275, 36.92531277], [139.69834167, 36.92537472], [139.69834862, 36.92584223], [139.69839778, 36.92611833], [139.69841167, 36.92616333], [139.69843972, 36.92640556], [139.69846778, 36.92659111], [139.69847444, 36.92668417], [139.69848889, 36.92688972], [139.69850305, 36.92697445], [139.69857306, 36.92706445], [139.69865722, 36.92713778], [139.69870639, 36.92721667], [139.69869944, 36.92730667], [139.69866444, 36.92737417], [139.69862223, 36.92741944], [139.69846083, 36.92750389], [139.6982575, 36.92763917], [139.69808194, 36.92781361], [139.69794166, 36.92797723], [139.6978925, 36.92802223], [139.69770305, 36.92825889], [139.69743639, 36.92847833], [139.69724695, 36.92869222], [139.69721195, 36.92872056], [139.6970575, 36.92888944], [139.69697334, 36.92904166], [139.69695222, 36.92912611], [139.69695222, 36.92927833], [139.69696639, 36.92939638], [139.69695944, 36.92944722], [139.69688917, 36.92955417], [139.69674889, 36.92966139], [139.69667166, 36.92976834], [139.6966575, 36.92986417], [139.69669278, 36.92996], [139.69681889, 36.93008944], [139.69681194, 36.93014583], [139.696805, 36.93016278], [139.69664361, 36.93018528], [139.69653139, 36.93024723], [139.69613166, 36.93056805], [139.69602639, 36.93068083], [139.69582306, 36.93092861], [139.69570361, 36.93113139], [139.69563361, 36.93130028], [139.69559139, 36.93145806], [139.69554223, 36.93155388], [139.69540888, 36.93171722], [139.69536695, 36.93175112], [139.69523361, 36.93192], [139.69517027, 36.93207777], [139.69514222, 36.93217361], [139.69512834, 36.93230889], [139.69515639, 36.93251694], [139.69514944, 36.93270861], [139.69505111, 36.93300139], [139.69505111, 36.93313111], [139.69511417, 36.93324389], [139.69518444, 36.93328889], [139.695465, 36.93328889], [139.69569666, 36.93347472], [139.69578777, 36.93352556], [139.69587917, 36.93355361], [139.69603333, 36.93357611], [139.69639139, 36.93364945], [139.69646139, 36.93367195], [139.696335, 36.93375638], [139.69625806, 36.93377888], [139.69584389, 36.93377888], [139.69559139, 36.93382388], [139.69544389, 36.93385222], [139.69542472, 36.933855], [139.69524055, 36.93388028], [139.695065, 36.93389167], [139.69488278, 36.93391972], [139.69474945, 36.93395917], [139.69463722, 36.93402694], [139.694595, 36.9340775], [139.69457389, 36.9341225], [139.69458111, 36.93425222], [139.69462305, 36.93434222], [139.69466527, 36.93439861], [139.69466527, 36.93441556], [139.69467917, 36.93442694], [139.69469333, 36.93446056], [139.69470722, 36.93453917], [139.69468611, 36.93459556], [139.69465112, 36.934635], [139.69439861, 36.93479278], [139.69435639, 36.93483778], [139.69432833, 36.93491111], [139.69430722, 36.9350125], [139.69429333, 36.93537861], [139.69423723, 36.93568861], [139.69422306, 36.93577861], [139.69421611, 36.93598695], [139.69425111, 36.93611667], [139.69432833, 36.9363025], [139.69445472, 36.93654472], [139.69454584, 36.93664056], [139.69483361, 36.9367925], [139.69495278, 36.93684306], [139.695065, 36.93692194], [139.69510722, 36.93697833], [139.69514222, 36.93703473], [139.69550028, 36.93787416], [139.69558444, 36.9379925], [139.69560528, 36.93800916], [139.69570361, 36.93812195], [139.69574584, 36.93820638], [139.69576667, 36.93842612], [139.69587195, 36.93902889], [139.69592112, 36.93915278], [139.69608945, 36.93936695], [139.69641222, 36.93965417], [139.69667861, 36.93997528], [139.69679806, 36.94009916], [139.69690305, 36.94017223], [139.69695944, 36.940195], [139.69759084, 36.94043138], [139.69770305, 36.94051612], [139.69775222, 36.94061167], [139.69778028, 36.94074139], [139.69776611, 36.9410625], [139.69776917, 36.94108444], [139.69782223, 36.94145111], [139.69783638, 36.94176111], [139.6979275, 36.94214944], [139.69798361, 36.94230723], [139.69809611, 36.94251], [139.69815222, 36.94258333], [139.69827833, 36.94270722], [139.69844695, 36.9428425], [139.69857306, 36.94289889], [139.69915528, 36.94312972], [139.6992675, 36.94320306], [139.69959028, 36.94344528], [139.69970944, 36.94361417], [139.69974473, 36.94367611], [139.69979361, 36.94372695], [139.69992, 36.94378889], [139.70001112, 36.94381139], [139.70032694, 36.94387889], [139.70044639, 36.94386777], [139.70055861, 36.94383389], [139.70072, 36.94371], [139.70080417, 36.94386777], [139.70086723, 36.94392972], [139.70041111, 36.94398611], [139.70034111, 36.94400306], [139.70021333, 36.94403111], [139.7001025, 36.9440875], [139.70007445, 36.94414389], [139.70006028, 36.94434083], [139.70010945, 36.94502805], [139.70010945, 36.94554639], [139.70009555, 36.94568722], [139.70007445, 36.94575472], [139.70008139, 36.94632944], [139.70011639, 36.94650973], [139.70014416, 36.94659973], [139.70015833, 36.94674056], [139.70018639, 36.94683638], [139.70022861, 36.94690972], [139.70039, 36.94703362], [139.70053722, 36.947135], [139.70087389, 36.94740528], [139.70095833, 36.94745611], [139.70110556, 36.94752361], [139.70126695, 36.94756306], [139.70124722, 36.94764194], [139.70123195, 36.94770389], [139.70111972, 36.94774917], [139.70104944, 36.94785055], [139.70095833, 36.94789528], [139.700895, 36.94787833], [139.70080389, 36.94780528], [139.70071972, 36.94777167], [139.70062833, 36.94777722], [139.70048111, 36.94787278], [139.70038278, 36.94787278], [139.70020056, 36.94776], [139.70006, 36.94776], [139.69996194, 36.947805], [139.69991972, 36.94786139], [139.69989167, 36.94794028], [139.69988472, 36.94812055], [139.69984972, 36.94819945], [139.69974444, 36.94828389], [139.69967416, 36.94831222], [139.69952695, 36.94837972], [139.6994425, 36.94844167], [139.69942167, 36.94846417], [139.6993725, 36.94855444], [139.69925305, 36.94862778], [139.69921805, 36.94863889], [139.6989725, 36.94879666], [139.69881833, 36.94887556], [139.69869222, 36.94890945], [139.69859389, 36.948915], [139.69841139, 36.94894888], [139.69818, 36.94894888], [139.69792028, 36.948915], [139.69766083, 36.9488925], [139.69717666, 36.94877416], [139.69697305, 36.94874028], [139.69679917, 36.94841084], [139.69661555, 36.94809805], [139.69677694, 36.94798528], [139.69684694, 36.94791222], [139.69688222, 36.94781639], [139.696875, 36.9477375], [139.69681194, 36.94758527], [139.69681194, 36.94747278], [139.69692417, 36.94716862], [139.69695222, 36.94711778], [139.6970225, 36.94685333], [139.69710667, 36.94674056], [139.697205, 36.94659973], [139.69721888, 36.94646473], [139.69714889, 36.94631806], [139.69707862, 36.94620556], [139.69708555, 36.94616611], [139.69715583, 36.94609833], [139.69721888, 36.94607027], [139.69735916, 36.94604195], [139.69740833, 36.94601389], [139.69740833, 36.94597445], [139.69736639, 36.94594639], [139.697275, 36.94590695], [139.69694527, 36.94579417], [139.69676278, 36.94568139], [139.69670666, 36.94564194], [139.69668556, 36.94561389], [139.69647528, 36.94543917], [139.69627861, 36.94525889], [139.69623667, 36.94522528], [139.69601222, 36.94499972], [139.69599111, 36.94496612], [139.69594195, 36.94491528], [139.69578777, 36.94470695], [139.69566166, 36.94450973], [139.69550723, 36.9443575], [139.69547277, 36.94433445], [139.69538083, 36.94427306], [139.69510722, 36.94411527], [139.69486166, 36.94389027], [139.69467917, 36.94368195], [139.69440556, 36.9432425], [139.69429333, 36.94310167], [139.69404778, 36.94283667], [139.69393556, 36.94263972], [139.6939075, 36.9425775], [139.69385139, 36.94249306], [139.69375306, 36.94240306], [139.69366195, 36.94236916], [139.6935075, 36.94236916], [139.69329694, 36.94240306], [139.69306528, 36.94242556], [139.69256722, 36.94242556], [139.69235695, 36.94235778], [139.69251806, 36.94230166], [139.69268639, 36.94226778], [139.69283389, 36.94221139], [139.69287583, 36.94220583], [139.69312861, 36.94208194], [139.69323389, 36.94199167], [139.69326889, 36.94186222], [139.69326194, 36.941755], [139.69321278, 36.94160861], [139.69305139, 36.94128778], [139.69296028, 36.94105694], [139.69287583, 36.940775], [139.69284083, 36.94060055], [139.69270777, 36.94016111], [139.69263778, 36.93995833], [139.69256056, 36.93959195], [139.69249028, 36.93935555], [139.69246916, 36.93924278], [139.69244111, 36.93883722], [139.69241306, 36.93848805], [139.69241306, 36.93818945], [139.69239917, 36.93800916], [139.69234305, 36.93777278], [139.69223084, 36.93758111], [139.69215666, 36.93751055], [139.69215361, 36.93750778], [139.69194306, 36.93735583], [139.69190083, 36.93731083], [139.69185889, 36.93713055], [139.69183083, 36.93692194], [139.69176055, 36.93664027], [139.69168333, 36.93639805], [139.69159917, 36.93619555], [139.69159917, 36.93587445], [139.69165528, 36.93569973], [139.69171862, 36.93557028], [139.69171138, 36.93556444], [139.69178167, 36.93545194], [139.69197111, 36.93520389], [139.69199222, 36.93515889], [139.69200611, 36.93502361], [139.69206944, 36.93492223], [139.69212556, 36.93486583], [139.69228695, 36.93478139], [139.69234305, 36.93474778], [139.69242722, 36.9345675], [139.69251139, 36.93426305], [139.69252528, 36.93390862], [139.69249723, 36.93368888], [139.69250445, 36.93362695], [139.69257444, 36.93349722], [139.69263056, 36.93341278], [139.69272194, 36.9333], [139.69286917, 36.93301278], [139.69289028, 36.93297333], [139.69309388, 36.93254528], [139.69312195, 36.9325], [139.69319889, 36.93242694], [139.69338139, 36.93232556], [139.69345167, 36.93229722], [139.69357056, 36.93222417], [139.69363388, 36.93212834], [139.69373889, 36.93189194], [139.69376694, 36.93186389], [139.69387222, 36.93170028], [139.69399167, 36.93148056], [139.69403362, 36.93128916], [139.69404778, 36.93114833], [139.69401972, 36.93097361], [139.69403362, 36.93075389], [139.69407583, 36.93057361], [139.69411778, 36.93043833], [139.69418805, 36.93014], [139.69418805, 36.92979639], [139.69411083, 36.92947528], [139.69400555, 36.92930638], [139.69395556, 36.92927639], [139.69386527, 36.92922195], [139.69377416, 36.92918806], [139.6935775, 36.92917111], [139.69302361, 36.92921611], [139.69289028, 36.92925], [139.69252528, 36.9292725], [139.69241306, 36.92930083], [139.69213944, 36.92941306], [139.69171862, 36.92960472], [139.69159222, 36.92967222], [139.691445, 36.92979612], [139.69127639, 36.92997639], [139.6912375, 36.93001861], [139.69113611, 36.93012861], [139.69103778, 36.93019611], [139.69093277, 36.93024139], [139.69075722, 36.93025806], [139.69060305, 36.93033694], [139.69045584, 36.93047778], [139.6903575, 36.93061861], [139.69027334, 36.93079889], [139.69022417, 36.93096806], [139.69014, 36.93108083], [139.68990139, 36.93121556], [139.68984528, 36.931255], [139.68976805, 36.93136778], [139.68974722, 36.93144666], [139.68973306, 36.93168888], [139.68968389, 36.93179583], [139.68956473, 36.93160445], [139.68941028, 36.93146083], [139.68938194, 36.93146278], [139.68921389, 36.93175638], [139.6890875, 36.93193112], [139.68904556, 36.9320325], [139.68903834, 36.93213389], [139.68905944, 36.93228611], [139.6890525, 36.9323875], [139.68879278, 36.93273667], [139.68855444, 36.93287195], [139.68844194, 36.93295083], [139.68837194, 36.93302972], [139.68832278, 36.93312556], [139.68816833, 36.93336167], [139.68809833, 36.93356472], [139.68807028, 36.93359278], [139.68804917, 36.93364334], [139.68790889, 36.93376166]], [[139.69310722, 36.89938528], [139.69328722, 36.89950666], [139.69346722, 36.89960889], [139.69370083, 36.89973528], [139.693915, 36.89988111], [139.69390528, 36.89996389], [139.69387528, 36.90002389], [139.69373028, 36.90008222], [139.69365778, 36.90008416], [139.69358166, 36.90006028], [139.6934625, 36.90004334], [139.6933225, 36.90002083], [139.69321028, 36.90001528], [139.69302805, 36.89998694], [139.69293, 36.89998694], [139.69278278, 36.90007722], [139.69269861, 36.90011084], [139.69248139, 36.90012222], [139.69236917, 36.90010528], [139.69215194, 36.90010528], [139.69199777, 36.90015028], [139.69183694, 36.90013917], [139.6916825, 36.90009972], [139.69164055, 36.90017278], [139.69164055, 36.90033639], [139.69166861, 36.90040389], [139.69179472, 36.90052778], [139.69178778, 36.90058416], [139.69173167, 36.90071944], [139.69174583, 36.90079833], [139.69178778, 36.90083778], [139.69185055, 36.90086583], [139.69201167, 36.90089972], [139.69213083, 36.90094472], [139.69216945, 36.90095944], [139.69219389, 36.90098972], [139.69220806, 36.90109083], [139.69220416, 36.90128833], [139.69223611, 36.90132194], [139.69231944, 36.90135195], [139.69236111, 36.90135195], [139.69238305, 36.90145889], [139.69231305, 36.90150778], [139.69229917, 36.90158667], [139.69231305, 36.90163167], [139.69238333, 36.90178389], [139.69249528, 36.90189639], [139.69249528, 36.90193028], [139.69245334, 36.90205417], [139.69245334, 36.90216694], [139.69249528, 36.90221194], [139.69255139, 36.90224028], [139.69265667, 36.90225139], [139.69269167, 36.90226278], [139.69273361, 36.90230778], [139.69271972, 36.90240917], [139.69271972, 36.90244861], [139.69269167, 36.9025725], [139.69269167, 36.90264583], [139.69270556, 36.90270222], [139.69275473, 36.90278111], [139.69280361, 36.90280917], [139.69291583, 36.90282611], [139.69295083, 36.90285417], [139.69302805, 36.90301722], [139.693035, 36.90305666], [139.69291583, 36.90322028], [139.69290889, 36.90327639], [139.69295083, 36.90349056], [139.692965, 36.90350194], [139.693035, 36.90380056], [139.69302805, 36.90404278], [139.69304222, 36.90407584], [139.69311917, 36.90425667], [139.69313305, 36.90435805], [139.69309805, 36.90443695], [139.69290889, 36.90461167], [139.69269167, 36.90474695], [139.69253028, 36.9048875], [139.69246028, 36.905], [139.69242528, 36.90509583], [139.69241139, 36.90539445], [139.69233417, 36.90543389], [139.69208889, 36.90544527], [139.69182944, 36.90543389], [139.6917875, 36.90545083], [139.69161222, 36.90558611], [139.69161917, 36.90559167], [139.69153528, 36.905665], [139.69150722, 36.90570445], [139.6915, 36.90583944], [139.691325, 36.90595778], [139.69124083, 36.90603667], [139.69117084, 36.906155], [139.69112861, 36.9061775], [139.69108667, 36.90614389], [139.69106555, 36.90609861], [139.6910025, 36.90603111], [139.6909325, 36.90598611], [139.69056083, 36.90594667], [139.6904, 36.90594667], [139.69030195, 36.90600305], [139.69020389, 36.90603111], [139.69007056, 36.90600861], [139.68990944, 36.90599167], [139.68978334, 36.90599167], [139.68959417, 36.90607055], [139.68951695, 36.9061325], [139.68951695, 36.9062], [139.68962195, 36.906335], [139.68962917, 36.90639694], [139.68958, 36.90645889], [139.68946083, 36.90654361], [139.68940472, 36.90661111], [139.68943972, 36.90674639], [139.68940472, 36.90685889], [139.68940472, 36.90690417], [139.68935583, 36.90705056], [139.68928556, 36.90712944], [139.68897028, 36.90735472], [139.68891417, 36.90734916], [139.68884417, 36.90729278], [139.68882305, 36.90711806], [139.68882305, 36.9071125], [139.68878806, 36.90707861], [139.68866194, 36.90700556], [139.68857083, 36.90698861], [139.68845167, 36.90699972], [139.6882625, 36.90705611], [139.68808722, 36.90707305], [139.68749861, 36.90721944], [139.68735861, 36.90727583], [139.68718333, 36.90736611], [139.68683278, 36.90759139], [139.68663666, 36.90775445], [139.6864825, 36.90791222], [139.68639139, 36.90796861], [139.68621611, 36.90801917], [139.68597778, 36.90812056], [139.68593833, 36.9081475], [139.6856975, 36.90831222], [139.68562028, 36.90834028], [139.68528389, 36.90841361], [139.68479361, 36.90841917], [139.68457639, 36.90843611], [139.68442917, 36.90847], [139.68424, 36.9085375], [139.68389666, 36.90867278], [139.68363722, 36.90873472], [139.683455, 36.90880222], [139.68332889, 36.90887], [139.68320972, 36.90902195], [139.68320972, 36.90912889], [139.68322361, 36.90923028], [139.68328667, 36.90939916], [139.68339195, 36.909585], [139.68346889, 36.90975972], [139.68358806, 36.91012583], [139.68362306, 36.9104075], [139.68365111, 36.91062167], [139.68366527, 36.91085833], [139.68368639, 36.91118472], [139.68370722, 36.91125805], [139.68371444, 36.91148333], [139.68368639, 36.91157916], [139.68363028, 36.91164111], [139.68327972, 36.91187778], [139.68306944, 36.91203555], [139.68278917, 36.91219333], [139.68215139, 36.91253111], [139.68207417, 36.91256472], [139.68188528, 36.91257028], [139.68163306, 36.91254778], [139.68152778, 36.91256472], [139.68140167, 36.91261556], [139.68118445, 36.9127225], [139.68084111, 36.91273944], [139.68073584, 36.91276195], [139.68046945, 36.91288028], [139.68029444, 36.91289139], [139.68023833, 36.91285194], [139.68016111, 36.91272806], [139.68007, 36.91258167], [139.67994389, 36.91248028], [139.67978972, 36.91240695], [139.67967139, 36.91238195], [139.67955167, 36.91235639], [139.67946056, 36.91235056], [139.67936944, 36.9123675], [139.67917333, 36.91237889], [139.67891389, 36.91241278], [139.67873861, 36.91245222], [139.67851445, 36.91245222], [139.67808694, 36.91246889], [139.67790472, 36.91252528], [139.67772945, 36.91261556], [139.67764528, 36.91270555], [139.67751222, 36.91285194], [139.67740694, 36.91296472], [139.67728778, 36.9130775], [139.677295, 36.91308306], [139.67725972, 36.91312805], [139.67719694, 36.91326889], [139.677155, 36.91331389], [139.67712695, 36.913325], [139.67707083, 36.91328028], [139.67704278, 36.91326889], [139.67697972, 36.91313945], [139.67695166, 36.91298722], [139.67690972, 36.91294778], [139.67685361, 36.91294222], [139.6768325, 36.91295917], [139.67676944, 36.91302666], [139.67671333, 36.91311695], [139.67660139, 36.91324055], [139.67655222, 36.91327444], [139.67649611, 36.91328], [139.67643305, 36.91322917], [139.67642611, 36.91320111], [139.67641195, 36.91318972], [139.67639805, 36.913145], [139.67636305, 36.91300417], [139.67622972, 36.91282389], [139.67621583, 36.91277333], [139.67622972, 36.91240695], [139.67615278, 36.91220417], [139.6760125, 36.91214222], [139.67590055, 36.91214778], [139.67577417, 36.91223806], [139.67568305, 36.91232805], [139.67557111, 36.91240139], [139.67541694, 36.91240695], [139.67523472, 36.91244639], [139.67498222, 36.91251972], [139.67464611, 36.91250833], [139.67442195, 36.91252528], [139.67438, 36.91253972], [139.6740925, 36.91263805], [139.67386111, 36.91273917], [139.67377722, 36.91273361], [139.67379111, 36.91263805], [139.67386111, 36.91256472], [139.6740925, 36.91242944], [139.67423972, 36.91232805], [139.67468111, 36.911945], [139.67486333, 36.91167472], [139.67487056, 36.911545], [139.67484944, 36.91151139], [139.67476528, 36.911455], [139.67438695, 36.91131417], [139.67428861, 36.91123528], [139.67416945, 36.91111167], [139.67397333, 36.91095389], [139.67392417, 36.9109425], [139.67347528, 36.91094445], [139.67341945, 36.91092972], [139.67339778, 36.91089111], [139.67340556, 36.91084111], [139.67346861, 36.91076222], [139.67348972, 36.91070583], [139.67348278, 36.91060444], [139.67339861, 36.9104525], [139.6733075, 36.91033972], [139.67319528, 36.91023833], [139.67306917, 36.91018194], [139.67281, 36.91010305], [139.67272611, 36.91004667], [139.67260694, 36.90990027], [139.67239667, 36.90975389], [139.67218639, 36.90964111], [139.67199028, 36.90956222], [139.67194111, 36.90955667], [139.67175889, 36.90956806], [139.67161861, 36.90956806], [139.67161167, 36.90956806], [139.67156972, 36.90953417], [139.67140139, 36.90933139], [139.67112806, 36.90907222], [139.67096694, 36.90890917], [139.67093195, 36.90885834], [139.67087583, 36.90881889], [139.67055361, 36.90845278], [139.67043444, 36.90835139], [139.67037834, 36.90832889], [139.67011222, 36.90835139], [139.66997889, 36.908385], [139.66963555, 36.90842444], [139.66943917, 36.90846389], [139.66939028, 36.90843028], [139.66941111, 36.90839639], [139.66962139, 36.90818806], [139.66980361, 36.9079625], [139.67000333, 36.90783528], [139.67007361, 36.90779028], [139.67011722, 36.90774917], [139.67013917, 36.90765833], [139.67004972, 36.90746972], [139.66999639, 36.90728333], [139.66999889, 36.90701528], [139.66998417, 36.90671861], [139.66996, 36.90656639], [139.66989695, 36.90647694], [139.66978806, 36.90637056], [139.66957278, 36.90624472], [139.66957028, 36.90620111], [139.66965667, 36.9061375], [139.66983889, 36.906025], [139.66995083, 36.90593472], [139.669965, 36.90591222], [139.66997889, 36.90590083], [139.67007, 36.90577694], [139.67018222, 36.90557416], [139.67028722, 36.90546195], [139.67059583, 36.905045], [139.67063778, 36.90496028], [139.67079889, 36.904735], [139.67096722, 36.90459417], [139.6711775, 36.90448167], [139.67138056, 36.90440833], [139.67165361, 36.90434083], [139.67178, 36.90432944], [139.67193417, 36.90430694], [139.67222139, 36.90420556], [139.67247389, 36.90409833], [139.67261389, 36.90400278], [139.67269806, 36.90387889], [139.67281722, 36.90382833], [139.67297139, 36.90380583], [139.67307639, 36.9037775], [139.67325861, 36.90370445], [139.67335694, 36.90363667], [139.67341306, 36.90356361], [139.67349695, 36.90340583], [139.67368639, 36.90301695], [139.67380528, 36.90284805], [139.67404361, 36.90261139], [139.67405083, 36.90258889], [139.67408583, 36.902555], [139.67427472, 36.90202028], [139.67438695, 36.90180611], [139.67459722, 36.9015525], [139.67463917, 36.90144555], [139.67467417, 36.90124278], [139.67473028, 36.90099472], [139.674765, 36.90094278], [139.67482833, 36.90084833], [139.67497555, 36.90070194], [139.67501055, 36.90066805], [139.67511583, 36.90049945], [139.67518584, 36.90033611], [139.67524194, 36.90026278], [139.67534, 36.90018945], [139.67559222, 36.90006555], [139.67564139, 36.90002056], [139.67564139, 36.90000917], [139.67570445, 36.89994722], [139.67572555, 36.89989083], [139.6757325, 36.89973306], [139.67566945, 36.89962056], [139.67564833, 36.89959806], [139.67560639, 36.89951917], [139.67534, 36.89924306], [139.67528389, 36.89915305], [139.67524194, 36.89900083], [139.67522778, 36.89878667], [139.67517194, 36.89861222], [139.67506667, 36.89845472], [139.67500361, 36.89838694], [139.6748775, 36.89835334], [139.67456222, 36.8983475], [139.67455528, 36.8983475], [139.67449222, 36.8983025], [139.67445722, 36.89816722], [139.67442222, 36.89810528], [139.67429611, 36.89802083], [139.67407167, 36.89791944], [139.6739525, 36.8979025], [139.67372833, 36.897925], [139.67363722, 36.89789695], [139.67339889, 36.89780111], [139.67318167, 36.89773361], [139.6730625, 36.89768278], [139.67285916, 36.89762084], [139.67272611, 36.89760389], [139.67246667, 36.89755333], [139.67236167, 36.89750805], [139.6723125, 36.8974575], [139.67218666, 36.89718139], [139.67205361, 36.89706861], [139.67185722, 36.89696167], [139.67178028, 36.89689417], [139.67154195, 36.89649973], [139.67148583, 36.89638139], [139.67143666, 36.89621833], [139.67140861, 36.89601555], [139.67143666, 36.8951875], [139.67147166, 36.89491139], [139.67151389, 36.89471972], [139.67157, 36.89453944], [139.67168195, 36.89430889], [139.67173111, 36.8942525], [139.67188167, 36.89403584], [139.67196944, 36.89390306], [139.67197639, 36.89383], [139.67195528, 36.89375111], [139.67189222, 36.89364972], [139.6717175, 36.89347139], [139.6716725, 36.89346333], [139.67147889, 36.89346945], [139.67126861, 36.89340167], [139.67073583, 36.89329472], [139.67054667, 36.89321028], [139.67014028, 36.89317639], [139.66986, 36.89317083], [139.66978305, 36.89315389], [139.66967084, 36.89315945], [139.66958667, 36.89319333], [139.66941139, 36.89317083], [139.66923639, 36.89310305], [139.66911, 36.89311445], [139.66884389, 36.89318778], [139.66873861, 36.89318778], [139.66866861, 36.89316528], [139.66849333, 36.89317083], [139.668255, 36.89322139], [139.66807972, 36.89329472], [139.66792556, 36.89330611], [139.66780639, 36.89334555], [139.66756111, 36.89335111], [139.66748417, 36.89336222], [139.66740695, 36.89335667], [139.66733028, 36.89332278], [139.66717611, 36.89335111], [139.66711306, 36.89337361], [139.66695167, 36.89339056], [139.66688167, 36.893385], [139.66675555, 36.89330611], [139.66672472, 36.8933025], [139.6666925, 36.89330611], [139.66660139, 36.89335111], [139.66647528, 36.89334555], [139.66641917, 36.89332861], [139.66634889, 36.89332861], [139.66624389, 36.89336806], [139.66613861, 36.89339056], [139.66580222, 36.89341305], [139.66571111, 36.89343556], [139.665515, 36.89344694], [139.66543083, 36.89346945], [139.66523472, 36.89354222], [139.66508056, 36.89354222], [139.66501028, 36.89351417], [139.66487028, 36.89341305], [139.66481417, 36.89340167], [139.66475805, 36.89344111], [139.66465278, 36.89348028], [139.66442889, 36.89353111], [139.66443583, 36.8935875], [139.66443139, 36.89363889], [139.66435167, 36.89363805], [139.66421861, 36.89361556], [139.66410639, 36.89357611], [139.66394528, 36.89355361], [139.66391028, 36.89353666], [139.66385416, 36.89353666], [139.66363, 36.89366056], [139.66363694, 36.893565], [139.66367806, 36.89351278], [139.66367, 36.89348639], [139.66356694, 36.89351417], [139.66343361, 36.89354806], [139.66328639, 36.89361], [139.66306916, 36.89364361], [139.66288694, 36.89364361], [139.66274223, 36.89360695], [139.66245056, 36.893645], [139.66231166, 36.89362166], [139.66216917, 36.89357694], [139.66192389, 36.89347917], [139.66174, 36.89343611], [139.66171195, 36.89338972], [139.66182444, 36.893345], [139.66181111, 36.89331361], [139.66135222, 36.89304111], [139.66118417, 36.89295667], [139.66049028, 36.89272583], [139.66020306, 36.8926525], [139.6599575, 36.89264694], [139.65968416, 36.89259056], [139.65934778, 36.89259056], [139.65908972, 36.89231944], [139.65919917, 36.89231139], [139.65928361, 36.89230305], [139.65933833, 36.89229473], [139.65936667, 36.89227972], [139.65937, 36.892255], [139.65933333, 36.89224167], [139.65928195, 36.89223333], [139.65921583, 36.89223167], [139.65917111, 36.89222333], [139.65909139, 36.89221028], [139.65904389, 36.89217778], [139.65910945, 36.89219055], [139.65946694, 36.89221306], [139.65965611, 36.8922525], [139.6598175, 36.89224695], [139.66000667, 36.89219055], [139.66018889, 36.89219611], [139.66033611, 36.89224111], [139.66058834, 36.89235389], [139.66090389, 36.89243833], [139.66112111, 36.89253417], [139.66126111, 36.89254556], [139.66136639, 36.89259056], [139.66147861, 36.89266389], [139.66170278, 36.89273139], [139.66190583, 36.89272], [139.66210194, 36.89278194], [139.66238222, 36.89278778], [139.66257167, 36.89285528], [139.66281, 36.89287223], [139.66318833, 36.89295111], [139.66342667, 36.89296222], [139.66363694, 36.89299055], [139.66387528, 36.89299055], [139.66409944, 36.89294556], [139.66449889, 36.89292861], [139.66454806, 36.89290028], [139.66459722, 36.89283834], [139.66461556, 36.89272417], [139.66472305, 36.89282722], [139.66478611, 36.89284417], [139.664835, 36.89282139], [139.66491222, 36.89278194], [139.66510139, 36.8927425], [139.66542389, 36.89263556], [139.66549556, 36.89264028], [139.66550805, 36.89264111], [139.66568306, 36.89268055], [139.66574611, 36.89273139], [139.66580222, 36.89273139], [139.66591445, 36.89270333], [139.66601972, 36.89268055], [139.66634889, 36.89268639], [139.66672056, 36.89278778], [139.66687472, 36.89278778], [139.66699389, 36.8927425], [139.66712, 36.89264111], [139.66717611, 36.89264111], [139.66728111, 36.89270889], [139.66735556, 36.89270528], [139.66740361, 36.89269], [139.66746333, 36.89273139], [139.66753333, 36.89273139], [139.66772944, 36.89266389], [139.66810778, 36.89259056], [139.66839528, 36.89252861], [139.6686125, 36.89252861], [139.66885083, 36.89253417], [139.66916611, 36.89243833], [139.66964972, 36.89239333], [139.66995806, 36.89239333], [139.67003528, 36.89240472], [139.6701475, 36.89245528], [139.67054667, 36.89272583], [139.67077083, 36.89279333], [139.67088305, 36.89280472], [139.67100917, 36.89279333], [139.67115639, 36.89266944], [139.67119139, 36.89260167], [139.67118444, 36.89252861], [139.67118444, 36.89244972], [139.67123361, 36.89243833], [139.67133167, 36.892585], [139.67142278, 36.89262445], [139.67143666, 36.89278778], [139.67147889, 36.89285528], [139.67149972, 36.89286667], [139.67154889, 36.89286083], [139.67165389, 36.89280472], [139.67180111, 36.89289472], [139.67199056, 36.89293972], [139.67232695, 36.89293972], [139.67246694, 36.89297917], [139.67257222, 36.89303], [139.67269833, 36.89305806], [139.6728525, 36.89313139], [139.67319556, 36.89323278], [139.67342, 36.89324417], [139.67348306, 36.89328917], [139.67356722, 36.89337917], [139.67357416, 36.89337917], [139.67367917, 36.89339611], [139.67375639, 36.89346945], [139.67379834, 36.89356528], [139.67389639, 36.89361583], [139.67402972, 36.89376805], [139.67412083, 36.89381861], [139.67416278, 36.89402139], [139.67433111, 36.89415666], [139.67439417, 36.89422417], [139.67440111, 36.89425805], [139.67438, 36.89428639], [139.67431, 36.89434833], [139.67423306, 36.89443278], [139.67413472, 36.89464666], [139.67405083, 36.894855], [139.67402972, 36.89488889], [139.67391056, 36.8951875], [139.67385444, 36.8953225], [139.67381944, 36.89551417], [139.67381944, 36.89577889], [139.67383334, 36.89580694], [139.67396667, 36.89594222], [139.67419778, 36.89612833], [139.67436611, 36.89620139], [139.67468861, 36.89631417], [139.67504583, 36.89639306], [139.67536111, 36.89653389], [139.67563445, 36.89666333], [139.676125, 36.89679833], [139.67637722, 36.89681528], [139.67646833, 36.89682083], [139.6765175, 36.89686583], [139.6765875, 36.89699556], [139.67671361, 36.89735611], [139.67676972, 36.8975475], [139.67686806, 36.89776722], [139.67692389, 36.89786306], [139.67698695, 36.89801528], [139.67702916, 36.89821806], [139.67716917, 36.89855611], [139.67724639, 36.89867445], [139.67728139, 36.89871389], [139.67735333, 36.89882972], [139.67736528, 36.89884861], [139.67744944, 36.89905139], [139.67744944, 36.89907417], [139.67752639, 36.89922611], [139.67762472, 36.89951917], [139.6776175, 36.89966], [139.67751944, 36.89995861], [139.6774775, 36.90006], [139.67746333, 36.90014444], [139.67746333, 36.90055], [139.67750556, 36.90099472], [139.67753361, 36.90110195], [139.67753361, 36.90122583], [139.67749833, 36.90163722], [139.67747028, 36.90179472], [139.67743527, 36.901885], [139.67732334, 36.90203139], [139.67704278, 36.90225666], [139.67676944, 36.90256666], [139.67659472, 36.90279167], [139.67634222, 36.90290445], [139.676195, 36.90300028], [139.67611111, 36.90311278], [139.67606889, 36.90316361], [139.67587972, 36.90341694], [139.67587278, 36.90344528], [139.67578861, 36.90359722], [139.67566945, 36.90389583], [139.67564139, 36.90399167], [139.67562028, 36.9041325], [139.67557833, 36.90431278], [139.67538222, 36.90441945], [139.67518584, 36.90449278], [139.67496166, 36.90458305], [139.67485639, 36.9046225], [139.67468833, 36.904735], [139.67450611, 36.90479139], [139.67413445, 36.90486472], [139.67405056, 36.90489278], [139.67377722, 36.90496028], [139.67350416, 36.9050675], [139.67341306, 36.90510139], [139.67323778, 36.90514055], [139.67290139, 36.90528167], [139.67272611, 36.90532667], [139.67269111, 36.90533778], [139.67257194, 36.9054225], [139.67250167, 36.90546195], [139.67243861, 36.90552389], [139.67239222, 36.90559861], [139.67235472, 36.90565889], [139.67229167, 36.90585027], [139.67227055, 36.90593472], [139.67225639, 36.90619944], [139.6722775, 36.9064475], [139.67232667, 36.90659389], [139.67240361, 36.90672361], [139.67248778, 36.90679111], [139.67269806, 36.90690945], [139.67290139, 36.90698834], [139.67312555, 36.90704472], [139.67319556, 36.90705584], [139.67336361, 36.90706139], [139.67355972, 36.90710666], [139.67365083, 36.90711778], [139.67403639, 36.90721361], [139.67428861, 36.90735444], [139.67440778, 36.90739944], [139.67453417, 36.90741639], [139.67478639, 36.90740528], [139.6749825, 36.90742778], [139.67505278, 36.90746722], [139.67531194, 36.90777694], [139.67542417, 36.90794583], [139.67542417, 36.90796833], [139.67543806, 36.90797389], [139.67543806, 36.90799639], [139.67545917, 36.90801334], [139.67550111, 36.90814278], [139.67551528, 36.90826111], [139.67555, 36.90835694], [139.67559195, 36.90841333], [139.67565528, 36.90846389], [139.67578833, 36.90851472], [139.67613861, 36.908695], [139.67623695, 36.90877389], [139.67644722, 36.90897111], [139.67667833, 36.90916834], [139.67681861, 36.90926389], [139.67704278, 36.90945], [139.67703583, 36.90945556], [139.67747028, 36.90981055], [139.67749833, 36.90984417], [139.67752639, 36.90985555], [139.67758944, 36.90990611], [139.67770833, 36.90994556], [139.67778555, 36.9099625], [139.67793972, 36.91001889], [139.67804472, 36.91002444], [139.67859139, 36.91012028], [139.67892083, 36.91013722], [139.67895583, 36.91014833], [139.67910305, 36.91015417], [139.67918722, 36.91017111], [139.67939055, 36.91017667], [139.67964972, 36.91022167], [139.67990917, 36.910295], [139.68012611, 36.910295], [139.68023528, 36.91024861], [139.68025917, 36.91023861], [139.68030833, 36.91020472], [139.68031528, 36.91013166], [139.68024528, 36.90999083], [139.68022417, 36.90996805], [139.68018917, 36.90982722], [139.68016806, 36.90930917], [139.68020361, 36.90890333], [139.68023861, 36.90874556], [139.68033667, 36.90850361], [139.68040639, 36.90832917], [139.68059583, 36.9080925], [139.68075, 36.90796278], [139.68081028, 36.90788972], [139.68112139, 36.90751223], [139.68114945, 36.90747834], [139.6813175, 36.90736], [139.68170306, 36.90720805], [139.68182916, 36.90716278], [139.68221472, 36.90700556], [139.68228472, 36.90698861], [139.682355, 36.90694917], [139.68283861, 36.906735], [139.68297861, 36.90665611], [139.68320306, 36.90656611], [139.68321, 36.90655472], [139.68330778, 36.90651528], [139.68360222, 36.90634055], [139.68364417, 36.90630695], [139.68385445, 36.90608139], [139.6839525, 36.90589556], [139.68395972, 36.90586167], [139.68402278, 36.90576028], [139.68407167, 36.90570972], [139.68419084, 36.90565333], [139.68433806, 36.90561945], [139.68457639, 36.90560278], [139.68470945, 36.90560278], [139.68480778, 36.90558], [139.68487084, 36.90553528], [139.68489889, 36.90547889], [139.68488472, 36.90530444], [139.68495472, 36.90519167], [139.68501083, 36.90510722], [139.68504583, 36.90503389], [139.68510917, 36.904865], [139.68513694, 36.90483667], [139.68517917, 36.90482556], [139.68523528, 36.90484805], [139.6853825, 36.90503944], [139.68545945, 36.90516361], [139.68555055, 36.90520861], [139.68573278, 36.90523111], [139.68595695, 36.90520861], [139.68609695, 36.90516361], [139.68639139, 36.90503944], [139.68639833, 36.90502833], [139.68676972, 36.90491], [139.68681195, 36.90489305], [139.68684695, 36.90487056], [139.68691, 36.90478611], [139.68693111, 36.90473528], [139.68695917, 36.90451], [139.68692389, 36.90435778], [139.68686805, 36.90430722], [139.68673472, 36.90422278], [139.68673472, 36.9041775], [139.68683278, 36.90409306], [139.68686805, 36.90405917], [139.68692389, 36.90394667], [139.68692389, 36.9038625], [139.68698, 36.90382305], [139.68719722, 36.90376667], [139.68724639, 36.90373834], [139.6873725, 36.90376667], [139.68751278, 36.90376667], [139.68770889, 36.90370472], [139.68787722, 36.90371028], [139.68794028, 36.90368778], [139.68798222, 36.90365389], [139.68800333, 36.90359195], [139.68795417, 36.9034625], [139.68793555, 36.9033925], [139.68793333, 36.90338361], [139.68796833, 36.90327639], [139.68806639, 36.90320889], [139.68821361, 36.90313], [139.68843778, 36.90296111], [139.68862, 36.90289333], [139.68867611, 36.90288222], [139.68872528, 36.90291028], [139.68896333, 36.90300611], [139.68910333, 36.90300611], [139.6892225, 36.90294972], [139.68928556, 36.90291028], [139.68934166, 36.90278083], [139.68939083, 36.9027525], [139.68953805, 36.9027075], [139.68965, 36.90264556], [139.68979028, 36.90250472], [139.68978334, 36.90243722], [139.68970611, 36.90234166], [139.68962195, 36.90229084], [139.68946083, 36.90229084], [139.68919444, 36.90236417], [139.68915944, 36.90238639], [139.68900555, 36.90240889], [139.68874639, 36.90239778], [139.68848, 36.90230195], [139.68821361, 36.90215556], [139.68800333, 36.90198111], [139.687835, 36.90181194], [139.68772305, 36.90167111], [139.68761778, 36.90150222], [139.68757583, 36.90138389], [139.68756889, 36.90120917], [139.68753389, 36.90114167], [139.68749861, 36.90111333], [139.68749861, 36.90110222], [139.68735166, 36.90095], [139.68731639, 36.90088806], [139.68732361, 36.90079805], [139.68736556, 36.90065139], [139.68736556, 36.90046556], [139.68730945, 36.90034722], [139.68713444, 36.90015583], [139.68707861, 36.90006028], [139.68702944, 36.899925], [139.6870225, 36.89988], [139.68691028, 36.89973333], [139.68679805, 36.89961528], [139.68674195, 36.899525], [139.68674195, 36.89944056], [139.68677722, 36.89939555], [139.68694528, 36.89928833], [139.68698028, 36.89923778], [139.68698028, 36.89914194], [139.68681222, 36.89879278], [139.68679111, 36.89869694], [139.68681222, 36.89850528], [139.68683305, 36.89846028], [139.68686111, 36.89831389], [139.68686111, 36.89808305], [139.68682611, 36.89795361], [139.68677722, 36.89781833], [139.686665, 36.89748028], [139.68661583, 36.89722111], [139.68661583, 36.89714778], [139.68672806, 36.89715917], [139.68681917, 36.89719861], [139.68701528, 36.89726056], [139.68717667, 36.89735639], [139.68733778, 36.89747472], [139.68742889, 36.89751972], [139.68750611, 36.89758722], [139.68754805, 36.89764361], [139.68756195, 36.89777333], [139.68761805, 36.89786334], [139.68770194, 36.89806611], [139.68770889, 36.89809445], [139.68772305, 36.8981], [139.687765, 36.8981675], [139.68784917, 36.89824084], [139.68794722, 36.89827472], [139.68802444, 36.89828583], [139.68810861, 36.89825778], [139.68814361, 36.89823528], [139.68824861, 36.89808305], [139.68833972, 36.89799306], [139.68878833, 36.89762667], [139.68892861, 36.89757056], [139.68908278, 36.89754222], [139.68912472, 36.89751417], [139.68922278, 36.89740695], [139.68927889, 36.89736194], [139.68932806, 36.897345], [139.68951722, 36.89732806], [139.68958722, 36.89728861], [139.68968555, 36.89718722], [139.6898325, 36.89712528], [139.69017611, 36.89702389], [139.69033028, 36.89700167], [139.69066639, 36.89691722], [139.69101695, 36.89675389], [139.69105889, 36.8967425], [139.69132528, 36.89692833], [139.69140222, 36.89693972], [139.69151445, 36.89693972], [139.6915775, 36.89691722], [139.69167722, 36.89690972], [139.69173917, 36.89690611], [139.69182944, 36.89692361], [139.6918825, 36.89695194], [139.69197778, 36.89703167], [139.69207861, 36.8971375], [139.69210972, 36.89716028], [139.69216306, 36.89713945], [139.69221917, 36.89712472], [139.69217417, 36.89728584], [139.69243666, 36.89752167], [139.69253222, 36.89752528], [139.69250361, 36.89783111], [139.69250333, 36.89818945], [139.69254834, 36.89849306], [139.69258778, 36.89865139], [139.69265361, 36.89881417], [139.69275111, 36.898955], [139.69281528, 36.89905972], [139.69288833, 36.89914222], [139.69294667, 36.89922], [139.69310722, 36.89938528]], [[139.50465862, 36.88379833], [139.5046375, 36.88372638], [139.50451139, 36.88361916], [139.50441277, 36.88358278], [139.50404889, 36.88363056], [139.50397166, 36.8836475], [139.50387361, 36.88365861], [139.5037475, 36.88368111], [139.50355806, 36.88367556], [139.50346695, 36.88365861], [139.50344278, 36.88362667], [139.50346, 36.88356278], [139.50380333, 36.8832475], [139.50405583, 36.88303334], [139.50431389, 36.88296417], [139.50436167, 36.88295417], [139.50437917, 36.88293445], [139.50439555, 36.88290722], [139.50439083, 36.88287666], [139.50437555, 36.88283944], [139.50430805, 36.88270667], [139.50423222, 36.88262194], [139.50420278, 36.88258917], [139.50419194, 36.88256111], [139.50419555, 36.88253528], [139.5042125, 36.88250862], [139.50425888, 36.88245306], [139.50437222, 36.88234555], [139.50439639, 36.88233], [139.50441473, 36.8822975], [139.50441112, 36.88226306], [139.50440028, 36.88221612], [139.50436944, 36.88217805], [139.50430972, 36.88214194], [139.50423694, 36.88211556], [139.50412584, 36.88207555], [139.50401361, 36.88199667], [139.50397166, 36.88195722], [139.5038875, 36.88191778], [139.50355806, 36.88191222], [139.50348805, 36.88190083], [139.50320083, 36.88178833], [139.50302555, 36.88175445], [139.50264722, 36.88174888], [139.50249972, 36.88170805], [139.50248111, 36.88165445], [139.50254889, 36.88160528], [139.50268222, 36.88154611], [139.50281528, 36.88151223], [139.5029625, 36.88143889], [139.50303945, 36.88137139], [139.50305361, 36.88135444], [139.50313778, 36.881315], [139.50324278, 36.88132056], [139.50338305, 36.88141083], [139.50347417, 36.88144473], [139.50361416, 36.88145583], [139.50374027, 36.88140528], [139.50381055, 36.88130944], [139.50390167, 36.88125306], [139.50395056, 36.88123639], [139.50406278, 36.88122528], [139.50416778, 36.88125889], [139.504245, 36.88129833], [139.50430111, 36.88129833], [139.50446222, 36.88123639], [139.5045675, 36.88117444], [139.50459528, 36.88114056], [139.50459528, 36.88110694], [139.50456027, 36.8810675], [139.50440611, 36.88096611], [139.50410472, 36.88080277], [139.504035, 36.88075], [139.50396473, 36.88069], [139.50383862, 36.88056028], [139.50376833, 36.88047028], [139.50369834, 36.88020556], [139.50365639, 36.87994639], [139.50364917, 36.87961388], [139.50369834, 36.87949], [139.50370527, 36.87938306], [139.50359333, 36.87920278], [139.50341112, 36.87898861], [139.50336889, 36.87893777], [139.50334084, 36.87882527], [139.50329889, 36.87878027], [139.50322167, 36.87872389], [139.50317278, 36.87865611], [139.50315861, 36.87858861], [139.50314667, 36.8783775], [139.50310972, 36.87830694], [139.50303945, 36.87823944], [139.50291334, 36.87817194], [139.50268222, 36.87817167], [139.50262611, 36.87814944], [139.50259805, 36.87812694], [139.502605, 36.878065], [139.50268056, 36.87797278], [139.5026675, 36.87793472], [139.50254361, 36.87784583], [139.50249167, 36.87781083], [139.50246472, 36.87777556], [139.50240223, 36.87771555], [139.50233889, 36.87767612], [139.50221278, 36.87763694], [139.50192555, 36.87763112], [139.50180639, 36.87761417], [139.50161028, 36.877665], [139.50153306, 36.87768194], [139.50146305, 36.87767612], [139.50122472, 36.87751862], [139.50116166, 36.87749583], [139.50113361, 36.87749583], [139.50100055, 36.87750167], [139.50091639, 36.87756917], [139.50079723, 36.87756917], [139.50064305, 36.87754667], [139.50045389, 36.87754667], [139.50037666, 36.87759167], [139.50032056, 36.877665], [139.5002575, 36.87770444], [139.50002639, 36.87770444], [139.49996333, 36.87772694], [139.49987222, 36.8778], [139.49978111, 36.87792944], [139.49970389, 36.87799722], [139.49961278, 36.87799722], [139.49946556, 36.87791834], [139.49933945, 36.87792944], [139.4992625, 36.87795194], [139.49915028, 36.87803084], [139.49912916, 36.87809861], [139.49911528, 36.87825611], [139.49902417, 36.87849278], [139.49901555, 36.87856834], [139.49898195, 36.8786225], [139.49893639, 36.87870667], [139.49883138, 36.87876445], [139.49868667, 36.87883944], [139.49864055, 36.87886167], [139.49858472, 36.87888861], [139.49857083, 36.87883195], [139.49864416, 36.87872528], [139.49872973, 36.87866195], [139.49877167, 36.8786], [139.49876472, 36.87848723], [139.49869166, 36.87833305], [139.49862806, 36.87824666], [139.49858472, 36.87819861], [139.49851083, 36.87817694], [139.49841028, 36.87817389], [139.49822389, 36.87819834], [139.49805444, 36.87818611], [139.49786111, 36.87814917], [139.49764361, 36.87813222], [139.49755973, 36.87814361], [139.49730722, 36.87825611], [139.49720222, 36.87830694], [139.49689389, 36.87855473], [139.49674666, 36.8787175], [139.4966275, 36.87879417], [139.49650834, 36.87882805], [139.49627722, 36.87882222], [139.49610889, 36.87877722], [139.49586361, 36.87870388], [139.49577945, 36.87870388], [139.49571639, 36.87874333], [139.49571639, 36.87875472], [139.4955975, 36.87890694], [139.49540805, 36.87907028], [139.49536612, 36.87914334], [139.495345, 36.87932361], [139.49532417, 36.87937444], [139.495275, 36.87941389], [139.49513472, 36.87946444], [139.49506473, 36.87952083], [139.49502972, 36.87961667], [139.49496667, 36.87966167], [139.49450417, 36.87967305], [139.49431528, 36.87969528], [139.49415389, 36.87969528], [139.49411194, 36.87967278], [139.49405584, 36.87961667], [139.49395083, 36.87953778], [139.49383861, 36.87949833], [139.49361444, 36.87948694], [139.49355139, 36.87943639], [139.49347417, 36.8793125], [139.49341111, 36.87926167], [139.49332722, 36.87923917], [139.49275944, 36.87921667], [139.49267528, 36.87918861], [139.49261222, 36.87913777], [139.49261222, 36.87903639], [139.49268945, 36.8789125], [139.49274556, 36.87885055], [139.49277333, 36.87878278], [139.49275944, 36.87872667], [139.49273139, 36.87869833], [139.4927175, 36.87865888], [139.49263333, 36.87857445], [139.49251417, 36.87849], [139.49250028, 36.87838861], [139.49252, 36.87832194], [139.49253527, 36.87827028], [139.49254222, 36.87805611], [139.49245806, 36.87784777], [139.49231805, 36.87769555], [139.49226888, 36.87758305], [139.49211472, 36.87745333], [139.49202361, 36.87740278], [139.49184167, 36.87734639], [139.49172944, 36.87734083], [139.49163139, 36.87736889], [139.49155445, 36.87741973], [139.49137917, 36.8776225], [139.49130916, 36.87761667], [139.49130194, 36.87761667], [139.49123889, 36.87753805], [139.49117583, 36.87740278], [139.49113388, 36.87736889], [139.49098667, 36.87729], [139.49086749, 36.87725639], [139.49066445, 36.87725056], [139.49049611, 36.87729], [139.49024389, 36.87741973], [139.49013167, 36.87744223], [139.48996361, 36.87744223], [139.48963416, 36.87738028], [139.48929084, 36.87735778], [139.48918556, 36.8773125], [139.48891944, 36.87708722], [139.48861139, 36.87687334], [139.48849916, 36.87681112], [139.488275, 36.8767325], [139.48784056, 36.87650138], [139.48767916, 36.87642806], [139.48747611, 36.876355], [139.48726583, 36.87630416], [139.48711861, 36.87628722], [139.48610278, 36.87627056], [139.48599778, 36.87623666], [139.4858925, 36.87616333], [139.48580139, 36.87602833], [139.48573139, 36.87594361], [139.48566833, 36.87591556], [139.48558417, 36.8758875], [139.48544389, 36.8758875], [139.48526889, 36.87592694], [139.48517778, 36.87596056], [139.48512167, 36.87599444], [139.4849675, 36.87603944], [139.48470834, 36.87605083], [139.48462417, 36.87610139], [139.48458194, 36.87615223], [139.48454, 36.87624222], [139.484505, 36.87628722], [139.48444195, 36.87631556], [139.48433667, 36.87632111], [139.48428084, 36.87629861], [139.48416166, 36.87629861], [139.48386722, 36.87641695], [139.48378306, 36.87643945], [139.48366389, 36.876445], [139.48358722, 36.87642389], [139.48359417, 36.87636139], [139.48367111, 36.87629306], [139.48412666, 36.87612973], [139.48421056, 36.87607333], [139.48424555, 36.87600556], [139.48423167, 36.87591], [139.48410556, 36.87566777], [139.48405639, 36.87558889], [139.48390917, 36.87532973], [139.48378306, 36.87520583], [139.48360833, 36.87514417], [139.48332083, 36.87509333], [139.48280945, 36.87505944], [139.48276722, 36.87505944], [139.48257806, 36.87512723], [139.48238195, 36.87525083], [139.48228361, 36.87529028], [139.48205945, 36.87533528], [139.48192639, 36.87539167], [139.48178611, 36.87548167], [139.481625, 36.87565639], [139.48156195, 36.87575777], [139.48152, 36.87587611], [139.48152, 36.87599444], [139.48156889, 36.87619166], [139.48156195, 36.87642806], [139.48154083, 36.87653528], [139.48152, 36.87689], [139.48150584, 36.87727889], [139.48147084, 36.87743667], [139.48130973, 36.87772945], [139.48114833, 36.8780225], [139.48074889, 36.87865306], [139.48065777, 36.87875445], [139.48046166, 36.87899667], [139.48017444, 36.87926139], [139.48006916, 36.87933472], [139.47995722, 36.87938527], [139.47983139, 36.87938527], [139.47980333, 36.87937972], [139.47969805, 36.87930639], [139.47950889, 36.87913194], [139.47949611, 36.87890889], [139.47948777, 36.87876583], [139.47964917, 36.87870945], [139.47984528, 36.8786475], [139.48007638, 36.87847833], [139.4802025, 36.8783375], [139.48025834, 36.8782475], [139.4803075, 36.87806167], [139.4803425, 36.87780277], [139.48034972, 36.87751528], [139.48035389, 36.8775], [139.48036389, 36.87746473], [139.48043361, 36.87735194], [139.48058778, 36.87723944], [139.48084, 36.87708722], [139.48096639, 36.87698027], [139.48102944, 36.87687889], [139.48105722, 36.87670417], [139.48106444, 36.87657472], [139.48103639, 36.8764], [139.48098028, 36.87621416], [139.48093833, 36.87612389], [139.48091723, 36.87610139], [139.48087555, 36.8759775], [139.48087555, 36.87579722], [139.48104361, 36.87544223], [139.48106472, 36.87527333], [139.48110667, 36.87514389], [139.48116277, 36.87505389], [139.48127472, 36.87496944], [139.48137972, 36.87494139], [139.48161805, 36.8749075], [139.48210861, 36.87461444], [139.48229084, 36.87454694], [139.48232584, 36.87453555], [139.48248695, 36.87451889], [139.48263417, 36.87451889], [139.48279528, 36.87449055], [139.4829075, 36.87444555], [139.48334195, 36.87427083], [139.483475, 36.87424833], [139.4837625, 36.87424833], [139.48387444, 36.87427083], [139.48402833, 36.87434417], [139.48404945, 36.87436667], [139.48448389, 36.87458639], [139.48492556, 36.87474972], [139.48497444, 36.87476667], [139.48520583, 36.87480056], [139.4855, 36.87480056], [139.48556305, 36.87483417], [139.48566833, 36.87491306], [139.48582944, 36.87496944], [139.48607473, 36.87502583], [139.48629194, 36.87504833], [139.48694334, 36.87504833], [139.48728694, 36.87500889], [139.48772139, 36.87493556], [139.48802973, 36.87490194], [139.48822584, 36.87489611], [139.48835472, 36.87487972], [139.48849223, 36.8748625], [139.48863944, 36.87483417], [139.48886361, 36.87481722], [139.48895472, 36.87482861], [139.48906694, 36.87487361], [139.48918583, 36.87498083], [139.48936806, 36.87525111], [139.48942417, 36.87538055], [139.48942417, 36.87545389], [139.48935417, 36.87555527], [139.48934028, 36.87560611], [139.48937528, 36.87567917], [139.48958528, 36.87584833], [139.48975334, 36.87594389], [139.48984445, 36.87596083], [139.4899075, 36.87595528], [139.48997056, 36.87594389], [139.49003361, 36.87591583], [139.49016667, 36.87590444], [139.49035611, 36.87592723], [139.49051028, 36.87592139], [139.49058027, 36.87585944], [139.49065722, 36.8757525], [139.4907275, 36.87575806], [139.49088166, 36.87587083], [139.49094472, 36.87589889], [139.49119, 36.87591583], [139.49144917, 36.87596083], [139.49160333, 36.87595528], [139.49183472, 36.87591583], [139.49195388, 36.87590444], [139.49217806, 36.87593833], [139.49245806, 36.87594973], [139.49252111, 36.87596639], [139.49268945, 36.87603973], [139.49284361, 36.87613], [139.49310278, 36.87632138], [139.49322194, 36.87639472], [139.49332, 36.87639472], [139.49336917, 36.87635528], [139.49345333, 36.87620888], [139.49349528, 36.8761075], [139.49353028, 36.87606223], [139.4935725, 36.87606223], [139.4936425, 36.87609611], [139.4936775, 36.87613], [139.49379667, 36.87634972], [139.49381777, 36.87641167], [139.49381055, 36.87651862], [139.4937825, 36.87660862], [139.4937825, 36.87669889], [139.49380362, 36.87674944], [139.49387361, 36.87681694], [139.49390166, 36.87686194], [139.49402778, 36.87695194], [139.49418195, 36.87696889], [139.49421, 36.87698027], [139.49435723, 36.87698027], [139.49448334, 36.87689027], [139.49458861, 36.87685084], [139.49486194, 36.87681722], [139.49496694, 36.87677778], [139.49518389, 36.87663139], [139.49530305, 36.87658055], [139.49548528, 36.87653555], [139.49565334, 36.87653555], [139.49578667, 36.876575], [139.49603194, 36.87667639], [139.49613695, 36.87669334], [139.49626306, 36.87665944], [139.49652944, 36.87652972], [139.49674666, 36.87643361], [139.49679583, 36.87638611], [139.497055, 36.87629611], [139.49714611, 36.87627333], [139.49730027, 36.87625083], [139.4973775, 36.87623389], [139.49758778, 36.87623973], [139.49777694, 36.87627917], [139.49798, 36.87638055], [139.49806278, 36.87639028], [139.49821833, 36.87627333], [139.49823945, 36.87626778], [139.49833056, 36.87630723], [139.49843556, 36.87630723], [139.49868805, 36.87618889], [139.49873695, 36.87617778], [139.49878611, 36.87616083], [139.49895306, 36.87614528], [139.49926, 36.87614528], [139.4994175, 36.87613777], [139.49952166, 36.87620583], [139.49957083, 36.87636917], [139.49957027, 36.87646278], [139.49947972, 36.87653833], [139.49942361, 36.87657777], [139.4994225, 36.87664417], [139.49951083, 36.87666167], [139.49993528, 36.87657195], [139.50020862, 36.87656639], [139.50029278, 36.87654805], [139.50033473, 36.8765325], [139.500545, 36.87643695], [139.50063612, 36.87640305], [139.50072722, 36.87640305], [139.50085333, 36.87651583], [139.50094306, 36.87657639], [139.50100055, 36.87661388], [139.50113584, 36.87660862], [139.50128084, 36.87651], [139.50137194, 36.87640861], [139.50142805, 36.87628473], [139.50144889, 36.87611583], [139.50144889, 36.87611], [139.50151917, 36.876065], [139.50161028, 36.8760425], [139.50177139, 36.87604806], [139.50186945, 36.87607639], [139.50202361, 36.87608194], [139.50207972, 36.87609306], [139.50244416, 36.87608194], [139.5026475, 36.87613833], [139.50277361, 36.87619473], [139.50297667, 36.87634667], [139.50305389, 36.87641417], [139.50313778, 36.87651583], [139.50319361, 36.87656083], [139.50324972, 36.87657777], [139.50334084, 36.87657777], [139.50353028, 36.87651583], [139.50355806, 36.8764875], [139.50373334, 36.87640305], [139.50378945, 36.87633555], [139.50378945, 36.87626223], [139.50370527, 36.87619473], [139.50354416, 36.87613833], [139.50350917, 36.87612139], [139.50340389, 36.87602556], [139.50337167, 36.87598388], [139.50330333, 36.87591444], [139.50326416, 36.87587334], [139.50318695, 36.87582277], [139.50313083, 36.87581139], [139.50306083, 36.87575527], [139.50292083, 36.8756425], [139.50287166, 36.87555222], [139.50287166, 36.87542278], [139.50292778, 36.87529333], [139.50292778, 36.87514111], [139.50291361, 36.87509611], [139.50286473, 36.87499473], [139.50280166, 36.87473], [139.50276639, 36.8746625], [139.50267528, 36.87462861], [139.50257027, 36.87462861], [139.502325, 36.87467944], [139.50229695, 36.87466806], [139.50228305, 36.87465111], [139.50226889, 36.87429055], [139.50223389, 36.87417805], [139.50224083, 36.87411028], [139.50236, 36.87409917], [139.50241611, 36.87400889], [139.50240916, 36.87395278], [139.50235305, 36.873885], [139.50217084, 36.87373861], [139.50208722, 36.87364361], [139.50215778, 36.87357278], [139.50219583, 36.87350222], [139.50223056, 36.87352611], [139.50231111, 36.87351334], [139.50244416, 36.87353], [139.50250584, 36.87356], [139.50259139, 36.87367667], [139.50267528, 36.873885], [139.5026825, 36.87405973], [139.50274555, 36.87422305], [139.50280861, 36.87425111], [139.50299084, 36.87429055], [139.50302584, 36.87431889], [139.50308889, 36.87444833], [139.503215, 36.87457806], [139.50325723, 36.87466806], [139.50329916, 36.87499473], [139.50332028, 36.87513556], [139.50347444, 36.87540195], [139.50355138, 36.87547362], [139.50362833, 36.87551278], [139.50368694, 36.87549861], [139.50382445, 36.87520306], [139.50384722, 36.87515806], [139.50388472, 36.87510473], [139.50391111, 36.87508139], [139.50396778, 36.87507444], [139.50404722, 36.87506472], [139.50410472, 36.87505138], [139.50422389, 36.87502861], [139.50444111, 36.87496111], [139.50458139, 36.87496111], [139.50461861, 36.87497695], [139.50471445, 36.8750175], [139.50486166, 36.87512445], [139.50519111, 36.87525388], [139.50531722, 36.87534945], [139.50538027, 36.87541138], [139.5054575, 36.87551862], [139.50548555, 36.87567639], [139.50549945, 36.87604806], [139.50553722, 36.87613084], [139.50559583, 36.8762], [139.50564334, 36.87625056], [139.50569583, 36.87631278], [139.505765, 36.87637834], [139.50584278, 36.87663389], [139.50587083, 36.8768875], [139.50594805, 36.87710723], [139.50601111, 36.87720861], [139.50606723, 36.87727056], [139.50611611, 36.87731], [139.50622139, 36.87736083], [139.50652278, 36.87736083], [139.50674, 36.87731], [139.506985, 36.87720306], [139.50719528, 36.87705083], [139.50753167, 36.87687056], [139.50779084, 36.87675222], [139.50788195, 36.87669611], [139.50793805, 36.87663972], [139.50798723, 36.87654389], [139.50800111, 36.87651], [139.50800806, 36.87642], [139.50807833, 36.87616083], [139.50812028, 36.8759975], [139.50813444, 36.875975], [139.50821833, 36.87592417], [139.50828139, 36.87592417], [139.5083725, 36.87602], [139.50849861, 36.87625667], [139.50861084, 36.87638611], [139.50871612, 36.8765325], [139.508765, 36.87654389], [139.50878611, 36.87654389], [139.50882111, 36.87650445], [139.50896834, 36.87623973], [139.50904528, 36.87611583], [139.50913638, 36.87589611], [139.50932306, 36.87556639], [139.50940277, 36.87549055], [139.50950083, 36.87544], [139.509585, 36.87542862], [139.50966916, 36.87549055], [139.50983027, 36.87566528], [139.50991445, 36.87567084], [139.50998445, 36.87563139], [139.51005472, 36.87562028], [139.51011056, 36.87563139], [139.51026472, 36.87571028], [139.51030333, 36.87574805], [139.51032083, 36.87581167], [139.51030694, 36.87595833], [139.51032083, 36.87623973], [139.51030584, 36.87629527], [139.51016667, 36.87641417], [139.51008973, 36.87648195], [139.50996778, 36.87657028], [139.50995195, 36.876595], [139.50995583, 36.87661555], [139.50997917, 36.87664195], [139.51002861, 36.87667195], [139.51015278, 36.87672417], [139.51026472, 36.87671861], [139.51081138, 36.87627917], [139.51094473, 36.87621167], [139.51102861, 36.876195], [139.51117583, 36.876195], [139.51130916, 36.87627945], [139.51159639, 36.87651], [139.51169416, 36.87660027], [139.51198861, 36.87681417], [139.51221277, 36.87692139], [139.51238111, 36.87694944], [139.51252833, 36.87693833], [139.51261222, 36.87691583], [139.51277361, 36.8768425], [139.51294861, 36.8767975], [139.51318, 36.87679778], [139.51334111, 36.87687083], [139.51365667, 36.87705083], [139.51397889, 36.87723695], [139.51402805, 36.87727638], [139.51421028, 36.87736083], [139.51452556, 36.87749028], [139.514785, 36.87755222], [139.51537361, 36.87754667], [139.51561195, 36.87752417], [139.51589194, 36.87753], [139.51606028, 36.87755834], [139.51624944, 36.87760334], [139.5162775, 36.87760334], [139.51636139, 36.87762584], [139.51676805, 36.87773278], [139.51706944, 36.87788472], [139.51748972, 36.8781775], [139.51756695, 36.87825639], [139.51767917, 36.87853805], [139.51782611, 36.87901139], [139.51784028, 36.87902278], [139.51785417, 36.87906778], [139.51786834, 36.87909028], [139.51793834, 36.87923111], [139.51808555, 36.879355], [139.51817666, 36.87941138], [139.51826778, 36.87943945], [139.51832389, 36.87943388], [139.51833777, 36.87936638], [139.51835194, 36.87916916], [139.51838, 36.87906223], [139.51840389, 36.87901306], [139.51844305, 36.87894389], [139.51845695, 36.87885361], [139.51845, 36.87854389], [139.518415, 36.87834111], [139.51842195, 36.87814972], [139.51845, 36.87807639], [139.51842806, 36.87801166], [139.51841694, 36.87797722], [139.51847805, 36.87791306], [139.51863917, 36.87790194], [139.51881445, 36.87784556], [139.51919861, 36.87783556], [139.51953861, 36.87776445], [139.51972583, 36.877665], [139.51978055, 36.87764166], [139.51993584, 36.87765972], [139.51997361, 36.87774278], [139.52010667, 36.87794667], [139.52027806, 36.87807083], [139.52050306, 36.87818556], [139.52075555, 36.87830195], [139.5207275, 36.87836945], [139.52064334, 36.87855527], [139.52060833, 36.87872417], [139.52065722, 36.87892694], [139.52065722, 36.87897194], [139.52069944, 36.87907333], [139.5207625, 36.87917473], [139.52079055, 36.87925361], [139.52086055, 36.87936638], [139.52104278, 36.87956917], [139.52119, 36.8796875], [139.52150527, 36.87988472], [139.52203805, 36.88011556], [139.52220611, 36.8801775], [139.52245139, 36.88027333], [139.52276694, 36.880465], [139.52308222, 36.88071834], [139.52340444, 36.88101139], [139.52346778, 36.88105639], [139.52374805, 36.8812875], [139.52388889, 36.88145111], [139.52396139, 36.88155417], [139.52395723, 36.88173306], [139.52393306, 36.88180528], [139.52388694, 36.88182139], [139.52380861, 36.88180528], [139.52370389, 36.88181112], [139.52367527, 36.88184055], [139.52361416, 36.88192389], [139.52356584, 36.88196334], [139.52346528, 36.88181945], [139.52337, 36.88174028], [139.52324973, 36.88166111], [139.52317361, 36.88159611], [139.523005, 36.88140583], [139.52263361, 36.88094944], [139.52261973, 36.88092694], [139.52251445, 36.88081972], [139.52228333, 36.88064527], [139.52216416, 36.8806], [139.52191889, 36.88058334], [139.52171555, 36.88053805], [139.52149139, 36.88051], [139.52140722, 36.8804875], [139.52132306, 36.88044805], [139.52120389, 36.88042555], [139.52107777, 36.88042555], [139.52087445, 36.88047611], [139.5207625, 36.88054945], [139.52071334, 36.88064527], [139.52069944, 36.88079722], [139.52063778, 36.88090556], [139.52034194, 36.88109028], [139.52030694, 36.88112416], [139.52025777, 36.88122556], [139.52022583, 36.88132139], [139.52020473, 36.88138611], [139.52018555, 36.88142833], [139.52015806, 36.88144638], [139.52011667, 36.88144555], [139.5200475, 36.88141695], [139.51994945, 36.88134945], [139.51976722, 36.88125361], [139.51952222, 36.88106778], [139.51941, 36.88102278], [139.51909472, 36.88101694], [139.5189825, 36.88098889], [139.51877222, 36.88096056], [139.51842195, 36.88094389], [139.5181625, 36.88085361], [139.5180575, 36.88083111], [139.51788944, 36.88084806], [139.51777028, 36.88092111], [139.51768611, 36.88091556], [139.51767917, 36.88091556], [139.51764388, 36.88089306], [139.51762305, 36.880865], [139.51751084, 36.88066777], [139.51749694, 36.88059445], [139.51745472, 36.88054389], [139.51737083, 36.8804875], [139.51726556, 36.88045361], [139.51705527, 36.88045361], [139.51696416, 36.88047055], [139.516865, 36.88052778], [139.51679111, 36.88057806], [139.51674444, 36.88059666], [139.51665278, 36.88066973], [139.51661917, 36.88069083], [139.516585, 36.88069083], [139.51656194, 36.88067583], [139.5165575, 36.88065111], [139.51654889, 36.88060083], [139.51653666, 36.88056055], [139.51650861, 36.88049861], [139.51648778, 36.88034667], [139.51638945, 36.88028472], [139.51620028, 36.88022278], [139.51612333, 36.88021694], [139.51608806, 36.88027333], [139.51606028, 36.88029028], [139.51597611, 36.88028472], [139.51587806, 36.88027889], [139.51581472, 36.88032972], [139.51570278, 36.88034083], [139.51566778, 36.88036917], [139.51564666, 36.88043667], [139.51557667, 36.88047055], [139.51547139, 36.88047055], [139.51535944, 36.88052083], [139.51521222, 36.88054361], [139.5151, 36.88058861], [139.51479889, 36.88078584], [139.51462361, 36.88093777], [139.51445555, 36.881045], [139.51432944, 36.88106167], [139.51428027, 36.8810225], [139.51416111, 36.88085889], [139.51398583, 36.88072945], [139.51393, 36.88070111], [139.51374056, 36.88065055], [139.51355833, 36.880645], [139.51336917, 36.88066195], [139.51315195, 36.88070111], [139.51291361, 36.88078], [139.51262639, 36.88089277], [139.51213583, 36.88108444], [139.51186945, 36.88121389], [139.51171528, 36.88130973], [139.51135084, 36.8814675], [139.51083223, 36.88161945], [139.51080416, 36.88163638], [139.51048889, 36.88172083], [139.51008222, 36.88181112], [139.50998416, 36.88185055], [139.509515, 36.88199694], [139.50929056, 36.88204778], [139.50894028, 36.88217722], [139.50874417, 36.88224472], [139.50838278, 36.88241417], [139.50829555, 36.88247], [139.50815527, 36.88261639], [139.50805028, 36.88278555], [139.50801528, 36.88317417], [139.50806416, 36.88354028], [139.50808528, 36.88376], [139.50818334, 36.88409805], [139.5082325, 36.88450361], [139.50825333, 36.88458833], [139.50836528, 36.88478861], [139.50836556, 36.88501639], [139.50840778, 36.88517417], [139.50855445, 36.88553444], [139.50861055, 36.88569778], [139.50869472, 36.88581611], [139.50875083, 36.88595695], [139.50877889, 36.88602445], [139.508835, 36.88614278], [139.50888389, 36.88619362], [139.50894, 36.88622722], [139.50906611, 36.88625555], [139.50922028, 36.88643584], [139.50931139, 36.88652584], [139.50941667, 36.88657111], [139.50961278, 36.88661611], [139.50963389, 36.88665556], [139.50964083, 36.88668361], [139.50965278, 36.88672083], [139.50957083, 36.88689222], [139.50954973, 36.88717389], [139.50957083, 36.88735972], [139.50959889, 36.8874725], [139.50963389, 36.88754], [139.50968277, 36.88757944], [139.50974584, 36.88765278], [139.50985112, 36.88799056], [139.50987917, 36.88816528], [139.5099, 36.8884075], [139.50994222, 36.88849194], [139.51010695, 36.88862166], [139.51009639, 36.88874528], [139.51008222, 36.88880166], [139.51008944, 36.88893111], [139.51013139, 36.88900444], [139.51032055, 36.88923555], [139.51036973, 36.88933695], [139.51041166, 36.88951139], [139.51048194, 36.88971417], [139.51060556, 36.88985417], [139.51065223, 36.88988333], [139.51070111, 36.88986056], [139.51075722, 36.88983611], [139.51088139, 36.88978194], [139.51095834, 36.88978194], [139.51107055, 36.88983833], [139.51142806, 36.89012], [139.51147695, 36.8901425], [139.51155417, 36.89017056], [139.51160306, 36.890165], [139.51172222, 36.89010306], [139.5117925, 36.89010306], [139.51188361, 36.89015945], [139.51199556, 36.89034528], [139.51208666, 36.89041861], [139.51219862, 36.89046361], [139.51240889, 36.89047472], [139.51254889, 36.89052], [139.51266805, 36.89067194], [139.51282222, 36.89104945], [139.51284333, 36.89107194], [139.5129275, 36.89114528], [139.51302555, 36.89115083], [139.51316583, 36.89110028], [139.51328472, 36.89110028], [139.51332694, 36.89112833], [139.51338306, 36.89118472], [139.51341111, 36.89137055], [139.51345305, 36.89140445], [139.51356528, 36.89144389], [139.51374027, 36.89146084], [139.51383139, 36.89149445], [139.51402778, 36.89163527], [139.51430805, 36.89179306], [139.51439222, 36.89182694], [139.5146025, 36.89189444], [139.51483361, 36.89190583], [139.51495278, 36.89192833], [139.51524723, 36.89202973], [139.51557667, 36.89213666], [139.515885, 36.89222139], [139.51610916, 36.89226639], [139.51646666, 36.89237333], [139.51661361, 36.89242972], [139.51674444, 36.89248583], [139.51685889, 36.8925425], [139.517055, 36.8926325], [139.5173425, 36.89282972], [139.51768583, 36.89312833], [139.51788917, 36.89329139], [139.51865306, 36.89380417], [139.51923472, 36.89404056], [139.51963833, 36.89422222], [139.51964806, 36.89422666], [139.51983027, 36.89435611], [139.52002667, 36.89451945], [139.52023694, 36.89466028], [139.52034194, 36.89476167], [139.52034194, 36.89477305], [139.52036972, 36.89479555], [139.52050278, 36.89497028], [139.52058, 36.89504361], [139.520645, 36.89511305], [139.52068694, 36.89517889], [139.52071305, 36.89524056], [139.52078306, 36.89546028], [139.52087416, 36.89582667], [139.52094444, 36.89633361], [139.52103556, 36.89672222], [139.52109167, 36.89679556], [139.52125278, 36.89717278], [139.52132278, 36.89745445], [139.52130889, 36.89775861], [139.52125973, 36.89798389], [139.52122083, 36.8980875], [139.521155, 36.89813083], [139.52113362, 36.89814722], [139.52106361, 36.89815861], [139.52101444, 36.89819806], [139.52096, 36.89829334], [139.52084667, 36.89825], [139.52070612, 36.89831639], [139.52063611, 36.89832194], [139.520545, 36.89835028], [139.52041888, 36.89843473], [139.52032055, 36.89852473], [139.52032055, 36.89857555], [139.52040473, 36.89863195], [139.52069917, 36.89875028], [139.52083223, 36.89884028], [139.52086723, 36.89885167], [139.52105639, 36.89886833], [139.52118278, 36.89891917], [139.52123861, 36.89891917], [139.52130889, 36.89887972], [139.52142084, 36.89876695], [139.52150306, 36.89872972], [139.52156805, 36.89876695], [139.52164528, 36.89889667], [139.52170139, 36.89906], [139.52221999, 36.89989389], [139.52238111, 36.90018667], [139.52270305, 36.90087945], [139.5227975, 36.90110695], [139.52274083, 36.90112778], [139.52269611, 36.90114972], [139.52263555, 36.90100806], [139.52259362, 36.9009325], [139.52255333, 36.90089805], [139.52251222, 36.90086361], [139.5224925, 36.90084833], [139.52248139, 36.90085056], [139.522465, 36.9008625], [139.52246417, 36.90088277], [139.52245778, 36.90102528], [139.52241694, 36.90102973], [139.52238778, 36.90095833], [139.52237388, 36.90078361], [139.52233861, 36.90068778], [139.52228278, 36.90060889], [139.52198861, 36.90034417], [139.5218975, 36.90028777], [139.52186944, 36.90030472], [139.52178556, 36.90040916], [139.52175638, 36.90040361], [139.52177139, 36.90030472], [139.52177139, 36.90016389], [139.52171528, 36.90006277], [139.52135778, 36.89964028], [139.5210775, 36.89940916], [139.52090222, 36.89929666], [139.52081833, 36.89929666], [139.52045389, 36.89942056], [139.5202925, 36.89946], [139.51995611, 36.89947138], [139.51965472, 36.89952166], [139.51955861, 36.89952139], [139.51948555, 36.89939222], [139.51936056, 36.89933056], [139.51912222, 36.89913889], [139.51903112, 36.89909389], [139.51900472, 36.89909167], [139.51893722, 36.89908444], [139.51891223, 36.89906917], [139.51890806, 36.89903944], [139.518935, 36.89899306], [139.518975, 36.89892472], [139.51896806, 36.89872195], [139.51895389, 36.8986375], [139.51879305, 36.89847973], [139.51880722, 36.89844028], [139.51894722, 36.898305], [139.51907334, 36.89816834], [139.51908722, 36.89815306], [139.51919223, 36.89807417], [139.51939556, 36.89796139], [139.51971084, 36.89782055], [139.51975555, 36.89781222], [139.51983695, 36.89782055], [139.51997722, 36.89786], [139.52009639, 36.89786], [139.52016639, 36.89782055], [139.52020861, 36.8977475], [139.52020861, 36.89746556], [139.52017334, 36.89729666], [139.52003333, 36.89711084], [139.52001223, 36.89705444], [139.51999833, 36.89692472], [139.51992805, 36.89685167], [139.51983, 36.89680083], [139.51968278, 36.89679528], [139.51962695, 36.89681222], [139.51952195, 36.89681222], [139.51945194, 36.89676722], [139.51921361, 36.89654166], [139.51898222, 36.89633916], [139.51892639, 36.89624916], [139.51891223, 36.89606306], [139.51887723, 36.8960125], [139.51884222, 36.89598306], [139.51875805, 36.89595611], [139.51849889, 36.89593917], [139.51820444, 36.89587167], [139.51800111, 36.89584917], [139.51785389, 36.89581527], [139.51774194, 36.89577027], [139.51755972, 36.8956125], [139.51721611, 36.8952125], [139.51709, 36.89503222], [139.51702694, 36.89497028], [139.51695694, 36.89494194], [139.51686583, 36.89493084], [139.51672555, 36.89487444], [139.5165225, 36.89475055], [139.51634722, 36.89460972], [139.51627, 36.89456472], [139.51612306, 36.89450278], [139.51594778, 36.89449139], [139.51587055, 36.89446333], [139.5158425, 36.89444055], [139.51566056, 36.89431111], [139.51549945, 36.89430555], [139.51545056, 36.89427723], [139.51535222, 36.89418139], [139.51531028, 36.89416473], [139.51514195, 36.89416473], [139.515065, 36.89417028], [139.51490389, 36.89409139], [139.5147775, 36.89409139], [139.51460944, 36.89419278], [139.51456027, 36.89419833], [139.51441333, 36.89418139], [139.51430112, 36.89419278], [139.51427305, 36.89420973], [139.51418889, 36.89431111], [139.51418194, 36.89433916], [139.51411194, 36.89441805], [139.51406278, 36.89441805], [139.51402778, 36.89438445], [139.51398556, 36.89424916], [139.51396472, 36.89417028], [139.51391555, 36.89410833], [139.5138525, 36.89406778], [139.51373334, 36.89408], [139.51367028, 36.89411389], [139.51346334, 36.89428028], [139.51333972, 36.89438416], [139.51331112, 36.89441861], [139.51328833, 36.89442083], [139.51327222, 36.89442083], [139.5132575, 36.89439944], [139.51325667, 36.89433056], [139.51324639, 36.89424111], [139.51325528, 36.89420055], [139.51328472, 36.89415333], [139.51331999, 36.89411944], [139.51343361, 36.89405861], [139.51354305, 36.89399583], [139.51359527, 36.89397222], [139.51360639, 36.89393445], [139.51360806, 36.89389694], [139.51359361, 36.89387139], [139.51355666, 36.89382888], [139.51334084, 36.89368584], [139.51322889, 36.89367445], [139.51312361, 36.89368584], [139.51307472, 36.89366334], [139.51289944, 36.89349417], [139.51263305, 36.89328583], [139.51252639, 36.89323444], [139.51241361, 36.89320416], [139.51231778, 36.893235], [139.51226167, 36.89331389], [139.51225472, 36.89336472], [139.51220555, 36.89348861], [139.51207944, 36.89369139], [139.51206556, 36.89375889], [139.51207944, 36.89393917], [139.51206556, 36.89398999], [139.51202555, 36.89404417], [139.51196611, 36.89407972], [139.51181861, 36.89415223], [139.51163944, 36.89422584], [139.51159778, 36.89420861], [139.51159694, 36.89418362], [139.51163944, 36.89411861], [139.51171612, 36.89397222], [139.51176417, 36.89387167], [139.51177805, 36.89380417], [139.511785, 36.89368584], [139.51172889, 36.89342111], [139.51172889, 36.89328583], [139.51188333, 36.89302666], [139.51189722, 36.89294778], [139.51188333, 36.89286889], [139.51183417, 36.89278444], [139.51165889, 36.89267167], [139.51128111, 36.89248861], [139.5111475, 36.89242389], [139.51090222, 36.89233945], [139.51069917, 36.8923], [139.51047472, 36.89219833], [139.51034861, 36.89215916], [139.51023667, 36.89214223], [139.51005444, 36.89214223], [139.50995611, 36.89217583], [139.50989305, 36.89218166], [139.50983695, 36.89213639], [139.50977389, 36.89204639], [139.509725, 36.89191111], [139.50966889, 36.89184361], [139.50962583, 36.89178833], [139.50956861, 36.89174361], [139.50933944, 36.8915225], [139.50918528, 36.89140417], [139.50893306, 36.89126361], [139.50887, 36.89126333], [139.50872973, 36.89129694], [139.50849139, 36.89137028], [139.50837334, 36.8914325], [139.50828111, 36.89142667], [139.50823222, 36.89134222], [139.50819722, 36.89119556], [139.50812, 36.89107194], [139.50802194, 36.8909875], [139.50752445, 36.89061555], [139.50740555, 36.89041278], [139.50737027, 36.89031139], [139.50737027, 36.89014806], [139.50739833, 36.89008611], [139.50739833, 36.88990028], [139.5073775, 36.88980444], [139.50731444, 36.88968611], [139.50730722, 36.88962972], [139.5073425, 36.88950584], [139.50740555, 36.88937055], [139.50745222, 36.88925694], [139.50744222, 36.88918444], [139.50740555, 36.88913972], [139.50733527, 36.88913972], [139.50724416, 36.88920167], [139.50713917, 36.88923555], [139.50662055, 36.88924111], [139.50646639, 36.88928055], [139.50634723, 36.88934805], [139.50618611, 36.88948334], [139.50610889, 36.88952277], [139.50568139, 36.88952277], [139.50553416, 36.88955084], [139.50517694, 36.8897425], [139.50491055, 36.88991723], [139.50465833, 36.89003528], [139.50436389, 36.89012], [139.50422361, 36.89019861], [139.50413972, 36.89019861], [139.50410445, 36.89017611], [139.5040975, 36.89010278], [139.5040625, 36.89007444], [139.50398528, 36.89005194], [139.50385223, 36.89004083], [139.50377528, 36.8900125], [139.50373305, 36.88998444], [139.50371472, 36.88993472], [139.50378306, 36.88996861], [139.50398333, 36.88996306], [139.50407806, 36.88994222], [139.50417416, 36.88990889], [139.50424222, 36.88986278], [139.504355, 36.88980861], [139.50438916, 36.88977], [139.50451111, 36.88966361], [139.50455305, 36.88956222], [139.50458805, 36.88953389], [139.50466528, 36.88953389], [139.50479139, 36.88956777], [139.50486139, 36.88956777], [139.50498055, 36.88948334], [139.50502972, 36.88941], [139.50504361, 36.88930305], [139.50501555, 36.88915667], [139.50505056, 36.88902139], [139.50515583, 36.88880166], [139.50519778, 36.88876222], [139.50529861, 36.88876222], [139.50536806, 36.88878139], [139.50544111, 36.88876973], [139.50546944, 36.88874777], [139.50547223, 36.88870916], [139.50547666, 36.88865055], [139.50549361, 36.88861223], [139.50553639, 36.88858194], [139.50558194, 36.88855639], [139.50560333, 36.888525], [139.50561028, 36.88848445], [139.50559722, 36.88839028], [139.50563944, 36.88833417], [139.50573056, 36.88827778], [139.50592666, 36.88817056], [139.50607389, 36.88805806], [139.50615805, 36.88791723], [139.50613, 36.88784389], [139.50604584, 36.88771444], [139.50579362, 36.88744417], [139.50576555, 36.88742722], [139.50555528, 36.88716805], [139.50538695, 36.88702167], [139.50531, 36.88697111], [139.50519083, 36.88693167], [139.50507861, 36.88691472], [139.50490361, 36.88683583], [139.5048475, 36.88679639], [139.50479583, 36.8867775], [139.50465583, 36.88679972], [139.50458805, 36.88681889], [139.50450389, 36.88681333], [139.50444806, 36.88677944], [139.50435195, 36.88665777], [139.50421667, 36.88652584], [139.50419666, 36.88649861], [139.50419555, 36.88645278], [139.50420278, 36.88639639], [139.50432, 36.88620028], [139.5043375, 36.88605833], [139.50436389, 36.88599083], [139.50437389, 36.88591139], [139.50439167, 36.88587167], [139.50443888, 36.88584195], [139.50463722, 36.88584416], [139.50470028, 36.88579916], [139.50479834, 36.88562444], [139.5048125, 36.8855175], [139.50482639, 36.88523584], [139.50487556, 36.88515139], [139.50501555, 36.88506111], [139.50503667, 36.88502167], [139.50502972, 36.88497667], [139.50493861, 36.88485833], [139.50486139, 36.88477389], [139.50468611, 36.88455416], [139.50444111, 36.88439084], [139.50441306, 36.884295], [139.50441306, 36.88418834], [139.50444833, 36.88408694], [139.50465862, 36.88379833]], [[139.42141056, 36.74355583], [139.42135195, 36.74341473], [139.42120555, 36.74321417], [139.420905, 36.74291], [139.42084889, 36.74280278], [139.42082806, 36.74263416], [139.42085584, 36.74245944], [139.42087, 36.74242583], [139.42089084, 36.74226806], [139.42092583, 36.74168223], [139.42088389, 36.74149611], [139.42087, 36.74149056], [139.42080694, 36.74138361], [139.42059722, 36.74119777], [139.42048306, 36.74108667], [139.42044583, 36.74102722], [139.42044723, 36.74098083], [139.42046278, 36.74094972], [139.42050667, 36.74088778], [139.42068112, 36.7407075], [139.42068112, 36.74057806], [139.42066056, 36.74051056], [139.42066056, 36.74039778], [139.42087, 36.74008222], [139.42110083, 36.73969945], [139.42127556, 36.73955305], [139.42133861, 36.73951361], [139.42147833, 36.73946278], [139.42189084, 36.73944611], [139.42203778, 36.73941778], [139.42232444, 36.73933333], [139.42247139, 36.73930528], [139.42270222, 36.73930528], [139.42280694, 36.73932778], [139.42302388, 36.73938973], [139.42420528, 36.73964305], [139.42431722, 36.73968833], [139.42457584, 36.73992472], [139.42462167, 36.74000833], [139.4246775, 36.74005555], [139.42477028, 36.74009278], [139.4248775, 36.74008667], [139.42496417, 36.74005972], [139.42502388, 36.74007417], [139.42505917, 36.74011555], [139.42514778, 36.7401175], [139.42520361, 36.74011555], [139.42524694, 36.74014834], [139.42528389, 36.74016278], [139.42535416, 36.74014834], [139.42546972, 36.74011555], [139.42554389, 36.74006195], [139.42553389, 36.73999806], [139.42562028, 36.73991472], [139.42566778, 36.73987361], [139.42569805, 36.73983917], [139.42574083, 36.73980694], [139.42578556, 36.73977277], [139.42589028, 36.73972777], [139.42601611, 36.73969945], [139.42642195, 36.73968833], [139.42663861, 36.73965445], [139.42679944, 36.73964889], [139.42707917, 36.7396825], [139.42721194, 36.73968833], [139.427345, 36.73966], [139.42742888, 36.73960945], [139.42755555, 36.73949778], [139.42757833, 36.73947778], [139.42772722, 36.73933112], [139.42793027, 36.73911611], [139.42800917, 36.73905722], [139.42809305, 36.73902917], [139.42833972, 36.73892055], [139.4283875, 36.7388925], [139.42842166, 36.73887139], [139.42850556, 36.73879805], [139.42865223, 36.73862362], [139.42870833, 36.73851638], [139.42873611, 36.73847695], [139.42881305, 36.7383025], [139.42893194, 36.73800416], [139.429065, 36.73777889], [139.42924667, 36.73755917], [139.42934472, 36.73747472], [139.42949556, 36.73737], [139.42954973, 36.73732778], [139.42960306, 36.73729722], [139.42963138, 36.73727195], [139.42984805, 36.73718723], [139.43012083, 36.73713667], [139.43023972, 36.73710278], [139.43028167, 36.73707473], [139.4303725, 36.73704639], [139.4304775, 36.73699028], [139.43074334, 36.73686611], [139.43091806, 36.73681556], [139.43103, 36.73677056], [139.43142833, 36.73652834], [139.43163111, 36.73643805], [139.43189666, 36.736365], [139.43210666, 36.73633667], [139.43222556, 36.73635917], [139.43251222, 36.73646055], [139.432715, 36.73657334], [139.43283388, 36.73660722], [139.43309972, 36.73672527], [139.43326055, 36.73679306], [139.43347695, 36.73686611], [139.43393861, 36.73696194], [139.43423917, 36.73705223], [139.43445583, 36.73716473], [139.43487556, 36.73746889], [139.43509945, 36.73759306], [139.43549805, 36.7377675], [139.43555388, 36.73780139], [139.43571472, 36.73793083], [139.43583444, 36.738075], [139.43589028, 36.73819944], [139.43588722, 36.73840444], [139.43579251, 36.73841611], [139.43574111, 36.73846028], [139.43569333, 36.7385625], [139.43569333, 36.73865055], [139.43573361, 36.73872777], [139.43581445, 36.7387425], [139.43589472, 36.73873084], [139.43603389, 36.73885305], [139.43608611, 36.73894778], [139.436145, 36.73896611], [139.43621112, 36.73902501], [139.43632139, 36.73903584], [139.43642084, 36.73903472], [139.43661333, 36.73905555], [139.43667389, 36.73908361], [139.43672528, 36.73906889], [139.43687222, 36.73911305], [139.43700056, 36.73910556], [139.43707806, 36.73907417], [139.43726, 36.73906861], [139.43736167, 36.73909333], [139.43740834, 36.73912389], [139.43746334, 36.73912027], [139.43752944, 36.73915694], [139.43761777, 36.73915694], [139.43768278, 36.73912139], [139.43783972, 36.73908694], [139.43791139, 36.73906528], [139.43794861, 36.73903111], [139.43798278, 36.739], [139.43802945, 36.73894695], [139.43806416, 36.73891084], [139.43812694, 36.73880944], [139.43816889, 36.73866334], [139.43816194, 36.73845472], [139.43809916, 36.73810556], [139.43810611, 36.73795916], [139.43814806, 36.73785778], [139.43832278, 36.73760972], [139.43846278, 36.73748583], [139.43865139, 36.7373675], [139.43873528, 36.73733389], [139.43890305, 36.73735083], [139.43924556, 36.73741833], [139.43940639, 36.73743527], [139.43965111, 36.73751417], [139.43977723, 36.73753667], [139.43989583, 36.73753083], [139.43997278, 36.73750833], [139.44010584, 36.73749722], [139.44043445, 36.73749167], [139.44063027, 36.73747472], [139.44082611, 36.73742945], [139.44090305, 36.73740139], [139.44093083, 36.73739583], [139.44106389, 36.73735083], [139.44120361, 36.73732805], [139.44140639, 36.73735639], [139.44141639, 36.73748334], [139.44147333, 36.73755139], [139.44157583, 36.7376425], [139.44169528, 36.73766528], [139.44180334, 36.73766528], [139.44188167, 36.73759861], [139.4420775, 36.73760972], [139.4421825, 36.73760972], [139.44227, 36.73762527], [139.44236111, 36.73757417], [139.44241806, 36.73745472], [139.44234973, 36.73731833], [139.44220333, 36.73724361], [139.44213, 36.73703305], [139.44209139, 36.7369225], [139.44199361, 36.73666917], [139.44196556, 36.73642112], [139.44204944, 36.73626917], [139.44223833, 36.73584666], [139.44232917, 36.73570028], [139.44238528, 36.735655], [139.44248306, 36.73562139], [139.44251973, 36.73561556], [139.44254611, 36.73560444], [139.44292361, 36.73551417], [139.44298666, 36.73550333], [139.44323139, 36.73539056], [139.44343416, 36.73533417], [139.44355306, 36.73531167], [139.44381889, 36.73531722], [139.44398666, 36.73535111], [139.44442722, 36.73552583], [139.44456694, 36.73556528], [139.44480472, 36.73556528], [139.44494472, 36.73554833], [139.44542694, 36.73555973], [139.44555277, 36.73558223], [139.44568556, 36.73565528], [139.44595139, 36.735965], [139.44625194, 36.73622417], [139.44634305, 36.736365], [139.44660861, 36.73655084], [139.44667861, 36.73659584], [139.44722416, 36.7367875], [139.44744083, 36.73681556], [139.44760861, 36.73681556], [139.44791639, 36.73679861], [139.44810528, 36.73674806], [139.44820306, 36.73664084], [139.44822416, 36.73659027], [139.44825194, 36.7364325], [139.44825194, 36.73613972], [139.44820999, 36.73601583], [139.44811222, 36.73575111], [139.44808417, 36.73555389], [139.44811917, 36.73541889], [139.44815416, 36.73537361], [139.44823111, 36.73534], [139.448385, 36.73531167], [139.4485175, 36.73524972], [139.44857333, 36.73519917], [139.44860833, 36.73513722], [139.44860833, 36.73503555], [139.44848583, 36.73479917], [139.44837805, 36.73459056], [139.44835695, 36.7345175], [139.44834305, 36.73437667], [139.448385, 36.73430889], [139.44844778, 36.73426944], [139.44865028, 36.73421334], [139.44878333, 36.73415139], [139.44886723, 36.73412862], [139.44902805, 36.73406112], [139.44929361, 36.73406667], [139.44948944, 36.73408362], [139.44972027, 36.73407805], [139.44986723, 36.73402722], [139.44991611, 36.73400472], [139.45002111, 36.73397667], [139.45018889, 36.73395972], [139.45054555, 36.73395972], [139.45117472, 36.73406112], [139.45143361, 36.73408362], [139.45156638, 36.73411194], [139.45169222, 36.73417389], [139.45183917, 36.73428084], [139.45188111, 36.73430334], [139.452, 36.73433722], [139.45213278, 36.73441611], [139.45218889, 36.73448917], [139.45221694, 36.73453444], [139.45221694, 36.73461306], [139.452105, 36.73491167], [139.45213278, 36.73508083], [139.45219584, 36.73529472], [139.45225167, 36.73541306], [139.45238473, 36.73560473], [139.45256611, 36.7358075], [139.45269917, 36.73593695], [139.45274805, 36.73599888], [139.45288778, 36.73612862], [139.45297167, 36.73617917], [139.45304167, 36.7362075], [139.45310473, 36.73624694], [139.45341222, 36.73637084], [139.45381805, 36.73650611], [139.45427945, 36.73665806], [139.4543425, 36.7366975], [139.45438444, 36.73671444], [139.45458028, 36.73687778], [139.45472, 36.73701305], [139.45496472, 36.73717084], [139.45505583, 36.73726639], [139.4552025, 36.7375425], [139.45531445, 36.73777333], [139.45540528, 36.737875], [139.45546834, 36.73792556], [139.45563611, 36.73799306], [139.45597417, 36.73808389], [139.45622361, 36.73815083], [139.45635639, 36.73820167], [139.45648195, 36.73826362], [139.45670583, 36.73834805], [139.45703445, 36.73844944], [139.45712527, 36.73846639], [139.45732806, 36.738455], [139.45742611, 36.73841555], [139.457545, 36.73833112], [139.45760084, 36.73821278], [139.45762194, 36.73801], [139.45764277, 36.73768889], [139.45771972, 36.73750861], [139.45779666, 36.73736777], [139.45798555, 36.7371425], [139.45803445, 36.73696778], [139.4579575, 36.73657917], [139.45793667, 36.73641584], [139.45792945, 36.73615112], [139.45794361, 36.73607222], [139.4580275, 36.73597083], [139.45822333, 36.73581306], [139.45843305, 36.73568361], [139.45843305, 36.73567223], [139.45865694, 36.73555389], [139.45871278, 36.73553694], [139.45930723, 36.73545806], [139.45941917, 36.73541889], [139.45955195, 36.73528361], [139.45981056, 36.73499055], [139.46002055, 36.73481055], [139.46017417, 36.7347375], [139.46032111, 36.73469222], [139.46055195, 36.73469222], [139.46109, 36.73476555], [139.46142583, 36.73485], [139.46162861, 36.73494584], [139.46174055, 36.73503027], [139.46199916, 36.73543583], [139.46220195, 36.73581306], [139.46230694, 36.73601583], [139.46240472, 36.73612862], [139.46262167, 36.73634834], [139.46267055, 36.73636917], [139.46274055, 36.73639889], [139.46311806, 36.73649472], [139.46318112, 36.73652278], [139.46337694, 36.73656222], [139.46352361, 36.73655667], [139.46360056, 36.73653972], [139.46369139, 36.73648334], [139.4637475, 36.73639889], [139.4637475, 36.73621889], [139.4636775, 36.73589222], [139.4636775, 36.73572888], [139.46381028, 36.73522194], [139.46383834, 36.73503027], [139.46383834, 36.73492334], [139.4638175, 36.734805], [139.4637475, 36.73468111], [139.4637125, 36.73463028], [139.46369862, 36.73461917], [139.46346083, 36.73434306], [139.46323695, 36.73412889], [139.46297111, 36.73381362], [139.4627825, 36.73365028], [139.46253056, 36.73343611], [139.46241889, 36.73332333], [139.4623, 36.73322194], [139.46209, 36.73299667], [139.46199223, 36.73283333], [139.46191528, 36.73255723], [139.46191528, 36.73232083], [139.46198528, 36.73214611], [139.46208306, 36.73198278], [139.46223, 36.73176305], [139.46251666, 36.73143638], [139.46254473, 36.73141945], [139.46254473, 36.73140806], [139.46264945, 36.731335], [139.46276139, 36.73127306], [139.46285222, 36.73125611], [139.46385944, 36.731245], [139.46410417, 36.73121695], [139.46430694, 36.73118306], [139.46450973, 36.73111556], [139.46457972, 36.73108166], [139.46462167, 36.73107611], [139.46462861, 36.73106473], [139.46482444, 36.73096889], [139.46485222, 36.73096333], [139.46521806, 36.73073195], [139.46550278, 36.73055222], [139.46566361, 36.73046777], [139.46574055, 36.73041695], [139.46592222, 36.7302875], [139.46598528, 36.73021972], [139.46603416, 36.73011833], [139.46606223, 36.72998306], [139.46604806, 36.72981972], [139.46602028, 36.72972972], [139.46598528, 36.72967889], [139.46559361, 36.72930167], [139.46551666, 36.72925638], [139.46541167, 36.72920028], [139.46497833, 36.72907056], [139.46483139, 36.72901416], [139.4646425, 36.72888473], [139.4645725, 36.72880028], [139.46453056, 36.72869889], [139.46453056, 36.72860861], [139.46461472, 36.72845083], [139.46475445, 36.72823111], [139.46485222, 36.72809028], [139.46507611, 36.72781444], [139.465125, 36.72765667], [139.46511806, 36.72756667], [139.46508306, 36.72751056], [139.46504111, 36.72746528], [139.46486639, 36.72736389], [139.46483834, 36.72735834], [139.4648175, 36.72733584], [139.46440472, 36.72721194], [139.464195, 36.7271275], [139.46416, 36.72711055], [139.46406223, 36.72702612], [139.46399916, 36.72687945], [139.46399916, 36.72675], [139.464125, 36.72636694], [139.464125, 36.72626556], [139.46404111, 36.72602889], [139.46395722, 36.72589361], [139.4638175, 36.72579805], [139.46371945, 36.72578667], [139.46351, 36.72580361], [139.46325833, 36.72587667], [139.46313944, 36.72589945], [139.46294361, 36.72589361], [139.46287361, 36.7258825], [139.46279666, 36.72584861], [139.46269167, 36.72578111], [139.46260083, 36.72565722], [139.46249612, 36.72545417], [139.46236306, 36.72535861], [139.46233528, 36.72534167], [139.46198555, 36.72509944], [139.46180361, 36.72503167], [139.46153083, 36.72490222], [139.46144695, 36.72483472], [139.46143722, 36.72480139], [139.46141917, 36.72473888], [139.46142611, 36.72458666], [139.46149612, 36.72428833], [139.46153083, 36.72420361], [139.46169889, 36.72397277], [139.46175472, 36.72383195], [139.46174778, 36.72374167], [139.46168472, 36.72368555], [139.46167084, 36.72367973], [139.46167084, 36.72366861], [139.46158, 36.72357278], [139.46155195, 36.72342639], [139.46151695, 36.72338139], [139.46144, 36.72332528], [139.46138417, 36.72329694], [139.46134223, 36.72322389], [139.46135611, 36.72300972], [139.46137722, 36.72293639], [139.46137, 36.72286334], [139.46127916, 36.72266612], [139.46120917, 36.72246333], [139.46120917, 36.72228861], [139.46126528, 36.72217028], [139.46158, 36.72175917], [139.46178278, 36.72155055], [139.46197862, 36.72139861], [139.4620975, 36.72132528], [139.46229306, 36.72126889], [139.46260083, 36.72126889], [139.46276167, 36.72129722], [139.46292944, 36.72134778], [139.46318834, 36.72146055], [139.46337, 36.72152805], [139.46399945, 36.72168583], [139.46418834, 36.72168583], [139.46439111, 36.72163527], [139.46441917, 36.72161277], [139.46445389, 36.72159583], [139.46464278, 36.72137611], [139.46476167, 36.72123528], [139.46485973, 36.72115639], [139.46509028, 36.72102667], [139.46544667, 36.72089167], [139.46558666, 36.72087472], [139.46611111, 36.72086917], [139.46649583, 36.72080167], [139.46667055, 36.72079056], [139.46693639, 36.72084111], [139.46713917, 36.7208975], [139.46738389, 36.72102111], [139.46755861, 36.7211225], [139.46771667, 36.72119166], [139.46772638, 36.72119583], [139.46788722, 36.72122389], [139.46803416, 36.72121833], [139.46822305, 36.72117333], [139.46843972, 36.72107778], [139.46850972, 36.72103833], [139.46861472, 36.72099333], [139.4687825, 36.72095389], [139.46899917, 36.72095389], [139.46925805, 36.72098194], [139.46943972, 36.72097083], [139.46955166, 36.72094833], [139.46970555, 36.72093694], [139.46985944, 36.72094833], [139.47002028, 36.72098194], [139.47010416, 36.72103833], [139.47018083, 36.72111167], [139.4704325, 36.721545], [139.47050944, 36.72163527], [139.47072611, 36.72178722], [139.47083806, 36.721855], [139.47095, 36.721945], [139.47111777, 36.72204639], [139.47116667, 36.72206333], [139.47127166, 36.72205778], [139.47138361, 36.72201833], [139.4714325, 36.72198444], [139.4714675, 36.72189444], [139.47146055, 36.72178167], [139.47140445, 36.72159027], [139.47139055, 36.72144945], [139.47139055, 36.72130305], [139.4714325, 36.72117361], [139.4715025, 36.72113972], [139.47224361, 36.72113417], [139.47264917, 36.72115667], [139.47274723, 36.72118472], [139.47285917, 36.72126361], [139.47292195, 36.72133139], [139.47302, 36.72149472], [139.47308972, 36.72159027], [139.4733275, 36.72186639], [139.47361444, 36.72212], [139.47371916, 36.72220445], [139.47380277, 36.72230583], [139.47390778, 36.7225425], [139.47396361, 36.72270028], [139.47400556, 36.72276778], [139.47416639, 36.7229425], [139.47434139, 36.72309444], [139.47447416, 36.72329139], [139.47469806, 36.72357861], [139.474775, 36.72377583], [139.474775, 36.72412305], [139.474775, 36.72419278], [139.47476084, 36.72436723], [139.47476778, 36.72458138], [139.47478194, 36.72463778], [139.47485889, 36.72478417], [139.47498473, 36.72491944], [139.47509667, 36.72500389], [139.47523639, 36.72506584], [139.47534139, 36.72508278], [139.47562112, 36.72516166], [139.47602667, 36.725235], [139.47623611, 36.725235], [139.476425, 36.72517861], [139.47651584, 36.72512222], [139.47654389, 36.72508834], [139.47656472, 36.72497], [139.47653694, 36.72490805], [139.47639, 36.72475028], [139.47599166, 36.72442945], [139.47592166, 36.72435611], [139.47575389, 36.72421528], [139.47566305, 36.72402361], [139.47564195, 36.72373667], [139.47553722, 36.72344945], [139.47550222, 36.72320139], [139.47544611, 36.72303806], [139.47532722, 36.72286361], [139.4751875, 36.72273972], [139.47507555, 36.72260444], [139.4750125, 36.72243528], [139.47487972, 36.72224388], [139.47441111, 36.72168611], [139.47428527, 36.72147222], [139.47423639, 36.72126917], [139.47423639, 36.72104972], [139.47432027, 36.72091444], [139.47439722, 36.72082417], [139.47443223, 36.72080167], [139.47443223, 36.72079056], [139.47455111, 36.72070611], [139.4746, 36.72068916], [139.47466305, 36.72065528], [139.47480972, 36.7205425], [139.47492166, 36.72050305], [139.47503361, 36.720475], [139.47544611, 36.72044112], [139.47554417, 36.72039612], [139.47568389, 36.72025528], [139.47576778, 36.72018778], [139.47587972, 36.72013138], [139.47597778, 36.72012583], [139.47613862, 36.72019888], [139.47625028, 36.72022138], [139.47642278, 36.72021777], [139.47650222, 36.72021612], [139.47658611, 36.72019917], [139.47671194, 36.72013167], [139.47676778, 36.72012028], [139.47713139, 36.72026694], [139.47714555, 36.72028389], [139.47727834, 36.72036834], [139.47741833, 36.72048666], [139.477635, 36.72070056], [139.47784472, 36.72083028], [139.47805444, 36.72094861], [139.47812416, 36.72101611], [139.47823611, 36.72119639], [139.47830611, 36.72125834], [139.47833417, 36.72127527], [139.47844583, 36.72130334], [139.47862083, 36.72130334], [139.47877472, 36.72126945], [139.4789425, 36.72116805], [139.47901222, 36.721095], [139.47911028, 36.72095417], [139.47919416, 36.72088083], [139.47923611, 36.72086389], [139.47962778, 36.72089222], [139.4799775, 36.72094278], [139.48012417, 36.72097111], [139.480355, 36.72104417], [139.48053694, 36.72116805], [139.48066278, 36.72124695], [139.48087945, 36.72142722], [139.48104722, 36.72153444], [139.48118723, 36.72159639], [139.48156445, 36.72182166], [139.48165556, 36.72184416], [139.48175334, 36.72188361], [139.48199805, 36.72197945], [139.48218694, 36.72208639], [139.48253667, 36.72246944], [139.48259945, 36.72254834], [139.48288611, 36.72300472], [139.48303305, 36.72317361], [139.48323584, 36.72329195], [139.48364139, 36.72349472], [139.48387916, 36.72365806], [139.48409583, 36.72383278], [139.48429139, 36.72403], [139.48445222, 36.72423833], [139.48461333, 36.72453111], [139.48464472, 36.72458555], [139.48465528, 36.72460417], [139.48469722, 36.72477889], [139.48478111, 36.7251675], [139.48487889, 36.72532528], [139.48496277, 36.72561834], [139.48504666, 36.72581527], [139.48510973, 36.72590556], [139.48519361, 36.72600139], [139.48548028, 36.72627166], [139.48557111, 36.72641806], [139.48557111, 36.72664333], [139.48553639, 36.72675611], [139.48545944, 36.72688584], [139.48497694, 36.72752222], [139.48494194, 36.72761805], [139.48488584, 36.72797306], [139.48488584, 36.7281475], [139.48491389, 36.72823167], [139.48501889, 36.72834444], [139.48516556, 36.72842972], [139.48526222, 36.72847278], [139.48534306, 36.72851056], [139.48542389, 36.72852667], [139.48562028, 36.72858111], [139.48611639, 36.72869361], [139.48634028, 36.72876722], [139.48654306, 36.72886278], [139.48666889, 36.72894722], [139.48672472, 36.72898111], [139.48685778, 36.72911055], [139.48702556, 36.72931889], [139.48714444, 36.72943166], [139.48745195, 36.72968528], [139.48782972, 36.72986555], [139.4881025, 36.72998945], [139.48819333, 36.73004], [139.48850805, 36.73016972], [139.48880861, 36.73027667], [139.48897667, 36.73032167], [139.48905333, 36.73032167], [139.48915805, 36.73033306], [139.48989222, 36.73031611], [139.49024889, 36.73031083], [139.49076305, 36.73136111], [139.49029167, 36.73146806], [139.49031305, 36.73154778], [139.49080583, 36.73145055], [139.49104333, 36.73193305], [139.491425, 36.73196028], [139.49143778, 36.73200055], [139.49152166, 36.73220334], [139.49174556, 36.73281723], [139.49186417, 36.73322861], [139.491885, 36.733375], [139.49192695, 36.73369611], [139.49193417, 36.73403972], [139.49196194, 36.73412972], [139.49203889, 36.734265], [139.49215083, 36.73436084], [139.49231861, 36.73446777], [139.49266833, 36.73464806], [139.49274528, 36.73467639], [139.49275222, 36.7346875], [139.49280805, 36.73471], [139.49293944, 36.73478639], [139.49299694, 36.73481139], [139.49313139, 36.73486639], [139.49331833, 36.73494167], [139.49348639, 36.73500305], [139.49412972, 36.73521695], [139.49437055, 36.73527084], [139.49443778, 36.73527139], [139.49457472, 36.73532778], [139.49471694, 36.73540305], [139.49492111, 36.73557722], [139.49492917, 36.73564694], [139.49498278, 36.73574666], [139.49528334, 36.73603945], [139.49549333, 36.73629861], [139.49561917, 36.73649027], [139.49563278, 36.73665639], [139.4957125, 36.73676027], [139.49578333, 36.73692806], [139.49585916, 36.73710722], [139.49595472, 36.73734611], [139.49601778, 36.73756583], [139.4961925, 36.73795444], [139.49633638, 36.73817944], [139.49644, 36.73833778], [139.49644, 36.73837305], [139.49642222, 36.73842611], [139.49642222, 36.738465], [139.49644166, 36.73850389], [139.496625, 36.73871195], [139.49675194, 36.73883833], [139.49682139, 36.73886139], [139.49733361, 36.73887834], [139.49842667, 36.73889333], [139.49850277, 36.7389], [139.49888778, 36.73882917], [139.49899611, 36.73875334], [139.49922805, 36.7385125], [139.4993075, 36.738435], [139.49941222, 36.73830334], [139.49948472, 36.73821889], [139.49956417, 36.73813639], [139.49960972, 36.73807917], [139.49963333, 36.73800833], [139.49961805, 36.73793445], [139.49959306, 36.73782806], [139.4995425, 36.73773028], [139.49953055, 36.73762055], [139.49952944, 36.73753611], [139.49955138, 36.737465], [139.49960722, 36.73741611], [139.49970805, 36.73738917], [139.49980278, 36.7373825], [139.49995639, 36.73740444], [139.5000375, 36.73741611], [139.50019973, 36.73744834], [139.50035528, 36.73748361], [139.50059667, 36.73754278], [139.50072361, 36.73756806], [139.50079778, 36.737595], [139.50087638, 36.73763055], [139.50095083, 36.73767972], [139.50105222, 36.73773861], [139.50113167, 36.73778778], [139.50122611, 36.73781639], [139.50132083, 36.73785167], [139.5014425, 36.73787361], [139.50160278, 36.73787722], [139.501765, 36.73786861], [139.50188055, 36.73785945], [139.50193223, 36.73793528], [139.50173944, 36.73793334], [139.50158083, 36.73793778], [139.50141028, 36.73793778], [139.50131389, 36.73793111], [139.5012025, 36.7379075], [139.50107084, 36.73784334], [139.50095972, 36.73776388], [139.5009075, 36.73770473], [139.50080944, 36.73765917], [139.50068778, 36.73763556], [139.50057139, 36.73760528], [139.50045806, 36.73757139], [139.50034166, 36.73754111], [139.50020972, 36.73750223], [139.49998333, 36.73745], [139.49975861, 36.73742805], [139.49964556, 36.73744472], [139.49960195, 36.73751222], [139.49960306, 36.73757222], [139.49964167, 36.73767], [139.49968555, 36.73778306], [139.49972278, 36.73796194], [139.49971055, 36.73816583], [139.49961639, 36.73833083], [139.49950306, 36.73847944], [139.49938472, 36.73861278], [139.49924473, 36.73876305], [139.49914556, 36.73884], [139.49894805, 36.73897166], [139.49881611, 36.73902056], [139.49843944, 36.73903083], [139.49812861, 36.7390375], [139.49776916, 36.73904083], [139.49745333, 36.73904417], [139.49710722, 36.73904916], [139.49682666, 36.73905417], [139.49675194, 36.73906028], [139.49674472, 36.73906222], [139.49653806, 36.73912305], [139.49629028, 36.73922778], [139.49617139, 36.73926723], [139.49601278, 36.73932194], [139.49591111, 36.73935888], [139.49578, 36.73938555], [139.49557, 36.73940223], [139.49473806, 36.73934028], [139.49450722, 36.73931778], [139.49447917, 36.73931778], [139.49437445, 36.73930666], [139.49401084, 36.73930056], [139.49362639, 36.73935139], [139.49314389, 36.73944723], [139.49267639, 36.73956084], [139.49235362, 36.73966833], [139.49219612, 36.73974167], [139.49165944, 36.7400125], [139.49163139, 36.74001861], [139.49160083, 36.74000612], [139.49156138, 36.73995139], [139.49040555, 36.74039889], [139.489005, 36.74092028], [139.48856917, 36.74105333], [139.48837333, 36.74109722], [139.48820639, 36.74111695], [139.48717139, 36.74084027], [139.48715555, 36.74079722], [139.48708139, 36.74071444], [139.4870325, 36.74068611], [139.48687861, 36.74044389], [139.48682278, 36.74041], [139.48662, 36.74037639], [139.48641, 36.74037084], [139.48622833, 36.74038194], [139.48588555, 36.74038194], [139.48583666, 36.74041], [139.48580166, 36.74047222], [139.48580166, 36.74052278], [139.48582972, 36.74064666], [139.48583167, 36.74065722], [139.48571278, 36.74065334], [139.48561889, 36.74050667], [139.48558194, 36.74048722], [139.48553611, 36.74047778], [139.48534722, 36.74048889], [139.48511639, 36.74052834], [139.4842075, 36.74048889], [139.48326361, 36.74047778], [139.48299083, 36.74039889], [139.48283694, 36.74037084], [139.48271111, 36.74037084], [139.48262722, 36.74039889], [139.48244111, 36.74051945], [139.48205333, 36.74077028], [139.48196278, 36.74080444], [139.48166222, 36.74084389], [139.48161473, 36.74084389], [139.48131944, 36.74084389], [139.48106778, 36.74082139], [139.48081611, 36.7408325], [139.4806625, 36.74084389], [139.48032666, 36.74091139], [139.48005417, 36.74099028], [139.47997722, 36.74102417], [139.47985917, 36.74107888], [139.47966556, 36.74116139], [139.47923584, 36.74134527], [139.47910306, 36.74142945], [139.47903528, 36.7414825], [139.47894222, 36.74155334], [139.47890527, 36.74158111], [139.47883528, 36.74164445], [139.47876528, 36.74170473], [139.47841056, 36.74199833], [139.47830583, 36.74207166], [139.47820084, 36.74213361], [139.47794222, 36.74231388], [139.47786528, 36.74237583], [139.47772527, 36.74244917], [139.47756445, 36.74248861], [139.47743167, 36.74250555], [139.47731445, 36.74251528], [139.47695389, 36.74251195], [139.47667861, 36.74248806], [139.47646778, 36.74247445], [139.47631778, 36.74247445], [139.47602639, 36.74252222], [139.47569056, 36.74261805], [139.47517306, 36.74282084], [139.47460667, 36.74315889], [139.47445278, 36.74323222], [139.47392833, 36.7434125], [139.47337611, 36.74371084], [139.47320806, 36.74376695], [139.47297027, 36.74393027], [139.47297027, 36.74394167], [139.47272556, 36.74407694], [139.47251611, 36.74414444], [139.47234139, 36.74418389], [139.47212416, 36.74426889], [139.47201723, 36.7443275], [139.4718425, 36.74438972], [139.471765, 36.74442972], [139.47125584, 36.74496778], [139.47119444, 36.7450175], [139.47093583, 36.74519778], [139.47087194, 36.74523667], [139.47070333, 36.74537889], [139.47031778, 36.74568361], [139.47025028, 36.7457275], [139.46988667, 36.74596389], [139.46981917, 36.7459975], [139.46946028, 36.74617806], [139.46931334, 36.74624556], [139.46914555, 36.74640916], [139.46912472, 36.74643972], [139.4690825, 36.74648223], [139.46885889, 36.74673556], [139.46882083, 36.74677528], [139.46878889, 36.74680861], [139.46837667, 36.74716362], [139.46819472, 36.74731], [139.46790112, 36.74753528], [139.46772611, 36.74767611], [139.4673975, 36.74787917], [139.46722278, 36.74796917], [139.46710111, 36.74801028], [139.46701278, 36.74804528], [139.46678916, 36.74809305], [139.46674028, 36.74809305], [139.46657944, 36.74811555], [139.4663975, 36.74811555], [139.46615278, 36.74813805], [139.46593611, 36.74814945], [139.46590112, 36.74816084], [139.46575416, 36.7481775], [139.46541138, 36.74828472], [139.46483805, 36.74851556], [139.46475416, 36.7485325], [139.46446778, 36.74860583], [139.46432167, 36.74864056], [139.46424389, 36.74866194], [139.46405389, 36.74876889], [139.46380667, 36.74894083], [139.46365667, 36.74903945], [139.46353056, 36.74909028], [139.46337694, 36.74912972], [139.46325083, 36.74914667], [139.46293639, 36.74914667], [139.46283139, 36.74915778], [139.46259361, 36.74925917], [139.46250278, 36.7493325], [139.46248166, 36.74938305], [139.46249583, 36.74952944], [139.46253361, 36.74964278], [139.46254167, 36.74976333], [139.46243278, 36.75001944], [139.46242583, 36.75036305], [139.46236972, 36.75061667], [139.46231389, 36.75091583], [139.4622125, 36.7515425], [139.46220195, 36.75182778], [139.46219417, 36.75196444], [139.46218805, 36.75234583], [139.46216695, 36.75236278], [139.46199528, 36.75237778], [139.46191667, 36.75258333], [139.46186222, 36.75275194], [139.46193639, 36.75288111], [139.46177278, 36.75310083], [139.46169611, 36.75320223], [139.46159833, 36.75327556], [139.46135306, 36.75339945], [139.46124111, 36.7534275], [139.46116417, 36.75343889], [139.46115027, 36.75345], [139.46104528, 36.75346695], [139.4608075, 36.75347833], [139.4605625, 36.75346139], [139.46033139, 36.7534275], [139.45990444, 36.75332056], [139.45949833, 36.75320223], [139.45943528, 36.75319083], [139.45918473, 36.75310083], [139.45912528, 36.75308389], [139.45867084, 36.7529375], [139.45816722, 36.75287], [139.45778973, 36.75283027], [139.45737333, 36.75283056], [139.45726528, 36.752785], [139.45704833, 36.75275139], [139.45675472, 36.75268361], [139.45657306, 36.75257111], [139.45653056, 36.75251055], [139.45650416, 36.75245334], [139.45647778, 36.75239611], [139.45642056, 36.75236084], [139.45636306, 36.75231694], [139.45634111, 36.75223778], [139.45631028, 36.752185], [139.45625305, 36.75214972], [139.45618694, 36.75212778], [139.45614305, 36.75208806], [139.45606278, 36.75190055], [139.45585278, 36.75169222], [139.45576195, 36.75156278], [139.45572, 36.75143888], [139.45563611, 36.75137695], [139.45552417, 36.75136], [139.45539139, 36.75135416], [139.45531445, 36.751405], [139.45518167, 36.75154], [139.45495777, 36.75183862], [139.45489472, 36.75188944], [139.45474111, 36.75194], [139.45471305, 36.75194], [139.45448917, 36.75206972], [139.45411166, 36.75227806], [139.45386, 36.75234], [139.45361528, 36.75232889], [139.45343334, 36.75228944], [139.45309778, 36.75217666], [139.45276888, 36.75201889], [139.45230055, 36.75171389], [139.45225139, 36.75172612], [139.45200694, 36.7519175], [139.45193556, 36.7519675], [139.45188973, 36.75198195], [139.45185917, 36.75198611], [139.45186028, 36.7519625], [139.45200694, 36.75183862], [139.4521675, 36.75166417], [139.45222361, 36.75157945], [139.45223055, 36.75148388], [139.45219555, 36.75139361], [139.45209778, 36.75128111], [139.45188111, 36.75106694], [139.45173555, 36.75094805], [139.45170361, 36.75094972], [139.45159973, 36.75089278], [139.45148917, 36.75083222], [139.45146861, 36.75079667], [139.45132167, 36.75064445], [139.45121694, 36.75057111], [139.45116083, 36.75057695], [139.45116083, 36.75070083], [139.45129361, 36.75084722], [139.45131472, 36.75086417], [139.45132861, 36.75093167], [139.45130083, 36.75099361], [139.45119584, 36.751005], [139.45114694, 36.75098806], [139.45109805, 36.7509375], [139.451035, 36.75078527], [139.45104195, 36.75057695], [139.45104889, 36.75049223], [139.45095806, 36.75046972], [139.45060139, 36.75048111], [139.45050361, 36.75052055], [139.45032861, 36.75066139], [139.45012583, 36.75082472], [139.44997194, 36.75096], [139.44974611, 36.7511075], [139.44958278, 36.75125611], [139.44946555, 36.75137472], [139.44929528, 36.75146583], [139.44908388, 36.75158528], [139.44893861, 36.75169556], [139.44884611, 36.75173167], [139.44844056, 36.75185528], [139.44823084, 36.75190612], [139.44802805, 36.75195667], [139.44783889, 36.75195667], [139.44782528, 36.75195667], [139.44767834, 36.75191722], [139.44746861, 36.75181028], [139.44740556, 36.75176528], [139.44705639, 36.75151166], [139.44694444, 36.75146111], [139.44651777, 36.75125806], [139.44645472, 36.75121889], [139.44622416, 36.75111722], [139.44581139, 36.75092027], [139.44567861, 36.75086945], [139.44521722, 36.75072305], [139.44459472, 36.75051473], [139.44425194, 36.75043], [139.44397222, 36.75039639], [139.44384638, 36.75039639], [139.44381862, 36.7504075], [139.44340611, 36.75044694], [139.44332917, 36.75044694], [139.44313333, 36.75048083], [139.44304944, 36.75049194], [139.44293778, 36.75054278], [139.44290972, 36.75054833], [139.44270139, 36.75066223], [139.44260583, 36.75072695], [139.44242028, 36.7508525], [139.44230028, 36.75093305], [139.44224694, 36.75096361], [139.44221028, 36.75098777], [139.44215445, 36.75102167], [139.44207055, 36.75112861], [139.44189555, 36.75140473], [139.44172778, 36.7516075], [139.44163, 36.75165806], [139.44153917, 36.75168056], [139.44135722, 36.751675], [139.44128722, 36.75164695], [139.44125222, 36.75161861], [139.44090972, 36.75146111], [139.44072083, 36.75142723], [139.44039917, 36.75144416], [139.43995166, 36.75150056], [139.43985361, 36.75151723], [139.43959527, 36.75159611], [139.43936444, 36.75162445], [139.43910584, 36.75168028], [139.43862334, 36.7518775], [139.43829444, 36.75198472], [139.43814806, 36.75206944], [139.43801751, 36.75220806], [139.43790806, 36.7523425], [139.43782611, 36.75241277], [139.43781194, 36.75243527], [139.43763027, 36.75259306], [139.4374625, 36.75286917], [139.43743777, 36.75289389], [139.43739945, 36.75292528], [139.4372875, 36.75297055], [139.43717, 36.75305972], [139.437115, 36.7531], [139.43699334, 36.75315083], [139.43685333, 36.75317889], [139.43663639, 36.75320695], [139.43624416, 36.75319583], [139.43587278, 36.7531], [139.43581194, 36.753055], [139.43579806, 36.7530325], [139.43558861, 36.75286917], [139.43550472, 36.75277333], [139.43537167, 36.7525875], [139.43523195, 36.75243527], [139.43516889, 36.7523225], [139.43516889, 36.75217612], [139.43539277, 36.75188333], [139.43539277, 36.75178195], [139.43534389, 36.75172556], [139.43519, 36.75164666], [139.43481222, 36.75148333], [139.43461667, 36.75150028], [139.43456639, 36.75152694], [139.43442777, 36.75156778], [139.43428083, 36.75159583], [139.43413389, 36.75159583], [139.43362361, 36.75144944], [139.43339277, 36.75140444], [139.43290361, 36.75139306], [139.43233, 36.75125222], [139.43219722, 36.75118472], [139.43208528, 36.75108333], [139.43189639, 36.75081861], [139.43178472, 36.75072278], [139.43167277, 36.75066083], [139.43156083, 36.75064389], [139.43147, 36.75067778], [139.43126028, 36.75079028], [139.43120417, 36.75083528], [139.43102945, 36.75108889], [139.43098055, 36.75125778], [139.43086861, 36.75169722], [139.43076361, 36.75181], [139.43061694, 36.75191695], [139.43019056, 36.75223222], [139.43002278, 36.7523675], [139.42994916, 36.75244389], [139.4298425, 36.75248083], [139.42944917, 36.75264917], [139.42923944, 36.75277306], [139.4290925, 36.7528575], [139.42879195, 36.75295889], [139.42858222, 36.75306583], [139.42853222, 36.75309973], [139.42840444, 36.75317861], [139.42824362, 36.75324055], [139.42814556, 36.75331945], [139.42811056, 36.75331945], [139.4280475, 36.75329139], [139.42778861, 36.75324055], [139.42750166, 36.75318417], [139.42736889, 36.75312223], [139.42733861, 36.75309973], [139.42733055, 36.75297028], [139.42735167, 36.75290806], [139.42735861, 36.75280111], [139.42730972, 36.75274472], [139.427065, 36.75268861], [139.42656833, 36.75264917], [139.42642861, 36.75261527], [139.42630277, 36.75254194], [139.42621722, 36.75250111], [139.4261, 36.75242944], [139.42601584, 36.75240112], [139.42593194, 36.75236167], [139.4256175, 36.75233362], [139.42543556, 36.75231112], [139.42532389, 36.75227167], [139.425275, 36.75222083], [139.42512805, 36.75187166], [139.42500917, 36.75178166], [139.42496028, 36.75177028], [139.42477861, 36.75168583], [139.42453361, 36.75131972], [139.42443583, 36.75111111], [139.42440778, 36.75100973], [139.42442195, 36.75085805], [139.42459667, 36.75038472], [139.42463777, 36.75036472], [139.42463777, 36.75032417], [139.42462944, 36.75026445], [139.42464722, 36.75022028], [139.42468778, 36.75017139], [139.42469139, 36.75012139], [139.42467, 36.75007139], [139.42462806, 36.75003667], [139.42458277, 36.75000695], [139.42448639, 36.74985361], [139.42448695, 36.74982472], [139.42451195, 36.74980445], [139.42453833, 36.74977834], [139.42453833, 36.74975444], [139.42451917, 36.74973305], [139.42448584, 36.74971139], [139.42440945, 36.74968889], [139.42433306, 36.74966388], [139.42423111, 36.7496425], [139.42405389, 36.74960917], [139.42377694, 36.74953195], [139.42352667, 36.74939333], [139.42335917, 36.74930889], [139.42316333, 36.74920167], [139.42281361, 36.74903278], [139.42270222, 36.74897639], [139.42258805, 36.74892472], [139.42244305, 36.7488525], [139.42230333, 36.74873417], [139.42226833, 36.74859889], [139.42223333, 36.74818777], [139.42214945, 36.74761333], [139.42214945, 36.74754583], [139.42212833, 36.74750638], [139.42208639, 36.74743306], [139.4220375, 36.74737111], [139.42205139, 36.74729806], [139.4221075, 36.74705], [139.42217028, 36.74639111], [139.42228917, 36.74606417], [139.42233111, 36.74593472], [139.42232417, 36.74522528], [139.42229611, 36.74512388], [139.42220528, 36.74487028], [139.4221075, 36.74474639], [139.42203056, 36.74470139], [139.42196056, 36.74469556], [139.42191167, 36.74470694], [139.42172222, 36.74480861], [139.42169889, 36.74477056], [139.42167389, 36.74472944], [139.42169222, 36.74468889], [139.42169917, 36.74446777], [139.42164528, 36.74433389], [139.42148528, 36.74407611], [139.42146583, 36.74385223], [139.421445, 36.7436675], [139.42141056, 36.74355583]], [[139.43877805, 36.82358111], [139.43867306, 36.82347389], [139.43849111, 36.82342333], [139.43846805, 36.82340861], [139.43838611, 36.82335583], [139.43826722, 36.82322056], [139.43821112, 36.82317556], [139.43781194, 36.82302889], [139.43760195, 36.82302889], [139.43722389, 36.82313027], [139.43721694, 36.82314167], [139.436895, 36.82322611], [139.43671305, 36.82332194], [139.43664305, 36.82338389], [139.43662194, 36.82342889], [139.43648194, 36.82371055], [139.43634889, 36.82392472], [139.43608305, 36.82400917], [139.43590083, 36.82420083], [139.43583083, 36.82425723], [139.43569084, 36.82434166], [139.43562084, 36.82436416], [139.43551583, 36.82436416], [139.43540417, 36.82434166], [139.43527111, 36.82433583], [139.43520111, 36.82435861], [139.43471111, 36.82457833], [139.43403917, 36.82489362], [139.43368195, 36.82542306], [139.43362612, 36.82545111], [139.43340195, 36.82547944], [139.43333917, 36.82551306], [139.43317361, 36.82562723], [139.43273611, 36.82562944], [139.43268111, 36.82558639], [139.43265306, 36.82551306], [139.432555, 36.82525972], [139.43245695, 36.82509055], [139.43240805, 36.82505667], [139.43228889, 36.82504555], [139.43221889, 36.82500055], [139.43231, 36.82491028], [139.43233111, 36.82487083], [139.43233111, 36.82481445], [139.43231, 36.824775], [139.43225389, 36.82472445], [139.43200194, 36.82460611], [139.43186222, 36.82444861], [139.43179917, 36.82440916], [139.43152611, 36.82439806], [139.43147027, 36.82438111], [139.43146334, 36.82432528], [139.43149834, 36.82429083], [139.43163111, 36.82422889], [139.43164528, 36.82420639], [139.43165916, 36.82414444], [139.43163111, 36.82409361], [139.43162416, 36.82400917], [139.43164528, 36.82397527], [139.43179917, 36.82386277], [139.43184833, 36.82378945], [139.43189722, 36.82365417], [139.43193223, 36.82362055], [139.43203028, 36.82356417], [139.43219139, 36.82350778], [139.43219695, 36.82350694], [139.43239417, 36.82347973], [139.43256889, 36.82347389], [139.43288389, 36.82349083], [139.43385, 36.82356417], [139.43445222, 36.82355278], [139.43513111, 36.82348528], [139.43620889, 36.82323167], [139.43659389, 36.82313611], [139.43728, 36.82298389], [139.43763695, 36.82289944], [139.438015, 36.822815], [139.438435, 36.82270805], [139.43889, 36.82259555], [139.43893528, 36.82258945], [139.43901139, 36.82258945], [139.43907222, 36.82258861], [139.43914222, 36.82259555], [139.43977195, 36.82274194], [139.440465, 36.82295], [139.44058389, 36.82302334], [139.44068195, 36.82313611], [139.44068888, 36.82318667], [139.44065389, 36.8232825], [139.44051389, 36.82333889], [139.44041583, 36.82340083], [139.44037388, 36.82344583], [139.44036695, 36.82351917], [139.44033889, 36.82361473], [139.44022694, 36.82369361], [139.44010805, 36.82371639], [139.439555, 36.82371639], [139.43945695, 36.8237275], [139.43903694, 36.82387972], [139.43891083, 36.82388527], [139.43883417, 36.823795], [139.43882722, 36.82369945], [139.43877805, 36.82358111]], [[139.42563278, 36.800525], [139.42556972, 36.80048556], [139.42538778, 36.8005025], [139.425325, 36.80053083], [139.42521277, 36.80058138], [139.42512167, 36.80065445], [139.42511472, 36.80067138], [139.42505166, 36.80071638], [139.42498861, 36.80079528], [139.42492555, 36.800925], [139.42488362, 36.80115584], [139.42482056, 36.80134167], [139.4246525, 36.80194472], [139.42463861, 36.80210222], [139.42463167, 36.80269916], [139.42466667, 36.80293583], [139.42469472, 36.80300917], [139.42478556, 36.803105], [139.4248625, 36.80311612], [139.42495361, 36.803105], [139.42510056, 36.80302612], [139.42542972, 36.80271611], [139.42550667, 36.80267111], [139.42562556, 36.80267666], [139.42566778, 36.80269916], [139.42566778, 36.80278945], [139.42549277, 36.80302612], [139.42546472, 36.80306555], [139.42547167, 36.80320055], [139.42551362, 36.8032625], [139.42561166, 36.80332444], [139.42565361, 36.80336389], [139.42569556, 36.80343722], [139.42568166, 36.80353306], [139.42568166, 36.8035725], [139.42575167, 36.80376973], [139.42582167, 36.80383723], [139.42582167, 36.80385416], [139.42591973, 36.80404], [139.42599666, 36.80411889], [139.42612972, 36.80422028], [139.42622083, 36.80433306], [139.42617167, 36.80449083], [139.42605278, 36.80469889], [139.42599666, 36.80471584], [139.42589861, 36.80471028], [139.42566056, 36.80463139], [139.42560472, 36.80460889], [139.42555555, 36.8045525], [139.42552778, 36.80448472], [139.42545778, 36.80444528], [139.42527556, 36.80442861], [139.42522667, 36.80440056], [139.42514278, 36.80429361], [139.42508666, 36.80425972], [139.42496055, 36.80424861], [139.42491167, 36.80423722], [139.4247225, 36.80416389], [139.4242675, 36.80404], [139.42412056, 36.8039725], [139.42400167, 36.80389916], [139.42387556, 36.80379778], [139.42365862, 36.8035275], [139.42356056, 36.80338084], [139.42350444, 36.80331889], [139.42325972, 36.80311055], [139.42313222, 36.80303889], [139.42311972, 36.80303167], [139.42305667, 36.80301472], [139.42265083, 36.80296388], [139.42240584, 36.80287945], [139.42223083, 36.802795], [139.42213277, 36.80277806], [139.42183862, 36.80276111], [139.42176861, 36.80275], [139.42160055, 36.80269361], [139.42111778, 36.80235556], [139.42097778, 36.80227111], [139.42083056, 36.80222028], [139.42065555, 36.80219222], [139.42050861, 36.80213028], [139.42036167, 36.80201195], [139.420285, 36.80188223], [139.42027084, 36.80179778], [139.420285, 36.80165694], [139.42030584, 36.80161194], [139.42058555, 36.80146], [139.42087972, 36.80137], [139.42161472, 36.80115584], [139.42176639, 36.80112361], [139.42198583, 36.80107694], [139.42213972, 36.80095305], [139.42213972, 36.80094194], [139.42218167, 36.80089667], [139.42223778, 36.80076722], [139.42223083, 36.80062056], [139.42214667, 36.80041778], [139.42206278, 36.8002375], [139.42201361, 36.80006306], [139.42194361, 36.79974195], [139.42194361, 36.79930833], [139.42202083, 36.79917306], [139.42206278, 36.7991225], [139.42274167, 36.7988125], [139.42297278, 36.79872805], [139.42314778, 36.79863222], [139.42356778, 36.79844638], [139.42367972, 36.79836195], [139.42376389, 36.79824916], [139.42384083, 36.79810278], [139.42395277, 36.79773639], [139.42403695, 36.79742666], [139.42410695, 36.79731416], [139.42426084, 36.79714528], [139.42445, 36.79697639], [139.42466695, 36.79683527], [139.4248275, 36.79676222], [139.42495361, 36.79667777], [139.42517055, 36.79659889], [139.42542278, 36.79652555], [139.42563278, 36.79648055], [139.42572361, 36.79646917], [139.42615778, 36.79647472], [139.42623473, 36.79649167], [139.42645861, 36.79653694], [139.42655666, 36.79657639], [139.42659861, 36.79660444], [139.42661278, 36.79669444], [139.42668972, 36.79675084], [139.42686473, 36.79673972], [139.42717973, 36.79668334], [139.42736889, 36.79660444], [139.42742472, 36.7965875], [139.42750889, 36.7966325], [139.42761389, 36.79671139], [139.42776778, 36.79670584], [139.42778888, 36.79669444], [139.42803389, 36.79664944], [139.42812444, 36.79662139], [139.42817361, 36.79659305], [139.42836944, 36.79635667], [139.4283975, 36.79659305], [139.42847444, 36.79676777], [139.4285375, 36.79688611], [139.42866361, 36.79704944], [139.42871973, 36.79711723], [139.42887362, 36.797365], [139.4289225, 36.79747778], [139.42890861, 36.79757917], [139.42885972, 36.79769167], [139.42838361, 36.79842388], [139.42835556, 36.79850833], [139.42835556, 36.79863222], [139.42833445, 36.79875055], [139.42829945, 36.79881805], [139.4282575, 36.7988575], [139.4281175, 36.79889694], [139.4280125, 36.79893639], [139.42780944, 36.79900417], [139.42769778, 36.79906611], [139.42762084, 36.79916194], [139.42761389, 36.79970278], [139.42758584, 36.79976472], [139.42747388, 36.79988306], [139.42743167, 36.79995611], [139.42739667, 36.80020944], [139.42732667, 36.80031639], [139.42730584, 36.80033889], [139.42715888, 36.80041222], [139.42703972, 36.80049666], [139.42698389, 36.80058138], [139.42696972, 36.80071638], [139.42686473, 36.80095861], [139.42686473, 36.80114472], [139.42687889, 36.80120084], [139.42687889, 36.80134167], [139.42678083, 36.80149944], [139.42673167, 36.80155028], [139.42656361, 36.80160083], [139.42638167, 36.80158973], [139.42626973, 36.80157278], [139.42614361, 36.80156723], [139.42601083, 36.80156139], [139.42596166, 36.80154473], [139.42589167, 36.80146583], [139.42587778, 36.80140389], [139.42581472, 36.80131361], [139.42568861, 36.80120667], [139.42565361, 36.80109944], [139.42565361, 36.80097555], [139.42568861, 36.80087972], [139.42570278, 36.80063195], [139.42567473, 36.80056445], [139.42563278, 36.800525]], [[139.42519833, 36.81270917], [139.4249675, 36.81268667], [139.42487667, 36.81264723], [139.4247225, 36.81255139], [139.42470166, 36.81252889], [139.42463167, 36.81250083], [139.42401555, 36.81252889], [139.42381944, 36.81256278], [139.4237775, 36.81257973], [139.42371445, 36.81256278], [139.42355361, 36.81244444], [139.42341361, 36.81233167], [139.42337138, 36.81228667], [139.42336695, 36.81225722], [139.423365, 36.81223611], [139.42337138, 36.81219084], [139.42339139, 36.81215389], [139.42342055, 36.8121175], [139.42345305, 36.81209111], [139.42349056, 36.8120725], [139.42360944, 36.81203889], [139.42386166, 36.81198805], [139.4239525, 36.81195417], [139.42413444, 36.81190917], [139.42418889, 36.81190417], [139.42422306, 36.81190417], [139.42424667, 36.81190917], [139.4242675, 36.81192055], [139.42428639, 36.81193944], [139.42429611, 36.81195528], [139.4243025, 36.81197667], [139.42432361, 36.81206694], [139.42433972, 36.81208834], [139.42435944, 36.81211139], [139.42437583, 36.81212778], [139.42440056, 36.81214027], [139.42443195, 36.81214472], [139.424465, 36.81215778], [139.42448861, 36.81218028], [139.42452667, 36.81221334], [139.42460362, 36.81230361], [139.42472973, 36.8123825], [139.42504473, 36.81243889], [139.42514278, 36.81248944], [139.42522555, 36.81255667], [139.42526195, 36.81259945], [139.42528139, 36.81262583], [139.4252975, 36.81264777], [139.42531, 36.81266778], [139.42531473, 36.81268111], [139.42531056, 36.81268778], [139.42529528, 36.81270056], [139.42526833, 36.81270917], [139.42519833, 36.81270917]], [[139.39892806, 36.74492], [139.39879528, 36.74495945], [139.39873917, 36.744965], [139.39811028, 36.74516778], [139.39790028, 36.74523528], [139.39767666, 36.74532555], [139.39751584, 36.745365], [139.397425, 36.74537055], [139.39732, 36.74539305], [139.39700527, 36.74539861], [139.3968725, 36.74537611], [139.39660667, 36.74529722], [139.39644583, 36.74528611], [139.39636195, 36.74527472], [139.396285, 36.74522972], [139.39632695, 36.74517917], [139.39659278, 36.74511139], [139.39666973, 36.74506083], [139.3966975, 36.74500445], [139.39670473, 36.74492555], [139.39660667, 36.74477333], [139.39631305, 36.74453694], [139.39613806, 36.74445806], [139.39606833, 36.74445222], [139.39604027, 36.74446917], [139.3959075, 36.74460444], [139.3958375, 36.74460444], [139.3958025, 36.74457639], [139.39577444, 36.74452556], [139.39577444, 36.74439611], [139.3958025, 36.74426639], [139.39594944, 36.74414805], [139.39608222, 36.74408611], [139.39618723, 36.7440525], [139.39620111, 36.74403555], [139.39620111, 36.74391167], [139.39625, 36.74381583], [139.39624306, 36.74378195], [139.39614528, 36.74373139], [139.39571889, 36.74372], [139.395635, 36.743675], [139.39562805, 36.74361306], [139.39566305, 36.74356778], [139.39576778, 36.74350028], [139.39580277, 36.74350028], [139.39593528, 36.74345528], [139.39600527, 36.74344389], [139.39629195, 36.74335944], [139.396355, 36.74330305], [139.39646694, 36.74301028], [139.39646694, 36.74289195], [139.39641778, 36.7428075], [139.39634112, 36.74275666], [139.39623611, 36.74272861], [139.39618028, 36.74270028], [139.39613139, 36.74268916], [139.39607555, 36.74262139], [139.3960825, 36.74255389], [139.39618278, 36.7425175], [139.39624194, 36.74245722], [139.39625194, 36.74237305], [139.39620278, 36.74235806], [139.39600694, 36.74233917], [139.39569916, 36.74232778], [139.39555055, 36.74234944], [139.39544417, 36.74232112], [139.39546, 36.74224444], [139.39562805, 36.74215417], [139.39571805, 36.74214417], [139.39583084, 36.74213167], [139.39592861, 36.74206972], [139.39595666, 36.74199084], [139.39597056, 36.74187834], [139.39588667, 36.74171472], [139.39583084, 36.74156833], [139.39582389, 36.74147833], [139.39587972, 36.74138806], [139.39598473, 36.74135416], [139.39612445, 36.74134861], [139.39643222, 36.74134861], [139.39710333, 36.74146695], [139.39734805, 36.74146695], [139.39743194, 36.74145], [139.39757167, 36.74136556], [139.39769749, 36.74121916], [139.3978375, 36.74101055], [139.39785833, 36.74093167], [139.39775361, 36.74055445], [139.3977325, 36.74037973], [139.3977675, 36.74023333], [139.39783055, 36.74016556], [139.39799834, 36.74008111], [139.39818, 36.74003056], [139.39838305, 36.74001944], [139.39848084, 36.74005333], [139.39859972, 36.74014916], [139.39880945, 36.74052055], [139.39885138, 36.74057695], [139.39901222, 36.74072889], [139.39911028, 36.74082472], [139.399285, 36.74097111], [139.39949472, 36.74118528], [139.39972527, 36.74161917], [139.39992806, 36.74186695], [139.40017278, 36.74210361], [139.40034778, 36.74227806], [139.40057833, 36.74263305], [139.40073222, 36.74298222], [139.40074639, 36.74352306], [139.40083722, 36.74369222], [139.40101195, 36.74384972], [139.40120084, 36.74400194], [139.40122862, 36.74404695], [139.40122862, 36.74411472], [139.40118222, 36.74415444], [139.40113083, 36.74418222], [139.40106112, 36.74419361], [139.40082333, 36.74417667], [139.40020084, 36.74404139], [139.40004695, 36.74403584], [139.39996306, 36.74405834], [139.39990723, 36.74409222], [139.39973222, 36.74414834], [139.39967639, 36.74418222], [139.39959945, 36.74427806], [139.39950167, 36.74445833], [139.39937556, 36.74461001], [139.39924277, 36.74473389], [139.39906805, 36.74484666], [139.39892806, 36.74492]]], [[[139.6947775, 36.92861917], [139.69483361, 36.92866972], [139.69496, 36.92871472], [139.69501639, 36.92876917], [139.69503001, 36.9287825], [139.69510028, 36.9288725], [139.69515639, 36.92891778], [139.69524055, 36.92894028], [139.69538778, 36.92881056], [139.69549306, 36.92865278], [139.69557028, 36.92842195], [139.69556333, 36.92818528], [139.69553528, 36.92813444], [139.69549888, 36.92815611], [139.69513527, 36.92837111], [139.69496694, 36.92843305], [139.69493195, 36.92844445], [139.69479861, 36.92855139], [139.6947775, 36.92860222], [139.6947775, 36.92861917]]], [[[139.69084833, 36.90563111], [139.69065194, 36.9056425], [139.69058889, 36.90569305], [139.69060306, 36.90576055], [139.690645, 36.90581695], [139.69070806, 36.90585084], [139.69088333, 36.90585084], [139.69094639, 36.90586194], [139.69098139, 36.90585084], [139.69099555, 36.90582833], [139.69090445, 36.905665], [139.69084833, 36.90563111]]], [[[139.466965, 36.73000861], [139.46699584, 36.730025], [139.46705528, 36.73004695], [139.46710222, 36.73005611], [139.46715833, 36.73005916], [139.46720222, 36.73005306], [139.46724889, 36.73004056], [139.46727722, 36.73002194], [139.4672925, 36.72998306], [139.46728639, 36.72993445], [139.46726473, 36.7299], [139.46724278, 36.72986889], [139.46721777, 36.72985334], [139.46712389, 36.72985027], [139.46706167, 36.72985334], [139.46700222, 36.72987194], [139.46696167, 36.7299], [139.46693333, 36.72993445], [139.46693306, 36.72995972], [139.46694806, 36.72998722], [139.466965, 36.73000861]]]]}, "properties": {"N03_001": "栃木県", "N03_002": null, "N03_003": null, "N03_004": "日光市", "N03_005": null, "N03_007": "09206"}}, {"type": "Feature", "geometry": {"type": "Polygon", "coordinates": [[[139.695423, 36.223315], [139.692099, 36.225873], [139.689566, 36.23273], [139.690294, 36.237885], [139.699693, 36.244203], [139.699713, 36.250591], [139.697163, 36.251737], [139.700104, 36.259307], [139.704023, 36.257518], [139.709639, 36.263783], [139.715058, 36.262414], [139.716923, 36.258547], [139.722859, 36.262275], [139.726349, 36.268363], [139.721563, 36.274101], [139.725373, 36.279855], [139.727984, 36.286757], [139.732727, 36.292883], [139.725472, 36.296473], [139.724425, 36.30921], [139.733301, 36.311826], [139.732988, 36.317335], [139.730494, 36.323466], [139.733568, 36.329718], [139.737808, 36.326677], [139.746603, 36.32641], [139.743035, 36.335497], [139.745254, 36.338489], [139.744723, 36.347056], [139.753487, 36.346652], [139.754894, 36.353835], [139.761577, 36.355341], [139.765564, 36.353092], [139.767709, 36.367096], [139.773684, 36.370346], [139.779193, 36.375956], [139.790706, 36.375817], [139.796284, 36.376829], [139.79555, 36.384778], [139.797188, 36.388757], [139.803526, 36.38697], [139.804045, 36.380531], [139.811723, 36.37742], [139.811955, 36.374003], [139.824706, 36.373031], [139.840776, 36.368121], [139.842738, 36.365066], [139.842725, 36.351782], [139.84849, 36.351869], [139.854762, 36.358256], [139.859914, 36.355366], [139.869406, 36.360088], [139.869885, 36.355069], [139.872699, 36.350404], [139.882453, 36.351538], [139.888869, 36.356006], [139.890219, 36.364695], [139.899118, 36.364505], [139.906896, 36.358663], [139.912313, 36.362282], [139.907408, 36.356513], [139.909245, 36.352219], [139.914508, 36.347821], [139.91009, 36.337346], [139.913027, 36.334984], [139.911673, 36.332645], [139.912556, 36.325042], [139.910309, 36.309818], [139.914777, 36.307857], [139.910754, 36.301201], [139.904266, 36.297926], [139.894289, 36.301934], [139.899054, 36.306308], [139.896642, 36.309754], [139.891676, 36.309086], [139.887215, 36.311503], [139.88185, 36.309779], [139.87852, 36.314009], [139.882414, 36.319713], [139.881439, 36.322633], [139.874671, 36.323164], [139.872478, 36.315079], [139.862597, 36.313079], [139.856873, 36.310487], [139.849953, 36.311789], [139.839537, 36.300231], [139.835211, 36.291803], [139.841733, 36.27733], [139.835954, 36.271437], [139.831861, 36.265062], [139.826821, 36.247566], [139.821807, 36.23977], [139.7857, 36.227797], [139.788138, 36.234868], [139.783942, 36.242033], [139.78597, 36.255014], [139.779116, 36.253829], [139.774263, 36.247558], [139.774173, 36.241184], [139.765032, 36.241178], [139.765688, 36.244529], [139.758786, 36.247691], [139.757154, 36.244949], [139.745415, 36.245196], [139.737699, 36.248352], [139.737867, 36.252398], [139.745325, 36.258265], [139.744048, 36.261036], [139.736021, 36.261073], [139.732254, 36.263085], [139.725569, 36.25756], [139.729384, 36.253597], [139.727784, 36.247903], [139.720651, 36.244826], [139.720659, 36.241816], [139.714759, 36.240523], [139.707485, 36.235903], [139.710012, 36.233176], [139.703251, 36.225869], [139.702134, 36.231152], [139.697055, 36.230129], [139.695423, 36.223315]]]}, "properties": {"N03_001": "栃木県", "N03_002": null, "N03_003": null, "N03_004": "小山市", "N03_005": null, "N03_007": "09208"}}, {"type": "Feature", "geometry": {"type": "Polygon", "coordinates": [[[139.96305, 36.471828], [139.963281, 36.480886], [139.966622, 36.490515], [139.962481, 36.496587], [139.9678, 36.49782], [139.972367, 36.503068], [139.987246, 36.504386], [139.997105, 36.502615], [140.000413, 36.496782], [140.003761, 36.490064], [140.02651, 36.488499], [140.028591, 36.490155], [140.03624, 36.489474], [140.040187, 36.496536], [140.044963, 36.499686], [140.046909, 36.509178], [140.049395, 36.509831], [140.052261, 36.503144], [140.052049, 36.49578], [140.047375, 36.496141], [140.046417, 36.489446], [140.056134, 36.487825], [140.057018, 36.496195], [140.063645, 36.49832], [140.072151, 36.492599], [140.072263, 36.48626], [140.069656, 36.480255], [140.071268, 36.474694], [140.067824, 36.471051], [140.06986, 36.466109], [140.068136, 36.458376], [140.070247, 36.453946], [140.06633, 36.442283], [140.069209, 36.437583], [140.065442, 36.429431], [140.069997, 36.42199], [140.063106, 36.412448], [140.066504, 36.403813], [140.065196, 36.39687], [140.06914, 36.389032], [140.063612, 36.382058], [140.048166, 36.375583], [140.03979, 36.375005], [140.03552, 36.377764], [140.026162, 36.375428], [140.012785, 36.376416], [140.009042, 36.375087], [140.000432, 36.376633], [140.003853, 36.370602], [140.001565, 36.368065], [139.99131, 36.36949], [139.989929, 36.367208], [139.979244, 36.369766], [139.97457, 36.374544], [139.965285, 36.367479], [139.965734, 36.36021], [139.964501, 36.350942], [139.946167, 36.349187], [139.943781, 36.346851], [139.93514, 36.343495], [139.922654, 36.341582], [139.913027, 36.334984], [139.91009, 36.337346], [139.914508, 36.347821], [139.909245, 36.352219], [139.907408, 36.356513], [139.912313, 36.362282], [139.915364, 36.366107], [139.918999, 36.375438], [139.918062, 36.379965], [139.922201, 36.389058], [139.922291, 36.394632], [139.926712, 36.402178], [139.931072, 36.401845], [139.933763, 36.415061], [139.932586, 36.418959], [139.933807, 36.427091], [139.937302, 36.434072], [139.947793, 36.450915], [139.949038, 36.455102], [139.95434, 36.453851], [139.959039, 36.457427], [139.961695, 36.462173], [139.960911, 36.46583], [139.96305, 36.471828]]]}, "properties": {"N03_001": "栃木県", "N03_002": null, "N03_003": null, "N03_004": "真岡市", "N03_005": null, "N03_007": "09209"}}, {"type": "Feature", "geometry": {"type": "Polygon", "coordinates": [[[140.253815, 36.783655], [140.244301, 36.788616], [140.244578, 36.791548], [140.233264, 36.802113], [140.227906, 36.81709], [140.23055, 36.821595], [140.228691, 36.824245], [140.231952, 36.828198], [140.230852, 36.837636], [140.221797, 36.838587], [140.217071, 36.842842], [140.204126, 36.836945], [140.204509, 36.833621], [140.197882, 36.825029], [140.191737, 36.823696], [140.187096, 36.819878], [140.179612, 36.827172], [140.174223, 36.827544], [140.171006, 36.822932], [140.170422, 36.81586], [140.165485, 36.814137], [140.163545, 36.806047], [140.158852, 36.800943], [140.151876, 36.800558], [140.147897, 36.793302], [140.139989, 36.788647], [140.136918, 36.784654], [140.115629, 36.784694], [140.112156, 36.789131], [140.10127, 36.794515], [140.092027, 36.797558], [140.080693, 36.796362], [140.078318, 36.790713], [140.083297, 36.787959], [140.077816, 36.784204], [140.072841, 36.786374], [140.064707, 36.785734], [140.056643, 36.78349], [140.048743, 36.787592], [140.045279, 36.783586], [140.046554, 36.774445], [140.03854, 36.772596], [140.037988, 36.76802], [140.02015, 36.777854], [140.019804, 36.783188], [140.00951, 36.783854], [140.003161, 36.788118], [140.00081, 36.793755], [139.994211, 36.79748], [139.992964, 36.802405], [139.992123, 36.805922], [139.987653, 36.809378], [139.987203, 36.815604], [139.970459, 36.820701], [139.965149, 36.823804], [139.957482, 36.831108], [139.940447, 36.840029], [139.933589, 36.851302], [139.927479, 36.856703], [139.921685, 36.870927], [139.935044, 36.876022], [139.942502, 36.877918], [139.954861, 36.862589], [139.955457, 36.859043], [139.966273, 36.846195], [139.961161, 36.843771], [139.966102, 36.838106], [139.974295, 36.838336], [139.982621, 36.836905], [139.991044, 36.844119], [139.996645, 36.847075], [139.992556, 36.854015], [139.996245, 36.864495], [140.001903, 36.867127], [140.008948, 36.866954], [140.00613, 36.877555], [140.010594, 36.876148], [140.02011, 36.881221], [140.012029, 36.890639], [140.005164, 36.896191], [140.01021, 36.901], [140.021394, 36.906151], [140.028693, 36.905356], [140.034033, 36.91103], [140.031894, 36.915136], [140.03677, 36.919663], [140.032617, 36.921205], [140.03663, 36.926979], [140.04444, 36.933451], [140.05157, 36.92471], [140.062107, 36.93155], [140.070536, 36.922403], [140.073595, 36.923474], [140.092949, 36.92312], [140.103035, 36.930415], [140.10325, 36.938398], [140.108332, 36.934756], [140.111496, 36.931975], [140.112192, 36.926623], [140.126552, 36.915407], [140.13067, 36.922876], [140.134693, 36.924378], [140.135227, 36.934652], [140.144425, 36.938031], [140.153559, 36.932091], [140.160554, 36.935056], [140.158884, 36.943991], [140.168429, 36.946268], [140.184247, 36.94835], [140.185394, 36.945381], [140.195657, 36.944438], [140.202143, 36.946572], [140.213597, 36.945404], [140.224443, 36.941769], [140.228492, 36.937979], [140.234558, 36.941993], [140.243037, 36.943486], [140.25351, 36.941235], [140.255336, 36.938365], [140.261737, 36.937527], [140.264257, 36.933315], [140.257773, 36.932679], [140.253467, 36.929693], [140.248385, 36.921315], [140.250103, 36.917286], [140.248718, 36.90886], [140.254281, 36.891142], [140.252879, 36.885659], [140.254274, 36.877007], [140.256715, 36.8731], [140.254175, 36.869275], [140.254307, 36.860081], [140.251536, 36.852457], [140.256682, 36.848096], [140.254989, 36.841914], [140.257205, 36.838336], [140.261484, 36.837892], [140.262256, 36.832896], [140.265692, 36.828978], [140.266616, 36.813109], [140.263713, 36.811291], [140.264604, 36.804134], [140.267038, 36.799522], [140.264536, 36.794562], [140.266442, 36.791059], [140.26161, 36.786558], [140.253815, 36.783655]]]}, "properties": {"N03_001": "栃木県", "N03_002": null, "N03_003": null, "N03_004": "大田原市", "N03_005": null, "N03_007": "09210"}}, {"type": "Feature", "geometry": {"type": "Polygon", "coordinates": [[[139.921685, 36.870927], [139.927479, 36.856703], [139.933589, 36.851302], [139.940447, 36.840029], [139.957482, 36.831108], [139.965149, 36.823804], [139.970459, 36.820701], [139.987203, 36.815604], [139.987653, 36.809378], [139.992123, 36.805922], [139.992964, 36.802405], [139.984959, 36.801386], [139.9801, 36.793097], [139.981379, 36.790934], [139.975126, 36.781681], [139.979965, 36.777608], [139.984262, 36.770372], [139.981428, 36.766541], [139.974181, 36.762981], [139.969277, 36.758365], [139.972284, 36.753439], [139.961842, 36.747968], [139.967281, 36.742621], [139.964219, 36.729105], [139.95181, 36.728752], [139.938583, 36.726918], [139.930455, 36.728079], [139.926616, 36.73097], [139.917072, 36.73354], [139.914908, 36.737895], [139.916462, 36.744772], [139.904661, 36.755328], [139.901651, 36.766982], [139.888105, 36.771311], [139.886793, 36.777219], [139.879803, 36.776359], [139.875452, 36.779649], [139.873502, 36.784016], [139.868431, 36.788107], [139.874318, 36.798098], [139.878403, 36.799024], [139.87517, 36.807782], [139.872522, 36.807051], [139.867147, 36.813793], [139.862583, 36.816193], [139.862763, 36.820523], [139.857437, 36.826229], [139.85224, 36.828026], [139.84971, 36.834481], [139.851036, 36.841312], [139.845195, 36.842084], [139.841084, 36.845071], [139.830166, 36.846981], [139.830639, 36.850815], [139.827446, 36.855447], [139.820883, 36.860266], [139.818903, 36.863538], [139.809079, 36.870588], [139.804958, 36.87693], [139.806642, 36.88034], [139.80231, 36.88394], [139.802603, 36.888069], [139.796271, 36.890682], [139.79192, 36.895426], [139.791908, 36.898544], [139.786508, 36.902506], [139.78842, 36.906394], [139.795418, 36.906549], [139.797741, 36.909744], [139.802726, 36.909181], [139.8099, 36.917809], [139.817186, 36.921466], [139.822495, 36.921671], [139.82621, 36.92558], [139.836867, 36.927533], [139.846001, 36.922106], [139.848915, 36.910156], [139.858227, 36.904015], [139.87371, 36.899156], [139.874452, 36.897041], [139.892139, 36.887548], [139.909658, 36.883123], [139.912755, 36.875391], [139.920477, 36.873729], [139.921685, 36.870927]]]}, "properties": {"N03_001": "栃木県", "N03_002": null, "N03_003": null, "N03_004": "矢板市", "N03_005": null, "N03_007": "09211"}}, {"type": "Feature", "geometry": {"type": "MultiPolygon", "coordinates": [[[[139.769468, 36.906833], [139.771786, 36.92067], [139.748059, 36.936999], [139.742843, 36.943008], [139.7451, 36.948333], [139.737241, 36.949291], [139.737954, 36.952594], [139.746852, 36.96281], [139.744366, 36.966651], [139.743772, 36.973608], [139.747338, 36.978099], [139.745861, 36.983563], [139.74083, 36.988567], [139.750051, 36.994557], [139.750946, 36.9988], [139.755084, 37.002726], [139.754935, 37.015038], [139.758476, 37.017747], [139.754879, 37.027121], [139.758545, 37.038359], [139.762734, 37.039967], [139.778384, 37.041015], [139.780757, 37.039112], [139.791661, 37.041525], [139.800427, 37.046406], [139.806331, 37.055645], [139.813978, 37.063588], [139.817315, 37.072671], [139.823315, 37.080927], [139.822093, 37.085137], [139.819732, 37.087967], [139.818254, 37.096666], [139.821127, 37.108737], [139.816148, 37.111159], [139.815189, 37.116151], [139.819036, 37.121778], [139.827929, 37.126291], [139.831773, 37.133641], [139.839767, 37.135429], [139.847836, 37.139452], [139.8518, 37.137152], [139.860965, 37.14082], [139.866289, 37.147228], [139.877568, 37.146127], [139.894644, 37.153259], [139.902432, 37.154272], [139.906507, 37.149532], [139.916336, 37.147626], [139.924437, 37.151879], [139.930464, 37.151473], [139.933796, 37.153737], [139.943696, 37.152588], [139.954615, 37.154941], [139.96138, 37.153176], [139.963124, 37.148484], [139.967322, 37.147795], [139.950843, 37.139947], [139.942862, 37.140241], [139.937491, 37.137292], [139.933562, 37.126616], [139.931092, 37.125303], [139.932757, 37.104928], [139.938242, 37.106352], [139.944741, 37.105731], [139.953113, 37.099298], [139.953057, 37.091075], [139.945684, 37.083847], [139.943512, 37.078628], [139.947453, 37.068943], [139.948687, 37.060292], [139.947368, 37.057069], [139.948909, 37.050696], [139.95697, 37.047086], [139.963177, 37.046337], [139.972365, 37.042986], [139.9774, 37.044668], [139.985814, 37.037968], [139.988127, 37.040378], [139.995036, 37.039049], [139.994855, 37.033661], [140.000669, 37.034112], [140.00838, 37.023811], [140.013276, 37.022089], [140.020951, 37.013325], [140.023934, 37.006402], [140.028956, 37.005367], [140.033795, 37.00003], [140.032129, 36.991892], [140.043163, 36.986928], [140.049776, 36.982903], [140.060246, 36.979503], [140.067942, 36.975835], [140.072013, 36.976334], [140.074012, 36.969786], [140.081545, 36.969202], [140.087447, 36.973809], [140.084549, 36.976748], [140.080231, 36.985155], [140.085016, 36.99049], [140.091686, 36.986883], [140.101996, 36.976481], [140.117644, 36.976593], [140.123088, 36.986167], [140.131525, 36.986942], [140.139952, 36.981575], [140.134675, 36.980347], [140.138182, 36.96901], [140.134754, 36.964548], [140.129955, 36.963076], [140.123365, 36.9659], [140.116709, 36.95873], [140.121211, 36.947004], [140.11607, 36.940999], [140.118599, 36.937506], [140.109802, 36.936885], [140.108332, 36.934756], [140.10325, 36.938398], [140.103035, 36.930415], [140.092949, 36.92312], [140.073595, 36.923474], [140.070536, 36.922403], [140.062107, 36.93155], [140.05157, 36.92471], [140.04444, 36.933451], [140.03663, 36.926979], [140.032617, 36.921205], [140.03677, 36.919663], [140.031894, 36.915136], [140.034033, 36.91103], [140.028693, 36.905356], [140.021394, 36.906151], [140.01021, 36.901], [140.005164, 36.896191], [140.012029, 36.890639], [140.02011, 36.881221], [140.010594, 36.876148], [140.00613, 36.877555], [140.008948, 36.866954], [140.001903, 36.867127], [139.996245, 36.864495], [139.992556, 36.854015], [139.996645, 36.847075], [139.991044, 36.844119], [139.982621, 36.836905], [139.974295, 36.838336], [139.966102, 36.838106], [139.961161, 36.843771], [139.966273, 36.846195], [139.955457, 36.859043], [139.954861, 36.862589], [139.942502, 36.877918], [139.935044, 36.876022], [139.921685, 36.870927], [139.920477, 36.873729], [139.912755, 36.875391], [139.909658, 36.883123], [139.892139, 36.887548], [139.874452, 36.897041], [139.87371, 36.899156], [139.858227, 36.904015], [139.848915, 36.910156], [139.846001, 36.922106], [139.836867, 36.927533], [139.82621, 36.92558], [139.822495, 36.921671], [139.817186, 36.921466], [139.8099, 36.917809], [139.802726, 36.909181], [139.797741, 36.909744], [139.795418, 36.906549], [139.78842, 36.906394], [139.783834, 36.907378], [139.778171, 36.90469], [139.776329, 36.901361], [139.769468, 36.906833]], [[139.90562083, 37.10653916], [139.90573445, 37.10671361], [139.9058675, 37.10692444], [139.90601222, 37.10719194], [139.90601556, 37.10719805], [139.90607694, 37.10733917], [139.90612806, 37.10749111], [139.90614361, 37.10755861], [139.9061775, 37.10763194], [139.90638138, 37.10825167], [139.9064025, 37.10835305], [139.90646777, 37.10852695], [139.90656417, 37.10874166], [139.90666972, 37.10894416], [139.90670473, 37.10906167], [139.90670667, 37.10917388], [139.90669083, 37.10928222], [139.90662028, 37.1094625], [139.90655722, 37.10968777], [139.90655084, 37.10990027], [139.90653362, 37.11001889], [139.90649388, 37.11007666], [139.90643722, 37.11012834], [139.90636723, 37.11016666], [139.9062125, 37.11021166], [139.90600861, 37.11024556], [139.90588917, 37.11029056], [139.90575555, 37.11039195], [139.90560083, 37.11046528], [139.90538278, 37.11051], [139.90524222, 37.11062278], [139.90519278, 37.11069028], [139.90512722, 37.11095139], [139.90509445, 37.11111861], [139.90510139, 37.11132139], [139.90514361, 37.11144528], [139.90521027, 37.11155528], [139.90529138, 37.111665], [139.90550945, 37.11191861], [139.90565, 37.11212694], [139.9057225, 37.11225], [139.90577667, 37.11235806], [139.90583278, 37.11248195], [139.905865, 37.11259111], [139.905875, 37.11268445], [139.90586805, 37.11284222], [139.90584583, 37.11297278], [139.90581416, 37.11307444], [139.90577695, 37.11315889], [139.90573445, 37.11322528], [139.90568528, 37.1133025], [139.90557528, 37.11346584], [139.90546639, 37.11363584], [139.90525611, 37.11396334], [139.90506528, 37.11434083], [139.90499362, 37.11443862], [139.90491167, 37.114515], [139.90476388, 37.11462223], [139.90462333, 37.11470111], [139.90451778, 37.11474611], [139.90445445, 37.11476306], [139.90437028, 37.11475723], [139.90429472, 37.11474917], [139.90411528, 37.11472916], [139.90385, 37.11469528], [139.90369638, 37.11465583], [139.90354055, 37.11460528], [139.90330167, 37.11441917], [139.90320334, 37.1143675], [139.90309777, 37.11432917], [139.90292889, 37.11433472], [139.90268972, 37.11438556], [139.90256556, 37.11444], [139.90266167, 37.11435167], [139.90307667, 37.11419389], [139.90315889, 37.11418472], [139.90323833, 37.11419389], [139.903295, 37.11421278], [139.90337195, 37.11426167], [139.90342417, 37.11429055], [139.9034775, 37.11430111], [139.90355028, 37.11431055], [139.90363917, 37.11430111], [139.90371639, 37.11427833], [139.90386833, 37.11421639], [139.90401889, 37.11413139], [139.90416944, 37.11403833], [139.90433528, 37.1139125], [139.9044175, 37.11381194], [139.90448278, 37.11369278], [139.90451778, 37.11361389], [139.90452889, 37.11354889], [139.90451778, 37.11347306], [139.90448278, 37.11338306], [139.90431861, 37.11321527], [139.90425834, 37.11312], [139.90416667, 37.11289278], [139.90410334, 37.11269556], [139.90408222, 37.11256611], [139.90409611, 37.11236889], [139.90412444, 37.11221111], [139.90414083, 37.112055], [139.90413778, 37.11187695], [139.90413916, 37.11171889], [139.90412444, 37.11150167], [139.90404695, 37.11131583], [139.90399778, 37.11123111], [139.9039625, 37.11103972], [139.90395278, 37.11087917], [139.9039625, 37.11072972], [139.90400472, 37.11044806], [139.90406805, 37.11029611], [139.904125, 37.11019083], [139.90418361, 37.1101], [139.90421222, 37.11002834], [139.90422667, 37.10995139], [139.90421583, 37.10987944], [139.9041525, 37.10976667], [139.90413833, 37.10970472], [139.90418055, 37.10956945], [139.90418806, 37.10946667], [139.90417362, 37.10935555], [139.9041525, 37.10919778], [139.90410334, 37.1090175], [139.90396277, 37.10866195], [139.90382195, 37.1082625], [139.90375862, 37.10813306], [139.90370945, 37.10791333], [139.90364889, 37.10780139], [139.90356889, 37.10767667], [139.90349139, 37.10753611], [139.90348445, 37.10745167], [139.90343527, 37.10723195], [139.90335111, 37.10695583], [139.90334195, 37.10693834], [139.90322444, 37.10671361], [139.90314722, 37.10661222], [139.90302056, 37.10647139], [139.90295027, 37.106415], [139.90277444, 37.10634167], [139.90264777, 37.10627417], [139.90257056, 37.10618388], [139.90243, 37.10589111], [139.90231027, 37.10571083], [139.90213444, 37.10556417], [139.90202194, 37.10550222], [139.90190944, 37.10546861], [139.90155833, 37.10546277], [139.90150194, 37.10542333], [139.90152306, 37.10519805], [139.90150194, 37.10506861], [139.90141056, 37.10486], [139.90133333, 37.10473611], [139.9011925, 37.10457278], [139.90114083, 37.10445695], [139.90108, 37.1043475], [139.9009675, 37.10425167], [139.90065806, 37.10406028], [139.90056666, 37.10399278], [139.90054556, 37.10395888], [139.90047528, 37.10372806], [139.90039806, 37.10353639], [139.90036972, 37.10344056], [139.90038389, 37.103345], [139.90039417, 37.10317695], [139.90038389, 37.10296167], [139.90032388, 37.10282], [139.90025028, 37.10268583], [139.90001861, 37.10237584], [139.89997611, 37.10228639], [139.89985666, 37.10200417], [139.89984528, 37.10167278], [139.89982861, 37.10157028], [139.89981444, 37.10146889], [139.89979361, 37.10121556], [139.89974416, 37.10096777], [139.89971667, 37.10087416], [139.89967389, 37.1007875], [139.89958639, 37.10065667], [139.89948417, 37.10052278], [139.89946139, 37.10047694], [139.89945055, 37.10041111], [139.89942083, 37.10035361], [139.89942778, 37.0999425], [139.89938556, 37.09972278], [139.89930833, 37.09955361], [139.89928028, 37.09944666], [139.89933639, 37.09936778], [139.89939972, 37.09931723], [139.89945917, 37.09927305], [139.89950333, 37.09926], [139.89948555, 37.09924556], [139.89948555, 37.09921277], [139.89950278, 37.09916055], [139.8995375, 37.09908278], [139.8995825, 37.09901277], [139.90002778, 37.09852084], [139.90006083, 37.09841611], [139.90008166, 37.09831444], [139.90015333, 37.09815861], [139.90024112, 37.09799222], [139.90031388, 37.09785834], [139.90039334, 37.09769694], [139.9004825, 37.09751472], [139.90048889, 37.09749944], [139.90056695, 37.09731166], [139.90062083, 37.09707777], [139.90066555, 37.096895], [139.90070778, 37.09660777], [139.90075611, 37.09642139], [139.90080611, 37.09626973], [139.90093973, 37.09586972], [139.90096111, 37.09553639], [139.90096778, 37.09507556], [139.90100305, 37.09495166], [139.90125278, 37.09452889], [139.90125278, 37.094415], [139.9012025, 37.09432222], [139.90112583, 37.09420333], [139.90104472, 37.09410695], [139.90092195, 37.0939475], [139.90082028, 37.09379694], [139.90076027, 37.09371777], [139.90067945, 37.09358861], [139.90055639, 37.09340083], [139.90038889, 37.09314723], [139.90032083, 37.09305333], [139.90022945, 37.09287306], [139.90016722, 37.09272972], [139.90011695, 37.09261944], [139.90001861, 37.09237722], [139.8999975, 37.09231527], [139.89994806, 37.09219139], [139.89989195, 37.09192667], [139.89989195, 37.09158277], [139.89997638, 37.09124527], [139.90001139, 37.09117194], [139.90003972, 37.09114362], [139.90007473, 37.09104805], [139.90009583, 37.09071556], [139.90012389, 37.09041694], [139.90017834, 37.09028056], [139.90024667, 37.0901425], [139.90031388, 37.09003389], [139.90056, 37.08971833], [139.90077083, 37.08950473], [139.90103334, 37.08927666], [139.9012, 37.08915139], [139.90162611, 37.08881055], [139.90180195, 37.08867], [139.90196667, 37.08854], [139.90210055, 37.0884075], [139.90229583, 37.08820139], [139.9024325, 37.08804667], [139.90247167, 37.08799806], [139.90249111, 37.08799361], [139.90252195, 37.0880025], [139.90283167, 37.08815778], [139.90296834, 37.08822889], [139.90323056, 37.08840222], [139.90382084, 37.08880167], [139.90442194, 37.08920667], [139.90507611, 37.08965611], [139.90550861, 37.08995611], [139.90570972, 37.09011667], [139.90576278, 37.09016889], [139.90579333, 37.09021638], [139.9057975, 37.09024917], [139.90579277, 37.09029611], [139.90577333, 37.0903575], [139.90573278, 37.09044334], [139.9056975, 37.09054639], [139.90566222, 37.09063083], [139.90562861, 37.090675], [139.90560834, 37.09084555], [139.90562195, 37.0910325], [139.90564055, 37.09117194], [139.90570278, 37.0914075], [139.90575472, 37.0915725], [139.90585778, 37.09183916], [139.90590639, 37.091985], [139.90595306, 37.09216361], [139.9059725, 37.09224445], [139.90604417, 37.09243944], [139.90608972, 37.09248638], [139.90616861, 37.09252305], [139.90624805, 37.09258583], [139.90629028, 37.09262528], [139.90634361, 37.09271139], [139.90638861, 37.0928], [139.9063975, 37.09286667], [139.90638861, 37.09292972], [139.9063675, 37.09298583], [139.90631584, 37.09304473], [139.90622695, 37.09307055], [139.90553805, 37.09310417], [139.90548167, 37.0931325], [139.90540444, 37.09322834], [139.90537639, 37.09333528], [139.90537639, 37.09345361], [139.90542277, 37.0935375], [139.90540778, 37.09359306], [139.90538084, 37.09370084], [139.90535639, 37.09379556], [139.90531444, 37.09389278], [139.9052625, 37.09398639], [139.90521056, 37.09409417], [139.90495444, 37.09436027], [139.90488861, 37.09446056], [139.90484194, 37.09455194], [139.90482084, 37.09470389], [139.90483472, 37.09507028], [139.90486388, 37.09524667], [139.90488694, 37.09535555], [139.90492472, 37.09545528], [139.90496139, 37.09559417], [139.90500556, 37.09568111], [139.90506028, 37.09575028], [139.90513722, 37.09580806], [139.90530722, 37.0958875], [139.90534473, 37.09594945], [139.90533417, 37.09601083], [139.90527556, 37.09612528], [139.9052625, 37.0961825], [139.90527084, 37.09632083], [139.90528111, 37.09639333], [139.90530583, 37.09645916], [139.90512972, 37.09680305], [139.90502, 37.09701751], [139.9049, 37.09726222], [139.90481361, 37.09730083], [139.90476722, 37.09734194], [139.90472944, 37.09738528], [139.90468916, 37.09749417], [139.90465167, 37.09764667], [139.9045925, 37.09776361], [139.90451139, 37.09790361], [139.90445833, 37.09800972], [139.90439889, 37.09809528], [139.90434972, 37.09823028], [139.90433556, 37.09839361], [139.9043225, 37.0984875], [139.90429084, 37.09856139], [139.90424889, 37.09859778], [139.90418528, 37.09863972], [139.90414056, 37.09870278], [139.9041175, 37.09879666], [139.90411028, 37.09888917], [139.9041175, 37.09902444], [139.90415638, 37.09913055], [139.90418667, 37.09921361], [139.90421139, 37.09926389], [139.90420695, 37.09932833], [139.90418667, 37.09944334], [139.90415056, 37.09955695], [139.90411472, 37.09966917], [139.90407861, 37.09979806], [139.90404083, 37.09990944], [139.90401194, 37.10005694], [139.90399611, 37.10014723], [139.90397444, 37.10022111], [139.90394417, 37.10030306], [139.90391833, 37.10039444], [139.90389362, 37.1004775], [139.90388945, 37.10054305], [139.90381583, 37.10065083], [139.90375194, 37.10079334], [139.90365361, 37.10082695], [139.90351277, 37.10089445], [139.9034425, 37.10095083], [139.90343556, 37.10100167], [139.90347055, 37.10102972], [139.90353389, 37.10104111], [139.903745, 37.10108611], [139.90389972, 37.10113111], [139.904005, 37.10118194], [139.90408, 37.10123278], [139.90416694, 37.10130583], [139.90419111, 37.10131583], [139.90424444, 37.1013125], [139.90440889, 37.10155722], [139.90438583, 37.10159583], [139.90437278, 37.10165333], [139.90435639, 37.10172833], [139.9043775, 37.10188055], [139.90442667, 37.10199305], [139.90445889, 37.10201778], [139.90450972, 37.10203111], [139.9046025, 37.102055], [139.90467972, 37.10209444], [139.90506667, 37.10212834], [139.90519305, 37.10216222], [139.90539722, 37.10225778], [139.90559389, 37.10237056], [139.90572055, 37.10239861], [139.90588945, 37.102455], [139.90603666, 37.10255083], [139.90610695, 37.10260722], [139.90623361, 37.10264667], [139.90643055, 37.10269167], [139.90674, 37.10277055], [139.90677389, 37.10279639], [139.90672583, 37.10281555], [139.90639528, 37.10286639], [139.9062275, 37.10288], [139.90598362, 37.10286917], [139.90558695, 37.10284945], [139.9052425, 37.10279305], [139.90513833, 37.10276611], [139.90503139, 37.10272555], [139.904905, 37.10265778], [139.90472195, 37.10253389], [139.90453723, 37.10243194], [139.90439167, 37.102365], [139.90435389, 37.10235111], [139.90428612, 37.10233111], [139.90422972, 37.10231972], [139.90406139, 37.10232556], [139.90390667, 37.10235917], [139.90381527, 37.10240444], [139.90371472, 37.10247528], [139.90360417, 37.10256222], [139.90354472, 37.1026325], [139.90350584, 37.10270305], [139.90345306, 37.10290389], [139.90341444, 37.10309722], [139.90339583, 37.10361528], [139.90337917, 37.10376166], [139.90338639, 37.10385195], [139.90341861, 37.10395639], [139.9034425, 37.10403222], [139.90345889, 37.10411834], [139.90349167, 37.1042125], [139.90352083, 37.10428194], [139.903555, 37.10433084], [139.90362527, 37.10440972], [139.90375501, 37.10451833], [139.90389222, 37.10461806], [139.90401889, 37.10470833], [139.90413833, 37.10478139], [139.90425805, 37.10489417], [139.90431111, 37.10501916], [139.90435888, 37.10520611], [139.90441277, 37.10529417], [139.90454139, 37.10540306], [139.90458833, 37.1054575], [139.90467972, 37.10559833], [139.90475639, 37.1056675], [139.90503862, 37.10579], [139.90514389, 37.1058575], [139.90522139, 37.10595333], [139.90527055, 37.10602083], [139.90539278, 37.10619056], [139.90550945, 37.10636417], [139.90562083, 37.10653916]]], [[[139.90399778, 37.1145375], [139.90405194, 37.11457333], [139.90413139, 37.11458278], [139.90421778, 37.11456611], [139.90430417, 37.11454889], [139.9044675, 37.11449667], [139.90458361, 37.1144525], [139.9047025, 37.11437333], [139.90479917, 37.11425584], [139.90483138, 37.11420694], [139.90486584, 37.11415695], [139.90489055, 37.11409834], [139.90490472, 37.11404777], [139.9049175, 37.11399223], [139.90491167, 37.11392389], [139.90487639, 37.11387861], [139.90483416, 37.11385055], [139.90476388, 37.11385055], [139.90473583, 37.11386195], [139.90413833, 37.11437417], [139.90400472, 37.11448139], [139.90399166, 37.11451167], [139.90399778, 37.1145375]]]]}, "properties": {"N03_001": "栃木県", "N03_002": null, "N03_003": null, "N03_004": "那須塩原市", "N03_005": null, "N03_007": "09213"}}, {"type": "Feature", "geometry": {"type": "Polygon", "coordinates": [[[139.955371, 36.64007], [139.953459, 36.644006], [139.952038, 36.659984], [139.954667, 36.669356], [139.946015, 36.684683], [139.939839, 36.692209], [139.931157, 36.699999], [139.918479, 36.71319], [139.90688, 36.721431], [139.911342, 36.720209], [139.926046, 36.719169], [139.93671, 36.719985], [139.938583, 36.726918], [139.95181, 36.728752], [139.964219, 36.729105], [139.967281, 36.742621], [139.961842, 36.747968], [139.972284, 36.753439], [139.969277, 36.758365], [139.974181, 36.762981], [139.981428, 36.766541], [139.984262, 36.770372], [139.979965, 36.777608], [139.975126, 36.781681], [139.981379, 36.790934], [139.9801, 36.793097], [139.984959, 36.801386], [139.992964, 36.802405], [139.994211, 36.79748], [140.00081, 36.793755], [140.003161, 36.788118], [140.00951, 36.783854], [140.019804, 36.783188], [140.02015, 36.777854], [140.037988, 36.76802], [140.03854, 36.772596], [140.046554, 36.774445], [140.049557, 36.775817], [140.061008, 36.769947], [140.067389, 36.773405], [140.077582, 36.765992], [140.08255, 36.765831], [140.084348, 36.761238], [140.078453, 36.756372], [140.082079, 36.749953], [140.082917, 36.744689], [140.071654, 36.740594], [140.068389, 36.737155], [140.073199, 36.730836], [140.068305, 36.721655], [140.063959, 36.716447], [140.054065, 36.713838], [140.05768, 36.707502], [140.030124, 36.681314], [140.029763, 36.677766], [140.023661, 36.67385], [140.016979, 36.665671], [140.017676, 36.663076], [140.005544, 36.662908], [139.992219, 36.671623], [139.985762, 36.671239], [139.983101, 36.666302], [139.975486, 36.667885], [139.967738, 36.660721], [139.9711, 36.653019], [139.968065, 36.646859], [139.95997, 36.643639], [139.955371, 36.64007]]]}, "properties": {"N03_001": "栃木県", "N03_002": null, "N03_003": null, "N03_004": "さくら市", "N03_005": null, "N03_007": "09214"}}, {"type": "Feature", "geometry": {"type": "Polygon", "coordinates": [[[140.029763, 36.677766], [140.030124, 36.681314], [140.05768, 36.707502], [140.054065, 36.713838], [140.063959, 36.716447], [140.068305, 36.721655], [140.073199, 36.730836], [140.068389, 36.737155], [140.071654, 36.740594], [140.082917, 36.744689], [140.085402, 36.739759], [140.093355, 36.731098], [140.10367, 36.730841], [140.108364, 36.726493], [140.11594, 36.727606], [140.119407, 36.724429], [140.121348, 36.7167], [140.124418, 36.714624], [140.130642, 36.716764], [140.132524, 36.720429], [140.138339, 36.724247], [140.148805, 36.724407], [140.154239, 36.716863], [140.158804, 36.715243], [140.160481, 36.711504], [140.160734, 36.699738], [140.169882, 36.687988], [140.167344, 36.683546], [140.178019, 36.681389], [140.181989, 36.678415], [140.186356, 36.682161], [140.20083, 36.680549], [140.207138, 36.682851], [140.211169, 36.678708], [140.21168, 36.674915], [140.215536, 36.673104], [140.221566, 36.674286], [140.231418, 36.670118], [140.232734, 36.665474], [140.229309, 36.662278], [140.235685, 36.657215], [140.24093, 36.650923], [140.239109, 36.645564], [140.241562, 36.642947], [140.242715, 36.636559], [140.234314, 36.634628], [140.234696, 36.623851], [140.228093, 36.620187], [140.227545, 36.612776], [140.217396, 36.613297], [140.214608, 36.610489], [140.202051, 36.60777], [140.204689, 36.604818], [140.203429, 36.600236], [140.194335, 36.596568], [140.195108, 36.593379], [140.201335, 36.588596], [140.1946, 36.587436], [140.191439, 36.591396], [140.184326, 36.590614], [140.175092, 36.596043], [140.173931, 36.600665], [140.169354, 36.606046], [140.168142, 36.611219], [140.161985, 36.609417], [140.150653, 36.608655], [140.147858, 36.610951], [140.141132, 36.609015], [140.139127, 36.61125], [140.141522, 36.619128], [140.128047, 36.625876], [140.127112, 36.621782], [140.106032, 36.623934], [140.100745, 36.620722], [140.103885, 36.618076], [140.099619, 36.611577], [140.093952, 36.608909], [140.091873, 36.605262], [140.084668, 36.601402], [140.079218, 36.620517], [140.071389, 36.621549], [140.062884, 36.618259], [140.062425, 36.626819], [140.058409, 36.635778], [140.064432, 36.640126], [140.064438, 36.646054], [140.059167, 36.65431], [140.059281, 36.663103], [140.054372, 36.66315], [140.054049, 36.658849], [140.049186, 36.658486], [140.046453, 36.665739], [140.039812, 36.671908], [140.033626, 36.674159], [140.029763, 36.677766]]]}, "properties": {"N03_001": "栃木県", "N03_002": null, "N03_003": null, "N03_004": "那須烏山市", "N03_005": null, "N03_007": "09215"}}, {"type": "Feature", "geometry": {"type": "Polygon", "coordinates": [[[139.841926, 36.487353], [139.851834, 36.479072], [139.858634, 36.475911], [139.867371, 36.474768], [139.867351, 36.470506], [139.873507, 36.469454], [139.874087, 36.465015], [139.867283, 36.461918], [139.865959, 36.457875], [139.868576, 36.45045], [139.866723, 36.44545], [139.868636, 36.438089], [139.863647, 36.415421], [139.866248, 36.412181], [139.882946, 36.412623], [139.883436, 36.41747], [139.889824, 36.418875], [139.894346, 36.417113], [139.892611, 36.409131], [139.898073, 36.407452], [139.897144, 36.403224], [139.909619, 36.403702], [139.92005, 36.400358], [139.922291, 36.394632], [139.922201, 36.389058], [139.918062, 36.379965], [139.918999, 36.375438], [139.915364, 36.366107], [139.912313, 36.362282], [139.906896, 36.358663], [139.899118, 36.364505], [139.890219, 36.364695], [139.888869, 36.356006], [139.882453, 36.351538], [139.872699, 36.350404], [139.869885, 36.355069], [139.869406, 36.360088], [139.859914, 36.355366], [139.854762, 36.358256], [139.84849, 36.351869], [139.842725, 36.351782], [139.842738, 36.365066], [139.840776, 36.368121], [139.824706, 36.373031], [139.811955, 36.374003], [139.811723, 36.37742], [139.804045, 36.380531], [139.803526, 36.38697], [139.797188, 36.388757], [139.798236, 36.392622], [139.803377, 36.397933], [139.81243, 36.401956], [139.8155, 36.398973], [139.825561, 36.39921], [139.828838, 36.408065], [139.824956, 36.412661], [139.828336, 36.421339], [139.831327, 36.424915], [139.832676, 36.436116], [139.828745, 36.438773], [139.830799, 36.447273], [139.834052, 36.448569], [139.833853, 36.457236], [139.841415, 36.457417], [139.846085, 36.459897], [139.84789, 36.469708], [139.840369, 36.480523], [139.841926, 36.487353]]]}, "properties": {"N03_001": "栃木県", "N03_002": null, "N03_003": null, "N03_004": "下野市", "N03_005": null, "N03_007": "09216"}}, {"type": "Feature", "geometry": {"type": "Polygon", "coordinates": [[[139.874087, 36.465015], [139.884638, 36.464581], [139.893023, 36.469915], [139.89786, 36.475865], [139.906379, 36.479648], [139.905061, 36.483514], [139.91161, 36.490839], [139.91907, 36.486903], [139.929686, 36.483218], [139.93676, 36.485287], [139.941591, 36.483079], [139.94729, 36.483632], [139.948365, 36.477698], [139.96305, 36.471828], [139.960911, 36.46583], [139.961695, 36.462173], [139.959039, 36.457427], [139.95434, 36.453851], [139.949038, 36.455102], [139.947793, 36.450915], [139.937302, 36.434072], [139.933807, 36.427091], [139.932586, 36.418959], [139.933763, 36.415061], [139.931072, 36.401845], [139.926712, 36.402178], [139.922291, 36.394632], [139.92005, 36.400358], [139.909619, 36.403702], [139.897144, 36.403224], [139.898073, 36.407452], [139.892611, 36.409131], [139.894346, 36.417113], [139.889824, 36.418875], [139.883436, 36.41747], [139.882946, 36.412623], [139.866248, 36.412181], [139.863647, 36.415421], [139.868636, 36.438089], [139.866723, 36.44545], [139.868576, 36.45045], [139.865959, 36.457875], [139.867283, 36.461918], [139.874087, 36.465015]]]}, "properties": {"N03_001": "栃木県", "N03_002": null, "N03_003": "河内郡", "N03_004": "上三川町", "N03_005": null, "N03_007": "09301"}}, {"type": "Feature", "geometry": {"type": "Polygon", "coordinates": [[[140.066504, 36.403813], [140.063106, 36.412448], [140.069997, 36.42199], [140.065442, 36.429431], [140.069209, 36.437583], [140.06633, 36.442283], [140.070247, 36.453946], [140.068136, 36.458376], [140.06986, 36.466109], [140.067824, 36.471051], [140.071268, 36.474694], [140.069656, 36.480255], [140.072263, 36.48626], [140.072151, 36.492599], [140.078057, 36.497477], [140.074329, 36.502856], [140.078781, 36.509033], [140.078632, 36.512658], [140.092223, 36.51223], [140.098002, 36.518022], [140.102655, 36.518727], [140.10891, 36.516552], [140.111878, 36.520595], [140.11711, 36.521403], [140.122008, 36.519594], [140.133888, 36.522227], [140.140444, 36.525079], [140.1438, 36.523193], [140.149848, 36.523992], [140.150889, 36.516315], [140.14929, 36.515102], [140.140298, 36.51696], [140.142497, 36.512282], [140.139186, 36.510357], [140.139914, 36.50373], [140.150049, 36.503022], [140.150662, 36.498298], [140.147603, 36.492831], [140.150325, 36.485794], [140.149217, 36.48102], [140.160278, 36.463324], [140.158343, 36.456164], [140.159623, 36.45257], [140.148707, 36.435695], [140.147198, 36.42533], [140.142732, 36.416907], [140.144261, 36.414045], [140.141431, 36.412094], [140.131833, 36.414921], [140.121717, 36.413227], [140.114097, 36.410809], [140.109585, 36.407301], [140.111221, 36.398055], [140.101692, 36.397008], [140.095584, 36.398728], [140.092286, 36.401643], [140.087951, 36.398285], [140.083102, 36.402883], [140.076488, 36.404178], [140.066504, 36.403813]]]}, "properties": {"N03_001": "栃木県", "N03_002": null, "N03_003": "芳賀郡", "N03_004": "益子町", "N03_005": null, "N03_007": "09342"}}, {"type": "Feature", "geometry": {"type": "Polygon", "coordinates": [[[140.139127, 36.61125], [140.141132, 36.609015], [140.147858, 36.610951], [140.150653, 36.608655], [140.161985, 36.609417], [140.168142, 36.611219], [140.169354, 36.606046], [140.173931, 36.600665], [140.175092, 36.596043], [140.184326, 36.590614], [140.191439, 36.591396], [140.1946, 36.587436], [140.201335, 36.588596], [140.195108, 36.593379], [140.194335, 36.596568], [140.203429, 36.600236], [140.204689, 36.604818], [140.202051, 36.60777], [140.214608, 36.610489], [140.217396, 36.613297], [140.227545, 36.612776], [140.228093, 36.620187], [140.234696, 36.623851], [140.239537, 36.625008], [140.245275, 36.617504], [140.248392, 36.610937], [140.24914, 36.599404], [140.246094, 36.594381], [140.243374, 36.584581], [140.245575, 36.582456], [140.244688, 36.576101], [140.246967, 36.567534], [140.243782, 36.56282], [140.25154, 36.55458], [140.246969, 36.548016], [140.248156, 36.544809], [140.247747, 36.53449], [140.253375, 36.527168], [140.252575, 36.524915], [140.260176, 36.51763], [140.247613, 36.515067], [140.248931, 36.507662], [140.242444, 36.507529], [140.24151, 36.503147], [140.230644, 36.502974], [140.22957, 36.490885], [140.223398, 36.481673], [140.216619, 36.478978], [140.212067, 36.470714], [140.2129, 36.467038], [140.208305, 36.464431], [140.207359, 36.457025], [140.202877, 36.454437], [140.202786, 36.450744], [140.206187, 36.44648], [140.201347, 36.438144], [140.203261, 36.420743], [140.1983, 36.415575], [140.192491, 36.404578], [140.186103, 36.401117], [140.185157, 36.398338], [140.165603, 36.400105], [140.156197, 36.398154], [140.14857, 36.406662], [140.144261, 36.414045], [140.142732, 36.416907], [140.147198, 36.42533], [140.148707, 36.435695], [140.159623, 36.45257], [140.158343, 36.456164], [140.160278, 36.463324], [140.149217, 36.48102], [140.150325, 36.485794], [140.147603, 36.492831], [140.150662, 36.498298], [140.150049, 36.503022], [140.139914, 36.50373], [140.139186, 36.510357], [140.142497, 36.512282], [140.140298, 36.51696], [140.14929, 36.515102], [140.150889, 36.516315], [140.149848, 36.523992], [140.1438, 36.523193], [140.140444, 36.525079], [140.145557, 36.532531], [140.150253, 36.529161], [140.155812, 36.533181], [140.148194, 36.535451], [140.144214, 36.540068], [140.140154, 36.540289], [140.129081, 36.54826], [140.131359, 36.553187], [140.129269, 36.55868], [140.132382, 36.561157], [140.136238, 36.573145], [140.133276, 36.576876], [140.128432, 36.578427], [140.130984, 36.583389], [140.140202, 36.582219], [140.14284, 36.586546], [140.146826, 36.588259], [140.147874, 36.593514], [140.139793, 36.597116], [140.141405, 36.601581], [140.139097, 36.604776], [140.131334, 36.604878], [140.132733, 36.609282], [140.139127, 36.61125]]]}, "properties": {"N03_001": "栃木県", "N03_002": null, "N03_003": "芳賀郡", "N03_004": "茂木町", "N03_005": null, "N03_007": "09343"}}, {"type": "Feature", "geometry": {"type": "Polygon", "coordinates": [[[140.072151, 36.492599], [140.063645, 36.49832], [140.057018, 36.496195], [140.056134, 36.487825], [140.046417, 36.489446], [140.047375, 36.496141], [140.052049, 36.49578], [140.052261, 36.503144], [140.049395, 36.509831], [140.05422, 36.514604], [140.05469, 36.522862], [140.057958, 36.525523], [140.058948, 36.535855], [140.063045, 36.543638], [140.068687, 36.536589], [140.066142, 36.52864], [140.066683, 36.524679], [140.076556, 36.521276], [140.079824, 36.523294], [140.07845, 36.529395], [140.074842, 36.535225], [140.078398, 36.544583], [140.078184, 36.54858], [140.08524, 36.547257], [140.084572, 36.558482], [140.082726, 36.562613], [140.08048, 36.575744], [140.081368, 36.579522], [140.089017, 36.584506], [140.087546, 36.594588], [140.085238, 36.5999], [140.084668, 36.601402], [140.091873, 36.605262], [140.093952, 36.608909], [140.099619, 36.611577], [140.103885, 36.618076], [140.100745, 36.620722], [140.106032, 36.623934], [140.127112, 36.621782], [140.128047, 36.625876], [140.141522, 36.619128], [140.139127, 36.61125], [140.132733, 36.609282], [140.131334, 36.604878], [140.139097, 36.604776], [140.141405, 36.601581], [140.139793, 36.597116], [140.147874, 36.593514], [140.146826, 36.588259], [140.14284, 36.586546], [140.140202, 36.582219], [140.130984, 36.583389], [140.128432, 36.578427], [140.133276, 36.576876], [140.136238, 36.573145], [140.132382, 36.561157], [140.129269, 36.55868], [140.131359, 36.553187], [140.129081, 36.54826], [140.140154, 36.540289], [140.144214, 36.540068], [140.148194, 36.535451], [140.155812, 36.533181], [140.150253, 36.529161], [140.145557, 36.532531], [140.140444, 36.525079], [140.133888, 36.522227], [140.122008, 36.519594], [140.11711, 36.521403], [140.111878, 36.520595], [140.10891, 36.516552], [140.102655, 36.518727], [140.098002, 36.518022], [140.092223, 36.51223], [140.078632, 36.512658], [140.078781, 36.509033], [140.074329, 36.502856], [140.078057, 36.497477], [140.072151, 36.492599]]]}, "properties": {"N03_001": "栃木県", "N03_002": null, "N03_003": "芳賀郡", "N03_004": "市貝町", "N03_005": null, "N03_007": "09344"}}, {"type": "Feature", "geometry": {"type": "Polygon", "coordinates": [[[140.000413, 36.496782], [140.007316, 36.504113], [140.006249, 36.513266], [140.009793, 36.517474], [140.010623, 36.524639], [140.006114, 36.530575], [140.009656, 36.533919], [139.998396, 36.550853], [139.997381, 36.557231], [140.002074, 36.560367], [140.002701, 36.565082], [139.998417, 36.578592], [139.997278, 36.588091], [139.994388, 36.595207], [139.993384, 36.601695], [139.997885, 36.605519], [140.002229, 36.600425], [140.002753, 36.593489], [140.008996, 36.584209], [140.013909, 36.579712], [140.024866, 36.582455], [140.030286, 36.585021], [140.039155, 36.584134], [140.045953, 36.579793], [140.044977, 36.58615], [140.047631, 36.595502], [140.041352, 36.60435], [140.044475, 36.606803], [140.060428, 36.60555], [140.064149, 36.607316], [140.06247, 36.613412], [140.067043, 36.615241], [140.073104, 36.60924], [140.077579, 36.608005], [140.076173, 36.601522], [140.085238, 36.5999], [140.087546, 36.594588], [140.089017, 36.584506], [140.081368, 36.579522], [140.08048, 36.575744], [140.082726, 36.562613], [140.084572, 36.558482], [140.08524, 36.547257], [140.078184, 36.54858], [140.078398, 36.544583], [140.074842, 36.535225], [140.07845, 36.529395], [140.079824, 36.523294], [140.076556, 36.521276], [140.066683, 36.524679], [140.066142, 36.52864], [140.068687, 36.536589], [140.063045, 36.543638], [140.058948, 36.535855], [140.057958, 36.525523], [140.05469, 36.522862], [140.05422, 36.514604], [140.049395, 36.509831], [140.046909, 36.509178], [140.044963, 36.499686], [140.040187, 36.496536], [140.03624, 36.489474], [140.028591, 36.490155], [140.02651, 36.488499], [140.003761, 36.490064], [140.000413, 36.496782]]]}, "properties": {"N03_001": "栃木県", "N03_002": null, "N03_003": "芳賀郡", "N03_004": "芳賀町", "N03_005": null, "N03_007": "09345"}}, {"type": "Feature", "geometry": {"type": "Polygon", "coordinates": [[[139.821298, 36.511139], [139.830618, 36.509975], [139.831088, 36.503881], [139.834025, 36.501717], [139.834528, 36.496303], [139.841412, 36.493035], [139.841926, 36.487353], [139.840369, 36.480523], [139.84789, 36.469708], [139.846085, 36.459897], [139.841415, 36.457417], [139.833853, 36.457236], [139.834052, 36.448569], [139.830799, 36.447273], [139.828745, 36.438773], [139.832676, 36.436116], [139.831327, 36.424915], [139.828336, 36.421339], [139.824956, 36.412661], [139.828838, 36.408065], [139.825561, 36.39921], [139.8155, 36.398973], [139.81243, 36.401956], [139.804289, 36.40536], [139.803785, 36.400671], [139.798198, 36.401525], [139.794101, 36.406066], [139.790239, 36.419291], [139.783907, 36.421539], [139.767089, 36.441979], [139.767441, 36.448428], [139.758079, 36.459858], [139.756787, 36.467286], [139.76723, 36.471223], [139.770746, 36.478563], [139.768792, 36.486838], [139.778844, 36.493168], [139.783236, 36.492873], [139.788864, 36.487006], [139.793802, 36.490771], [139.792583, 36.498447], [139.800563, 36.505388], [139.805604, 36.502174], [139.809914, 36.505073], [139.817688, 36.507006], [139.821298, 36.511139]]]}, "properties": {"N03_001": "栃木県", "N03_002": null, "N03_003": "下都賀郡", "N03_004": "壬生町", "N03_005": null, "N03_007": "09361"}}, {"type": "Feature", "geometry": {"type": "Polygon", "coordinates": [[[139.688847, 36.202073], [139.684435, 36.21583], [139.689141, 36.218189], [139.697316, 36.213148], [139.698301, 36.220515], [139.695423, 36.223315], [139.697055, 36.230129], [139.702134, 36.231152], [139.703251, 36.225869], [139.710012, 36.233176], [139.707485, 36.235903], [139.714759, 36.240523], [139.720659, 36.241816], [139.720651, 36.244826], [139.727784, 36.247903], [139.729384, 36.253597], [139.725569, 36.25756], [139.732254, 36.263085], [139.736021, 36.261073], [139.744048, 36.261036], [139.745325, 36.258265], [139.737867, 36.252398], [139.737699, 36.248352], [139.745415, 36.245196], [139.757154, 36.244949], [139.758786, 36.247691], [139.765688, 36.244529], [139.765032, 36.241178], [139.774173, 36.241184], [139.774263, 36.247558], [139.779116, 36.253829], [139.78597, 36.255014], [139.783942, 36.242033], [139.788138, 36.234868], [139.7857, 36.227797], [139.76004, 36.219235], [139.748278, 36.211088], [139.729021, 36.202285], [139.727542, 36.205843], [139.71603, 36.20987], [139.707494, 36.210836], [139.708342, 36.206829], [139.706473, 36.201857], [139.693622, 36.206489], [139.688847, 36.202073]]]}, "properties": {"N03_001": "栃木県", "N03_002": null, "N03_003": "下都賀郡", "N03_004": "野木町", "N03_005": null, "N03_007": "09364"}}, {"type": "Feature", "geometry": {"type": "Polygon", "coordinates": [[[139.893525, 36.722685], [139.887797, 36.724571], [139.881741, 36.722621], [139.875557, 36.723963], [139.860328, 36.73008], [139.852784, 36.724541], [139.838907, 36.734763], [139.824998, 36.736224], [139.812024, 36.738919], [139.800973, 36.744413], [139.779487, 36.752419], [139.774045, 36.756057], [139.764457, 36.759141], [139.761736, 36.763147], [139.751525, 36.768077], [139.737081, 36.76724], [139.735054, 36.768863], [139.733356, 36.78077], [139.735534, 36.785417], [139.733721, 36.794515], [139.729685, 36.796353], [139.728918, 36.811712], [139.727038, 36.814188], [139.731645, 36.821738], [139.727883, 36.833075], [139.736809, 36.833367], [139.742988, 36.8382], [139.74218, 36.842796], [139.750451, 36.843396], [139.771456, 36.855095], [139.771856, 36.864501], [139.773397, 36.868492], [139.770614, 36.887279], [139.771464, 36.894781], [139.776329, 36.901361], [139.778171, 36.90469], [139.783834, 36.907378], [139.78842, 36.906394], [139.786508, 36.902506], [139.791908, 36.898544], [139.79192, 36.895426], [139.796271, 36.890682], [139.802603, 36.888069], [139.80231, 36.88394], [139.806642, 36.88034], [139.804958, 36.87693], [139.809079, 36.870588], [139.818903, 36.863538], [139.820883, 36.860266], [139.827446, 36.855447], [139.830639, 36.850815], [139.830166, 36.846981], [139.841084, 36.845071], [139.845195, 36.842084], [139.851036, 36.841312], [139.84971, 36.834481], [139.85224, 36.828026], [139.857437, 36.826229], [139.862763, 36.820523], [139.862583, 36.816193], [139.867147, 36.813793], [139.872522, 36.807051], [139.87517, 36.807782], [139.878403, 36.799024], [139.874318, 36.798098], [139.868431, 36.788107], [139.873502, 36.784016], [139.875452, 36.779649], [139.879803, 36.776359], [139.886793, 36.777219], [139.888105, 36.771311], [139.901651, 36.766982], [139.904661, 36.755328], [139.916462, 36.744772], [139.914908, 36.737895], [139.917072, 36.73354], [139.926616, 36.73097], [139.930455, 36.728079], [139.938583, 36.726918], [139.93671, 36.719985], [139.926046, 36.719169], [139.911342, 36.720209], [139.90688, 36.721431], [139.893525, 36.722685]], [[139.78741861, 36.82109111], [139.78738639, 36.82111583], [139.78736611, 36.82112639], [139.78734361, 36.82113139], [139.78730944, 36.82113388], [139.78727611, 36.8211375], [139.78724, 36.82114], [139.78718805, 36.82114277], [139.78716194, 36.82114528], [139.78712084, 36.82114222], [139.78708278, 36.82114194], [139.78712639, 36.82110084], [139.78716, 36.82108583], [139.78720028, 36.821065], [139.78723722, 36.82104444], [139.787265, 36.82102138], [139.78729389, 36.82098889], [139.78731222, 36.82095778], [139.78733417, 36.82088861], [139.78734334, 36.82083917], [139.78735167, 36.82075334], [139.787355, 36.82066917], [139.78735972, 36.82058611], [139.78737722, 36.82049417], [139.78737834, 36.82045389], [139.78737834, 36.82041695], [139.78736778, 36.82037445], [139.78735972, 36.82034083], [139.78734945, 36.8203075], [139.78734472, 36.82026723], [139.78734472, 36.82022916], [139.78734472, 36.82020583], [139.78734722, 36.82017611], [139.78735528, 36.82014056], [139.78737139, 36.82010361], [139.78739111, 36.82007473], [139.78740278, 36.82005389], [139.78745805, 36.8199825], [139.78749028, 36.81993972], [139.78752139, 36.81990166], [139.78755028, 36.81987277], [139.78758028, 36.81984862], [139.78759777, 36.8198325], [139.78762306, 36.81981416], [139.78766917, 36.81980028], [139.78771889, 36.81978638], [139.78777084, 36.8197725], [139.78781695, 36.81976555], [139.78785278, 36.81976555], [139.78790584, 36.81977139], [139.78794055, 36.81977833], [139.78797972, 36.81979], [139.78802944, 36.81980139], [139.78809167, 36.81982222], [139.78813055, 36.81983917], [139.78815722, 36.81985528], [139.78819861, 36.81988083], [139.78823777, 36.81990972], [139.78826667, 36.81993944], [139.78831416, 36.81997528], [139.78834862, 36.819995], [139.78839362, 36.8200225], [139.78843056, 36.82004333], [139.78845834, 36.82007111], [139.78849055, 36.82011361], [139.78851722, 36.82016111], [139.78853027, 36.820215], [139.78853833, 36.82024028], [139.78854611, 36.82027944], [139.78856111, 36.82032916], [139.78859139, 36.82036028], [139.78863639, 36.82038555], [139.78867556, 36.82039472], [139.78872167, 36.82040639], [139.78876333, 36.82041083], [139.78880472, 36.82041555], [139.78885333, 36.82041333], [139.78893861, 36.82041223], [139.7890125, 36.8204075], [139.78910361, 36.82039944], [139.78919139, 36.82039361], [139.78926695, 36.82038917], [139.78931084, 36.82037973], [139.78935472, 36.82036723], [139.78938694, 36.82035222], [139.78940556, 36.82033834], [139.78942389, 36.82031861], [139.78943223, 36.82029806], [139.78943223, 36.82026917], [139.78943083, 36.82023111], [139.78942278, 36.82020806], [139.78939639, 36.82016195], [139.78936389, 36.82010194], [139.78934666, 36.82005722], [139.78933528, 36.82001917], [139.78932944, 36.82000167], [139.78932944, 36.81998556], [139.78932833, 36.8199475], [139.78933056, 36.81990611], [139.78933167, 36.81985528], [139.78933278, 36.81983111], [139.78933972, 36.81980001], [139.78934334, 36.81976528], [139.78934778, 36.81973195], [139.78935027, 36.81969167], [139.78935584, 36.81965111], [139.78936639, 36.81961667], [139.78939166, 36.81956695], [139.78940806, 36.81954639], [139.7894325, 36.81952473], [139.78946583, 36.819495], [139.78950973, 36.81947055], [139.7895375, 36.81945222], [139.78958472, 36.81942917], [139.78962167, 36.81941639], [139.78966333, 36.81940388], [139.78970027, 36.81939], [139.78974055, 36.819375], [139.78976723, 36.81936333], [139.78979472, 36.81935083], [139.7898225, 36.81933805], [139.78985944, 36.81931722], [139.78987917, 36.81930389], [139.7899175, 36.81927833], [139.78993694, 36.819265], [139.78997583, 36.81924166], [139.79000083, 36.81922667], [139.79003028, 36.81920806], [139.79006111, 36.81919639], [139.79008861, 36.81918806], [139.79012416, 36.81918], [139.79014889, 36.81917472], [139.79020944, 36.81916639], [139.79024944, 36.81916028], [139.79028444, 36.81915195], [139.79034305, 36.81914277], [139.79039888, 36.81913528], [139.79046972, 36.81912528], [139.79052167, 36.81911639], [139.79054861, 36.8191125], [139.79056917, 36.81910666], [139.7906075, 36.81910167], [139.79064112, 36.819095], [139.79067445, 36.8190875], [139.79070806, 36.81907944], [139.79073556, 36.81907195], [139.79076777, 36.81905639], [139.79079528, 36.81903833], [139.79082277, 36.8190175], [139.79085333, 36.818995], [139.79087361, 36.81897611], [139.79088945, 36.8189575], [139.790905, 36.81893278], [139.79091945, 36.818915], [139.79093444, 36.81889], [139.79094917, 36.81886333], [139.79095973, 36.81884528], [139.79098083, 36.81880306], [139.79100861, 36.81874973], [139.79104111, 36.81869528], [139.79105555, 36.81866611], [139.79107611, 36.81862444], [139.79110611, 36.81855889], [139.79130944, 36.8183575], [139.79142806, 36.81828055], [139.79149833, 36.8182575], [139.7915675, 36.8182375], [139.79164277, 36.81821944], [139.79171722, 36.81820528], [139.79178445, 36.81819528], [139.79184556, 36.81818639], [139.79191778, 36.81817944], [139.79196695, 36.81817139], [139.79203222, 36.81815638], [139.79213111, 36.81813111], [139.79223055, 36.81810111], [139.79228473, 36.81808306], [139.79234889, 36.81806083], [139.79240222, 36.81804083], [139.79243833, 36.81801973], [139.79245722, 36.81799888], [139.7924725, 36.81797277], [139.79249055, 36.81793472], [139.7924975, 36.81788139], [139.79250138, 36.81778916], [139.79249472, 36.81768333], [139.79248667, 36.81756889], [139.79247556, 36.81745166], [139.79247778, 36.81737861], [139.79248278, 36.81732167], [139.79249278, 36.8172925], [139.79250889, 36.81727445], [139.792535, 36.8172525], [139.792595, 36.81720917], [139.79265417, 36.81716611], [139.79270139, 36.81712806], [139.79273945, 36.81709389], [139.79276777, 36.81706889], [139.79279389, 36.81703083], [139.79280695, 36.81699195], [139.79282112, 36.81695083], [139.79284222, 36.81690472], [139.79286528, 36.81686889], [139.79288722, 36.81684472], [139.7929125, 36.81682278], [139.79295055, 36.81679972], [139.79298861, 36.81677861], [139.79302667, 36.8167675], [139.79307584, 36.81675445], [139.79313111, 36.81674639], [139.79321139, 36.81673556], [139.79327417, 36.81673195], [139.79333445, 36.81673416], [139.79336361, 36.81673806], [139.79341472, 36.81675305], [139.79346278, 36.81676722], [139.79351806, 36.81677417], [139.79357777, 36.81677194], [139.79364, 36.81676806], [139.79368, 36.81676305], [139.79372222, 36.81675389], [139.79376028, 36.81673694], [139.79380139, 36.816715], [139.79382861, 36.81669694], [139.79387361, 36.81665777], [139.79391277, 36.81661861], [139.79394583, 36.81658945], [139.79402111, 36.81651473], [139.79407528, 36.81646556], [139.79412639, 36.81641444], [139.7941875, 36.81635834], [139.79434584, 36.81623722], [139.79444306, 36.81616889], [139.79456834, 36.81607667], [139.79471695, 36.81597556], [139.79480833, 36.81591416], [139.79487917, 36.81587056], [139.79492723, 36.8158375], [139.79498749, 36.81580139], [139.79506778, 36.81576611], [139.795125, 36.81574722], [139.79518722, 36.81573111], [139.79525528, 36.81572111], [139.79532056, 36.81571611], [139.79539583, 36.81571611], [139.79547611, 36.81571917], [139.79553194, 36.81573222], [139.79560027, 36.81574917], [139.79568556, 36.81578139], [139.79575389, 36.81582028], [139.79580389, 36.8158625], [139.79587611, 36.81592556], [139.79597666, 36.81600777], [139.79604722, 36.81605722], [139.79611944, 36.81610556], [139.79619278, 36.81615667], [139.79624305, 36.81619055], [139.79630611, 36.81623667], [139.79638667, 36.8162925], [139.79643194, 36.81633473], [139.79646306, 36.81636278], [139.79649806, 36.81639778], [139.79651583, 36.81642889], [139.79652083, 36.81646806], [139.79651889, 36.81651222], [139.79650778, 36.81656722], [139.7965, 36.81661722], [139.79650917, 36.81665833], [139.79653417, 36.81670222], [139.79657222, 36.81676639], [139.79660639, 36.81681472], [139.79665556, 36.81687472], [139.79670778, 36.81692695], [139.79674195, 36.81696306], [139.79677528, 36.817015], [139.79680528, 36.81706889], [139.79685639, 36.81713417], [139.79690167, 36.81717639], [139.79693472, 36.81719944], [139.79697778, 36.81721445], [139.797025, 36.81722639], [139.79708916, 36.81723444], [139.79716444, 36.81724139], [139.79723083, 36.81724333], [139.79727195, 36.81723555], [139.79729888, 36.81722833], [139.79733111, 36.81720639], [139.79737028, 36.81716527], [139.79739445, 36.81712], [139.79740639, 36.81701889], [139.79740833, 36.81689222], [139.79740833, 36.81689166], [139.79740889, 36.8168575], [139.79742111, 36.81681333], [139.79745306, 36.81676444], [139.79749722, 36.81671417], [139.79757667, 36.81663306], [139.79770611, 36.81651361], [139.79776222, 36.8164675], [139.79782333, 36.81643444], [139.79789167, 36.8163975], [139.7979625, 36.81637583], [139.79801667, 36.81636583], [139.79808972, 36.81635972], [139.79817, 36.81636694], [139.79823722, 36.81637583], [139.7982875, 36.81638583], [139.79834278, 36.81639695], [139.79838472, 36.81642], [139.79839889, 36.81643694], [139.79840194, 36.81645195], [139.79839278, 36.816475], [139.79836667, 36.81649305], [139.79834278, 36.81651528], [139.79833361, 36.81654639], [139.79833167, 36.81656944], [139.79834167, 36.81659833], [139.79836972, 36.81663055], [139.79843361, 36.81668833], [139.79849973, 36.81673333], [139.79855583, 36.8167625], [139.79859194, 36.8167725], [139.79862417, 36.81677945], [139.79868138, 36.81678555], [139.79873639, 36.81679166], [139.79880361, 36.81679444], [139.79890112, 36.81679556], [139.79901556, 36.81679166], [139.79913167, 36.81678972], [139.79924223, 36.81678667], [139.79943778, 36.81678167], [139.79961805, 36.81677472], [139.79977555, 36.81678083], [139.79982972, 36.81678778], [139.79989111, 36.81679889], [139.799985, 36.81683917], [139.80005139, 36.81687223], [139.80010639, 36.81690834], [139.80016472, 36.81695555], [139.80021084, 36.8170025], [139.80024083, 36.81704667], [139.80026805, 36.81710583], [139.80028805, 36.81716694], [139.80030028, 36.81724112], [139.80031138, 36.81730695], [139.80032445, 36.81737305], [139.80034139, 36.81742222], [139.80037139, 36.81746917], [139.8003925, 36.81749722], [139.80043611, 36.817555], [139.80049334, 36.81760834], [139.80054945, 36.81764639], [139.80059862, 36.81767528], [139.80066472, 36.81769639], [139.80071194, 36.81770556], [139.80076722, 36.81770861], [139.80080333, 36.81770333], [139.8008275, 36.81769333], [139.8008625, 36.81766833], [139.80089972, 36.81763639], [139.80094777, 36.81758806], [139.80098694, 36.81753917], [139.80103612, 36.81748305], [139.80107916, 36.81743583], [139.80113944, 36.81739027], [139.80116333, 36.81737722], [139.80122973, 36.81734722], [139.8013, 36.81732916], [139.80136917, 36.81732528], [139.80144139, 36.81732611], [139.80151056, 36.81733112], [139.80153555, 36.81733722], [139.80156888, 36.81735028], [139.80160889, 36.81737028], [139.80165611, 36.81739027], [139.80170333, 36.81742333], [139.80173639, 36.81744944], [139.80176944, 36.81747055], [139.8018175, 36.8174975], [139.80186778, 36.81752778], [139.80191166, 36.81756611], [139.80195389, 36.81759722], [139.802, 36.81762527], [139.80204, 36.81764528], [139.80205806, 36.81765028], [139.80207111, 36.81765528], [139.80210222, 36.81767056], [139.80213528, 36.81768361], [139.80216861, 36.81769861], [139.80219861, 36.81771362], [139.80221861, 36.81772861], [139.80224472, 36.81775056], [139.80226277, 36.81777472], [139.80228389, 36.81780667], [139.80231695, 36.81784083], [139.8023525, 36.81787778], [139.80236722, 36.81789361], [139.80238528, 36.81791583], [139.80240028, 36.81794584], [139.80241139, 36.81797694], [139.80242444, 36.81802666], [139.80243333, 36.81805694], [139.80244444, 36.81808083], [139.80246444, 36.81810612], [139.80248556, 36.81813611], [139.80250555, 36.81816306], [139.80252667, 36.81819222], [139.80254583, 36.81821722], [139.80258222, 36.81826195], [139.80260833, 36.81829389], [139.80262638, 36.81832306], [139.80263722, 36.81834306], [139.80264639, 36.81837111], [139.8026525, 36.81840027], [139.8026575, 36.81843222], [139.80265833, 36.81848027], [139.80264944, 36.81857334], [139.80265139, 36.81862527], [139.80266361, 36.81866555], [139.8026825, 36.81871055], [139.80270472, 36.81876083], [139.80272778, 36.81880694], [139.80277, 36.81890694], [139.80278695, 36.81894389], [139.80280722, 36.81898694], [139.80282222, 36.81902305], [139.80283611, 36.81905611], [139.80285334, 36.81909333], [139.80286639, 36.81913027], [139.80287444, 36.81915333], [139.80288833, 36.81917445], [139.80291472, 36.819215], [139.80293777, 36.81923695], [139.80296695, 36.81926], [139.80299805, 36.81927611], [139.80304417, 36.81929528], [139.80307945, 36.81930611], [139.80315056, 36.81933139], [139.80319278, 36.81934527], [139.80323194, 36.81935723], [139.80329195, 36.81937639], [139.80333223, 36.81939139], [139.80336028, 36.8194025], [139.80338833, 36.81940945], [139.80342889, 36.81940361], [139.80345111, 36.81939862], [139.80347723, 36.8193875], [139.80349722, 36.81936667], [139.80349806, 36.8193525], [139.80350027, 36.81933444], [139.80351417, 36.81931444], [139.80353028, 36.81929944], [139.80354834, 36.81928333], [139.80357333, 36.81927139], [139.80360139, 36.81926222], [139.80363667, 36.81925028], [139.80367278, 36.81924222], [139.80373389, 36.81922722], [139.803775, 36.81921305], [139.80381834, 36.81919917], [139.80387139, 36.81918611], [139.80392361, 36.81916917], [139.80397972, 36.81915694], [139.80401667, 36.81914444], [139.80405083, 36.8191325], [139.80410084, 36.81911056], [139.80414916, 36.8190925], [139.80418917, 36.81907527], [139.80421528, 36.81906444], [139.80424444, 36.81904639], [139.80427444, 36.81902417], [139.80430167, 36.81900028], [139.80432862, 36.81897306], [139.80434778, 36.81895], [139.80435667, 36.81893917], [139.80438084, 36.81891806], [139.80441583, 36.81889], [139.80444194, 36.81887], [139.80447416, 36.81884472], [139.80450334, 36.81882777], [139.80452417, 36.81880778], [139.80454028, 36.81878778], [139.80455805, 36.81876111], [139.80457722, 36.81873583], [139.80460111, 36.81870583], [139.80462028, 36.81868472], [139.80464527, 36.81866583], [139.80467944, 36.81864861], [139.80471972, 36.81863583], [139.80477778, 36.81862362], [139.80482694, 36.81862055], [139.80489333, 36.81862556], [139.8050175, 36.81864167], [139.80518972, 36.81867611], [139.8052875, 36.81868751], [139.8053575, 36.81870444], [139.80551167, 36.81872111], [139.80560945, 36.81875499], [139.80569361, 36.81883389], [139.80569361, 36.81883944], [139.80570056, 36.81901416], [139.80577056, 36.81903111], [139.80590361, 36.81901416], [139.80613472, 36.81894666], [139.80626778, 36.81888473], [139.80642861, 36.81877194], [139.80654083, 36.81869306], [139.80663889, 36.81855806], [139.80680694, 36.81815805], [139.80684889, 36.81809611], [139.80699583, 36.81797222], [139.80703777, 36.81792722], [139.80705194, 36.81776945], [139.80715, 36.81769611], [139.80723389, 36.81765111], [139.80727583, 36.81760028], [139.80726889, 36.81755528], [139.80713583, 36.81743139], [139.807185, 36.8173975], [139.807325, 36.81733555], [139.80738806, 36.81728472], [139.80743694, 36.81720583], [139.80754889, 36.81713833], [139.80761194, 36.81709889], [139.80777305, 36.81684528], [139.80793139, 36.81669889], [139.80823444, 36.81691806], [139.80846472, 36.81708389], [139.80840167, 36.81718222], [139.80834222, 36.81723833], [139.80830611, 36.81727139], [139.80828944, 36.81730583], [139.80827139, 36.81734889], [139.80827139, 36.81738], [139.80828445, 36.81741472], [139.80830583, 36.81745222], [139.80832223, 36.817495], [139.80835528, 36.81755612], [139.80836861, 36.8175875], [139.80836195, 36.81760722], [139.80834056, 36.81762527], [139.80832167, 36.8176275], [139.80828556, 36.81762972], [139.80824805, 36.81763527], [139.808225, 36.81764], [139.80819861, 36.81766334], [139.80819028, 36.81769778], [139.80818028, 36.81775222], [139.80817222, 36.81779834], [139.80815555, 36.81789083], [139.80810278, 36.81802861], [139.80807139, 36.81810111], [139.80805139, 36.81815889], [139.80802195, 36.81822306], [139.80800362, 36.81827416], [139.80796722, 36.818355], [139.80793777, 36.81843583], [139.80791944, 36.81848027], [139.80791444, 36.81850667], [139.80790473, 36.81853972], [139.80790473, 36.81857111], [139.80790139, 36.81860056], [139.80790278, 36.81865305], [139.80789611, 36.81869112], [139.80789112, 36.8187225], [139.80785806, 36.81876167], [139.80784, 36.81877805], [139.80781361, 36.81879473], [139.80777222, 36.81880778], [139.80769472, 36.81882111], [139.80763028, 36.81884083], [139.80760388, 36.81884583], [139.80756777, 36.81888361], [139.80749334, 36.81895945], [139.80743083, 36.81901222], [139.80738445, 36.81905167], [139.80733333, 36.81908472], [139.80721861, 36.819165], [139.80714278, 36.81921111], [139.80707333, 36.81924584], [139.80702889, 36.81925722], [139.80696778, 36.81927528], [139.80688695, 36.819305], [139.80685889, 36.81932306], [139.80683583, 36.81933139], [139.80681444, 36.81935111], [139.80678472, 36.81938417], [139.80674667, 36.81943195], [139.80670389, 36.81949305], [139.80666917, 36.81954889], [139.80664944, 36.81959528], [139.80661389, 36.81967027], [139.80656445, 36.81974611], [139.80651667, 36.81979389], [139.80646389, 36.81985167], [139.80642083, 36.81987473], [139.80638472, 36.81989944], [139.80637806, 36.81992084], [139.80638472, 36.81995388], [139.80641111, 36.81998694], [139.80641916, 36.82001666], [139.80639111, 36.82003472], [139.806355, 36.82003972], [139.80631194, 36.82003639], [139.8062775, 36.82003139], [139.80622305, 36.82002472], [139.80619, 36.82001973], [139.80612, 36.81999639], [139.80607028, 36.81997], [139.80598444, 36.81993695], [139.80588223, 36.81990723], [139.805775, 36.81987444], [139.80565611, 36.819815], [139.80553417, 36.81972445], [139.80540389, 36.81961722], [139.80537888, 36.8196025], [139.8053225, 36.81969194], [139.80529111, 36.81974777], [139.80525473, 36.81982055], [139.80523833, 36.819865], [139.80523, 36.81989306], [139.80522, 36.8199225], [139.80520694, 36.81998028], [139.80519694, 36.82007917], [139.80518861, 36.82014834], [139.80518222, 36.82020278], [139.80516056, 36.82019472], [139.80511445, 36.82016667], [139.80506833, 36.82012695], [139.80500556, 36.82005444], [139.80495445, 36.82001666], [139.80490166, 36.81999833], [139.80485722, 36.81999833], [139.80481111, 36.82001], [139.80477472, 36.82002639], [139.80466361, 36.82010639], [139.80454139, 36.82018389], [139.80439472, 36.82026972], [139.8042625, 36.82034389], [139.804175, 36.82039472], [139.80406194, 36.82044444], [139.80396444, 36.82047389], [139.80389028, 36.82049861], [139.80384889, 36.82050528], [139.80377139, 36.82051528], [139.80366917, 36.82052195], [139.80359472, 36.82051528], [139.80350583, 36.82049388], [139.80342334, 36.82046917], [139.80333916, 36.82045084], [139.80324667, 36.82043444], [139.80317584, 36.82043111], [139.80311139, 36.82043111], [139.80304194, 36.82043778], [139.80297444, 36.8204525], [139.80291667, 36.8204725], [139.80283917, 36.82050028], [139.80279278, 36.82052667], [139.80272694, 36.82055139], [139.80268083, 36.82057611], [139.8025975, 36.82061195], [139.80251139, 36.82064917], [139.80236222, 36.82071805], [139.80230195, 36.82073806], [139.80226194, 36.82074666], [139.80219583, 36.82074666], [139.80212416, 36.82074973], [139.80204944, 36.8207525], [139.80198333, 36.82076111], [139.80189805, 36.82077389], [139.80187027, 36.82075528], [139.80185973, 36.82071972], [139.80184167, 36.82065833], [139.80183055, 36.82061111], [139.80182139, 36.82055111], [139.80181805, 36.82049472], [139.80182, 36.82042861], [139.801835, 36.82037278], [139.80184806, 36.820325], [139.80186278, 36.82026139], [139.80187027, 36.82022778], [139.80187778, 36.82018944], [139.80188333, 36.82014778], [139.80187833, 36.82011056], [139.80187167, 36.82008139], [139.80186472, 36.82005083], [139.80184777, 36.82001334], [139.80182055, 36.81997056], [139.80180111, 36.81992944], [139.80178056, 36.81988556], [139.80175639, 36.81984028], [139.8017375, 36.81979945], [139.80171694, 36.81976472], [139.80169027, 36.81971389], [139.80166806, 36.8196675], [139.80165055, 36.81963195], [139.80163389, 36.81959611], [139.80160916, 36.81953723], [139.80160361, 36.81952], [139.80159917, 36.81950945], [139.80159472, 36.81949778], [139.80159305, 36.81947472], [139.80158611, 36.81945667], [139.80157917, 36.81943889], [139.80157694, 36.81940472], [139.80157806, 36.81936556], [139.80157861, 36.81933473], [139.80159361, 36.81928694], [139.80160916, 36.81925111], [139.80162473, 36.81921194], [139.80163694, 36.81918416], [139.80164805, 36.81915195], [139.80164944, 36.81909667], [139.80164583, 36.81906195], [139.80164001, 36.81904472], [139.80162444, 36.819025], [139.80160778, 36.81901305], [139.80158111, 36.81900084], [139.80155055, 36.81898527], [139.80152027, 36.81897028], [139.80149472, 36.81895111], [139.80147361, 36.81893445], [139.80146389, 36.81891583], [139.80145889, 36.81887361], [139.80145945, 36.81883278], [139.80145139, 36.8188025], [139.80144889, 36.81876361], [139.80143945, 36.81872639], [139.80143389, 36.81870222], [139.80142722, 36.81866138], [139.80142334, 36.81863778], [139.80142083, 36.81859861], [139.80142223, 36.81856889], [139.80143333, 36.81852861], [139.80144194, 36.81850083], [139.8014575, 36.81846472], [139.80147111, 36.81842834], [139.80148667, 36.81838556], [139.80150028, 36.81834583], [139.80152139, 36.81825527], [139.8015275, 36.81820334], [139.80152584, 36.81817667], [139.80152139, 36.81815444], [139.80150583, 36.81812944], [139.80146667, 36.81809361], [139.80142528, 36.81806195], [139.80139305, 36.81804334], [139.80135083, 36.81801612], [139.80130195, 36.81798278], [139.80127722, 36.81795861], [139.80125111, 36.81793695], [139.80122695, 36.81792389], [139.80120389, 36.81790972], [139.80117361, 36.81789861], [139.80113889, 36.81788444], [139.80110972, 36.81788], [139.80108222, 36.81787639], [139.80105194, 36.8178675], [139.80102639, 36.81786639], [139.80101527, 36.8178675], [139.80100861, 36.81787056], [139.80100667, 36.81788861], [139.80100361, 36.81792777], [139.80100111, 36.8179525], [139.80098833, 36.81798556], [139.80096361, 36.81801722], [139.80092389, 36.81804444], [139.80089916, 36.81805694], [139.80087, 36.81806694], [139.80083389, 36.818075], [139.80077445, 36.81808723], [139.80071861, 36.81810028], [139.80062361, 36.81811445], [139.80056667, 36.81811583], [139.80052805, 36.81811334], [139.80049583, 36.81810528], [139.80046556, 36.81809472], [139.80043388, 36.81807667], [139.80038917, 36.81804528], [139.80034194, 36.81800723], [139.80028028, 36.81796528], [139.80025056, 36.81794111], [139.80021583, 36.81791889], [139.80019333, 36.81790778], [139.80017972, 36.81790278], [139.80015861, 36.81790084], [139.80014194, 36.81790166], [139.80012389, 36.81790166], [139.80010583, 36.81790723], [139.80008555, 36.81791222], [139.80006695, 36.81791639], [139.80004334, 36.81791639], [139.80000333, 36.81790694], [139.7999725, 36.81790195], [139.79993889, 36.81789778], [139.79992416, 36.81789333], [139.79992028, 36.81788277], [139.79992333, 36.81786306], [139.79993333, 36.81783806], [139.79995, 36.81782139], [139.79996611, 36.81779667], [139.79998111, 36.81776361], [139.79998611, 36.81773639], [139.79998805, 36.81765472], [139.79998916, 36.81759555], [139.79998972, 36.81755777], [139.79999667, 36.81750639], [139.80000222, 36.81747777], [139.80002278, 36.81741472], [139.80003195, 36.81737139], [139.80003639, 36.81733222], [139.80003639, 36.81729194], [139.80003028, 36.81725778], [139.80001139, 36.81718972], [139.80000222, 36.81717], [139.79997861, 36.81713972], [139.79995056, 36.81711555], [139.79991389, 36.81709139], [139.7998525, 36.81706222], [139.79979916, 36.81704361], [139.79973778, 36.81702555], [139.79965861, 36.81700611], [139.79960083, 36.81699306], [139.79953333, 36.81698], [139.79944277, 36.81696639], [139.79934361, 36.81695167], [139.7992575, 36.81694167], [139.7991775, 36.81693138], [139.79906833, 36.81691667], [139.7989875, 36.81690723], [139.798915, 36.8168975], [139.79889778, 36.81689556], [139.79879639, 36.816885], [139.79869, 36.81687194], [139.79862778, 36.81686139], [139.79855028, 36.81684944], [139.79846889, 36.81684222], [139.79839889, 36.81683028], [139.798345, 36.81682222], [139.79830722, 36.81681556], [139.79826194, 36.81680805], [139.79822861, 36.81680306], [139.79818444, 36.81679195], [139.79813305, 36.81677528], [139.79808778, 36.81675833], [139.79804611, 36.81674111], [139.79800834, 36.81672], [139.79794694, 36.81667417], [139.79790555, 36.81664806], [139.79786889, 36.81664195], [139.79783362, 36.81664445], [139.79779305, 36.81665055], [139.79775111, 36.81667111], [139.79771306, 36.81669028], [139.79767333, 36.81671889], [139.79762444, 36.81675222], [139.79759167, 36.81677889], [139.79756972, 36.8168025], [139.79754556, 36.81683139], [139.79752945, 36.81684639], [139.7975175, 36.81686805], [139.79750889, 36.81689667], [139.79750583, 36.81691445], [139.79749833, 36.81696584], [139.79749639, 36.81702417], [139.79748889, 36.81712778], [139.79748305, 36.81715], [139.79747028, 36.81717667], [139.79744528, 36.81721194], [139.79742, 36.81723444], [139.79739, 36.81725166], [139.79735916, 36.81726723], [139.79732806, 36.81727889], [139.79730195, 36.8172875], [139.79726473, 36.81729305], [139.79721028, 36.81729917], [139.79714695, 36.81729917], [139.79709056, 36.81729778], [139.79702416, 36.81729278], [139.79697639, 36.81728472], [139.79693416, 36.81727611], [139.79688722, 36.81725444], [139.79684611, 36.81723028], [139.79679889, 36.81719944], [139.79674527, 36.81715083], [139.79669278, 36.817095], [139.79665667, 36.81705833], [139.79660334, 36.81699834], [139.79654417, 36.81693334], [139.79650806, 36.8168875], [139.79646667, 36.81684167], [139.79643083, 36.81679945], [139.79637917, 36.81672723], [139.79634388, 36.8166675], [139.79630416, 36.81661306], [139.79625889, 36.81655167], [139.79620084, 36.81647194], [139.79615, 36.81639806], [139.79609722, 36.81632611], [139.79605695, 36.81626972], [139.79602389, 36.81622778], [139.79598417, 36.816185], [139.79593333, 36.81612666], [139.79589278, 36.81608333], [139.79584389, 36.81603555], [139.79576612, 36.81597306], [139.79571528, 36.81593722], [139.79567305, 36.81591], [139.79561584, 36.81588083], [139.79553695, 36.81584], [139.79548694, 36.81581333], [139.79545444, 36.81579972], [139.79541, 36.81579277], [139.79535611, 36.81578972], [139.79533, 36.81579028], [139.79529333, 36.81579667], [139.79525194, 36.81581139], [139.79518667, 36.81583695], [139.79510472, 36.81587584], [139.79504222, 36.815915], [139.79489861, 36.81600777], [139.79476139, 36.81611084], [139.79466944, 36.81617944], [139.794535, 36.81627917], [139.794465, 36.81632945], [139.79437444, 36.81640027], [139.79427945, 36.81648639], [139.79419417, 36.81656973], [139.79413084, 36.81663362], [139.79408056, 36.81668056], [139.79401389, 36.81674084], [139.79396222, 36.81677972], [139.79390083, 36.81681527], [139.7938575, 36.81683389], [139.79381083, 36.81684806], [139.79376251, 36.81685806], [139.79370861, 36.81686417], [139.79366084, 36.81686667], [139.79359889, 36.81686722], [139.79355861, 36.81686417], [139.79351083, 36.81685666], [139.79346611, 36.81685], [139.79341334, 36.8168425], [139.79336056, 36.81683389], [139.79329611, 36.8168275], [139.79319889, 36.81683084], [139.79316528, 36.81683833], [139.793115, 36.81685444], [139.79307167, 36.81687861], [139.79302055, 36.81692194], [139.79297334, 36.81695778], [139.79292694, 36.81700111], [139.79288027, 36.81704695], [139.79283583, 36.81709723], [139.79277222, 36.81716972], [139.79275306, 36.81718833], [139.79271833, 36.81722223], [139.79267861, 36.81725834], [139.79264945, 36.81728361], [139.79262945, 36.81730611], [139.79260889, 36.81732722], [139.79259722, 36.81734694], [139.79259028, 36.81737], [139.79258917, 36.81738416], [139.79258973, 36.81740388], [139.79260222, 36.81744472], [139.79261584, 36.81747889], [139.79262751, 36.81752166], [139.79263555, 36.81757862], [139.79264361, 36.81766583], [139.79264861, 36.81775944], [139.79264861, 36.8178375], [139.79264056, 36.81791195], [139.79262751, 36.81796389], [139.79261388, 36.81800361], [139.79259639, 36.81804139], [139.79257527, 36.8180725], [139.79254277, 36.8181025], [139.79250917, 36.81813361], [139.79245889, 36.8181675], [139.79242361, 36.81818806], [139.79236778, 36.81820833], [139.79231556, 36.8182275], [139.7922525, 36.81824611], [139.79217916, 36.81825972], [139.79211416, 36.81827028], [139.79205389, 36.81827667], [139.79197334, 36.81828278], [139.79188833, 36.81828944], [139.79180472, 36.81829639], [139.7917375, 36.81830639], [139.79167667, 36.81832], [139.79160833, 36.81834389], [139.79155195, 36.81837], [139.79147805, 36.81840639], [139.79142278, 36.8184425], [139.79136056, 36.81849722], [139.79132695, 36.81852306], [139.79127584, 36.81857417], [139.79122416, 36.8186475], [139.79120306, 36.81868722], [139.79116334, 36.81874416], [139.79114528, 36.81877167], [139.79112306, 36.81881055], [139.79110805, 36.81883917], [139.79107889, 36.81890778], [139.79105778, 36.81895916], [139.79103305, 36.81899944], [139.7910025, 36.81904611], [139.79098306, 36.819075], [139.79093778, 36.81911583], [139.7908825, 36.81916222], [139.79083166, 36.81920389], [139.79079666, 36.81922889], [139.79076055, 36.81924556], [139.79073834, 36.8192525], [139.79069778, 36.81925861], [139.79062972, 36.81926556], [139.79058055, 36.81927361], [139.79051862, 36.81927972], [139.79042889, 36.81928973], [139.79039111, 36.81930027], [139.79033138, 36.81931194], [139.7902825, 36.8193225], [139.79021222, 36.8193425], [139.79014528, 36.81935667], [139.79008639, 36.81937472], [139.79003111, 36.81939083], [139.78997167, 36.81941805], [139.78992083, 36.81944639], [139.78988778, 36.81946556], [139.78982638, 36.81949334], [139.78979167, 36.81950639], [139.78976139, 36.81951805], [139.78973638, 36.81952389], [139.78971667, 36.8195275], [139.78969555, 36.8195325], [139.78967333, 36.81954166], [139.78965527, 36.81955111], [139.78963111, 36.81957083], [139.78961555, 36.81958722], [139.78959389, 36.81961333], [139.78958, 36.81964416], [139.78956278, 36.81970611], [139.78954667, 36.8197625], [139.78951611, 36.81987889], [139.78951, 36.81991556], [139.78950695, 36.81999055], [139.78950806, 36.82005639], [139.78951917, 36.82014861], [139.78954667, 36.82020056], [139.78957084, 36.82024473], [139.78958084, 36.82027806], [139.78958084, 36.82031889], [139.78956694, 36.82036528], [139.78955889, 36.82038028], [139.78953139, 36.82042417], [139.78950167, 36.82045694], [139.78946694, 36.82049167], [139.78943167, 36.82051972], [139.78939195, 36.82054], [139.78936222, 36.82055], [139.78931, 36.8205525], [139.78924056, 36.82054889], [139.78921639, 36.82054195], [139.7891775, 36.82053389], [139.78912889, 36.82052834], [139.78906334, 36.82052389], [139.78895472, 36.82051722], [139.78880334, 36.82050833], [139.78873333, 36.82050778], [139.78866694, 36.82049972], [139.78861778, 36.82049223], [139.78855389, 36.82048111], [139.78850194, 36.82046694], [139.78846056, 36.82045445], [139.78842083, 36.82043139], [139.78839778, 36.8204025], [139.78837611, 36.82035723], [139.78836722, 36.82026445], [139.78833944, 36.82018084], [139.78832556, 36.82014611], [139.78827972, 36.82007861], [139.78822195, 36.82002472], [139.78814917, 36.81996112], [139.78811001, 36.81993639], [139.78808139, 36.81991416], [139.78806083, 36.81990416], [139.78802917, 36.81989972], [139.78795361, 36.81989972], [139.78789223, 36.81990222], [139.78786612, 36.81990416], [139.78784694, 36.81991111], [139.78780833, 36.81993944], [139.78774417, 36.81999333], [139.78767278, 36.82006389], [139.78763139, 36.82010917], [139.78760278, 36.820145], [139.78758723, 36.82017556], [139.78756667, 36.82021278], [139.78755056, 36.82026583], [139.78753194, 36.82034083], [139.78751889, 36.82042277], [139.78751194, 36.82057278], [139.78750944, 36.82062472], [139.78749333, 36.82075778], [139.78748888, 36.82079389], [139.78748028, 36.82084778], [139.78747111, 36.82087139], [139.78746361, 36.82091084], [139.78746889, 36.82095722], [139.78747139, 36.82098333], [139.78746528, 36.82103111], [139.78744472, 36.82105889], [139.78741861, 36.82109111]]]}, "properties": {"N03_001": "栃木県", "N03_002": null, "N03_003": "塩谷郡", "N03_004": "塩谷町", "N03_005": null, "N03_007": "09384"}}, {"type": "Feature", "geometry": {"type": "Polygon", "coordinates": [[[139.993384, 36.601695], [139.989669, 36.604736], [139.990784, 36.608652], [139.975989, 36.607234], [139.970751, 36.607571], [139.969605, 36.616749], [139.966258, 36.617722], [139.958465, 36.630362], [139.955371, 36.64007], [139.95997, 36.643639], [139.968065, 36.646859], [139.9711, 36.653019], [139.967738, 36.660721], [139.975486, 36.667885], [139.983101, 36.666302], [139.985762, 36.671239], [139.992219, 36.671623], [140.005544, 36.662908], [140.017676, 36.663076], [140.016979, 36.665671], [140.023661, 36.67385], [140.029763, 36.677766], [140.033626, 36.674159], [140.039812, 36.671908], [140.046453, 36.665739], [140.049186, 36.658486], [140.054049, 36.658849], [140.054372, 36.66315], [140.059281, 36.663103], [140.059167, 36.65431], [140.064438, 36.646054], [140.064432, 36.640126], [140.058409, 36.635778], [140.062425, 36.626819], [140.062884, 36.618259], [140.071389, 36.621549], [140.079218, 36.620517], [140.084668, 36.601402], [140.085238, 36.5999], [140.076173, 36.601522], [140.077579, 36.608005], [140.073104, 36.60924], [140.067043, 36.615241], [140.06247, 36.613412], [140.064149, 36.607316], [140.060428, 36.60555], [140.044475, 36.606803], [140.041352, 36.60435], [140.047631, 36.595502], [140.044977, 36.58615], [140.045953, 36.579793], [140.039155, 36.584134], [140.030286, 36.585021], [140.024866, 36.582455], [140.013909, 36.579712], [140.008996, 36.584209], [140.002753, 36.593489], [140.002229, 36.600425], [139.997885, 36.605519], [139.993384, 36.601695]]]}, "properties": {"N03_001": "栃木県", "N03_002": null, "N03_003": "塩谷郡", "N03_004": "高根沢町", "N03_005": null, "N03_007": "09386"}}, {"type": "Feature", "geometry": {"type": "Polygon", "coordinates": [[[140.234558, 36.941993], [140.228492, 36.937979], [140.224443, 36.941769], [140.213597, 36.945404], [140.202143, 36.946572], [140.195657, 36.944438], [140.185394, 36.945381], [140.184247, 36.94835], [140.168429, 36.946268], [140.158884, 36.943991], [140.160554, 36.935056], [140.153559, 36.932091], [140.144425, 36.938031], [140.135227, 36.934652], [140.134693, 36.924378], [140.13067, 36.922876], [140.126552, 36.915407], [140.112192, 36.926623], [140.111496, 36.931975], [140.108332, 36.934756], [140.109802, 36.936885], [140.118599, 36.937506], [140.11607, 36.940999], [140.121211, 36.947004], [140.116709, 36.95873], [140.123365, 36.9659], [140.129955, 36.963076], [140.134754, 36.964548], [140.138182, 36.96901], [140.134675, 36.980347], [140.139952, 36.981575], [140.131525, 36.986942], [140.123088, 36.986167], [140.117644, 36.976593], [140.101996, 36.976481], [140.091686, 36.986883], [140.085016, 36.99049], [140.080231, 36.985155], [140.084549, 36.976748], [140.087447, 36.973809], [140.081545, 36.969202], [140.074012, 36.969786], [140.072013, 36.976334], [140.067942, 36.975835], [140.060246, 36.979503], [140.049776, 36.982903], [140.043163, 36.986928], [140.032129, 36.991892], [140.033795, 37.00003], [140.028956, 37.005367], [140.023934, 37.006402], [140.020951, 37.013325], [140.013276, 37.022089], [140.00838, 37.023811], [140.000669, 37.034112], [139.994855, 37.033661], [139.995036, 37.039049], [139.988127, 37.040378], [139.985814, 37.037968], [139.9774, 37.044668], [139.972365, 37.042986], [139.963177, 37.046337], [139.95697, 37.047086], [139.948909, 37.050696], [139.947368, 37.057069], [139.948687, 37.060292], [139.947453, 37.068943], [139.943512, 37.078628], [139.945684, 37.083847], [139.953057, 37.091075], [139.953113, 37.099298], [139.944741, 37.105731], [139.938242, 37.106352], [139.932757, 37.104928], [139.931092, 37.125303], [139.933562, 37.126616], [139.937491, 37.137292], [139.942862, 37.140241], [139.950843, 37.139947], [139.967322, 37.147795], [139.97925, 37.146879], [139.990493, 37.142715], [139.995559, 37.143881], [140.014555, 37.140124], [140.024449, 37.143007], [140.026989, 37.140055], [140.033048, 37.140199], [140.047074, 37.135437], [140.04925, 37.131436], [140.057511, 37.126034], [140.065963, 37.127344], [140.089359, 37.121588], [140.093736, 37.124196], [140.100437, 37.123429], [140.102672, 37.121048], [140.119134, 37.11003], [140.125876, 37.107845], [140.128049, 37.104172], [140.134835, 37.103613], [140.137022, 37.106464], [140.146472, 37.099287], [140.150794, 37.094329], [140.156233, 37.091389], [140.153535, 37.087125], [140.158355, 37.080578], [140.164366, 37.079412], [140.172827, 37.070255], [140.184823, 37.069209], [140.193062, 37.065504], [140.194504, 37.06001], [140.190651, 37.056666], [140.199783, 37.047693], [140.198486, 37.038196], [140.199272, 37.028413], [140.203334, 37.02387], [140.208987, 37.022947], [140.211904, 37.019872], [140.219735, 37.018511], [140.224655, 37.023805], [140.23211, 37.02315], [140.242444, 37.023879], [140.248932, 37.025874], [140.248944, 37.018497], [140.251269, 37.009081], [140.246255, 37.009457], [140.246016, 37.005199], [140.240213, 37.000275], [140.244029, 36.991325], [140.249392, 36.988472], [140.250976, 36.983375], [140.244201, 36.978991], [140.243905, 36.973178], [140.252326, 36.966672], [140.25309, 36.962968], [140.244495, 36.95697], [140.240635, 36.949846], [140.243037, 36.943486], [140.234558, 36.941993]], [[140.10023445, 37.09735305], [140.10023472, 37.09779084], [140.10022055, 37.098095], [140.10021972, 37.09809916], [140.10020667, 37.09817806], [140.10019417, 37.0982175], [140.10015251, 37.09827945], [140.10011555, 37.09831472], [140.10005139, 37.09836223], [140.09999611, 37.09839528], [140.0999025, 37.09844611], [140.09955833, 37.09861861], [140.09941611, 37.09870612], [140.09928555, 37.09881027], [140.09918417, 37.09890833], [140.09910889, 37.09899445], [140.09896139, 37.09917278], [140.09892555, 37.09920667], [140.09888445, 37.09924361], [140.09884, 37.09927555], [140.09878, 37.09929194], [140.09868778, 37.09931166], [140.09858722, 37.09932333], [140.09854806, 37.09932583], [140.09851055, 37.0993225], [140.09846278, 37.09931389], [140.0984275, 37.09930056], [140.09838916, 37.09927027], [140.09837139, 37.09924416], [140.09836695, 37.09921333], [140.09837139, 37.09918778], [140.09838694, 37.09916528], [140.09840639, 37.09914806], [140.09845389, 37.09912805], [140.09854361, 37.09908639], [140.09862445, 37.09904694], [140.09867527, 37.09902028], [140.09871583, 37.098985], [140.098765, 37.09894333], [140.09878639, 37.09891167], [140.09886694, 37.09878944], [140.09892528, 37.09869167], [140.09901528, 37.09858166], [140.09905389, 37.09853305], [140.09920111, 37.09838223], [140.09928472, 37.09831028], [140.09940722, 37.09820584], [140.09955111, 37.09810139], [140.09959278, 37.09806167], [140.0996325, 37.09800861], [140.09965139, 37.09795972], [140.09965833, 37.09790944], [140.09966528, 37.09777944], [140.09965139, 37.09761055], [140.09957389, 37.09735695], [140.09951139, 37.09720805], [140.09947555, 37.09714278], [140.09924333, 37.09684417], [140.09901139, 37.09635417], [140.09889889, 37.09617389], [140.09880028, 37.09607806], [140.09873223, 37.09602889], [140.098695, 37.09601056], [140.09862528, 37.09597694], [140.09854722, 37.09594834], [140.0983925, 37.09590889], [140.0979625, 37.09584805], [140.0979075, 37.09583027], [140.09787527, 37.09581167], [140.09785139, 37.09579084], [140.09784638, 37.09575861], [140.09785139, 37.09574], [140.09786527, 37.09571084], [140.09789611, 37.09567417], [140.09793167, 37.09563472], [140.09798528, 37.09558583], [140.09804111, 37.09554862], [140.09816861, 37.09548166], [140.09825917, 37.09544028], [140.098305, 37.09541362], [140.09836056, 37.09535028], [140.09839, 37.09527945], [140.09839, 37.09521722], [140.09838694, 37.09512083], [140.09838139, 37.09491778], [140.09838555, 37.09466972], [140.09839945, 37.09463028], [140.09841972, 37.09460445], [140.09844806, 37.09459055], [140.09849389, 37.09458917], [140.09856111, 37.09459083], [140.0991975, 37.09467556], [140.09944722, 37.09470917], [140.09957333, 37.09473444], [140.09964417, 37.09474861], [140.09966694, 37.09476778], [140.09967222, 37.09478806], [140.09966805, 37.09480528], [140.09965833, 37.09481639], [140.09961973, 37.09484722], [140.09954222, 37.09488944], [140.09945722, 37.09493805], [140.09944111, 37.09496306], [140.09941639, 37.09504278], [140.09940834, 37.09508806], [140.09941139, 37.09519417], [140.09942583, 37.09525695], [140.09945444, 37.09535722], [140.09948306, 37.09540722], [140.09951055, 37.09545305], [140.09960195, 37.09554916], [140.09971445, 37.09565], [140.09974223, 37.09569], [140.09976389, 37.09574584], [140.09977, 37.09579333], [140.09976889, 37.0958275], [140.09977611, 37.09593972], [140.099785, 37.09608361], [140.09981222, 37.0962125], [140.09984112, 37.09632583], [140.09991139, 37.09648361], [140.10008722, 37.09673167], [140.10020694, 37.09692306], [140.10024195, 37.09701333], [140.10024861, 37.0970825], [140.10024249, 37.09720528], [140.10023445, 37.09735305]], [[140.04973111, 37.04454361], [140.04970306, 37.04460555], [140.04962555, 37.04474083], [140.04960695, 37.04481277], [140.04951611, 37.04491195], [140.04937333, 37.04508361], [140.04931084, 37.04514583], [140.04928556, 37.04519111], [140.04927139, 37.0452675], [140.04925444, 37.04538639], [140.04922305, 37.04554473], [140.04919195, 37.04560417], [140.04916361, 37.04564667], [140.04892028, 37.04586167], [140.04888361, 37.04587583], [140.04764028, 37.04579667], [140.04758944, 37.04573722], [140.04751862, 37.04545417], [140.04752555, 37.04540528], [140.04766611, 37.04527], [140.04784167, 37.04512917], [140.04798223, 37.04503917], [140.04810166, 37.04494889], [140.04817889, 37.04487555], [140.04824916, 37.04476305], [140.04824916, 37.04467833], [140.04817889, 37.04448167], [140.04816472, 37.04436889], [140.04817889, 37.04413777], [140.04815083, 37.04406472], [140.04798916, 37.04383362], [140.04794722, 37.04370972], [140.04786278, 37.04356333], [140.04774333, 37.04347306], [140.04761, 37.04339973], [140.04753277, 37.04334333], [140.04739917, 37.04321944], [140.04725861, 37.04320833], [140.04711833, 37.04326473], [140.04701278, 37.04335473], [140.04696472, 37.04338527], [140.04689139, 37.04339389], [140.04680361, 37.04339111], [140.04672444, 37.04337417], [140.04667917, 37.04334], [140.04665362, 37.04329778], [140.04665362, 37.04322695], [140.0466675, 37.04314305], [140.04669139, 37.04308083], [140.04676111, 37.04299584], [140.04678361, 37.04291667], [140.04679223, 37.04282028], [140.04680056, 37.04274694], [140.04677528, 37.04263917], [140.04674111, 37.04259111], [140.04666195, 37.04253167], [140.04655722, 37.04246111], [140.04639556, 37.04234223], [140.04626528, 37.04222889], [140.04623138, 37.04219222], [140.0461775, 37.04210723], [140.046135, 37.04201417], [140.04618417, 37.04187889], [140.04634584, 37.04165917], [140.04644417, 37.04155222], [140.04651444, 37.04151278], [140.04662667, 37.04150138], [140.04703416, 37.04156333], [140.04725194, 37.04158028], [140.04796111, 37.04158028], [140.04813666, 37.04156333], [140.04829139, 37.04155778], [140.04836166, 37.04161417], [140.04840361, 37.04167055], [140.04843167, 37.04173805], [140.04840361, 37.04185084], [140.04831944, 37.04193527], [140.04798916, 37.04211], [140.047905, 37.04221694], [140.04788388, 37.04228417], [140.047905, 37.04236306], [140.04806639, 37.04249278], [140.04831944, 37.04257723], [140.04850194, 37.04261667], [140.04855055, 37.04262083], [140.04861278, 37.04266305], [140.04874861, 37.04279334], [140.0490375, 37.04305666], [140.04925833, 37.04325167], [140.04947611, 37.0434725], [140.04978223, 37.04379805], [140.04992944, 37.04396194], [140.04995194, 37.04400444], [140.04996083, 37.04405167], [140.04992055, 37.04422806], [140.04989972, 37.04426194], [140.04982306, 37.04430973], [140.04977305, 37.04434083], [140.049745, 37.04437444], [140.04973111, 37.04454361]]]}, "properties": {"N03_001": "栃木県", "N03_002": null, "N03_003": "那須郡", "N03_004": "那須町", "N03_005": null, "N03_007": "09407"}}, {"type": "Feature", "geometry": {"type": "Polygon", "coordinates": [[[140.046554, 36.774445], [140.045279, 36.783586], [140.048743, 36.787592], [140.056643, 36.78349], [140.064707, 36.785734], [140.072841, 36.786374], [140.077816, 36.784204], [140.083297, 36.787959], [140.078318, 36.790713], [140.080693, 36.796362], [140.092027, 36.797558], [140.10127, 36.794515], [140.112156, 36.789131], [140.115629, 36.784694], [140.136918, 36.784654], [140.139989, 36.788647], [140.147897, 36.793302], [140.151876, 36.800558], [140.158852, 36.800943], [140.163545, 36.806047], [140.165485, 36.814137], [140.170422, 36.81586], [140.171006, 36.822932], [140.174223, 36.827544], [140.179612, 36.827172], [140.187096, 36.819878], [140.191737, 36.823696], [140.197882, 36.825029], [140.204509, 36.833621], [140.204126, 36.836945], [140.217071, 36.842842], [140.221797, 36.838587], [140.230852, 36.837636], [140.231952, 36.828198], [140.228691, 36.824245], [140.23055, 36.821595], [140.227906, 36.81709], [140.233264, 36.802113], [140.244578, 36.791548], [140.244301, 36.788616], [140.253815, 36.783655], [140.257425, 36.777232], [140.253672, 36.774516], [140.261067, 36.767593], [140.256861, 36.766113], [140.254945, 36.760222], [140.259628, 36.754766], [140.262206, 36.748284], [140.269124, 36.742101], [140.277465, 36.738749], [140.283336, 36.734139], [140.287671, 36.72537], [140.285981, 36.712497], [140.282306, 36.708113], [140.271054, 36.706731], [140.267819, 36.702271], [140.258441, 36.701572], [140.246697, 36.702271], [140.244177, 36.69779], [140.233392, 36.700247], [140.229879, 36.698826], [140.226813, 36.692393], [140.22042, 36.687147], [140.22346, 36.683557], [140.225018, 36.677778], [140.221566, 36.674286], [140.215536, 36.673104], [140.21168, 36.674915], [140.211169, 36.678708], [140.207138, 36.682851], [140.20083, 36.680549], [140.186356, 36.682161], [140.181989, 36.678415], [140.178019, 36.681389], [140.167344, 36.683546], [140.169882, 36.687988], [140.160734, 36.699738], [140.160481, 36.711504], [140.158804, 36.715243], [140.154239, 36.716863], [140.148805, 36.724407], [140.138339, 36.724247], [140.132524, 36.720429], [140.130642, 36.716764], [140.124418, 36.714624], [140.121348, 36.7167], [140.119407, 36.724429], [140.11594, 36.727606], [140.108364, 36.726493], [140.10367, 36.730841], [140.093355, 36.731098], [140.085402, 36.739759], [140.082917, 36.744689], [140.082079, 36.749953], [140.078453, 36.756372], [140.084348, 36.761238], [140.08255, 36.765831], [140.077582, 36.765992], [140.067389, 36.773405], [140.061008, 36.769947], [140.049557, 36.775817], [140.046554, 36.774445]]]}, "properties": {"N03_001": "栃木県", "N03_002": null, "N03_003": "那須郡", "N03_004": "那珂川町", "N03_005": null, "N03_007": "09411"}}]}