{
  "type": "FeatureCollection",
  "features": [
    {
      "type": "Feature",
      "geometry": {
        "type": "Polygon",
        "coordinates": [
          [
            [
              136.270766,
              36.10492
            ],
            [
              136.253661,
              36.106506
            ],
            [
              136.254067,
              36.123649
            ],
            [
              136.234618,
              36.118623
            ],
            [
              136.198041,
              36.121496
            ],
            [
              136.19306,
              36.124442
            ],
            [
              136.191787,
              36.130422
            ],
            [
              136.17783,
              36.133682
            ],
            [
              136.176006,
              36.13863
            ],
            [
              136.16647,
              36.14447
            ],
            [
              136.162301,
              36.158088
            ],
            [
              136.151554,
              36.166896
            ],
            [
              136.14788,
              36.163413
            ],
            [
              136.139213,
              36.163283
            ],
            [
              136.139052,
              36.172085
            ],
            [
              136.129215,
              36.163663
            ],
            [
              136.125595,
              36.163028
            ],
            [
              136.100029,
              36.172893
            ],
            [
              136.090389,
              36.160515
            ],
            [
              136.095386,
              36.157708
            ],
            [
              136.093253,
              36.153044
            ],
            [
              136.072444,
              36.135431
            ],
            [
              136.054592,
              36.129127
            ],
            [
              136.05433,
              36.121063
            ],
            [
              136.048479,
              36.117593
            ],
            [
              136.048507,
              36.109656
            ],
            [
              136.037081,
              36.105087
            ],
            [
              136.030792,
              36.093544
            ],
            [
              136.030636,
              36.086431
            ],
            [
              136.021372,
              36.071434
            ],
            [
              136.016309,
              36.04899
            ],
            [
              136.011814,
              36.045621
            ],
            [
              136.010595,
              36.033282
            ],
            [
              135.985523,
              36.008857
            ],
            [
              135.964373,
              35.997514
            ],
            [
              135.967457,
              35.994326
            ],
            [
              135.969838,
              35.991865
            ],
            [
              135.985564,
              35.987784
            ],
            [
              135.996572,
              35.982852
            ],
            [
              136.004621,
              35.990084
            ],
            [
              136.002484,
              35.996871
            ],
            [
              136.005707,
              36.009996
            ],
            [
              136.01173,
              36.014236
            ],
            [
              136.02282,
              36.00534
            ],
            [
              136.028267,
              35.994955
            ],
            [
              136.043886,
              36.001896
            ],
            [
              136.04934,
              36.009666
            ],
            [
              136.056113,
              36.012089
            ],
            [
              136.05729,
              36.026838
            ],
            [
              136.072147,
              36.028048
            ],
            [
              136.07185,
              36.023899
            ],
            [
              136.081746,
              36.019099
            ],
            [
              136.097354,
              36.009281
            ],
            [
              136.096928,
              36.00493
            ],
            [
              136.120843,
              36.001049
            ],
            [
              136.128093,
              36.003876
            ],
            [
              136.13754,
              35.992885
            ],
            [
              136.155226,
              35.992287
            ],
            [
              136.15901,
              35.998207
            ],
            [
              136.16618,
              35.996024
            ],
            [
              136.177773,
              36.001381
            ],
            [
              136.185165,
              35.988943
            ],
            [
              136.194709,
              35.990785
            ],
            [
              136.206382,
              35.985733
            ],
            [
              136.201679,
              35.974255
            ],
            [
              136.205632,
              35.971236
            ],
            [
              136.219955,
              35.987903
            ],
            [
              136.230251,
              35.99025
            ],
            [
              136.238879,
              35.98346
            ],
            [
              136.271131,
              35.977971
            ],
            [
              136.274846,
              35.972154
            ],
            [
              136.290444,
              35.973966
            ],
            [
              136.303171,
              35.964503
            ],
            [
              136.313124,
              35.965966
            ],
            [
              136.317719,
              35.964211
            ],
            [
              136.317755,
              35.95794
            ],
            [
              136.322937,
              35.951857
            ],
            [
              136.33637,
              35.951126
            ],
            [
              136.331504,
              35.942801
            ],
            [
              136.333737,
              35.928673
            ],
            [
              136.350145,
              35.934281
            ],
            [
              136.352106,
              35.942123
            ],
            [
              136.358302,
              35.947541
            ],
            [
              136.38786,
              35.952603
            ],
            [
              136.400038,
              35.948286
            ],
            [
              136.40712,
              35.94902
            ],
            [
              136.423016,
              35.938797
            ],
            [
              136.43556,
              35.936117
            ],
            [
              136.438747,
              35.927685
            ],
            [
              136.446144,
              35.922897
            ],
            [
              136.459614,
              35.919337
            ],
            [
              136.467213,
              35.921462
            ],
            [
              136.453324,
              35.931127
            ],
            [
              136.464415,
              35.933046
            ],
            [
              136.461294,
              35.941599
            ],
            [
              136.465503,
              35.950146
            ],
            [
              136.455284,
              35.955425
            ],
            [
              136.457152,
              35.96709
            ],
            [
              136.448526,
              35.983436
            ],
            [
              136.456321,
              35.992063
            ],
            [
              136.451581,
              35.996899
            ],
            [
              136.45535,
              36.001971
            ],
            [
              136.448942,
              36.010122
            ],
            [
              136.453878,
              36.018069
            ],
            [
              136.445712,
              36.021894
            ],
            [
              136.432003,
              36.043322
            ],
            [
              136.42716,
              36.04065
            ],
            [
              136.40761,
              36.045922
            ],
            [
              136.384857,
              36.047182
            ],
            [
              136.367558,
              36.033512
            ],
            [
              136.347945,
              36.037601
            ],
            [
              136.340462,
              36.053131
            ],
            [
              136.32869,
              36.048306
            ],
            [
              136.322177,
              36.049615
            ],
            [
              136.316965,
              36.041267
            ],
            [
              136.297269,
              36.046141
            ],
            [
              136.297035,
              36.049669
            ],
            [
              136.286446,
              36.056082
            ],
            [
              136.281836,
              36.073332
            ],
            [
              136.289417,
              36.076146
            ],
            [
              136.28207,
              36.09074
            ],
            [
              136.279954,
              36.104068
            ],
            [
              136.270766,
              36.10492
            ]
          ]
        ]
      },
      "properties": {
        "N03_001": "福井県",
        "N03_002": null,
        "N03_003": null,
        "N03_004": "福井市",
        "N03_005": null,
        "N03_007": "18201"
      }
    },
    {
      "type": "Feature",
      "geometry": {
        "type": "Polygon",
        "coordinates": [
          [
            [
              136.027679,
              35.542471
            ],
            [
              136.026532,
              35.529497
            ],
            [
              136.048617,
              35.534513
            ],
            [
              136.069437,
              35.526267
            ],
            [
              136.077047,
              35.530541
            ],
            [
              136.076772,
              35.534573
            ],
            [
              136.082907,
              35.540578
            ],
            [
              136.106353,
              35.528916
            ],
            [
              136.105868,
              35.538256
            ],
            [
              136.109448,
              35.54496
            ],
            [
              136.105436,
              35.55555
            ],
            [
              136.110441,
              35.559723
            ],
            [
              136.107939,
              35.568297
            ],
            [
              136.112927,
              35.573961
            ],
            [
              136.113838,
              35.582898
            ],
            [
              136.121202,
              35.576204
            ],
            [
              136.138904,
              35.575672
            ],
            [
              136.14489,
              35.570554
            ],
            [
              136.15051,
              35.572905
            ],
            [
              136.162317,
              35.571493
            ],
            [
              136.169925,
              35.566066
            ],
            [
              136.170673,
              35.575619
            ],
            [
              136.166384,
              35.582481
            ],
            [
              136.177417,
              35.59485
            ],
            [
              136.176808,
              35.598448
            ],
            [
              136.16689,
              35.618625
            ],
            [
              136.159866,
              35.625228
            ],
            [
              136.159893,
              35.63484
            ],
            [
              136.15123,
              35.648964
            ],
            [
              136.150163,
              35.659381
            ],
            [
              136.136365,
              35.665732
            ],
            [
              136.134475,
              35.669446
            ],
            [
              136.150362,
              35.6913
            ],
            [
              136.148733,
              35.699273
            ],
            [
              136.148788,
              35.710652
            ],
            [
              136.131993,
              35.722691
            ],
            [
              136.131339,
              35.738647
            ],
            [
              136.118548,
              35.751749
            ],
            [
              136.111919,
              35.76552
            ],
            [
              136.09831,
              35.765238
            ],
            [
              136.10141,
              35.756931
            ],
            [
              136.099926,
              35.746677
            ],
            [
              136.085687,
              35.739226
            ],
            [
              136.096481,
              35.735639
            ],
            [
              136.098657,
              35.725767
            ],
            [
              136.090956,
              35.716936
            ],
            [
              136.092367,
              35.710972
            ],
            [
              136.07848,
              35.703403
            ],
            [
              136.081609,
              35.699612
            ],
            [
              136.081343,
              35.689252
            ],
            [
              136.086113,
              35.68471
            ],
            [
              136.074295,
              35.67806
            ],
            [
              136.074294,
              35.667397
            ],
            [
              136.06329,
              35.668207
            ],
            [
              136.059635,
              35.657163
            ],
            [
              136.044831,
              35.658194
            ],
            [
              136.045681,
              35.663445
            ],
            [
              136.041919,
              35.670563
            ],
            [
              136.025467,
              35.680532
            ],
            [
              136.032939,
              35.692729
            ],
            [
              136.040677,
              35.69929
            ],
            [
              136.044347,
              35.705456
            ],
            [
              136.035899,
              35.718739
            ],
            [
              136.038352,
              35.726748
            ],
            [
              136.022024,
              35.748803
            ],
            [
              136.037723,
              35.73913
            ],
            [
              136.031784,
              35.75178
            ],
            [
              136.025765,
              35.755012
            ],
            [
              136.020884,
              35.763004
            ],
            [
              136.016781,
              35.763662
            ],
            [
              136.009588,
              35.75419
            ],
            [
              136.005372,
              35.756086
            ],
            [
              136.001155,
              35.749881
            ],
            [
              135.993639,
              35.748888
            ],
            [
              135.980935,
              35.73772
            ],
            [
              135.9811,
              35.733105
            ],
            [
              135.967884,
              35.735551
            ],
            [
              135.964586,
              35.730112
            ],
            [
              135.968748,
              35.724823
            ],
            [
              135.985857,
              35.724365
            ],
            [
              136.00555,
              35.729675
            ],
            [
              136.012573,
              35.724905
            ],
            [
              136.013611,
              35.717359
            ],
            [
              136.010175,
              35.708368
            ],
            [
              136.012922,
              35.684025
            ],
            [
              136.009048,
              35.677663
            ],
            [
              136.009533,
              35.66982
            ],
            [
              136.013718,
              35.666983
            ],
            [
              135.998711,
              35.653805
            ],
            [
              136.004163,
              35.645814
            ],
            [
              136.009138,
              35.631521
            ],
            [
              136.005909,
              35.615972
            ],
            [
              136.009395,
              35.60905
            ],
            [
              136.00461,
              35.59516
            ],
            [
              136.009351,
              35.585789
            ],
            [
              136.025164,
              35.587329
            ],
            [
              136.029379,
              35.577204
            ],
            [
              136.029652,
              35.568956
            ],
            [
              136.022795,
              35.558489
            ],
            [
              136.023895,
              35.545565
            ],
            [
              136.027679,
              35.542471
            ]
          ]
        ]
      },
      "properties": {
        "N03_001": "福井県",
        "N03_002": null,
        "N03_003": null,
        "N03_004": "敦賀市",
        "N03_005": null,
        "N03_007": "18202"
      }
    },
    {
      "type": "Feature",
      "geometry": {
        "type": "Polygon",
        "coordinates": [
          [
            [
              135.853649,
              35.412211
            ],
            [
              135.8579,
              35.418241
            ],
            [
              135.859164,
              35.432299
            ],
            [
              135.849046,
              35.442333
            ],
            [
              135.840902,
              35.441351
            ],
            [
              135.818956,
              35.451503
            ],
            [
              135.815401,
              35.462386
            ],
            [
              135.810081,
              35.466125
            ],
            [
              135.811867,
              35.475686
            ],
            [
              135.800248,
              35.481148
            ],
            [
              135.796366,
              35.488085
            ],
            [
              135.809446,
              35.489934
            ],
            [
              135.824874,
              35.479249
            ],
            [
              135.843309,
              35.484399
            ],
            [
              135.842388,
              35.495317
            ],
            [
              135.845364,
              35.502147
            ],
            [
              135.84091,
              35.507649
            ],
            [
              135.841449,
              35.513008
            ],
            [
              135.832049,
              35.522502
            ],
            [
              135.848355,
              35.535678
            ],
            [
              135.850356,
              35.542879
            ],
            [
              135.844168,
              35.549204
            ],
            [
              135.821873,
              35.560071
            ],
            [
              135.819072,
              35.566045
            ],
            [
              135.813841,
              35.569354
            ],
            [
              135.811197,
              35.577411
            ],
            [
              135.804042,
              35.564868
            ],
            [
              135.812259,
              35.563939
            ],
            [
              135.811953,
              35.55866
            ],
            [
              135.818754,
              35.556822
            ],
            [
              135.825558,
              35.546527
            ],
            [
              135.829191,
              35.545197
            ],
            [
              135.834309,
              35.537248
            ],
            [
              135.827222,
              35.533284
            ],
            [
              135.816416,
              35.532964
            ],
            [
              135.815169,
              35.529362
            ],
            [
              135.798581,
              35.52493
            ],
            [
              135.795461,
              35.530846
            ],
            [
              135.786012,
              35.53453
            ],
            [
              135.786869,
              35.541505
            ],
            [
              135.779663,
              35.550303
            ],
            [
              135.774539,
              35.549709
            ],
            [
              135.765933,
              35.557306
            ],
            [
              135.76417,
              35.55093
            ],
            [
              135.771253,
              35.5475
            ],
            [
              135.770017,
              35.54388
            ],
            [
              135.757061,
              35.543266
            ],
            [
              135.750023,
              35.555147
            ],
            [
              135.752774,
              35.558072
            ],
            [
              135.749879,
              35.566608
            ],
            [
              135.744726,
              35.564392
            ],
            [
              135.741551,
              35.570225
            ],
            [
              135.735896,
              35.571351
            ],
            [
              135.721672,
              35.568214
            ],
            [
              135.714644,
              35.569865
            ],
            [
              135.707517,
              35.564217
            ],
            [
              135.703068,
              35.557487
            ],
            [
              135.689427,
              35.550068
            ],
            [
              135.69402,
              35.542599
            ],
            [
              135.702627,
              35.544354
            ],
            [
              135.716782,
              35.540744
            ],
            [
              135.717938,
              35.519754
            ],
            [
              135.73318,
              35.524132
            ],
            [
              135.738682,
              35.535917
            ],
            [
              135.758669,
              35.538777
            ],
            [
              135.764768,
              35.535489
            ],
            [
              135.762524,
              35.530513
            ],
            [
              135.755387,
              35.533714
            ],
            [
              135.750801,
              35.531628
            ],
            [
              135.748398,
              35.517869
            ],
            [
              135.743813,
              35.506328
            ],
            [
              135.734039,
              35.500807
            ],
            [
              135.738582,
              35.495312
            ],
            [
              135.72093,
              35.492219
            ],
            [
              135.719631,
              35.48504
            ],
            [
              135.714061,
              35.483213
            ],
            [
              135.707742,
              35.489808
            ],
            [
              135.681571,
              35.487256
            ],
            [
              135.665999,
              35.489847
            ],
            [
              135.662434,
              35.493715
            ],
            [
              135.654328,
              35.480423
            ],
            [
              135.645167,
              35.478604
            ],
            [
              135.64848,
              35.465048
            ],
            [
              135.640807,
              35.458957
            ],
            [
              135.647174,
              35.450104
            ],
            [
              135.631695,
              35.444589
            ],
            [
              135.622352,
              35.445304
            ],
            [
              135.620746,
              35.441175
            ],
            [
              135.609203,
              35.441276
            ],
            [
              135.599239,
              35.434415
            ],
            [
              135.588853,
              35.430129
            ],
            [
              135.598365,
              35.42473
            ],
            [
              135.598815,
              35.418978
            ],
            [
              135.60453,
              35.415779
            ],
            [
              135.615334,
              35.414453
            ],
            [
              135.620925,
              35.42193
            ],
            [
              135.628386,
              35.421579
            ],
            [
              135.632183,
              35.426682
            ],
            [
              135.641048,
              35.424499
            ],
            [
              135.643536,
              35.416661
            ],
            [
              135.654371,
              35.415736
            ],
            [
              135.66619,
              35.410246
            ],
            [
              135.670506,
              35.415441
            ],
            [
              135.682281,
              35.415459
            ],
            [
              135.693467,
              35.410331
            ],
            [
              135.712596,
              35.408885
            ],
            [
              135.717992,
              35.413621
            ],
            [
              135.727679,
              35.413924
            ],
            [
              135.7351,
              35.417705
            ],
            [
              135.760306,
              35.40993
            ],
            [
              135.76805,
              35.40389
            ],
            [
              135.773771,
              35.393531
            ],
            [
              135.788887,
              35.389098
            ],
            [
              135.80495,
              35.384386
            ],
            [
              135.810123,
              35.391482
            ],
            [
              135.808092,
              35.395241
            ],
            [
              135.813499,
              35.413222
            ],
            [
              135.826695,
              35.41465
            ],
            [
              135.836315,
              35.412008
            ],
            [
              135.839052,
              35.414354
            ],
            [
              135.853649,
              35.412211
            ]
          ]
        ]
      },
      "properties": {
        "N03_001": "福井県",
        "N03_002": null,
        "N03_003": null,
        "N03_004": "小浜市",
        "N03_005": null,
        "N03_007": "18204"
      }
    },
    {
      "type": "Feature",
      "geometry": {
        "type": "Polygon",
        "coordinates": [
          [
            [
              136.459614,
              35.919337
            ],
            [
              136.455183,
              35.913425
            ],
            [
              136.439091,
              35.909031
            ],
            [
              136.43863,
              35.902465
            ],
            [
              136.432523,
              35.89635
            ],
            [
              136.432226,
              35.890087
            ],
            [
              136.439264,
              35.886006
            ],
            [
              136.43986,
              35.877921
            ],
            [
              136.433081,
              35.872094
            ],
            [
              136.434963,
              35.867148
            ],
            [
              136.427647,
              35.858853
            ],
            [
              136.430903,
              35.850394
            ],
            [
              136.428857,
              35.83899
            ],
            [
              136.423355,
              35.832774
            ],
            [
              136.428164,
              35.823464
            ],
            [
              136.42256,
              35.819459
            ],
            [
              136.423241,
              35.813019
            ],
            [
              136.43302,
              35.805678
            ],
            [
              136.431315,
              35.797974
            ],
            [
              136.422825,
              35.793357
            ],
            [
              136.415966,
              35.782446
            ],
            [
              136.430728,
              35.775029
            ],
            [
              136.445805,
              35.772908
            ],
            [
              136.458932,
              35.779067
            ],
            [
              136.469044,
              35.772873
            ],
            [
              136.48529,
              35.773738
            ],
            [
              136.496515,
              35.765533
            ],
            [
              136.502967,
              35.751446
            ],
            [
              136.512248,
              35.75894
            ],
            [
              136.511964,
              35.771911
            ],
            [
              136.522815,
              35.788166
            ],
            [
              136.544948,
              35.778775
            ],
            [
              136.555818,
              35.780978
            ],
            [
              136.570745,
              35.777424
            ],
            [
              136.585987,
              35.784335
            ],
            [
              136.585232,
              35.789631
            ],
            [
              136.589652,
              35.795547
            ],
            [
              136.59915,
              35.79853
            ],
            [
              136.611451,
              35.788796
            ],
            [
              136.622057,
              35.7868
            ],
            [
              136.627647,
              35.790842
            ],
            [
              136.626628,
              35.796838
            ],
            [
              136.637854,
              35.797305
            ],
            [
              136.645195,
              35.806832
            ],
            [
              136.652511,
              35.798725
            ],
            [
              136.653778,
              35.78732
            ],
            [
              136.657665,
              35.783483
            ],
            [
              136.666135,
              35.785136
            ],
            [
              136.676959,
              35.793253
            ],
            [
              136.689779,
              35.789283
            ],
            [
              136.697121,
              35.794063
            ],
            [
              136.710048,
              35.792043
            ],
            [
              136.720584,
              35.800218
            ],
            [
              136.723384,
              35.808194
            ],
            [
              136.741097,
              35.801069
            ],
            [
              136.755012,
              35.809478
            ],
            [
              136.76391,
              35.810607
            ],
            [
              136.774385,
              35.806673
            ],
            [
              136.776021,
              35.798833
            ],
            [
              136.787449,
              35.798541
            ],
            [
              136.795814,
              35.808773
            ],
            [
              136.798529,
              35.817742
            ],
            [
              136.79709,
              35.828095
            ],
            [
              136.802188,
              35.843961
            ],
            [
              136.820916,
              35.843934
            ],
            [
              136.831073,
              35.851814
            ],
            [
              136.830078,
              35.865842
            ],
            [
              136.818998,
              35.881656
            ],
            [
              136.823769,
              35.892766
            ],
            [
              136.81578,
              35.902729
            ],
            [
              136.813828,
              35.910728
            ],
            [
              136.805965,
              35.912774
            ],
            [
              136.799315,
              35.920481
            ],
            [
              136.788731,
              35.921284
            ],
            [
              136.783922,
              35.925739
            ],
            [
              136.793386,
              35.940923
            ],
            [
              136.793244,
              35.945982
            ],
            [
              136.752865,
              35.95646
            ],
            [
              136.748846,
              35.963602
            ],
            [
              136.753607,
              35.968374
            ],
            [
              136.752251,
              35.988605
            ],
            [
              136.726745,
              35.995938
            ],
            [
              136.735726,
              36.032315
            ],
            [
              136.735477,
              36.047805
            ],
            [
              136.732793,
              36.048882
            ],
            [
              136.744639,
              36.060099
            ],
            [
              136.76497,
              36.069392
            ],
            [
              136.755171,
              36.085852
            ],
            [
              136.745299,
              36.085145
            ],
            [
              136.737546,
              36.08022
            ],
            [
              136.711098,
              36.081119
            ],
            [
              136.699426,
              36.073984
            ],
            [
              136.680834,
              36.071301
            ],
            [
              136.674238,
              36.067228
            ],
            [
              136.658676,
              36.069507
            ],
            [
              136.637543,
              36.061743
            ],
            [
              136.632323,
              36.054082
            ],
            [
              136.613539,
              36.044289
            ],
            [
              136.610312,
              36.038582
            ],
            [
              136.599254,
              36.038301
            ],
            [
              136.571804,
              36.022329
            ],
            [
              136.567963,
              36.010758
            ],
            [
              136.561821,
              36.008618
            ],
            [
              136.551655,
              36.012093
            ],
            [
              136.543838,
              36.006984
            ],
            [
              136.516914,
              36.021809
            ],
            [
              136.515104,
              36.01664
            ],
            [
              136.502787,
              36.01952
            ],
            [
              136.496679,
              36.025345
            ],
            [
              136.470572,
              36.027649
            ],
            [
              136.464576,
              36.017804
            ],
            [
              136.453878,
              36.018069
            ],
            [
              136.448942,
              36.010122
            ],
            [
              136.45535,
              36.001971
            ],
            [
              136.451581,
              35.996899
            ],
            [
              136.456321,
              35.992063
            ],
            [
              136.448526,
              35.983436
            ],
            [
              136.457152,
              35.96709
            ],
            [
              136.455284,
              35.955425
            ],
            [
              136.465503,
              35.950146
            ],
            [
              136.461294,
              35.941599
            ],
            [
              136.464415,
              35.933046
            ],
            [
              136.453324,
              35.931127
            ],
            [
              136.467213,
              35.921462
            ],
            [
              136.459614,
              35.919337
            ]
          ]
        ]
      },
      "properties": {
        "N03_001": "福井県",
        "N03_002": null,
        "N03_003": null,
        "N03_004": "大野市",
        "N03_005": null,
        "N03_007": "18205"
      }
    },
    {
      "type": "Feature",
      "geometry": {
        "type": "Polygon",
        "coordinates": [
          [
            [
              136.453878,
              36.018069
            ],
            [
              136.464576,
              36.017804
            ],
            [
              136.470572,
              36.027649
            ],
            [
              136.496679,
              36.025345
            ],
            [
              136.502787,
              36.01952
            ],
            [
              136.515104,
              36.01664
            ],
            [
              136.516914,
              36.021809
            ],
            [
              136.543838,
              36.006984
            ],
            [
              136.551655,
              36.012093
            ],
            [
              136.561821,
              36.008618
            ],
            [
              136.567963,
              36.010758
            ],
            [
              136.571804,
              36.022329
            ],
            [
              136.599254,
              36.038301
            ],
            [
              136.610312,
              36.038582
            ],
            [
              136.613539,
              36.044289
            ],
            [
              136.632323,
              36.054082
            ],
            [
              136.637543,
              36.061743
            ],
            [
              136.658676,
              36.069507
            ],
            [
              136.654978,
              36.077383
            ],
            [
              136.656818,
              36.084572
            ],
            [
              136.642073,
              36.098072
            ],
            [
              136.632263,
              36.099411
            ],
            [
              136.61489,
              36.108159
            ],
            [
              136.612275,
              36.11682
            ],
            [
              136.605777,
              36.120494
            ],
            [
              136.601439,
              36.129723
            ],
            [
              136.590485,
              36.131217
            ],
            [
              136.576412,
              36.1422
            ],
            [
              136.56305,
              36.144664
            ],
            [
              136.559797,
              36.153157
            ],
            [
              136.541165,
              36.153622
            ],
            [
              136.531199,
              36.147263
            ],
            [
              136.521528,
              36.151377
            ],
            [
              136.510717,
              36.146124
            ],
            [
              136.496885,
              36.149696
            ],
            [
              136.491793,
              36.158217
            ],
            [
              136.48779,
              36.159097
            ],
            [
              136.461493,
              36.136583
            ],
            [
              136.448511,
              36.140717
            ],
            [
              136.437421,
              36.133804
            ],
            [
              136.42534,
              36.133678
            ],
            [
              136.392491,
              36.123383
            ],
            [
              136.39118,
              36.116369
            ],
            [
              136.398472,
              36.111909
            ],
            [
              136.404121,
              36.099163
            ],
            [
              136.388287,
              36.087519
            ],
            [
              136.438006,
              36.075428
            ],
            [
              136.439292,
              36.06965
            ],
            [
              136.432424,
              36.057943
            ],
            [
              136.435478,
              36.050055
            ],
            [
              136.432003,
              36.043322
            ],
            [
              136.445712,
              36.021894
            ],
            [
              136.453878,
              36.018069
            ]
          ]
        ]
      },
      "properties": {
        "N03_001": "福井県",
        "N03_002": null,
        "N03_003": null,
        "N03_004": "勝山市",
        "N03_005": null,
        "N03_007": "18206"
      }
    },
    {
      "type": "Feature",
      "geometry": {
        "type": "Polygon",
        "coordinates": [
          [
            [
              136.155226,
              35.992287
            ],
            [
              136.156232,
              35.987467
            ],
            [
              136.137981,
              35.969395
            ],
            [
              136.138101,
              35.962076
            ],
            [
              136.124564,
              35.945486
            ],
            [
              136.124696,
              35.940681
            ],
            [
              136.135952,
              35.93279
            ],
            [
              136.142797,
              35.938181
            ],
            [
              136.160937,
              35.936102
            ],
            [
              136.175413,
              35.936698
            ],
            [
              136.178151,
              35.930201
            ],
            [
              136.213689,
              35.928991
            ],
            [
              136.218639,
              35.933033
            ],
            [
              136.224588,
              35.930863
            ],
            [
              136.225618,
              35.938377
            ],
            [
              136.248791,
              35.948493
            ],
            [
              136.250324,
              35.94138
            ],
            [
              136.280055,
              35.941205
            ],
            [
              136.289348,
              35.945175
            ],
            [
              136.309278,
              35.942622
            ],
            [
              136.324438,
              35.929625
            ],
            [
              136.333737,
              35.928673
            ],
            [
              136.331504,
              35.942801
            ],
            [
              136.33637,
              35.951126
            ],
            [
              136.322937,
              35.951857
            ],
            [
              136.317755,
              35.95794
            ],
            [
              136.317719,
              35.964211
            ],
            [
              136.313124,
              35.965966
            ],
            [
              136.303171,
              35.964503
            ],
            [
              136.290444,
              35.973966
            ],
            [
              136.274846,
              35.972154
            ],
            [
              136.271131,
              35.977971
            ],
            [
              136.238879,
              35.98346
            ],
            [
              136.230251,
              35.99025
            ],
            [
              136.219955,
              35.987903
            ],
            [
              136.205632,
              35.971236
            ],
            [
              136.201679,
              35.974255
            ],
            [
              136.206382,
              35.985733
            ],
            [
              136.194709,
              35.990785
            ],
            [
              136.185165,
              35.988943
            ],
            [
              136.177773,
              36.001381
            ],
            [
              136.16618,
              35.996024
            ],
            [
              136.15901,
              35.998207
            ],
            [
              136.155226,
              35.992287
            ]
          ]
        ]
      },
      "properties": {
        "N03_001": "福井県",
        "N03_002": null,
        "N03_003": null,
        "N03_004": "鯖江市",
        "N03_005": null,
        "N03_007": "18207"
      }
    },
    {
      "type": "Feature",
      "geometry": {
        "type": "Polygon",
        "coordinates": [
          [
            [
              136.184807,
              36.254749
            ],
            [
              136.184261,
              36.248413
            ],
            [
              136.195483,
              36.251202
            ],
            [
              136.200699,
              36.246099
            ],
            [
              136.19369,
              36.240955
            ],
            [
              136.19691,
              36.235653
            ],
            [
              136.188902,
              36.234014
            ],
            [
              136.18391,
              36.222991
            ],
            [
              136.174796,
              36.221796
            ],
            [
              136.175484,
              36.21129
            ],
            [
              136.172762,
              36.198801
            ],
            [
              136.18049,
              36.192905
            ],
            [
              136.1903,
              36.19291
            ],
            [
              136.195195,
              36.189312
            ],
            [
              136.215534,
              36.192428
            ],
            [
              136.228632,
              36.197314
            ],
            [
              136.237395,
              36.19166
            ],
            [
              136.237222,
              36.18385
            ],
            [
              136.251823,
              36.18542
            ],
            [
              136.259057,
              36.179097
            ],
            [
              136.272875,
              36.177252
            ],
            [
              136.275244,
              36.180376
            ],
            [
              136.285333,
              36.174603
            ],
            [
              136.29748,
              36.179227
            ],
            [
              136.304725,
              36.184113
            ],
            [
              136.307567,
              36.190262
            ],
            [
              136.314325,
              36.191442
            ],
            [
              136.319881,
              36.198645
            ],
            [
              136.329401,
              36.202019
            ],
            [
              136.327867,
              36.209905
            ],
            [
              136.331423,
              36.217424
            ],
            [
              136.329008,
              36.224297
            ],
            [
              136.332403,
              36.229586
            ],
            [
              136.316971,
              36.234757
            ],
            [
              136.315298,
              36.245885
            ],
            [
              136.30842,
              36.246818
            ],
            [
              136.301205,
              36.258218
            ],
            [
              136.285472,
              36.261675
            ],
            [
              136.282837,
              36.265918
            ],
            [
              136.266812,
              36.265101
            ],
            [
              136.261469,
              36.272932
            ],
            [
              136.264221,
              36.278327
            ],
            [
              136.256267,
              36.279657
            ],
            [
              136.258594,
              36.289321
            ],
            [
              136.252618,
              36.291657
            ],
            [
              136.249356,
              36.287553
            ],
            [
              136.253798,
              36.283287
            ],
            [
              136.244661,
              36.272681
            ],
            [
              136.241739,
              36.263935
            ],
            [
              136.232321,
              36.268954
            ],
            [
              136.245265,
              36.275907
            ],
            [
              136.250864,
              36.281697
            ],
            [
              136.248414,
              36.286285
            ],
            [
              136.248202,
              36.292254
            ],
            [
              136.243163,
              36.295353
            ],
            [
              136.226109,
              36.281164
            ],
            [
              136.183213,
              36.257692
            ],
            [
              136.184807,
              36.254749
            ]
          ]
        ]
      },
      "properties": {
        "N03_001": "福井県",
        "N03_002": null,
        "N03_003": null,
        "N03_004": "あわら市",
        "N03_005": null,
        "N03_007": "18208"
      }
    },
    {
      "type": "Feature",
      "geometry": {
        "type": "Polygon",
        "coordinates": [
          [
            [
              136.135952,
              35.93279
            ],
            [
              136.128728,
              35.924561
            ],
            [
              136.125872,
              35.916136
            ],
            [
              136.095367,
              35.910922
            ],
            [
              136.088283,
              35.922837
            ],
            [
              136.078349,
              35.925626
            ],
            [
              136.069245,
              35.917582
            ],
            [
              136.04797,
              35.917123
            ],
            [
              136.04214,
              35.903924
            ],
            [
              136.028049,
              35.900085
            ],
            [
              136.020147,
              35.894492
            ],
            [
              136.019651,
              35.878921
            ],
            [
              136.023712,
              35.874303
            ],
            [
              136.034861,
              35.870581
            ],
            [
              136.044742,
              35.860382
            ],
            [
              136.056291,
              35.860212
            ],
            [
              136.054144,
              35.852669
            ],
            [
              136.057491,
              35.848363
            ],
            [
              136.076709,
              35.85008
            ],
            [
              136.084853,
              35.842949
            ],
            [
              136.099798,
              35.844471
            ],
            [
              136.104779,
              35.841615
            ],
            [
              136.114921,
              35.846908
            ],
            [
              136.126926,
              35.843031
            ],
            [
              136.134579,
              35.810105
            ],
            [
              136.138854,
              35.807962
            ],
            [
              136.153299,
              35.817084
            ],
            [
              136.158623,
              35.833735
            ],
            [
              136.174835,
              35.84398
            ],
            [
              136.175081,
              35.850338
            ],
            [
              136.180788,
              35.857505
            ],
            [
              136.206589,
              35.859615
            ],
            [
              136.210134,
              35.85676
            ],
            [
              136.223873,
              35.856002
            ],
            [
              136.242958,
              35.845107
            ],
            [
              136.258074,
              35.843501
            ],
            [
              136.26612,
              35.848541
            ],
            [
              136.277296,
              35.865362
            ],
            [
              136.293983,
              35.866774
            ],
            [
              136.303915,
              35.87427
            ],
            [
              136.307072,
              35.884103
            ],
            [
              136.312357,
              35.88867
            ],
            [
              136.308789,
              35.896379
            ],
            [
              136.316014,
              35.90682
            ],
            [
              136.314017,
              35.912937
            ],
            [
              136.314959,
              35.920319
            ],
            [
              136.328629,
              35.921396
            ],
            [
              136.333737,
              35.928673
            ],
            [
              136.324438,
              35.929625
            ],
            [
              136.309278,
              35.942622
            ],
            [
              136.289348,
              35.945175
            ],
            [
              136.280055,
              35.941205
            ],
            [
              136.250324,
              35.94138
            ],
            [
              136.248791,
              35.948493
            ],
            [
              136.225618,
              35.938377
            ],
            [
              136.224588,
              35.930863
            ],
            [
              136.218639,
              35.933033
            ],
            [
              136.213689,
              35.928991
            ],
            [
              136.178151,
              35.930201
            ],
            [
              136.175413,
              35.936698
            ],
            [
              136.160937,
              35.936102
            ],
            [
              136.142797,
              35.938181
            ],
            [
              136.135952,
              35.93279
            ]
          ]
        ]
      },
      "properties": {
        "N03_001": "福井県",
        "N03_002": null,
        "N03_003": null,
        "N03_004": "越前市",
        "N03_005": null,
        "N03_007": "18209"
      }
    },
    {
      "type": "Feature",
      "geometry": {
        "type": "Polygon",
        "coordinates": [
          [
            [
              136.270766,
              36.10492
            ],
            [
              136.27566,
              36.11126
            ],
            [
              136.280666,
              36.111962
            ],
            [
              136.28534,
              36.119524
            ],
            [
              136.298671,
              36.111544
            ],
            [
              136.296247,
              36.107309
            ],
            [
              136.32296,
              36.10276
            ],
            [
              136.323207,
              36.105023
            ],
            [
              136.334998,
              36.112167
            ],
            [
              136.343042,
              36.110959
            ],
            [
              136.355292,
              36.116776
            ],
            [
              136.361403,
              36.127793
            ],
            [
              136.371682,
              36.130057
            ],
            [
              136.375777,
              36.125925
            ],
            [
              136.392491,
              36.123383
            ],
            [
              136.42534,
              36.133678
            ],
            [
              136.437421,
              36.133804
            ],
            [
              136.438254,
              36.142073
            ],
            [
              136.427786,
              36.147306
            ],
            [
              136.424349,
              36.15448
            ],
            [
              136.414285,
              36.156624
            ],
            [
              136.411382,
              36.160575
            ],
            [
              136.413267,
              36.166954
            ],
            [
              136.409306,
              36.172227
            ],
            [
              136.390094,
              36.167404
            ],
            [
              136.368896,
              36.169835
            ],
            [
              136.365917,
              36.166164
            ],
            [
              136.358296,
              36.16509
            ],
            [
              136.344372,
              36.172826
            ],
            [
              136.335667,
              36.18487
            ],
            [
              136.33598,
              36.194632
            ],
            [
              136.329401,
              36.202019
            ],
            [
              136.319881,
              36.198645
            ],
            [
              136.314325,
              36.191442
            ],
            [
              136.307567,
              36.190262
            ],
            [
              136.304725,
              36.184113
            ],
            [
              136.29748,
              36.179227
            ],
            [
              136.285333,
              36.174603
            ],
            [
              136.275244,
              36.180376
            ],
            [
              136.272875,
              36.177252
            ],
            [
              136.259057,
              36.179097
            ],
            [
              136.251823,
              36.18542
            ],
            [
              136.237222,
              36.18385
            ],
            [
              136.237395,
              36.19166
            ],
            [
              136.228632,
              36.197314
            ],
            [
              136.215534,
              36.192428
            ],
            [
              136.195195,
              36.189312
            ],
            [
              136.1903,
              36.19291
            ],
            [
              136.18049,
              36.192905
            ],
            [
              136.172762,
              36.198801
            ],
            [
              136.175484,
              36.21129
            ],
            [
              136.174796,
              36.221796
            ],
            [
              136.18391,
              36.222991
            ],
            [
              136.188902,
              36.234014
            ],
            [
              136.19691,
              36.235653
            ],
            [
              136.19369,
              36.240955
            ],
            [
              136.200699,
              36.246099
            ],
            [
              136.195483,
              36.251202
            ],
            [
              136.184261,
              36.248413
            ],
            [
              136.184807,
              36.254749
            ],
            [
              136.183185,
              36.25762
            ],
            [
              136.162468,
              36.24983
            ],
            [
              136.149413,
              36.25259
            ],
            [
              136.122231,
              36.249125
            ],
            [
              136.130961,
              36.242105
            ],
            [
              136.125052,
              36.237423
            ],
            [
              136.132427,
              36.230247
            ],
            [
              136.129659,
              36.219034
            ],
            [
              136.132028,
              36.213943
            ],
            [
              136.118556,
              36.200514
            ],
            [
              136.126554,
              36.198918
            ],
            [
              136.127652,
              36.190088
            ],
            [
              136.121055,
              36.189609
            ],
            [
              136.114258,
              36.19261
            ],
            [
              136.100029,
              36.172893
            ],
            [
              136.125595,
              36.163028
            ],
            [
              136.129215,
              36.163663
            ],
            [
              136.139052,
              36.172085
            ],
            [
              136.139213,
              36.163283
            ],
            [
              136.14788,
              36.163413
            ],
            [
              136.151554,
              36.166896
            ],
            [
              136.162301,
              36.158088
            ],
            [
              136.16647,
              36.14447
            ],
            [
              136.176006,
              36.13863
            ],
            [
              136.17783,
              36.133682
            ],
            [
              136.191787,
              36.130422
            ],
            [
              136.19306,
              36.124442
            ],
            [
              136.198041,
              36.121496
            ],
            [
              136.234618,
              36.118623
            ],
            [
              136.254067,
              36.123649
            ],
            [
              136.253661,
              36.106506
            ],
            [
              136.270766,
              36.10492
            ]
          ]
        ]
      },
      "properties": {
        "N03_001": "福井県",
        "N03_002": null,
        "N03_003": null,
        "N03_004": "坂井市",
        "N03_005": null,
        "N03_007": "18210"
      }
    },
    {
      "type": "Feature",
      "geometry": {
        "type": "Polygon",
        "coordinates": [
          [
            [
              136.432003,
              36.043322
            ],
            [
              136.435478,
              36.050055
            ],
            [
              136.432424,
              36.057943
            ],
            [
              136.439292,
              36.06965
            ],
            [
              136.438006,
              36.075428
            ],
            [
              136.388287,
              36.087519
            ],
            [
              136.404121,
              36.099163
            ],
            [
              136.398472,
              36.111909
            ],
            [
              136.39118,
              36.116369
            ],
            [
              136.392491,
              36.123383
            ],
            [
              136.375777,
              36.125925
            ],
            [
              136.371682,
              36.130057
            ],
            [
              136.361403,
              36.127793
            ],
            [
              136.355292,
              36.116776
            ],
            [
              136.343042,
              36.110959
            ],
            [
              136.334998,
              36.112167
            ],
            [
              136.323207,
              36.105023
            ],
            [
              136.32296,
              36.10276
            ],
            [
              136.296247,
              36.107309
            ],
            [
              136.298671,
              36.111544
            ],
            [
              136.28534,
              36.119524
            ],
            [
              136.280666,
              36.111962
            ],
            [
              136.27566,
              36.11126
            ],
            [
              136.270766,
              36.10492
            ],
            [
              136.279954,
              36.104068
            ],
            [
              136.28207,
              36.09074
            ],
            [
              136.289417,
              36.076146
            ],
            [
              136.281836,
              36.073332
            ],
            [
              136.286446,
              36.056082
            ],
            [
              136.297035,
              36.049669
            ],
            [
              136.297269,
              36.046141
            ],
            [
              136.316965,
              36.041267
            ],
            [
              136.322177,
              36.049615
            ],
            [
              136.32869,
              36.048306
            ],
            [
              136.340462,
              36.053131
            ],
            [
              136.347945,
              36.037601
            ],
            [
              136.367558,
              36.033512
            ],
            [
              136.384857,
              36.047182
            ],
            [
              136.40761,
              36.045922
            ],
            [
              136.42716,
              36.04065
            ],
            [
              136.432003,
              36.043322
            ]
          ]
        ]
      },
      "properties": {
        "N03_001": "福井県",
        "N03_002": null,
        "N03_003": "吉田郡",
        "N03_004": "永平寺町",
        "N03_005": null,
        "N03_007": "18322"
      }
    },
    {
      "type": "Feature",
      "geometry": {
        "type": "Polygon",
        "coordinates": [
          [
            [
              136.333737,
              35.928673
            ],
            [
              136.328629,
              35.921396
            ],
            [
              136.314959,
              35.920319
            ],
            [
              136.314017,
              35.912937
            ],
            [
              136.316014,
              35.90682
            ],
            [
              136.308789,
              35.896379
            ],
            [
              136.312357,
              35.88867
            ],
            [
              136.307072,
              35.884103
            ],
            [
              136.303915,
              35.87427
            ],
            [
              136.293983,
              35.866774
            ],
            [
              136.277296,
              35.865362
            ],
            [
              136.26612,
              35.848541
            ],
            [
              136.258074,
              35.843501
            ],
            [
              136.259828,
              35.836869
            ],
            [
              136.259321,
              35.823358
            ],
            [
              136.286286,
              35.820433
            ],
            [
              136.298555,
              35.824339
            ],
            [
              136.301733,
              35.830183
            ],
            [
              136.313311,
              35.822147
            ],
            [
              136.314687,
              35.81737
            ],
            [
              136.325157,
              35.82391
            ],
            [
              136.331061,
              35.820007
            ],
            [
              136.341292,
              35.822291
            ],
            [
              136.349506,
              35.81321
            ],
            [
              136.346426,
              35.807195
            ],
            [
              136.353423,
              35.801128
            ],
            [
              136.350904,
              35.794991
            ],
            [
              136.355824,
              35.787526
            ],
            [
              136.360009,
              35.786986
            ],
            [
              136.379656,
              35.794311
            ],
            [
              136.388798,
              35.791895
            ],
            [
              136.389501,
              35.788042
            ],
            [
              136.400275,
              35.789335
            ],
            [
              136.409207,
              35.779931
            ],
            [
              136.415966,
              35.782446
            ],
            [
              136.422825,
              35.793357
            ],
            [
              136.431315,
              35.797974
            ],
            [
              136.43302,
              35.805678
            ],
            [
              136.423241,
              35.813019
            ],
            [
              136.42256,
              35.819459
            ],
            [
              136.428164,
              35.823464
            ],
            [
              136.423355,
              35.832774
            ],
            [
              136.428857,
              35.83899
            ],
            [
              136.430903,
              35.850394
            ],
            [
              136.427647,
              35.858853
            ],
            [
              136.434963,
              35.867148
            ],
            [
              136.433081,
              35.872094
            ],
            [
              136.43986,
              35.877921
            ],
            [
              136.439264,
              35.886006
            ],
            [
              136.432226,
              35.890087
            ],
            [
              136.432523,
              35.89635
            ],
            [
              136.43863,
              35.902465
            ],
            [
              136.439091,
              35.909031
            ],
            [
              136.455183,
              35.913425
            ],
            [
              136.459614,
              35.919337
            ],
            [
              136.446144,
              35.922897
            ],
            [
              136.438747,
              35.927685
            ],
            [
              136.43556,
              35.936117
            ],
            [
              136.423016,
              35.938797
            ],
            [
              136.40712,
              35.94902
            ],
            [
              136.400038,
              35.948286
            ],
            [
              136.38786,
              35.952603
            ],
            [
              136.358302,
              35.947541
            ],
            [
              136.352106,
              35.942123
            ],
            [
              136.350145,
              35.934281
            ],
            [
              136.333737,
              35.928673
            ]
          ]
        ]
      },
      "properties": {
        "N03_001": "福井県",
        "N03_002": null,
        "N03_003": "今立郡",
        "N03_004": "池田町",
        "N03_005": null,
        "N03_007": "18382"
      }
    },
    {
      "type": "Feature",
      "geometry": {
        "type": "Polygon",
        "coordinates": [
          [
            [
              136.148733,
              35.699273
            ],
            [
              136.156943,
              35.700345
            ],
            [
              136.164571,
              35.696264
            ],
            [
              136.167928,
              35.703415
            ],
            [
              136.191092,
              35.702464
            ],
            [
              136.198299,
              35.689716
            ],
            [
              136.208349,
              35.687588
            ],
            [
              136.212608,
              35.681701
            ],
            [
              136.217203,
              35.684576
            ],
            [
              136.225947,
              35.680549
            ],
            [
              136.234407,
              35.682462
            ],
            [
              136.24465,
              35.673788
            ],
            [
              136.250662,
              35.676245
            ],
            [
              136.257639,
              35.671211
            ],
            [
              136.26936,
              35.668728
            ],
            [
              136.280742,
              35.658631
            ],
            [
              136.290544,
              35.665936
            ],
            [
              136.288788,
              35.671378
            ],
            [
              136.298907,
              35.677683
            ],
            [
              136.292015,
              35.683883
            ],
            [
              136.291822,
              35.690523
            ],
            [
              136.297798,
              35.691841
            ],
            [
              136.309463,
              35.703516
            ],
            [
              136.311752,
              35.711955
            ],
            [
              136.323953,
              35.716747
            ],
            [
              136.320449,
              35.722544
            ],
            [
              136.327003,
              35.731434
            ],
            [
              136.325198,
              35.743648
            ],
            [
              136.318386,
              35.751058
            ],
            [
              136.324111,
              35.769615
            ],
            [
              136.327948,
              35.775102
            ],
            [
              136.346528,
              35.776047
            ],
            [
              136.356978,
              35.785775
            ],
            [
              136.355824,
              35.787526
            ],
            [
              136.350904,
              35.794991
            ],
            [
              136.353423,
              35.801128
            ],
            [
              136.346426,
              35.807195
            ],
            [
              136.349506,
              35.81321
            ],
            [
              136.341292,
              35.822291
            ],
            [
              136.331061,
              35.820007
            ],
            [
              136.325157,
              35.82391
            ],
            [
              136.314687,
              35.81737
            ],
            [
              136.313311,
              35.822147
            ],
            [
              136.301733,
              35.830183
            ],
            [
              136.298555,
              35.824339
            ],
            [
              136.286286,
              35.820433
            ],
            [
              136.259321,
              35.823358
            ],
            [
              136.259828,
              35.836869
            ],
            [
              136.258074,
              35.843501
            ],
            [
              136.242958,
              35.845107
            ],
            [
              136.223873,
              35.856002
            ],
            [
              136.210134,
              35.85676
            ],
            [
              136.206589,
              35.859615
            ],
            [
              136.180788,
              35.857505
            ],
            [
              136.175081,
              35.850338
            ],
            [
              136.174835,
              35.84398
            ],
            [
              136.158623,
              35.833735
            ],
            [
              136.153299,
              35.817084
            ],
            [
              136.138854,
              35.807962
            ],
            [
              136.134579,
              35.810105
            ],
            [
              136.126926,
              35.843031
            ],
            [
              136.114921,
              35.846908
            ],
            [
              136.104779,
              35.841615
            ],
            [
              136.099798,
              35.844471
            ],
            [
              136.084853,
              35.842949
            ],
            [
              136.076709,
              35.85008
            ],
            [
              136.057491,
              35.848363
            ],
            [
              136.054144,
              35.852669
            ],
            [
              136.056291,
              35.860212
            ],
            [
              136.044742,
              35.860382
            ],
            [
              136.034861,
              35.870581
            ],
            [
              136.023712,
              35.874303
            ],
            [
              136.019651,
              35.878921
            ],
            [
              136.011428,
              35.872512
            ],
            [
              136.040451,
              35.849107
            ],
            [
              136.047322,
              35.840785
            ],
            [
              136.070978,
              35.824132
            ],
            [
              136.076741,
              35.810536
            ],
            [
              136.100134,
              35.778586
            ],
            [
              136.096651,
              35.767405
            ],
            [
              136.111919,
              35.76552
            ],
            [
              136.118548,
              35.751749
            ],
            [
              136.131339,
              35.738647
            ],
            [
              136.131993,
              35.722691
            ],
            [
              136.148788,
              35.710652
            ],
            [
              136.148733,
              35.699273
            ]
          ]
        ]
      },
      "properties": {
        "N03_001": "福井県",
        "N03_002": null,
        "N03_003": "南条郡",
        "N03_004": "南越前町",
        "N03_005": null,
        "N03_007": "18404"
      }
    },
    {
      "type": "Feature",
      "geometry": {
        "type": "Polygon",
        "coordinates": [
          [
            [
              135.967457,
              35.994326
            ],
            [
              135.96077,
              35.990439
            ],
            [
              135.962994,
              35.986991
            ],
            [
              135.957694,
              35.982511
            ],
            [
              135.95851,
              35.976119
            ],
            [
              135.968524,
              35.968111
            ],
            [
              135.969556,
              35.962301
            ],
            [
              135.981387,
              35.955597
            ],
            [
              135.985537,
              35.944351
            ],
            [
              135.997369,
              35.934812
            ],
            [
              135.995017,
              35.912947
            ],
            [
              135.99786,
              35.902967
            ],
            [
              135.991947,
              35.895133
            ],
            [
              135.993654,
              35.887592
            ],
            [
              136.011428,
              35.872512
            ],
            [
              136.019651,
              35.878921
            ],
            [
              136.020147,
              35.894492
            ],
            [
              136.028049,
              35.900085
            ],
            [
              136.04214,
              35.903924
            ],
            [
              136.04797,
              35.917123
            ],
            [
              136.069245,
              35.917582
            ],
            [
              136.078349,
              35.925626
            ],
            [
              136.088283,
              35.922837
            ],
            [
              136.095367,
              35.910922
            ],
            [
              136.125872,
              35.916136
            ],
            [
              136.128728,
              35.924561
            ],
            [
              136.135952,
              35.93279
            ],
            [
              136.124696,
              35.940681
            ],
            [
              136.124564,
              35.945486
            ],
            [
              136.138101,
              35.962076
            ],
            [
              136.137981,
              35.969395
            ],
            [
              136.156232,
              35.987467
            ],
            [
              136.155226,
              35.992287
            ],
            [
              136.13754,
              35.992885
            ],
            [
              136.128093,
              36.003876
            ],
            [
              136.120843,
              36.001049
            ],
            [
              136.096928,
              36.00493
            ],
            [
              136.097354,
              36.009281
            ],
            [
              136.081746,
              36.019099
            ],
            [
              136.07185,
              36.023899
            ],
            [
              136.072147,
              36.028048
            ],
            [
              136.05729,
              36.026838
            ],
            [
              136.056113,
              36.012089
            ],
            [
              136.04934,
              36.009666
            ],
            [
              136.043886,
              36.001896
            ],
            [
              136.028267,
              35.994955
            ],
            [
              136.02282,
              36.00534
            ],
            [
              136.01173,
              36.014236
            ],
            [
              136.005707,
              36.009996
            ],
            [
              136.002484,
              35.996871
            ],
            [
              136.004621,
              35.990084
            ],
            [
              135.996572,
              35.982852
            ],
            [
              135.985564,
              35.987784
            ],
            [
              135.969838,
              35.991865
            ],
            [
              135.967457,
              35.994326
            ]
          ]
        ]
      },
      "properties": {
        "N03_001": "福井県",
        "N03_002": null,
        "N03_003": "丹生郡",
        "N03_004": "越前町",
        "N03_005": null,
        "N03_007": "18423"
      }
    },
    {
      "type": "Feature",
      "geometry": {
        "type": "Polygon",
        "coordinates": [
          [
            [
              135.964586,
              35.730112
            ],
            [
              135.954172,
              35.721751
            ],
            [
              135.959584,
              35.716222
            ],
            [
              135.960793,
              35.699763
            ],
            [
              135.966235,
              35.701073
            ],
            [
              135.975997,
              35.696032
            ],
            [
              135.9772,
              35.685407
            ],
            [
              135.972297,
              35.676694
            ],
            [
              135.96531,
              35.674367
            ],
            [
              135.968914,
              35.669232
            ],
            [
              135.96682,
              35.659695
            ],
            [
              135.974622,
              35.654652
            ],
            [
              135.98606,
              35.642544
            ],
            [
              135.983019,
              35.63319
            ],
            [
              135.974264,
              35.624713
            ],
            [
              135.962347,
              35.622453
            ],
            [
              135.954577,
              35.629089
            ],
            [
              135.940119,
              35.618978
            ],
            [
              135.938815,
              35.614323
            ],
            [
              135.926221,
              35.610174
            ],
            [
              135.912275,
              35.610071
            ],
            [
              135.907868,
              35.614778
            ],
            [
              135.906931,
              35.625291
            ],
            [
              135.895622,
              35.622032
            ],
            [
              135.896428,
              35.615328
            ],
            [
              135.893597,
              35.611728
            ],
            [
              135.885112,
              35.617846
            ],
            [
              135.879397,
              35.616051
            ],
            [
              135.876868,
              35.610423
            ],
            [
              135.867617,
              35.608141
            ],
            [
              135.856807,
              35.614931
            ],
            [
              135.859247,
              35.623741
            ],
            [
              135.848602,
              35.622836
            ],
            [
              135.843687,
              35.62638
            ],
            [
              135.846211,
              35.635454
            ],
            [
              135.827695,
              35.638848
            ],
            [
              135.822824,
              35.644162
            ],
            [
              135.815574,
              35.64197
            ],
            [
              135.839435,
              35.634803
            ],
            [
              135.839866,
              35.626985
            ],
            [
              135.848206,
              35.614715
            ],
            [
              135.864512,
              35.602863
            ],
            [
              135.870549,
              35.60134
            ],
            [
              135.878936,
              35.608641
            ],
            [
              135.885284,
              35.598867
            ],
            [
              135.889219,
              35.597829
            ],
            [
              135.901222,
              35.604214
            ],
            [
              135.905295,
              35.600494
            ],
            [
              135.904461,
              35.599434
            ],
            [
              135.90396,
              35.598797
            ],
            [
              135.903528,
              35.598248
            ],
            [
              135.90226,
              35.596635
            ],
            [
              135.902258,
              35.596634
            ],
            [
              135.900619,
              35.596471
            ],
            [
              135.900557,
              35.596465
            ],
            [
              135.900295,
              35.596439
            ],
            [
              135.900285,
              35.595911
            ],
            [
              135.900295,
              35.595015
            ],
            [
              135.900302,
              35.594414
            ],
            [
              135.900309,
              35.593873
            ],
            [
              135.903392,
              35.592008
            ],
            [
              135.905498,
              35.592843
            ],
            [
              135.906132,
              35.594605
            ],
            [
              135.907737,
              35.589545
            ],
            [
              135.916441,
              35.584419
            ],
            [
              135.916808,
              35.580754
            ],
            [
              135.93674,
              35.577498
            ],
            [
              135.943883,
              35.565358
            ],
            [
              135.944906,
              35.550972
            ],
            [
              135.954012,
              35.535712
            ],
            [
              135.954234,
              35.5262
            ],
            [
              135.947022,
              35.520476
            ],
            [
              135.951827,
              35.507237
            ],
            [
              135.96266,
              35.501296
            ],
            [
              135.972601,
              35.50019
            ],
            [
              135.981159,
              35.486557
            ],
            [
              135.989507,
              35.492682
            ],
            [
              136.006665,
              35.491819
            ],
            [
              136.011446,
              35.49705
            ],
            [
              136.015139,
              35.511648
            ],
            [
              136.020307,
              35.512026
            ],
            [
              136.026084,
              35.527024
            ],
            [
              136.027679,
              35.542471
            ],
            [
              136.023895,
              35.545565
            ],
            [
              136.022795,
              35.558489
            ],
            [
              136.029652,
              35.568956
            ],
            [
              136.029379,
              35.577204
            ],
            [
              136.025164,
              35.587329
            ],
            [
              136.009351,
              35.585789
            ],
            [
              136.00461,
              35.59516
            ],
            [
              136.009395,
              35.60905
            ],
            [
              136.005909,
              35.615972
            ],
            [
              136.009138,
              35.631521
            ],
            [
              136.004163,
              35.645814
            ],
            [
              135.998711,
              35.653805
            ],
            [
              136.013718,
              35.666983
            ],
            [
              136.009533,
              35.66982
            ],
            [
              136.009048,
              35.677663
            ],
            [
              136.012922,
              35.684025
            ],
            [
              136.010175,
              35.708368
            ],
            [
              136.013611,
              35.717359
            ],
            [
              136.012573,
              35.724905
            ],
            [
              136.00555,
              35.729675
            ],
            [
              135.985857,
              35.724365
            ],
            [
              135.968748,
              35.724823
            ],
            [
              135.964586,
              35.730112
            ]
          ]
        ]
      },
      "properties": {
        "N03_001": "福井県",
        "N03_002": null,
        "N03_003": "三方郡",
        "N03_004": "美浜町",
        "N03_005": null,
        "N03_007": "18442"
      }
    },
    {
      "type": "Feature",
      "geometry": {
        "type": "Polygon",
        "coordinates": [
          [
            [
              135.606293,
              35.490262
            ],
            [
              135.610542,
              35.50652
            ],
            [
              135.602104,
              35.513745
            ],
            [
              135.59235,
              35.502633
            ],
            [
              135.580308,
              35.498051
            ],
            [
              135.574334,
              35.493041
            ],
            [
              135.564391,
              35.490315
            ],
            [
              135.556095,
              35.49055
            ],
            [
              135.551922,
              35.497276
            ],
            [
              135.536454,
              35.488882
            ],
            [
              135.518419,
              35.49401
            ],
            [
              135.507149,
              35.506762
            ],
            [
              135.50899,
              35.513527
            ],
            [
              135.514344,
              35.517228
            ],
            [
              135.512584,
              35.523241
            ],
            [
              135.517235,
              35.526374
            ],
            [
              135.513099,
              35.531611
            ],
            [
              135.518586,
              35.54705
            ],
            [
              135.515347,
              35.549112
            ],
            [
              135.503679,
              35.54949
            ],
            [
              135.502157,
              35.542376
            ],
            [
              135.509892,
              35.534628
            ],
            [
              135.502814,
              35.533277
            ],
            [
              135.50204,
              35.524106
            ],
            [
              135.479895,
              35.522467
            ],
            [
              135.477953,
              35.525931
            ],
            [
              135.483777,
              35.532572
            ],
            [
              135.481386,
              35.535334
            ],
            [
              135.468751,
              35.530332
            ],
            [
              135.479355,
              35.543475
            ],
            [
              135.47855,
              35.551157
            ],
            [
              135.4866,
              35.557936
            ],
            [
              135.460485,
              35.548457
            ],
            [
              135.449442,
              35.526047
            ],
            [
              135.449926,
              35.520796
            ],
            [
              135.476225,
              35.505493
            ],
            [
              135.472576,
              35.501176
            ],
            [
              135.476207,
              35.489447
            ],
            [
              135.470436,
              35.489139
            ],
            [
              135.459055,
              35.469477
            ],
            [
              135.470479,
              35.454348
            ],
            [
              135.484055,
              35.447994
            ],
            [
              135.491627,
              35.451293
            ],
            [
              135.495596,
              35.449712
            ],
            [
              135.506875,
              35.459493
            ],
            [
              135.516158,
              35.463004
            ],
            [
              135.524967,
              35.455596
            ],
            [
              135.536267,
              35.459877
            ],
            [
              135.557122,
              35.460317
            ],
            [
              135.563939,
              35.465421
            ],
            [
              135.579897,
              35.469362
            ],
            [
              135.585682,
              35.466513
            ],
            [
              135.594876,
              35.468026
            ],
            [
              135.605227,
              35.48369
            ],
            [
              135.592337,
              35.490444
            ],
            [
              135.592204,
              35.49458
            ],
            [
              135.606293,
              35.490262
            ]
          ]
        ]
      },
      "properties": {
        "N03_001": "福井県",
        "N03_002": null,
        "N03_003": "大飯郡",
        "N03_004": "高浜町",
        "N03_005": null,
        "N03_007": "18481"
      }
    },
    {
      "type": "Feature",
      "geometry": {
        "type": "MultiPolygon",
        "coordinates": [
          [
            [
              [
                135.64848,
                35.465048
              ],
              [
                135.644086,
                35.480357
              ],
              [
                135.633645,
                35.479827
              ],
              [
                135.626101,
                35.481466
              ],
              [
                135.620783,
                35.486151
              ],
              [
                135.605227,
                35.48369
              ],
              [
                135.594876,
                35.468026
              ],
              [
                135.585682,
                35.466513
              ],
              [
                135.579897,
                35.469362
              ],
              [
                135.563939,
                35.465421
              ],
              [
                135.557122,
                35.460317
              ],
              [
                135.536267,
                35.459877
              ],
              [
                135.524967,
                35.455596
              ],
              [
                135.516158,
                35.463004
              ],
              [
                135.506875,
                35.459493
              ],
              [
                135.495596,
                35.449712
              ],
              [
                135.491627,
                35.451293
              ],
              [
                135.486089,
                35.448599
              ],
              [
                135.488118,
                35.439225
              ],
              [
                135.495539,
                35.438933
              ],
              [
                135.500783,
                35.433223
              ],
              [
                135.495276,
                35.42615
              ],
              [
                135.502049,
                35.420031
              ],
              [
                135.510796,
                35.424561
              ],
              [
                135.526782,
                35.419129
              ],
              [
                135.530032,
                35.408647
              ],
              [
                135.525148,
                35.40246
              ],
              [
                135.531696,
                35.392967
              ],
              [
                135.526155,
                35.386002
              ],
              [
                135.527588,
                35.380113
              ],
              [
                135.536023,
                35.376808
              ],
              [
                135.564385,
                35.377695
              ],
              [
                135.568241,
                35.374842
              ],
              [
                135.579331,
                35.375012
              ],
              [
                135.588102,
                35.368257
              ],
              [
                135.59573,
                35.372922
              ],
              [
                135.623317,
                35.369946
              ],
              [
                135.636438,
                35.363719
              ],
              [
                135.642056,
                35.366906
              ],
              [
                135.660904,
                35.356407
              ],
              [
                135.668198,
                35.357066
              ],
              [
                135.675193,
                35.350272
              ],
              [
                135.700884,
                35.343678
              ],
              [
                135.718385,
                35.355417
              ],
              [
                135.731479,
                35.350552
              ],
              [
                135.740753,
                35.354045
              ],
              [
                135.740235,
                35.358409
              ],
              [
                135.75964,
                35.353089
              ],
              [
                135.768785,
                35.356014
              ],
              [
                135.777749,
                35.365939
              ],
              [
                135.778959,
                35.373366
              ],
              [
                135.79196,
                35.381116
              ],
              [
                135.788887,
                35.389098
              ],
              [
                135.773771,
                35.393531
              ],
              [
                135.76805,
                35.40389
              ],
              [
                135.760306,
                35.40993
              ],
              [
                135.7351,
                35.417705
              ],
              [
                135.727679,
                35.413924
              ],
              [
                135.717992,
                35.413621
              ],
              [
                135.712596,
                35.408885
              ],
              [
                135.693467,
                35.410331
              ],
              [
                135.682281,
                35.415459
              ],
              [
                135.670506,
                35.415441
              ],
              [
                135.66619,
                35.410246
              ],
              [
                135.654371,
                35.415736
              ],
              [
                135.643536,
                35.416661
              ],
              [
                135.641048,
                35.424499
              ],
              [
                135.632183,
                35.426682
              ],
              [
                135.628386,
                35.421579
              ],
              [
                135.620925,
                35.42193
              ],
              [
                135.615334,
                35.414453
              ],
              [
                135.60453,
                35.415779
              ],
              [
                135.598815,
                35.418978
              ],
              [
                135.598365,
                35.42473
              ],
              [
                135.588853,
                35.430129
              ],
              [
                135.599239,
                35.434415
              ],
              [
                135.609203,
                35.441276
              ],
              [
                135.620746,
                35.441175
              ],
              [
                135.622352,
                35.445304
              ],
              [
                135.631695,
                35.444589
              ],
              [
                135.647174,
                35.450104
              ],
              [
                135.640807,
                35.458957
              ],
              [
                135.64848,
                35.465048
              ]
            ]
          ],
          [
            [
              [
                135.606293,
                35.490262
              ],
              [
                135.61611,
                35.492421
              ],
              [
                135.626905,
                35.488704
              ],
              [
                135.633462,
                35.501013
              ],
              [
                135.642248,
                35.507978
              ],
              [
                135.637234,
                35.513082
              ],
              [
                135.636369,
                35.52009
              ],
              [
                135.655845,
                35.531235
              ],
              [
                135.660958,
                35.529666
              ],
              [
                135.664454,
                35.524048
              ],
              [
                135.669489,
                35.524597
              ],
              [
                135.666724,
                35.532922
              ],
              [
                135.659405,
                35.535166
              ],
              [
                135.665101,
                35.541853
              ],
              [
                135.652728,
                35.546028
              ],
              [
                135.636841,
                35.537002
              ],
              [
                135.631958,
                35.537825
              ],
              [
                135.619823,
                35.526884
              ],
              [
                135.619078,
                35.519464
              ],
              [
                135.603419,
                35.515344
              ],
              [
                135.610542,
                35.50652
              ],
              [
                135.606293,
                35.490262
              ]
            ]
          ]
        ]
      },
      "properties": {
        "N03_001": "福井県",
        "N03_002": null,
        "N03_003": "大飯郡",
        "N03_004": "おおい町",
        "N03_005": null,
        "N03_007": "18483"
      }
    },
    {
      "type": "Feature",
      "geometry": {
        "type": "Polygon",
        "coordinates": [
          [
            [
              135.853649,
              35.412211
            ],
            [
              135.854256,
              35.401096
            ],
            [
              135.860683,
              35.395127
            ],
            [
              135.867396,
              35.394758
            ],
            [
              135.89057,
              35.403175
            ],
            [
              135.892982,
              35.419848
            ],
            [
              135.902711,
              35.429433
            ],
            [
              135.914162,
              35.432106
            ],
            [
              135.913172,
              35.445097
            ],
            [
              135.915975,
              35.470991
            ],
            [
              135.921662,
              35.475951
            ],
            [
              135.924409,
              35.489566
            ],
            [
              135.930026,
              35.492337
            ],
            [
              135.939647,
              35.520543
            ],
            [
              135.947022,
              35.520476
            ],
            [
              135.954234,
              35.5262
            ],
            [
              135.954012,
              35.535712
            ],
            [
              135.944906,
              35.550972
            ],
            [
              135.943883,
              35.565358
            ],
            [
              135.93674,
              35.577498
            ],
            [
              135.916808,
              35.580754
            ],
            [
              135.916441,
              35.584419
            ],
            [
              135.907737,
              35.589545
            ],
            [
              135.906132,
              35.594605
            ],
            [
              135.905498,
              35.592843
            ],
            [
              135.903392,
              35.592008
            ],
            [
              135.900309,
              35.593873
            ],
            [
              135.900302,
              35.594414
            ],
            [
              135.900295,
              35.595015
            ],
            [
              135.900285,
              35.595911
            ],
            [
              135.900295,
              35.596439
            ],
            [
              135.900557,
              35.596465
            ],
            [
              135.900619,
              35.596471
            ],
            [
              135.902258,
              35.596634
            ],
            [
              135.90226,
              35.596635
            ],
            [
              135.903528,
              35.598248
            ],
            [
              135.90396,
              35.598797
            ],
            [
              135.904461,
              35.599434
            ],
            [
              135.905295,
              35.600494
            ],
            [
              135.901222,
              35.604214
            ],
            [
              135.889219,
              35.597829
            ],
            [
              135.885284,
              35.598867
            ],
            [
              135.878936,
              35.608641
            ],
            [
              135.870549,
              35.60134
            ],
            [
              135.864512,
              35.602863
            ],
            [
              135.848206,
              35.614715
            ],
            [
              135.839866,
              35.626985
            ],
            [
              135.839435,
              35.634803
            ],
            [
              135.815574,
              35.64197
            ],
            [
              135.81469,
              35.63219
            ],
            [
              135.822557,
              35.637507
            ],
            [
              135.823834,
              35.624089
            ],
            [
              135.836344,
              35.62368
            ],
            [
              135.838324,
              35.615731
            ],
            [
              135.8273,
              35.611444
            ],
            [
              135.832473,
              35.602889
            ],
            [
              135.841219,
              35.607637
            ],
            [
              135.844516,
              35.601619
            ],
            [
              135.854077,
              35.602673
            ],
            [
              135.85556,
              35.595951
            ],
            [
              135.852126,
              35.592685
            ],
            [
              135.857508,
              35.58209
            ],
            [
              135.848136,
              35.577519
            ],
            [
              135.849282,
              35.571495
            ],
            [
              135.842489,
              35.570952
            ],
            [
              135.840571,
              35.563847
            ],
            [
              135.836514,
              35.561982
            ],
            [
              135.827939,
              35.564013
            ],
            [
              135.827818,
              35.568534
            ],
            [
              135.820728,
              35.573924
            ],
            [
              135.813841,
              35.569354
            ],
            [
              135.819072,
              35.566045
            ],
            [
              135.821873,
              35.560071
            ],
            [
              135.844168,
              35.549204
            ],
            [
              135.850356,
              35.542879
            ],
            [
              135.848355,
              35.535678
            ],
            [
              135.832049,
              35.522502
            ],
            [
              135.841449,
              35.513008
            ],
            [
              135.84091,
              35.507649
            ],
            [
              135.845364,
              35.502147
            ],
            [
              135.842388,
              35.495317
            ],
            [
              135.843309,
              35.484399
            ],
            [
              135.824874,
              35.479249
            ],
            [
              135.809446,
              35.489934
            ],
            [
              135.796366,
              35.488085
            ],
            [
              135.800248,
              35.481148
            ],
            [
              135.811867,
              35.475686
            ],
            [
              135.810081,
              35.466125
            ],
            [
              135.815401,
              35.462386
            ],
            [
              135.818956,
              35.451503
            ],
            [
              135.840902,
              35.441351
            ],
            [
              135.849046,
              35.442333
            ],
            [
              135.859164,
              35.432299
            ],
            [
              135.8579,
              35.418241
            ],
            [
              135.853649,
              35.412211
            ]
          ]
        ]
      },
      "properties": {
        "N03_001": "福井県",
        "N03_002": null,
        "N03_003": "三方上中郡",
        "N03_004": "若狭町",
        "N03_005": null,
        "N03_007": "18501"
      }
    }
  ]
}