{"type":"FeatureCollection","name":"福岡県","features":[{"type":"Feature","properties":{"name":"福岡県"},"geometry":{"type":"MultiLineString","coordinates":[[[130.04208945,33.47812528],[130.04208945,33.47812528]],[[130.04391119,33.48189967],[130.04391119,33.48189967]],[[130.04424292,33.48219372],[130.04424292,33.48219372]],[[130.04414531,33.48224589],[130.04414531,33.48224589]],[[130.04770922,33.49234978],[130.04770922,33.49234978]],[[130.04449234,33.49415628],[130.04449234,33.49415628]],[[130.05909438,33.49715275],[130.05909438,33.49715275]],[[130.05926031,33.49718656],[130.05926031,33.49718656]],[[130.05973895,33.49739856],[130.05973895,33.49739856]],[[130.06131506,33.49804311],[130.06131506,33.49804311]],[[130.06319141,33.49834178],[130.06319141,33.49834178]],[[130.06403669,33.49934792],[130.06403669,33.49934792]],[[130.0650745,33.49932536],[130.0650745,33.49932536]],[[130.06401438,33.49951156],[130.06401438,33.49951156]],[[130.06412986,33.49963064],[130.06412986,33.49963064]],[[130.06502983,33.49988811],[130.06502983,33.49988811]],[[130.06500326,33.50007633],[130.06500326,33.50007633]],[[130.06525489,33.50006653],[130.06525489,33.50006653]],[[130.06378409,33.50020014],[130.06378409,33.50020014]],[[130.0639437,33.50029916],[130.0639437,33.50029916]],[[130.06379205,33.50035013],[130.06379205,33.50035013]],[[130.06372827,33.50052422],[130.06372827,33.50052422]],[[130.06870964,33.50188456],[130.06870964,33.50188456]],[[130.06885533,33.50178872],[130.06885533,33.50178872]],[[130.06244973,33.50577547],[130.06244973,33.50577547]],[[130.06719944,33.50662667],[130.06719944,33.50662667]],[[130.06957756,33.5094668],[130.06957756,33.5094668]],[[130.06969606,33.50968778],[130.06969606,33.50968778]],[[130.06973166,33.51008028],[130.06973166,33.51008028]],[[130.06967481,33.5103462],[130.06967481,33.5103462]],[[130.05113869,33.56517564],[130.05113869,33.56517564]],[[130.05151445,33.56618395],[130.05151445,33.56618395]],[[130.05198319,33.56728592],[130.05198319,33.56728592]],[[130.05344211,33.56971814],[130.05344211,33.56971814]],[[130.04827331,33.56670556],[130.04759061,33.57604772],[130.05453558,33.57268125],[130.04827331,33.56670556]],[[130.05392713,33.57021116],[130.05392713,33.57021116]],[[130.05371761,33.57020253],[130.05371761,33.57020253]],[[130.05404947,33.57023095],[130.05404947,33.57023095]],[[130.0541808,33.57118741],[130.0541808,33.57118741]],[[130.05425917,33.5713008],[130.05425917,33.5713008]],[[130.05429209,33.57139383],[130.05429209,33.57139383]],[[130.05436523,33.57147186],[130.05436523,33.57147186]],[[130.05431645,33.5715108],[130.05431645,33.5715108]],[[130.05437458,33.57155092],[130.05437458,33.57155092]],[[130.04411942,33.57224178],[130.04411942,33.57224178]],[[130.04409939,33.57232916],[130.04409939,33.57232916]],[[130.05463664,33.57238177],[130.05463664,33.57238177]],[[130.04412423,33.57239328],[130.04412423,33.57239328]],[[130.05450516,33.57246777],[130.05450516,33.57246777]],[[130.04416852,33.57254733],[130.04416852,33.57254733]],[[130.04432772,33.57260447],[130.04432772,33.57260447]],[[130.04448499,33.57289556],[130.04448499,33.57289556]],[[130.04492494,33.57363623],[130.04492494,33.57363623]],[[130.04494939,33.57384108],[130.04494939,33.57384108]],[[130.04505124,33.57408008],[130.04505124,33.57408008]],[[130.04558667,33.5742962],[130.04558667,33.5742962]],[[130.04552847,33.57431956],[130.04552847,33.57431956]],[[130.0535647,33.57438477],[130.0535647,33.57438477]],[[130.04558447,33.57439003],[130.04558447,33.57439003]],[[130.04575949,33.57454583],[130.04575949,33.57454583]],[[130.04581089,33.57469195],[130.04581089,33.57469195]],[[130.04596995,33.57488223],[130.04596995,33.57488223]],[[130.04605338,33.57497259],[130.04605338,33.57497259]],[[130.05191655,33.57505605],[130.05191655,33.57505605]],[[130.05175764,33.57506033],[130.05175764,33.57506033]],[[130.05197778,33.57508347],[130.05197778,33.57508347]],[[130.05208953,33.57509661],[130.05208953,33.57509661]],[[130.05193978,33.57509986],[130.05193978,33.57509986]],[[130.05177639,33.57515669],[130.05177639,33.57515669]],[[130.05165942,33.57517572],[130.05165942,33.57517572]],[[130.05208066,33.57524892],[130.05208066,33.57524892]],[[130.04611555,33.57535411],[130.04611555,33.57535411]],[[130.05028747,33.57548013],[130.05028747,33.57548013]],[[130.05053589,33.57549664],[130.05053589,33.57549664]],[[130.0461393,33.57550611],[130.0461393,33.57550611]],[[130.04627908,33.57554697],[130.04627908,33.57554697]],[[130.04629966,33.57556597],[130.04629966,33.57556597]],[[130.0498675,33.57559711],[130.0498675,33.57559711]],[[130.0511062,33.575591],[130.0511062,33.575591]],[[130.05084881,33.57579208],[130.05084881,33.57579208]],[[130.04650616,33.57562489],[130.04650616,33.57562489]],[[130.04666211,33.57567453],[130.04666211,33.57567453]],[[130.04642698,33.5756655],[130.04642698,33.5756655]],[[130.047757,33.57568925],[130.047757,33.57568925]],[[130.04796833,33.57568844],[130.04796833,33.57568844]],[[130.04676547,33.57570947],[130.04676547,33.57570947]],[[130.04682202,33.57577792],[130.04682202,33.57577792]],[[130.0491565,33.57576205],[130.0491565,33.57576205]],[[130.04620866,33.57581825],[130.04620866,33.57581825]],[[130.04864436,33.57581556],[130.04864436,33.57581556]],[[130.04873178,33.57580161],[130.04873178,33.57580161]],[[130.04882387,33.57582216],[130.04882387,33.57582216]],[[130.05084805,33.57583183],[130.05084805,33.57583183]],[[130.04890861,33.57581289],[130.04890861,33.57581289]],[[130.0510915,33.57586967],[130.0510915,33.57586967]],[[130.04682523,33.57585944],[130.04682523,33.57585944]],[[130.04885555,33.57586811],[130.04885555,33.57586811]],[[130.04783611,33.57594053],[130.04783611,33.57594053]],[[130.04843674,33.57586031],[130.04843674,33.57586031]],[[130.04932481,33.57588516],[130.04932481,33.57588516]],[[130.04720392,33.57590067],[130.04720392,33.57590067]],[[130.04903336,33.57595936],[130.04903336,33.57595936]],[[130.05023531,33.57602269],[130.05023531,33.57602269]],[[130.04810623,33.57612923],[130.04810623,33.57612923]],[[130.04829056,33.57619423],[130.04829056,33.57619423]],[[130.04784287,33.57613867],[130.04784287,33.57613867]],[[130.04611725,33.57611103],[130.04611725,33.57611103]],[[130.04800842,33.57625661],[130.04800842,33.57625661]],[[130.04733606,33.57645241],[130.04733606,33.57645241]],[[130.04873139,33.57632869],[130.04873139,33.57632869]],[[130.04657309,33.57638659],[130.04657309,33.57638659]],[[130.04905289,33.57649825],[130.04905289,33.57649825]],[[129.98148798,33.68916837],[129.98148798,33.68916837]],[[129.98181604,33.6895548],[129.98181604,33.6895548]],[[130.03595545,33.86227393],[130.03595545,33.86227393]],[[130.035106,33.86211025],[130.035106,33.86211025]],[[130.03826733,33.86357631],[130.03826733,33.86357631]],[[130.03831423,33.86376933],[130.03831423,33.86376933]],[[130.0385075,33.863987],[130.0385075,33.863987]],[[130.03853209,33.8640328],[130.03853209,33.8640328]],[[130.03858039,33.86406975],[130.03858039,33.86406975]],[[130.03865759,33.86412153],[130.03865759,33.86412153]],[[130.03857683,33.864161],[130.03857683,33.864161]],[[130.03883186,33.86419931],[130.03883186,33.86419931]],[[130.03880403,33.86488713],[130.03880403,33.86488713]],[[130.038809,33.8652332],[130.038809,33.8652332]],[[130.03274662,33.86536803],[130.03274662,33.86536803]],[[130.03291997,33.86568759],[130.03291997,33.86568759]],[[130.03301455,33.86576036],[130.03301455,33.86576036]],[[130.03307414,33.86574553],[130.03307414,33.86574553]],[[130.03898102,33.86593247],[130.03898102,33.86593247]],[[130.03901861,33.86596089],[130.03901861,33.86596089]],[[130.03277231,33.86660469],[130.03277231,33.86660469]],[[130.03285136,33.86674947],[130.03285136,33.86674947]],[[130.03289572,33.86677344],[130.03289572,33.86677344]],[[130.03249628,33.86679222],[130.03249628,33.86679222]],[[130.03274455,33.86682939],[130.03274455,33.86682939]],[[130.03231555,33.86682992],[130.03231555,33.86682992]],[[130.03240769,33.86687167],[130.03240769,33.86687167]],[[130.03834691,33.86694769],[130.03834691,33.86694769]],[[130.0385337,33.86713714],[130.0385337,33.86713714]],[[130.03847636,33.86735259],[130.03847636,33.86735259]],[[130.03323148,33.86582828],[130.03652881,33.87406028],[130.03822929,33.86260978],[130.03323148,33.86582828]],[[130.03314914,33.86793325],[130.03314914,33.86793325]],[[130.03298497,33.86844389],[130.03298497,33.86844389]],[[130.03324241,33.86873131],[130.03324241,33.86873131]],[[130.03334558,33.86926736],[130.03334558,33.86926736]],[[130.03717577,33.87339341],[130.03717577,33.87339341]],[[130.03667224,33.87434864],[130.03667224,33.87434864]],[[130.083637,33.50739053],[130.083637,33.50739053]],[[130.08395895,33.50749895],[130.08395895,33.50749895]],[[130.11619908,33.50810931],[130.11619908,33.50810931]],[[130.08367781,33.50816372],[130.08367781,33.50816372]],[[130.08354611,33.50818805],[130.08354611,33.50818805]],[[130.08350737,33.50822116],[130.08350737,33.50822116]],[[130.06952406,33.50848044],[130.06952406,33.50848044]],[[130.07072416,33.50939611],[130.07072416,33.50939611]],[[130.07013628,33.51018969],[130.07013628,33.51018969]],[[130.0737342,33.51025841],[130.0737342,33.51025841]],[[130.06981783,33.51036739],[130.06981783,33.51036739]],[[130.09811944,33.51286695],[130.09811944,33.51286695]],[[130.09832263,33.51369567],[130.09832263,33.51369567]],[[130.09849017,33.51379661],[130.09849017,33.51379661]],[[130.10523833,33.51440897],[130.10523833,33.51440897]],[[130.10514328,33.51449278],[130.10514328,33.51449278]],[[130.10507669,33.51473936],[130.10507669,33.51473936]],[[130.1051207,33.51480269],[130.1051207,33.51480269]],[[130.10448022,33.51481611],[130.10448022,33.51481611]],[[130.10439234,33.51490572],[130.10439234,33.51490572]],[[130.10428419,33.51490061],[130.10428419,33.51490061]],[[130.10427061,33.51502916],[130.10427061,33.51502916]],[[130.10438209,33.51505253],[130.10438209,33.51505253]],[[130.10424448,33.51508841],[130.10424448,33.51508841]],[[130.10208148,33.51571969],[130.10208148,33.51571969]],[[130.10065903,33.51572677],[130.10065903,33.51572677]],[[130.10117447,33.51602389],[130.10117447,33.51602389]],[[130.10137903,33.5160298],[130.10137903,33.5160298]],[[130.10151278,33.51606531],[130.10151278,33.51606531]],[[130.10126333,33.5160818],[130.10126333,33.5160818]],[[130.11545642,33.54611128],[130.11545642,33.54611128]],[[130.11575481,33.54655405],[130.11575481,33.54655405]],[[130.11554239,33.54664486],[130.11554239,33.54664486]],[[130.11585367,33.5466598],[130.11585367,33.5466598]],[[130.11579195,33.54681859],[130.11579195,33.54681859]],[[130.11679419,33.54697244],[130.11679419,33.54697244]],[[130.11771552,33.54719061],[130.11771552,33.54719061]],[[130.11776889,33.54726033],[130.11776889,33.54726033]],[[130.11802392,33.5474462],[130.11802392,33.5474462]],[[130.11812936,33.54746713],[130.11812936,33.54746713]],[[130.11974528,33.54750333],[130.11974528,33.54750333]],[[130.11969278,33.54753083],[130.11969278,33.54753083]],[[130.11956092,33.547537],[130.11956092,33.547537]],[[130.1185345,33.54755623],[130.1185345,33.54755623]],[[130.11953856,33.547616],[130.11953856,33.547616]],[[130.11919436,33.54780264],[130.11919436,33.54780264]],[[130.119082,33.54788],[130.119082,33.54788]],[[130.11617202,33.5484512],[130.11617202,33.5484512]],[[130.11581255,33.54948031],[130.11581255,33.54948031]],[[130.11544336,33.54961083],[130.11544336,33.54961083]],[[130.11517267,33.54972413],[130.11517267,33.54972413]],[[130.11465428,33.55012761],[130.11465428,33.55012761]],[[130.11575036,33.55061539],[130.11575036,33.55061539]],[[130.11641306,33.55073372],[130.11641306,33.55073372]],[[130.11703795,33.55250108],[130.11703795,33.55250108]],[[130.11705481,33.55296005],[130.11705481,33.55296005]],[[130.11724438,33.55311559],[130.11724438,33.55311559]],[[130.11718562,33.55337592],[130.11718562,33.55337592]],[[130.11703744,33.55357664],[130.11703744,33.55357664]],[[130.1121575,33.55479528],[130.1121575,33.55479528]],[[130.11750005,33.55504972],[130.11750005,33.55504972]],[[130.11220722,33.55505778],[130.11220722,33.55505778]],[[130.11752289,33.5551238],[130.11752289,33.5551238]],[[130.11771689,33.55519308],[130.11771689,33.55519308]],[[130.11797455,33.5556838],[130.11797455,33.5556838]],[[130.11826852,33.55568616],[130.11826852,33.55568616]],[[130.08824027,33.56765416],[130.08824027,33.56765416]],[[130.08868639,33.56795889],[130.08868639,33.56795889]],[[130.08857944,33.56839528],[130.08857944,33.56839528]],[[130.08994722,33.56863167],[130.08994722,33.56863167]],[[130.08972,33.569045],[130.08972,33.569045]],[[130.09224861,33.57145223],[130.09224861,33.57145223]],[[130.08850224,33.57757175],[130.08850224,33.57757175]],[[130.08835869,33.57767278],[130.08835869,33.57767278]],[[130.08819725,33.57780295],[130.08819725,33.57780295]],[[130.08809683,33.577805],[130.08809683,33.577805]],[[130.08813698,33.57785939],[130.08813698,33.57785939]],[[130.08812472,33.57792847],[130.08812472,33.57792847]],[[130.08813205,33.57795844],[130.08813205,33.57795844]],[[130.08799798,33.57802733],[130.08799798,33.57802733]],[[130.08787406,33.57811441],[130.08787406,33.57811441]],[[130.08792005,33.57819492],[130.08792005,33.57819492]],[[130.08783597,33.57820189],[130.08783597,33.57820189]],[[130.08712326,33.57991369],[130.08712326,33.57991369]],[[130.08709275,33.57998777],[130.08709275,33.57998777]],[[130.08791092,33.58197216],[130.08791092,33.58197216]],[[130.08794399,33.58213561],[130.08794399,33.58213561]],[[130.08789122,33.58212261],[130.08789122,33.58212261]],[[130.08785856,33.58215736],[130.08785856,33.58215736]],[[130.08796092,33.58244186],[130.08796092,33.58244186]],[[130.08821669,33.58255031],[130.08821669,33.58255031]],[[130.08839219,33.58288783],[130.08839219,33.58288783]],[[130.08833728,33.58333644],[130.08833728,33.58333644]],[[130.08862217,33.58339128],[130.08862217,33.58339128]],[[130.08885939,33.5834298],[130.08885939,33.5834298]],[[130.08907156,33.58344697],[130.08907156,33.58344697]],[[130.08920508,33.58358339],[130.08920508,33.58358339]],[[130.08993508,33.58399864],[130.08993508,33.58399864]],[[130.0900785,33.58407786],[130.0900785,33.58407786]],[[130.09036553,33.58407431],[130.09036553,33.58407431]],[[130.09041672,33.58409333],[130.09041672,33.58409333]],[[130.09305569,33.58527716],[130.09305569,33.58527716]],[[130.0920485,33.58529214],[130.0920485,33.58529214]],[[130.09239844,33.58531869],[130.09239844,33.58531869]],[[130.09300936,33.58533039],[130.09300936,33.58533039]],[[130.09209691,33.58537022],[130.09209691,33.58537022]],[[130.09310341,33.58540953],[130.09310341,33.58540953]],[[130.09294722,33.58546777],[130.09294722,33.58546777]],[[130.09311499,33.58549389],[130.09311499,33.58549389]],[[130.1055873,33.58550075],[130.1055873,33.58550075]],[[130.09337306,33.58550356],[130.09337306,33.58550356]],[[130.09304019,33.58553403],[130.09304019,33.58553403]],[[130.09392392,33.58556195],[130.09392392,33.58556195]],[[130.0943392,33.58576859],[130.0943392,33.58576859]],[[130.09561601,33.58585041],[130.09561601,33.58585041]],[[130.09501141,33.58605778],[130.09501141,33.58605778]],[[130.09732514,33.58601347],[130.09732514,33.58601347]],[[130.09736859,33.58619556],[130.09736859,33.58619556]],[[130.09877756,33.58615759],[130.09877756,33.58615759]],[[130.09970297,33.58623825],[130.09970297,33.58623825]],[[130.09892346,33.58629732],[130.09892346,33.58629732]],[[130.09838403,33.58636228],[130.09838403,33.58636228]],[[130.09979917,33.58633256],[130.09979917,33.58633256]],[[130.09064528,33.58637444],[130.09064528,33.58637444]],[[130.0999717,33.58638816],[130.0999717,33.58638816]],[[130.09990903,33.58643595],[130.09990903,33.58643595]],[[130.09991815,33.58653403],[130.09991815,33.58653403]],[[130.10084691,33.58677089],[130.10084691,33.58677089]],[[130.10094934,33.58695908],[130.10094934,33.58695908]],[[130.10215326,33.58814311],[130.10215326,33.58814311]],[[130.10207881,33.58820559],[130.10207881,33.58820559]],[[130.10583377,33.589218],[130.10583377,33.589218]],[[130.10851694,33.59657528],[130.10851694,33.59657528]],[[130.10835112,33.59670444],[130.10835112,33.59670444]],[[130.12000803,33.65556591],[130.12000803,33.65556591]],[[130.11997603,33.65561617],[130.11997603,33.65561617]],[[130.11965336,33.6559858],[130.11965336,33.6559858]],[[130.11922182,33.65600175],[130.11922182,33.65600175]],[[130.11066026,34.23093554],[130.11066026,34.23093554]],[[130.11200409,34.23216632],[130.11200409,34.23216632]],[[130.11418614,34.23175483],[130.11418614,34.23175483]],[[130.11136569,34.23176267],[130.11136569,34.23176267]],[[130.11447785,34.23246166],[130.11447785,34.23246166]],[[130.10469953,34.2364846],[130.10469953,34.2364846]],[[130.1123666,34.24944104],[130.1050837,34.23898274],[130.09813525,34.2418263],[130.1123666,34.24944104]],[[130.11086145,34.24465856],[130.11086145,34.24465856]],[[130.11285536,34.24661153],[130.11285536,34.24661153]],[[130.10081514,34.24696139],[130.10081514,34.24696139]],[[130.10339977,34.24995189],[130.10339977,34.24995189]],[[130.12066659,33.508397],[130.12066659,33.508397]],[[130.12065689,33.50846247],[130.12065689,33.50846247]],[[130.12140798,33.50867203],[130.12140798,33.50867203]],[[130.12287433,33.50883705],[130.12287433,33.50883705]],[[130.12294781,33.50886064],[130.12294781,33.50886064]],[[130.12494525,33.51013475],[130.12494525,33.51013475]],[[130.125,33.51020675],[130.125,33.51020675]],[[130.12507891,33.51036228],[130.12507891,33.51036228]],[[130.12629189,33.52382841],[130.12629189,33.52382841]],[[130.12625039,33.52380172],[130.12625039,33.52380172]],[[130.12608655,33.52384283],[130.12608655,33.52384283]],[[130.12573674,33.52386797],[130.12573674,33.52386797]],[[130.12445799,33.52521041],[130.12445799,33.52521041]],[[130.12441861,33.52550633],[130.12441861,33.52550633]],[[130.1242562,33.52560011],[130.1242562,33.52560011]],[[130.12432338,33.52562936],[130.12432338,33.52562936]],[[130.12434209,33.52563364],[130.12434209,33.52563364]],[[130.12527681,33.52600225],[130.12527681,33.52600225]],[[130.12609769,33.52625583],[130.12609769,33.52625583]],[[130.12912842,33.52846711],[130.12912842,33.52846711]],[[130.13383455,33.52881172],[130.13383455,33.52881172]],[[130.13093594,33.52917036],[130.13093594,33.52917036]],[[130.14672694,33.53733111],[130.14672694,33.53733111]],[[130.15687241,33.54398741],[130.15687241,33.54398741]],[[130.15700872,33.544043],[130.15700872,33.544043]],[[130.15694419,33.54404787],[130.15694419,33.54404787]],[[130.15698878,33.5441588],[130.15698878,33.5441588]],[[130.15677849,33.54416775],[130.15677849,33.54416775]],[[130.14141403,33.54680064],[130.14141403,33.54680064]],[[130.14124917,33.54679167],[130.14124917,33.54679167]],[[130.14138683,33.54682859],[130.14138683,33.54682859]],[[130.14088613,33.54705611],[130.14088613,33.54705611]],[[130.12011778,33.54759678],[130.12011778,33.54759678]],[[130.12015361,33.54773641],[130.12015361,33.54773641]],[[130.12013233,33.547858],[130.12013233,33.547858]],[[130.12034294,33.5480318],[130.12034294,33.5480318]],[[130.120449,33.54820178],[130.120449,33.54820178]],[[130.12044464,33.54824992],[130.12044464,33.54824992]],[[130.12051031,33.54828303],[130.12051031,33.54828303]],[[130.14160983,33.54835347],[130.14160983,33.54835347]],[[130.12073625,33.54843969],[130.12073625,33.54843969]],[[130.12070747,33.54845472],[130.12070747,33.54845472]],[[130.12079997,33.54865547],[130.12079997,33.54865547]],[[130.12162064,33.55095167],[130.12162064,33.55095167]],[[130.14655737,33.55131731],[130.14655737,33.55131731]],[[130.12236236,33.55142325],[130.12236236,33.55142325]],[[130.122256,33.5514408],[130.122256,33.5514408]],[[130.12218628,33.55144544],[130.12218628,33.55144544]],[[130.122341,33.55157539],[130.122341,33.55157539]],[[130.14781322,33.55175136],[130.14781322,33.55175136]],[[130.12291956,33.55254928],[130.12291956,33.55254928]],[[130.12303431,33.55275739],[130.12303431,33.55275739]],[[130.11699153,33.47511003],[130.10692639,33.47782861],[130.08987678,33.46849797],[130.03902633,33.47001447],[130.04974875,33.48821605],[130.04484328,33.4961352],[130.09228163,33.50597303],[130.10123361,33.5160092],[130.10683869,33.50942395],[130.12680102,33.51004469],[130.13511942,33.51794956],[130.12452713,33.52574061],[130.15386297,33.53703492],[130.16396886,33.55059847],[130.16068172,33.56093356],[130.14200825,33.5479092],[130.12685248,33.55691075],[130.12896542,33.55255204],[130.11595031,33.54674795],[130.12019025,33.55836736],[130.13214219,33.55866847],[130.13587472,33.56677731],[130.11967623,33.57460433],[130.09801406,33.56385295],[130.08871678,33.5832442],[130.10792661,33.5854178],[130.10759355,33.59707947],[130.1230273,33.59001583],[130.14761302,33.59293572],[130.16175481,33.61057797],[130.155097,33.61521083],[130.15707678,33.62842461],[130.19920918,33.64048659],[130.20747597,33.64775849],[130.21006244,33.66746056],[130.23695095,33.64919078],[130.22394647,33.63421133],[130.23294019,33.62724567],[130.23238066,33.61634511],[130.27506886,33.60977697],[130.26738399,33.59354595],[130.26294367,33.60269086],[130.25072195,33.59993233],[130.2600365,33.59071936],[130.26510737,33.59454683],[130.27294503,33.58261572],[130.29553499,33.58061908],[130.31190003,33.58793136],[130.31295988,33.59797728],[130.35324377,33.59516997],[130.37771219,33.60595108],[130.3809863,33.59384922],[130.39321156,33.5973022],[130.38463966,33.6000595],[130.38470261,33.60750528],[130.40203256,33.60503639],[130.39595275,33.61020247],[130.40133519,33.61846972],[130.41494148,33.62081908],[130.40322776,33.62335133],[130.4082265,33.64465625],[130.42138467,33.64287508],[130.42126698,33.64818472],[130.40501645,33.652172],[130.43444947,33.66216205],[130.42557956,33.67505844],[130.43279458,33.67952292],[130.43061136,33.68669356],[130.36761008,33.66471892],[130.36029562,33.65823003],[130.36029567,33.64386916],[130.33384519,33.64933611],[130.31809101,33.66092927],[130.34626698,33.66188241],[130.38100572,33.67544931],[130.41622761,33.70275989],[130.42112258,33.71855722],[130.4336739,33.71677307],[130.4582037,33.7361658],[130.47078651,33.77452479],[130.46406645,33.7868612],[130.45541192,33.78410044],[130.45939148,33.79085749],[130.44774825,33.78629369],[130.45126733,33.80278416],[130.44396414,33.81541364],[130.45946958,33.809559],[130.47232377,33.81734014],[130.48217467,33.84415116],[130.477514,33.85785539],[130.48848192,33.85099614],[130.51800703,33.86057164],[130.52914322,33.87600191],[130.52507883,33.89010387],[130.56352905,33.89165205],[130.56724766,33.88217259],[130.58105925,33.87813267],[130.63169244,33.88367128],[130.663242,33.90114225],[130.65730759,33.90983647],[130.68238944,33.92426805],[130.68284358,33.937599],[130.7288334,33.93623425],[130.7380137,33.92700811],[130.73978158,33.93913497],[130.76972258,33.948997],[130.76878577,33.94062969],[130.76007703,33.93961475],[130.76880119,33.92912313],[130.75246995,33.92592389],[130.7543673,33.92041259],[130.77531981,33.92718172],[130.77751458,33.93426695],[130.81338536,33.92915253],[130.80652195,33.92962105],[130.81592744,33.92647977],[130.81726411,33.91663667],[130.80621365,33.91272328],[130.81695608,33.91518359],[130.81454003,33.90208239],[130.79641875,33.89049925],[130.76928635,33.88912792],[130.76291652,33.88589331],[130.78379817,33.8859225],[130.75370856,33.87817572],[130.74516464,33.88824314],[130.74888745,33.87772925],[130.74112927,33.87488041],[130.77293789,33.87966005],[130.77095314,33.87400031],[130.80323917,33.89145577],[130.80474795,33.88162016],[130.79437214,33.87450405],[130.8006828,33.87394667],[130.80890798,33.87906703],[130.80600309,33.89243347],[130.82275981,33.90361033],[130.82476317,33.92051836],[130.85684151,33.92900972],[130.8607445,33.92389077],[130.8482891,33.91931589],[130.85049053,33.91492178],[130.86862122,33.92257792],[130.86913462,33.91749823],[130.84820486,33.90545461],[130.87181195,33.91598087],[130.88053042,33.90942378],[130.87706309,33.90608872],[130.88665772,33.90678649],[130.86666667,33.89800731],[130.88778581,33.90206289],[130.89304708,33.89626669],[130.87766306,33.88943275],[130.89401776,33.89359031],[130.891547,33.88764169],[130.93110125,33.9069685],[130.94624414,33.93837649],[130.96456331,33.94690695],[130.96300756,33.96219667],[130.97543497,33.9574288],[130.99214652,33.96221361],[130.9850362,33.95798964],[130.98954776,33.95774667],[131.00215555,33.96988441],[131.00833105,33.96741577],[131.00088883,33.96402241],[131.02149986,33.96181408],[131.02195842,33.94276908],[131.010419,33.941603],[131.01083089,33.93068403],[131.00066905,33.923931],[131.0157747,33.919436],[131.00457728,33.91480972],[131.00538672,33.90415264],[130.99685733,33.9072668],[130.98720856,33.89995625],[131.00465084,33.89153446],[131.00283536,33.87504012],[130.99546166,33.87381303],[130.99108075,33.88585292],[130.98211161,33.86706086],[130.99905183,33.86789097],[130.99345221,33.8510325],[130.98679425,33.85488216],[130.98130567,33.84102896],[130.97625547,33.84187267],[130.98325663,33.83789206],[130.99109392,33.84660709],[130.9851537,33.83883642],[130.97629309,33.83436287],[130.96037897,33.83904308],[130.95683567,33.82935534],[130.96068124,33.82244469],[130.97122602,33.82535453],[130.96084214,33.82219059],[130.96657888,33.81002525],[130.97969219,33.81235183],[130.96655606,33.80949833],[130.98393664,33.80863253],[131.01176921,33.81959057],[131.0192928,33.80473802],[131.00500224,33.80644416],[131.01252222,33.79999992],[131.00780872,33.8001332],[130.99624936,33.80983364],[131.00291545,33.80143241],[130.98785025,33.79651397],[130.9850237,33.78504933],[131.00194997,33.7950885],[130.99560275,33.79102841],[131.00300997,33.78107331],[130.99190703,33.77362253],[131.00123496,33.77486508],[130.99927351,33.76937067],[131.01324185,33.77772911],[131.01066336,33.7822177],[131.01771009,33.76763795],[131.00080809,33.75727775],[131.00435328,33.74814036],[131.01905219,33.74687708],[131.01381355,33.73184956],[131.02186105,33.7297268],[131.04060233,33.69050625],[131.05574547,33.69055805],[131.050049,33.68590647],[131.05933361,33.67308872],[131.0647108,33.67516275],[131.06656949,33.6599728],[131.0936652,33.62351734],[131.10656778,33.61696681],[131.11337726,33.62391021],[131.11409504,33.61741206],[131.11500169,33.63052232],[131.13172036,33.62423359],[131.12884995,33.63134406],[131.16164558,33.61635432],[131.18517348,33.62218711],[131.17235499,33.58284695],[131.19018139,33.55599556],[131.18689917,33.54403833],[131.16627472,33.52735749],[131.17727389,33.50717389],[131.12801361,33.50158333],[131.10759027,33.50762778],[131.07570056,33.5052975],[131.02958611,33.51885916],[131.01534306,33.50911028],[130.97289112,33.50551889],[130.94241833,33.4856425],[130.92628589,33.45762453],[130.8949207,33.44615571],[130.88635012,33.37969639],[130.86268127,33.37689414],[130.86115768,33.36165799],[130.83534796,33.34354595],[130.8572986,33.32690177],[130.86634831,33.29211213],[130.85207413,33.27746967],[130.86804751,33.26407863],[130.82870288,33.25745864],[130.82626145,33.23676325],[130.85940411,33.22952139],[130.836489,33.21059991],[130.88749663,33.18648079],[130.88571826,33.1762934],[130.87350489,33.1681901],[130.8796463,33.1529869],[130.85332201,33.10914121],[130.82175035,33.10606017],[130.81829483,33.11443155],[130.77088934,33.12433268],[130.73236751,33.15448505],[130.69205383,33.15154778],[130.69077018,33.16406631],[130.68002154,33.17130875],[130.66650909,33.15504653],[130.66890026,33.1389541],[130.65439946,33.1139491],[130.65957031,33.10948555],[130.57687721,33.11501757],[130.56179588,33.1041892],[130.56561245,33.08710559],[130.54136677,33.08201109],[130.53143889,33.06397078],[130.51687373,33.06556659],[130.49672847,33.05175789],[130.51579298,33.01401853],[130.50594668,33.00267568],[130.42698333,33.00536621],[130.39662908,33.00003892],[130.40931735,33.00943663],[130.41923962,33.00763069],[130.41431267,33.01679903],[130.39205523,33.004454],[130.408787,33.01056042],[130.40769097,33.01726323],[130.42310664,33.02954416],[130.42538283,33.05285244],[130.41351955,33.08497338],[130.38759645,33.09536025],[130.39766375,33.10786189],[130.372579,33.12041967],[130.37330947,33.14128708],[130.3557841,33.14035695],[130.35312,33.18046222],[130.34055499,33.18844583],[130.33938694,33.20273972],[130.37809082,33.22097588],[130.36988383,33.23924215],[130.39025375,33.24521452],[130.39047817,33.25937952],[130.40001816,33.2590998],[130.40209624,33.24865147],[130.41489593,33.25264896],[130.41768313,33.26885202],[130.42956505,33.27401201],[130.42793031,33.29091257],[130.43849502,33.2893769],[130.43908255,33.26583784],[130.45020671,33.26541145],[130.44872531,33.27840784],[130.46797642,33.28728339],[130.45536645,33.29469701],[130.45602341,33.30142284],[130.4840909,33.30535145],[130.48939479,33.31592922],[130.47699175,33.32600368],[130.47982036,33.33078534],[130.49945563,33.3255759],[130.50883648,33.3432934],[130.53597846,33.3429623],[130.54212722,33.37263972],[130.53647075,33.43898195],[130.51246027,33.44944695],[130.50938389,33.44366749],[130.47659333,33.43846389],[130.45808056,33.41978139],[130.44221389,33.41563361],[130.43815,33.40006916],[130.41869778,33.40107472],[130.41097083,33.39504028],[130.40770389,33.40205611],[130.41680888,33.41044889],[130.39671917,33.42743028],[130.37821888,33.42495916],[130.36881139,33.43628083],[130.35578694,33.43323972],[130.34542805,33.44502139],[130.29692361,33.46285056],[130.27496944,33.47968167],[130.24991833,33.47049723],[130.23331445,33.47892278],[130.19866584,33.48120028],[130.17605166,33.46591667],[130.15640139,33.47677944],[130.13896639,33.47039778],[130.11699153,33.47511003]],[[130.13432776,33.55566931],[130.13432776,33.55566931]],[[130.1325547,33.55569441],[130.1325547,33.55569441]],[[130.1326818,33.5557228],[130.1326818,33.5557228]],[[130.13287178,33.55585136],[130.13287178,33.55585136]],[[130.13361423,33.55597972],[130.13361423,33.55597972]],[[130.12030372,33.55847556],[130.12030372,33.55847556]],[[130.12051061,33.55857089],[130.12051061,33.55857089]],[[130.12060236,33.55856261],[130.12060236,33.55856261]],[[130.1207045,33.55865286],[130.1207045,33.55865286]],[[130.12592594,33.56232292],[130.12592594,33.56232292]],[[130.1284173,33.56695061],[130.1284173,33.56695061]],[[130.12864469,33.56720403],[130.12864469,33.56720403]],[[130.12957813,33.56776799],[130.12957813,33.56776799]],[[130.12157494,33.57193205],[130.12157494,33.57193205]],[[130.15674754,33.60426717],[130.15674754,33.60426717]],[[130.15677997,33.60441093],[130.15677997,33.60441093]],[[130.15661278,33.60455126],[130.15661278,33.60455126]],[[130.15670381,33.60456405],[130.15670381,33.60456405]],[[130.15728392,33.6048889],[130.15728392,33.6048889]],[[130.15846997,33.60781289],[130.15846997,33.60781289]],[[130.15776538,33.60774505],[130.15776538,33.60774505]],[[130.14445451,33.60795649],[130.14445451,33.60795649]],[[130.14435355,33.60802133],[130.14435355,33.60802133]],[[130.14427468,33.60805442],[130.14427468,33.60805442]],[[130.15780267,33.60798947],[130.15780267,33.60798947]],[[130.14433336,33.60819044],[130.14433336,33.60819044]],[[130.14476078,33.60855459],[130.14476078,33.60855459]],[[130.14423547,33.60859803],[130.14423547,33.60859803]],[[130.14487538,33.60893072],[130.14487538,33.60893072]],[[130.14558416,33.60893725],[130.14558416,33.60893725]],[[130.14550671,33.60901065],[130.14550671,33.60901065]],[[130.14583362,33.60904618],[130.14583362,33.60904618]],[[130.14561275,33.60906368],[130.14561275,33.60906368]],[[130.14588444,33.60904987],[130.14588444,33.60904987]],[[130.1451138,33.60913192],[130.1451138,33.60913192]],[[130.14536272,33.60950331],[130.14536272,33.60950331]],[[130.15827145,33.61385982],[130.15827145,33.61385982]],[[130.15575065,33.61769417],[130.15575065,33.61769417]],[[130.15572336,33.61772951],[130.15572336,33.61772951]],[[130.15594973,33.61808956],[130.15594973,33.61808956]],[[130.15582737,33.61816095],[130.15582737,33.61816095]],[[130.1554518,33.61870944],[130.1554518,33.61870944]],[[130.15545756,33.61903742],[130.15545756,33.61903742]],[[130.1553317,33.6192802],[130.1553317,33.6192802]],[[130.15480178,33.61962208],[130.15480178,33.61962208]],[[130.15448333,33.62015953],[130.15448333,33.62015953]],[[130.15430253,33.62059847],[130.15430253,33.62059847]],[[130.15428436,33.62093611],[130.15428436,33.62093611]],[[130.15410642,33.6209595],[130.15410642,33.6209595]],[[130.15453034,33.62157047],[130.15453034,33.62157047]],[[130.15580672,33.62266295],[130.15580672,33.62266295]],[[130.15601061,33.62301859],[130.15601061,33.62301859]],[[130.15608694,33.62313849],[130.15608694,33.62313849]],[[130.1560808,33.62326008],[130.1560808,33.62326008]],[[130.15630878,33.62349949],[130.15630878,33.62349949]],[[130.1555092,33.62391977],[130.1555092,33.62391977]],[[130.15618163,33.62408208],[130.15618163,33.62408208]],[[130.15575008,33.624127],[130.15575008,33.624127]],[[130.15601224,33.62440975],[130.15601224,33.62440975]],[[130.15587881,33.624764],[130.15587881,33.624764]],[[130.15585296,33.62502862],[130.15585296,33.62502862]],[[130.15662481,33.62750059],[130.15662481,33.62750059]],[[130.15705292,33.62872783],[130.15705292,33.62872783]],[[130.15708338,33.62903072],[130.15708338,33.62903072]],[[130.15800477,33.62898967],[130.15800477,33.62898967]],[[130.15842889,33.62908192],[130.15842889,33.62908192]],[[130.15712275,33.62910531],[130.15712275,33.62910531]],[[130.15707503,33.62913616],[130.15707503,33.62913616]],[[130.15709239,33.62918922],[130.15709239,33.62918922]],[[130.15883908,33.62940578],[130.15883908,33.62940578]],[[130.15870817,33.62962325],[130.15870817,33.62962325]],[[130.15837442,33.62954985],[130.15837442,33.62954985]],[[130.15863903,33.62957303],[130.15863903,33.62957303]],[[130.15867908,33.62964433],[130.15867908,33.62964433]],[[130.15872428,33.62975005],[130.15872428,33.62975005]],[[130.15954961,33.62985708],[130.15954961,33.62985708]],[[130.15944036,33.62991939],[130.15944036,33.62991939]],[[130.15910136,33.6302652],[130.15910136,33.6302652]],[[130.16093669,33.63039072],[130.16093669,33.63039072]],[[130.16222562,33.63033303],[130.16222562,33.63033303]],[[130.16162772,33.63059928],[130.16162772,33.63059928]],[[130.16275886,33.63048422],[130.16275886,33.63048422]],[[130.15976066,33.63059039],[130.15976066,33.63059039]],[[130.16122839,33.63059811],[130.16122839,33.63059811]],[[130.16220058,33.63061333],[130.16220058,33.63061333]],[[130.1599992,33.63065711],[130.1599992,33.63065711]],[[130.16017864,33.63064689],[130.16017864,33.63064689]],[[130.1656449,33.63221721],[130.1656449,33.63221721]],[[130.16580988,33.63229992],[130.16580988,33.63229992]],[[130.16617271,33.63232094],[130.16617271,33.63232094]],[[130.16625412,33.63245159],[130.16625412,33.63245159]],[[130.16750538,33.63279237],[130.16750538,33.63279237]],[[130.16746036,33.63288917],[130.16746036,33.63288917]],[[130.12026314,33.65584002],[130.12026314,33.65584002]],[[130.12020965,33.65586218],[130.12020965,33.65586218]],[[130.14881542,33.70226799],[130.14881542,33.70226799]],[[130.1762028,33.63129421],[130.1762028,33.63129421]],[[130.17649224,33.6315513],[130.17649224,33.6315513]],[[130.17657361,33.63155283],[130.17657361,33.63155283]],[[130.17674611,33.63163954],[130.17674611,33.63163954]],[[130.17720178,33.63180208],[130.17720178,33.63180208]],[[130.1785525,33.63238793],[130.1785525,33.63238793]],[[130.18175398,33.63261779],[130.18175398,33.63261779]],[[130.18256256,33.63268139],[130.18256256,33.63268139]],[[130.18272228,33.63275241],[130.18272228,33.63275241]],[[130.19652964,33.64032289],[130.19652964,33.64032289]],[[130.19609956,33.64035536],[130.19609956,33.64035536]],[[130.19664192,33.64060944],[130.19664192,33.64060944]],[[130.20014659,33.64423641],[130.20014659,33.64423641]],[[130.20005406,33.64431522],[130.20005406,33.64431522]],[[130.20004205,33.64448092],[130.20004205,33.64448092]],[[130.2000891,33.64455772],[130.2000891,33.64455772]],[[130.20005947,33.64459061],[130.20005947,33.64459061]],[[130.20010211,33.64461659],[130.20010211,33.64461659]],[[130.20004217,33.64464961],[130.20004217,33.64464961]],[[130.20001205,33.64467289],[130.20001205,33.64467289]],[[130.20007811,33.6447082],[130.20007811,33.6447082]],[[130.20003458,33.64476233],[130.20003458,33.64476233]],[[130.20007752,33.64477139],[130.20007752,33.64477139]],[[130.20004756,33.64482289],[130.20004756,33.64482289]],[[130.20000008,33.64487103],[130.20000008,33.64487103]],[[130.20008525,33.64493003],[130.20008525,33.64493003]],[[130.20008866,33.64499664],[130.20008866,33.64499664]],[[130.20000869,33.64501864],[130.20000869,33.64501864]],[[130.20014163,33.64508141],[130.20014163,33.64508141]],[[130.20008947,33.64509425],[130.20008947,33.64509425]],[[130.20000008,33.64510705],[130.20000008,33.64510705]],[[130.20018128,33.64515644],[130.20018128,33.64515644]],[[130.20022499,33.64516269],[130.20022499,33.64516269]],[[130.20003825,33.64516347],[130.20003825,33.64516347]],[[130.20021469,33.64520656],[130.20021469,33.64520656]],[[130.20010326,33.64521797],[130.20010326,33.64521797]],[[130.20031897,33.64525144],[130.20031897,33.64525144]],[[130.20027484,33.64526775],[130.20027484,33.64526775]],[[130.20011027,33.64527225],[130.20011027,33.64527225]],[[130.20035358,33.64530947],[130.20035358,33.64530947]],[[130.20025005,33.64532947],[130.20025005,33.64532947]],[[130.20018591,33.6453692],[130.20018591,33.6453692]],[[130.20031044,33.64537825],[130.20031044,33.64537825]],[[130.20045056,33.64538303],[130.20045056,33.64538303]],[[130.20055042,33.64555256],[130.20055042,33.64555256]],[[130.20066756,33.6456292],[130.20066756,33.6456292]],[[130.20070492,33.64568331],[130.20070492,33.64568331]],[[130.20245036,33.64574092],[130.20245036,33.64574092]],[[130.19884936,33.64575577],[130.19884936,33.64575577]],[[130.20283394,33.64577389],[130.20283394,33.64577389]],[[130.20259849,33.64578361],[130.20259849,33.64578361]],[[130.20239852,33.6457718],[130.20239852,33.6457718]],[[130.20268934,33.64579223],[130.20268934,33.64579223]],[[130.20234219,33.64579189],[130.20234219,33.64579189]],[[130.20092639,33.64583816],[130.20092639,33.64583816]],[[130.20260875,33.64584525],[130.20260875,33.64584525]],[[130.20275384,33.6458388],[130.20275384,33.6458388]],[[130.20247311,33.64585408],[130.20247311,33.64585408]],[[130.20251623,33.64588967],[130.20251623,33.64588967]],[[130.20260728,33.64588756],[130.20260728,33.64588756]],[[130.20097567,33.64590431],[130.20097567,33.64590431]],[[130.20095462,33.64601572],[130.20095462,33.64601572]],[[130.20483875,33.65202995],[130.20483875,33.65202995]],[[130.20750795,33.65526847],[130.20750795,33.65526847]],[[130.20742233,33.65529369],[130.20742233,33.65529369]],[[130.20747881,33.65533167],[130.20747881,33.65533167]],[[130.20738377,33.65533605],[130.20738377,33.65533605]],[[130.20732005,33.65534541],[130.20732005,33.65534541]],[[130.20739659,33.65537841],[130.20739659,33.65537841]],[[130.20730536,33.65540792],[130.20730536,33.65540792]],[[130.20723117,33.65541272],[130.20723117,33.65541272]],[[130.20721681,33.65546723],[130.20721681,33.65546723]],[[130.20802808,33.65547933],[130.20802808,33.65547933]],[[130.20713236,33.65547625],[130.20713236,33.65547625]],[[130.20799297,33.65551397],[130.20799297,33.65551397]],[[130.20715608,33.65553523],[130.20715608,33.65553523]],[[130.20798341,33.65555069],[130.20798341,33.65555069]],[[130.20707872,33.65556367],[130.20707872,33.65556367]],[[130.20794253,33.65560636],[130.20794253,33.65560636]],[[130.20709966,33.65560964],[130.20709966,33.65560964]],[[130.20706103,33.65565089],[130.20706103,33.65565089]],[[130.20789616,33.65566525],[130.20789616,33.65566525]],[[130.20785211,33.65569595],[130.20785211,33.65569595]],[[130.2070808,33.65569689],[130.2070808,33.65569689]],[[130.20704341,33.65572739],[130.20704341,33.65572739]],[[130.20779881,33.65575131],[130.20779881,33.65575131]],[[130.20777109,33.65579111],[130.20777109,33.65579111]],[[130.20771253,33.65582136],[130.20771253,33.65582136]],[[130.20764428,33.65590859],[130.20764428,33.65590859]],[[130.20711236,33.65604741],[130.20711236,33.65604741]],[[130.20718711,33.65606036],[130.20718711,33.65606036]],[[130.20708095,33.65655461],[130.20708095,33.65655461]],[[130.20696769,33.6565802],[130.20696769,33.6565802]],[[130.20709031,33.65666189],[130.20709031,33.65666189]],[[130.20711628,33.65676683],[130.20711628,33.65676683]],[[130.20704448,33.6568562],[130.20704448,33.6568562]],[[130.20696348,33.65700159],[130.20696348,33.65700159]],[[130.20695886,33.65710641],[130.20695886,33.65710641]],[[130.20698547,33.6580378],[130.20698547,33.6580378]],[[130.20686,33.65808467],[130.20686,33.65808467]],[[130.20698613,33.65814905],[130.20698613,33.65814905]],[[130.20690519,33.65814956],[130.20690519,33.65814956]],[[130.20690467,33.66016369],[130.20690467,33.66016369]],[[130.21867287,33.66158236],[130.21867287,33.66158236]],[[130.21862519,33.661637],[130.21862519,33.661637]],[[130.21838419,33.66176067],[130.21838419,33.66176067]],[[130.21869105,33.66179803],[130.21869105,33.66179803]],[[130.21866986,33.66182078],[130.21866986,33.66182078]],[[130.21718992,33.66294303],[130.21718992,33.66294303]],[[130.21712639,33.66305275],[130.21712639,33.66305275]],[[130.21702189,33.66308703],[130.21702189,33.66308703]],[[130.21699803,33.66310861],[130.21699803,33.66310861]],[[130.21660942,33.66329261],[130.21660942,33.66329261]],[[130.21615022,33.66339831],[130.21615022,33.66339831]],[[130.21650234,33.66339611],[130.21650234,33.66339611]],[[130.21623005,33.66357756],[130.21623005,33.66357756]],[[130.21349153,33.66454539],[130.21349153,33.66454539]],[[130.20655925,33.6650462],[130.20655925,33.6650462]],[[130.20642798,33.66511723],[130.20642798,33.66511723]],[[130.20660322,33.66535377],[130.20660322,33.66535377]],[[130.20664261,33.66555861],[130.20664261,33.66555861]],[[130.20751361,33.66637072],[130.20751361,33.66637072]],[[130.21246031,33.66641458],[130.21246031,33.66641458]],[[130.21251571,33.66650458],[130.21251571,33.66650458]],[[130.20735591,33.66663139],[130.20735591,33.66663139]],[[130.20885253,33.66669],[130.20885253,33.66669]],[[130.20835361,33.66687305],[130.20835361,33.66687305]],[[130.20929703,33.66690003],[130.20929703,33.66690003]],[[130.20836386,33.66691656],[130.20836386,33.66691656]],[[130.2093202,33.66695653],[130.2093202,33.66695653]],[[130.20823499,33.66698611],[130.20823499,33.66698611]],[[130.20815686,33.6670795],[130.20815686,33.6670795]],[[130.20928316,33.66721669],[130.20928316,33.66721669]],[[130.20824345,33.66719759],[130.20824345,33.66719759]],[[130.20930056,33.66725833],[130.20930056,33.66725833]],[[130.21073111,33.66730723],[130.21073111,33.66730723]],[[130.20980589,33.66744741],[130.20980589,33.66744741]],[[130.20974703,33.6674818],[130.20974703,33.6674818]],[[130.21011635,33.66752333],[130.21011635,33.66752333]],[[130.21035387,33.6675102],[130.21035387,33.6675102]],[[130.21763501,33.67524386],[130.21763501,33.67524386]],[[130.2175234,33.67560247],[130.2175234,33.67560247]],[[130.21823035,33.67591165],[130.21823035,33.67591165]],[[130.21733652,33.67634613],[130.21733652,33.67634613]],[[130.21776987,33.67628802],[130.21776987,33.67628802]],[[130.2188759,33.67652052],[130.2188759,33.67652052]],[[130.21910594,33.67646396],[130.21910594,33.67646396]],[[130.21819327,33.67685406],[130.21819327,33.67685406]],[[130.21818342,33.67740333],[130.21818342,33.67740333]],[[130.23234134,33.61843464],[130.23234134,33.61843464]],[[130.23229562,33.61845997],[130.23229562,33.61845997]],[[130.23220861,33.61852075],[130.23220861,33.61852075]],[[130.2322872,33.61853553],[130.2322872,33.61853553]],[[130.23233409,33.61865828],[130.23233409,33.61865828]],[[130.23256464,33.61874989],[130.23256464,33.61874989]],[[130.23233898,33.61897469],[130.23233898,33.61897469]],[[130.23228895,33.6190898],[130.23228895,33.6190898]],[[130.23216458,33.61921631],[130.23216458,33.61921631]],[[130.23211044,33.61931225],[130.23211044,33.61931225]],[[130.23218112,33.61932677],[130.23218112,33.61932677]],[[130.23200467,33.61934897],[130.23200467,33.61934897]],[[130.22966267,33.62461159],[130.22966267,33.62461159]],[[130.22961514,33.62479511],[130.22961514,33.62479511]],[[130.22968519,33.62478411],[130.22968519,33.62478411]],[[130.23203694,33.62505028],[130.23203694,33.62505028]],[[130.22437333,33.63471056],[130.22437333,33.63471056]],[[130.22456611,33.63471195],[130.22456611,33.63471195]],[[130.22454467,33.63483383],[130.22454467,33.63483383]],[[130.22455406,33.63482647],[130.22455406,33.63482647]],[[130.22465594,33.63484631],[130.22465594,33.63484631]],[[130.22460611,33.63485725],[130.22460611,33.63485725]],[[130.22463195,33.63489153],[130.22463195,33.63489153]],[[130.2247783,33.63490325],[130.2247783,33.63490325]],[[130.2246973,33.63499272],[130.2246973,33.63499272]],[[130.22473322,33.63502189],[130.22473322,33.63502189]],[[130.22479742,33.63504753],[130.22479742,33.63504753]],[[130.22485795,33.63502864],[130.22485795,33.63502864]],[[130.22487611,33.6352338],[130.22487611,33.6352338]],[[130.22488542,33.63532286],[130.22488542,33.63532286]],[[130.22491995,33.63534695],[130.22491995,33.63534695]],[[130.22500095,33.6354695],[130.22500095,33.6354695]],[[130.22507292,33.63597833],[130.22507292,33.63597833]],[[130.22507733,33.63603414],[130.22507733,33.63603414]],[[130.22736425,33.63745867],[130.22736425,33.63745867]],[[130.22730175,33.63749869],[130.22730175,33.63749869]],[[130.22718425,33.63751631],[130.22718425,33.63751631]],[[130.22706815,33.63752887],[130.22706815,33.63752887]],[[130.22889519,33.63796456],[130.22889519,33.63796456]],[[130.22898017,33.63801772],[130.22898017,33.63801772]],[[130.22921224,33.63834164],[130.22921224,33.63834164]],[[130.2292685,33.63837256],[130.2292685,33.63837256]],[[130.22921105,33.63838392],[130.22921105,33.63838392]],[[130.22917205,33.63849013],[130.22917205,33.63849013]],[[130.22920959,33.63856544],[130.22920959,33.63856544]],[[130.2291118,33.63873656],[130.2291118,33.63873656]],[[130.22895219,33.63900356],[130.22895219,33.63900356]],[[130.22896652,33.63904483],[130.22896652,33.63904483]],[[130.23179073,33.63947225],[130.23179073,33.63947225]],[[130.23639966,33.64744847],[130.23639966,33.64744847]],[[130.23640703,33.64747556],[130.23640703,33.64747556]],[[130.23647567,33.64753316],[130.23647567,33.64753316]],[[130.23640353,33.64754944],[130.23640353,33.64754944]],[[130.23687737,33.64926459],[130.23687737,33.64926459]],[[130.23667005,33.64950067],[130.23667005,33.64950067]],[[130.23661139,33.64952822],[130.23661139,33.64952822]],[[130.23689831,33.64953897],[130.23689831,33.64953897]],[[130.23683821,33.64955798],[130.23683821,33.64955798]],[[130.23685048,33.6496457],[130.23685048,33.6496457]],[[130.23640492,33.64968533],[130.23640492,33.64968533]],[[130.23644934,33.64971022],[130.23644934,33.64971022]],[[130.23637248,33.64974453],[130.23637248,33.64974453]],[[130.23677519,33.64975975],[130.23677519,33.64975975]],[[130.23620869,33.64977025],[130.23620869,33.64977025]],[[130.23690982,33.64976238],[130.23690982,33.64976238]],[[130.23679122,33.64978788],[130.23679122,33.64978788]],[[130.23676713,33.64985446],[130.23676713,33.64985446]],[[130.23687076,33.64987485],[130.23687076,33.64987485]],[[130.23577516,33.64991975],[130.23577516,33.64991975]],[[130.23689484,33.65000516],[130.23689484,33.65000516]],[[130.23575545,33.65001728],[130.23575545,33.65001728]],[[130.2355363,33.65010386],[130.2355363,33.65010386]],[[130.23086065,33.65558925],[130.23086065,33.65558925]],[[130.23008805,33.65586272],[130.23008805,33.65586272]],[[130.22977302,33.6558082],[130.22977302,33.6558082]],[[130.22551258,33.65783775],[130.22551258,33.65783775]],[[130.22375815,33.65870672],[130.22375815,33.65870672]],[[130.22368828,33.65874967],[130.22368828,33.65874967]],[[130.22348384,33.65876636],[130.22348384,33.65876636]],[[130.22332486,33.65882056],[130.22332486,33.65882056]],[[130.22316336,33.65885669],[130.22316336,33.65885669]],[[130.22351419,33.6589075],[130.22351419,33.6589075]],[[130.22323903,33.65891469],[130.22323903,33.65891469]],[[130.22306278,33.65894341],[130.22306278,33.65894341]],[[130.22355233,33.65893878],[130.22355233,33.65893878]],[[130.22328372,33.65896631],[130.22328372,33.65896631]],[[130.22308056,33.67280416],[130.22308056,33.67280416]],[[130.21885041,33.67526222],[130.21885041,33.67526222]],[[130.21899451,33.67523698],[130.21899451,33.67523698]],[[130.2193339,33.67661492],[130.2193339,33.67661492]],[[130.21888422,33.67684777],[130.21888422,33.67684777]],[[130.23534328,33.68028483],[130.23534328,33.68028483]],[[130.23052217,33.6841478],[130.23052217,33.6841478]],[[130.22699083,33.68712623],[130.22699083,33.68712623]],[[130.22627017,33.68782147],[130.22627017,33.68782147]],[[130.22471981,33.69029984],[130.23562756,33.69273808],[130.23800061,33.68264792],[130.22471981,33.69029984]],[[130.22603828,33.68834008],[130.22603828,33.68834008]],[[130.22571584,33.68870675],[130.22571584,33.68870675]],[[130.2256793,33.68878541],[130.2256793,33.68878541]],[[130.2245083,33.69005731],[130.2245083,33.69005731]],[[130.22432,33.69027141],[130.22432,33.69027141]],[[130.22412012,33.69132333],[130.22412012,33.69132333]],[[130.23615112,33.69232528],[130.23615112,33.69232528]],[[130.22446027,33.69265816],[130.22446027,33.69265816]],[[130.23565095,33.69296211],[130.23565095,33.69296211]],[[130.22423722,33.693065],[130.22423722,33.693065]],[[130.22463499,33.69314389],[130.22463499,33.69314389]],[[130.23591594,33.69321372],[130.23591594,33.69321372]],[[130.23545611,33.69339167],[130.23545611,33.69339167]],[[130.22428231,33.69329167],[130.22428231,33.69329167]],[[130.23509458,33.69330244],[130.23509458,33.69330244]],[[130.23588856,33.6934858],[130.23588856,33.6934858]],[[130.22458392,33.69347883],[130.22458392,33.69347883]],[[130.22486623,33.6936012],[130.22486623,33.6936012]],[[130.22510917,33.69358367],[130.22510917,33.69358367]],[[130.22430394,33.69361767],[130.22430394,33.69361767]],[[130.23431472,33.69358944],[130.23431472,33.69358944]],[[130.23392966,33.69361586],[130.23392966,33.69361586]],[[130.23392511,33.69372744],[130.23392511,33.69372744]],[[130.22512416,33.69376944],[130.22512416,33.69376944]],[[130.22488136,33.69382559],[130.22488136,33.69382559]],[[130.22558255,33.69381267],[130.22558255,33.69381267]],[[130.22430445,33.69388778],[130.22430445,33.69388778]],[[130.23278552,33.69386283],[130.23278552,33.69386283]],[[130.23308791,33.69396649],[130.23308791,33.69396649]],[[130.23358925,33.69400461],[130.23358925,33.69400461]],[[130.2263373,33.69420608],[130.2263373,33.69420608]],[[130.22993511,33.69425967],[130.22993511,33.69425967]],[[130.23001839,33.69429464],[130.23001839,33.69429464]],[[130.22663128,33.69440847],[130.22663128,33.69440847]],[[130.22757961,33.69438608],[130.22757961,33.69438608]],[[130.22705825,33.6944618],[130.22705825,33.6944618]],[[130.22670717,33.69450767],[130.22670717,33.69450767]],[[130.22630523,33.69444159],[130.22630523,33.69444159]],[[130.22832078,33.69458836],[130.22832078,33.69458836]],[[130.22679628,33.69462895],[130.22679628,33.69462895]],[[130.22905778,33.69466364],[130.22905778,33.69466364]],[[130.22654051,33.69465531],[130.22654051,33.69465531]],[[130.22889455,33.6949342],[130.22889455,33.6949342]],[[130.22021003,33.69546161],[130.22021003,33.69546161]],[[130.2201645,33.69564128],[130.2201645,33.69564128]],[[130.22030761,33.69600311],[130.22030761,33.69600311]],[[130.21890639,33.69581583],[130.21890639,33.69581583]],[[130.23184506,33.69826139],[130.23184506,33.69826139]],[[130.23056769,33.69797908],[130.23056769,33.69797908]],[[130.23274828,33.69864831],[130.23274828,33.69864831]],[[130.23011511,33.69872541],[130.23011511,33.69872541]],[[130.23258842,33.69907016],[130.23258842,33.69907016]],[[130.230147,33.69911667],[130.230147,33.69911667]],[[130.28334333,33.58114047],[130.28334333,33.58114047]],[[130.28394258,33.58132472],[130.28394258,33.58132472]],[[130.28467144,33.581522],[130.28467144,33.581522]],[[130.284103,33.58155972],[130.284103,33.58155972]],[[130.28942514,33.58215069],[130.28942514,33.58215069]],[[130.28538717,33.5822535],[130.28538717,33.5822535]],[[130.28877497,33.5826022],[130.28877497,33.5826022]],[[130.28836222,33.58269],[130.28836222,33.58269]],[[130.26437486,33.59450844],[130.26437486,33.59450844]],[[130.26682044,33.59490688],[130.26682044,33.59490688]],[[130.26586739,33.59585761],[130.26586739,33.59585761]],[[130.27609973,33.60482111],[130.27609973,33.60482111]],[[130.27781387,33.60722569],[130.27781387,33.60722569]],[[130.27779183,33.60730141],[130.27779183,33.60730141]],[[130.27770661,33.60732939],[130.27770661,33.60732939]],[[130.27777761,33.60734403],[130.27777761,33.60734403]],[[130.27761745,33.60749959],[130.27761745,33.60749959]],[[130.27762197,33.60752623],[130.27762197,33.60752623]],[[130.27746973,33.60753416],[130.27746973,33.60753416]],[[130.27725661,33.60789389],[130.27725661,33.60789389]],[[130.27523655,33.60987113],[130.27523655,33.60987113]],[[130.27525297,33.609937],[130.27525297,33.609937]],[[130.27531433,33.60993139],[130.27531433,33.60993139]],[[130.27483458,33.60998556],[130.27483458,33.60998556]],[[130.2750625,33.60996986],[130.2750625,33.60996986]],[[130.27530222,33.61008559],[130.27530222,33.61008559]],[[130.27458073,33.61030608],[130.27458073,33.61030608]],[[130.27360211,33.61179925],[130.27360211,33.61179925]],[[130.2716035,33.61219428],[130.2716035,33.61219428]],[[130.27188678,33.61225275],[130.27188678,33.61225275]],[[130.27142367,33.61226769],[130.27142367,33.61226769]],[[130.26909528,33.61267169],[130.26909528,33.61267169]],[[130.26610713,33.61277408],[130.26610713,33.61277408]],[[130.26585389,33.61275523],[130.26585389,33.61275523]],[[130.26608387,33.61282356],[130.26608387,33.61282356]],[[130.2945327,33.61285989],[130.2945327,33.61285989]],[[130.29457856,33.61285744],[130.29457856,33.61285744]],[[130.29294833,33.61694639],[130.29294833,33.61694639]],[[130.2933325,33.61709195],[130.2933325,33.61709195]],[[130.29451503,33.61744608],[130.29451503,33.61744608]],[[130.29045,33.63004083],[130.29045,33.63004083]],[[130.23703464,33.645998],[130.23703464,33.645998]],[[130.23716494,33.64862753],[130.23716494,33.64862753]],[[130.23717294,33.64867211],[130.23717294,33.64867211]],[[130.23690698,33.64928041],[130.23690698,33.64928041]],[[130.23697833,33.64954956],[130.23697833,33.64954956]],[[130.23693415,33.64957111],[130.23693415,33.64957111]],[[130.23691205,33.64964446],[130.23691205,33.64964446]],[[130.29410306,33.66426364],[130.29410306,33.66426364]],[[130.29430569,33.66465433],[130.29430569,33.66465433]],[[130.28984256,33.66847544],[130.28984256,33.66847544]],[[130.29009241,33.66949087],[130.29009241,33.66949087]],[[130.2896653,33.67096211],[130.2896653,33.67096211]],[[130.28957445,33.67105131],[130.28957445,33.67105131]],[[130.28955722,33.67123039],[130.28955722,33.67123039]],[[130.28969572,33.67175039],[130.28969572,33.67175039]],[[130.28968322,33.67215259],[130.28968322,33.67215259]],[[130.28963497,33.67221772],[130.28963497,33.67221772]],[[130.28955141,33.67334916],[130.28955141,33.67334916]],[[130.28940927,33.67379025],[130.28940927,33.67379025]],[[130.28815278,33.67422764],[130.28815278,33.67422764]],[[130.28870392,33.67427792],[130.28870392,33.67427792]],[[130.28821111,33.67428028],[130.28821111,33.67428028]],[[130.28809314,33.67427811],[130.28809314,33.67427811]],[[130.28817717,33.67431959],[130.28817717,33.67431959]],[[130.288478,33.67440705],[130.288478,33.67440705]],[[130.28842445,33.67479836],[130.28842445,33.67479836]],[[130.2887672,33.67488016],[130.2887672,33.67488016]],[[130.28858903,33.67492216],[130.28858903,33.67492216]],[[130.28831959,33.67531675],[130.28831959,33.67531675]],[[130.28896852,33.67582964],[130.28896852,33.67582964]],[[130.28899047,33.67678047],[130.28899047,33.67678047]],[[130.28900821,33.67686234],[130.28900821,33.67686234]],[[130.28868105,33.67700897],[130.28868105,33.67700897]],[[130.2887604,33.67704476],[130.2887604,33.67704476]],[[130.28807975,33.6779108],[130.28807975,33.6779108]],[[130.28700355,33.67793447],[130.28700355,33.67793447]],[[130.28703445,33.67814033],[130.28703445,33.67814033]],[[130.28650039,33.67838436],[130.28650039,33.67838436]],[[130.28630558,33.67845433],[130.28630558,33.67845433]],[[130.28647297,33.67853692],[130.28647297,33.67853692]],[[130.28661119,33.67864303],[130.28661119,33.67864303]],[[130.28608136,33.67886449],[130.28608136,33.67886449]],[[130.28607272,33.67912369],[130.28607272,33.67912369]],[[130.28587064,33.67945508],[130.28587064,33.67945508]],[[130.28596642,33.67954689],[130.28596642,33.67954689]],[[130.28588891,33.67981414],[130.28588891,33.67981414]],[[130.28603102,33.67984703],[130.28603102,33.67984703]],[[130.28604674,33.67991192],[130.28604674,33.67991192]],[[130.28607075,33.67995261],[130.28607075,33.67995261]],[[130.28611589,33.68014783],[130.28611589,33.68014783]],[[130.286139,33.68021444],[130.286139,33.68021444]],[[130.28607086,33.68021803],[130.28607086,33.68021803]],[[130.28630603,33.68025422],[130.28630603,33.68025422]],[[130.28637425,33.68033572],[130.28637425,33.68033572]],[[130.23794144,33.68073853],[130.23794144,33.68073853]],[[130.28646616,33.6804968],[130.28646616,33.6804968]],[[130.28666497,33.68061903],[130.28666497,33.68061903]],[[130.28663623,33.68067523],[130.28663623,33.68067523]],[[130.28645811,33.6807712],[130.28645811,33.6807712]],[[130.28674528,33.68098687],[130.28674528,33.68098687]],[[130.28703489,33.68096078],[130.28703489,33.68096078]],[[130.2870038,33.68115167],[130.2870038,33.68115167]],[[130.23878241,33.6807392],[130.23878241,33.6807392]],[[130.23753886,33.68672077],[130.23753886,33.68672077]],[[130.23753131,33.68674623],[130.23753131,33.68674623]],[[130.23780134,33.68708239],[130.23780134,33.68708239]],[[130.23799419,33.68710341],[130.23799419,33.68710341]],[[130.23784124,33.6871042],[130.23784124,33.6871042]],[[130.23781326,33.68751505],[130.23781326,33.68751505]],[[130.29438275,33.6886722],[130.29438275,33.6886722]],[[130.29040856,33.68849044],[130.29040856,33.68849044]],[[130.28961572,33.68879161],[130.28961572,33.68879161]],[[130.28966878,33.68891867],[130.28966878,33.68891867]],[[130.29381703,33.68891603],[130.29381703,33.68891603]],[[130.28952416,33.68895003],[130.28952416,33.68895003]],[[130.28974489,33.68902841],[130.28974489,33.68902841]],[[130.2898065,33.68899775],[130.2898065,33.68899775]],[[130.28968253,33.68907033],[130.28968253,33.68907033]],[[130.28987453,33.68910741],[130.28987453,33.68910741]],[[130.28972475,33.68920356],[130.28972475,33.68920356]],[[130.29002433,33.68919614],[130.29002433,33.68919614]],[[130.29020228,33.6892168],[130.29020228,33.6892168]],[[130.28992686,33.68924011],[130.28992686,33.68924011]],[[130.28988051,33.68930805],[130.28988051,33.68930805]],[[130.29472717,33.68937456],[130.29472717,33.68937456]],[[130.29009917,33.68938925],[130.29009917,33.68938925]],[[130.29062086,33.68945178],[130.29062086,33.68945178]],[[130.29288725,33.68950053],[130.29288725,33.68950053]],[[130.29358908,33.68956289],[130.29358908,33.68956289]],[[130.29054927,33.68955453],[130.29054927,33.68955453]],[[130.29389287,33.68972459],[130.29389287,33.68972459]],[[130.29383119,33.68967014],[130.29383119,33.68967014]],[[130.29310944,33.68974631],[130.29310944,33.68974631]],[[130.29382886,33.69008436],[130.29382886,33.69008436]],[[130.29389625,33.69009711],[130.29389625,33.69009711]],[[130.29387189,33.69010769],[130.29387189,33.69010769]],[[130.29393825,33.69016667],[130.29393825,33.69016667]],[[130.29370506,33.69013386],[130.29370506,33.69013386]],[[130.29347058,33.6902808],[130.29347058,33.6902808]],[[130.29109241,33.69046353],[130.29109241,33.69046353]],[[130.291258,33.69054769],[130.291258,33.69054769]],[[130.29111117,33.69054789],[130.29111117,33.69054789]],[[130.29167287,33.69064897],[130.29167287,33.69064897]],[[130.291581,33.69065613],[130.291581,33.69065613]],[[130.29154041,33.69067049],[130.29154041,33.69067049]],[[130.29174917,33.69078169],[130.29174917,33.69078169]],[[130.29159642,33.69094408],[130.29159642,33.69094408]],[[130.29479058,33.61287386],[130.29479058,33.61287386]],[[130.29482141,33.61294287],[130.29482141,33.61294287]],[[130.2948847,33.61294789],[130.2948847,33.61294789]],[[130.29484983,33.61745241],[130.29484983,33.61745241]],[[130.29494355,33.61755489],[130.29494355,33.61755489]],[[130.29490172,33.61756147],[130.29490172,33.61756147]],[[130.29488545,33.6175828],[130.29488545,33.6175828]],[[130.29481903,33.61764495],[130.29481903,33.61764495]],[[130.29494287,33.6176725],[130.29494287,33.6176725]],[[130.29502614,33.61785831],[130.29502614,33.61785831]],[[130.29498895,33.61786041],[130.29498895,33.61786041]],[[130.29481297,33.617889],[130.29481297,33.617889]],[[130.29486423,33.61788628],[130.29486423,33.61788628]],[[130.29892353,33.6278742],[130.29892353,33.6278742]],[[130.29888827,33.62790944],[130.29888827,33.62790944]],[[130.29834737,33.62912928],[130.29834737,33.62912928]],[[130.29816988,33.6291458],[130.29816988,33.6291458]],[[130.29833545,33.62938725],[130.29833545,33.62938725]],[[130.29817927,33.62947892],[130.29817927,33.62947892]],[[130.29821667,33.62953475],[130.29821667,33.62953475]],[[130.29818222,33.63005916],[130.29818222,33.63005916]],[[130.29812992,33.63010331],[130.29812992,33.63010331]],[[130.2980393,33.63344128],[130.2980393,33.63344128]],[[130.29803445,33.63369205],[130.29803445,33.63369205]],[[130.29800484,33.63376739],[130.29800484,33.63376739]],[[130.2978392,33.63394689],[130.2978392,33.63394689]],[[130.29801786,33.63395831],[130.29801786,33.63395831]],[[130.29791097,33.63401977],[130.29791097,33.63401977]],[[130.29801997,33.63405028],[130.29801997,33.63405028]],[[130.29796625,33.63410183],[130.29796625,33.63410183]],[[130.29791553,33.63423005],[130.29791553,33.63423005]],[[130.29794533,33.63433044],[130.29794533,33.63433044]],[[130.29832042,33.63572253],[130.29832042,33.63572253]],[[130.29843856,33.63608297],[130.29843856,33.63608297]],[[130.29866333,33.63613472],[130.29866333,33.63613472]],[[130.29872341,33.63622175],[130.29872341,33.63622175]],[[130.29872992,33.63625783],[130.29872992,33.63625783]],[[130.29862425,33.63625283],[130.29862425,33.63625283]],[[130.29875019,33.63624733],[130.29875019,33.63624733]],[[130.29856713,33.63633325],[130.29856713,33.63633325]],[[130.29871061,33.63632197],[130.29871061,33.63632197]],[[130.29888703,33.63643433],[130.29888703,33.63643433]],[[130.29900161,33.6366805],[130.29900161,33.6366805]],[[130.29928494,33.63680461],[130.29928494,33.63680461]],[[130.29925531,33.63684347],[130.29925531,33.63684347]],[[130.29935895,33.63690705],[130.29935895,33.63690705]],[[130.2994253,33.6369432],[130.2994253,33.6369432]],[[130.29930575,33.6369638],[130.29930575,33.6369638]],[[130.2994409,33.63694959],[130.2994409,33.63694959]],[[130.2994718,33.63696325],[130.2994718,33.63696325]],[[130.29986973,33.63733803],[130.29986973,33.63733803]],[[130.29998083,33.63745528],[130.29998083,33.63745528]],[[130.30018292,33.63771922],[130.30018292,33.63771922]],[[130.30079231,33.63803259],[130.30079231,33.63803259]],[[130.30101377,33.63805164],[130.30101377,33.63805164]],[[130.30124202,33.63819333],[130.30124202,33.63819333]],[[130.30117891,33.63819549],[130.30117891,33.63819549]],[[130.30139119,33.63826049],[130.30139119,33.63826049]],[[130.30143917,33.63826592],[130.30143917,33.63826592]],[[130.30147428,33.63825547],[130.30147428,33.63825547]],[[130.30152969,33.63827264],[130.30152969,33.63827264]],[[130.30188034,33.63837389],[130.30188034,33.63837389]],[[130.30151292,33.63840756],[130.30151292,33.63840756]],[[130.30174336,33.63841492],[130.30174336,33.63841492]],[[130.30200481,33.638429],[130.30200481,33.638429]],[[130.30156042,33.63844336],[130.30156042,33.63844336]],[[130.30190949,33.63845061],[130.30190949,33.63845061]],[[130.30152258,33.63845492],[130.30152258,33.63845492]],[[130.30167711,33.63844728],[130.30167711,33.63844728]],[[130.30177345,33.63847659],[130.30177345,33.63847659]],[[130.30218781,33.63847603],[130.30218781,33.63847603]],[[130.30237642,33.6384945],[130.30237642,33.6384945]],[[130.30174287,33.63849223],[130.30174287,33.63849223]],[[130.30201355,33.63852997],[130.30201355,33.63852997]],[[130.30143156,33.63852253],[130.30143156,33.63852253]],[[130.30192949,33.63852283],[130.30192949,33.63852283]],[[130.30238903,33.63854369],[130.30238903,33.63854369]],[[130.30234767,33.63855925],[130.30234767,33.63855925]],[[130.30174525,33.63854067],[130.30174525,33.63854067]],[[130.30240236,33.63856695],[130.30240236,33.63856695]],[[130.30167442,33.6385685],[130.30167442,33.6385685]],[[130.30213803,33.63858533],[130.30213803,33.63858533]],[[130.30161253,33.63859413],[130.30161253,33.63859413]],[[130.30239083,33.63859664],[130.30239083,33.63859664]],[[130.30175061,33.63862744],[130.30175061,33.63862744]],[[130.29804236,33.66106669],[130.29804236,33.66106669]],[[130.29796759,33.66137387],[130.29796759,33.66137387]],[[130.29608294,33.66293908],[130.29608294,33.66293908]],[[130.29613156,33.66316667],[130.29613156,33.66316667]],[[130.29601837,33.66315944],[130.29601837,33.66315944]],[[130.29549953,33.6636635],[130.29549953,33.6636635]],[[130.29356852,33.66717208],[130.28598375,33.67948556],[130.29953481,33.68952408],[130.31724886,33.66137784],[130.29914128,33.66007505],[130.29356852,33.66717208]],[[130.30224278,33.68817203],[130.30224278,33.68817203]],[[130.30184394,33.68819139],[130.30184394,33.68819139]],[[130.30226361,33.68825272],[130.30226361,33.68825272]],[[130.30197111,33.68823489],[130.30197111,33.68823489]],[[130.30081315,33.68846304],[130.30081315,33.68846304]],[[130.30069235,33.6885711],[130.30069235,33.6885711]],[[130.30082628,33.68861414],[130.30082628,33.68861414]],[[130.300503,33.68874736],[130.300503,33.68874736]],[[130.30065997,33.6887855],[130.30065997,33.6887855]],[[130.30055454,33.68876516],[130.30055454,33.68876516]],[[130.30024728,33.68884747],[130.30024728,33.68884747]],[[130.30053542,33.68889992],[130.30053542,33.68889992]],[[130.30058956,33.68891953],[130.30058956,33.68891953]],[[130.30004776,33.68891913],[130.30004776,33.68891913]],[[130.29656389,33.68894244],[130.29656389,33.68894244]],[[130.30089278,33.68899767],[130.30089278,33.68899767]],[[130.30094134,33.68896261],[130.30094134,33.68896261]],[[130.30091309,33.68903395],[130.30091309,33.68903395]],[[130.29724992,33.68913995],[130.29724992,33.68913995]],[[130.29846553,33.68923883],[130.29846553,33.68923883]],[[130.29852122,33.68928139],[130.29852122,33.68928139]],[[130.29684811,33.68938359],[130.29684811,33.68938359]],[[130.29646811,33.68931561],[130.29646811,33.68931561]],[[130.29713575,33.68934733],[130.29713575,33.68934733]],[[130.29831236,33.68934061],[130.29831236,33.68934061]],[[130.299293,33.68937397],[130.299293,33.68937397]],[[130.29687781,33.68938147],[130.29687781,33.68938147]],[[130.29720086,33.68939447],[130.29720086,33.68939447]],[[130.29650105,33.68942344],[130.29650105,33.68942344]],[[130.29928949,33.68939425],[130.29928949,33.68939425]],[[130.29699003,33.68944464],[130.29699003,33.68944464]],[[130.29740365,33.689435],[130.29740365,33.689435]],[[130.30054533,33.68941775],[130.30054533,33.68941775]],[[130.29710927,33.68946725],[130.29710927,33.68946725]],[[130.29687117,33.68946259],[130.29687117,33.68946259]],[[130.29677664,33.68947336],[130.29677664,33.68947336]],[[130.29636636,33.68948697],[130.29636636,33.68948697]],[[130.3002698,33.68945638],[130.3002698,33.68945638]],[[130.29666645,33.68950436],[130.29666645,33.68950436]],[[130.29735655,33.68951028],[130.29735655,33.68951028]],[[130.29691139,33.68959244],[130.29691139,33.68959244]],[[130.29652552,33.68958644],[130.29652552,33.68958644]],[[130.30017147,33.68961216],[130.30017147,33.68961216]],[[130.29716012,33.68962195],[130.29716012,33.68962195]],[[130.29994787,33.68961288],[130.29994787,33.68961288]],[[130.29685012,33.68967214],[130.29685012,33.68967214]],[[130.29971956,33.68968949],[130.29971956,33.68968949]],[[130.29819706,33.689805],[130.29819706,33.689805]],[[130.29780163,33.68981586],[130.29780163,33.68981586]],[[130.29836278,33.68983575],[130.29836278,33.68983575]],[[130.29964667,33.68984569],[130.29964667,33.68984569]],[[130.29674039,33.689826],[130.29674039,33.689826]],[[130.29988778,33.6898796],[130.29988778,33.6898796]],[[130.29931481,33.68996547],[130.29931481,33.68996547]],[[130.2992537,33.69009067],[130.2992537,33.69009067]],[[130.29604761,33.69003069],[130.29604761,33.69003069]],[[130.29940647,33.69010936],[130.29940647,33.69010936]],[[130.29948988,33.6068732],[130.29417953,33.61696856],[130.30181384,33.63834633],[130.31433814,33.61558422],[130.29948988,33.6068732]],[[130.31106389,33.62597859],[130.31106389,33.62597859]],[[130.31106058,33.62599211],[130.31106058,33.62599211]],[[130.31107586,33.62600795],[130.31107586,33.62600795]],[[130.31096319,33.62613708],[130.31096319,33.62613708]],[[130.31001781,33.62688292],[130.31001781,33.62688292]],[[130.30986394,33.62704861],[130.30986394,33.62704861]],[[130.30789767,33.63181536],[130.30789767,33.63181536]],[[130.30797003,33.63187925],[130.30797003,33.63187925]],[[130.30775959,33.63198714],[130.30775959,33.63198714]],[[130.30787161,33.63258305],[130.30787161,33.63258305]],[[130.30793217,33.63280822],[130.30793217,33.63280822]],[[130.30798798,33.63313975],[130.30798798,33.63313975]],[[130.30805817,33.63324711],[130.30805817,33.63324711]],[[130.30803694,33.63348477],[130.30803694,33.63348477]],[[130.30817423,33.63364133],[130.30817423,33.63364133]],[[130.30818163,33.63370133],[130.30818163,33.63370133]],[[130.3080117,33.63384139],[130.3080117,33.63384139]],[[130.30802922,33.63396587],[130.30802922,33.63396587]],[[130.30798014,33.63405039],[130.30798014,33.63405039]],[[130.30808416,33.63409639],[130.30808416,33.63409639]],[[130.30796361,33.63430856],[130.30796361,33.63430856]],[[130.30805859,33.63429953],[130.30805859,33.63429953]],[[130.30808333,33.63434631],[130.30808333,33.63434631]],[[130.30800683,33.63438089],[130.30800683,33.63438089]],[[130.30806872,33.63439805],[130.30806872,33.63439805]],[[130.30799314,33.63441349],[130.30799314,33.63441349]],[[130.30795961,33.63459205],[130.30795961,33.63459205]],[[130.30805053,33.634624],[130.30805053,33.634624]],[[130.3080493,33.63468822],[130.3080493,33.63468822]],[[130.30800365,33.63478605],[130.30800365,33.63478605]],[[130.30786131,33.63490867],[130.30786131,33.63490867]],[[130.30792847,33.63494392],[130.30792847,33.63494392]],[[130.30794497,33.63497441],[130.30794497,33.63497441]],[[130.30792789,33.63503292],[130.30792789,33.63503292]],[[130.30794384,33.63506861],[130.30794384,33.63506861]],[[130.30785872,33.63509749],[130.30785872,33.63509749]],[[130.30775939,33.63523947],[130.30775939,33.63523947]],[[130.30774134,33.63532008],[130.30774134,33.63532008]],[[130.30764601,33.6353478],[130.30764601,33.6353478]],[[130.30763992,33.63537189],[130.30763992,33.63537189]],[[130.30742603,33.63550792],[130.30742603,33.63550792]],[[130.30750997,33.63553533],[130.30750997,33.63553533]],[[130.30736095,33.63565228],[130.30736095,33.63565228]],[[130.30717025,33.63574675],[130.30717025,33.63574675]],[[130.30704166,33.63582772],[130.30704166,33.63582772]],[[130.30712302,33.635836],[130.30712302,33.635836]],[[130.30699436,33.63584892],[130.30699436,33.63584892]],[[130.30709267,33.63586403],[130.30709267,33.63586403]],[[130.30660594,33.63600036],[130.30660594,33.63600036]],[[130.30647616,33.63605723],[130.30647616,33.63605723]],[[130.3064447,33.63621214],[130.3064447,33.63621214]],[[130.30592542,33.63679611],[130.30592542,33.63679611]],[[130.30565786,33.63718539],[130.30565786,33.63718539]],[[130.30560064,33.63719683],[130.30560064,33.63719683]],[[130.30559458,33.63729778],[130.30559458,33.63729778]],[[130.30554453,33.63732392],[130.30554453,33.63732392]],[[130.3054285,33.63742208],[130.3054285,33.63742208]],[[130.30529202,33.63747328],[130.30529202,33.63747328]],[[130.30477861,33.63756936],[130.30477861,33.63756936]],[[130.30451345,33.63800667],[130.30451345,33.63800667]],[[130.30406594,33.63804311],[130.30406594,33.63804311]],[[130.30422186,33.63807111],[130.30422186,33.63807111]],[[130.30284109,33.63826297],[130.30284109,33.63826297]],[[130.30258078,33.63828589],[130.30258078,33.63828589]],[[130.30262314,33.63827705],[130.30262314,33.63827705]],[[130.30263969,33.63842813],[130.30263969,33.63842813]],[[130.30240248,33.63842316],[130.30240248,33.63842316]],[[130.3024407,33.63847339],[130.3024407,33.63847339]],[[130.30242151,33.63852467],[130.30242151,33.63852467]],[[130.30268922,33.63852141],[130.30268922,33.63852141]],[[130.30257922,33.63852205],[130.30257922,33.63852205]],[[130.30252767,33.63853283],[130.30252767,33.63853283]],[[130.30286869,33.63853283],[130.30286869,33.63853283]],[[130.30245881,33.63859023],[130.30245881,33.63859023]],[[130.30249348,33.63860705],[130.30249348,33.63860705]],[[130.31100283,33.676908],[130.31100283,33.676908]],[[130.3109265,33.67699087],[130.3109265,33.67699087]],[[130.31104105,33.67708013],[130.31104105,33.67708013]],[[130.3109127,33.67729214],[130.3109127,33.67729214]],[[130.31093927,33.67737628],[130.31093927,33.67737628]],[[130.31092934,33.67754175],[130.31092934,33.67754175]],[[130.31062234,33.67767369],[130.31062234,33.67767369]],[[130.31064136,33.67776633],[130.31064136,33.67776633]],[[130.31068425,33.67793828],[130.31068425,33.67793828]],[[130.31065674,33.67799328],[130.31065674,33.67799328]],[[130.31083934,33.67808014],[130.31083934,33.67808014]],[[130.31057494,33.6781398],[130.31057494,33.6781398]],[[130.3104493,33.67825489],[130.3104493,33.67825489]],[[130.31002983,33.67853031],[130.31002983,33.67853031]],[[130.3104427,33.67863669],[130.3104427,33.67863669]],[[130.31019377,33.67865705],[130.31019377,33.67865705]],[[130.30996798,33.67870897],[130.30996798,33.67870897]],[[130.30985597,33.67871383],[130.30985597,33.67871383]],[[130.31033486,33.67871253],[130.31033486,33.67871253]],[[130.30973558,33.67875131],[130.30973558,33.67875131]],[[130.30922511,33.67881653],[130.30922511,33.67881653]],[[130.31016914,33.67889275],[130.31016914,33.67889275]],[[130.31017053,33.67897339],[130.31017053,33.67897339]],[[130.3102063,33.67889975],[130.3102063,33.67889975]],[[130.31022086,33.6791552],[130.31022086,33.6791552]],[[130.30893228,33.67925425],[130.30893228,33.67925425]],[[130.30983477,33.6792328],[130.30983477,33.6792328]],[[130.31059254,33.67922604],[130.31059254,33.67922604]],[[130.30890097,33.67928286],[130.30890097,33.67928286]],[[130.31069764,33.67931435],[130.31069764,33.67931435]],[[130.30875706,33.67938144],[130.30875706,33.67938144]],[[130.30997036,33.67941659],[130.30997036,33.67941659]],[[130.3097198,33.67935425],[130.3097198,33.67935425]],[[130.31066191,33.67954795],[130.31066191,33.67954795]],[[130.31011444,33.67947141],[130.31011444,33.67947141]],[[130.30989302,33.67966159],[130.30989302,33.67966159]],[[130.30850569,33.67993856],[130.30850569,33.67993856]],[[130.30839636,33.68000364],[130.30839636,33.68000364]],[[130.30885482,33.68004683],[130.30885482,33.68004683]],[[130.30875772,33.68005205],[130.30875772,33.68005205]],[[130.30846156,33.68009575],[130.30846156,33.68009575]],[[130.30770448,33.68106369],[130.30770448,33.68106369]],[[130.30774975,33.68140528],[130.30774975,33.68140528]],[[130.30741778,33.68161286],[130.30741778,33.68161286]],[[130.30771467,33.68160505],[130.30771467,33.68160505]],[[130.30780333,33.68164172],[130.30780333,33.68164172]],[[130.30749078,33.68160239],[130.30749078,33.68160239]],[[130.30780287,33.68167075],[130.30780287,33.68167075]],[[130.30772975,33.68198723],[130.30772975,33.68198723]],[[130.30797034,33.68198028],[130.30797034,33.68198028]],[[130.30679097,33.68323047],[130.30679097,33.68323047]],[[130.30655875,33.68409231],[130.30655875,33.68409231]],[[130.30636455,33.68464316],[130.30636455,33.68464316]],[[130.30652453,33.68472292],[130.30652453,33.68472292]],[[130.30611428,33.68510864],[130.30611428,33.68510864]],[[130.30596409,33.68516816],[130.30596409,33.68516816]],[[130.30618381,33.68547498],[130.30618381,33.68547498]],[[130.30611056,33.68554526],[130.30611056,33.68554526]],[[130.30611205,33.68556095],[130.30611205,33.68556095]],[[130.30642721,33.68561422],[130.30642721,33.68561422]],[[130.30570201,33.68586621],[130.30570201,33.68586621]],[[130.30529272,33.68611905],[130.30529272,33.68611905]],[[130.30530092,33.68619916],[130.30530092,33.68619916]],[[130.30510047,33.68639597],[130.30510047,33.68639597]],[[130.30490694,33.68647672],[130.30490694,33.68647672]],[[130.30455389,33.68688583],[130.30455389,33.68688583]],[[130.30464639,33.68696353],[130.30464639,33.68696353]],[[130.30459042,33.687054],[130.30459042,33.687054]],[[130.30389778,33.68740328],[130.30389778,33.68740328]],[[130.30309672,33.68772269],[130.30309672,33.68772269]],[[130.30296345,33.68786913],[130.30296345,33.68786913]],[[130.30267795,33.68874269],[130.30267795,33.68874269]],[[130.30256997,33.68876836],[130.30256997,33.68876836]],[[130.35434228,33.03977223],[130.35434228,33.03977223]],[[130.32466581,33.59614303],[130.32466581,33.59614303]],[[130.35053355,33.59578333],[130.35053355,33.59578333]],[[130.35059795,33.59593292],[130.35059795,33.59593292]],[[130.34977306,33.59614714],[130.34977306,33.59614714]],[[130.32600691,33.59591625],[130.32600691,33.59591625]],[[130.32475161,33.59666014],[130.32475161,33.59666014]],[[130.33691425,33.59795153],[130.33691425,33.59795153]],[[130.31428922,33.61503559],[130.31428922,33.61503559]],[[130.31428189,33.61504525],[130.31428189,33.61504525]],[[130.31429997,33.61503969],[130.31429997,33.61503969]],[[130.31428647,33.61504753],[130.31428647,33.61504753]],[[130.31430394,33.61505256],[130.31430394,33.61505256]],[[130.31427241,33.61505083],[130.31427241,33.61505083]],[[130.31430124,33.61505367],[130.31430124,33.61505367]],[[130.31428047,33.61505923],[130.31428047,33.61505923]],[[130.31426616,33.61506208],[130.31426616,33.61506208]],[[130.31428175,33.61507005],[130.31428175,33.61507005]],[[130.31428175,33.61507231],[130.31428175,33.61507231]],[[130.31424183,33.61507483],[130.31424183,33.61507483]],[[130.3142615,33.61507492],[130.3142615,33.61507492]],[[130.31425389,33.61508728],[130.31425389,33.61508728]],[[130.31423358,33.61510141],[130.31423358,33.61510141]],[[130.31426322,33.61510311],[130.31426322,33.61510311]],[[130.31425728,33.615106],[130.31425728,33.615106]],[[130.31423027,33.61511377],[130.31423027,33.61511377]],[[130.31423966,33.61511375],[130.31423966,33.61511375]],[[130.31424639,33.61512625],[130.31424639,33.61512625]],[[130.31420322,33.61513103],[130.31420322,33.61513103]],[[130.31422538,33.61511986],[130.31422538,33.61511986]],[[130.3142118,33.61513964],[130.3142118,33.61513964]],[[130.31418888,33.61514111],[130.31418888,33.61514111]],[[130.31422255,33.61514578],[130.31422255,33.61514578]],[[130.31420911,33.61514233],[130.31420911,33.61514233]],[[130.31418423,33.61515531],[130.31418423,33.61515531]],[[130.31419908,33.61514861],[130.31419908,33.61514861]],[[130.31418691,33.61515756],[130.31418691,33.61515756]],[[130.31417209,33.61515864],[130.31417209,33.61515864]],[[130.31419139,33.61517449],[130.31419139,33.61517449]],[[130.31416172,33.61518225],[130.31416172,33.61518225]],[[130.31417737,33.6151778],[130.31417737,33.6151778]],[[130.31415092,33.61518222],[130.31415092,33.61518222]],[[130.31413961,33.61518216],[130.31413961,33.61518216]],[[130.31416248,33.61519241],[130.31416248,33.61519241]],[[130.31415484,33.61520297],[130.31415484,33.61520297]],[[130.31412306,33.6152078],[130.31412306,33.6152078]],[[130.31413003,33.61520916],[130.31413003,33.61520916]],[[130.31412597,33.61520736],[130.31412597,33.61520736]],[[130.31412234,33.61523328],[130.31412234,33.61523328]],[[130.31410163,33.61521922],[130.31410163,33.61521922]],[[130.31409131,33.61523878],[130.31409131,33.61523878]],[[130.31410694,33.61523659],[130.31410694,33.61523659]],[[130.31409117,33.61526244],[130.31409117,33.61526244]],[[130.31407103,33.61524659],[130.31407103,33.61524659]],[[130.314344,33.61535703],[130.314344,33.61535703]],[[130.31346581,33.62034577],[130.31346581,33.62034577]],[[130.31349917,33.62042111],[130.31349917,33.62042111]],[[130.31353969,33.62040497],[130.31353969,33.62040497]],[[130.31345883,33.62040739],[130.31345883,33.62040739]],[[130.31341425,33.6204252],[130.31341425,33.6204252]],[[130.31337111,33.62042725],[130.31337111,33.62042725]],[[130.31354689,33.6204388],[130.31354689,33.6204388]],[[130.31349711,33.62042841],[130.31349711,33.62042841]],[[130.31341678,33.62045114],[130.31341678,33.62045114]],[[130.31344852,33.62043833],[130.31344852,33.62043833]],[[130.31335073,33.62045136],[130.31335073,33.62045136]],[[130.31353197,33.62045059],[130.31353197,33.62045059]],[[130.31349625,33.62045433],[130.31349625,33.62045433]],[[130.31346317,33.6204615],[130.31346317,33.6204615]],[[130.31340791,33.62046575],[130.31340791,33.62046575]],[[130.31335263,33.62046941],[130.31335263,33.62046941]],[[130.31337528,33.620711],[130.31337528,33.620711]],[[130.31355141,33.62078611],[130.31355141,33.62078611]],[[130.31356475,33.62081097],[130.31356475,33.62081097]],[[130.31345783,33.62102803],[130.31345783,33.62102803]],[[130.31375234,33.62115503],[130.31375234,33.62115503]],[[130.31370175,33.62136941],[130.31370175,33.62136941]],[[130.31339183,33.62148939],[130.31339183,33.62148939]],[[130.31349872,33.62212661],[130.31349872,33.62212661]],[[130.31339584,33.622201],[130.31339584,33.622201]],[[130.31356453,33.62287523],[130.31356453,33.62287523]],[[130.31364681,33.62296011],[130.31364681,33.62296011]],[[130.31374898,33.62315325],[130.31374898,33.62315325]],[[130.31330183,33.62340608],[130.31330183,33.62340608]],[[130.31332811,33.6234292],[130.31332811,33.6234292]],[[130.31334964,33.62343783],[130.31334964,33.62343783]],[[130.31338856,33.62346889],[130.31338856,33.62346889]],[[130.31344109,33.6234815],[130.31344109,33.6234815]],[[130.31346317,33.62348567],[130.31346317,33.62348567]],[[130.31158178,33.62538911],[130.31158178,33.62538911]],[[130.31187008,33.62551659],[130.31187008,33.62551659]],[[130.31159486,33.62578589],[130.31159486,33.62578589]],[[130.31127253,33.62580411],[130.31127253,33.62580411]],[[130.31134811,33.62602264],[130.31134811,33.62602264]],[[130.33630278,33.64295275],[130.33630278,33.64295275]],[[130.33605386,33.64305195],[130.33605386,33.64305195]],[[130.33649131,33.64305423],[130.33649131,33.64305423]],[[130.33619,33.64308072],[130.33619,33.64308072]],[[130.33659538,33.64366375],[130.33659538,33.64366375]],[[130.33281847,33.64861611],[130.33281847,33.64861611]],[[130.31264258,33.65879341],[130.31264258,33.65879341]],[[130.31236211,33.66067897],[130.31236211,33.66067897]],[[130.35301163,33.66579583],[130.35301163,33.66579583]],[[130.35294728,33.66585872],[130.35294728,33.66585872]],[[130.35290859,33.66619992],[130.35290859,33.66619992]],[[130.35290942,33.6663092],[130.35290942,33.6663092]],[[130.34787611,33.66777139],[130.34787611,33.66777139]],[[130.31373499,33.67061953],[130.31373499,33.67061953]],[[130.31361647,33.67067053],[130.31361647,33.67067053]],[[130.31370066,33.67094944],[130.31370066,33.67094944]],[[130.31371861,33.67116623],[130.31371861,33.67116623]],[[130.31365161,33.67135516],[130.31365161,33.67135516]],[[130.31358591,33.67141478],[130.31358591,33.67141478]],[[130.31335594,33.67164275],[130.31335594,33.67164275]],[[130.31328209,33.67208614],[130.31328209,33.67208614]],[[130.31334331,33.67216714],[130.31334331,33.67216714]],[[130.31315428,33.67232636],[130.31315428,33.67232636]],[[130.31267647,33.67261823],[130.31267647,33.67261823]],[[130.31235453,33.6726728],[130.31235453,33.6726728]],[[130.3127047,33.67269614],[130.3127047,33.67269614]],[[130.31229567,33.67282731],[130.31229567,33.67282731]],[[130.31245416,33.67471508],[130.31245416,33.67471508]],[[130.31226425,33.674818],[130.31226425,33.674818]],[[130.3121202,33.67505969],[130.3121202,33.67505969]],[[130.31220423,33.67509916],[130.31220423,33.67509916]],[[130.3122418,33.67512408],[130.3122418,33.67512408]],[[130.31220272,33.67515467],[130.31220272,33.67515467]],[[130.31170833,33.67553623],[130.31170833,33.67553623]],[[130.31201214,33.675611],[130.31201214,33.675611]],[[130.31212859,33.67562439],[130.31212859,33.67562439]],[[130.31211389,33.67567433],[130.31211389,33.67567433]],[[130.31228908,33.67578528],[130.31228908,33.67578528]],[[130.31242569,33.67587859],[130.31242569,33.67587859]],[[130.31157117,33.67585575],[130.31157117,33.67585575]],[[130.31164922,33.67605387],[130.31164922,33.67605387]],[[130.31183642,33.67602516],[130.31183642,33.67602516]],[[130.31183914,33.67641147],[130.31183914,33.67641147]],[[130.31198961,33.67638892],[130.31198961,33.67638892]],[[130.31175294,33.67645616],[130.31175294,33.67645616]],[[130.31167272,33.67656944],[130.31167272,33.67656944]],[[130.31171895,33.67665944],[130.31171895,33.67665944]],[[130.31154681,33.67698367],[130.31154681,33.67698367]],[[130.31200864,33.67729313],[130.31200864,33.67729313]],[[130.31142475,33.6772428],[130.31142475,33.6772428]],[[130.31197581,33.67732769],[130.31197581,33.67732769]],[[130.31131747,33.6773685],[130.31131747,33.6773685]],[[130.3115635,33.67750497],[130.3115635,33.67750497]],[[130.3117437,33.67768303],[130.3117437,33.67768303]],[[130.40514275,33.05332405],[130.40514275,33.05332405]],[[130.36205711,33.599109],[130.36205711,33.599109]],[[130.36192647,33.59946703],[130.36192647,33.59946703]],[[130.36283953,33.6001558],[130.36283953,33.6001558]],[[130.37085497,33.60269397],[130.37085497,33.60269397]],[[130.36749433,33.60466392],[130.36749433,33.60466392]],[[130.36640781,33.606189],[130.36640781,33.606189]],[[130.38184824,33.61794471],[130.37793662,33.60733628],[130.38184824,33.61794471]],[[130.40322053,33.62307644],[130.40322053,33.62307644]],[[130.40166861,33.63333333],[130.3979445,33.64137741],[130.40245089,33.63513475],[130.39753556,33.62303971],[130.38639711,33.61989264],[130.39749939,33.62308074],[130.40166861,33.63333333]],[[130.40398087,33.64320669],[130.40398087,33.64320669]],[[130.36200117,33.6448118],[130.36200117,33.6448118]],[[130.36086747,33.658934],[130.36086747,33.658934]],[[130.42816586,33.66434761],[130.39817045,33.6555215],[130.39398795,33.66298595],[130.41686359,33.675379],[130.42816586,33.66434761]],[[130.40355322,33.69660936],[130.40355322,33.69660936]],[[130.36622218,33.756055],[130.36622218,33.756055]],[[130.36668947,33.75642139],[130.36668947,33.75642139]],[[130.36722144,33.75671192],[130.36722144,33.75671192]],[[130.3676889,33.75708704],[130.3676889,33.75708704]],[[130.36809227,33.7575164],[130.36809227,33.7575164]],[[130.36855602,33.75789719],[130.36855602,33.75789719]],[[130.37830397,33.75803061],[130.37830397,33.75803061]],[[130.36912236,33.75819753],[130.36912236,33.75819753]],[[130.38044172,33.75815208],[130.38044172,33.75815208]],[[130.38062122,33.75829039],[130.38062122,33.75829039]],[[130.38423856,33.75843499],[130.38423856,33.75843499]],[[130.38077608,33.75852289],[130.38077608,33.75852289]],[[130.38443065,33.75854865],[130.38443065,33.75854865]],[[130.38489365,33.75889512],[130.38489365,33.75889512]],[[130.38114458,33.7595488],[130.38114458,33.7595488]],[[130.37879747,33.75945875],[130.37879747,33.75945875]],[[130.37589569,33.76278072],[130.38071,33.7584205],[130.35949322,33.75898439],[130.36253803,33.76702578],[130.37589569,33.76278072]],[[130.41091741,33.8911251],[130.41091741,33.8911251]],[[130.41109309,33.89117408],[130.41109309,33.89117408]],[[130.41107671,33.89127778],[130.41107671,33.89127778]],[[130.41115798,33.89190868],[130.41115798,33.89190868]],[[130.4108349,33.89208574],[130.4108349,33.89208574]],[[130.41049176,33.89246025],[130.41049176,33.89246025]],[[130.41051733,33.8925005],[130.41051733,33.8925005]],[[130.41044587,33.89256201],[130.41044587,33.89256201]],[[130.40958536,33.89270765],[130.40958536,33.89270765]],[[130.40926422,33.89434408],[130.40926422,33.89434408]],[[130.40901193,33.89452265],[130.40901193,33.89452265]],[[130.40891125,33.89449467],[130.40891125,33.89449467]],[[130.40894235,33.89457831],[130.40894235,33.89457831]],[[130.4087796,33.89453623],[130.4087796,33.89453623]],[[130.40882065,33.89466563],[130.40882065,33.89466563]],[[130.40892077,33.89476078],[130.40892077,33.89476078]],[[130.40902027,33.89478876],[130.40902027,33.89478876]],[[130.40897602,33.89491703],[130.40897602,33.89491703]],[[130.40936157,33.8953091],[130.40936157,33.8953091]],[[130.40922774,33.89536697],[130.40922774,33.89536697]],[[130.40931327,33.89544618],[130.40931327,33.89544618]],[[130.40823712,33.89568517],[130.40823712,33.89568517]],[[130.40855579,33.89575983],[130.40855579,33.89575983]],[[130.40865205,33.89583232],[130.40865205,33.89583232]],[[130.40872182,33.8959377],[130.40872182,33.8959377]],[[130.40836392,33.89592489],[130.40836392,33.89592489]],[[130.40697983,33.89605637],[130.40697983,33.89605637]],[[130.40717327,33.89610103],[130.40717327,33.89610103]],[[130.40685123,33.89632867],[130.40685123,33.89632867]],[[130.40658441,33.89638797],[130.40658441,33.89638797]],[[130.40609722,33.89647993],[130.40609722,33.89647993]],[[130.40623546,33.89645688],[130.40623546,33.89645688]],[[130.40610204,33.89655145],[130.40610204,33.89655145]],[[130.40611704,33.89660121],[130.40611704,33.89660121]],[[130.406201,33.8966237],[130.406201,33.8966237]],[[130.40604005,33.89669568],[130.40604005,33.89669568]],[[130.40627834,33.89668105],[130.40627834,33.89668105]],[[130.40622864,33.89688007],[130.40622864,33.89688007]],[[130.40599983,33.89691396],[130.40599983,33.89691396]],[[130.40601742,33.89696588],[130.40601742,33.89696588]],[[130.40606518,33.89697044],[130.40606518,33.89697044]],[[130.40606193,33.89706428],[130.40606193,33.89706428]],[[130.40642737,33.89719092],[130.40642737,33.89719092]],[[130.4065249,33.89720581],[130.4065249,33.89720581]],[[130.40640126,33.89730818],[130.40640126,33.89730818]],[[130.40599791,33.8976274],[130.40599791,33.8976274]],[[130.40613848,33.89766138],[130.40613848,33.89766138]],[[130.40593901,33.89770077],[130.40593901,33.89770077]],[[130.40588554,33.89777246],[130.40588554,33.89777246]],[[130.40588148,33.89785963],[130.40588148,33.89785963]],[[130.40579416,33.89796028],[130.40579416,33.89796028]],[[130.40574512,33.89806265],[130.40574512,33.89806265]],[[130.40563776,33.89815698],[130.40563776,33.89815698]],[[130.40567787,33.89823489],[130.40567787,33.89823489]],[[130.40586881,33.8982698],[130.40586881,33.8982698]],[[130.40628001,33.8985459],[130.40628001,33.8985459]],[[130.4065492,33.8985626],[130.4065492,33.8985626]],[[130.40685851,33.89863828],[130.40685851,33.89863828]],[[130.40646027,33.89876011],[130.40646027,33.89876011]],[[130.40671184,33.89886966],[130.40671184,33.89886966]],[[130.40709879,33.89997267],[130.40709879,33.89997267]],[[130.40687894,33.90103595],[130.40687894,33.90103595]],[[130.40662163,33.90117807],[130.40662163,33.90117807]],[[130.40684567,33.90115426],[130.40684567,33.90115426]],[[130.40679364,33.90122071],[130.40679364,33.90122071]],[[130.40631249,33.90105544],[130.40631249,33.90105544]],[[130.40669021,33.90144821],[130.40669021,33.90144821]],[[130.40584588,33.9016046],[130.40584588,33.9016046]],[[130.40570922,33.90158627],[130.40570922,33.90158627]],[[130.40596694,33.90162664],[130.40596694,33.90162664]],[[130.40640881,33.90261596],[130.40640881,33.90261596]],[[130.40653614,33.90270068],[130.40653614,33.90270068]],[[130.40670534,33.9028417],[130.40670534,33.9028417]],[[130.40706997,33.90351174],[130.40706997,33.90351174]],[[130.40716732,33.90385212],[130.40716732,33.90385212]],[[130.40724999,33.90412417],[130.40724999,33.90412417]],[[130.40726689,33.90436904],[130.40726689,33.90436904]],[[130.40731843,33.90443736],[130.40731843,33.90443736]],[[130.40778029,33.90447889],[130.40778029,33.90447889]],[[130.40765263,33.90456601],[130.40765263,33.90456601]],[[130.40796997,33.90461649],[130.40796997,33.90461649]],[[130.40796258,33.9047159],[130.40796258,33.9047159]],[[130.40795397,33.90485038],[130.40795397,33.90485038]],[[130.40788154,33.90480098],[130.40788154,33.90480098]],[[130.40838659,33.90496309],[130.40838659,33.90496309]],[[130.4066794,33.90683727],[130.4066794,33.90683727]],[[130.40612783,33.90702152],[130.40612783,33.90702152]],[[130.40592751,33.90718573],[130.40592751,33.90718573]],[[130.40638607,33.90754859],[130.40638607,33.90754859]],[[130.40637204,33.90787319],[130.40637204,33.90787319]],[[130.40639787,33.90790514],[130.40639787,33.90790514]],[[130.4064772,33.90794331],[130.4064772,33.90794331]],[[130.4065052,33.90802305],[130.4065052,33.90802305]],[[130.4068758,33.90825412],[130.4068758,33.90825412]],[[130.40682058,33.90827892],[130.40682058,33.90827892]],[[130.40716476,33.90854754],[130.40716476,33.90854754]],[[130.40638057,33.90877936],[130.40638057,33.90877936]],[[130.40660114,33.90918913],[130.40660114,33.90918913]],[[130.40711401,33.90952149],[130.40711401,33.90952149]],[[130.40733754,33.90950427],[130.40733754,33.90950427]],[[130.40789193,33.90956987],[130.40789193,33.90956987]],[[130.40731256,33.90958268],[130.40731256,33.90958268]],[[130.40786022,33.91007444],[130.40786022,33.91007444]],[[130.40779076,33.9101245],[130.40779076,33.9101245]],[[130.41043713,33.91042022],[130.41043713,33.91042022]],[[130.41084597,33.9104733],[130.41084597,33.9104733]],[[130.41082896,33.91075984],[130.41082896,33.91075984]],[[130.40822782,33.91082013],[130.40822782,33.91082013]],[[130.41084651,33.91091302],[130.41084651,33.91091302]],[[130.40805287,33.91130156],[130.40805287,33.91130156]],[[130.40822518,33.91142023],[130.40822518,33.91142023]],[[130.40915997,33.91155644],[130.40915997,33.91155644]],[[130.4123216,33.61776853],[130.4123216,33.61776853]],[[130.42861917,33.66024972],[130.42861917,33.66024972]],[[130.42873,33.66051222],[130.42873,33.66051222]],[[130.42895499,33.66055195],[130.42895499,33.66055195]],[[130.4293575,33.66124139],[130.4293575,33.66124139]],[[130.42818003,33.68609372],[130.42818003,33.68609372]],[[130.42945542,33.6866012],[130.42945542,33.6866012]],[[130.42866672,33.68667223],[130.42866672,33.68667223]],[[130.42834128,33.68726472],[130.42834128,33.68726472]],[[130.41694533,33.70850659],[130.41694533,33.70850659]],[[130.41691455,33.70932189],[130.41691455,33.70932189]],[[130.41712664,33.71002753],[130.41712664,33.71002753]],[[130.41742747,33.71258014],[130.41742747,33.71258014]],[[130.41746553,33.71266175],[130.41746553,33.71266175]],[[130.41759891,33.71264],[130.41759891,33.71264]],[[130.41844499,33.71414316],[130.41844499,33.71414316]],[[130.4206391,33.71557069],[130.4206391,33.71557069]],[[130.42057564,33.71592725],[130.42057564,33.71592725]],[[130.42064384,33.71796539],[130.42064384,33.71796539]],[[130.42064022,33.71800559],[130.42064022,33.71800559]],[[130.42096189,33.71803253],[130.42096189,33.71803253]],[[130.42079092,33.71830256],[130.42079092,33.71830256]],[[130.42048961,33.71840736],[130.42048961,33.71840736]],[[130.4206402,33.71860536],[130.4206402,33.71860536]],[[130.42466192,33.71888672],[130.42466192,33.71888672]],[[130.42134747,33.71902136],[130.42134747,33.71902136]],[[130.42133008,33.71905464],[130.42133008,33.71905464]],[[130.42987766,33.88711156],[130.42987766,33.88711156]],[[130.42397992,33.88749428],[130.42397992,33.88749428]],[[130.4234798,33.88760653],[130.4234798,33.88760653]],[[130.42365597,33.88764739],[130.42365597,33.88764739]],[[130.42372297,33.88773146],[130.42372297,33.88773146]],[[130.42377284,33.8878224],[130.42377284,33.8878224]],[[130.41853728,33.88782711],[130.41853728,33.88782711]],[[130.42384853,33.88785323],[130.42384853,33.88785323]],[[130.41840681,33.88803079],[130.41840681,33.88803079]],[[130.42004656,33.88805539],[130.42004656,33.88805539]],[[130.42012983,33.88814702],[130.42012983,33.88814702]],[[130.42016311,33.88822959],[130.42016311,33.88822959]],[[130.41908895,33.88821037],[130.41908895,33.88821037]],[[130.4222662,33.88817923],[130.4222662,33.88817923]],[[130.41917533,33.88824233],[130.41917533,33.88824233]],[[130.42026049,33.88828135],[130.42026049,33.88828135]],[[130.4190052,33.88826859],[130.4190052,33.88826859]],[[130.42034501,33.88825433],[130.42034501,33.88825433]],[[130.42019023,33.88839246],[130.42019023,33.88839246]],[[130.4200858,33.88840856],[130.4200858,33.88840856]],[[130.41930944,33.88848947],[130.41930944,33.88848947]],[[130.41968027,33.88848905],[130.41968027,33.88848905]],[[130.41914436,33.8886169],[130.41914436,33.8886169]],[[130.41901001,33.88873898],[130.41901001,33.88873898]],[[130.41866965,33.88954045],[130.41866965,33.88954045]],[[130.4181418,33.89010543],[130.4181418,33.89010543]],[[130.4176582,33.89021856],[130.4176582,33.89021856]],[[130.4169817,33.89033572],[130.4169817,33.89033572]],[[130.41534035,33.89076063],[130.41534035,33.89076063]],[[130.41536678,33.89083109],[130.41536678,33.89083109]],[[130.41524925,33.89084964],[130.41524925,33.89084964]],[[130.41491036,33.89106424],[130.41491036,33.89106424]],[[130.41504464,33.89109607],[130.41504464,33.89109607]],[[130.4155434,33.8910759],[130.4155434,33.8910759]],[[130.41125956,33.89117695],[130.41125956,33.89117695]],[[130.41476809,33.89118997],[130.41476809,33.89118997]],[[130.41503923,33.89112778],[130.41503923,33.89112778]],[[130.41124812,33.89120467],[130.41124812,33.89120467]],[[130.41181551,33.89123479],[130.41181551,33.89123479]],[[130.41213568,33.89128284],[130.41213568,33.89128284]],[[130.41233069,33.89124905],[130.41233069,33.89124905]],[[130.41191791,33.89126503],[130.41191791,33.89126503]],[[130.41177,33.89128101],[130.41177,33.89128101]],[[130.41155969,33.89130263],[130.41155969,33.89130263]],[[130.41143317,33.89129103],[130.41143317,33.89129103]],[[130.41173511,33.89133935],[130.41173511,33.89133935]],[[130.41158764,33.89138832],[130.41158764,33.89138832]],[[130.4120499,33.89137764],[130.4120499,33.89137764]],[[130.41230074,33.89147071],[130.41230074,33.89147071]],[[130.41141144,33.89140047],[130.41141144,33.89140047]],[[130.41175789,33.89151798],[130.41175789,33.89151798]],[[130.41206416,33.89155172],[130.41206416,33.89155172]],[[130.41241464,33.89152445],[130.41241464,33.89152445]],[[130.41263702,33.89151019],[130.41263702,33.89151019]],[[130.41391351,33.89156026],[130.41391351,33.89156026]],[[130.41239816,33.89159488],[130.41239816,33.89159488]],[[130.41274284,33.89168759],[130.41274284,33.89168759]],[[130.41287594,33.89170103],[130.41287594,33.89170103]],[[130.41369852,33.89172758],[130.41369852,33.89172758]],[[130.41285345,33.8917643],[130.41285345,33.8917643]],[[130.4083749,33.90025669],[130.40851647,33.91144084],[130.44766638,33.91308053],[130.42899454,33.88676943],[130.40903464,33.89289101],[130.4083749,33.90025669]],[[130.41115624,33.91070595],[130.41115624,33.91070595]],[[130.42476741,33.91087035],[130.42476741,33.91087035]],[[130.41120889,33.91094378],[130.41120889,33.91094378]],[[130.41136134,33.9109483],[130.41136134,33.9109483]],[[130.41174745,33.91111405],[130.41174745,33.91111405]],[[130.4116303,33.91125956],[130.4116303,33.91125956]],[[130.41171305,33.91130314],[130.41171305,33.91130314]],[[130.41156817,33.91131444],[130.41156817,33.91131444]],[[130.41176076,33.91133086],[130.41176076,33.91133086]],[[130.4142737,33.91136494],[130.4142737,33.91136494]],[[130.42281357,33.91141318],[130.42281357,33.91141318]],[[130.42355025,33.91145784],[130.42355025,33.91145784]],[[130.42238623,33.91149097],[130.42238623,33.91149097]],[[130.42301472,33.91150699],[130.42301472,33.91150699]],[[130.42347899,33.91156822],[130.42347899,33.91156822]],[[130.42322444,33.91156658],[130.42322444,33.91156658]],[[130.42227475,33.9116164],[130.42227475,33.9116164]],[[130.42328918,33.91160286],[130.42328918,33.91160286]],[[130.42268934,33.91171563],[130.42268934,33.91171563]],[[130.42108298,33.91167419],[130.42108298,33.91167419]],[[130.42089464,33.91174742],[130.42089464,33.91174742]],[[130.42278311,33.91172905],[130.42278311,33.91172905]],[[130.42094171,33.91177505],[130.42094171,33.91177505]],[[130.42309136,33.91175386],[130.42309136,33.91175386]],[[130.41469311,33.91192548],[130.41469311,33.91192548]],[[130.42326108,33.91197185],[130.42326108,33.91197185]],[[130.41455089,33.91200712],[130.41455089,33.91200712]],[[130.41141466,33.91195404],[130.41141466,33.91195404]],[[130.42059642,33.9120797],[130.42059642,33.9120797]],[[130.42979367,33.91210964],[130.42979367,33.91210964]],[[130.41750796,33.91216991],[130.41750796,33.91216991]],[[130.42973498,33.9121696],[130.42973498,33.9121696]],[[130.42989528,33.91222841],[130.42989528,33.91222841]],[[130.42042158,33.9122666],[130.42042158,33.9122666]],[[130.42960959,33.91227541],[130.42960959,33.91227541]],[[130.42993171,33.91236021],[130.42993171,33.91236021]],[[130.42975541,33.91233271],[130.42975541,33.91233271]],[[130.42982409,33.9123644],[130.42982409,33.9123644]],[[130.41625523,33.91233393],[130.41625523,33.91233393]],[[130.42954704,33.91233039],[130.42954704,33.91233039]],[[130.41684198,33.91243093],[130.41684198,33.91243093]],[[130.41695105,33.91239123],[130.41695105,33.91239123]],[[130.41623983,33.91251436],[130.41623983,33.91251436]],[[130.42981715,33.91243289],[130.42981715,33.91243289]],[[130.41589227,33.91244987],[130.41589227,33.91244987]],[[130.41983931,33.91244896],[130.41983931,33.91244896]],[[130.41969754,33.91248174],[130.41969754,33.91248174]],[[130.41694097,33.91253769],[130.41694097,33.91253769]],[[130.419754,33.91252772],[130.419754,33.91252772]],[[130.42028335,33.91252823],[130.42028335,33.91252823]],[[130.41509483,33.91264318],[130.41509483,33.91264318]],[[130.41552696,33.91262549],[130.41552696,33.91262549]],[[130.415879,33.91266746],[130.415879,33.91266746]],[[130.41910787,33.91273186],[130.41910787,33.91273186]],[[130.41564004,33.91277334],[130.41564004,33.91277334]],[[130.41573368,33.91279182],[130.41573368,33.91279182]],[[130.41911083,33.91298217],[130.41911083,33.91298217]],[[130.41831324,33.9137052],[130.41831324,33.9137052]],[[130.41816413,33.91376607],[130.41816413,33.91376607]],[[130.43012235,33.88717301],[130.43012235,33.88717301]],[[130.43014324,33.88742727],[130.43014324,33.88742727]],[[130.43123139,33.89006369],[130.43123139,33.89006369]],[[130.431241,33.89011241],[130.431241,33.89011241]],[[130.43145689,33.89013171],[130.43145689,33.89013171]],[[130.43137135,33.89023293],[130.43137135,33.89023293]],[[130.43203565,33.89053308],[130.43203565,33.89053308]],[[130.4323889,33.89173459],[130.4323889,33.89173459]],[[130.43209995,33.89187652],[130.43209995,33.89187652]],[[130.43853598,33.89577866],[130.43853598,33.89577866]],[[130.4349918,33.89671295],[130.4349918,33.89671295]],[[130.43670112,33.89897887],[130.43670112,33.89897887]],[[130.44037563,33.89948638],[130.44037563,33.89948638]],[[130.4393686,33.89969575],[130.4393686,33.89969575]],[[130.43949972,33.89983259],[130.43949972,33.89983259]],[[130.43924694,33.89984712],[130.43924694,33.89984712]],[[130.43915829,33.89994463],[130.43915829,33.89994463]],[[130.4386346,33.89995],[130.4386346,33.89995]],[[130.4387738,33.89999319],[130.4387738,33.89999319]],[[130.43774186,33.90000851],[130.43774186,33.90000851]],[[130.43774794,33.90003783],[130.43774794,33.90003783]],[[130.43935803,33.90001321],[130.43935803,33.90001321]],[[130.43778342,33.90013402],[130.43778342,33.90013402]],[[130.43766728,33.90010301],[130.43766728,33.90010301]],[[130.43952412,33.90005259],[130.43952412,33.90005259]],[[130.43954638,33.90039579],[130.43954638,33.90039579]],[[130.43958856,33.90068087],[130.43958856,33.90068087]],[[130.43940519,33.90067931],[130.43940519,33.90067931]],[[130.43957463,33.90076096],[130.43957463,33.90076096]],[[130.43957049,33.9008144],[130.43957049,33.9008144]],[[130.43989425,33.90082598],[130.43989425,33.90082598]],[[130.43812553,33.90132214],[130.43812553,33.90132214]],[[130.43971654,33.90177998],[130.43971654,33.90177998]],[[130.44073258,33.90176783],[130.44073258,33.90176783]],[[130.43970785,33.9026785],[130.43970785,33.9026785]],[[130.43073103,33.91201192],[130.43073103,33.91201192]],[[130.4300597,33.91207652],[130.4300597,33.91207652]],[[130.42999724,33.9122479],[130.42999724,33.9122479]],[[130.43004128,33.91242293],[130.43004128,33.91242293]],[[130.43019551,33.91238568],[130.43019551,33.91238568]],[[130.42999833,33.91245753],[130.42999833,33.91245753]],[[130.43003805,33.91272793],[130.43003805,33.91272793]],[[130.43012512,33.91274267],[130.43012512,33.91274267]],[[130.43014671,33.91300929],[130.43014671,33.91300929]],[[130.43035214,33.91304649],[130.43035214,33.91304649]],[[130.4302728,33.91307433],[130.4302728,33.91307433]],[[130.43010013,33.91316722],[130.43010013,33.91316722]],[[130.43030518,33.9132962],[130.43030518,33.9132962]],[[130.43016405,33.91337713],[130.43016405,33.91337713]],[[130.43018366,33.91345251],[130.43018366,33.91345251]],[[130.4303977,33.91343123],[130.4303977,33.91343123]],[[130.43026435,33.91349905],[130.43026435,33.91349905]],[[130.43055812,33.91348977],[130.43055812,33.91348977]],[[130.43050949,33.91348422],[130.43050949,33.91348422]],[[130.43036039,33.91357974],[130.43036039,33.91357974]],[[130.43040648,33.9137051],[130.43040648,33.9137051]],[[130.43036527,33.91374007],[130.43036527,33.91374007]],[[130.43064403,33.91377553],[130.43064403,33.91377553]],[[130.43062703,33.91389293],[130.43062703,33.91389293]],[[130.43041279,33.91395938],[130.43041279,33.91395938]],[[130.43124052,33.91407402],[130.43124052,33.91407402]],[[130.43116482,33.91415355],[130.43116482,33.91415355]],[[130.43107432,33.91413609],[130.43107432,33.91413609]],[[130.43123188,33.91431525],[130.43123188,33.91431525]],[[130.43139641,33.91443872],[130.43139641,33.91443872]],[[130.43129289,33.91444239],[130.43129289,33.91444239]],[[130.43136289,33.91447021],[130.43136289,33.91447021]],[[130.43115837,33.91457269],[130.43115837,33.91457269]],[[130.43469053,33.91455829],[130.43469053,33.91455829]],[[130.43572274,33.91458042],[130.43572274,33.91458042]],[[130.43124603,33.91457741],[130.43124603,33.91457741]],[[130.43104497,33.91466331],[130.43104497,33.91466331]],[[130.43459328,33.9146609],[130.43459328,33.9146609]],[[130.4313586,33.91472571],[130.4313586,33.91472571]],[[130.43479523,33.91475424],[130.43479523,33.91475424]],[[130.43046718,33.91475612],[130.43046718,33.91475612]],[[130.43466991,33.91478269],[130.43466991,33.91478269]],[[130.43478353,33.91480666],[130.43478353,33.91480666]],[[130.4344162,33.91486556],[130.4344162,33.91486556]],[[130.44068757,33.9150152],[130.44068757,33.9150152]],[[130.43242157,33.91510941],[130.43242157,33.91510941]],[[130.43588052,33.91503827],[130.43588052,33.91503827]],[[130.43581204,33.91499314],[130.43581204,33.91499314]],[[130.43592843,33.91507086],[130.43592843,33.91507086]],[[130.43209031,33.91506674],[130.43209031,33.91506674]],[[130.4409248,33.91510572],[130.4409248,33.91510572]],[[130.44137774,33.91509912],[130.44137774,33.91509912]],[[130.4316323,33.91511881],[130.4316323,33.91511881]],[[130.4414566,33.91512995],[130.4414566,33.91512995]],[[130.44119035,33.91519609],[130.44119035,33.91519609]],[[130.43676258,33.91516501],[130.43676258,33.91516501]],[[130.436497,33.91519418],[130.436497,33.91519418]],[[130.4415891,33.9152254],[130.4415891,33.9152254]],[[130.43464196,33.91508668],[130.43464196,33.91508668]],[[130.43265174,33.91525506],[130.43265174,33.91525506]],[[130.43620646,33.91520331],[130.43620646,33.91520331]],[[130.4371746,33.91523127],[130.4371746,33.91523127]],[[130.44101825,33.91525221],[130.44101825,33.91525221]],[[130.44169122,33.91522171],[130.44169122,33.91522171]],[[130.43763193,33.91524931],[130.43763193,33.91524931]],[[130.43722905,33.91525731],[130.43722905,33.91525731]],[[130.43596564,33.91528299],[130.43596564,33.91528299]],[[130.4417309,33.91530503],[130.4417309,33.91530503]],[[130.4415608,33.91528695],[130.4415608,33.91528695]],[[130.43216812,33.91525427],[130.43216812,33.91525427]],[[130.43107259,33.91533902],[130.43107259,33.91533902]],[[130.43708019,33.91529738],[130.43708019,33.91529738]],[[130.43737852,33.91533643],[130.43737852,33.91533643]],[[130.43266959,33.9154022],[130.43266959,33.9154022]],[[130.4369903,33.91535025],[130.4369903,33.91535025]],[[130.43617764,33.91540875],[130.43617764,33.91540875]],[[130.43719672,33.91535534],[130.43719672,33.91535534]],[[130.43683348,33.91531897],[130.43683348,33.91531897]],[[130.43252419,33.91545887],[130.43252419,33.91545887]],[[130.43743101,33.91538085],[130.43743101,33.91538085]],[[130.43634293,33.91540247],[130.43634293,33.91540247]],[[130.43421943,33.91539859],[130.43421943,33.91539859]],[[130.43722945,33.915393],[130.43722945,33.915393]],[[130.43456514,33.91538684],[130.43456514,33.91538684]],[[130.43685204,33.91549118],[130.43685204,33.91549118]],[[130.43669504,33.91548441],[130.43669504,33.91548441]],[[130.43231136,33.91547349],[130.43231136,33.91547349]],[[130.44132013,33.91556022],[130.44132013,33.91556022]],[[130.44157896,33.91558663],[130.44157896,33.91558663]],[[130.44182121,33.91561965],[130.44182121,33.91561965]],[[130.43813752,33.91567665],[130.43813752,33.91567665]],[[130.4416365,33.91571853],[130.4416365,33.91571853]],[[130.43844458,33.91575369],[130.43844458,33.91575369]],[[130.43285433,33.91591769],[130.43285433,33.91591769]],[[130.43858036,33.91572835],[130.43858036,33.91572835]],[[130.43236446,33.91580048],[130.43236446,33.91580048]],[[130.4321682,33.91587856],[130.4321682,33.91587856]],[[130.43864994,33.91582063],[130.43864994,33.91582063]],[[130.44121,33.91588032],[130.44121,33.91588032]],[[130.43796812,33.91591489],[130.43796812,33.91591489]],[[130.4415749,33.91591066],[130.4415749,33.91591066]],[[130.43857991,33.91592886],[130.43857991,33.91592886]],[[130.43875646,33.91595411],[130.43875646,33.91595411]],[[130.43870704,33.91596948],[130.43870704,33.91596948]],[[130.43818575,33.91600786],[130.43818575,33.91600786]],[[130.43225292,33.9159206],[130.43225292,33.9159206]],[[130.43824456,33.91597639],[130.43824456,33.91597639]],[[130.43865167,33.91598617],[130.43865167,33.91598617]],[[130.44179393,33.91611965],[130.44179393,33.91611965]],[[130.43804479,33.91611261],[130.43804479,33.91611261]],[[130.43855899,33.91674374],[130.43855899,33.91674374]],[[130.43894866,33.91695577],[130.43894866,33.91695577]],[[130.45499516,33.78370061],[130.45499516,33.78370061]],[[130.45159805,33.78424078],[130.45159805,33.78424078]],[[130.44598581,33.79051283],[130.44598581,33.79051283]],[[130.44564878,33.79118114],[130.44564878,33.79118114]],[[130.44556594,33.79146839],[130.44556594,33.79146839]],[[130.44582436,33.79161861],[130.44582436,33.79161861]],[[130.44562241,33.79228805],[130.44562241,33.79228805]],[[130.44536611,33.79269959],[130.44536611,33.79269959]],[[130.44512852,33.79296487],[130.44512852,33.79296487]],[[130.44550477,33.79298072],[130.44550477,33.79298072]],[[130.44516236,33.79314569],[130.44516236,33.79314569]],[[130.4452763,33.79312475],[130.4452763,33.79312475]],[[130.44505189,33.79321356],[130.44505189,33.79321356]],[[130.44532761,33.79371223],[130.44532761,33.79371223]],[[130.44560365,33.79409711],[130.44560365,33.79409711]],[[130.4455047,33.7943328],[130.4455047,33.7943328]],[[130.44553905,33.79436569],[130.44553905,33.79436569]],[[130.44483361,33.79450325],[130.44483361,33.79450325]],[[130.44469219,33.79478041],[130.44469219,33.79478041]],[[130.44544667,33.794993],[130.44544667,33.794993]],[[130.44541558,33.79525767],[130.44541558,33.79525767]],[[130.44540075,33.79538075],[130.44540075,33.79538075]],[[130.44551139,33.79570667],[130.44551139,33.79570667]],[[130.44538722,33.79593853],[130.44538722,33.79593853]],[[130.44574842,33.79621389],[130.44574842,33.79621389]],[[130.44641514,33.79620453],[130.44641514,33.79620453]],[[130.44595151,33.79640811],[130.44595151,33.79640811]],[[130.45039447,33.80340692],[130.45039447,33.80340692]],[[130.4465492,33.80883125],[130.4465492,33.80883125]],[[130.44629414,33.80903669],[130.44629414,33.80903669]],[[130.44615983,33.80949708],[130.44615983,33.80949708]],[[130.44567859,33.81302616],[130.44567859,33.81302616]],[[130.44538078,33.81312625],[130.44538078,33.81312625]],[[130.44415767,33.815136],[130.44415767,33.815136]],[[130.44382895,33.81512297],[130.44382895,33.81512297]],[[130.44384776,33.81530592],[130.44384776,33.81530592]],[[130.44433761,33.81609289],[130.44433761,33.81609289]],[[130.44459217,33.81660211],[130.44459217,33.81660211]],[[130.44970397,33.81655514],[130.44970397,33.81655514]],[[130.44881361,33.81739041],[130.44881361,33.81739041]],[[130.44874189,33.81759233],[130.44874189,33.81759233]],[[130.44241717,33.81851639],[130.44241717,33.81851639]],[[130.47049484,33.86462839],[130.47049484,33.86462839]],[[130.4684707,33.86489341],[130.4684707,33.86489341]],[[130.46870289,33.86490369],[130.46870289,33.86490369]],[[130.46837737,33.86498923],[130.46837737,33.86498923]],[[130.46880639,33.86510005],[130.46880639,33.86510005]],[[130.46881156,33.86519295],[130.46881156,33.86519295]],[[130.46825713,33.86527197],[130.46825713,33.86527197]],[[130.46871725,33.86549686],[130.46871725,33.86549686]],[[130.44325058,33.90324275],[130.44325058,33.90324275]],[[130.44365728,33.90448837],[130.44365728,33.90448837]],[[130.44316782,33.90504444],[130.44316782,33.90504444]],[[130.44323052,33.90518077],[130.44323052,33.90518077]],[[130.44319135,33.90658171],[130.44319135,33.90658171]],[[130.44333783,33.90675305],[130.44333783,33.90675305]],[[130.44341038,33.90678864],[130.44341038,33.90678864]],[[130.44369482,33.90766295],[130.44369482,33.90766295]],[[130.44443215,33.90766998],[130.44443215,33.90766998]],[[130.44443846,33.90786386],[130.44443846,33.90786386]],[[130.4445711,33.907953],[130.4445711,33.907953]],[[130.44432198,33.90794917],[130.44432198,33.90794917]],[[130.44483506,33.90807077],[130.44483506,33.90807077]],[[130.44458569,33.9081048],[130.44458569,33.9081048]],[[130.44478817,33.90831489],[130.44478817,33.90831489]],[[130.44480962,33.90872559],[130.44480962,33.90872559]],[[130.44473447,33.90870803],[130.44473447,33.90870803]],[[130.44442597,33.90875686],[130.44442597,33.90875686]],[[130.44486866,33.90882476],[130.44486866,33.90882476]],[[130.44617473,33.90884128],[130.44617473,33.90884128]],[[130.44478368,33.90900669],[130.44478368,33.90900669]],[[130.44592816,33.90902951],[130.44592816,33.90902951]],[[130.44626184,33.90903317],[130.44626184,33.90903317]],[[130.44531737,33.9091181],[130.44531737,33.9091181]],[[130.44609145,33.90921273],[130.44609145,33.90921273]],[[130.44522185,33.90922279],[130.44522185,33.90922279]],[[130.44608869,33.9093549],[130.44608869,33.9093549]],[[130.44646704,33.90947598],[130.44646704,33.90947598]],[[130.4467606,33.90959803],[130.4467606,33.90959803]],[[130.44680804,33.90968686],[130.44680804,33.90968686]],[[130.44709026,33.91007412],[130.44709026,33.91007412]],[[130.44761386,33.91077811],[130.44761386,33.91077811]],[[130.44766132,33.91118386],[130.44766132,33.91118386]],[[130.4485371,33.91169414],[130.4485371,33.91169414]],[[130.4481452,33.91170969],[130.4481452,33.91170969]],[[130.44875418,33.91170476],[130.44875418,33.91170476]],[[130.44770876,33.91175896],[130.44770876,33.91175896]],[[130.44764924,33.91181585],[130.44764924,33.91181585]],[[130.44854623,33.91200605],[130.44854623,33.91200605]],[[130.44849634,33.91201015],[130.44849634,33.91201015]],[[130.44815607,33.91228859],[130.44815607,33.91228859]],[[130.44851563,33.91215712],[130.44851563,33.91215712]],[[130.44884846,33.91234569],[130.44884846,33.91234569]],[[130.44816549,33.91233741],[130.44816549,33.91233741]],[[130.44796472,33.91232938],[130.44796472,33.91232938]],[[130.44806803,33.91234094],[130.44806803,33.91234094]],[[130.44888905,33.91240574],[130.44888905,33.91240574]],[[130.44859497,33.91253218],[130.44859497,33.91253218]],[[130.44769184,33.91314159],[130.44769184,33.91314159]],[[130.44735759,33.91308925],[130.44735759,33.91308925]],[[130.44788466,33.9131073],[130.44788466,33.9131073]],[[130.44746145,33.91313155],[130.44746145,33.91313155]],[[130.44777563,33.91342995],[130.44777563,33.91342995]],[[130.44674627,33.91372449],[130.44674627,33.91372449]],[[130.44654891,33.91420931],[130.44654891,33.91420931]],[[130.44643348,33.91439939],[130.44643348,33.91439939]],[[130.44607997,33.91449625],[130.44607997,33.91449625]],[[130.4464558,33.91462633],[130.4464558,33.91462633]],[[130.44615097,33.91468898],[130.44615097,33.91468898]],[[130.44530835,33.91471683],[130.44530835,33.91471683]],[[130.44463758,33.91467694],[130.44463758,33.91467694]],[[130.44577167,33.91474443],[130.44577167,33.91474443]],[[130.44583577,33.9148156],[130.44583577,33.9148156]],[[130.44469377,33.91484841],[130.44469377,33.91484841]],[[130.44541689,33.91483968],[130.44541689,33.91483968]],[[130.44584952,33.91484712],[130.44584952,33.91484712]],[[130.44546006,33.91488549],[130.44546006,33.91488549]],[[130.4459178,33.91487646],[130.4459178,33.91487646]],[[130.44489516,33.91494614],[130.44489516,33.91494614]],[[130.44617161,33.91502691],[130.44617161,33.91502691]],[[130.44592763,33.91497767],[130.44592763,33.91497767]],[[130.44266826,33.9150121],[130.44266826,33.9150121]],[[130.44304843,33.91508766],[130.44304843,33.91508766]],[[130.4425693,33.91506268],[130.4425693,33.91506268]],[[130.44275551,33.91506551],[130.44275551,33.91506551]],[[130.44215521,33.91517847],[130.44215521,33.91517847]],[[130.44208629,33.91523396],[130.44208629,33.91523396]],[[130.44513019,33.915191],[130.44513019,33.915191]],[[130.44407004,33.9152258],[130.44407004,33.9152258]],[[130.44239554,33.91524087],[130.44239554,33.91524087]],[[130.44348987,33.91525483],[130.44348987,33.91525483]],[[130.44345485,33.91538487],[130.44345485,33.91538487]],[[130.44389708,33.91543051],[130.44389708,33.91543051]],[[130.44550315,33.91542963],[130.44550315,33.91542963]],[[130.44380896,33.91541135],[130.44380896,33.91541135]],[[130.44188419,33.91548081],[130.44188419,33.91548081]],[[130.44496082,33.91556188],[130.44496082,33.91556188]],[[130.44521637,33.91559297],[130.44521637,33.91559297]],[[130.44522084,33.91563744],[130.44522084,33.91563744]],[[130.4426883,33.91575467],[130.4426883,33.91575467]],[[130.44266361,33.91584274],[130.44266361,33.91584274]],[[130.44328226,33.91638236],[130.44328226,33.91638236]],[[130.44344475,33.91640797],[130.44344475,33.91640797]],[[130.44339694,33.91644202],[130.44339694,33.91644202]],[[130.44343217,33.91666667],[130.44343217,33.91666667]],[[130.4434423,33.91695002],[130.4434423,33.91695002]],[[130.48717594,33.85182475],[130.48717594,33.85182475]],[[130.48695961,33.85194872],[130.48695961,33.85194872]],[[130.4870902,33.85198164],[130.4870902,33.85198164]],[[130.48654141,33.85192787],[130.48654141,33.85192787]],[[130.48724886,33.85193731],[130.48724886,33.85193731]],[[130.48333333,33.85447824],[130.48333333,33.85447824]],[[130.48075681,33.85564739],[130.48075681,33.85564739]],[[130.480512,33.85586436],[130.480512,33.85586436]],[[130.48039961,33.85602214],[130.48039961,33.85602214]],[[130.47931078,33.85811275],[130.47931078,33.85811275]],[[130.47368139,33.86110523],[130.47368139,33.86110523]],[[130.47359234,33.85906023],[130.46870594,33.86481067],[130.47359234,33.85906023]],[[130.47331789,33.86377033],[130.47331789,33.86377033]],[[130.47333756,33.86382469],[130.47333756,33.86382469]],[[130.47149591,33.86416547],[130.47149591,33.86416547]],[[130.47067419,33.86446289],[130.47067419,33.86446289]],[[130.52737558,33.88026124],[130.52737558,33.88026124]],[[130.52544683,33.88973641],[130.52544683,33.88973641]],[[130.52512453,33.88987411],[130.52512453,33.88987411]],[[130.5243617,33.88983583],[130.5243617,33.88983583]],[[130.52509739,33.88987544],[130.52509739,33.88987544]],[[130.52457031,33.889918],[130.52457031,33.889918]],[[130.52489139,33.88992344],[130.52489139,33.88992344]],[[130.52529589,33.88993149],[130.52529589,33.88993149]],[[130.52513759,33.8901158],[130.52513759,33.8901158]],[[130.5,33.89530886],[130.5,33.89530886]],[[130.50045197,33.89540061],[130.50045197,33.89540061]],[[130.49951322,33.89600216],[130.49951322,33.89600216]],[[130.49606713,33.89803425],[130.49606713,33.89803425]],[[130.49520448,33.90006297],[130.49520448,33.90006297]],[[130.49517341,33.90015897],[130.49517341,33.90015897]],[[130.4950225,33.90052323],[130.4950225,33.90052323]],[[130.49488891,33.90053161],[130.49488891,33.90053161]],[[130.49495467,33.90089622],[130.49495467,33.90089622]],[[130.49497472,33.90103328],[130.49497472,33.90103328]],[[130.49498239,33.9013092],[130.49498239,33.9013092]],[[130.49483553,33.90186525],[130.49483553,33.90186525]],[[130.49476866,33.90225664],[130.49476866,33.90225664]],[[130.49494817,33.9022912],[130.49494817,33.9022912]],[[130.49312335,33.90295629],[130.49312335,33.90295629]],[[130.49465384,33.90300731],[130.49465384,33.90300731]],[[130.49479525,33.90352083],[130.49479525,33.90352083]],[[130.49958355,33.89602959],[130.48601591,33.91152849],[130.49701866,33.91207413],[130.50971817,33.89445516],[130.49958355,33.89602959]],[[130.5025102,33.90414369],[130.5025102,33.90414369]],[[130.50266591,33.90460711],[130.50266591,33.90460711]],[[130.50176283,33.90497313],[130.50176283,33.90497313]],[[130.4914862,33.90495153],[130.4914862,33.90495153]],[[130.50248859,33.90505189],[130.50248859,33.90505189]],[[130.50174533,33.90508072],[130.50174533,33.90508072]],[[130.50157577,33.90523041],[130.50157577,33.90523041]],[[130.50131703,33.90560059],[130.50131703,33.90560059]],[[130.50148691,33.90556086],[130.50148691,33.90556086]],[[130.50112425,33.9056685],[130.50112425,33.9056685]],[[130.50142003,33.90571783],[130.50142003,33.90571783]],[[130.50161134,33.905903],[130.50161134,33.905903]],[[130.50136258,33.90601956],[130.50136258,33.90601956]],[[130.49965978,33.90649053],[130.49965978,33.90649053]],[[130.49928261,33.90646977],[130.49928261,33.90646977]],[[130.49065189,33.90674508],[130.49065189,33.90674508]],[[130.49075339,33.90682539],[130.49075339,33.90682539]],[[130.49070767,33.9069115],[130.49070767,33.9069115]],[[130.49073326,33.90713864],[130.49073326,33.90713864]],[[130.49921506,33.90724211],[130.49921506,33.90724211]],[[130.49957019,33.90730928],[130.49957019,33.90730928]],[[130.49929569,33.90739453],[130.49929569,33.90739453]],[[130.49948733,33.90742831],[130.49948733,33.90742831]],[[130.49970497,33.907562],[130.49970497,33.907562]],[[130.4985982,33.90799272],[130.4985982,33.90799272]],[[130.49029224,33.90805395],[130.49029224,33.90805395]],[[130.49855403,33.9081085],[130.49855403,33.9081085]],[[130.49872462,33.90810161],[130.49872462,33.90810161]],[[130.49892664,33.90818708],[130.49892664,33.90818708]],[[130.49862525,33.90833841],[130.49862525,33.90833841]],[[130.49896733,33.90838733],[130.49896733,33.90838733]],[[130.48965128,33.9086405],[130.48965128,33.9086405]],[[130.48977314,33.90864523],[130.48977314,33.90864523]],[[130.48966833,33.90868275],[130.48966833,33.90868275]],[[130.49892075,33.90884336],[130.49892075,33.90884336]],[[130.49881431,33.90888667],[130.49881431,33.90888667]],[[130.48910545,33.90901547],[130.48910545,33.90901547]],[[130.49854869,33.90913172],[130.49854869,33.90913172]],[[130.49880791,33.90935177],[130.49880791,33.90935177]],[[130.49897372,33.90934569],[130.49897372,33.90934569]],[[130.49877608,33.9094308],[130.49877608,33.9094308]],[[130.49884105,33.9095812],[130.49884105,33.9095812]],[[130.49919134,33.90957956],[130.49919134,33.90957956]],[[130.49891772,33.90963641],[130.49891772,33.90963641]],[[130.49810331,33.91008336],[130.49810331,33.91008336]],[[130.49857005,33.91004525],[130.49857005,33.91004525]],[[130.49812017,33.91018128],[130.49812017,33.91018128]],[[130.49782365,33.91069975],[130.49782365,33.91069975]],[[130.49781547,33.91074525],[130.49781547,33.91074525]],[[130.48607005,33.91087028],[130.48607005,33.91087028]],[[130.49842392,33.91078839],[130.49842392,33.91078839]],[[130.49852934,33.91092308],[130.49852934,33.91092308]],[[130.49867053,33.91111541],[130.49867053,33.91111541]],[[130.49780547,33.91123128],[130.49780547,33.91123128]],[[130.49726964,33.91141589],[130.49726964,33.91141589]],[[130.49754852,33.91137853],[130.49754852,33.91137853]],[[130.48517939,33.91164736],[130.48517939,33.91164736]],[[130.48588706,33.91168359],[130.48588706,33.91168359]],[[130.48680309,33.91204941],[130.48680309,33.91204941]],[[130.48709764,33.91207064],[130.48709764,33.91207064]],[[130.48722864,33.91213439],[130.48722864,33.91213439]],[[130.48529713,33.91215186],[130.48529713,33.91215186]],[[130.49699141,33.91218387],[130.49699141,33.91218387]],[[130.48560064,33.91234139],[130.48560064,33.91234139]],[[130.48712652,33.91232287],[130.48712652,33.91232287]],[[130.48725377,33.91234323],[130.48725377,33.91234323]],[[130.48515664,33.912303],[130.48515664,33.912303]],[[130.48488713,33.91237383],[130.48488713,33.91237383]],[[130.49701467,33.91236931],[130.49701467,33.91236931]],[[130.48507669,33.91255756],[130.48507669,33.91255756]],[[130.48482558,33.91264739],[130.48482558,33.91264739]],[[130.48498837,33.91275195],[130.48498837,33.91275195]],[[130.48484111,33.91277992],[130.48484111,33.91277992]],[[130.48781419,33.91282972],[130.48781419,33.91282972]],[[130.48755438,33.9129968],[130.48755438,33.9129968]],[[130.48499209,33.91292669],[130.48499209,33.91292669]],[[130.49456542,33.91305769],[130.49456542,33.91305769]],[[130.48773389,33.91309339],[130.48773389,33.91309339]],[[130.49319497,33.91314439],[130.49319497,33.91314439]],[[130.48808389,33.913173],[130.48808389,33.913173]],[[130.48840263,33.91323664],[130.48840263,33.91323664]],[[130.49462192,33.91327125],[130.49462192,33.91327125]],[[130.48840114,33.91337872],[130.48840114,33.91337872]],[[130.48866195,33.91340489],[130.48866195,33.91340489]],[[130.49312942,33.91356536],[130.49312942,33.91356536]],[[130.49115025,33.91352139],[130.49115025,33.91352139]],[[130.48916239,33.91353689],[130.48916239,33.91353689]],[[130.4919917,33.91383313],[130.4919917,33.91383313]],[[130.49160661,33.91399544],[130.49160661,33.91399544]],[[130.49123353,33.91404503],[130.49123353,33.91404503]],[[130.49148805,33.91423553],[130.49148805,33.91423553]],[[130.47741908,33.91920325],[130.47741908,33.91920325]],[[130.47660403,33.91922656],[130.47660403,33.91922656]],[[130.54144455,33.88803386],[130.54144455,33.88803386]],[[130.54169939,33.88822839],[130.54169939,33.88822839]],[[130.54376803,33.88838756],[130.54376803,33.88838756]],[[130.54142097,33.888501],[130.54142097,33.888501]],[[130.54176302,33.88862031],[130.54176302,33.88862031]],[[130.54200895,33.88862789],[130.54200895,33.88862789]],[[130.54173886,33.88873516],[130.54173886,33.88873516]],[[130.54166244,33.888852],[130.54166244,33.888852]],[[130.54335681,33.88886441],[130.54335681,33.88886441]],[[130.54345786,33.88899292],[130.54345786,33.88899292]],[[130.54355338,33.8889985],[130.54355338,33.8889985]],[[130.54198073,33.88905533],[130.54198073,33.88905533]],[[130.5434855,33.8890398],[130.5434855,33.8890398]],[[130.54246961,33.88907589],[130.54246961,33.88907589]],[[130.54303158,33.88907177],[130.54303158,33.88907177]],[[130.54217886,33.88908223],[130.54217886,33.88908223]],[[130.54244936,33.88916159],[130.54244936,33.88916159]],[[130.54350713,33.88917731],[130.54350713,33.88917731]],[[130.54259567,33.88921659],[130.54259567,33.88921659]],[[130.54359189,33.88924397],[130.54359189,33.88924397]],[[130.54306348,33.88929486],[130.54306348,33.88929486]],[[130.54253031,33.88926708],[130.54253031,33.88926708]],[[130.54878089,33.88933972],[130.54878089,33.88933972]],[[130.54268311,33.88942167],[130.54268311,33.88942167]],[[130.5428518,33.88931236],[130.5428518,33.88931236]],[[130.54273109,33.88932472],[130.54273109,33.88932472]],[[130.54311969,33.88957889],[130.54311969,33.88957889]],[[130.56548969,33.88956686],[130.56548969,33.88956686]],[[130.56545988,33.88969136],[130.56545988,33.88969136]],[[130.55023089,33.88973164],[130.55023089,33.88973164]],[[130.55224431,33.88997387],[130.55224431,33.88997387]],[[130.56087364,33.89040631],[130.56087364,33.89040631]],[[130.55896589,33.89052583],[130.55896589,33.89052583]],[[130.558328,33.89050723],[130.558328,33.89050723]],[[130.5581838,33.89058703],[130.5581838,33.89058703]],[[130.55825258,33.89062389],[130.55825258,33.89062389]],[[130.558551,33.89062244],[130.558551,33.89062244]],[[130.55588958,33.89057572],[130.55588958,33.89057572]],[[130.56316519,33.89075078],[130.56316519,33.89075078]],[[130.55833136,33.89078069],[130.55833136,33.89078069]],[[130.55850847,33.89077287],[130.55850847,33.89077287]],[[130.55843061,33.89077905],[130.55843061,33.89077905]],[[130.55495022,33.89083614],[130.55495022,33.89083614]],[[130.5553607,33.89092725],[130.5553607,33.89092725]],[[130.55512183,33.89105795],[130.55512183,33.89105795]],[[130.6588345,33.90139182],[130.64900394,33.8987218],[130.6588345,33.90139182]],[[130.65739345,33.91007225],[130.65739345,33.91007225]],[[130.65766309,33.91049782],[130.65766309,33.91049782]],[[130.66043489,33.91126953],[130.66043489,33.91126953]],[[130.66232428,33.91201989],[130.66232428,33.91201989]],[[130.66198078,33.91272883],[130.66198078,33.91272883]],[[130.66231294,33.91268977],[130.66231294,33.91268977]],[[130.66194375,33.91292341],[130.66194375,33.91292341]],[[130.66107326,33.91298492],[130.66107326,33.91298492]],[[130.65994778,33.91416587],[130.65994778,33.91416587]],[[130.659371,33.9147302],[130.659371,33.9147302]],[[130.66077008,33.91493613],[130.66077008,33.91493613]],[[130.6595245,33.91507014],[130.6595245,33.91507014]],[[130.66420917,33.91546467],[130.66420917,33.91546467]],[[130.66407591,33.91562339],[130.66407591,33.91562339]],[[130.66050506,33.91575683],[130.66050506,33.91575683]],[[130.65937066,33.91575036],[130.65937066,33.91575036]],[[130.65908371,33.91574032],[130.65908371,33.91574032]],[[130.66802309,33.91638844],[130.66802309,33.91638844]],[[130.66374416,33.91640833],[130.66374416,33.91640833]],[[130.6633837,33.91664172],[130.6633837,33.91664172]],[[130.66301934,33.91693797],[130.66301934,33.91693797]],[[130.66359555,33.91693249],[130.66359555,33.91693249]],[[130.66271581,33.91712777],[130.66271581,33.91712777]],[[130.65945611,33.91702249],[130.65945611,33.91702249]],[[130.66229377,33.9173778],[130.66229377,33.9173778]],[[130.66256889,33.91737195],[130.66256889,33.91737195]],[[130.66309584,33.91740028],[130.66309584,33.91740028]],[[130.6622407,33.9175722],[130.6622407,33.9175722]],[[130.6621445,33.91762151],[130.6621445,33.91762151]],[[130.67389399,33.91980572],[130.67389399,33.91980572]],[[130.68522397,33.9296872],[130.68522397,33.9296872]],[[130.68473289,33.93021611],[130.68473289,33.93021611]],[[130.684666,33.93032287],[130.684666,33.93032287]],[[130.68459058,33.93038722],[130.68459058,33.93038722]],[[130.68436752,33.93044516],[130.68436752,33.93044516]],[[130.68438353,33.93044964],[130.68438353,33.93044964]],[[130.68428097,33.93068983],[130.68428097,33.93068983]],[[130.68573572,33.93615469],[130.68573572,33.93615469]],[[130.68561883,33.93614422],[130.68561883,33.93614422]],[[130.68435711,33.93646928],[130.68435711,33.93646928]],[[130.68475017,33.936957],[130.68475017,33.936957]],[[130.68489462,33.93696744],[130.68489462,33.93696744]],[[130.68460981,33.93713383],[130.68460981,33.93713383]],[[130.68442875,33.93729192],[130.68442875,33.93729192]],[[130.68271111,33.93747613],[130.68271111,33.93747613]],[[130.68259523,33.93756689],[130.68259523,33.93756689]],[[130.6825265,33.9376072],[130.6825265,33.9376072]],[[130.68268044,33.93762003],[130.68268044,33.93762003]],[[130.68247655,33.9376842],[130.68247655,33.9376842]],[[130.68263969,33.93809203],[130.68263969,33.93809203]],[[130.71698847,33.93824392],[130.71698847,33.93824392]],[[130.71270591,33.93869475],[130.71270591,33.93869475]],[[130.71280577,33.93875772],[130.71280577,33.93875772]],[[130.7128882,33.93876108],[130.7128882,33.93876108]],[[130.71416752,33.93906736],[130.71416752,33.93906736]],[[130.71201061,33.93942305],[130.71201061,33.93942305]],[[130.71338555,33.93909113],[130.71338555,33.93909113]],[[130.713978,33.93916764],[130.713978,33.93916764]],[[130.71801139,34.00211722],[130.71801139,34.00211722]],[[130.71804499,34.00230361],[130.71804499,34.00230361]],[[130.7082375,34.00443695],[130.71797056,34.001435],[130.7082375,34.00443695]],[[130.70846778,34.00360333],[130.70846778,34.00360333]],[[130.71434973,34.00367416],[130.71434973,34.00367416]],[[130.71398333,34.00399722],[130.71398333,34.00399722]],[[130.70920389,34.00470639],[130.70920389,34.00470639]],[[130.71283,34.00479139],[130.71283,34.00479139]],[[130.70839639,34.00497277],[130.70839639,34.00497277]],[[130.70853445,34.00494861],[130.70853445,34.00494861]],[[130.71209389,34.00534916],[130.71209389,34.00534916]],[[130.71089472,34.00541889],[130.71089472,34.00541889]],[[130.71205861,34.00558639],[130.71205861,34.00558639]],[[130.71133112,34.00557833],[130.71133112,34.00557833]],[[130.71148639,34.00563472],[130.71148639,34.00563472]],[[130.71157973,34.00598695],[130.71157973,34.00598695]],[[130.72442306,34.01114389],[130.72442306,34.01114389]],[[130.72431139,34.011705],[130.72431139,34.011705]],[[130.72408222,34.01191195],[130.72408222,34.01191195]],[[130.72408833,34.01218139],[130.72408833,34.01218139]],[[130.72427499,34.01229444],[130.72427499,34.01229444]],[[130.72308528,34.01455972],[130.72308528,34.01455972]],[[130.72180222,34.0175425],[130.72180222,34.0175425]],[[130.72190056,34.01784611],[130.72190056,34.01784611]],[[130.72584917,34.02105111],[130.72584917,34.02105111]],[[131.1210793,33.6299233],[131.1210793,33.6299233]],[[131.12101706,33.63011822],[131.12101706,33.63011822]],[[131.12109527,33.63039188],[131.12109527,33.63039188]],[[131.12390306,33.6290356],[131.12390306,33.6290356]],[[131.12091934,33.63099699],[131.12091934,33.63099699]],[[131.12502335,33.63340101],[131.12502335,33.63340101]],[[131.12922307,33.63326225],[131.12922307,33.63326225]],[[131.07116839,33.66072064],[131.07116839,33.66072064]],[[131.03086839,33.70965656],[131.03086839,33.70965656]],[[131.03124056,33.70953195],[131.03124056,33.70953195]],[[131.03053267,33.70967936],[131.03053267,33.70967936]],[[131.03058606,33.70999044],[131.03058606,33.70999044]],[[131.02544272,33.72031367],[131.02544272,33.72031367]],[[131.02683817,33.73019116],[131.02683817,33.73019116]],[[131.01073708,33.7516732],[131.01073708,33.7516732]],[[131.01499711,33.75305744],[131.01499711,33.75305744]],[[131.01770803,33.78761936],[131.0176907,33.7811938],[131.01770803,33.78761936]],[[131.01761769,33.79088511],[131.01761769,33.79088511]],[[131.00630397,33.79043675],[131.0132393,33.79702825],[131.00630397,33.79043675]],[[130.98827034,33.79352244],[130.98827034,33.79352244]],[[131.02324886,33.79803611],[131.02324886,33.79803611]],[[131.00220292,33.80049725],[131.00738674,33.80017308],[131.00220292,33.80049725]],[[131.00501661,33.80112841],[131.00501661,33.80112841]],[[130.99494416,33.81822889],[130.99494416,33.81822889]],[[130.97548611,33.82567112],[130.97548611,33.82567112]],[[130.97688297,33.82568329],[130.97154117,33.82527715],[130.97688297,33.82568329]],[[131.04186075,33.82125559],[131.03214112,33.82001361],[131.02464594,33.85666359],[131.03547789,33.85678861],[131.04186075,33.82125559]],[[131.00795642,33.82743339],[131.00795642,33.82743339]],[[130.97313825,33.82931959],[130.97758292,33.82821208],[130.97313825,33.82931959]],[[130.97363236,33.83480667],[130.97363236,33.83480667]],[[130.97366301,33.83492226],[130.97366301,33.83492226]],[[130.97332427,33.834989],[130.97332427,33.834989]],[[130.97691799,33.84169886],[130.97691799,33.84169886]],[[130.98065012,33.84194169],[130.98065012,33.84194169]],[[130.99919486,33.86781961],[130.99919486,33.86781961]],[[131.00087128,33.86782757],[131.00087128,33.86782757]],[[131.00860143,33.87208004],[131.00860143,33.87208004]],[[130.98734244,33.87361169],[130.98734244,33.87361169]],[[130.75116341,33.87409764],[130.75116341,33.87409764]],[[130.75149949,33.87439189],[130.75149949,33.87439189]],[[130.75157158,33.8744292],[130.75157158,33.8744292]],[[130.7518092,33.87446716],[130.7518092,33.87446716]],[[130.75191189,33.87449659],[130.75191189,33.87449659]],[[130.75455789,33.87520047],[130.75455789,33.87520047]],[[130.75489814,33.8752842],[130.75489814,33.8752842]],[[130.75518706,33.87533131],[130.75518706,33.87533131]],[[130.75602467,33.87556972],[130.75602467,33.87556972]],[[130.75625031,33.87562616],[130.75625031,33.87562616]],[[130.77087001,33.87581705],[130.77087001,33.87581705]],[[130.76539481,33.87783616],[130.76539481,33.87783616]],[[131.00180652,33.89236559],[131.00180652,33.89236559]],[[130.81834314,33.9018438],[130.81834314,33.9018438]],[[130.99655817,33.90384175],[130.99655817,33.90384175]],[[130.99698241,33.90545759],[130.99698241,33.90545759]],[[130.93090171,33.90820598],[130.93090171,33.90820598]],[[130.93309034,33.91040483],[130.93309034,33.91040483]],[[130.81675175,33.91697149],[130.81675175,33.91697149]],[[130.81665148,33.91698297],[130.81665148,33.91698297]],[[130.85662297,33.92620325],[130.85662297,33.92620325]],[[130.82102136,33.9283888],[130.82102136,33.9283888]],[[130.73801698,33.93007195],[130.73801698,33.93007195]],[[130.72749722,33.93501953],[130.72749722,33.93501953]],[[130.72762105,33.93492603],[130.72762105,33.93492603]],[[131.01011995,33.9383292],[131.01011995,33.9383292]],[[130.78046664,33.93532128],[130.784142,33.94050872],[130.77742112,33.94607387],[130.82615409,33.95551616],[130.80864844,33.949198],[130.81431842,33.94343608],[130.83229163,33.94984361],[130.85068611,33.94116425],[130.82188392,33.92966831],[130.81452014,33.93421814],[130.81946122,33.92562016],[130.80985139,33.93266913],[130.78046664,33.93532128]],[[131.02200825,33.94684705],[131.02200825,33.94684705]],[[131.02199772,33.94708969],[131.02199772,33.94708969]],[[130.77575125,33.94839197],[130.77575125,33.94839197]],[[130.76618089,33.94892092],[130.76618089,33.94892092]],[[130.83094936,33.94959978],[130.83094936,33.94959978]],[[130.7844761,33.94968805],[130.78895184,33.9523977],[130.7844761,33.94968805]],[[130.75958265,33.9495966],[130.769278,33.95602805],[130.75958265,33.9495966]],[[130.77536131,33.95394031],[130.77536131,33.95394031]],[[130.96229384,33.95484808],[130.96229384,33.95484808]],[[130.96239214,33.96130856],[130.96239214,33.96130856]],[[130.96246864,33.96131678],[130.96246864,33.96131678]],[[130.96250302,33.96137369],[130.96250302,33.96137369]],[[130.85728445,33.96088972],[130.85728445,33.96088972]],[[130.96426547,33.96215303],[130.96426547,33.96215303]],[[130.96433981,33.96214387],[130.96433981,33.96214387]],[[130.964167,33.9621632],[130.964167,33.9621632]],[[130.85496333,33.96358972],[130.85496333,33.96358972]],[[130.85487805,33.96372972],[130.85487805,33.96372972]],[[130.8550825,33.96379861],[130.8550825,33.96379861]],[[130.85401589,33.96424467],[130.85401589,33.96424467]],[[130.85195361,33.96594444],[130.85195361,33.96594444]],[[130.86126083,33.96738223],[130.86126083,33.96738223]],[[130.84792944,33.96768972],[130.84792944,33.96768972]],[[130.84772,33.96773444],[130.84772,33.96773444]],[[130.84680694,33.96811361],[130.84680694,33.96811361]],[[130.84856861,33.96909833],[130.86165888,33.96606944],[130.84856861,33.96909833]],[[130.84633222,33.96819695],[130.84633222,33.96819695]],[[130.84824584,33.96906889],[130.84824584,33.96906889]],[[130.85596973,33.96988361],[130.85596973,33.96988361]],[[130.78919944,33.98383223],[130.78919944,33.98383223]],[[130.79137973,33.98434444],[130.79137973,33.98434444]],[[130.78940389,33.98385444],[130.78940389,33.98385444]],[[130.78978973,33.98398139],[130.78978973,33.98398139]],[[130.83279416,33.99134972],[130.83279416,33.99134972]],[[130.82109406,33.99318708],[130.82109406,33.99318708]],[[130.8158925,33.99901139],[130.82210528,33.98467195],[130.80946306,33.99916139],[130.8158925,33.99901139]],[[130.81389027,33.99475222],[130.81389027,33.99475222]],[[130.81421166,33.99485777],[130.81421166,33.99485777]],[[130.81452166,34.00250944],[130.81452166,34.00250944]],[[130.80950361,34.00382333],[130.80950361,34.00382333]],[[130.81295472,34.00778278],[130.81295472,34.00778278]],[[130.81190756,34.01004912],[130.81190756,34.01004912]],[[130.80656888,34.01017805],[130.80656888,34.01017805]],[[130.81245195,34.01040723],[130.81245195,34.01040723]],[[130.81147805,34.01059805],[130.81147805,34.01059805]],[[130.72362027,34.01361416],[130.7239,34.01905223],[130.73760056,34.01492222],[130.73165555,34.01619944],[130.72837389,34.00741861],[130.73426166,34.00586583],[130.72362027,34.01361416]],[[130.72670667,34.01635778],[130.72670667,34.01635778]],[[130.72677694,34.016475],[130.72677694,34.016475]],[[130.72624195,34.01690389],[130.72624195,34.01690389]],[[130.72625166,34.01754361],[130.72625166,34.01754361]],[[130.72620694,34.01889667],[130.72620694,34.01889667]],[[130.72685416,34.01964556],[130.72685416,34.01964556]]]}}]}