{"type": "FeatureCollection", "features": [{"type": "Feature", "geometry": {"type": "MultiPolygon", "coordinates": [[[[137.957029, 36.490249], [137.954329, 36.496503], [137.956094, 36.50115], [137.963924, 36.505715], [137.961344, 36.508419], [137.965931, 36.512547], [137.966673, 36.51692], [137.957516, 36.523772], [137.949734, 36.523978], [137.939915, 36.516746], [137.930849, 36.519682], [137.931237, 36.524567], [137.925919, 36.526952], [137.923321, 36.531169], [137.925363, 36.536566], [137.919017, 36.538255], [137.917597, 36.549641], [137.919972, 36.554632], [137.92636, 36.558825], [137.925774, 36.564545], [137.930844, 36.567933], [137.932472, 36.57621], [137.935749, 36.579393], [137.935633, 36.583752], [137.93935, 36.586809], [137.939111, 36.591988], [137.941768, 36.594782], [137.952505, 36.594966], [137.962968, 36.603834], [137.974403, 36.6008], [137.980805, 36.601414], [137.985991, 36.596571], [137.993382, 36.599763], [137.999185, 36.597951], [138.002254, 36.600504], [138.000034, 36.605929], [138.003286, 36.613713], [137.998383, 36.622795], [138.001282, 36.62744], [138.002217, 36.633397], [138.000472, 36.63887], [138.01075, 36.654621], [138.004224, 36.66023], [137.981521, 36.66643], [137.974986, 36.672623], [137.969756, 36.667865], [137.959371, 36.672467], [137.955388, 36.669003], [137.944798, 36.672097], [137.941346, 36.66949], [137.936353, 36.669583], [137.935505, 36.66559], [137.925099, 36.658448], [137.920368, 36.65701], [137.910105, 36.661578], [137.917449, 36.681924], [137.915129, 36.684578], [137.914995, 36.69386], [137.918628, 36.69429], [137.923426, 36.700068], [137.930466, 36.717885], [137.927182, 36.72292], [137.93375, 36.725403], [137.94154, 36.736075], [137.944868, 36.741391], [137.953313, 36.748482], [137.952888, 36.755483], [137.961012, 36.763165], [137.9647, 36.770417], [137.967925, 36.771033], [137.967677, 36.781041], [137.974651, 36.78548], [137.976985, 36.7951], [137.98073, 36.801671], [137.989184, 36.811518], [137.996898, 36.816782], [138.003461, 36.826414], [138.01104, 36.82343], [138.01704, 36.818827], [138.021901, 36.81945], [138.028878, 36.817114], [138.033797, 36.808834], [138.038756, 36.807707], [138.044957, 36.809785], [138.051845, 36.80746], [138.052224, 36.79996], [138.064816, 36.804428], [138.068168, 36.803838], [138.075234, 36.810499], [138.073016, 36.816847], [138.077523, 36.822321], [138.081447, 36.829922], [138.089164, 36.835734], [138.088923, 36.830216], [138.092227, 36.826218], [138.096675, 36.825483], [138.09649, 36.820939], [138.100433, 36.816292], [138.101646, 36.809587], [138.099242, 36.803109], [138.095289, 36.800913], [138.097492, 36.794628], [138.096238, 36.785845], [138.098488, 36.779648], [138.124878, 36.783253], [138.120119, 36.774315], [138.122477, 36.762262], [138.129458, 36.753072], [138.140121, 36.747535], [138.133852, 36.740807], [138.140492, 36.739645], [138.173226, 36.728076], [138.17881, 36.72151], [138.188242, 36.717943], [138.194653, 36.712708], [138.198642, 36.71285], [138.208469, 36.709343], [138.215673, 36.709034], [138.223503, 36.71424], [138.231424, 36.720953], [138.238932, 36.719122], [138.251521, 36.719175], [138.251302, 36.723183], [138.256826, 36.724578], [138.260778, 36.727707], [138.264518, 36.736781], [138.262341, 36.742475], [138.268151, 36.745925], [138.270173, 36.741927], [138.280486, 36.741629], [138.282104, 36.743861], [138.290814, 36.746843], [138.294106, 36.745873], [138.29641, 36.74403], [138.304887, 36.745837], [138.311523, 36.74276], [138.308391, 36.739087], [138.308391, 36.72381], [138.31097, 36.720895], [138.301503, 36.71521], [138.297598, 36.716192], [138.289969, 36.714782], [138.290285, 36.708037], [138.283269, 36.703085], [138.285118, 36.69756], [138.281236, 36.688051], [138.283279, 36.687667], [138.280082, 36.686576], [138.276394, 36.674432], [138.260017, 36.646088], [138.257263, 36.640128], [138.268392, 36.636995], [138.282219, 36.62736], [138.284283, 36.622647], [138.28787, 36.621498], [138.289349, 36.613066], [138.300131, 36.607137], [138.305459, 36.59943], [138.307086, 36.593491], [138.308252, 36.58223], [138.306436, 36.578127], [138.307445, 36.573057], [138.318237, 36.566788], [138.317407, 36.561132], [138.311124, 36.559378], [138.308095, 36.55344], [138.311435, 36.550361], [138.308773, 36.545608], [138.30271, 36.542145], [138.298198, 36.535527], [138.293877, 36.532299], [138.282083, 36.536921], [138.277452, 36.534952], [138.273482, 36.525828], [138.270342, 36.523452], [138.270983, 36.519242], [138.266487, 36.513232], [138.249855, 36.515697], [138.246755, 36.510002], [138.239368, 36.509489], [138.236265, 36.512433], [138.229486, 36.514163], [138.219957, 36.507757], [138.211739, 36.508191], [138.204519, 36.511507], [138.199847, 36.51116], [138.198406, 36.515397], [138.199409, 36.522935], [138.193477, 36.530132], [138.190511, 36.539407], [138.187202, 36.543079], [138.179892, 36.54443], [138.171177, 36.548763], [138.172794, 36.55322], [138.167506, 36.559196], [138.157055, 36.557609], [138.151469, 36.560082], [138.14838, 36.557306], [138.141023, 36.556901], [138.132998, 36.558185], [138.128952, 36.555206], [138.128424, 36.550891], [138.115397, 36.54193], [138.102327, 36.539566], [138.088602, 36.540971], [138.081327, 36.543948], [138.069164, 36.54167], [138.066297, 36.539905], [138.056472, 36.542609], [138.046263, 36.539709], [138.042242, 36.52621], [138.043926, 36.519685], [138.039323, 36.516459], [138.035105, 36.510902], [138.031426, 36.500767], [138.029629, 36.490713], [138.039119, 36.487779], [138.033371, 36.484908], [138.021246, 36.484078], [138.009328, 36.479156], [138.005538, 36.480093], [137.995373, 36.472138], [137.98437, 36.466786], [137.977122, 36.460702], [137.96842, 36.461356], [137.963592, 36.463468], [137.959355, 36.46792], [137.956481, 36.475471], [137.950996, 36.479721], [137.953221, 36.484979], [137.957029, 36.490249]], [[138.10276361, 36.71137111], [138.10307833, 36.71137722], [138.10325667, 36.71140084], [138.10354583, 36.71149973], [138.10362694, 36.71156667], [138.10364501, 36.71167333], [138.10363695, 36.71178222], [138.10360917, 36.71181972], [138.10358139, 36.7118475], [138.10353195, 36.71186917], [138.10345861, 36.71188916], [138.10336361, 36.711905], [138.10324861, 36.71192278], [138.10304083, 36.71192083], [138.10290806, 36.71190889], [138.10277638, 36.71188194], [138.10261611, 36.71185833], [138.10247139, 36.71184833], [138.10232278, 36.71184055], [138.10219806, 36.71185445], [138.10212277, 36.71186222], [138.10204166, 36.71187806], [138.10194861, 36.71190194], [138.10185139, 36.71190972], [138.10178028, 36.71190194], [138.10171084, 36.71186416], [138.10166528, 36.71181667], [138.10165722, 36.71178305], [138.10167916, 36.71170584], [138.10181389, 36.71156362], [138.10193278, 36.7114725], [138.10208917, 36.71140333], [138.10213277, 36.71137139], [138.10247833, 36.71136333], [138.10276361, 36.71137111]], [[138.04512028, 36.57217111], [138.04536444, 36.57227222], [138.04546222, 36.57228694], [138.04549167, 36.57231333], [138.04574806, 36.5725425], [138.04583167, 36.57340056], [138.04528667, 36.57361806], [138.04494583, 36.57349556], [138.04463833, 36.57348444], [138.044415, 36.57343333], [138.04421361, 36.5733675], [138.04413694, 36.57331361], [138.04380222, 36.57312778], [138.04327917, 36.57281806], [138.04317444, 36.57272833], [138.04307, 36.57260444], [138.04296528, 36.57246389], [138.04291694, 36.57235111], [138.042875, 36.57220472], [138.04282611, 36.57156306], [138.04286806, 36.57119139], [138.04293083, 36.57069611], [138.04294472, 36.57023472], [138.04291694, 36.57007139], [138.04282611, 36.56988], [138.0427075, 36.56971667], [138.042575, 36.56955889], [138.042345, 36.56933389], [138.04189861, 36.56897917], [138.04168944, 36.56883278], [138.04148722, 36.568675], [138.04131972, 36.5685625], [138.04082472, 36.56824722], [138.04025972, 36.5679375], [138.04003, 36.56783639], [138.03986944, 36.56780806], [138.03975778, 36.56779694], [138.03927667, 36.56779694], [138.03913028, 36.56783056], [138.03901167, 36.56788139], [138.03891417, 36.56799944], [138.03881639, 36.56821917], [138.0388375, 36.56826917], [138.03801639, 36.56924167], [138.03778389, 36.5695175], [138.03738417, 36.56968444], [138.0361925, 36.56979333], [138.03606167, 36.56973528], [138.03474667, 36.56905306], [138.03437667, 36.56881722], [138.03434, 36.56869722], [138.03434, 36.56835611], [138.03437611, 36.56792778], [138.03429056, 36.567515], [138.03397, 36.56759944], [138.03351667, 36.56775167], [138.03341194, 36.56779083], [138.03304944, 36.56790361], [138.03268694, 36.56797667], [138.032415, 36.56806111], [138.03220583, 36.56816778], [138.03208028, 36.56827472], [138.0320175, 36.5683875], [138.0319825, 36.56851139], [138.0319825, 36.56878167], [138.03201056, 36.56893917], [138.03206639, 36.5691025], [138.03215, 36.56924889], [138.03223361, 36.56934444], [138.03240806, 36.56960917], [138.03246389, 36.56972167], [138.032475, 36.56977167], [138.03249861, 36.56987944], [138.03249167, 36.57001444], [138.03242194, 36.57014972], [138.03231028, 36.57027917], [138.03217083, 36.57037472], [138.03177333, 36.57056028], [138.03164778, 36.57059417], [138.03136194, 36.57062778], [138.031055, 36.57062778], [138.03083194, 36.57063361], [138.03066444, 36.57066722], [138.03044833, 36.57067861], [138.03038556, 36.57066167], [138.03019722, 36.57065028], [138.03003, 36.57060528], [138.02981361, 36.57057167], [138.02963944, 36.57052083], [138.02927, 36.57049278], [138.0291375, 36.57046472], [138.02886556, 36.57036333], [138.02873306, 36.57028444], [138.0283425, 36.56997472], [138.02789611, 36.56956389], [138.02766611, 36.5693725], [138.02756833, 36.56932167], [138.02739417, 36.56928806], [138.02715, 36.56928806], [138.02706639, 36.56931056], [138.02689194, 36.569395], [138.02673139, 36.56951861], [138.02665472, 36.56960306], [138.02656444, 36.569755], [138.02637611, 36.57035167], [138.02636917, 36.57058806], [138.02638722, 36.57072694], [138.02641111, 36.57090917], [138.0265225, 36.57126389], [138.02653667, 36.57175361], [138.02657806, 36.571855], [138.02656417, 36.57195611], [138.02648778, 36.5720575], [138.02632722, 36.57218667], [138.02618778, 36.57226556], [138.02608333, 36.57229361], [138.02587389, 36.572305], [138.02580417, 36.57231639], [138.02574139, 36.57236694], [138.02570667, 36.57242333], [138.02550444, 36.5724175], [138.02521833, 36.5723725], [138.02479306, 36.57227694], [138.02457, 36.57210222], [138.02447222, 36.57205722], [138.02434667, 36.57196722], [138.02422806, 36.57189972], [138.02389333, 36.57175333], [138.02348222, 36.57155611], [138.02345444, 36.57155056], [138.02309167, 36.57141556], [138.02272222, 36.57131972], [138.02192694, 36.57131417], [138.02157833, 36.57133667], [138.02116694, 36.57139833], [138.02080417, 36.57147139], [138.02049083, 36.57155583], [138.020135, 36.57168556], [138.02000944, 36.5717475], [138.01984222, 36.57192194], [138.019605, 36.57205139], [138.01932611, 36.57222028], [138.01927722, 36.57228222], [138.01924944, 36.57239472], [138.01919361, 36.57249611], [138.01914472, 36.57252417], [138.01899833, 36.57256944], [138.01879611, 36.5726425], [138.01868444, 36.57271556], [138.01857611, 36.57281639], [138.01848944, 36.57290194], [138.01837472, 36.57298], [138.01825583, 36.57300861], [138.0181325, 36.57290667], [138.017385, 36.57275222], [138.01666333, 36.5724775], [138.01651722, 36.57232278], [138.01598417, 36.5721425], [138.01531389, 36.57201389], [138.01460944, 36.57190222], [138.01362139, 36.57164444], [138.01303694, 36.57142111], [138.01248694, 36.57110361], [138.01212972, 36.57097], [138.01198333, 36.57093611], [138.01180917, 36.57088556], [138.01175333, 36.57085722], [138.0116975, 36.57085167], [138.01148833, 36.57074472], [138.01114667, 36.570525], [138.01085361, 36.57027167], [138.01051194, 36.56990583], [138.00952889, 36.56866167], [138.00927778, 36.568335], [138.00914528, 36.5681325], [138.00906861, 36.56794667], [138.00880361, 36.5674625], [138.00874778, 36.56731056], [138.00876167, 36.56711917], [138.00876861, 36.56687139], [138.00872, 36.56671361], [138.00861528, 36.56648278], [138.00848278, 36.56625778], [138.00781361, 36.5652275], [138.00771583, 36.56509806], [138.00763222, 36.56499667], [138.00709667, 36.56459806], [138.00700472, 36.56452944], [138.00519861, 36.56309361], [138.00501722, 36.56300361], [138.00478028, 36.56292472], [138.00459889, 36.56291917], [138.00395028, 36.56298111], [138.00350389, 36.56304861], [138.00274417, 36.563195], [138.00206056, 36.56333556], [138.00184444, 36.5633975], [138.00093083, 36.56384778], [138.00052639, 36.56402806], [137.99993361, 36.56427583], [137.9995225, 36.56446722], [137.99858806, 36.56492889], [137.99757667, 36.56545194], [137.99738139, 36.56557028], [137.997235, 36.56566028], [137.99683056, 36.5653775], [137.99690028, 36.565305], [137.99701194, 36.56517611], [137.99715139, 36.56499056], [137.99792556, 36.56433194], [137.99811361, 36.56418556], [137.9997525, 36.56311028], [137.99986417, 36.56307667], [138.00017222, 36.56288083], [138.0010625, 36.56237889], [138.00173, 36.56207444], [138.00236944, 36.56183], [138.00237833, 36.56182667], [138.00276639, 36.56171861], [138.00309056, 36.56168056], [138.00345889, 36.56167417], [138.0037325, 36.56169972], [138.00401222, 36.56175056], [138.00429194, 36.56177583], [138.00452417, 36.56182194], [138.00473417, 36.56187917], [138.00495028, 36.5620125], [138.00516, 36.56215861], [138.00528083, 36.56223472], [138.0054525, 36.56232361], [138.00579556, 36.56262861], [138.00590361, 36.56271111], [138.00604333, 36.5627175], [138.00620889, 36.56273028], [138.00644389, 36.56283806], [138.00668556, 36.56293972], [138.00687639, 36.56300972], [138.00705444, 36.56312389], [138.00716889, 36.56320639], [138.00735944, 36.56325111], [138.00772528, 36.56359639], [138.00807472, 36.56386972], [138.00831611, 36.56407917], [138.00850694, 36.56418083], [138.00863417, 36.56431417], [138.00881194, 36.56446028], [138.00893917, 36.56465083], [138.00910444, 36.564905], [138.00927611, 36.56509556], [138.0094225, 36.56524139], [138.00965806, 36.5657175], [138.00987417, 36.56618111], [138.01016028, 36.56670194], [138.01032361, 36.566905], [138.01060944, 36.56713583], [138.01094417, 36.56745722], [138.01141167, 36.56782861], [138.01147444, 36.5679075], [138.01157194, 36.56813833], [138.01170444, 36.56835222], [138.01185083, 36.56853806], [138.01253417, 36.56908972], [138.0135175, 36.56978778], [138.01380333, 36.56995111], [138.01399861, 36.5700975], [138.01411722, 36.57023278], [138.01422167, 36.57045222], [138.01427056, 36.57049167], [138.01431944, 36.57052528], [138.01466806, 36.57067167], [138.01492611, 36.57076194], [138.01518361, 36.57084], [138.01623194, 36.57093833], [138.0171825, 36.57097194], [138.01831167, 36.57094972], [138.01833389, 36.57082694], [138.01853528, 36.57079333], [138.01856889, 36.57087139], [138.01901611, 36.57082694], [138.01983222, 36.57058111], [138.02071528, 36.57010111], [138.02120889, 36.56978833], [138.02124361, 36.56976583], [138.02134833, 36.56973778], [138.02161333, 36.56973222], [138.02201083, 36.56976583], [138.02219194, 36.56979972], [138.02242917, 36.56989556], [138.02297306, 36.5701375], [138.02338472, 36.57036833], [138.02447222, 36.57095944], [138.0247025, 36.57106083], [138.02486278, 36.57111139], [138.02503028, 36.57111167], [138.02514167, 36.57106111], [138.02522556, 36.57100472], [138.02544861, 36.57073444], [138.02547639, 36.57066694], [138.02547972, 36.57055], [138.02549056, 36.57016028], [138.02552528, 36.57005333], [138.02565083, 36.56987306], [138.02604139, 36.56949028], [138.02611806, 36.56937222], [138.02620889, 36.56916944], [138.0262925, 36.56895583], [138.026425, 36.56873611], [138.0265, 36.56856861], [138.02654361, 36.56847167], [138.02660639, 36.56839278], [138.02667611, 36.56835333], [138.02693389, 36.56824639], [138.02712194, 36.56821278], [138.02748472, 36.56820694], [138.02818917, 36.56825778], [138.02856556, 36.56827444], [138.02874694, 36.56830833], [138.02890028, 36.56839278], [138.02897028, 36.56849972], [138.02901889, 36.56862361], [138.02907472, 36.56894444], [138.02913056, 36.56911917], [138.02918639, 36.56924861], [138.029305, 36.56945111], [138.02940944, 36.56969889], [138.02947917, 36.56976639], [138.02959083, 36.56982833], [138.02977194, 36.56987917], [138.03009278, 36.56992417], [138.03054583, 36.56992417], [138.03060861, 36.56990722], [138.03073417, 36.56985083], [138.03093639, 36.56972167], [138.03104806, 36.56962611], [138.03120861, 36.56938389], [138.03131306, 36.56925444], [138.03147361, 36.56884917], [138.03150139, 36.56870833], [138.03156417, 36.5684775], [138.03162, 36.5683425], [138.03175944, 36.56813417], [138.03210806, 36.56777417], [138.03215694, 36.56774583], [138.03230333, 36.56769528], [138.03270778, 36.56758833], [138.03297944, 36.56753194], [138.03311194, 36.567515], [138.03338417, 36.56746444], [138.03370472, 36.56739111], [138.03406056, 36.56731806], [138.03438833, 36.56727861], [138.03454167, 36.56727861], [138.03484167, 36.56728444], [138.03535083, 36.56732972], [138.03547611, 36.56736333], [138.03556694, 36.56741417], [138.03563667, 36.56748167], [138.03575528, 36.567645], [138.03588083, 36.56776833], [138.03597139, 36.56784722], [138.03608306, 36.56789806], [138.03627083, 36.56801611], [138.03638944, 36.56805556], [138.03661278, 36.56805028], [138.03673833, 36.56802778], [138.03685667, 36.56797694], [138.03691944, 36.5679375], [138.03708694, 36.56779111], [138.0372125, 36.5677125], [138.03744944, 36.56760556], [138.03790278, 36.56737472], [138.03821667, 36.56723944], [138.03836306, 36.56714944], [138.03882333, 36.566975], [138.03898389, 36.56693556], [138.03932556, 36.56690167], [138.03954167, 36.56691889], [138.03979972, 36.56700333], [138.04070611, 36.56699778], [138.04085944, 36.56703139], [138.04099194, 36.56708778], [138.04107583, 36.56717778], [138.04114556, 36.56734111], [138.041285, 36.56747611], [138.04136167, 36.56750444], [138.04145917, 36.56752139], [138.04157778, 36.5675775], [138.04184972, 36.56780278], [138.04189167, 36.56782528], [138.04205889, 36.56795472], [138.04214278, 36.56799417], [138.04229611, 36.56798306], [138.04235194, 36.56796611], [138.04255417, 36.56787583], [138.04265167, 36.56782528], [138.04277222, 36.56778833], [138.04274944, 36.56781972], [138.04267972, 36.56788167], [138.04256111, 36.56801667], [138.04254722, 36.56807306], [138.04256806, 36.56824167], [138.04254722, 36.56843306], [138.042575, 36.56863583], [138.04262389, 36.56874278], [138.0427075, 36.56887778], [138.04295861, 36.56922111], [138.04301444, 36.5693], [138.04309111, 36.56944639], [138.04332833, 36.56979556], [138.04343278, 36.56993056], [138.04357917, 36.57026833], [138.04360694, 36.57051056], [138.04362778, 36.570595], [138.04368361, 36.5707075], [138.04417194, 36.57118028], [138.04427639, 36.57130972], [138.04446472, 36.57160806], [138.04454833, 36.571715], [138.04489722, 36.57203028], [138.04496694, 36.57208667], [138.04512028, 36.57217111]], [[138.01568112, 36.49525667], [138.01511027, 36.49534111], [138.01506834, 36.49534111], [138.01517973, 36.49493583], [138.01531223, 36.49437278], [138.01531223, 36.49435028], [138.01546555, 36.49436722], [138.01564666, 36.49440667], [138.01573028, 36.49441222], [138.015925, 36.49444028], [138.01623139, 36.49447417], [138.01634306, 36.49449667], [138.01640555, 36.49453611], [138.01649611, 36.49466], [138.01655194, 36.4947725], [138.01657972, 36.49487945], [138.01653111, 36.49504833], [138.01648223, 36.49509917], [138.01628028, 36.49522306], [138.01622444, 36.49523972], [138.01568112, 36.49525667]]], [[[138.00245806, 36.56260389], [138.00217222, 36.56273333], [138.00188639, 36.56289083], [138.00177472, 36.56298083], [138.001705, 36.56311028], [138.00169111, 36.56317778], [138.00180278, 36.56317222], [138.00206056, 36.56308222], [138.00224194, 36.56304278], [138.00289722, 36.56294167], [138.00327389, 36.56285722], [138.00365056, 36.56276167], [138.00388056, 36.56272778], [138.00406194, 36.56267139], [138.00412472, 36.56263778], [138.00417361, 36.56259278], [138.00417361, 36.56260389], [138.00418056, 36.56255333], [138.00413167, 36.56250833], [138.00404806, 36.56245194], [138.00385972, 36.56240694], [138.00369917, 36.56238444], [138.00328778, 36.56238444], [138.00303667, 36.56242389], [138.00271611, 36.56250833], [138.00245806, 36.56260389]]]]}, "properties": {"N03_001": "長野県", "N03_002": null, "N03_003": null, "N03_004": "長野市", "N03_005": null, "N03_007": "20201"}}, {"type": "Feature", "geometry": {"type": "Polygon", "coordinates": [[[137.658797, 36.337353], [137.670495, 36.336865], [137.680884, 36.337972], [137.685591, 36.345549], [137.687571, 36.355697], [137.69286, 36.362696], [137.701014, 36.365004], [137.706477, 36.361629], [137.715125, 36.353469], [137.718788, 36.353733], [137.72698, 36.342056], [137.725517, 36.339479], [137.728088, 36.333515], [137.728089, 36.320886], [137.721362, 36.305068], [137.721008, 36.296467], [137.725682, 36.287652], [137.733113, 36.286033], [137.740376, 36.281677], [137.744648, 36.275211], [137.749458, 36.274585], [137.76392, 36.275298], [137.767455, 36.277033], [137.782293, 36.276233], [137.78816, 36.283703], [137.793329, 36.282838], [137.796811, 36.275683], [137.795337, 36.270149], [137.798205, 36.266442], [137.79785, 36.259733], [137.789129, 36.249532], [137.788125, 36.243075], [137.794036, 36.241167], [137.800703, 36.24296], [137.811111, 36.242685], [137.817164, 36.240521], [137.823136, 36.246588], [137.832692, 36.246284], [137.846787, 36.239381], [137.866424, 36.237357], [137.866747, 36.239279], [137.876438, 36.238626], [137.883242, 36.239481], [137.885369, 36.242899], [137.899355, 36.243979], [137.911467, 36.246891], [137.918262, 36.246391], [137.92974, 36.259753], [137.937421, 36.273891], [137.943306, 36.279097], [137.944557, 36.287871], [137.95038, 36.289108], [137.955902, 36.29448], [137.972431, 36.298984], [137.978072, 36.30502], [137.97687, 36.310723], [137.969488, 36.317745], [137.958299, 36.317215], [137.954803, 36.322391], [137.947829, 36.324261], [137.947626, 36.33075], [137.952958, 36.331273], [137.957509, 36.340566], [137.953323, 36.344035], [137.956055, 36.359194], [137.960067, 36.363921], [137.968767, 36.364075], [137.972025, 36.370669], [137.980294, 36.376028], [137.991502, 36.376737], [137.996545, 36.376763], [137.998979, 36.371226], [138.007663, 36.371612], [138.010632, 36.36786], [138.014234, 36.372495], [138.019977, 36.375741], [138.026324, 36.374685], [138.032178, 36.377085], [138.047675, 36.376791], [138.051668, 36.379441], [138.061943, 36.375199], [138.069185, 36.374202], [138.071893, 36.370655], [138.079199, 36.372112], [138.076148, 36.367079], [138.078005, 36.36088], [138.071908, 36.354528], [138.066668, 36.34528], [138.067824, 36.337217], [138.064423, 36.333482], [138.069271, 36.329932], [138.072186, 36.321847], [138.071007, 36.316545], [138.081004, 36.312331], [138.082504, 36.307641], [138.078326, 36.302393], [138.071618, 36.286685], [138.074739, 36.27553], [138.072928, 36.272732], [138.079007, 36.267352], [138.082801, 36.26178], [138.078296, 36.256283], [138.079116, 36.251117], [138.090243, 36.243621], [138.092481, 36.237185], [138.102455, 36.236544], [138.105685, 36.233503], [138.104755, 36.229593], [138.10708, 36.225986], [138.111704, 36.225383], [138.116905, 36.219023], [138.119813, 36.218701], [138.129338, 36.211708], [138.12947, 36.20775], [138.125783, 36.20078], [138.127733, 36.196741], [138.12617, 36.183561], [138.131238, 36.176735], [138.127279, 36.172903], [138.127833, 36.166483], [138.121048, 36.162704], [138.118529, 36.164017], [138.108177, 36.162392], [138.104049, 36.163918], [138.092751, 36.160462], [138.088333, 36.157491], [138.077885, 36.156769], [138.071709, 36.162105], [138.066909, 36.161492], [138.060051, 36.164315], [138.059331, 36.166666], [138.059306, 36.166734], [138.05915, 36.16726], [138.0587, 36.167926], [138.058292, 36.167954], [138.057841, 36.167928], [138.057471, 36.167746], [138.057357, 36.167715], [138.056968, 36.167763], [138.056788, 36.167802], [138.056156, 36.168006], [138.05587, 36.168139], [138.0556, 36.168273], [138.055411, 36.168347], [138.055061, 36.16843], [138.054476, 36.168485], [138.054268, 36.168457], [138.053649, 36.168201], [138.053163, 36.167957], [138.052797, 36.167731], [138.052454, 36.167359], [138.052169, 36.166877], [138.052044, 36.166667], [138.052044, 36.166666], [138.04552, 36.161288], [138.045864, 36.15448], [138.042348, 36.148127], [138.030377, 36.148103], [138.023581, 36.151007], [138.013894, 36.152296], [137.999169, 36.152972], [137.987913, 36.157657], [137.979324, 36.158429], [137.971394, 36.147292], [137.9689, 36.150227], [137.967292, 36.166666], [137.967291, 36.166667], [137.967142, 36.169857], [137.966669, 36.170899], [137.966637, 36.170943], [137.965973, 36.171187], [137.96457, 36.171722], [137.964503, 36.171491], [137.964222, 36.171562], [137.964104, 36.17179], [137.962316, 36.171738], [137.962075, 36.171726], [137.961617, 36.171695], [137.961359, 36.171677], [137.960964, 36.171644], [137.958581, 36.171504], [137.958187, 36.171293], [137.957752, 36.17118], [137.956754, 36.171258], [137.955681, 36.17163], [137.955163, 36.171384], [137.954824, 36.171306], [137.953727, 36.171165], [137.95162, 36.170947], [137.948815, 36.170603], [137.947469, 36.170463], [137.947007, 36.169264], [137.947204, 36.168222], [137.946767, 36.166666], [137.940739, 36.152283], [137.927763, 36.143726], [137.92429, 36.144784], [137.931688, 36.159484], [137.929875, 36.162582], [137.924135, 36.164111], [137.917224, 36.158799], [137.914678, 36.154769], [137.919641, 36.153554], [137.917401, 36.14839], [137.910318, 36.147196], [137.901684, 36.13937], [137.89387, 36.130727], [137.88591, 36.134302], [137.892269, 36.140506], [137.884624, 36.146537], [137.891546, 36.156942], [137.89403, 36.166666], [137.89403, 36.166667], [137.894154, 36.168292], [137.894312, 36.168632], [137.895285, 36.170413], [137.895483, 36.170702], [137.895725, 36.170726], [137.897561, 36.171598], [137.9, 36.173703], [137.900002, 36.173705], [137.90166, 36.174381], [137.901733, 36.174506], [137.901525, 36.174853], [137.901231, 36.174916], [137.900887, 36.175092], [137.900506, 36.175615], [137.900518, 36.176365], [137.900307, 36.177307], [137.899515, 36.177441], [137.899627, 36.177864], [137.899607, 36.178271], [137.898807, 36.178582], [137.898953, 36.179074], [137.899132, 36.179256], [137.899077, 36.179728], [137.899073, 36.180266], [137.898635, 36.180509], [137.898375, 36.181014], [137.898346, 36.181172], [137.89836, 36.18216], [137.898366, 36.182348], [137.897721, 36.183333], [137.897379, 36.183746], [137.897686, 36.183911], [137.898148, 36.184585], [137.897891, 36.184737], [137.89737, 36.18475], [137.897204, 36.185109], [137.897477, 36.187029], [137.897522, 36.18765], [137.897607, 36.188068], [137.897323, 36.188089], [137.89712, 36.188228], [137.89712, 36.188448], [137.895027, 36.18861], [137.894941, 36.18854], [137.894887, 36.188243], [137.894202, 36.18809], [137.892876, 36.18787], [137.891667, 36.187954], [137.890512, 36.188014], [137.890426, 36.19021], [137.890151, 36.190307], [137.888248, 36.189984], [137.886502, 36.189729], [137.883604, 36.189313], [137.883336, 36.189263], [137.881903, 36.188996], [137.881598, 36.188688], [137.877569, 36.187222], [137.875811, 36.186811], [137.875002, 36.186611], [137.870422, 36.184189], [137.86989, 36.183881], [137.869223, 36.183535], [137.868671, 36.18328], [137.867359, 36.182556], [137.866152, 36.181946], [137.86558, 36.181472], [137.864559, 36.180772], [137.863999, 36.18045], [137.86355, 36.18036], [137.862757, 36.180105], [137.862137, 36.179874], [137.861065, 36.17957], [137.860791, 36.179485], [137.860095, 36.179337], [137.859713, 36.179243], [137.859403, 36.179177], [137.858738, 36.179045], [137.858333, 36.178915], [137.857496, 36.178467], [137.857263, 36.178339], [137.856405, 36.177682], [137.855641, 36.177138], [137.853809, 36.175761], [137.853214, 36.175354], [137.852726, 36.174999], [137.85248, 36.174781], [137.851961, 36.174346], [137.851704, 36.174123], [137.851203, 36.173782], [137.8508, 36.173574], [137.850002, 36.173229], [137.849902, 36.173181], [137.847854, 36.171918], [137.847473, 36.171608], [137.847134, 36.171307], [137.846536, 36.170763], [137.846344, 36.170593], [137.845964, 36.170219], [137.845871, 36.170025], [137.845731, 36.16985], [137.845352, 36.169008], [137.845281, 36.168883], [137.84485, 36.168285], [137.844502, 36.167845], [137.844425, 36.167706], [137.844178, 36.167218], [137.844124, 36.167065], [137.844098, 36.166667], [137.844098, 36.166666], [137.83985, 36.161213], [137.829987, 36.159585], [137.823673, 36.154532], [137.814445, 36.150765], [137.810813, 36.145281], [137.807954, 36.141182], [137.800644, 36.136792], [137.79436, 36.129682], [137.791108, 36.122046], [137.787493, 36.11838], [137.78554, 36.110982], [137.780127, 36.104777], [137.777988, 36.099431], [137.770547, 36.095131], [137.763509, 36.088185], [137.754639, 36.086546], [137.74711, 36.081346], [137.742184, 36.073222], [137.735711, 36.069555], [137.736595, 36.061803], [137.73528, 36.055676], [137.737061, 36.047837], [137.731448, 36.044144], [137.728734, 36.038257], [137.722804, 36.03414], [137.719803, 36.026368], [137.709524, 36.016515], [137.708113, 36.012375], [137.703821, 36.010116], [137.6976, 36.01088], [137.695545, 36.014566], [137.689413, 36.014472], [137.681547, 36.016778], [137.668219, 36.010445], [137.657205, 36.013416], [137.653828, 36.019032], [137.646908, 36.020412], [137.633142, 36.026769], [137.621637, 36.021938], [137.619025, 36.019243], [137.612938, 36.01842], [137.607192, 36.025346], [137.599494, 36.025936], [137.600224, 36.028571], [137.598259, 36.037517], [137.598325, 36.043189], [137.605423, 36.048686], [137.606971, 36.055831], [137.613723, 36.059617], [137.6146, 36.063129], [137.610909, 36.067571], [137.611656, 36.073437], [137.608225, 36.077932], [137.596814, 36.075841], [137.59279, 36.080945], [137.582567, 36.085429], [137.577719, 36.085319], [137.572349, 36.088592], [137.567544, 36.097023], [137.562963, 36.098417], [137.550858, 36.109875], [137.552039, 36.116713], [137.556892, 36.117833], [137.556916, 36.121467], [137.560467, 36.130471], [137.554712, 36.13766], [137.559749, 36.144494], [137.568044, 36.148172], [137.567893, 36.153376], [137.577743, 36.159524], [137.583144, 36.160175], [137.591222, 36.164117], [137.59203, 36.169527], [137.595064, 36.172048], [137.591157, 36.178353], [137.591122, 36.186267], [137.595175, 36.19035], [137.581043, 36.19531], [137.575118, 36.203885], [137.573521, 36.21104], [137.576054, 36.214328], [137.57298, 36.218411], [137.583025, 36.220396], [137.583669, 36.22721], [137.589679, 36.228603], [137.591343, 36.234355], [137.595612, 36.237431], [137.59635, 36.242976], [137.605923, 36.248787], [137.606999, 36.253116], [137.612621, 36.257412], [137.614719, 36.262927], [137.620924, 36.266675], [137.626353, 36.272199], [137.628798, 36.278366], [137.647821, 36.289052], [137.646859, 36.296452], [137.653057, 36.304675], [137.648901, 36.308913], [137.651439, 36.317086], [137.650674, 36.327398], [137.646366, 36.330232], [137.645607, 36.341261], [137.658797, 36.337353]], [[138.01660028, 36.26155083], [138.01675306, 36.26165223], [138.01713555, 36.26212528], [138.01737167, 36.26236167], [138.01748972, 36.26251362], [138.01752028, 36.26273555], [138.01753139, 36.26281778], [138.01746889, 36.26299222], [138.0173925, 36.26304306], [138.01719778, 36.2631275], [138.01695444, 36.2633075], [138.01671111, 36.26350444], [138.01648889, 36.26363389], [138.01631528, 36.26369], [138.01611361, 36.26368444], [138.0160025, 36.26365083], [138.01589111, 36.2636], [138.01578, 36.26351], [138.01572445, 36.26343667], [138.01569639, 36.26338611], [138.01541834, 36.26319472], [138.01530722, 36.26314972], [138.01508472, 36.26310444], [138.01493889, 36.26307084], [138.01467472, 36.26308194], [138.01441056, 36.26305389], [138.01429916, 36.26303694], [138.01396556, 36.26303694], [138.01322889, 36.26314972], [138.01304805, 36.26315527], [138.01295083, 36.26313834], [138.01292833, 36.26311083], [138.01293, 36.26304834], [138.01301334, 36.26292444], [138.01329139, 36.26270472], [138.01335416, 36.26262028], [138.01335416, 36.26257528], [138.01330528, 36.26252472], [138.01317333, 36.26249083], [138.01311778, 36.26245722], [138.01309695, 36.26242888], [138.01310361, 36.26242222], [138.01326361, 36.26226556], [138.01329139, 36.26222056], [138.01329833, 36.262125], [138.01324278, 36.26205166], [138.01291612, 36.26187166], [138.01286056, 36.26181528], [138.01282556, 36.26173083], [138.01282556, 36.261635], [138.01284666, 36.26157889], [138.01295778, 36.26141583], [138.01313167, 36.2612075], [138.01326361, 36.26099917], [138.0132775, 36.26086972], [138.01331223, 36.26083584], [138.01331223, 36.26082472], [138.01338194, 36.26093167], [138.01345833, 36.26114556], [138.01347222, 36.26115667], [138.01347916, 36.26119611], [138.01353472, 36.2612975], [138.01362528, 36.26139333], [138.0138475, 36.26148333], [138.0142925, 36.26162416], [138.01450112, 36.26166916], [138.0147025, 36.26169166], [138.01489694, 36.26170306], [138.01520305, 36.26175916], [138.01524472, 36.26177611], [138.01532112, 36.2617875], [138.01546028, 36.26177056], [138.0155575, 36.26173111], [138.01557833, 36.26167473], [138.01541834, 36.26146639], [138.01534888, 36.26137639], [138.01532112, 36.2612975], [138.01525861, 36.26103861], [138.01521, 36.26088084], [138.01519611, 36.26079084], [138.01532112, 36.26081889], [138.01548805, 36.26081334], [138.0155575, 36.26079084], [138.01561306, 36.2607175], [138.01561306, 36.26062195], [138.0155575, 36.26045334], [138.01556445, 36.26041945], [138.01559917, 36.26038584], [138.01577306, 36.26038584], [138.01587028, 36.26035194], [138.015905, 36.26045334], [138.01593972, 36.26051527], [138.01597444, 36.26054334], [138.01604417, 36.26054889], [138.01628056, 36.26091472], [138.01644723, 36.26107222], [138.01646806, 36.26114], [138.016475, 36.26130306], [138.01652389, 36.26146083], [138.01660028, 36.26155083]], [[137.67426611, 36.15493194], [137.67423139, 36.15464472], [137.67423139, 36.1543575], [137.67429389, 36.15425611], [137.67448806, 36.15405333], [137.67467555, 36.15397473], [137.67489723, 36.1538], [137.67506361, 36.15362556], [137.67511917, 36.15343389], [137.67518167, 36.15331584], [137.67529278, 36.15325389], [137.67596555, 36.15295], [137.67630555, 36.15274722], [137.67668722, 36.15252195], [137.67669584, 36.15251584], [137.676805, 36.1524375], [137.67691612, 36.15234166], [137.67711722, 36.15205472], [137.6773325, 36.15185194], [137.67756833, 36.15168861], [137.67781806, 36.15154806], [137.67795695, 36.15153111], [137.6782825, 36.1515425], [137.67858778, 36.15157611], [137.67873361, 36.15160444], [137.67908055, 36.15161], [137.67944806, 36.15157056], [137.67971888, 36.15153667], [137.67987834, 36.15140722], [137.6800725, 36.1511875], [137.68026694, 36.15087223], [137.68039167, 36.15062444], [137.68042639, 36.15047806], [137.68043333, 36.15009527], [137.68053055, 36.149825], [137.68055138, 36.14970112], [137.68060694, 36.14945917], [137.68061389, 36.14938583], [137.68055138, 36.14931833], [137.68050972, 36.14923945], [137.68045416, 36.14894666], [137.68040555, 36.14876083], [137.68036389, 36.148305], [137.68029472, 36.14820361], [137.68017667, 36.14810777], [137.68006556, 36.14804583], [137.67973278, 36.14778111], [137.67952444, 36.14766861], [137.67946194, 36.14769111], [137.67944806, 36.14770805], [137.67940667, 36.14777555], [137.67930945, 36.1478375], [137.6791775, 36.14789389], [137.67908055, 36.14794445], [137.67895555, 36.14800084], [137.67878222, 36.14800611], [137.67847028, 36.147995], [137.67823444, 36.14811305], [137.67781111, 36.14812445], [137.67776945, 36.14811305], [137.67762389, 36.14804555], [137.67740167, 36.14804555], [137.67718667, 36.1480625], [137.677145, 36.14804555], [137.67694388, 36.14787667], [137.67676361, 36.14771333], [137.67672889, 36.14766833], [137.67661778, 36.14742639], [137.67642361, 36.14709972], [137.67638194, 36.14704916], [137.67634028, 36.14696472], [137.67633333, 36.14689139], [137.67628472, 36.14679584], [137.67628472, 36.14679], [137.67622945, 36.14677305], [137.67625694, 36.14672805], [137.67628472, 36.14668305], [137.67640278, 36.14671694], [137.67647917, 36.14677889], [137.67659, 36.14689694], [137.676715, 36.14712806], [137.67681889, 36.14724611], [137.67693695, 36.14731944], [137.67702722, 36.14734194], [137.67741555, 36.14737583], [137.67749889, 36.14739833], [137.67774167, 36.14749972], [137.67792222, 36.14755028], [137.6781025, 36.14755028], [137.67851889, 36.14739833], [137.6786575, 36.14737], [137.67886555, 36.14735889], [137.67905277, 36.14733639], [137.67911528, 36.14727444], [137.6790875, 36.14720666], [137.678935, 36.14702666], [137.6788725, 36.14690278], [137.67881028, 36.14658722], [137.6787825, 36.14650278], [137.67869917, 36.14636778], [137.6783175, 36.1460525], [137.67822056, 36.14595666], [137.67812334, 36.14579361], [137.67808166, 36.14566416], [137.67801917, 36.14537694], [137.67787361, 36.14501639], [137.67784583, 36.14474055], [137.67780416, 36.14459972], [137.67774167, 36.14446472], [137.67766555, 36.14427306], [137.67755445, 36.14404778], [137.67753362, 36.14396334], [137.67749889, 36.14383389], [137.67724917, 36.14326528], [137.67713139, 36.14310778], [137.67714889, 36.14300362], [137.67716611, 36.14289945], [137.67757528, 36.142905], [137.67766555, 36.14294445], [137.67774861, 36.14300083], [137.67794305, 36.14319778], [137.67799139, 36.14327667], [137.67799139, 36.14344], [137.67796389, 36.1435525], [137.67795, 36.14368222], [137.67800528, 36.1438225], [137.6781025, 36.14398028], [137.67821361, 36.14409861], [137.67849805, 36.14434083], [137.67855361, 36.14443083], [137.67856028, 36.14453222], [137.67861583, 36.14466722], [137.67874278, 36.14481166], [137.67875472, 36.144825], [137.678845, 36.1449375], [137.6788725, 36.14510667], [137.67891416, 36.14522472], [137.67901833, 36.14537111], [137.67905306, 36.14544444], [137.67908084, 36.14560778], [137.67910861, 36.14568666], [137.679365, 36.14609195], [137.6795175, 36.14624945], [137.67980195, 36.14650278], [137.67992, 36.146655], [137.68003778, 36.1467675], [137.68026, 36.14690834], [137.68044028, 36.14702084], [137.68084972, 36.14735333], [137.68123805, 36.14764028], [137.68132139, 36.1477475], [137.68133527, 36.147815], [137.68127973, 36.14793889], [137.68127278, 36.14811333], [137.68125195, 36.14818111], [137.68109944, 36.14834444], [137.68105778, 36.14844], [137.68105778, 36.14854111], [137.68107861, 36.148575], [137.68112722, 36.14860861], [137.68123805, 36.14864806], [137.6813075, 36.14870444], [137.68140444, 36.14886223], [137.68148778, 36.14892973], [137.68158472, 36.14895778], [137.68173055, 36.14895778], [137.68189694, 36.14887916], [137.68219528, 36.14887333], [137.68249361, 36.14883973], [137.68279195, 36.14876666], [137.68290305, 36.14871028], [137.68301389, 36.14864278], [137.68308333, 36.14856973], [137.68323611, 36.14827111], [137.68332611, 36.14817527], [137.68339555, 36.14806277], [137.68343028, 36.14795584], [137.68343028, 36.14773055], [137.68347889, 36.14756167], [137.6835275, 36.14743194], [137.6835275, 36.14709972], [137.68349972, 36.14698195], [137.68349972, 36.14681861], [137.68357584, 36.14661584], [137.68360361, 36.14643], [137.68364528, 36.14633972], [137.68374528, 36.14617778], [137.68375639, 36.14615972], [137.68386028, 36.14608639], [137.68397834, 36.14604139], [137.68426278, 36.14599083], [137.68449861, 36.14592861], [137.68465139, 36.14585555], [137.68478306, 36.14579916], [137.68499111, 36.14574278], [137.68512278, 36.14574278], [137.68518528, 36.14575973], [137.68545583, 36.14588945], [137.68565695, 36.14597389], [137.68579583, 36.14597945], [137.68583056, 36.14596805], [137.68600389, 36.14583305], [137.68608722, 36.14581055], [137.68635084, 36.14579916], [137.68655194, 36.14575416], [137.68707944, 36.14572028], [137.68723889, 36.14566973], [137.68746778, 36.14556305], [137.68750945, 36.14553473], [137.68771055, 36.14543916], [137.68780084, 36.14537139], [137.68783555, 36.14530944], [137.68787028, 36.145225], [137.68795361, 36.14517444], [137.68823111, 36.1451125], [137.68832805, 36.1450675], [137.68841111, 36.14498306], [137.68841111, 36.14483084], [137.68847361, 36.14477472], [137.68857749, 36.14472944], [137.68877889, 36.14460555], [137.68886889, 36.14452111], [137.6889175, 36.14444222], [137.68896611, 36.14411], [137.68899389, 36.14404806], [137.68907723, 36.14400306], [137.6892575, 36.14399195], [137.68963222, 36.14398611], [137.69006917, 36.14400888], [137.69018028, 36.14399222], [137.69024972, 36.14393583], [137.69031222, 36.1438175], [137.69039528, 36.14351916], [137.69039528, 36.14334444], [137.69029139, 36.1431475], [137.69023583, 36.14302361], [137.69023583, 36.14287139], [137.69029833, 36.142635], [137.69031222, 36.14261805], [137.69033972, 36.14252805], [137.69034667, 36.14240417], [137.69031917, 36.14228583], [137.69022194, 36.14212806], [137.69006917, 36.14197611], [137.69003444, 36.14191417], [137.69002083, 36.14168916], [137.68997611, 36.14154972], [137.68997222, 36.14153722], [137.6899375, 36.14134], [137.68982639, 36.14125], [137.68977778, 36.14118222], [137.68979195, 36.14104722], [137.68977805, 36.14094028], [137.68975027, 36.14085], [137.68963944, 36.14072056], [137.6896325, 36.14066416], [137.689785, 36.14041083], [137.68983361, 36.14036583], [137.69003472, 36.14029806], [137.69013861, 36.1402475], [137.69020111, 36.1401575], [137.6902775, 36.1401125], [137.69056194, 36.14005611], [137.69067972, 36.14001111], [137.69079778, 36.13993222], [137.69088111, 36.13985361], [137.69095722, 36.13975777], [137.69105444, 36.13951584], [137.69113083, 36.13940861], [137.69116556, 36.13932417], [137.69122778, 36.13903139], [137.69123473, 36.13891889], [137.69124861, 36.13887361], [137.69139444, 36.13860334], [137.69147083, 36.13849084], [137.69163028, 36.13842334], [137.69182445, 36.13831055], [137.69204667, 36.13811917], [137.69211584, 36.13807444], [137.69222, 36.13795611], [137.69230333, 36.13791111], [137.69248361, 36.13786611], [137.69270556, 36.13786611], [137.69312194, 36.13793361], [137.6933925, 36.13794472], [137.69364889, 36.13798417], [137.69411388, 36.13800667], [137.69430805, 36.13796167], [137.69457167, 36.13786028], [137.69489777, 36.13774778], [137.69497416, 36.13770833], [137.69532778, 36.13759], [137.69543889, 36.13758445], [137.69562612, 36.13762389], [137.69579278, 36.13762945], [137.69607028, 36.13759], [137.69622972, 36.13757889], [137.69648639, 36.13753945], [137.69661806, 36.13751111], [137.69677778, 36.13750555], [137.69688167, 36.1375225], [137.69713139, 36.13751722], [137.69740195, 36.13748889], [137.69744361, 36.13746639], [137.69748528, 36.13744389], [137.69756167, 36.1373425], [137.69756861, 36.13724695], [137.6975825, 36.13721305], [137.69776972, 36.13705528], [137.69783223, 36.13696528], [137.69790167, 36.13677389], [137.69793639, 36.1367175], [137.69806111, 36.13663861], [137.69817222, 36.13653722], [137.69829, 36.13636277], [137.6983525, 36.1362275], [137.69843583, 36.1361825], [137.69881056, 36.13612055], [137.69900472, 36.13606417], [137.69912277, 36.13601362], [137.69932389, 36.13583362], [137.6995875, 36.13566472], [137.69977472, 36.13556333], [137.70009361, 36.13539445], [137.70019778, 36.13531], [137.70024639, 36.13523111], [137.70025361, 36.13473556], [137.70028833, 36.13471306], [137.70032278, 36.13470167], [137.70046833, 36.134775], [137.70064861, 36.1348425], [137.70080833, 36.1348425], [137.70111361, 36.134775], [137.70141195, 36.13465111], [137.70184194, 36.13449334], [137.70214028, 36.13444277], [137.7023625, 36.13439222], [137.70248722, 36.13433584], [137.70261917, 36.13421195], [137.70265389, 36.13412195], [137.70265389, 36.13397555], [137.70264, 36.13385722], [137.70268834, 36.13379528], [137.70289666, 36.13378417], [137.70296611, 36.13375583], [137.70303528, 36.13371083], [137.70308389, 36.13358694], [137.70315333, 36.13346306], [137.70320194, 36.1334125], [137.70331972, 36.13335056], [137.70341, 36.13327722], [137.70344472, 36.13322666], [137.70359028, 36.13304084], [137.70366667, 36.13299555], [137.70376389, 36.1329675], [137.70397195, 36.13295055], [137.70409695, 36.13291111], [137.7043325, 36.13283805], [137.70442973, 36.13278167], [137.70447111, 36.1326975], [137.70449195, 36.1326075], [137.70452666, 36.13256222], [137.70460305, 36.13251167], [137.70484584, 36.13247778], [137.70495694, 36.13244417], [137.70505389, 36.13237639], [137.70505445, 36.13237527], [137.70524833, 36.13207805], [137.70531778, 36.13201055], [137.70535917, 36.13198805], [137.70546333, 36.13198223], [137.7055675, 36.13201055], [137.70612945, 36.13201611], [137.70630277, 36.13198805], [137.706615, 36.13197666], [137.70676083, 36.13194861], [137.7071075, 36.13181333], [137.70726027, 36.13182473], [137.70746111, 36.13196528], [137.70758611, 36.13201611], [137.70771083, 36.13201611], [137.70782889, 36.13198223], [137.70799528, 36.13190916], [137.70814111, 36.13181889], [137.7082175, 36.13177389], [137.70840472, 36.13168944], [137.70847417, 36.13161083], [137.70853666, 36.13156028], [137.70861973, 36.13147], [137.70861973, 36.131425], [137.70857111, 36.13135194], [137.70850889, 36.13118861], [137.70850195, 36.13110417], [137.70852278, 36.13099139], [137.70856417, 36.13085639], [137.70860583, 36.13079444], [137.70868222, 36.13074362], [137.70880028, 36.13070417], [137.70896667, 36.13068167], [137.70906389, 36.13065917], [137.70914028, 36.13065362], [137.70934138, 36.13062555], [137.70955639, 36.13054667], [137.70985472, 36.13051278], [137.71001444, 36.13047333], [137.71079806, 36.13046778], [137.71113111, 36.13045083], [137.71162361, 36.13046222], [137.7119775, 36.13049583], [137.71207472, 36.13052417], [137.71224806, 36.13060862], [137.7124075, 36.13066472], [137.71258806, 36.13074362], [137.71295583, 36.13101389], [137.71313611, 36.13107584], [137.7133025, 36.13108722], [137.7136075, 36.13101972], [137.71409333, 36.13100834], [137.71419722, 36.13098584], [137.71427417, 36.13092362], [137.71428056, 36.13091834], [137.71432917, 36.13082277], [137.71433611, 36.13071584], [137.714225, 36.13056362], [137.714225, 36.13049612], [137.71430834, 36.13038362], [137.71430834, 36.13024278], [137.71421111, 36.13006806], [137.71410722, 36.13002306], [137.71389916, 36.12998361], [137.71382306, 36.12995], [137.71371889, 36.12988223], [137.71337194, 36.12973028], [137.71332333, 36.12971916], [137.71316389, 36.12962889], [137.71303195, 36.1294375], [137.71289334, 36.12931917], [137.71260889, 36.12912222], [137.71253945, 36.12904889], [137.71250472, 36.12894195], [137.71237306, 36.12882917], [137.71215777, 36.12871667], [137.71193583, 36.12871667], [137.71179695, 36.12873361], [137.7117, 36.12868278], [137.71156805, 36.12864333], [137.71140166, 36.12862667], [137.71125611, 36.12859833], [137.71113833, 36.12854778], [137.7109025, 36.12838444], [137.7106525, 36.12810834], [137.71059028, 36.12808639], [137.71054167, 36.12806916], [137.71042361, 36.12800139], [137.71034722, 36.12790611], [137.71009056, 36.12766944], [137.71001444, 36.127495], [137.70992417, 36.12724139], [137.70980611, 36.12706139], [137.70968833, 36.1269375], [137.70965361, 36.12685861], [137.70963278, 36.12675166], [137.70961889, 36.12650944], [137.7095425, 36.12635167], [137.7093, 36.12596305], [137.70922362, 36.12589], [137.70905028, 36.1258], [137.70885583, 36.12567028], [137.70879361, 36.12563667], [137.70863388, 36.12560833], [137.70850917, 36.12561417], [137.70845361, 36.12563083], [137.70833556, 36.12569278], [137.70826611, 36.12570417], [137.70823861, 36.12569278], [137.70813444, 36.12556333], [137.708065, 36.12550695], [137.70797472, 36.12548445], [137.70787777, 36.12548445], [137.70781528, 36.12550139], [137.70769028, 36.12559722], [137.7075725, 36.12563667], [137.70755167, 36.12561972], [137.70751, 36.12551278], [137.70741972, 36.12543945], [137.70728111, 36.1254], [137.70712834, 36.12538889], [137.70692722, 36.12541695], [137.70678195, 36.12534361], [137.70655278, 36.12531], [137.70646972, 36.12525916], [137.70636555, 36.12520861], [137.70633777, 36.12520861], [137.70625445, 36.12523111], [137.70618528, 36.12523111], [137.70601861, 36.12515778], [137.70588, 36.12515778], [137.70580361, 36.12517472], [137.70572027, 36.12517472], [137.70566473, 36.12514111], [137.70565083, 36.12504528], [137.70558166, 36.12492694], [137.70544972, 36.12482555], [137.70532472, 36.12476944], [137.70511667, 36.12471861], [137.70491555, 36.12464556], [137.70483223, 36.12458361], [137.70472139, 36.12450472], [137.704645, 36.12450472], [137.70455472, 36.12452167], [137.70443, 36.12452722], [137.70433973, 36.12447639], [137.7040625, 36.12436389], [137.70392361, 36.12432445], [137.70379889, 36.12432445], [137.70363222, 36.12436389], [137.70347972, 36.12436389], [137.7033825, 36.12433583], [137.70325084, 36.12431889], [137.70292472, 36.12431889], [137.70277195, 36.12436389], [137.70267473, 36.12436389], [137.70248056, 36.12424555], [137.70234889, 36.1242175], [137.70233723, 36.12421278], [137.70219611, 36.12415555], [137.70205055, 36.12411611], [137.70194638, 36.12409916], [137.70176611, 36.12410473], [137.70170361, 36.12413861], [137.7015925, 36.12425695], [137.70148861, 36.1243075], [137.7012525, 36.1243525], [137.70108639, 36.12443139], [137.70093361, 36.12456667], [137.70078806, 36.12471305], [137.7007325, 36.12473555], [137.70064916, 36.12474111], [137.70055916, 36.12463972], [137.70046889, 36.12456083], [137.70032306, 36.12449889], [137.70019139, 36.12449333], [137.70012195, 36.12453278], [137.700025, 36.12456667], [137.70003166, 36.12457222], [137.69998334, 36.12456667], [137.69992083, 36.12454972], [137.69984444, 36.12454417], [137.69974027, 36.12457778], [137.69971973, 36.12460028], [137.69961556, 36.12463972], [137.69943528, 36.12463972], [137.69923389, 36.12457222], [137.69908833, 36.12452722], [137.69890083, 36.12451028], [137.69885917, 36.12449333], [137.6987275, 36.12439195], [137.69863028, 36.12420611], [137.69852639, 36.12407666], [137.69841527, 36.12401473], [137.69819361, 36.12398666], [137.69817973, 36.12397528], [137.69813805, 36.12381194], [137.69813111, 36.12369361], [137.69811722, 36.12366], [137.69803389, 36.12354167], [137.69792306, 36.12347417], [137.69785361, 36.12346277], [137.69762472, 36.12344584], [137.69761777, 36.12344584], [137.69753445, 36.12338972], [137.697375, 36.12335027], [137.69727778, 36.12329389], [137.69727083, 36.12322084], [137.69732639, 36.12295055], [137.697375, 36.12279862], [137.697375, 36.12273667], [137.69733333, 36.12259583], [137.69732639, 36.12242138], [137.69734028, 36.12235361], [137.69733333, 36.12226361], [137.69726389, 36.12211166], [137.69720833, 36.12204973], [137.69711111, 36.12197639], [137.69702805, 36.12182444], [137.69683361, 36.12164972], [137.69681278, 36.12160472], [137.69680583, 36.12147527], [137.6967575, 36.12137389], [137.69668805, 36.12128945], [137.69644528, 36.12113777], [137.69616777, 36.12099695], [137.69612611, 36.12099111], [137.695495, 36.12098528], [137.69539083, 36.12096833], [137.69516195, 36.12088417], [137.69491222, 36.12087833], [137.69486417, 36.12088167], [137.69467638, 36.12089528], [137.69461389, 36.12087833], [137.69444722, 36.12079944], [137.69428083, 36.12074306], [137.69400334, 36.12073194], [137.69379528, 36.12059139], [137.69374666, 36.12049556], [137.69371889, 36.12037166], [137.69368417, 36.12030972], [137.69355916, 36.12021416], [137.69351083, 36.12019722], [137.69336528, 36.12015778], [137.6932475, 36.12011278], [137.69311555, 36.12011278], [137.69294222, 36.12018028], [137.69286583, 36.12018028], [137.69283806, 36.12016334], [137.69283111, 36.12010139], [137.69287972, 36.11996639], [137.69300445, 36.11969612], [137.69300445, 36.11956638], [137.69296972, 36.11948195], [137.69287278, 36.11938639], [137.69282417, 36.1193075], [137.69279639, 36.11914973], [137.69275472, 36.11908223], [137.69251195, 36.11880639], [137.69240778, 36.11874444], [137.69224139, 36.1187275], [137.69222056, 36.118705], [137.69222056, 36.11860361], [137.69224139, 36.11852472], [137.69222056, 36.11846834], [137.69215111, 36.11839527], [137.69202639, 36.11820389], [137.69186667, 36.1180125], [137.69168667, 36.11786611], [137.69165889, 36.11775333], [137.691645, 36.11757889], [137.69161723, 36.11750556], [137.69156861, 36.11743806], [137.69145778, 36.11738166], [137.69140917, 36.11734806], [137.69135361, 36.11726916], [137.69131194, 36.11722972], [137.69120111, 36.11715666], [137.6910275, 36.11707194], [137.69088195, 36.1169875], [137.69072917, 36.11679611], [137.69068056, 36.11670611], [137.69065278, 36.11658778], [137.69066667, 36.11649778], [137.69066667, 36.11635695], [137.69063889, 36.11628361], [137.690535, 36.11609778], [137.69051417, 36.11599639], [137.69046555, 36.11588416], [137.69040306, 36.11576583], [137.69019528, 36.11546167], [137.69007028, 36.11525334], [137.68997333, 36.11500555], [137.68987611, 36.11481972], [137.68975805, 36.11472417], [137.68955695, 36.11465638], [137.68946666, 36.11463388], [137.6893975, 36.11461138], [137.68930028, 36.11460028], [137.68907139, 36.11460028], [137.68945973, 36.11436361], [137.68953612, 36.11427361], [137.68955, 36.11420028], [137.68951527, 36.11414389], [137.68925167, 36.11400889], [137.6890575, 36.11392444], [137.68896722, 36.11387361], [137.68893945, 36.11384556], [137.68892555, 36.11370472], [137.68890472, 36.1136375], [137.68880777, 36.11347972], [137.68870362, 36.11336722], [137.68869667, 36.11333333], [137.6887175, 36.11326027], [137.6887175, 36.11315305], [137.68865528, 36.11305195], [137.68848194, 36.11290528], [137.688475, 36.11284917], [137.68849584, 36.11279278], [137.68855138, 36.11271944], [137.68862055, 36.11267444], [137.68871777, 36.11264639], [137.68877333, 36.11259556], [137.68894667, 36.11233111], [137.68912028, 36.11221834], [137.68914778, 36.11217889], [137.68926583, 36.11193667], [137.68936305, 36.11176778], [137.68944583, 36.11170055], [137.68970972, 36.11154861], [137.689765, 36.11148667], [137.68977889, 36.11141889], [137.68973722, 36.11126695], [137.68970278, 36.111205], [137.68960583, 36.11112611], [137.68955722, 36.111115], [137.68917556, 36.11110361], [137.68916861, 36.11110361], [137.68905083, 36.11100778], [137.68898833, 36.11092916], [137.68893972, 36.11078833], [137.68887028, 36.11067556], [137.68860667, 36.11045027], [137.68855833, 36.11037167], [137.688475, 36.1101575], [137.68837778, 36.10996611], [137.68818361, 36.10971278], [137.68812805, 36.10948195], [137.68811417, 36.10914972], [137.6880725, 36.10884], [137.68801695, 36.10873306], [137.68798222, 36.10869361], [137.68787139, 36.10858111], [137.68779527, 36.10855278], [137.68768417, 36.10854167], [137.68748306, 36.10855278], [137.68752472, 36.10847417], [137.68760805, 36.10844028], [137.6877675, 36.10840083], [137.68786473, 36.10836695], [137.68798917, 36.10825445], [137.68802388, 36.10817], [137.68802417, 36.10793333], [137.68797556, 36.10776444], [137.68798944, 36.1077025], [137.68803805, 36.10760723], [137.68810056, 36.10752833], [137.68815611, 36.10742139], [137.68819778, 36.10730861], [137.68821167, 36.10704389], [137.68826028, 36.10692], [137.68837806, 36.10675112], [137.68844055, 36.10669472], [137.68853777, 36.10656528], [137.68859306, 36.10641888], [137.68869694, 36.10628945], [137.68873167, 36.10621611], [137.68870389, 36.10618223], [137.68859306, 36.10617666], [137.68846833, 36.1062275], [137.6882325, 36.10623306], [137.68806583, 36.10633445], [137.68803805, 36.10634], [137.68792027, 36.10634], [137.68784388, 36.10630611], [137.68762889, 36.10627806], [137.68756639, 36.10625], [137.68724723, 36.10596278], [137.68718472, 36.10588389], [137.68712223, 36.1056925], [137.68708777, 36.10551806], [137.68710139, 36.10537722], [137.68719167, 36.10510139], [137.68729584, 36.10476361], [137.68732361, 36.10462833], [137.68755944, 36.10412722], [137.68760805, 36.10395834], [137.68773278, 36.10365444], [137.68775361, 36.10356444], [137.68776056, 36.10345722], [137.68773278, 36.10338972], [137.68771889, 36.10338417], [137.68764278, 36.10324889], [137.68751083, 36.10311389], [137.68741361, 36.10295611], [137.68738584, 36.10278166], [137.68728889, 36.10262944], [137.68720555, 36.10244361], [137.6871225, 36.10235361], [137.68699777, 36.10226334], [137.68683111, 36.10218472], [137.68660222, 36.10211694], [137.68652583, 36.1020775], [137.68649139, 36.10201], [137.68646361, 36.10195944], [137.68640805, 36.10189167], [137.68629, 36.10182972], [137.6860125, 36.10172862], [137.68597083, 36.10170028], [137.68591528, 36.10163862], [137.68587389, 36.10149222], [137.68581139, 36.1011375], [137.68576972, 36.10103611], [137.68572806, 36.10098556], [137.68542972, 36.10074889], [137.685305, 36.10057444], [137.68479166, 36.1001125], [137.68472944, 36.10006195], [137.68463222, 36.09990417], [137.68463222, 36.09924556], [137.68468083, 36.09900916], [137.68470861, 36.09887389], [137.68471556, 36.09848528], [137.68489583, 36.09815861], [137.68495834, 36.09802916], [137.68499305, 36.09789416], [137.68499305, 36.09761806], [137.68513861, 36.09731444], [137.68521056, 36.09713528], [137.68545777, 36.09683555], [137.68558277, 36.09668917], [137.6856175, 36.09661028], [137.6858325, 36.09666389], [137.68604722, 36.0967175], [137.68609583, 36.0968175], [137.68612695, 36.09716472], [137.68615417, 36.09751195], [137.68615028, 36.09781806], [137.68613083, 36.09790639], [137.68603361, 36.09823778], [137.68592472, 36.09849667], [137.68585306, 36.09854167], [137.68576277, 36.09869362], [137.68564472, 36.09899778], [137.68557555, 36.09914972], [137.68558945, 36.09961167], [137.68564472, 36.09972389], [137.68576972, 36.09986473], [137.68604028, 36.10006195], [137.68627611, 36.10018583], [137.68663695, 36.10030972], [137.68686333, 36.10041055], [137.68714333, 36.100535], [137.68734472, 36.10067], [137.68739306, 36.10076028], [137.68747639, 36.10101361], [137.68755944, 36.10116], [137.68768417, 36.10130083], [137.68782305, 36.10143583], [137.6879825, 36.10161055], [137.68807278, 36.10177361], [137.68810056, 36.10185805], [137.68812139, 36.10204944], [137.68814917, 36.10221834], [137.68818389, 36.10231972], [137.68828778, 36.102545], [137.68830861, 36.10262944], [137.68834333, 36.10282083], [137.68837806, 36.10288861], [137.68842667, 36.10293916], [137.68857916, 36.1030125], [137.68878055, 36.10313083], [137.68889833, 36.10325472], [137.6891275, 36.10366555], [137.68916195, 36.10384], [137.68916195, 36.10442], [137.68918278, 36.10449333], [137.68922444, 36.10453833], [137.68927973, 36.10457778], [137.68936305, 36.10458333], [137.68966139, 36.10451583], [137.68982778, 36.10451583], [137.68993194, 36.10453833], [137.69009138, 36.10467333], [137.6902025, 36.10474667], [137.69028583, 36.10478055], [137.69039667, 36.10479167], [137.69054944, 36.10477472], [137.69068111, 36.10478055], [137.69072973, 36.10481417], [137.69078527, 36.1049775], [137.6908825, 36.10511834], [137.69087556, 36.10529861], [137.69086861, 36.10563083], [137.69089639, 36.10582778], [137.69094473, 36.10588416], [137.69100028, 36.10592333], [137.69113222, 36.10599083], [137.69125, 36.10609223], [137.69147889, 36.10653722], [137.69147889, 36.10663862], [137.69124972, 36.10709472], [137.69124972, 36.10722972], [137.6912775, 36.10730861], [137.69129139, 36.10742694], [137.69128889, 36.10744083], [137.69125667, 36.10761833], [137.69124972, 36.10787167], [137.69131222, 36.10807416], [137.69134694, 36.108125], [137.69152723, 36.10833333], [137.69159667, 36.10845139], [137.69159667, 36.10851917], [137.69157584, 36.10859806], [137.69149277, 36.108795], [137.691465, 36.10890778], [137.69136084, 36.10917806], [137.69120139, 36.10964528], [137.69118056, 36.10978055], [137.69118056, 36.10998861], [137.691215, 36.11010111], [137.69131222, 36.11034334], [137.69141639, 36.11064194], [137.69147194, 36.11077139], [137.69149277, 36.11078833], [137.691555, 36.11090083], [137.691555, 36.11097973], [137.69147194, 36.11114305], [137.69145111, 36.11131195], [137.69137472, 36.11152611], [137.69135389, 36.1117175], [137.69136778, 36.11193694], [137.69137472, 36.11240416], [137.69139555, 36.11256194], [137.69147194, 36.11266333], [137.69163806, 36.11282083], [137.69178389, 36.11291667], [137.69189472, 36.11295055], [137.69218611, 36.11317], [137.69228334, 36.11332222], [137.69242888, 36.11343472], [137.69259556, 36.11353611], [137.692755, 36.11366556], [137.69277583, 36.11371056], [137.69276194, 36.11384028], [137.69278972, 36.11391916], [137.69284528, 36.11397528], [137.69298389, 36.11405416], [137.69308111, 36.1141725], [137.69322, 36.11436916], [137.69333084, 36.11457778], [137.69335167, 36.11464528], [137.69337222, 36.11478028], [137.69343472, 36.11487612], [137.69356639, 36.11498862], [137.69378861, 36.11505639], [137.69398973, 36.11506194], [137.69419083, 36.11503944], [137.69424639, 36.11501694], [137.69425333, 36.11514639], [137.69421167, 36.11523084], [137.69400361, 36.11538861], [137.69391334, 36.11547306], [137.69370528, 36.11560806], [137.69355944, 36.11566444], [137.69337916, 36.11568139], [137.69333055, 36.11569278], [137.69310167, 36.11582778], [137.69304611, 36.11587861], [137.69304611, 36.11598555], [137.69308084, 36.11607555], [137.69317806, 36.11643611], [137.69324084, 36.11656556], [137.69326806, 36.11662167], [137.69349722, 36.11683], [137.69353889, 36.11689194], [137.69354583, 36.1169875], [137.693525, 36.11707778], [137.69351806, 36.11724666], [137.69360111, 36.11737056], [137.69377473, 36.117545], [137.69384417, 36.11759028], [137.6940175, 36.11773667], [137.69410778, 36.11784361], [137.69426722, 36.11793361], [137.694475, 36.11817027], [137.69458611, 36.11827722], [137.69463472, 36.11833917], [137.69469028, 36.11845167], [137.69475945, 36.11871083], [137.69485667, 36.11886278], [137.69494694, 36.11896944], [137.69504389, 36.11903723], [137.69517583, 36.11908223], [137.69529388, 36.11909333], [137.69534917, 36.11912723], [137.69542556, 36.11929611], [137.69558528, 36.11954972], [137.69569611, 36.11965083], [137.69579333, 36.11967362], [137.69605694, 36.11968472], [137.69612638, 36.11970722], [137.6964175, 36.11994389], [137.6965075, 36.12], [137.69661861, 36.12004528], [137.69679222, 36.12007334], [137.69772167, 36.12007889], [137.69779111, 36.12009028], [137.69783278, 36.12012389], [137.69785361, 36.12023666], [137.69788833, 36.12037166], [137.69808944, 36.12067583], [137.69826278, 36.12090111], [137.69852667, 36.12121639], [137.69862361, 36.12128972], [137.69872083, 36.12137417], [137.69897028, 36.1218075], [137.69903277, 36.121875], [137.69924777, 36.12206666], [137.69953222, 36.12228056], [137.69972666, 36.12239888], [137.70006639, 36.1224775], [137.70025445, 36.12255834], [137.7003025, 36.12257888], [137.70055916, 36.12264667], [137.70067694, 36.12269167], [137.70087833, 36.12273667], [137.70112805, 36.12274805], [137.7011975, 36.12273112], [137.70139861, 36.12261278], [137.7015025, 36.12260722], [137.70168306, 36.12268028], [137.70178694, 36.12268028], [137.70187, 36.12266917], [137.70220306, 36.12268612], [137.70230028, 36.12273112], [137.70246667, 36.12282667], [137.70264027, 36.12286612], [137.70336167, 36.1228775], [137.70347277, 36.12289444], [137.7038475, 36.12299], [137.70434, 36.12313639], [137.70446472, 36.12315917], [137.70465194, 36.12320972], [137.70493638, 36.12333917], [137.70510277, 36.12338417], [137.70523472, 36.12339556], [137.70542195, 36.12342944], [137.70561612, 36.123435], [137.70574805, 36.12340694], [137.70594222, 36.12340111], [137.70615055, 36.12349694], [137.70635862, 36.12358139], [137.70655278, 36.12358694], [137.70682334, 36.123525], [137.70703166, 36.123525], [137.70728833, 36.12361528], [137.7075725, 36.12364333], [137.70775972, 36.12371083], [137.70791945, 36.12375583], [137.70813444, 36.12377278], [137.70823861, 36.12376166], [137.70838417, 36.12372223], [137.70855083, 36.12360389], [137.70865473, 36.12349694], [137.70869639, 36.12347444], [137.70888361, 36.12348556], [137.70896694, 36.123525], [137.70904333, 36.12358139], [137.70913362, 36.12371666], [137.70921667, 36.12377861], [137.70959833, 36.12394166], [137.71011861, 36.12409945], [137.71045833, 36.12416139], [137.71051639, 36.12418805], [137.71056945, 36.12421222], [137.71097167, 36.12458389], [137.71100639, 36.12463444], [137.71108972, 36.12480916], [137.71113139, 36.12487111], [137.71117305, 36.12491028], [137.71137417, 36.12513], [137.71153361, 36.12538333], [137.71161, 36.12548472], [137.71194306, 36.12576639], [137.71217889, 36.12623361], [137.71231778, 36.12635749], [137.71247694, 36.12644194], [137.7130875, 36.12663333], [137.71325417, 36.12666139], [137.71341361, 36.12667278], [137.71351777, 36.12669528], [137.71371889, 36.12680223], [137.71383, 36.12684166], [137.71408666, 36.12688111], [137.71423222, 36.12699945], [137.71426, 36.12703889], [137.71427388, 36.12715139], [137.71430166, 36.12728083], [137.71436417, 36.12743305], [137.71448195, 36.12757389], [137.71482167, 36.12781584], [137.71491889, 36.12785528], [137.71527278, 36.12785528], [137.71540445, 36.12790611], [137.71561278, 36.12795111], [137.71568195, 36.12797916], [137.71593861, 36.12819333], [137.71627167, 36.12834528], [137.71637584, 36.12836778], [137.71656999, 36.12835639], [137.71660472, 36.12837333], [137.71688917, 36.12860445], [137.71704195, 36.12875639], [137.71708361, 36.12881277], [137.71713889, 36.12891972], [137.71714583, 36.12899277], [137.71713195, 36.12908306], [137.717125, 36.12924639], [137.71720805, 36.12947694], [137.71728444, 36.12961778], [137.71729139, 36.12968528], [137.7172775, 36.12974723], [137.71724278, 36.12993861], [137.71724278, 36.13006806], [137.71728444, 36.13016388], [137.71731917, 36.13020888], [137.71740556, 36.13033222], [137.71759973, 36.130465], [137.71762639, 36.13054834], [137.71777889, 36.13073056], [137.71803028, 36.131015], [137.71796944, 36.13106444], [137.718175, 36.13126194], [137.71823973, 36.13122194], [137.71838444, 36.13139167], [137.71852555, 36.13146917], [137.71886055, 36.13155556], [137.71861695, 36.13178083], [137.71837306, 36.13206194], [137.7181825, 36.13231528], [137.71809167, 36.13259334], [137.71808361, 36.13261806], [137.71808334, 36.13262333], [137.71806833, 36.13292694], [137.7180875, 36.13316778], [137.71814833, 36.13339639], [137.71820166, 36.13358806], [137.71828556, 36.13373028], [137.71837667, 36.13391556], [137.71778639, 36.13402944], [137.71755805, 36.1340325], [137.71721139, 36.13402333], [137.71689889, 36.13400166], [137.71675055, 36.13395528], [137.71648389, 36.13383805], [137.7163925, 36.13380083], [137.71630083, 36.13381333], [137.71620945, 36.13382861], [137.71601528, 36.13393389], [137.71577139, 36.13406666], [137.71537916, 36.13429222], [137.71481194, 36.13465055], [137.71470389, 36.13469111], [137.71457195, 36.13473055], [137.71432222, 36.1348825], [137.71401694, 36.1348825], [137.71394055, 36.13491056], [137.71378111, 36.1349725], [137.71343417, 36.13504556], [137.71335778, 36.13509056], [137.71324695, 36.13523138], [137.71317056, 36.13521445], [137.71309417, 36.13516945], [137.71287583, 36.13498667], [137.71287222, 36.13498361], [137.71278195, 36.13493278], [137.71262944, 36.13488778], [137.71238638, 36.13485416], [137.71208833, 36.13485973], [137.7119775, 36.13488223], [137.71196361, 36.13489333], [137.71181778, 36.13492166], [137.71169305, 36.13491611], [137.71145027, 36.13484833], [137.71125583, 36.13481473], [137.71102, 36.13480333], [137.71065222, 36.13472444], [137.71050667, 36.13473028], [137.71024305, 36.13478083], [137.71001417, 36.13478083], [137.70972278, 36.13472444], [137.70946611, 36.13473028], [137.70905, 36.13479778], [137.70867527, 36.13488223], [137.70838389, 36.13501166], [137.70823833, 36.13505111], [137.70810639, 36.13511306], [137.70799528, 36.13520888], [137.70788445, 36.13536638], [137.70772472, 36.13542833], [137.70762778, 36.13551278], [137.7076, 36.13557472], [137.70757222, 36.1355975], [137.70750278, 36.13559722], [137.70728778, 36.13554638], [137.70696861, 36.13540583], [137.70678139, 36.13536083], [137.7066425, 36.13529888], [137.70637889, 36.13512445], [137.70628889, 36.13509611], [137.70614333, 36.13506806], [137.70603917, 36.13505666], [137.70588666, 36.1350625], [137.70572695, 36.13513556], [137.70544944, 36.13534945], [137.7052275, 36.13554083], [137.70513028, 36.13566472], [137.70509555, 36.13574917], [137.70509555, 36.1359575], [137.70512333, 36.13608139], [137.70512333, 36.13616584], [137.70508862, 36.13625611], [137.70501945, 36.13638], [137.70497777, 36.13641917], [137.70471417, 36.13655444], [137.70458917, 36.13665583], [137.70449195, 36.13681361], [137.70436027, 36.13713973], [137.70432556, 36.13726361], [137.7043325, 36.13733695], [137.70435334, 36.13735945], [137.70438333, 36.13738], [137.70431362, 36.13741611], [137.70413527, 36.13747944], [137.70387055, 36.13758583], [137.70348333, 36.13773944], [137.70315445, 36.13790444], [137.70286166, 36.13802667], [137.70270556, 36.13806945], [137.70252889, 36.13806334], [137.70248028, 36.13796194], [137.70244555, 36.1379225], [137.70216806, 36.137855], [137.70187667, 36.13779306], [137.70157139, 36.13779306], [137.7012175, 36.1378775], [137.70103028, 36.13788889], [137.70092611, 36.1378775], [137.70069723, 36.13778167], [137.70064167, 36.1377875], [137.70056555, 36.13783806], [137.70049611, 36.13793389], [137.70044055, 36.13797889], [137.70032944, 36.13801834], [137.70028111, 36.13802389], [137.70014917, 36.13807444], [137.69998278, 36.13820944], [137.69985778, 36.13826584], [137.69979528, 36.13832778], [137.69980222, 36.13864306], [137.69972611, 36.13878945], [137.69955945, 36.13902055], [137.69942084, 36.13916111], [137.69928889, 36.13925695], [137.69925416, 36.13929639], [137.69911584, 36.13935277], [137.69901167, 36.13936945], [137.69890056, 36.13941472], [137.69874805, 36.13949917], [137.6986925, 36.13953277], [137.69854695, 36.13958361], [137.69830389, 36.13962306], [137.69810972, 36.13962277], [137.69792945, 36.13956111], [137.69783223, 36.13956084], [137.69771416, 36.13962834], [137.69761028, 36.13963972], [137.69740195, 36.13963389], [137.69719388, 36.13956084], [137.69699973, 36.13956639], [137.69683306, 36.13961695], [137.69666667, 36.13969584], [137.69647945, 36.13972972], [137.69636138, 36.13977472], [137.69622945, 36.13979722], [137.69615333, 36.13983667], [137.69605611, 36.13993806], [137.69600056, 36.13996056], [137.69584833, 36.13998861], [137.69568861, 36.13998861], [137.69560556, 36.13997194], [137.69547361, 36.13990417], [137.69534861, 36.13985917], [137.69520306, 36.13984222], [137.695085, 36.13985917], [137.69494889, 36.13990083], [137.69491862, 36.13991], [137.69477972, 36.13991], [137.69455778, 36.13984222], [137.69441917, 36.13982556], [137.69428722, 36.13979722], [137.69411388, 36.13970167], [137.693975, 36.13970167], [137.69373916, 36.13978027], [137.69352416, 36.13978611], [137.69340611, 36.13981972], [137.69323278, 36.13981417], [137.69317028, 36.13979167], [137.69308722, 36.13967889], [137.6930525, 36.13965639], [137.69299, 36.13965639], [137.69286528, 36.13971834], [137.69280278, 36.13978611], [137.69270556, 36.13994361], [137.69261556, 36.14010694], [137.69258083, 36.14029278], [137.69251834, 36.14039944], [137.69236583, 36.14056278], [137.69213667, 36.1407825], [137.69192861, 36.14091778], [137.69190777, 36.14095138], [137.69187306, 36.14097972], [137.69184528, 36.14101888], [137.69183139, 36.14120472], [137.69187306, 36.14127805], [137.69189389, 36.14130055], [137.69190084, 36.14130055], [137.6919425, 36.14131194], [137.69197723, 36.14133444], [137.69204667, 36.14143584], [137.69210194, 36.14155389], [137.69230333, 36.14179611], [137.69244195, 36.14191444], [137.69246972, 36.1419875], [137.69246278, 36.14204944], [137.69236583, 36.14222972], [137.69231028, 36.14238723], [137.69215055, 36.1426575], [137.69212972, 36.14289389], [137.69212277, 36.14310806], [137.69218528, 36.1432375], [137.6922475, 36.143305], [137.69236555, 36.14337278], [137.69238611, 36.14345139], [137.69234472, 36.14355278], [137.69231694, 36.143705], [137.69231, 36.14389638], [137.69226833, 36.14403722], [137.6922475, 36.14417805], [137.69226139, 36.14453805], [137.69238611, 36.14472944], [137.69242083, 36.14487027], [137.69242778, 36.14496056], [137.69234472, 36.14497722], [137.69211555, 36.14496056], [137.69201862, 36.14492111], [137.69183806, 36.14489277], [137.69165806, 36.14489277], [137.69154695, 36.14493222], [137.69149166, 36.14497722], [137.69146389, 36.14505056], [137.69145695, 36.14545611], [137.69146222, 36.14547055], [137.69149056, 36.14550833], [137.69144889, 36.14555416], [137.69140834, 36.14557416], [137.69127639, 36.14563611], [137.69119334, 36.14570389], [137.69110305, 36.14565305], [137.69095028, 36.14549528], [137.69086722, 36.14543333], [137.69075611, 36.14540528], [137.69049945, 36.14535473], [137.69045084, 36.14533778], [137.69028445, 36.14534333], [137.69018028, 36.14539973], [137.68997222, 36.14561916], [137.68984722, 36.14570945], [137.68950722, 36.14583333], [137.6892575, 36.14597389], [137.68904945, 36.14604695], [137.68874417, 36.14624972], [137.6887025, 36.14630611], [137.6887025, 36.14637917], [137.68877195, 36.14643555], [137.68903555, 36.146565], [137.68903555, 36.14665528], [137.68899, 36.14670417], [137.68890361, 36.14679611], [137.68886195, 36.14681278], [137.68857749, 36.14681278], [137.68849444, 36.14682416], [137.68834861, 36.14680722], [137.68829305, 36.14679611], [137.68823083, 36.14676778], [137.68810583, 36.14673416], [137.68796055, 36.14672278], [137.68787722, 36.14678472], [137.68780084, 36.14686916], [137.68775916, 36.14699306], [137.68773833, 36.14701556], [137.68732222, 36.14702695], [137.68705166, 36.1470775], [137.68687805, 36.14707194], [137.68673944, 36.14703806], [137.68651028, 36.14701556], [137.68614972, 36.14702695], [137.68595528, 36.14699861], [137.68568473, 36.1469875], [137.68548361, 36.14704389], [137.68535861, 36.1471225], [137.68530333, 36.14719028], [137.68526861, 36.14729722], [137.68517139, 36.14743194], [137.68505333, 36.14782611], [137.68487306, 36.14799527], [137.68481055, 36.14812472], [137.6847275, 36.14824306], [137.68464417, 36.14831056], [137.68459556, 36.14840056], [137.68458167, 36.14846833], [137.68464417, 36.14864278], [137.68464417, 36.14876111], [137.68455389, 36.14887945], [137.68439444, 36.14903695], [137.68430417, 36.14916638], [137.68411695, 36.14947028], [137.68406166, 36.14950417], [137.68383972, 36.14957167], [137.68372167, 36.1496225], [137.68363139, 36.14968444], [137.683465, 36.14985889], [137.68334, 36.14991527], [137.68311111, 36.14996027], [137.68299305, 36.15003361], [137.68290305, 36.15010667], [137.68277805, 36.15032056], [137.6827225, 36.15037139], [137.68262556, 36.15040528], [137.682445, 36.15040528], [137.68238944, 36.15038833], [137.68212584, 36.15038833], [137.68202194, 36.15042778], [137.68188306, 36.15059111], [137.68183445, 36.15069194], [137.68179972, 36.15095666], [137.68175833, 36.15108055], [137.68168194, 36.15139611], [137.68164722, 36.15144444], [137.68159638, 36.151485], [137.68158278, 36.15153722], [137.68159528, 36.15161139], [137.68161944, 36.1516325], [137.68159861, 36.15182389], [137.68152222, 36.15193111], [137.68132805, 36.15213361], [137.68121695, 36.152235], [137.68108528, 36.15230278], [137.68084945, 36.15237583], [137.68069694, 36.15244306], [137.68039861, 36.15267417], [137.68033611, 36.15269667], [137.6801975, 36.15271333], [137.68003083, 36.15270778], [137.67994778, 36.15266833], [137.67982278, 36.15258389], [137.67965639, 36.15253889], [137.679455, 36.1525275], [137.67927472, 36.152505], [137.679025, 36.15247139], [137.67898222, 36.15245861], [137.67889306, 36.15243195], [137.67867111, 36.15231916], [137.67859473, 36.15229111], [137.67856695, 36.15227416], [137.67849083, 36.15224056], [137.67833805, 36.15224056], [137.67822722, 36.15227972], [137.67815083, 36.15233611], [137.67812305, 36.15240361], [137.67811611, 36.15259528], [137.67808139, 36.15273611], [137.67801889, 36.15283167], [137.67779722, 36.15298945], [137.67744333, 36.15333861], [137.67735333, 36.15354667], [137.67715195, 36.15370444], [137.67708944, 36.1538225], [137.6769925, 36.15409278], [137.67670805, 36.15432945], [137.67654139, 36.15444195], [137.67630555, 36.15452083], [137.67611138, 36.15456028], [137.67602806, 36.15459417], [137.67590333, 36.15471222], [137.67578528, 36.15485305], [137.6757575, 36.15490944], [137.6757575, 36.15504444], [137.67579917, 36.15518528], [137.67586861, 36.15529222], [137.6759725, 36.15537084], [137.67614611, 36.15544417], [137.67636806, 36.15560167], [137.67656917, 36.15578194], [137.67672195, 36.15585528], [137.67687444, 36.15590028], [137.67691612, 36.15593417], [137.67699944, 36.15604111], [137.67703417, 36.15613667], [137.67704083, 36.1562775], [137.67710305, 36.15642972], [137.67709612, 36.15653667], [137.67692973, 36.15677889], [137.6768325, 36.15691389], [137.67674973, 36.15704916], [137.67638889, 36.15739833], [137.67633333, 36.15744888], [137.6760975, 36.15760638], [137.67583389, 36.15789917], [137.67570889, 36.1580175], [137.67546612, 36.15821444], [137.67538973, 36.15830472], [137.67527195, 36.15852417], [137.67524417, 36.15863694], [137.67518722, 36.15873777], [137.67516778, 36.15877194], [137.67513306, 36.15881694], [137.67504278, 36.15889028], [137.67495278, 36.15892416], [137.67485555, 36.15894666], [137.67474445, 36.15899723], [137.67446694, 36.15922805], [137.67430056, 36.15938028], [137.67420334, 36.15944195], [137.67404388, 36.159515], [137.67384278, 36.15956583], [137.67370389, 36.15956], [137.67364833, 36.15953195], [137.67351667, 36.15943055], [137.67332223, 36.1593575], [137.67319055, 36.15927278], [137.67310028, 36.15924473], [137.67299639, 36.15924473], [137.67292028, 36.15928416], [137.67284389, 36.15934611], [137.67230972, 36.15905639], [137.67177555, 36.15876639], [137.67188638, 36.15852417], [137.67190195, 36.1585075], [137.67194889, 36.15845667], [137.67202528, 36.15842277], [137.67228195, 36.15833277], [137.6723375, 36.15831027], [137.67254556, 36.15825389], [137.67271195, 36.15813], [137.67286472, 36.15804555], [137.67328084, 36.15772445], [137.67340584, 36.157685], [137.67376639, 36.15769083], [137.67389805, 36.15764], [137.67399527, 36.1575725], [137.67412722, 36.15746], [137.67423111, 36.15733028], [137.67432833, 36.15716166], [137.67450861, 36.15698722], [137.6748, 36.15668306], [137.67485555, 36.15664361], [137.67495278, 36.15664361], [137.6750775, 36.15668861], [137.67528583, 36.15668861], [137.67532056, 36.15667167], [137.67534805, 36.15662667], [137.67534805, 36.15654778], [137.67527195, 36.15641833], [137.67514694, 36.15631695], [137.6749875, 36.1562325], [137.67495972, 36.15619861], [137.67494584, 36.15595083], [137.67490416, 36.15581583], [137.67482777, 36.1556975], [137.6744325, 36.15534834], [137.67434944, 36.15524139], [137.67426611, 36.15493194]]]}, "properties": {"N03_001": "長野県", "N03_002": null, "N03_003": null, "N03_004": "松本市", "N03_005": null, "N03_007": "20202"}}, {"type": "Feature", "geometry": {"type": "Polygon", "coordinates": [[[138.204519, 36.511507], [138.211739, 36.508191], [138.219957, 36.507757], [138.229486, 36.514163], [138.236265, 36.512433], [138.239368, 36.509489], [138.246755, 36.510002], [138.249855, 36.515697], [138.266487, 36.513232], [138.270983, 36.519242], [138.270342, 36.523452], [138.273482, 36.525828], [138.277452, 36.534952], [138.282083, 36.536921], [138.293877, 36.532299], [138.298198, 36.535527], [138.30271, 36.542145], [138.308773, 36.545608], [138.311435, 36.550361], [138.315858, 36.546299], [138.323708, 36.546154], [138.333961, 36.537352], [138.336919, 36.539636], [138.346477, 36.539827], [138.351954, 36.541283], [138.353679, 36.547426], [138.356203, 36.549226], [138.368785, 36.552801], [138.382073, 36.554661], [138.391553, 36.553629], [138.395767, 36.549124], [138.404509, 36.545728], [138.407621, 36.541434], [138.412388, 36.541486], [138.413978, 36.532607], [138.411715, 36.527272], [138.404246, 36.522065], [138.402801, 36.516057], [138.406032, 36.507364], [138.401954, 36.501721], [138.397132, 36.490582], [138.397291, 36.484063], [138.40076, 36.481454], [138.399562, 36.47333], [138.403349, 36.46687], [138.400071, 36.461405], [138.403126, 36.452319], [138.401287, 36.447064], [138.400785, 36.4345], [138.400004, 36.434101], [138.4, 36.434098], [138.399391, 36.433829], [138.398989, 36.433744], [138.398538, 36.433459], [138.398387, 36.433333], [138.397875, 36.433161], [138.397822, 36.433123], [138.394343, 36.432379], [138.393741, 36.432177], [138.392402, 36.431656], [138.39195, 36.431611], [138.391667, 36.431472], [138.391205, 36.431256], [138.389628, 36.430675], [138.38777, 36.432261], [138.387096, 36.433281], [138.385628, 36.432952], [138.383333, 36.432795], [138.383238, 36.432792], [138.381035, 36.432762], [138.377416, 36.432807], [138.375, 36.432256], [138.358177, 36.430645], [138.346862, 36.421092], [138.347582, 36.417792], [138.343954, 36.412284], [138.345265, 36.407421], [138.333909, 36.401387], [138.329011, 36.400022], [138.326998, 36.394777], [138.317732, 36.388195], [138.309528, 36.385985], [138.308894, 36.38064], [138.296917, 36.380176], [138.294192, 36.375038], [138.300225, 36.371237], [138.299166, 36.367521], [138.306813, 36.361069], [138.311486, 36.358862], [138.319412, 36.359703], [138.322598, 36.356308], [138.319667, 36.349723], [138.323416, 36.347028], [138.32078, 36.343027], [138.319024, 36.334489], [138.314979, 36.328429], [138.308602, 36.32288], [138.302656, 36.321978], [138.298759, 36.319193], [138.293384, 36.319217], [138.291609, 36.32291], [138.283453, 36.30694], [138.285531, 36.299653], [138.284215, 36.29558], [138.285598, 36.289608], [138.283189, 36.287362], [138.275747, 36.285528], [138.271586, 36.29347], [138.263276, 36.296805], [138.255491, 36.293524], [138.254132, 36.288346], [138.250638, 36.286857], [138.243511, 36.278142], [138.244586, 36.271002], [138.243582, 36.266109], [138.245973, 36.258862], [138.24484, 36.250013], [138.244828, 36.25], [138.234026, 36.247051], [138.233468, 36.23896], [138.231087, 36.234232], [138.227559, 36.23337], [138.226114, 36.226926], [138.221165, 36.223845], [138.209195, 36.222959], [138.192691, 36.225404], [138.186669, 36.224671], [138.182563, 36.221451], [138.174855, 36.218506], [138.169322, 36.220859], [138.163262, 36.217333], [138.158799, 36.218812], [138.154831, 36.224022], [138.149584, 36.22589], [138.142783, 36.225955], [138.133821, 36.231073], [138.12836, 36.229839], [138.126312, 36.225739], [138.119813, 36.218701], [138.116905, 36.219023], [138.111704, 36.225383], [138.10708, 36.225986], [138.104755, 36.229593], [138.105685, 36.233503], [138.102455, 36.236544], [138.092481, 36.237185], [138.090243, 36.243621], [138.079116, 36.251117], [138.078296, 36.256283], [138.082801, 36.26178], [138.079007, 36.267352], [138.072928, 36.272732], [138.074739, 36.27553], [138.071618, 36.286685], [138.078326, 36.302393], [138.082504, 36.307641], [138.081004, 36.312331], [138.09313, 36.317825], [138.108083, 36.328184], [138.114558, 36.322245], [138.125, 36.330621], [138.125003, 36.330623], [138.125499, 36.330833], [138.12597, 36.331116], [138.126166, 36.331204], [138.126667, 36.331316], [138.126931, 36.331432], [138.127228, 36.331618], [138.127635, 36.332069], [138.127896, 36.332583], [138.127925, 36.33283], [138.128313, 36.333168], [138.128541, 36.333333], [138.128542, 36.333333], [138.13101, 36.339292], [138.128993, 36.346524], [138.137303, 36.350023], [138.143637, 36.354469], [138.148423, 36.361579], [138.149189, 36.365954], [138.154219, 36.370477], [138.153173, 36.378074], [138.149435, 36.382719], [138.151656, 36.387026], [138.150618, 36.392106], [138.142876, 36.396587], [138.137607, 36.394955], [138.130998, 36.397437], [138.124643, 36.402451], [138.115456, 36.403759], [138.113208, 36.407845], [138.113311, 36.413672], [138.117271, 36.421229], [138.114301, 36.434137], [138.121608, 36.436831], [138.128618, 36.438207], [138.132593, 36.434925], [138.13986, 36.434016], [138.14306, 36.429404], [138.152387, 36.426202], [138.16585, 36.416743], [138.180614, 36.421048], [138.194107, 36.422338], [138.205351, 36.425789], [138.21106, 36.426091], [138.216152, 36.429395], [138.223621, 36.429452], [138.229546, 36.431688], [138.238815, 36.431825], [138.24869, 36.433313], [138.249782, 36.444139], [138.242361, 36.452479], [138.24138, 36.457023], [138.228689, 36.464656], [138.22879, 36.473739], [138.230637, 36.479624], [138.221692, 36.48304], [138.219555, 36.490486], [138.201766, 36.500984], [138.198804, 36.507258], [138.199847, 36.51116], [138.204519, 36.511507]], [[138.34913667, 36.50396834], [138.34910194, 36.50406944], [138.34910194, 36.50441306], [138.34914389, 36.50452556], [138.34918833, 36.50459333], [138.34919944, 36.50461028], [138.34924834, 36.50464389], [138.34933195, 36.50468889], [138.34937389, 36.50472833], [138.34937389, 36.50486917], [138.3494225, 36.50495917], [138.3494225, 36.50502111], [138.34938056, 36.50517889], [138.34938056, 36.50533083], [138.34942944, 36.50544917], [138.34945389, 36.50552639], [138.34945416, 36.50556056], [138.34944889, 36.50557361], [138.34944167, 36.5055825], [138.34942639, 36.50558722], [138.34941444, 36.50558528], [138.34939306, 36.50557555], [138.34929695, 36.50550556], [138.34901833, 36.50528583], [138.34890666, 36.50521833], [138.34877417, 36.5051675], [138.34864167, 36.50520139], [138.34857889, 36.50525777], [138.34853, 36.50535917], [138.34846028, 36.50546056], [138.34839056, 36.5055225], [138.34827194, 36.50559556], [138.34808361, 36.50571944], [138.34801389, 36.50579833], [138.34787444, 36.50591083], [138.34781167, 36.5059725], [138.34774194, 36.50606278], [138.34751166, 36.50631611], [138.34746278, 36.50643445], [138.34745583, 36.50661445], [138.34742111, 36.50665388], [138.34723972, 36.50667083], [138.34717, 36.50672722], [138.34716306, 36.50686222], [138.34710722, 36.50690167], [138.34694667, 36.50689055], [138.34686306, 36.50690722], [138.34663278, 36.50702555], [138.3464725, 36.50712694], [138.34596333, 36.5075325], [138.34575083, 36.50775027], [138.34566278, 36.50781889], [138.34555167, 36.50789278], [138.34542639, 36.50796028], [138.34530778, 36.50799416], [138.34520916, 36.50800194], [138.3450775, 36.50798861], [138.34496583, 36.50802778], [138.34487528, 36.50810111], [138.34470083, 36.50821361], [138.34460333, 36.50825889], [138.34438, 36.50836583], [138.34385027, 36.50866389], [138.34364806, 36.50874278], [138.34330611, 36.50881028], [138.34319472, 36.50885528], [138.34304111, 36.50894555], [138.34279723, 36.5090525], [138.34249722, 36.50921], [138.34232277, 36.50931722], [138.34221111, 36.50939083], [138.34216055, 36.50940417], [138.34213528, 36.50939444], [138.34212611, 36.50937], [138.34214834, 36.50932278], [138.34223222, 36.50923278], [138.34235084, 36.50915944], [138.34257388, 36.50900167], [138.342825, 36.50880472], [138.34286694, 36.50878222], [138.34317361, 36.50864139], [138.3432775, 36.50859389], [138.34337889, 36.50853416], [138.34350861, 36.50844445], [138.34366889, 36.50832611], [138.3437875, 36.50820805], [138.34397583, 36.50792666], [138.34400361, 36.50779694], [138.34408055, 36.50763944], [138.34415028, 36.50754695], [138.3442025, 36.50737889], [138.34420389, 36.50728972], [138.34416527, 36.50720639], [138.34417111, 36.50713805], [138.34422694, 36.50702], [138.3443525, 36.50686778], [138.34484056, 36.5064175], [138.34496611, 36.50632722], [138.34505694, 36.50622584], [138.34507778, 36.50616416], [138.34509861, 36.50603444], [138.34516833, 36.50566861], [138.3451825, 36.50546583], [138.34521027, 36.505325], [138.34533583, 36.50499305], [138.34544055, 36.50479028], [138.34556611, 36.5044975], [138.34557278, 36.50442972], [138.34555028, 36.50438361], [138.34550333, 36.50433972], [138.3454475, 36.50432306], [138.34524527, 36.50432306], [138.34489639, 36.50434556], [138.34457639, 36.50439555], [138.34426667, 36.50442527], [138.34417556, 36.50441611], [138.34409806, 36.50440889], [138.34354612, 36.50441778], [138.34349555, 36.50440722], [138.34325778, 36.50435111], [138.34314222, 36.50430639], [138.34307556, 36.50425889], [138.34307139, 36.50422667], [138.34308195, 36.50420083], [138.343145, 36.5041875], [138.34329222, 36.50418194], [138.3435925, 36.50415416], [138.34420584, 36.50415416], [138.34441528, 36.50413139], [138.34454777, 36.50410194], [138.34464695, 36.50407139], [138.34478694, 36.50403444], [138.3448825, 36.50401889], [138.34516139, 36.50393444], [138.34551028, 36.503805], [138.34558695, 36.50375417], [138.34567056, 36.50365862], [138.34576833, 36.50357417], [138.34591472, 36.50349528], [138.34611695, 36.5034275], [138.34645194, 36.50329806], [138.34658472, 36.50324], [138.34666611, 36.50319083], [138.34674139, 36.5031525], [138.34686778, 36.50310666], [138.34689667, 36.50308416], [138.34729389, 36.5028925], [138.34763528, 36.50276306], [138.34810889, 36.50253777], [138.34828305, 36.50245334], [138.34853389, 36.50225111], [138.34873583, 36.50220027], [138.34880556, 36.50217222], [138.34913473, 36.50241417], [138.34951611, 36.50269583], [138.34957194, 36.50276333], [138.3496625, 36.50292666], [138.34964861, 36.50297723], [138.34955167, 36.50310695], [138.34949945, 36.50315723], [138.34940889, 36.5032925], [138.34936, 36.50332638], [138.3492275, 36.50337695], [138.34914389, 36.50347278], [138.34910889, 36.50354028], [138.349095, 36.50366417], [138.34911584, 36.50374862], [138.34917861, 36.50383862], [138.34917861, 36.50390055], [138.34913667, 36.50396834]], [[138.25458611, 36.36955194], [138.25430083, 36.36937722], [138.2543425, 36.36922], [138.25444694, 36.36907916], [138.2545025, 36.36902278], [138.2546625, 36.36890528], [138.25480195, 36.36880305], [138.25492722, 36.36864555], [138.254955, 36.36857805], [138.254955, 36.36843722], [138.25492028, 36.36834139], [138.25480888, 36.36820055], [138.25474611, 36.36811055], [138.25442611, 36.36799805], [138.25437028, 36.36793611], [138.25437028, 36.36787416], [138.25441916, 36.36781223], [138.25451667, 36.36776694], [138.25481583, 36.36768833], [138.25490639, 36.36766583], [138.2550175, 36.36759806], [138.25506639, 36.36753639], [138.25512889, 36.36740139], [138.25516389, 36.36736194], [138.25524722, 36.36731111], [138.25558111, 36.36716472], [138.25580389, 36.36704667], [138.25604722, 36.36687194], [138.25617972, 36.36681], [138.25627694, 36.36681584], [138.25643723, 36.36686084], [138.25668056, 36.36695639], [138.25688945, 36.36700167], [138.2570775, 36.36701277], [138.25723056, 36.36697334], [138.2575575, 36.3668325], [138.25766194, 36.36682139], [138.25780111, 36.36682139], [138.25796805, 36.36689444], [138.25803778, 36.36695639], [138.25808639, 36.36704667], [138.25808639, 36.36713111], [138.25803083, 36.367255], [138.25795417, 36.36737306], [138.25782889, 36.36752528], [138.25757139, 36.36773361], [138.25746028, 36.3678575], [138.25727222, 36.36820083], [138.25714, 36.36841472], [138.2570425, 36.36855555], [138.25684778, 36.368685], [138.2567225, 36.36875805], [138.2565625, 36.3687975], [138.25652055, 36.36882], [138.25641611, 36.36885944], [138.25631889, 36.36893278], [138.25622139, 36.36905666], [138.25611, 36.36913528], [138.25599861, 36.36919722], [138.25584555, 36.36925916], [138.25547666, 36.36934389], [138.25521916, 36.369355], [138.25510777, 36.3693775], [138.2549825, 36.3694225], [138.25487112, 36.369445], [138.25471806, 36.36949028], [138.25467639, 36.36949556], [138.25458611, 36.36955194]]]}, "properties": {"N03_001": "長野県", "N03_002": null, "N03_003": null, "N03_004": "上田市", "N03_005": null, "N03_007": "20203"}}, {"type": "Feature", "geometry": {"type": "MultiPolygon", "coordinates": [[[[138.045864, 36.15448], [138.04552, 36.161288], [138.052044, 36.166666], [138.052044, 36.166667], [138.052169, 36.166877], [138.052454, 36.167359], [138.052797, 36.167731], [138.053163, 36.167957], [138.053649, 36.168201], [138.054268, 36.168457], [138.054476, 36.168485], [138.055061, 36.16843], [138.055411, 36.168347], [138.0556, 36.168273], [138.05587, 36.168139], [138.056156, 36.168006], [138.056788, 36.167802], [138.056968, 36.167763], [138.057357, 36.167715], [138.057471, 36.167746], [138.057841, 36.167928], [138.058292, 36.167954], [138.0587, 36.167926], [138.05915, 36.16726], [138.059306, 36.166734], [138.059331, 36.166666], [138.060051, 36.164315], [138.066909, 36.161492], [138.071709, 36.162105], [138.077885, 36.156769], [138.088333, 36.157491], [138.081759, 36.14673], [138.088932, 36.144024], [138.098476, 36.138329], [138.097839, 36.134906], [138.100684, 36.125978], [138.093548, 36.128108], [138.084162, 36.124737], [138.079776, 36.129227], [138.076173, 36.128629], [138.07188, 36.108167], [138.073132, 36.102658], [138.069275, 36.095646], [138.071877, 36.090595], [138.070798, 36.086954], [138.074955, 36.073599], [138.072836, 36.064766], [138.0745052337914, 36.06101775331809], [138.07436556, 36.06110278], [138.07417861, 36.06117306], [138.07401861, 36.0611975], [138.07384861, 36.0611975], [138.07366528, 36.06116222], [138.073485, 36.06110527], [138.07241862, 36.06081333], [138.07087555, 36.06034805], [138.06979916, 36.0600425], [138.06950027, 36.05993222], [138.0693, 36.05982667], [138.06910639, 36.05968056], [138.06884639, 36.05946389], [138.06866305, 36.059315], [138.06848944, 36.05913389], [138.06841695, 36.05907916], [138.0681425, 36.05872139], [138.06805444, 36.05868555], [138.06797306, 36.0587075], [138.06791917, 36.05886139], [138.06783222, 36.05909723], [138.06765055, 36.05962945], [138.06742667, 36.05982055], [138.06739222, 36.05956917], [138.06765222, 36.05865], [138.06771333, 36.05845917], [138.06771167, 36.05830445], [138.06753333, 36.05810195], [138.06671112, 36.05733639], [138.06652778, 36.05722138], [138.06633278, 36.05719055], [138.06615667, 36.05720278], [138.06585055, 36.05728362], [138.06565723, 36.05735194], [138.06561333, 36.0573675], [138.06543333, 36.05750083], [138.06530055, 36.05764723], [138.06527972, 36.05767028], [138.06525889, 36.05769305], [138.06516111, 36.05778444], [138.06512833, 36.05773556], [138.06510278, 36.05763222], [138.06503722, 36.05750417], [138.06475333, 36.05729139], [138.0637275, 36.05668666], [138.06261111, 36.05606444], [138.06177472, 36.05559583], [138.06161083, 36.05556944], [138.06146889, 36.05558722], [138.06119611, 36.05568445], [138.06088833, 36.05581444], [138.06075361, 36.05583222], [138.06057167, 36.05578223], [138.06044417, 36.05575556], [138.06022583, 36.05576139], [138.06010583, 36.05576722], [138.05998916, 36.05574667], [138.05982166, 36.0556225], [138.05970472, 36.05554889], [138.05905666, 36.05514139], [138.05901527, 36.05484472], [138.05892417, 36.05480028], [138.05877194, 36.05496], [138.058185, 36.05464778], [138.057575, 36.05423417], [138.0572075, 36.0540275], [138.05694167, 36.05390945], [138.05660583, 36.05380277], [138.05634027, 36.05374416], [138.05612389, 36.05342584], [138.05599667, 36.05339055], [138.05591638, 36.05368417], [138.055475, 36.05365055], [138.05505639, 36.05363889], [138.05453584, 36.05363583], [138.05407722, 36.05367722], [138.05380805, 36.05369194], [138.05372417, 36.05367722], [138.05363333, 36.05358861], [138.05356028, 36.05355917], [138.0534075, 36.05357389], [138.05317695, 36.05324666], [138.05296778, 36.05294944], [138.053045, 36.05285195], [138.05313333, 36.05223111], [138.05343584, 36.05166639], [138.05358055, 36.05165], [138.05386167, 36.05161861], [138.05395361, 36.05147556], [138.05373194, 36.05139278], [138.05397583, 36.05089778], [138.05434666, 36.05101723], [138.05436667, 36.05094777], [138.05413111, 36.05054778], [138.0544775, 36.05007611], [138.05500194, 36.04931973], [138.0553225, 36.04947556], [138.05536916, 36.04937722], [138.05514583, 36.0490225], [138.05546778, 36.04848806], [138.05614084, 36.04754112], [138.05700417, 36.04691556], [138.05727584, 36.04716], [138.05737444, 36.04709528], [138.0573325, 36.04666166], [138.05807805, 36.04619805], [138.05862889, 36.04585111], [138.05882056, 36.04573028], [138.0594, 36.04538362], [138.05990834, 36.04506944], [138.06017528, 36.0449325], [138.06065805, 36.04469833], [138.06084278, 36.04459334], [138.06117389, 36.04437389], [138.06155389, 36.04412361], [138.06180306, 36.04402389], [138.06162333, 36.04387917], [138.06189139, 36.0436725], [138.06207333, 36.04380889], [138.06220972, 36.04357195], [138.06226945, 36.04350445], [138.06259056, 36.04330944], [138.06284028, 36.04316223], [138.06305944, 36.04301639], [138.06319778, 36.04286222], [138.06326167, 36.04266723], [138.06360778, 36.04172584], [138.06390166, 36.04085861], [138.06420111, 36.04065389], [138.06400556, 36.04056945], [138.06416139, 36.04034972], [138.06433806, 36.04042], [138.06442945, 36.04003833], [138.06447084, 36.03996833], [138.06473222, 36.0397125], [138.06487111, 36.03957639], [138.06532972, 36.03921416], [138.0655575, 36.03904389], [138.0659275, 36.03882611], [138.06625306, 36.03865889], [138.06678389, 36.03838222], [138.06720667, 36.03837945], [138.06710778, 36.03821778], [138.0673325, 36.03810972], [138.06741583, 36.03822639], [138.06773111, 36.03792556], [138.06826805, 36.03767389], [138.0687025, 36.0374475], [138.06899222, 36.03725972], [138.06919861, 36.03710972], [138.06941472, 36.03687944], [138.06967194, 36.03648861], [138.06994695, 36.03589945], [138.07015361, 36.03537667], [138.07037723, 36.03489833], [138.07045527, 36.03491083], [138.07063, 36.03479695], [138.07048833, 36.03470222], [138.07060945, 36.0345075], [138.07083111, 36.0345525], [138.07083084, 36.03437584], [138.07079778, 36.03426639], [138.07097056, 36.03404889], [138.07143722, 36.03405889], [138.07144195, 36.03405889], [138.07204722, 36.0336525], [138.072085, 36.03313861], [138.07314528, 36.03273667], [138.073615, 36.03256333], [138.0741275, 36.03240084], [138.07472417, 36.03216417], [138.07496139, 36.03203001], [138.07525473, 36.03182444], [138.07555806, 36.03160973], [138.07646111, 36.03066], [138.07693416, 36.03054444], [138.07671667, 36.03037528], [138.07697, 36.03014777], [138.07716834, 36.0302675], [138.07723555, 36.02987639], [138.07761861, 36.02963167], [138.07780834, 36.02949139], [138.07828084, 36.029095], [138.07856833, 36.02906806], [138.07866194, 36.02896], [138.07850722, 36.02885917], [138.07854611, 36.028815], [138.07866361, 36.0287225], [138.07866973, 36.02871778], [138.0786729339135, 36.02871619168181], [138.073865, 36.022436], [138.067571, 36.01794], [138.052064, 36.020747], [138.037326, 36.012297], [138.031082, 36.014522], [138.024564, 36.014287], [138.01942, 36.010772], [138.012825, 36.010729], [138.006123, 36.013955], [138.00076, 36.011209], [137.994512, 36.012738], [137.991574, 36.016385], [137.99715, 36.023118], [137.998069, 36.033843], [137.999729, 36.040809], [138.006851, 36.053187], [138.010741, 36.058536], [138.015955, 36.062197], [138.012754, 36.070036], [138.017133, 36.078702], [138.022901, 36.075888], [138.023364, 36.081584], [138.028722, 36.085523], [138.027868, 36.096452], [138.030506, 36.10656], [138.030189, 36.114333], [138.034763, 36.126824], [138.041674, 36.139641], [138.042348, 36.148127], [138.045864, 36.15448]]], [[[138.07630660414702, 36.05914796171452], [138.07619917, 36.05915555], [138.07601222, 36.05924223], [138.07586194, 36.05938556], [138.07570194, 36.05955333], [138.07547167, 36.05986445], [138.0753417127252, 36.06003610998239], [138.07630660414702, 36.05914796171452]]]]}, "properties": {"N03_001": "長野県", "N03_002": null, "N03_003": null, "N03_004": "岡谷市", "N03_005": null, "N03_007": "20204"}}, {"type": "Feature", "geometry": {"type": "Polygon", "coordinates": [[[137.895426, 35.257989], [137.894401, 35.265219], [137.896794, 35.26792], [137.8957, 35.272604], [137.900085, 35.280721], [137.891374, 35.286974], [137.87862, 35.294002], [137.874404, 35.294415], [137.871056, 35.290261], [137.863128, 35.29558], [137.864432, 35.304171], [137.860827, 35.306669], [137.860275, 35.311145], [137.844833, 35.314334], [137.843373, 35.316414], [137.849774, 35.316132], [137.852853, 35.323838], [137.860157, 35.323154], [137.868336, 35.320618], [137.873859, 35.322604], [137.885, 35.324332], [137.886997, 35.320142], [137.892488, 35.323738], [137.89592, 35.322384], [137.905042, 35.330347], [137.917023, 35.337658], [137.920686, 35.344055], [137.924057, 35.344856], [137.923493, 35.353651], [137.928068, 35.358615], [137.925974, 35.361298], [137.913571, 35.356985], [137.907647, 35.357289], [137.902383, 35.359751], [137.903712, 35.363617], [137.895136, 35.368936], [137.890967, 35.373454], [137.893869, 35.379414], [137.887159, 35.386019], [137.878054, 35.38531], [137.87052, 35.388136], [137.866136, 35.392566], [137.866523, 35.397268], [137.861225, 35.397212], [137.860138, 35.400621], [137.849962, 35.406986], [137.839281, 35.409213], [137.826026, 35.417836], [137.816144, 35.418274], [137.816229, 35.421168], [137.808034, 35.424467], [137.802972, 35.424055], [137.797431, 35.426771], [137.783578, 35.425451], [137.779042, 35.419103], [137.770553, 35.420513], [137.766925, 35.421417], [137.764538, 35.431307], [137.76104, 35.431442], [137.759976, 35.439835], [137.762337, 35.442725], [137.762884, 35.459545], [137.758829, 35.46524], [137.752996, 35.455775], [137.744945, 35.461556], [137.739716, 35.470436], [137.732219, 35.472325], [137.735514, 35.47647], [137.731309, 35.486071], [137.726259, 35.490619], [137.729276, 35.495663], [137.734104, 35.499141], [137.740595, 35.501367], [137.74381, 35.505769], [137.744553, 35.511257], [137.741141, 35.515072], [137.732184, 35.516944], [137.726641, 35.516793], [137.72538, 35.519632], [137.717665, 35.521393], [137.711699, 35.535586], [137.709511, 35.537569], [137.705204, 35.547813], [137.704335, 35.552597], [137.694261, 35.554087], [137.694306, 35.560994], [137.690659, 35.562175], [137.692017, 35.569282], [137.698353, 35.576254], [137.707446, 35.578586], [137.714593, 35.583821], [137.720446, 35.586162], [137.718361, 35.594271], [137.715194, 35.599063], [137.724223, 35.605789], [137.729567, 35.613389], [137.737455, 35.612951], [137.742267, 35.615826], [137.753442, 35.619823], [137.760078, 35.627628], [137.777414, 35.631673], [137.782035, 35.637478], [137.786025, 35.63883], [137.797399, 35.653154], [137.801303, 35.655681], [137.809949, 35.648342], [137.80867, 35.643925], [137.817218, 35.637309], [137.819693, 35.631729], [137.819027, 35.622867], [137.82356, 35.615555], [137.817086, 35.610233], [137.815567, 35.601385], [137.823567, 35.593983], [137.817272, 35.582208], [137.815753, 35.572796], [137.810983, 35.568348], [137.818691, 35.566533], [137.832488, 35.557898], [137.833543, 35.550521], [137.839345, 35.547561], [137.845546, 35.549555], [137.86091, 35.540004], [137.86519, 35.53858], [137.867348, 35.53434], [137.877684, 35.53004], [137.87103, 35.521732], [137.867491, 35.519512], [137.862866, 35.511657], [137.862635, 35.499318], [137.871945, 35.499893], [137.882669, 35.497389], [137.882961, 35.489905], [137.877487, 35.487968], [137.872677, 35.490317], [137.87669, 35.477596], [137.883387, 35.477305], [137.882865, 35.473544], [137.886662, 35.468413], [137.899871, 35.463844], [137.911982, 35.463707], [137.915462, 35.459023], [137.913227, 35.444652], [137.919841, 35.440896], [137.918362, 35.438625], [137.924766, 35.435122], [137.928027, 35.435493], [137.940442, 35.432717], [137.946919, 35.427121], [137.951602, 35.429199], [137.9596, 35.435793], [137.964044, 35.441554], [137.961955, 35.447909], [137.969771, 35.457607], [137.975565, 35.463368], [137.977865, 35.46759], [137.983964, 35.473889], [137.987652, 35.480606], [137.987676, 35.487259], [137.991081, 35.493184], [138.002167, 35.489047], [138.019686, 35.474593], [138.029723, 35.470159], [138.035929, 35.464071], [138.038622, 35.45764], [138.049461, 35.462586], [138.053406, 35.468941], [138.061082, 35.472199], [138.067277, 35.476767], [138.07039, 35.48109], [138.083203, 35.485711], [138.08869, 35.482045], [138.094549, 35.474698], [138.107259, 35.473228], [138.111808, 35.464566], [138.118969, 35.458223], [138.120473, 35.454609], [138.119343, 35.445979], [138.123963, 35.435661], [138.120209, 35.431444], [138.121521, 35.428557], [138.128998, 35.427261], [138.139826, 35.422604], [138.139033, 35.41648], [138.135112, 35.414041], [138.13488, 35.407746], [138.144376, 35.406075], [138.152548, 35.397984], [138.151177, 35.389967], [138.145704, 35.383639], [138.141144, 35.369493], [138.129297, 35.365288], [138.124018, 35.368047], [138.115143, 35.364874], [138.100061, 35.354027], [138.096991, 35.35427], [138.096334, 35.339942], [138.086709, 35.337724], [138.082346, 35.338756], [138.078788, 35.343651], [138.071217, 35.347063], [138.061336, 35.347199], [138.055495, 35.343821], [138.055255, 35.339973], [138.050637, 35.335467], [138.043317, 35.335237], [138.037425, 35.332528], [138.038983, 35.326002], [138.026064, 35.320212], [138.027737, 35.311645], [138.023791, 35.305345], [138.018876, 35.301092], [138.01558, 35.30301], [138.005677, 35.304395], [137.992093, 35.301704], [137.984354, 35.295621], [137.982358, 35.292393], [137.973415, 35.293048], [137.967341, 35.284204], [137.960319, 35.282939], [137.95189, 35.283082], [137.944243, 35.276284], [137.929253, 35.27547], [137.926245, 35.268905], [137.924763, 35.260306], [137.918613, 35.254374], [137.906853, 35.254244], [137.895426, 35.257989]]]}, "properties": {"N03_001": "長野県", "N03_002": null, "N03_003": null, "N03_004": "飯田市", "N03_005": null, "N03_007": "20205"}}, {"type": "Feature", "geometry": {"type": "MultiPolygon", "coordinates": [[[[138.052064, 36.020747], [138.067571, 36.01794], [138.073865, 36.022436], [138.0786729339135, 36.02871619168181], [138.07876722, 36.02866945], [138.07885305, 36.02863361], [138.07899333, 36.028645], [138.07912666, 36.02864916], [138.07922027, 36.028635], [138.07931361, 36.02858583], [138.07936778, 36.02851612], [138.07954972, 36.02861695], [138.07969722, 36.02869861], [138.07996916, 36.02885222], [138.08018778, 36.02900945], [138.08046806, 36.02923361], [138.08102361, 36.02974389], [138.08161722, 36.03038834], [138.0819675, 36.03080666], [138.08225611, 36.03116778], [138.08246, 36.03144056], [138.08262306, 36.03164611], [138.08276778, 36.03182555], [138.08287639, 36.03195778], [138.08303056, 36.032135], [138.08346055, 36.03254695], [138.08379389, 36.03286278], [138.08397056, 36.03300306], [138.08411944, 36.03311083], [138.08427833, 36.03322333], [138.08445222, 36.03333528], [138.08463333, 36.03342639], [138.0848425, 36.03351777], [138.08506333, 36.03358306], [138.08531861, 36.03364333], [138.08552166, 36.03367111], [138.08593111, 36.0336775], [138.08603334, 36.03369556], [138.08613083, 36.03375889], [138.08623833, 36.03382916], [138.08639833, 36.03388944], [138.08704111, 36.03374194], [138.08698139, 36.03356083], [138.08721889, 36.03348889], [138.08736139, 36.03346945], [138.08767, 36.03345306], [138.087815, 36.03346916], [138.08796972, 36.03350833], [138.08811639, 36.03355722], [138.08826527, 36.03362916], [138.08841417, 36.03371722], [138.08863889, 36.03389555], [138.08877361, 36.03404222], [138.08888389, 36.03419722], [138.0890225, 36.03448861], [138.08907195, 36.03469944], [138.08907861, 36.03472861], [138.08909777, 36.0347975], [138.08909084, 36.03489555], [138.08906306, 36.03496305], [138.08898, 36.0350475], [138.08911167, 36.03514333], [138.08915306, 36.03519945], [138.08914639, 36.03527278], [138.08909084, 36.03532333], [138.08909777, 36.03539083], [138.08915999, 36.03541917], [138.08919472, 36.03544722], [138.08920167, 36.03546972], [138.0891325, 36.03553722], [138.08917389, 36.03557667], [138.08928472, 36.03558806], [138.08932639, 36.03568361], [138.08920167, 36.03576806], [138.08911862, 36.03584111], [138.08911862, 36.03593667], [138.08918084, 36.03598194], [138.08925723, 36.03597056], [138.08936111, 36.03590861], [138.0895275, 36.03584694], [138.08957722, 36.03594055], [138.08962416, 36.03602889], [138.08958945, 36.03610694], [138.08977472, 36.03644223], [138.08983278, 36.03662666], [138.08999139, 36.03653389], [138.0902225, 36.0367475], [138.0900725, 36.03685416], [138.09030056, 36.03690334], [138.09056472, 36.03693444], [138.09064084, 36.03699861], [138.09133444, 36.03762639], [138.09158528, 36.03758084], [138.09173806, 36.037725], [138.09189, 36.03786806], [138.0918, 36.03812139], [138.09181389, 36.038245], [138.09185528, 36.03834639], [138.09198, 36.03852639], [138.09206333, 36.03859973], [138.09222277, 36.03868973], [138.09249278, 36.03886416], [138.09274889, 36.0390725], [138.09320639, 36.03949472], [138.09327556, 36.03952862], [138.09346278, 36.03953417], [138.09349056, 36.03955667], [138.09350444, 36.03963555], [138.09355278, 36.03969194], [138.09361527, 36.03971444], [138.09376083, 36.03973694], [138.09383, 36.03971444], [138.09394778, 36.039585], [138.09404472, 36.03938222], [138.09411417, 36.03926972], [138.09417639, 36.03920778], [138.09428028, 36.03919638], [138.09430806, 36.03923028], [138.09430806, 36.03935417], [138.09426667, 36.03943862], [138.09425972, 36.03968612], [138.09427361, 36.03972555], [138.09434972, 36.03981], [138.09456445, 36.03988334], [138.09489028, 36.03997334], [138.09509111, 36.04000722], [138.09573528, 36.04006361], [138.09583222, 36.04005222], [138.09594333, 36.03995084], [138.09606111, 36.03987194], [138.09649778, 36.04002834], [138.09649695, 36.03987278], [138.09692722, 36.03980167], [138.09695444, 36.03995722], [138.09744528, 36.039595], [138.09783445, 36.03951611], [138.09808694, 36.03944194], [138.09834888, 36.03937556], [138.0986725, 36.03924445], [138.09891583, 36.03910195], [138.09901972, 36.03908972], [138.09920666, 36.03907833], [138.09926917, 36.03903333], [138.09936612, 36.03902778], [138.09942139, 36.03905028], [138.09949083, 36.03905028], [138.09964334, 36.03898833], [138.09989278, 36.0388025], [138.10023917, 36.03846473], [138.10058667, 36.03858055], [138.10091833, 36.03869111], [138.10076833, 36.03888278], [138.10067945, 36.03903195], [138.10061806, 36.039215], [138.10058444, 36.03937139], [138.10057833, 36.03950833], [138.10059972, 36.03964473], [138.10066417, 36.03973667], [138.10076833, 36.03978639], [138.1008725, 36.03977639], [138.10089861, 36.03998417], [138.10092639, 36.04020778], [138.10077028, 36.04031084], [138.10067584, 36.04040222], [138.10062139, 36.04052305], [138.10063973, 36.04064389], [138.10075167, 36.04082277], [138.10142639, 36.04177666], [138.10296166, 36.04101306], [138.10382555, 36.04219694], [138.10335694, 36.04244111], [138.10337167, 36.04251194], [138.10344416, 36.04254139], [138.10368028, 36.04255028], [138.10389445, 36.04260334], [138.10414111, 36.04267389], [138.10436278, 36.04276528], [138.10450083, 36.04279194], [138.10466056, 36.04277111], [138.10490361, 36.04266806], [138.10504611, 36.04284], [138.10512778, 36.04296222], [138.10505083, 36.04314278], [138.10512389, 36.04330166], [138.10553472, 36.04378138], [138.10623333, 36.04426722], [138.10741556, 36.04512667], [138.10775333, 36.04536361], [138.10802972, 36.04542278], [138.10809778, 36.04546917], [138.10824888, 36.04561056], [138.1082325, 36.04564389], [138.10818305, 36.04569305], [138.10815833, 36.04573778], [138.10821056, 36.0458075], [138.10840917, 36.04600528], [138.10917111, 36.04667305], [138.10984444, 36.04727112], [138.11036639, 36.04769305], [138.11060166, 36.04790916], [138.11073584, 36.04796806], [138.11086195, 36.04794889], [138.11119528, 36.04784445], [138.11133055, 36.04780749], [138.11142583, 36.047845], [138.11154472, 36.04797111], [138.11175, 36.04822222], [138.11191194, 36.04847972], [138.11201194, 36.0486975], [138.11214306, 36.049095], [138.1122625, 36.04949167], [138.11233055, 36.04995722], [138.11240389, 36.05058583], [138.1124125, 36.05091139], [138.11241583, 36.05131583], [138.11235611, 36.05180972], [138.1123, 36.05205361], [138.11222361, 36.05226584], [138.11211945, 36.05255083], [138.11206445, 36.05267666], [138.11203584, 36.05274195], [138.11199028, 36.05292083], [138.11180777, 36.05308694], [138.11169166, 36.05320611], [138.111605, 36.05332806], [138.11155889, 36.0534775], [138.11155027, 36.05361472], [138.11157083, 36.05379861], [138.11161694, 36.05396222], [138.11129833, 36.05495695], [138.11088917, 36.05630944], [138.110695, 36.05664888], [138.11012778, 36.05773389], [138.10994694, 36.05767861], [138.10989583, 36.05776722], [138.11005278, 36.05806611], [138.10987888, 36.05844222], [138.10979055, 36.05850916], [138.10965916, 36.05863389], [138.10958556, 36.05874084], [138.10939444, 36.05869388], [138.109265, 36.05895417], [138.10957611, 36.05925972], [138.10925084, 36.05994611], [138.10917194, 36.06016805], [138.10906777, 36.06034417], [138.10899320834716, 36.06045107580041], [138.112625, 36.062092], [138.120968, 36.070061], [138.121378, 36.073339], [138.12884, 36.076924], [138.128328, 36.082653], [138.125081, 36.08827], [138.137708, 36.088009], [138.13662, 36.092445], [138.138573, 36.100076], [138.15794, 36.100297], [138.162803, 36.102708], [138.171073, 36.10259], [138.174488, 36.105277], [138.171142, 36.109144], [138.171032, 36.115057], [138.165634, 36.122519], [138.16929, 36.123726], [138.175248, 36.121036], [138.180604, 36.123797], [138.191128, 36.122696], [138.189918, 36.11641], [138.199534, 36.107733], [138.19828, 36.103291], [138.193301, 36.10101], [138.190347, 36.09519], [138.191443, 36.091327], [138.180493, 36.089296], [138.173232, 36.062162], [138.172882, 36.055941], [138.163682, 36.046586], [138.162332, 36.042899], [138.155848, 36.037671], [138.158991, 36.028193], [138.1565, 36.019197], [138.157321, 36.015065], [138.13546, 36.009646], [138.137233, 36.003361], [138.129469, 35.99764], [138.123089, 35.989878], [138.115754, 35.986371], [138.112035, 35.977907], [138.113153, 35.974854], [138.113253, 35.973341], [138.099346, 35.967139], [138.092024, 35.967447], [138.08655, 35.96018], [138.079629, 35.960503], [138.074014, 35.950316], [138.059023, 35.946246], [138.043795, 35.953578], [138.035518, 35.959487], [138.035011, 35.962424], [138.040205, 35.961768], [138.04593, 35.965136], [138.048207, 35.974402], [138.045317, 35.999607], [138.036823, 36.001638], [138.034362, 36.007708], [138.037326, 36.012297], [138.052064, 36.020747]]], [[[138.10913556, 36.04942583], [138.10899695, 36.04942583], [138.10894139, 36.04945389], [138.10886527, 36.04951583], [138.10885834, 36.049555], [138.10889305, 36.04965055], [138.10901778, 36.049645], [138.10919083, 36.04954389], [138.10920472, 36.04953277], [138.10919083, 36.04946527], [138.10913556, 36.04942583]]]]}, "properties": {"N03_001": "長野県", "N03_002": null, "N03_003": null, "N03_004": "諏訪市", "N03_005": null, "N03_007": "20206"}}, {"type": "Feature", "geometry": {"type": "Polygon", "coordinates": [[[138.311435, 36.550361], [138.308095, 36.55344], [138.311124, 36.559378], [138.317407, 36.561132], [138.318237, 36.566788], [138.307445, 36.573057], [138.306436, 36.578127], [138.308252, 36.58223], [138.307086, 36.593491], [138.305459, 36.59943], [138.300131, 36.607137], [138.289349, 36.613066], [138.28787, 36.621498], [138.284283, 36.622647], [138.282219, 36.62736], [138.268392, 36.636995], [138.257263, 36.640128], [138.260017, 36.646088], [138.276394, 36.674432], [138.280082, 36.686576], [138.283279, 36.687667], [138.290489, 36.686387], [138.309851, 36.688176], [138.316258, 36.688096], [138.33149, 36.682184], [138.3337, 36.678256], [138.338499, 36.661804], [138.343058, 36.657792], [138.346349, 36.648149], [138.354975, 36.647891], [138.360797, 36.64542], [138.370249, 36.644198], [138.373498, 36.647021], [138.381895, 36.646708], [138.38786, 36.644059], [138.394085, 36.633123], [138.402432, 36.63167], [138.411117, 36.628208], [138.413296, 36.624021], [138.42303, 36.618993], [138.430039, 36.61781], [138.435167, 36.612219], [138.441583, 36.61067], [138.438943, 36.605576], [138.441428, 36.599992], [138.435172, 36.60023], [138.428835, 36.597892], [138.426318, 36.593524], [138.427119, 36.588259], [138.424159, 36.581514], [138.420295, 36.577237], [138.428429, 36.568696], [138.428828, 36.564077], [138.426162, 36.560394], [138.428841, 36.556225], [138.426108, 36.5515], [138.417723, 36.543193], [138.412388, 36.541486], [138.407621, 36.541434], [138.404509, 36.545728], [138.395767, 36.549124], [138.391553, 36.553629], [138.382073, 36.554661], [138.368785, 36.552801], [138.356203, 36.549226], [138.353679, 36.547426], [138.351954, 36.541283], [138.346477, 36.539827], [138.336919, 36.539636], [138.333961, 36.537352], [138.323708, 36.546154], [138.315858, 36.546299], [138.311435, 36.550361]]]}, "properties": {"N03_001": "長野県", "N03_002": null, "N03_003": null, "N03_004": "須坂市", "N03_005": null, "N03_007": "20207"}}, {"type": "Feature", "geometry": {"type": "Polygon", "coordinates": [[[138.371998, 36.333377], [138.375779, 36.335559], [138.381237, 36.334107], [138.385752, 36.336835], [138.380641, 36.339634], [138.381998, 36.347918], [138.386934, 36.352327], [138.384366, 36.354773], [138.385318, 36.360156], [138.389074, 36.365785], [138.398204, 36.37217], [138.412224, 36.371212], [138.417627, 36.376724], [138.424184, 36.376583], [138.438014, 36.384629], [138.443982, 36.39817], [138.452608, 36.407883], [138.457715, 36.411574], [138.461173, 36.407741], [138.45965, 36.40475], [138.477868, 36.40445], [138.488957, 36.400934], [138.488825, 36.408917], [138.492057, 36.413258], [138.496432, 36.414185], [138.506224, 36.413205], [138.5, 36.410444], [138.496544, 36.409063], [138.496273, 36.401131], [138.492621, 36.392384], [138.481781, 36.38779], [138.478676, 36.378675], [138.47539, 36.377189], [138.468826, 36.365346], [138.461897, 36.354774], [138.461153, 36.351091], [138.472233, 36.348814], [138.472897, 36.353396], [138.486184, 36.350868], [138.486057, 36.355239], [138.489839, 36.360925], [138.492784, 36.359564], [138.485262, 36.346703], [138.483016, 36.340669], [138.47841, 36.337791], [138.481323, 36.333393], [138.481311, 36.333333], [138.481254, 36.333195], [138.481238, 36.33305], [138.481478, 36.332549], [138.481948, 36.331906], [138.482059, 36.331767], [138.482216, 36.331642], [138.482574, 36.331497], [138.483067, 36.331276], [138.482773, 36.330995], [138.482941, 36.330628], [138.482883, 36.330502], [138.482741, 36.330404], [138.481948, 36.329822], [138.482536, 36.32888], [138.482673, 36.328608], [138.48272, 36.328227], [138.482891, 36.32824], [138.483141, 36.327943], [138.482968, 36.327734], [138.482783, 36.327089], [138.482757, 36.326981], [138.482868, 36.326872], [138.481516, 36.326114], [138.481329, 36.325974], [138.4812, 36.325835], [138.481295, 36.325737], [138.481792, 36.325323], [138.481881, 36.325], [138.481945, 36.324821], [138.482005, 36.324574], [138.4817, 36.324111], [138.48195, 36.323686], [138.482047, 36.323582], [138.482253, 36.323407], [138.482555, 36.323176], [138.482899, 36.323027], [138.483337, 36.323023], [138.483337, 36.322981], [138.483259, 36.322931], [138.482892, 36.322882], [138.482744, 36.322818], [138.482626, 36.322459], [138.482673, 36.32206], [138.482689, 36.321685], [138.481897, 36.32116], [138.482184, 36.320112], [138.48243, 36.319989], [138.48281, 36.319904], [138.482944, 36.319579], [138.482854, 36.319119], [138.482639, 36.31892], [138.48252, 36.318837], [138.482178, 36.318672], [138.481562, 36.318379], [138.481378, 36.318153], [138.481204, 36.317856], [138.480983, 36.317046], [138.481001, 36.316667], [138.481203, 36.316667], [138.481294, 36.316553], [138.481367, 36.316395], [138.480973, 36.316255], [138.480844, 36.316197], [138.480681, 36.315875], [138.48086, 36.315665], [138.481144, 36.315304], [138.481304, 36.31509], [138.481399, 36.314934], [138.481438, 36.314729], [138.481675, 36.314753], [138.482409, 36.315073], [138.482459, 36.315069], [138.482514, 36.314747], [138.482614, 36.314619], [138.477196, 36.310106], [138.478519, 36.305372], [138.484109, 36.301904], [138.484533, 36.297706], [138.476854, 36.293195], [138.469305, 36.294358], [138.4592, 36.28652], [138.446362, 36.28036], [138.431013, 36.281656], [138.417064, 36.281589], [138.418319, 36.290286], [138.406953, 36.296655], [138.398872, 36.297677], [138.392824, 36.29419], [138.386306, 36.297566], [138.383574, 36.303294], [138.379669, 36.302874], [138.37388, 36.312532], [138.372754, 36.317183], [138.365083, 36.321588], [138.363396, 36.325736], [138.366959, 36.333192], [138.371892, 36.333333], [138.371998, 36.333377]]]}, "properties": {"N03_001": "長野県", "N03_002": null, "N03_003": null, "N03_004": "小諸市", "N03_005": null, "N03_007": "20208"}}, {"type": "Feature", "geometry": {"type": "MultiPolygon", "coordinates": [[[[138.092024, 35.967447], [138.099346, 35.967139], [138.113253, 35.973341], [138.113153, 35.974854], [138.124766, 35.971467], [138.133894, 35.963519], [138.150584, 35.954122], [138.152398, 35.950493], [138.147692, 35.946287], [138.146716, 35.942538], [138.152533, 35.936913], [138.160789, 35.933458], [138.166272, 35.923893], [138.165312, 35.919966], [138.168913, 35.916601], [138.173814, 35.912305], [138.169414, 35.904546], [138.173122, 35.899041], [138.171755, 35.896036], [138.174164, 35.890604], [138.180882, 35.889151], [138.180897, 35.883973], [138.177697, 35.87842], [138.182961, 35.87537], [138.177628, 35.867254], [138.18783, 35.863087], [138.188892, 35.857813], [138.177095, 35.844807], [138.175957, 35.838753], [138.180655, 35.833143], [138.175527, 35.823242], [138.175158, 35.813017], [138.173154, 35.808712], [138.172285, 35.800763], [138.177496, 35.786185], [138.18774, 35.781517], [138.198321, 35.781557], [138.205327, 35.782585], [138.217292, 35.771375], [138.221281, 35.770671], [138.224679, 35.765689], [138.232161, 35.763552], [138.236702, 35.757715], [138.222083, 35.75048], [138.219248, 35.745509], [138.212915, 35.741574], [138.207164, 35.735597], [138.20055, 35.733119], [138.197474, 35.727032], [138.186644, 35.722154], [138.181848, 35.718338], [138.180856, 35.711238], [138.186667, 35.704433], [138.191159, 35.701899], [138.193983, 35.695494], [138.193475, 35.687965], [138.191298, 35.685378], [138.193117, 35.6811], [138.193302, 35.672265], [138.205489, 35.664264], [138.208085, 35.655789], [138.216264, 35.648457], [138.218671, 35.644549], [138.211221, 35.635215], [138.203442, 35.632181], [138.202405, 35.618216], [138.206055, 35.608397], [138.20043, 35.599563], [138.195958, 35.59549], [138.19463, 35.588622], [138.188923, 35.580559], [138.189491, 35.576781], [138.184399, 35.573092], [138.1784, 35.574849], [138.172842, 35.581602], [138.167383, 35.582907], [138.16205, 35.581295], [138.160099, 35.576128], [138.15181, 35.57096], [138.146283, 35.576456], [138.140834, 35.577358], [138.135654, 35.581689], [138.130821, 35.581305], [138.127348, 35.586068], [138.126104, 35.592547], [138.121522, 35.596557], [138.115673, 35.597293], [138.111027, 35.60015], [138.101083, 35.614891], [138.104389, 35.618616], [138.105329, 35.627156], [138.104204, 35.638911], [138.101878, 35.646997], [138.091958, 35.655027], [138.087132, 35.666376], [138.085546, 35.672952], [138.079484, 35.679383], [138.077114, 35.694324], [138.06564, 35.699995], [138.061373, 35.70354], [138.063876, 35.708364], [138.060684, 35.72497], [138.061988, 35.733903], [138.057201, 35.735398], [138.052184, 35.740127], [138.051973, 35.744943], [138.042847, 35.754919], [138.045118, 35.760892], [138.039863, 35.76687], [138.029082, 35.772427], [138.0229, 35.771838], [138.009588, 35.777483], [138.001583, 35.77941], [137.99253, 35.77867], [137.986351, 35.781499], [137.980443, 35.781174], [137.975035, 35.775924], [137.972336, 35.769738], [137.965115, 35.769842], [137.963965, 35.775866], [137.959982, 35.778246], [137.946634, 35.771158], [137.942809, 35.773316], [137.934797, 35.774124], [137.92434, 35.778826], [137.919632, 35.778926], [137.908879, 35.781863], [137.900867, 35.78183], [137.893322, 35.783963], [137.887906, 35.783317], [137.881131, 35.784683], [137.874607, 35.79204], [137.868946, 35.800757], [137.868455, 35.80376], [137.862427, 35.806112], [137.844274, 35.805252], [137.833645, 35.807813], [137.828295, 35.806176], [137.824097, 35.813124], [137.827969, 35.814834], [137.836974, 35.823284], [137.837294, 35.827154], [137.841496, 35.829823], [137.847059, 35.837337], [137.846173, 35.842099], [137.846846, 35.858027], [137.854126, 35.859572], [137.856292, 35.867738], [137.863234, 35.871896], [137.866492, 35.871438], [137.877208, 35.864341], [137.887046, 35.865789], [137.882275, 35.874288], [137.876494, 35.878887], [137.877411, 35.887713], [137.88329, 35.895119], [137.881954, 35.899324], [137.887191, 35.901603], [137.90045, 35.898177], [137.90508, 35.895417], [137.909277, 35.897464], [137.922354, 35.899672], [137.922964, 35.905208], [137.927333, 35.905541], [137.937577, 35.901964], [137.95016, 35.901761], [137.950457, 35.898183], [137.954883, 35.894908], [137.953207, 35.890257], [137.945598, 35.890127], [137.939395, 35.894381], [137.93337, 35.884867], [137.933136, 35.881268], [137.952915, 35.875686], [137.948724, 35.866599], [137.940375, 35.86387], [137.935292, 35.871332], [137.929011, 35.871967], [137.928553, 35.864104], [137.923585, 35.864624], [137.90606, 35.862306], [137.906232, 35.857921], [137.91445, 35.855536], [137.929861, 35.854652], [137.946922, 35.849965], [137.954937, 35.865021], [137.966451, 35.858714], [137.973425, 35.85371], [137.978815, 35.860314], [137.983642, 35.863334], [137.984657, 35.874999], [137.988615, 35.878257], [137.996333, 35.880957], [138.001521, 35.880579], [138.006877, 35.884629], [138.015991, 35.885062], [138.01702, 35.888431], [138.024919, 35.891243], [138.02787, 35.895166], [138.032028, 35.894871], [138.037296, 35.897675], [138.037036, 35.900434], [138.04396, 35.909578], [138.046989, 35.915589], [138.055417, 35.919385], [138.063504, 35.915149], [138.067112, 35.915719], [138.069953, 35.921987], [138.075784, 35.924862], [138.082161, 35.931826], [138.084029, 35.937657], [138.088845, 35.943403], [138.090627, 35.948055], [138.086593, 35.953576], [138.08655, 35.96018], [138.092024, 35.967447]], [[138.14756944, 35.95124973], [138.147445, 35.95115389], [138.14716111, 35.95078222], [138.14715417, 35.95075972], [138.14747527, 35.95032278], [138.14752805, 35.95032055], [138.14796417, 35.95042194], [138.14809556, 35.95041084], [138.14830333, 35.95034889], [138.14845556, 35.95033194], [138.14847445, 35.95033334], [138.14849722, 35.9503375], [138.14853861, 35.9503825], [138.14855944, 35.95044444], [138.14854528, 35.95064167], [138.14855222, 35.95067527], [138.14859389, 35.95072611], [138.14886389, 35.95078806], [138.14903, 35.95084417], [138.1490575, 35.9509175], [138.1490575, 35.95093444], [138.14896778, 35.950985], [138.14877389, 35.95103], [138.14880139, 35.95114278], [138.14879444, 35.95126083], [138.14876, 35.95140723], [138.14863528, 35.95150305], [138.14859389, 35.95159278], [138.14852472, 35.95164916], [138.14826834, 35.9517225], [138.14813, 35.95172805], [138.14805389, 35.95169973], [138.14797083, 35.95162666], [138.14781195, 35.95143528], [138.14764583, 35.95129999], [138.14756944, 35.95124973]], [[138.07901445, 35.80158222], [138.07903501, 35.80146972], [138.07904194, 35.80131194], [138.07911806, 35.80099667], [138.07925611, 35.80073195], [138.0792975, 35.80059695], [138.07926306, 35.80042806], [138.07931139, 35.80034916], [138.07940806, 35.80023639], [138.07942194, 35.80019139], [138.079415, 35.80008444], [138.07939417, 35.79996056], [138.07940111, 35.79984806], [138.07947028, 35.79972972], [138.07959472, 35.79962278], [138.07978805, 35.79950445], [138.0799675, 35.79934139], [138.07999527, 35.79927945], [138.08002278, 35.79902055], [138.08011973, 35.79875028], [138.08021639, 35.79846889], [138.08025083, 35.79800694], [138.08025778, 35.79793389], [138.08028528, 35.79784389], [138.08029917, 35.79762417], [138.08042361, 35.79733695], [138.08042361, 35.79721306], [138.08034056, 35.7969825], [138.08030611, 35.79688695], [138.08029917, 35.796825], [138.08026611, 35.79674417], [138.08020361, 35.79665972], [138.08002278, 35.79649278], [138.07994, 35.79644194], [138.07980222, 35.79628444], [138.07966389, 35.7961775], [138.07951194, 35.79611556], [138.07939445, 35.79607027], [138.07912528, 35.79594639], [138.07892472, 35.7958], [138.07871083, 35.79579445], [138.07860028, 35.79576639], [138.078545, 35.79574389], [138.07851028, 35.79571], [138.07849666, 35.79568194], [138.07849666, 35.7956425], [138.07854527, 35.7956075], [138.07862166, 35.79558222], [138.07875222, 35.79558611], [138.07882806, 35.7955975], [138.07893167, 35.79558055], [138.07898694, 35.79554111], [138.07903528, 35.79545667], [138.07907, 35.79535528], [138.07905611, 35.795175], [138.07900778, 35.79496111], [138.07894555, 35.79460639], [138.07889306, 35.79441445], [138.07887639, 35.79435306], [138.078835, 35.79425167], [138.07874528, 35.7939025], [138.07873139, 35.79360445], [138.07874528, 35.79338473], [138.07882806, 35.79310333], [138.07889722, 35.79290056], [138.07891111, 35.79283861], [138.07895945, 35.79272611], [138.07907111, 35.7925075], [138.07910445, 35.79237139], [138.07910445, 35.79203917], [138.07913194, 35.79189833], [138.07918723, 35.79178], [138.07934611, 35.791555], [138.07953278, 35.7913525], [138.0796225, 35.79120611], [138.07962945, 35.79104833], [138.07965028, 35.79096973], [138.07968472, 35.79090194], [138.07980222, 35.79076139], [138.07995417, 35.79060917], [138.08003, 35.79050777], [138.08003862, 35.79022416], [138.08000944, 35.79004055], [138.08001639, 35.78970833], [138.08004388, 35.78948306], [138.08009222, 35.78913389], [138.08012, 35.78905556], [138.080175, 35.78879083], [138.08020973, 35.78872333], [138.08032722, 35.78838528], [138.08035472, 35.78823889], [138.08034778, 35.7880025], [138.08027888, 35.78767583], [138.08025834, 35.78741694], [138.08023749, 35.78728167], [138.08022083, 35.78713972], [138.08017556, 35.78687028], [138.08018917, 35.78672444], [138.08023749, 35.78656139], [138.08031361, 35.78642612], [138.08045166, 35.78621778], [138.08053473, 35.78604333], [138.08054834, 35.78593083], [138.08054139, 35.7859025], [138.08046917, 35.785785], [138.08045861, 35.7857675], [138.08044473, 35.78554778], [138.08038944, 35.78544639], [138.08020305, 35.78535639], [138.08012695, 35.78529444], [138.08004417, 35.78515361], [138.07999583, 35.78501306], [138.07996139, 35.78484389], [138.079975, 35.78438222], [138.08000972, 35.78416278], [138.08005111, 35.78405612], [138.08014083, 35.78372388], [138.08016861, 35.7835775], [138.08025834, 35.78339166], [138.08028583, 35.78320028], [138.08032056, 35.78308194], [138.080355, 35.78277778], [138.08031361, 35.78253], [138.08034112, 35.78236695], [138.08036888, 35.78228805], [138.08055528, 35.78201223], [138.08063834, 35.78183778], [138.08066583, 35.78170833], [138.08067972, 35.7816125], [138.08067278, 35.78146611], [138.0806175, 35.78128028], [138.08035527, 35.78090305], [138.08028612, 35.7808075], [138.08014805, 35.78059333], [138.08012056, 35.78054278], [138.07994778, 35.7803175], [138.07989945, 35.78026695], [138.07987167, 35.78019916], [138.07982333, 35.78011473], [138.07983028, 35.77999666], [138.07984416, 35.77988973], [138.07980278, 35.77981083], [138.07969223, 35.77968694], [138.07966445, 35.77957999], [138.07954028, 35.77934334], [138.07940194, 35.77914084], [138.07912583, 35.77881444], [138.07901528, 35.77871305], [138.07861473, 35.77830778], [138.07851805, 35.7781725], [138.07823083, 35.77758611], [138.07824333, 35.777565], [138.07814111, 35.77717611], [138.07808, 35.77692333], [138.07801084, 35.77662917], [138.07790139, 35.77628945], [138.07783889, 35.77607084], [138.07783639, 35.77597583], [138.07785334, 35.77588722], [138.07789638, 35.77580138], [138.07797555, 35.775675], [138.07768916, 35.77555916], [138.07770861, 35.77538333], [138.07772972, 35.77513083], [138.07771166, 35.77490139], [138.07780805, 35.77471278], [138.07780528, 35.77462028], [138.07779611, 35.77433389], [138.07779112, 35.77430139], [138.0776075, 35.77402139], [138.07753056, 35.77392639], [138.07738361, 35.7737625], [138.077135, 35.77340945], [138.07689, 35.77289639], [138.07681583, 35.7727975], [138.07673639, 35.77274695], [138.07662056, 35.77271944], [138.07646694, 35.77274805], [138.07596194, 35.77227806], [138.07595278, 35.77224305], [138.07600445, 35.772075], [138.07600445, 35.77192306], [138.07599055, 35.77185556], [138.07594917, 35.77177667], [138.07579722, 35.77158528], [138.07565889, 35.77146139], [138.07544277, 35.77124111], [138.075605, 35.77108695], [138.07572805, 35.77099445], [138.07588, 35.77109], [138.07621833, 35.77125333], [138.07691583, 35.77166972], [138.07714388, 35.77181611], [138.07721278, 35.77190056], [138.07766194, 35.77232861], [138.07770112, 35.77236027], [138.077895, 35.77256722], [138.07821305, 35.77290028], [138.07847722, 35.77323639], [138.07871917, 35.77354778], [138.07892222, 35.77380416], [138.07912917, 35.77406583], [138.07932722, 35.77431722], [138.07957861, 35.77465805], [138.07966973, 35.77481833], [138.07968778, 35.7748975], [138.07969695, 35.77497305], [138.07965416, 35.775275], [138.07962028, 35.77556028], [138.0796125, 35.77577111], [138.079645, 35.77600056], [138.07971139, 35.77615556], [138.07978306, 35.77629083], [138.07988417, 35.77645083], [138.08004417, 35.77664778], [138.08021722, 35.77686083], [138.08045888, 35.77741806], [138.08062473, 35.77772778], [138.08075583, 35.77794166], [138.08081111, 35.77800361], [138.08107361, 35.77822888], [138.08132223, 35.77841472], [138.08187472, 35.77879194], [138.08205417, 35.77894389], [138.08273111, 35.77967028], [138.08304889, 35.77997445], [138.08373944, 35.78056], [138.08382917, 35.78065555], [138.08396056, 35.78091444], [138.08407805, 35.78113972], [138.08436806, 35.78170833], [138.08454084, 35.78199555], [138.08474111, 35.78229389], [138.08482389, 35.78236722], [138.08500333, 35.78251305], [138.08523805, 35.78267111], [138.08539695, 35.78273861], [138.08538722, 35.78281361], [138.08534861, 35.78285694], [138.08520361, 35.78296944], [138.08512056, 35.78304833], [138.08506556, 35.78320611], [138.08506556, 35.78339195], [138.08510695, 35.78349888], [138.08519666, 35.78361722], [138.08531417, 35.7837125], [138.08554195, 35.78380833], [138.08560083, 35.78382528], [138.085645, 35.78382528], [138.08581445, 35.78408305], [138.08603584, 35.78440723], [138.08625583, 35.78473916], [138.08642, 35.78506361], [138.08657194, 35.78541889], [138.08666695, 35.78573277], [138.08675833, 35.78607], [138.08680888, 35.78639028], [138.08681806, 35.78667389], [138.08675666, 35.78697472], [138.08668778, 35.78727667], [138.086645, 35.78744334], [138.08658361, 35.787605], [138.08643667, 35.78792778], [138.08626723, 35.78822833], [138.08606028, 35.78851528], [138.08594945, 35.78856583], [138.0857975, 35.78865583], [138.08564528, 35.78879666], [138.08559695, 35.78887528], [138.08559695, 35.78895416], [138.08558334, 35.78902166], [138.08552805, 35.78907222], [138.08538278, 35.78916806], [138.08519639, 35.78930333], [138.08498917, 35.78949472], [138.08483028, 35.78969167], [138.08479583, 35.78975917], [138.0847475, 35.79000139], [138.08469222, 35.79011389], [138.08463, 35.79017584], [138.08435389, 35.79037861], [138.08422972, 35.79053639], [138.08406389, 35.79066028], [138.08385666, 35.79075028], [138.08381917, 35.79077528], [138.08370473, 35.79085139], [138.08362166, 35.79092444], [138.08346278, 35.79106528], [138.08326944, 35.79117223], [138.08300694, 35.791285], [138.08283416, 35.79138639], [138.08258555, 35.79147639], [138.08224028, 35.791465], [138.082185, 35.79145389], [138.08198473, 35.79145389], [138.08165305, 35.79168472], [138.08165305, 35.79179722], [138.08172917, 35.79193805], [138.08174278, 35.79214639], [138.0817775, 35.79219694], [138.08186027, 35.79222528], [138.08189473, 35.79225889], [138.0819225, 35.79232666], [138.0819225, 35.79242222], [138.08189473, 35.79247861], [138.0817775, 35.79270917], [138.08168083, 35.79281611], [138.08146667, 35.79290056], [138.08145972, 35.79307528], [138.08157722, 35.79321028], [138.08161861, 35.79327778], [138.08166695, 35.79358195], [138.08172917, 35.79378472], [138.08181195, 35.79394222], [138.08186722, 35.79399861], [138.08199166, 35.79418444], [138.08209528, 35.79440389], [138.08210889, 35.79450528], [138.08208139, 35.79460666], [138.08195695, 35.79484306], [138.08195, 35.79497278], [138.08198473, 35.79502333], [138.08217805, 35.79518667], [138.08230917, 35.79518667], [138.08245445, 35.79512472], [138.08255111, 35.79509667], [138.0827375, 35.79520362], [138.08278584, 35.79521472], [138.08298583, 35.79522055], [138.08304806, 35.79525417], [138.08305889, 35.79527639], [138.08312417, 35.79537805], [138.0831725, 35.79543444], [138.08326917, 35.79551334], [138.08335195, 35.79556389], [138.083435, 35.79556389], [138.08346251, 35.79554139], [138.08347639, 35.79545694], [138.08351083, 35.7954175], [138.08362139, 35.79537805], [138.08371805, 35.795305], [138.08384944, 35.79516417], [138.08391167, 35.79505138], [138.08398055, 35.79497833], [138.08401528, 35.79496138], [138.08411194, 35.79494445], [138.08435362, 35.794905], [138.08450555, 35.79482638], [138.08467139, 35.79474195], [138.08475445, 35.7947475], [138.08482722, 35.79478111], [138.08507722, 35.79486055], [138.08486111, 35.79507], [138.08478555, 35.79515083], [138.08471972, 35.79523722], [138.08461611, 35.79540055], [138.08452638, 35.795485], [138.08444333, 35.79553584], [138.08433306, 35.79563139], [138.08425, 35.79574417], [138.08417416, 35.79590167], [138.08417416, 35.79605944], [138.08419472, 35.79611], [138.08425694, 35.79617194], [138.0845125, 35.79638001], [138.08457472, 35.79647028], [138.08460916, 35.79661666], [138.08472667, 35.79677416], [138.084775, 35.79689805], [138.084775, 35.79706139], [138.0847475, 35.79724722], [138.08480944, 35.79745], [138.08480944, 35.79759194], [138.08469916, 35.79787778], [138.08470583, 35.79799056], [138.08472639, 35.79806361], [138.08483695, 35.7982775], [138.08498889, 35.79845222], [138.08511334, 35.79854222], [138.08520305, 35.79860417], [138.08528583, 35.79861555], [138.0855925, 35.79881972], [138.08567278, 35.7988575], [138.08591445, 35.79888584], [138.08623223, 35.79889695], [138.08632083, 35.7989175], [138.08637777, 35.79895944], [138.08615638, 35.79906583], [138.08606638, 35.79914472], [138.08592833, 35.79922361], [138.085735, 35.79924611], [138.08563139, 35.79922917], [138.08558223, 35.79921694], [138.08524444, 35.79904889], [138.085065, 35.79903222], [138.084975, 35.79902083], [138.08494056, 35.79903777], [138.08491278, 35.79906583], [138.08486444, 35.79915583], [138.08489222, 35.79932472], [138.08493361, 35.79952722], [138.08493361, 35.7997975], [138.08491972, 35.79989889], [138.08484389, 35.80009028], [138.08474722, 35.80042833], [138.08472639, 35.80058028], [138.084685, 35.80070417], [138.08467111, 35.80094055], [138.08462278, 35.80119972], [138.08458139, 35.80130084], [138.08452611, 35.80144722], [138.08436028, 35.80164444], [138.08404945, 35.80199889], [138.08395972, 35.80217916], [138.08384917, 35.80230861], [138.08357972, 35.8025225], [138.08341388, 35.80262389], [138.08332417, 35.80270833], [138.08328278, 35.80280417], [138.08319973, 35.80285472], [138.08304806, 35.80285472], [138.08271667, 35.80280972], [138.08244028, 35.80280972], [138.08237806, 35.80284361], [138.08227445, 35.80295055], [138.0822675, 35.80300111], [138.08230222, 35.80317], [138.08230222, 35.80327694], [138.08210861, 35.80371028], [138.08208111, 35.80387361], [138.08207417, 35.80408194], [138.08206028, 35.80416639], [138.08203972, 35.80420028], [138.08194972, 35.80460555], [138.08190139, 35.80472945], [138.08175639, 35.80488722], [138.08152166, 35.80508972], [138.08150778, 35.80511806], [138.08150083, 35.80518], [138.08153861, 35.80525194], [138.08154222, 35.80525861], [138.08157695, 35.8052925], [138.08165278, 35.80539944], [138.08160444, 35.80553473], [138.08168722, 35.80576], [138.08169417, 35.80583861], [138.08156305, 35.80613111], [138.08152834, 35.80624388], [138.08152166, 35.80646917], [138.08155611, 35.80657028], [138.08165973, 35.80676194], [138.08165973, 35.8069025], [138.08165973, 35.80705472], [138.081715, 35.80713917], [138.08184583, 35.80729667], [138.08188056, 35.80736444], [138.08186667, 35.80742639], [138.08181139, 35.80748806], [138.08157, 35.80757278], [138.08154222, 35.80760083], [138.08150778, 35.80766833], [138.08149361, 35.80788223], [138.08145222, 35.80796666], [138.08129361, 35.80810195], [138.08128667, 35.808175], [138.08133473, 35.80827083], [138.08149361, 35.80837778], [138.081535, 35.80845667], [138.08154888, 35.80861444], [138.08152139, 35.80875472], [138.08147973, 35.80885055], [138.08145222, 35.80897444], [138.08145222, 35.80908694], [138.08147305, 35.80918834], [138.08154195, 35.80932916], [138.0816525, 35.8094475], [138.08170778, 35.8095375], [138.08171473, 35.80962194], [138.08169389, 35.80967833], [138.08161805, 35.80977944], [138.08146611, 35.80993722], [138.08139695, 35.81003305], [138.08139, 35.8101175], [138.08144527, 35.81025805], [138.08147973, 35.81031445], [138.0815075, 35.81044972], [138.08158334, 35.81066361], [138.08168695, 35.81109139], [138.08170778, 35.81137306], [138.08174222, 35.81160388], [138.08182528, 35.81178388], [138.08186667, 35.81186833], [138.08190805, 35.81202583], [138.081915, 35.81213862], [138.08198417, 35.81251584], [138.08198417, 35.81266222], [138.08190805, 35.81276361], [138.08172166, 35.81294361], [138.08144527, 35.81314083], [138.08138305, 35.81320833], [138.08126694, 35.813425], [138.08069139, 35.81346667], [138.07911084, 35.8135575], [138.07907417, 35.81356055], [138.07849639, 35.81360695], [138.07819167, 35.81364083], [138.07795223, 35.8137425], [138.07780389, 35.81383084], [138.07768083, 35.81366889], [138.07766028, 35.81364166], [138.07766722, 35.81338833], [138.07769472, 35.81320251], [138.0776325, 35.81303361], [138.07750139, 35.81279139], [138.07743222, 35.81258861], [138.07741945, 35.81248583], [138.07743222, 35.81238055], [138.07757722, 35.81187945], [138.07759111, 35.81173306], [138.07759111, 35.81135028], [138.07761194, 35.8111475], [138.07762556, 35.81106861], [138.0776325, 35.81070277], [138.07769472, 35.81038167], [138.07770167, 35.81028611], [138.0777225, 35.81021861], [138.07774305, 35.81001583], [138.07775, 35.80988639], [138.0777775, 35.80981861], [138.07778916, 35.80980694], [138.07793639, 35.80966139], [138.07810195, 35.80951889], [138.07828195, 35.80933472], [138.07855139, 35.8090025], [138.07864806, 35.80876611], [138.07866194, 35.80858583], [138.07864111, 35.808445], [138.07859972, 35.8083325], [138.07857889, 35.808265], [138.07857889, 35.80799473], [138.07855806, 35.80794973], [138.0784825, 35.80787639], [138.07840639, 35.80781444], [138.07835111, 35.80774694], [138.07834444, 35.80765111], [138.07841334, 35.80756667], [138.07847973, 35.8075125], [138.07854611, 35.80742916], [138.07856528, 35.80734139], [138.07853778, 35.80720111], [138.07843417, 35.80698695], [138.07835111, 35.80685194], [138.07832361, 35.80675055], [138.07832361, 35.80654166], [138.07835111, 35.80635638], [138.07839278, 35.80617638], [138.07842722, 35.80606916], [138.07846861, 35.80600166], [138.07853778, 35.80585528], [138.07858611, 35.80571444], [138.07862056, 35.80557389], [138.07863444, 35.80538806], [138.07866889, 35.80528111], [138.07868972, 35.80514027], [138.0787725, 35.80495445], [138.07889, 35.80470667], [138.07894722, 35.80452333], [138.07894528, 35.80440861], [138.07891778, 35.80432972], [138.07885555, 35.80423972], [138.07869667, 35.80410444], [138.07868278, 35.80408194], [138.07869667, 35.80403694], [138.07885555, 35.80393], [138.07895223, 35.80385666], [138.07899362, 35.80373834], [138.07899001, 35.80349084], [138.07901445, 35.80344555], [138.07919389, 35.80316972], [138.07924223, 35.80305167], [138.07922862, 35.80292778], [138.07913862, 35.80269666], [138.07913194, 35.80263], [138.07918028, 35.80250528], [138.07917333, 35.80242666], [138.07914555, 35.80234194], [138.07909723, 35.80226333], [138.07897306, 35.80213944], [138.07890389, 35.80206611], [138.07884861, 35.80192527], [138.07873806, 35.80189722], [138.07855167, 35.80188027], [138.07851111, 35.80186583], [138.07852028, 35.80184222], [138.078565, 35.80181083], [138.07858611, 35.80179584], [138.07867583, 35.80175639], [138.07883472, 35.80172306], [138.07891778, 35.80168361], [138.07901445, 35.80158222]], [[138.07000001, 35.8219625], [138.06988945, 35.82212028], [138.06968222, 35.82245806], [138.06963389, 35.82262694], [138.06961223, 35.82283861], [138.06958556, 35.82309972], [138.06952333, 35.82327416], [138.069475, 35.82336445], [138.06938528, 35.82361222], [138.06931611, 35.8239275], [138.06928834, 35.824085], [138.06919166, 35.82442861], [138.06904666, 35.82477194], [138.06888083, 35.8251775], [138.06879111, 35.82531778], [138.06863917, 35.82556556], [138.06843889, 35.82589222], [138.06829389, 35.82615112], [138.06826611, 35.82623], [138.06819028, 35.82641028], [138.06807972, 35.82653972], [138.06796223, 35.82670306], [138.06783084, 35.82696778], [138.06766528, 35.82716473], [138.06749944, 35.82738417], [138.06745805, 35.82747416], [138.06739583, 35.82767111], [138.067375, 35.82784583], [138.06734056, 35.82790778], [138.06731973, 35.82795833], [138.06723695, 35.82806528], [138.06701583, 35.82825694], [138.06695361, 35.82833], [138.06690528, 35.82843694], [138.06689834, 35.82854389], [138.06687778, 35.82865666], [138.0666775, 35.82885916], [138.06662222, 35.8289775], [138.06660833, 35.82916889], [138.06656694, 35.82927028], [138.06647028, 35.82936028], [138.06637333, 35.82948972], [138.06628362, 35.82970917], [138.06622138, 35.8297825], [138.06613861, 35.82984445], [138.06590361, 35.8299175], [138.06548944, 35.82996834], [138.06533056, 35.82999639], [138.06523389, 35.83003027], [138.06509583, 35.83010889], [138.06503361, 35.83012027], [138.06476416, 35.83000195], [138.06464694, 35.82999639], [138.06461223, 35.83001334], [138.06461278, 35.83004333], [138.06458028, 35.83007083], [138.06453083, 35.83008], [138.06445778, 35.83006945], [138.06442417, 35.83001611], [138.06440722, 35.82997834], [138.06421167, 35.82992889], [138.06414944, 35.82990639], [138.06401139, 35.82979945], [138.06393528, 35.82974861], [138.06368666, 35.82965305], [138.06346444, 35.82957222], [138.06338972, 35.82957972], [138.0633275, 35.82961361], [138.06329972, 35.82965305], [138.06302416, 35.82952166], [138.06272, 35.82939639], [138.06266389, 35.82928639], [138.06267194, 35.829235], [138.06268472, 35.82920305], [138.06269916, 35.82917639], [138.06275639, 35.82916195], [138.06280277, 35.82916861], [138.06282361, 35.82910666], [138.06285806, 35.82885334], [138.0628925, 35.82867334], [138.06309277, 35.82803167], [138.06320333, 35.827795], [138.06330694, 35.82757555], [138.06334167, 35.82748528], [138.06343139, 35.82732778], [138.06367305, 35.82702944], [138.06387305, 35.82686611], [138.06401139, 35.82679277], [138.06413556, 35.82675917], [138.06426306, 35.82675083], [138.06439139, 35.82674222], [138.06456389, 35.82676472], [138.06494389, 35.82684361], [138.06520639, 35.826945], [138.06549639, 35.82702361], [138.06572444, 35.827035], [138.06601445, 35.8270125], [138.06634611, 35.826945], [138.06651889, 35.82687167], [138.06658777, 35.8268325], [138.06680889, 35.82664667], [138.06696083, 35.82643834], [138.06705056, 35.82638222], [138.06725778, 35.82628084], [138.06731305, 35.82620194], [138.06736111, 35.82607805], [138.06741666, 35.82583028], [138.06744444, 35.82576833], [138.06752, 35.82566138], [138.06756861, 35.82556556], [138.06759611, 35.82541916], [138.06754805, 35.82507028], [138.06756195, 35.82501389], [138.06771389, 35.82477722], [138.06802445, 35.82441167], [138.06819694, 35.82423139], [138.06838361, 35.82391055], [138.06849417, 35.82366833], [138.06861139, 35.82343195], [138.06865306, 35.82326306], [138.06900527, 35.82255389], [138.06903278, 35.82244111], [138.06903973, 35.82192889], [138.06908112, 35.82182195], [138.06919166, 35.82171473], [138.06945417, 35.82151223], [138.06984111, 35.821135], [138.07004833, 35.82092084], [138.07026195, 35.82075138], [138.07067, 35.82051584], [138.07115361, 35.82029612], [138.07132611, 35.82025112], [138.07178223, 35.82018362], [138.07207222, 35.82011612], [138.0729975, 35.81986833], [138.07355723, 35.81969361], [138.07384722, 35.81958695], [138.07460695, 35.81926055], [138.07478667, 35.81920416], [138.07488333, 35.81918723], [138.07498694, 35.81919278], [138.07502833, 35.81923223], [138.07506306, 35.81931111], [138.0750975, 35.81944639], [138.07513194, 35.81948], [138.07524945, 35.81948], [138.07594722, 35.81932805], [138.07603, 35.8193], [138.07610611, 35.81923805], [138.07617111, 35.81916277], [138.07629583, 35.81922361], [138.07642083, 35.81929639], [138.07638195, 35.81947445], [138.07633361, 35.81953083], [138.07627139, 35.81957], [138.07609917, 35.81963195], [138.07548445, 35.81978417], [138.07526333, 35.81981778], [138.07481417, 35.81989667], [138.07426166, 35.81998083], [138.07405444, 35.82003167], [138.07352945, 35.82024555], [138.07339833, 35.82029055], [138.07285944, 35.82041444], [138.07218972, 35.82062278], [138.071865, 35.82074667], [138.07169916, 35.82082556], [138.07151278, 35.82096056], [138.07140917, 35.82101139], [138.07108444, 35.82109583], [138.07091861, 35.82116306], [138.07055944, 35.82139944], [138.07035917, 35.82157417], [138.07024167, 35.82176], [138.07008972, 35.82187805], [138.07000001, 35.8219625]]], [[[138.0762875, 35.77151195], [138.07622528, 35.77150639], [138.07618389, 35.77152889], [138.07611472, 35.77179917], [138.07610806, 35.77199639], [138.07612861, 35.77206389], [138.07620806, 35.77207111], [138.0762875, 35.77205834], [138.07641194, 35.77202444], [138.07663944, 35.771985], [138.0767225, 35.77194556], [138.07672944, 35.77186111], [138.07670861, 35.77183306], [138.07657084, 35.77170361], [138.07642555, 35.77159667], [138.0762875, 35.77151195]]], [[[138.07607917, 35.77165444], [138.07606861, 35.77155417], [138.07601806, 35.77146695], [138.07593528, 35.7713825], [138.07560361, 35.77110528], [138.07550361, 35.77118862], [138.07556222, 35.7712925], [138.07567972, 35.77138833], [138.07590083, 35.77153472], [138.07602556, 35.77168444], [138.07606083, 35.77168055], [138.07607917, 35.77165444]]]]}, "properties": {"N03_001": "長野県", "N03_002": null, "N03_003": null, "N03_004": "伊那市", "N03_005": null, "N03_007": "20209"}}, {"type": "Feature", "geometry": {"type": "Polygon", "coordinates": [[[137.963965, 35.775866], [137.965115, 35.769842], [137.972336, 35.769738], [137.975035, 35.775924], [137.980443, 35.781174], [137.986351, 35.781499], [137.99253, 35.77867], [138.001583, 35.77941], [138.009588, 35.777483], [138.0229, 35.771838], [138.029082, 35.772427], [138.039863, 35.76687], [138.045118, 35.760892], [138.042847, 35.754919], [138.051973, 35.744943], [138.052184, 35.740127], [138.057201, 35.735398], [138.061988, 35.733903], [138.060684, 35.72497], [138.063876, 35.708364], [138.061373, 35.70354], [138.047245, 35.699066], [138.043409, 35.691387], [138.045346, 35.686301], [138.043807, 35.683261], [138.04405, 35.674672], [138.035318, 35.666943], [138.026605, 35.674708], [138.019542, 35.675957], [138.013462, 35.673191], [138.005135, 35.677954], [137.997703, 35.679878], [137.991674, 35.676562], [137.985507, 35.675533], [137.984035, 35.681649], [137.978121, 35.685465], [137.976715, 35.691585], [137.963362, 35.687773], [137.955346, 35.682681], [137.950092, 35.685377], [137.955483, 35.691959], [137.951712, 35.7005], [137.941089, 35.701466], [137.93434, 35.700512], [137.9119, 35.706111], [137.897256, 35.701361], [137.890019, 35.701432], [137.889611, 35.698053], [137.878671, 35.693853], [137.871601, 35.693938], [137.871135, 35.699212], [137.858202, 35.705016], [137.850532, 35.702871], [137.843594, 35.706309], [137.824624, 35.71193], [137.816798, 35.71685], [137.816524, 35.719604], [137.808021, 35.723311], [137.805165, 35.72648], [137.804247, 35.742483], [137.812783, 35.750775], [137.813818, 35.753308], [137.808879, 35.779512], [137.809325, 35.78139], [137.818084, 35.778775], [137.828704, 35.769562], [137.834624, 35.766503], [137.840053, 35.766268], [137.847005, 35.760072], [137.857278, 35.760146], [137.859244, 35.756058], [137.85951, 35.748424], [137.866864, 35.751484], [137.87469, 35.747617], [137.911038, 35.749816], [137.929359, 35.749248], [137.940165, 35.75024], [137.963945, 35.750491], [137.959416, 35.756206], [137.958662, 35.760718], [137.961053, 35.771825], [137.959982, 35.778246], [137.963965, 35.775866]], [[137.8925025, 35.73656139], [137.89258278, 35.73659], [137.89270695, 35.73666334], [137.89279, 35.73673639], [137.89295528, 35.73696167], [137.89312777, 35.73723194], [137.89327277, 35.73742333], [137.89338306, 35.73749666], [137.89347278, 35.73752473], [137.89363139, 35.73755861], [137.89374195, 35.73760916], [137.89381083, 35.73767111], [137.89386611, 35.73778389], [137.8939075, 35.73795278], [137.89390056, 35.73805417], [137.89388, 35.73809306], [137.89381083, 35.73817195], [137.89374195, 35.73822278], [137.89365222, 35.73826222], [137.89344528, 35.73826778], [137.89327945, 35.73825638], [137.89298972, 35.73820055], [137.89281722, 35.73811583], [137.8927, 35.73800888], [137.89253417, 35.7376825], [137.89243778, 35.73753028], [137.89233417, 35.73737833], [137.8921825, 35.73720944], [137.89213416, 35.73713611], [137.89209972, 35.7370575], [137.89209972, 35.73684917], [137.892155, 35.73671389], [137.89227222, 35.73662389], [137.89236889, 35.73657305], [137.89244, 35.73655723], [137.8925025, 35.73656139]]]}, "properties": {"N03_001": "長野県", "N03_002": null, "N03_003": null, "N03_004": "駒ヶ根市", "N03_005": null, "N03_007": "20210"}}, {"type": "Feature", "geometry": {"type": "Polygon", "coordinates": [[[138.31097, 36.720895], [138.308391, 36.72381], [138.308391, 36.739087], [138.311523, 36.74276], [138.304887, 36.745837], [138.29641, 36.74403], [138.294106, 36.745873], [138.297796, 36.750287], [138.293938, 36.753078], [138.300665, 36.756705], [138.30044, 36.760632], [138.304256, 36.76408], [138.300773, 36.768274], [138.300073, 36.773534], [138.302965, 36.781575], [138.299604, 36.787957], [138.293714, 36.79021], [138.28624, 36.789409], [138.279976, 36.792396], [138.279341, 36.807214], [138.27396, 36.809589], [138.27567, 36.813747], [138.281231, 36.816795], [138.281477, 36.821066], [138.278972, 36.826914], [138.276188, 36.82828], [138.275736, 36.836735], [138.284856, 36.83997], [138.294182, 36.839132], [138.30113, 36.832499], [138.301439, 36.824112], [138.308341, 36.817862], [138.317676, 36.818297], [138.319018, 36.813461], [138.324656, 36.806473], [138.338346, 36.806154], [138.354127, 36.803713], [138.359185, 36.809107], [138.354091, 36.819539], [138.353609, 36.823164], [138.363554, 36.837914], [138.376617, 36.83258], [138.376599, 36.8273], [138.384389, 36.827514], [138.397598, 36.827246], [138.395198, 36.810294], [138.396885, 36.802318], [138.403803, 36.799247], [138.406414, 36.795336], [138.404824, 36.790605], [138.39576, 36.782926], [138.392561, 36.776907], [138.38706, 36.773532], [138.397673, 36.761675], [138.393338, 36.750739], [138.387719, 36.748525], [138.388801, 36.740174], [138.394212, 36.735474], [138.394437, 36.725156], [138.392092, 36.720799], [138.394858, 36.717157], [138.399611, 36.70543], [138.403446, 36.703548], [138.405699, 36.69909], [138.395016, 36.696037], [138.375938, 36.700178], [138.368217, 36.704213], [138.361381, 36.701127], [138.355631, 36.695053], [138.348264, 36.696707], [138.340626, 36.70742], [138.33858, 36.70848], [138.343738, 36.715642], [138.337406, 36.719157], [138.334705, 36.72402], [138.331266, 36.724941], [138.32372, 36.722169], [138.318238, 36.724606], [138.31097, 36.720895]]]}, "properties": {"N03_001": "長野県", "N03_002": null, "N03_003": null, "N03_004": "中野市", "N03_005": null, "N03_007": "20211"}}, {"type": "Feature", "geometry": {"type": "Polygon", "coordinates": [[[137.939111, 36.591988], [137.93935, 36.586809], [137.935633, 36.583752], [137.935749, 36.579393], [137.932472, 36.57621], [137.930844, 36.567933], [137.925774, 36.564545], [137.92636, 36.558825], [137.919972, 36.554632], [137.917597, 36.549641], [137.919017, 36.538255], [137.925363, 36.536566], [137.923321, 36.531169], [137.925919, 36.526952], [137.931237, 36.524567], [137.930849, 36.519682], [137.939915, 36.516746], [137.949734, 36.523978], [137.957516, 36.523772], [137.966673, 36.51692], [137.965931, 36.512547], [137.961344, 36.508419], [137.963924, 36.505715], [137.956094, 36.50115], [137.954329, 36.496503], [137.957029, 36.490249], [137.953221, 36.484979], [137.946931, 36.489376], [137.937021, 36.486332], [137.939168, 36.481031], [137.934951, 36.475854], [137.926341, 36.471155], [137.920707, 36.469421], [137.917714, 36.47383], [137.911774, 36.475384], [137.905183, 36.474501], [137.897999, 36.475733], [137.894099, 36.473349], [137.887138, 36.474319], [137.889037, 36.460635], [137.891757, 36.45713], [137.893209, 36.448577], [137.883528, 36.445661], [137.876612, 36.439002], [137.874764, 36.442486], [137.869296, 36.440922], [137.85646, 36.437182], [137.848738, 36.440431], [137.844117, 36.445856], [137.830774, 36.445712], [137.819774, 36.441571], [137.81655, 36.446534], [137.816447, 36.451921], [137.804255, 36.447313], [137.802258, 36.442634], [137.808482, 36.438508], [137.807196, 36.42372], [137.803565, 36.419896], [137.792916, 36.421271], [137.787449, 36.416665], [137.780097, 36.414485], [137.770428, 36.415826], [137.766886, 36.411811], [137.75982, 36.412509], [137.753877, 36.410713], [137.746931, 36.41843], [137.740106, 36.41942], [137.729447, 36.425351], [137.727005, 36.425265], [137.71639, 36.417318], [137.712216, 36.416885], [137.711469, 36.410587], [137.714531, 36.398259], [137.709627, 36.394007], [137.706154, 36.384978], [137.70901, 36.376746], [137.701014, 36.365004], [137.69286, 36.362696], [137.687571, 36.355697], [137.685591, 36.345549], [137.680884, 36.337972], [137.670495, 36.336865], [137.658797, 36.337353], [137.645607, 36.341261], [137.63547, 36.34255], [137.62445, 36.354752], [137.619173, 36.364209], [137.612961, 36.366835], [137.608902, 36.366624], [137.599943, 36.370215], [137.593731, 36.36884], [137.587086, 36.371964], [137.586115, 36.376283], [137.587504, 36.382438], [137.587157, 36.389592], [137.592407, 36.389675], [137.600721, 36.399479], [137.605361, 36.402538], [137.603804, 36.408706], [137.609199, 36.417906], [137.617403, 36.418601], [137.62262, 36.423561], [137.633304, 36.425022], [137.637786, 36.431367], [137.639912, 36.44583], [137.643206, 36.448665], [137.645293, 36.45453], [137.649466, 36.454836], [137.655068, 36.458726], [137.654699, 36.463585], [137.656637, 36.470414], [137.65078, 36.48012], [137.652001, 36.4882], [137.657649, 36.493109], [137.666237, 36.493218], [137.668745, 36.509462], [137.674248, 36.510871], [137.677257, 36.514355], [137.683071, 36.512701], [137.690106, 36.513736], [137.694296, 36.510683], [137.696906, 36.514503], [137.705469, 36.517888], [137.702752, 36.524696], [137.708515, 36.533401], [137.707524, 36.535972], [137.6987, 36.537483], [137.687311, 36.536224], [137.684597, 36.537808], [137.689499, 36.553574], [137.687737, 36.562075], [137.693887, 36.56906], [137.698525, 36.569611], [137.713206, 36.57708], [137.71812, 36.582236], [137.725107, 36.586696], [137.730677, 36.587965], [137.747863, 36.586854], [137.750902, 36.588341], [137.753097, 36.593723], [137.750767, 36.600638], [137.747808, 36.603651], [137.74394, 36.612745], [137.746678, 36.624473], [137.75133, 36.626746], [137.752556, 36.635046], [137.756255, 36.646889], [137.756684, 36.658598], [137.7606, 36.664585], [137.765937, 36.662653], [137.769492, 36.657283], [137.780775, 36.655711], [137.787056, 36.652778], [137.799191, 36.649402], [137.804252, 36.646249], [137.803874, 36.642149], [137.809291, 36.638063], [137.817352, 36.635472], [137.820899, 36.631529], [137.819552, 36.624601], [137.823939, 36.623552], [137.821749, 36.617959], [137.823228, 36.614104], [137.834007, 36.614218], [137.836522, 36.621846], [137.858127, 36.621847], [137.867857, 36.620303], [137.866125, 36.628421], [137.868365, 36.633086], [137.874865, 36.634915], [137.882758, 36.639316], [137.88976, 36.641029], [137.896223, 36.64025], [137.897289, 36.64489], [137.900824, 36.647153], [137.90944, 36.649018], [137.913868, 36.640281], [137.918783, 36.634561], [137.916771, 36.627918], [137.913659, 36.623923], [137.914399, 36.618646], [137.928068, 36.606487], [137.927526, 36.600002], [137.941768, 36.594782], [137.939111, 36.591988]], [[137.85834278, 36.61200277], [137.85856611, 36.61230917], [137.85873666, 36.61250111], [137.85895028, 36.6126475], [137.85923278, 36.61291667], [137.85934972, 36.61306194], [137.85940667, 36.61313278], [137.85967611, 36.61358583], [137.85985028, 36.61390555], [137.85986667, 36.61396416], [137.85987333, 36.61420694], [137.85984361, 36.61432944], [137.85972528, 36.61461472], [137.85959389, 36.61488389], [137.85939028, 36.61536056], [137.85928528, 36.61572833], [137.85927222, 36.61589916], [137.85927528, 36.61603222], [137.85931473, 36.61618417], [137.85940028, 36.61648], [137.85941333, 36.61662417], [137.85937056, 36.61682389], [137.859305, 36.61704777], [137.85918, 36.61729306], [137.85901584, 36.61751167], [137.85866444, 36.61787111], [137.85832611, 36.61811889], [137.85792194, 36.618375], [137.85760028, 36.61852944], [137.85735722, 36.61860138], [137.85709445, 36.61863611], [137.85682528, 36.61866], [137.85648695, 36.61863333], [137.85608944, 36.61860138], [137.85563278, 36.61849472], [137.85548167, 36.61842028], [137.85535694, 36.6182975], [137.85517944, 36.61812445], [137.85495945, 36.6178525], [137.85480472, 36.61760722], [137.85459528, 36.61727417], [137.854385, 36.61698083], [137.85425694, 36.61687167], [137.85419111, 36.61683972], [137.85399722, 36.61681555], [137.85387583, 36.61677028], [137.85377389, 36.61669833], [137.85366889, 36.61657834], [137.85361639, 36.61643472], [137.85360972, 36.61628028], [137.8536, 36.61623222], [137.8535375, 36.61617361], [137.8534225, 36.616155], [137.853255, 36.61616027], [137.85305778, 36.61616833], [137.85286417, 36.61620278], [137.85267028, 36.61628], [137.85258805, 36.61633861], [137.85254917, 36.6164], [137.85249333, 36.61653584], [137.85244389, 36.61671444], [137.8524275, 36.61681833], [137.852365, 36.61689555], [137.85229611, 36.61694888], [137.85217139, 36.61698889], [137.85204, 36.61702611], [137.85189528, 36.61712222], [137.85177722, 36.61716472], [137.85162611, 36.61717555], [137.8515275, 36.6171675], [137.85132056, 36.61705833], [137.8510775, 36.61690083], [137.85100861, 36.61686361], [137.85091334, 36.61685833], [137.8508475, 36.61686361], [137.85080167, 36.61689027], [137.85073583, 36.61696222], [137.85051583, 36.61727139], [137.85041722, 36.61739667], [137.85031223, 36.61746333], [137.85022667, 36.61751138], [137.85010528, 36.61754584], [137.84983917, 36.61758333], [137.84952723, 36.61759667], [137.8492975, 36.61758055], [137.84912, 36.61754056], [137.84899528, 36.61745805], [137.84885389, 36.61727667], [137.84876194, 36.61716472], [137.84845, 36.6169275], [137.84825611, 36.61682112], [137.84803945, 36.61673584], [137.84781917, 36.61669305], [137.84755028, 36.61666917], [137.84737944, 36.61669833], [137.8472775, 36.616725], [137.84720862, 36.61678361], [137.8471625, 36.61685028], [137.84712306, 36.61706083], [137.84714611, 36.61740195], [137.84715278, 36.61749806], [137.84720528, 36.61790027], [137.84723805, 36.61808667], [137.84722833, 36.61814278], [137.84715917, 36.61828667], [137.84706083, 36.61843056], [137.84701138, 36.6184625], [137.84696556, 36.61846778], [137.84690973, 36.61845722], [137.84685056, 36.61841195], [137.84670917, 36.61827056], [137.84657472, 36.6182175], [137.84644972, 36.61818277], [137.84635445, 36.61818277], [137.84626917, 36.61821472], [137.8461475, 36.61831055], [137.84602945, 36.61841722], [137.84594722, 36.6184625], [137.84568778, 36.61848111], [137.84542166, 36.61846778], [137.84527722, 36.61847583], [137.84508333, 36.61851055], [137.8448175, 36.61861722], [137.84468945, 36.61864916], [137.84456138, 36.61864112], [137.84440695, 36.61860389], [137.844095, 36.61847055], [137.84387473, 36.61834], [137.84376306, 36.61824138], [137.84369083, 36.61815861], [137.84367778, 36.61810805], [137.84368111, 36.61803611], [137.84371389, 36.61796944], [137.84392417, 36.61762555], [137.84396667, 36.61754306], [137.84397667, 36.61742583], [137.84397, 36.61734583], [137.8439175, 36.61715917], [137.84385194, 36.61696472], [137.84373695, 36.61676195], [137.8436875, 36.61666611], [137.84366778, 36.61658361], [137.84366778, 36.61649278], [137.84369083, 36.61637028], [137.84381889, 36.61605333], [137.84402916, 36.61549888], [137.84422306, 36.61498722], [137.844305, 36.61471], [137.84437416, 36.61450472], [137.84450555, 36.61421417], [137.84451195, 36.61412362], [137.84449555, 36.6139025], [137.84450222, 36.61359361], [137.84450639, 36.61357333], [137.84452195, 36.6134975], [137.84465666, 36.61315917], [137.84480111, 36.6127325], [137.84495889, 36.61221028], [137.844995, 36.61202111], [137.844985, 36.611885], [137.84497195, 36.61181305], [137.84489972, 36.61163722], [137.84463361, 36.61118972], [137.84437084, 36.61071528], [137.84427222, 36.61046722], [137.84422306, 36.61027805], [137.84421972, 36.61000611], [137.8442625, 36.60987833], [137.84433805, 36.60967306], [137.84448584, 36.6094225], [137.84458111, 36.6093], [137.8447025, 36.60921722], [137.84483389, 36.60914806], [137.84498834, 36.6091], [137.84518556, 36.60908139], [137.84533, 36.60909194], [137.84547445, 36.60912667], [137.8456025, 36.60917194], [137.84565194, 36.60924389], [137.84574389, 36.60942777], [137.84582612, 36.60967834], [137.84587195, 36.609785], [137.84598362, 36.60991555], [137.84604945, 36.60997167], [137.84611167, 36.61000083], [137.84616444, 36.61000361], [137.84621361, 36.60997167], [137.84627612, 36.60989167], [137.84636139, 36.60977445], [137.84642389, 36.60971833], [137.84648305, 36.60967583], [137.84651222, 36.60960389], [137.8465125, 36.60955306], [137.84650584, 36.60949444], [137.84646639, 36.60942777], [137.84637778, 36.60935334], [137.84624306, 36.6092625], [137.84613805, 36.60918555], [137.84607888, 36.60910834], [137.84586223, 36.60879639], [137.84581278, 36.60874306], [137.84562222, 36.60862056], [137.84539555, 36.60844722], [137.84533667, 36.60837805], [137.84531695, 36.60832723], [137.84531361, 36.60826056], [137.84533333, 36.60818861], [137.84539555, 36.60806334], [137.84549306, 36.60789666], [137.84552083, 36.6078475], [137.84555833, 36.60778361], [137.84559528, 36.60771334], [137.84563556, 36.607645], [137.84570417, 36.60766722], [137.84579417, 36.60765], [137.84587611, 36.60759583], [137.84595444, 36.60751833], [137.84602916, 36.60738805], [137.84610917, 36.60721139], [137.84614945, 36.60711667], [137.84615889, 36.60705333], [137.84615889, 36.60697722], [137.84615333, 36.60692], [137.84612833, 36.60687333], [137.8460825, 36.60683139], [137.84600416, 36.60677416], [137.84579972, 36.60663472], [137.84561055, 36.60647194], [137.84541194, 36.60626445], [137.84529917, 36.60615278], [137.84521889, 36.60604888], [137.84521139, 36.6059775], [137.84523611, 36.60588305], [137.84528583, 36.60581167], [137.84540611, 36.60565028], [137.84552834, 36.60545666], [137.84564889, 36.60520694], [137.84566417, 36.60513111], [137.84564889, 36.60487667], [137.84566611, 36.60481778], [137.84569999, 36.60476527], [137.84580583, 36.60466861], [137.84590305, 36.60454666], [137.84593417, 36.60448195], [137.84593862, 36.60429916], [137.84595611, 36.60416666], [137.84600028, 36.60398], [137.84610194, 36.6038225], [137.84617278, 36.60370806], [137.84612889, 36.60334973], [137.84615055, 36.60311638], [137.84611972, 36.60292639], [137.84610639, 36.60252833], [137.84612417, 36.60239222], [137.84612667, 36.60231944], [137.84619389, 36.60228833], [137.84629583, 36.60227223], [137.8464075, 36.60226695], [137.84661444, 36.60228278], [137.84700861, 36.60237611], [137.84738278, 36.60248556], [137.84761917, 36.60257611], [137.84793111, 36.60269861], [137.84814139, 36.60277333], [137.84847639, 36.60284805], [137.84890694, 36.60293584], [137.849255, 36.60299972], [137.84947167, 36.60301861], [137.84968528, 36.60302389], [137.84981, 36.60305055], [137.84987222, 36.60307889], [137.85034861, 36.60329584], [137.85093639, 36.60355945], [137.85139306, 36.60372222], [137.85161, 36.60378084], [137.85183, 36.60392472], [137.85197778, 36.60404472], [137.85204028, 36.60413527], [137.85210583, 36.60432195], [137.85220778, 36.60464695], [137.85230306, 36.60482306], [137.85247695, 36.60505222], [137.85263111, 36.60522527], [137.85275278, 36.60540917], [137.85290055, 36.60577166], [137.85304166, 36.60600083], [137.85331112, 36.60628584], [137.85356417, 36.60649111], [137.85384, 36.60665112], [137.85421111, 36.60678167], [137.8546775, 36.60687777], [137.85516333, 36.60698417], [137.85551805, 36.60712556], [137.8557975, 36.60730139], [137.85592555, 36.60741861], [137.85610278, 36.60764], [137.85617528, 36.60783194], [137.85632306, 36.60803722], [137.85650694, 36.60821556], [137.85677306, 36.60841556], [137.85694694, 36.60862083], [137.85723917, 36.60888472], [137.85741972, 36.6090525], [137.85751834, 36.60909528], [137.85762028, 36.60921222], [137.85766277, 36.6093375], [137.8576925, 36.60944666], [137.85770556, 36.60958527], [137.85769888, 36.61007056], [137.85771222, 36.61020638], [137.85777444, 36.61038222], [137.85787639, 36.61052084], [137.85793555, 36.61061695], [137.85795861, 36.61073417], [137.85798139, 36.61104333], [137.85801444, 36.61124334], [137.85806362, 36.61144584], [137.85815556, 36.61166694], [137.85834278, 36.61200277]], [[137.845315, 36.59954722], [137.845315, 36.59972083], [137.845265, 36.59983639], [137.84515805, 36.60002139], [137.84496584, 36.60020028], [137.84482361, 36.60024084], [137.84470972, 36.60026973], [137.84442473, 36.60025833], [137.84416834, 36.60016583], [137.84391195, 36.60009639], [137.84356278, 36.60006139], [137.84331361, 36.60004417], [137.84311417, 36.59997472], [137.84295028, 36.59985917], [137.84280778, 36.59968611], [137.84267972, 36.59942611], [137.84254445, 36.59914861], [137.84248722, 36.59883639], [137.84242333, 36.59867473], [137.84230916, 36.598565], [137.84202472, 36.59846083], [137.84183222, 36.59840889], [137.84169694, 36.59828167], [137.84161861, 36.59809111], [137.84159722, 36.59776166], [137.84166139, 36.59768639], [137.84188917, 36.59755916], [137.84215972, 36.59742639], [137.84230223, 36.59725305], [137.84241611, 36.59707389], [137.84248722, 36.59670973], [137.84259417, 36.59656555], [137.84308556, 36.5957275], [137.84334917, 36.59524778], [137.84336333, 36.595005], [137.84331361, 36.5946525], [137.84324222, 36.5945775], [137.84319973, 36.59450805], [137.84322111, 36.59434055], [137.843285, 36.59404], [137.84335055, 36.59390917], [137.84342056, 36.59396472], [137.84362, 36.59434055], [137.84361278, 36.59449667], [137.84352723, 36.59470472], [137.84354139, 36.59499944], [137.84361278, 36.5950975], [137.84384056, 36.59540389], [137.84422528, 36.59588361], [137.8445175, 36.59619555], [137.84464556, 36.59624777], [137.84475945, 36.59631694], [137.84484472, 36.59644416], [137.84495167, 36.59656555], [137.84507972, 36.59671], [137.8451225, 36.59687195], [137.84527222, 36.59760583], [137.84529361, 36.59785389], [137.84517944, 36.59797528], [137.8451225, 36.59809083], [137.84507972, 36.59827583], [137.84498, 36.59839139], [137.84487333, 36.59848389], [137.84486611, 36.59857056], [137.84498723, 36.598715], [137.84515805, 36.59893473], [137.84523638, 36.59913139], [137.845315, 36.59954722]], [[137.84355806, 36.56252722], [137.84349528, 36.56258361], [137.84337695, 36.56276944], [137.84332112, 36.56281444], [137.84317694, 36.56288611], [137.84308389, 36.5629325], [137.84282583, 36.56303389], [137.84271416, 36.56310167], [137.8426725, 36.56314083], [137.84256083, 36.56325917], [137.842505, 36.56339445], [137.84247028, 36.56357445], [137.84242139, 36.56366472], [137.842275, 36.56378861], [137.84212833, 36.56386167], [137.84186333, 36.56394611], [137.84140306, 36.5641375], [137.84105444, 36.56432916], [137.84089389, 36.56445861], [137.84086611, 36.56452056], [137.84084528, 36.56467806], [137.84081723, 36.56479611], [137.84068472, 36.56497638], [137.84059417, 36.56506083], [137.84049639, 36.56517333], [137.84040584, 36.56534222], [137.84028722, 36.56564055], [137.84016166, 36.56608], [137.84016166, 36.56622639], [137.84019666, 36.56637278], [137.84035, 36.56674416], [137.84037777, 36.56695833], [137.84035, 36.56710472], [137.84028028, 36.56720611], [137.840085, 36.56745917], [137.83993862, 36.56759417], [137.83990361, 36.56760555], [137.83984083, 36.567645], [137.83969444, 36.56770112], [137.83958278, 36.56772944], [137.83934556, 36.56774055], [137.83923417, 36.5677125], [137.83913639, 36.56767305], [137.83902472, 36.56759417], [137.83884361, 36.56733528], [137.83877388, 36.56728445], [137.83862723, 36.56727888], [137.83840417, 36.56731278], [137.83817389, 36.56731833], [137.83807639, 36.56733528], [137.83790888, 36.56740833], [137.83778333, 36.56743667], [137.837665, 36.56744222], [137.83745583, 36.56740278], [137.83737917, 36.56739722], [137.8372675, 36.56737472], [137.83705139, 36.56735778], [137.83694666, 36.56734083], [137.83682139, 36.56731278], [137.83672362, 36.56725638], [137.83666083, 36.56719445], [137.83660277, 36.5671475], [137.83657722, 36.56712695], [137.83636806, 36.5670875], [137.83631916, 36.56705945], [137.83612389, 36.56689611], [137.83603305, 36.56685666], [137.83586584, 36.56689028], [137.83579611, 36.56692973], [137.83556583, 36.56712695], [137.83548917, 36.56716056], [137.8353775, 36.56716056], [137.83521027, 36.56714389], [137.83496611, 36.56713806], [137.83488945, 36.56712695], [137.83484056, 36.5670875], [137.83468027, 36.56688473], [137.83460333, 36.56677223], [137.83445694, 36.56658083], [137.83439417, 36.56654694], [137.83424778, 36.56654694], [137.834185, 36.566575], [137.83399667, 36.56674973], [137.83392694, 36.56677778], [137.83382222, 36.56677778], [137.83362, 36.56672723], [137.83320194, 36.56671028], [137.83310416, 36.56667639], [137.8330275, 36.56660889], [137.83299278, 36.5664625], [137.83296472, 36.56640056], [137.83273472, 36.56623167], [137.83265084, 36.56615834], [137.83261611, 36.56604584], [137.83261611, 36.56589945], [137.83269277, 36.56567972], [137.83277639, 36.56536472], [137.83277639, 36.56522194], [137.83277639, 36.56516778], [137.83274167, 36.565055], [137.83261611, 36.56484666], [137.83253222, 36.56470028], [137.83251139, 36.56463278], [137.83250444, 36.56444694], [137.83256028, 36.56412611], [137.83257417, 36.56394583], [137.83255333, 36.56385583], [137.83246972, 36.56372639], [137.83224639, 36.56359667], [137.83214167, 36.56347278], [137.83199527, 36.5631125], [137.83186972, 36.562955], [137.83177916, 36.56277472], [137.83177223, 36.56262306], [137.83175111, 36.56252166], [137.83165361, 36.5623075], [137.83165361, 36.56213862], [137.83170945, 36.56202055], [137.83198139, 36.56164333], [137.83218361, 36.56138973], [137.83224639, 36.56127723], [137.83229528, 36.56110833], [137.83230917, 36.56102389], [137.83239973, 36.56074222], [137.83245556, 36.56065222], [137.83256722, 36.56052834], [137.83268584, 36.56044945], [137.83284611, 36.56032], [137.83296472, 36.56010084], [137.83306945, 36.55976278], [137.83308333, 36.55968417], [137.83321583, 36.55925611], [137.83328556, 36.55898028], [137.83332056, 36.55890139], [137.83339028, 36.55878889], [137.83356445, 36.55854667], [137.83362028, 36.55841139], [137.83366917, 36.55822], [137.83368306, 36.55785417], [137.83369694, 36.55750528], [137.83368306, 36.55696472], [137.83368306, 36.55687528], [137.83368306, 36.55601306], [137.83365528, 36.55579916], [137.83363416, 36.55574278], [137.83348778, 36.55554028], [137.83317389, 36.55523611], [137.83303445, 36.55512361], [137.83283944, 36.55493777], [137.83278361, 36.55485889], [137.83274195, 36.55470695], [137.83272778, 36.55423389], [137.83271389, 36.55409889], [137.83267222, 36.55398083], [137.83251861, 36.55372166], [137.83241417, 36.55351916], [137.83241417, 36.55335028], [137.83245583, 36.553215], [137.8325675, 36.55302361], [137.83268611, 36.55288278], [137.83305584, 36.5526575], [137.83314639, 36.55257861], [137.83321611, 36.55248305], [137.83323, 36.55233667], [137.83318833, 36.55217333], [137.83311861, 36.55197639], [137.83310445, 36.55185806], [137.83311861, 36.55176222], [137.83331389, 36.551385], [137.83348806, 36.550935], [137.83358584, 36.55077722], [137.83366944, 36.55070417], [137.83382278, 36.55063083], [137.83399723, 36.55056888], [137.83435306, 36.55047888], [137.83465278, 36.55043388], [137.83473639, 36.55040556], [137.83484111, 36.55034916], [137.83510612, 36.55009028], [137.83522472, 36.54999444], [137.83533638, 36.54992139], [137.83556639, 36.54969611], [137.83566417, 36.54956667], [137.83571278, 36.54945972], [137.83571306, 36.54945361], [137.83572, 36.54931334], [137.83569889, 36.54924584], [137.83555249, 36.54903167], [137.83552473, 36.54896972], [137.8355175, 36.54850833], [137.83558027, 36.54842389], [137.83567806, 36.54839], [137.83588028, 36.54844639], [137.835985, 36.54848583], [137.83607556, 36.54850278], [137.83620806, 36.54845778], [137.83631972, 36.5483675], [137.83650805, 36.54819861], [137.83666833, 36.54808611], [137.83684278, 36.54804111], [137.837205, 36.54802416], [137.83741444, 36.54800166], [137.8376375, 36.54797916], [137.83778389, 36.54795084], [137.838035, 36.54787778], [137.83841861, 36.54770306], [137.8386, 36.54756806], [137.83874639, 36.54741611], [137.83880222, 36.54733722], [137.83888583, 36.54723583], [137.839165, 36.54703305], [137.83936723, 36.54686973], [137.83943694, 36.54676889], [137.83950667, 36.54660555], [137.83963917, 36.54622833], [137.83972278, 36.54603111], [137.83975083, 36.54588472], [137.83981361, 36.54572722], [137.83997389, 36.54542862], [137.84006444, 36.54528805], [137.84016222, 36.54509083], [137.84035055, 36.5447925], [137.84046917, 36.54464611], [137.84055973, 36.54457278], [137.84069222, 36.54449973], [137.84084583, 36.54443778], [137.84113861, 36.54426333], [137.84133389, 36.54420723], [137.84152222, 36.54419028], [137.84162694, 36.54416194], [137.84166862, 36.54413389], [137.84178722, 36.54402139], [137.84196167, 36.54376806], [137.84205222, 36.54368917], [137.84216834, 36.5435875], [137.84229806, 36.54386445], [137.84233389, 36.54390167], [137.84243583, 36.54397639], [137.84259611, 36.5440325], [137.84280556, 36.5440325], [137.84293806, 36.54399889], [137.84331472, 36.54381861], [137.84341222, 36.54381306], [137.84338445, 36.54392556], [137.84322389, 36.54416778], [137.84296584, 36.54451111], [137.84256138, 36.5449275], [137.84239389, 36.54507972], [137.84216389, 36.54535555], [137.84205916, 36.54551889], [137.84189888, 36.54583972], [137.84173833, 36.54619444], [137.8416825, 36.54640833], [137.84159194, 36.54685889], [137.84157111, 36.54708972], [137.84155695, 36.54737694], [137.84157111, 36.54746111], [137.84166167, 36.54760194], [137.84178028, 36.54773139], [137.84183973, 36.54776055], [137.84184334, 36.5478625], [137.84184167, 36.54800473], [137.84180778, 36.54820445], [137.84168223, 36.5482325], [137.84159167, 36.54826611], [137.8414175, 36.54835639], [137.84106195, 36.54865472], [137.84097834, 36.54875611], [137.84092944, 36.54885195], [137.8408875, 36.54899834], [137.8408875, 36.54913334], [137.84090111, 36.54925167], [137.84097805, 36.54942056], [137.8410525, 36.54952667], [137.84106861, 36.54955], [137.84126389, 36.54970778], [137.84136861, 36.54980916], [137.84157083, 36.55007361], [137.84160556, 36.55014695], [137.8416125, 36.55025945], [137.84159861, 36.55031583], [137.841515, 36.55041138], [137.84125694, 36.55052945], [137.84095, 36.55063083], [137.84077555, 36.55066472], [137.84032945, 36.55068138], [137.84021778, 36.55070417], [137.84007139, 36.55076583], [137.83997361, 36.55083362], [137.83989, 36.55096305], [137.83982028, 36.55128389], [137.83963195, 36.55179083], [137.83961111, 36.55192583], [137.83960389, 36.55216805], [137.83958305, 36.55237055], [137.83958305, 36.55268028], [137.83959695, 36.55289444], [137.83961111, 36.55298444], [137.83964583, 36.55357528], [137.83969473, 36.55380056], [137.83979917, 36.55425111], [137.83989, 36.55484222], [137.83998055, 36.555135], [137.84001556, 36.5552025], [137.84012695, 36.55536028], [137.84067111, 36.55582195], [137.84075472, 36.55592889], [137.84083833, 36.55605861], [137.84088028, 36.55618222], [137.84088028, 36.55630583], [137.84084555, 36.55635112], [137.84076861, 36.55637917], [137.84050361, 36.55641305], [137.84044778, 36.55645805], [137.84044083, 36.55652], [137.84046194, 36.55655362], [137.8405875, 36.55672834], [137.8406775, 36.55680083], [137.84070583, 36.55682389], [137.84083138, 36.55687472], [137.84109639, 36.55685778], [137.84150111, 36.55684084], [137.84195417, 36.55686889], [137.84216333, 36.55689722], [137.84235861, 36.55693667], [137.84254, 36.55702667], [137.84266555, 36.5571225], [137.84276306, 36.55721806], [137.84281889, 36.55731944], [137.84297222, 36.55770223], [137.84326527, 36.55840056], [137.8433, 36.55844556], [137.84339083, 36.55873834], [137.8434325, 36.55903666], [137.84340472, 36.55936888], [137.84340472, 36.55977417], [137.84341861, 36.55996], [137.84353028, 36.56032027], [137.84361389, 36.56069749], [137.84370473, 36.56097916], [137.84371166, 36.56120445], [137.84367667, 36.56135639], [137.84367667, 36.56155333], [137.84378834, 36.56178417], [137.84381611, 36.56182362], [137.8439, 36.562015], [137.8439, 36.56220666], [137.84388583, 36.56225722], [137.84383722, 36.56233611], [137.84375334, 36.56240916], [137.84355806, 36.56252722]], [[137.78112, 36.51324556], [137.78118389, 36.51334167], [137.78164972, 36.51337223], [137.78170195, 36.51341083], [137.78164056, 36.51433445], [137.78154639, 36.51556278], [137.78142333, 36.51554944], [137.78110861, 36.51547444], [137.78102361, 36.51550723], [137.7809075, 36.51548611], [137.78085583, 36.51542639], [137.78054472, 36.51537972], [137.78048194, 36.51537417], [137.78027972, 36.51535167], [137.78011916, 36.51531778], [137.7798125, 36.51519945], [137.77967972, 36.51516583], [137.77955444, 36.51510388], [137.77945666, 36.51503056], [137.77942195, 36.51497416], [137.77931028, 36.51488972], [137.77913583, 36.51479973], [137.77907305, 36.51478278], [137.77891278, 36.51479416], [137.77877333, 36.51483361], [137.778585, 36.51503611], [137.77843833, 36.51523306], [137.7782575, 36.51534], [137.77816667, 36.5153625], [137.778055, 36.5153625], [137.77785277, 36.51530611], [137.77773445, 36.51525556], [137.77762973, 36.51517111], [137.77745528, 36.514935], [137.77730889, 36.51481666], [137.77710666, 36.51469278], [137.77694611, 36.51463083], [137.77683472, 36.51460278], [137.77659055, 36.51460833], [137.77641611, 36.51466473], [137.7763325, 36.51470973], [137.77626973, 36.51476583], [137.77624888, 36.51479416], [137.77621389, 36.51481666], [137.77596306, 36.51485056], [137.77554472, 36.51489556], [137.77545028, 36.51491139], [137.77524472, 36.51494611], [137.77511916, 36.51500222], [137.77492389, 36.51489556], [137.77471472, 36.51481111], [137.77421945, 36.51481111], [137.77403111, 36.51485611], [137.77387778, 36.51494583], [137.77380806, 36.51502472], [137.77378723, 36.51515416], [137.77368945, 36.51523861], [137.77366167, 36.51523306], [137.77359889, 36.51508111], [137.77355695, 36.51503584], [137.77348028, 36.51499084], [137.77306917, 36.51487833], [137.77279694, 36.51486139], [137.77255305, 36.514805], [137.77233667, 36.51477166], [137.77177195, 36.51474306], [137.77166722, 36.51473223], [137.77152778, 36.51470416], [137.77109556, 36.51470944], [137.77101889, 36.51472639], [137.7708725, 36.514715], [137.77046806, 36.514715], [137.77032139, 36.51468694], [137.77018889, 36.5146925], [137.77013306, 36.51470389], [137.76996583, 36.5146925], [137.76951944, 36.514625], [137.76935195, 36.514625], [137.76922638, 36.51467], [137.76893388, 36.51486139], [137.76858528, 36.51499666], [137.76836194, 36.51506416], [137.76827833, 36.51505861], [137.76819472, 36.51499084], [137.76815972, 36.51492333], [137.76815972, 36.51478833], [137.76819472, 36.51468694], [137.76834111, 36.51450111], [137.76834111, 36.51437194], [137.76830611, 36.51432667], [137.76819472, 36.51423111], [137.76806222, 36.51416361], [137.76785972, 36.51400583], [137.76776223, 36.51396639], [137.76757388, 36.51392695], [137.76712778, 36.51380889], [137.7669325, 36.51371861], [137.76665361, 36.51365111], [137.76652806, 36.51358917], [137.76646278, 36.51350278], [137.76662556, 36.51344833], [137.76676528, 36.51344833], [137.7669675, 36.51348778], [137.76710695, 36.51356111], [137.76727389, 36.51367361], [137.76758778, 36.51381445], [137.76763666, 36.51382555], [137.76778306, 36.51383139], [137.76791556, 36.513865], [137.76809472, 36.51390861], [137.76819472, 36.51393277], [137.7684875, 36.51403389], [137.76859917, 36.51410722], [137.76870362, 36.5142875], [137.7687875, 36.51436611], [137.76882917, 36.51436056], [137.7690525, 36.51423111], [137.76919167, 36.51417472], [137.76938, 36.51415222], [137.76967972, 36.51411277], [137.77002167, 36.51411277], [137.7703425, 36.51406222], [137.77053084, 36.51405639], [137.77060055, 36.51404527], [137.7713325, 36.51403389], [137.77148584, 36.51402277], [137.77184861, 36.51402833], [137.77200194, 36.51404527], [137.77224611, 36.51397195], [137.77236472, 36.51394945], [137.7726575, 36.51394945], [137.77279694, 36.51398333], [137.77284584, 36.51400583], [137.77323639, 36.51411277], [137.77338278, 36.51411277], [137.77345973, 36.51408472], [137.77362667, 36.51396083], [137.77373833, 36.51388195], [137.77390583, 36.5137975], [137.77421945, 36.513685], [137.77473555, 36.51358917], [137.77495889, 36.51349917], [137.77521, 36.51342028], [137.77564222, 36.51340333], [137.77590028, 36.51342583], [137.77622083, 36.51349917], [137.77650694, 36.51361722], [137.77655555, 36.51362861], [137.77661139, 36.51365111], [137.77670917, 36.51367361], [137.77686945, 36.51367917], [137.77696028, 36.51369611], [137.77711361, 36.5137075], [137.77727389, 36.51374695], [137.77754611, 36.51389889], [137.77761583, 36.51391583], [137.77774139, 36.51391], [137.77785972, 36.5138875], [137.77790167, 36.5138425], [137.7779225, 36.51379195], [137.77791555, 36.51374111], [137.777825, 36.51362861], [137.77767584, 36.51350055], [137.7773925, 36.51325694], [137.77728806, 36.513195], [137.77707167, 36.51302056], [137.77691833, 36.51292472], [137.77682778, 36.51289111], [137.77667417, 36.51279528], [137.77654167, 36.51276139], [137.77647889, 36.51273889], [137.77633278, 36.51273889], [137.77606084, 36.51281778], [137.77593528, 36.51281222], [137.77582361, 36.51277278], [137.77574695, 36.51272194], [137.77560055, 36.51258694], [137.77532834, 36.51236722], [137.77488222, 36.51210861], [137.77477056, 36.51203528], [137.77449166, 36.51177639], [137.77390612, 36.51141611], [137.7735225, 36.51110083], [137.773355, 36.51085306], [137.77317361, 36.51049834], [137.77307611, 36.51022222], [137.77301334, 36.51010972], [137.77286694, 36.50996888], [137.77260888, 36.5097775], [137.77250417, 36.5096875], [137.77222528, 36.50938916], [137.77203028, 36.50914166], [137.77180694, 36.50878111], [137.77175111, 36.50871361], [137.77158389, 36.50839833], [137.7715, 36.5082125], [137.77145833, 36.50808305], [137.7714025, 36.50800417], [137.77136055, 36.50791417], [137.77115139, 36.50768333], [137.77101889, 36.50757611], [137.7708375, 36.50750306], [137.77052362, 36.50746361], [137.77035222, 36.50745889], [137.77032166, 36.50745806], [137.77021722, 36.50744111], [137.76995222, 36.50742972], [137.76970806, 36.50746361], [137.76956862, 36.50748056], [137.76910833, 36.5075875], [137.76898278, 36.50762694], [137.76885028, 36.507655], [137.76858528, 36.50762694], [137.76849444, 36.50761], [137.76829916, 36.50759306], [137.76816694, 36.50755944], [137.76796473, 36.50746916], [137.76790195, 36.50744666], [137.7677275, 36.50735111], [137.76753222, 36.50721584], [137.76733, 36.50704694], [137.76714861, 36.50687278], [137.76682084, 36.50667], [137.76671639, 36.50663055], [137.76656278, 36.5066025], [137.7664025, 36.50643361], [137.766305, 36.50639417], [137.76612388, 36.50637722], [137.76561472, 36.50636028], [137.76500777, 36.50632083], [137.76466611, 36.50625889], [137.76434527, 36.50618], [137.7641225, 36.50610695], [137.76392028, 36.50600555], [137.763725, 36.50584778], [137.76354361, 36.50564528], [137.76345305, 36.50549889], [137.76341805, 36.50520027], [137.76341805, 36.50501445], [137.76348083, 36.50487389], [137.76353667, 36.50468222], [137.76371806, 36.50441805], [137.76378083, 36.50428862], [137.76382944, 36.50412528], [137.76387139, 36.50402945], [137.76389917, 36.50392806], [137.76389917, 36.50376472], [137.76387834, 36.50355083], [137.7638225, 36.50335944], [137.76368306, 36.50322417], [137.76348666, 36.50308917], [137.7632875, 36.502965], [137.76345556, 36.50287945], [137.76361527, 36.50276028], [137.76366444, 36.50282445], [137.76372, 36.50294277], [137.76384194, 36.50305389], [137.76392278, 36.50308917], [137.7640875, 36.50319056], [137.76433166, 36.50339333], [137.76440139, 36.50349444], [137.76441528, 36.50359028], [137.76440833, 36.50388306], [137.76439444, 36.50395638], [137.7643875, 36.50411945], [137.76436666, 36.50423222], [137.76436666, 36.50450805], [137.7643875, 36.50462084], [137.76437361, 36.50478944], [137.76428973, 36.50513277], [137.76428973, 36.505145], [137.76428973, 36.50525667], [137.76431778, 36.50531306], [137.76440111, 36.50541444], [137.76453361, 36.50552139], [137.76469417, 36.50560583], [137.76479861, 36.50563944], [137.76508472, 36.50568473], [137.7662075, 36.50568473], [137.76631223, 36.50569583], [137.76652806, 36.50569583], [137.76671639, 36.50570723], [137.76705111, 36.50578028], [137.76721139, 36.50584778], [137.76755334, 36.506], [137.76772055, 36.50605611], [137.76807639, 36.50612389], [137.76816694, 36.5061575], [137.76821584, 36.50616333], [137.76857111, 36.50633222], [137.76882222, 36.50647861], [137.76898278, 36.50654611], [137.76908028, 36.50656861], [137.76940805, 36.50656305], [137.76947083, 36.50654611], [137.76965222, 36.50645028], [137.76987527, 36.50636583], [137.77011945, 36.50631528], [137.77032166, 36.50629278], [137.77062833, 36.50630389], [137.77080972, 36.50633222], [137.77129083, 36.50632639], [137.77145833, 36.50629833], [137.77164666, 36.50629833], [137.77200917, 36.50647278], [137.77208612, 36.50650111], [137.77254639, 36.50676555], [137.77302722, 36.50704694], [137.77313889, 36.50717084], [137.77322945, 36.50732834], [137.77352944, 36.50759861], [137.77363389, 36.50773389], [137.77371777, 36.50782389], [137.77381973, 36.50796389], [137.77385722, 36.50801528], [137.77396889, 36.5081225], [137.77412916, 36.50822945], [137.77450583, 36.50844333], [137.77480528, 36.50855583], [137.77501472, 36.50862361], [137.77514723, 36.50865167], [137.77520306, 36.50864611], [137.77533556, 36.50858417], [137.77579583, 36.50843777], [137.77594916, 36.50841527], [137.77599111, 36.50842083], [137.77603972, 36.50844889], [137.77603972, 36.50845472], [137.77604694, 36.50853333], [137.77608861, 36.50863472], [137.77619334, 36.50871361], [137.77631889, 36.50877], [137.77657, 36.50892194], [137.77679306, 36.50907973], [137.77688361, 36.50912473], [137.77698833, 36.50915833], [137.77716249, 36.50918083], [137.77733667, 36.50926528], [137.7773925, 36.50930472], [137.77744833, 36.50940611], [137.77746916, 36.50942306], [137.77762278, 36.509485], [137.77763666, 36.50951888], [137.77760888, 36.50959195], [137.77760888, 36.50971], [137.77764361, 36.50981695], [137.77775528, 36.51003638], [137.77781806, 36.51013222], [137.77801334, 36.51070667], [137.77804111, 36.51083056], [137.77804805, 36.51121333], [137.77806917, 36.51131473], [137.77817361, 36.51163], [137.7781875, 36.5117425], [137.77825028, 36.51190028], [137.77832723, 36.51200722], [137.77856417, 36.5122325], [137.77875945, 36.51237889], [137.77895444, 36.51257555], [137.77904527, 36.51269944], [137.77912889, 36.51286278], [137.77923362, 36.51295278], [137.77935194, 36.51299806], [137.77945666, 36.51302611], [137.77971472, 36.51306556], [137.77988917, 36.51307666], [137.78020306, 36.5130825], [137.7803075, 36.51311611], [137.78041917, 36.51316111], [137.78072611, 36.51322306], [137.78084444, 36.51322306], [137.78112, 36.51324556]]]}, "properties": {"N03_001": "長野県", "N03_002": null, "N03_003": null, "N03_004": "大町市", "N03_005": null, "N03_007": "20212"}}, {"type": "Feature", "geometry": {"type": "Polygon", "coordinates": [[[138.376599, 36.8273], [138.376617, 36.83258], [138.363554, 36.837914], [138.353609, 36.823164], [138.354091, 36.819539], [138.359185, 36.809107], [138.354127, 36.803713], [138.338346, 36.806154], [138.324656, 36.806473], [138.319018, 36.813461], [138.317676, 36.818297], [138.308341, 36.817862], [138.301439, 36.824112], [138.30113, 36.832499], [138.294182, 36.839132], [138.284856, 36.83997], [138.275736, 36.836735], [138.274901, 36.840855], [138.287612, 36.845707], [138.288749, 36.851023], [138.29561, 36.85509], [138.296235, 36.858253], [138.288567, 36.868443], [138.293332, 36.873307], [138.292997, 36.878125], [138.299368, 36.886722], [138.295284, 36.888488], [138.294555, 36.89304], [138.290289, 36.896812], [138.294038, 36.900925], [138.296325, 36.91082], [138.309031, 36.920324], [138.315393, 36.922511], [138.317569, 36.925185], [138.329321, 36.926882], [138.337597, 36.924886], [138.343204, 36.920797], [138.348967, 36.929008], [138.357711, 36.933848], [138.359713, 36.93998], [138.364521, 36.944277], [138.363784, 36.953373], [138.368197, 36.957279], [138.369516, 36.964011], [138.374445, 36.968426], [138.376046, 36.972296], [138.382274, 36.976421], [138.378726, 36.980347], [138.384195, 36.983082], [138.390662, 36.988454], [138.393829, 36.995119], [138.400429, 36.997856], [138.411041, 36.998655], [138.411895, 37.002032], [138.422557, 37.005303], [138.431379, 37.006078], [138.44265, 37.013024], [138.450943, 37.014996], [138.455132, 37.019615], [138.468005, 37.017829], [138.481412, 37.021554], [138.482673, 37.019824], [138.491723, 37.02046], [138.497438, 37.026446], [138.501434, 37.025067], [138.512794, 37.027799], [138.519859, 37.027826], [138.520708, 37.023289], [138.518419, 37.017379], [138.511311, 37.006941], [138.504576, 37.004301], [138.495968, 36.99846], [138.49129, 36.987063], [138.493812, 36.979978], [138.484986, 36.977049], [138.4621, 36.976735], [138.455579, 36.969641], [138.445667, 36.962885], [138.441999, 36.959157], [138.431681, 36.955446], [138.434239, 36.948418], [138.429716, 36.944542], [138.422095, 36.945951], [138.420798, 36.93923], [138.422095, 36.934356], [138.418388, 36.931021], [138.418868, 36.919081], [138.425828, 36.921716], [138.428861, 36.908668], [138.437176, 36.906653], [138.440917, 36.897286], [138.458897, 36.885755], [138.461848, 36.88268], [138.446432, 36.875077], [138.438988, 36.87634], [138.422426, 36.871971], [138.412341, 36.873103], [138.406628, 36.875442], [138.405898, 36.879321], [138.399113, 36.87989], [138.396649, 36.87219], [138.402271, 36.870011], [138.396313, 36.852736], [138.391836, 36.855253], [138.385035, 36.853858], [138.384172, 36.8508], [138.389112, 36.847691], [138.397073, 36.840375], [138.390702, 36.838255], [138.388497, 36.832115], [138.384389, 36.827514], [138.376599, 36.8273]], [[138.4279625, 36.90478611], [138.42802555, 36.90483111], [138.42813056, 36.90494388], [138.42822861, 36.90511278], [138.42828472, 36.90522528], [138.42832722, 36.90528389], [138.42838278, 36.90536055], [138.42853694, 36.90548444], [138.42896417, 36.90581111], [138.42901334, 36.90590111], [138.42896417, 36.90610944], [138.42894333, 36.90618222], [138.42878222, 36.90640194], [138.42867695, 36.90650333], [138.42862806, 36.90653723], [138.42853694, 36.90655973], [138.42838278, 36.90655973], [138.42831277, 36.90653139], [138.42813056, 36.9064075], [138.42808167, 36.90636806], [138.42799055, 36.90632861], [138.4278225, 36.90633444], [138.42764028, 36.9063625], [138.42748611, 36.90642444], [138.42735305, 36.90645833], [138.427255, 36.90645833], [138.42710083, 36.90640194], [138.42679972, 36.90631749], [138.42656167, 36.90622167], [138.42633055, 36.90609222], [138.42614139, 36.90604722], [138.42596611, 36.90600777], [138.42583305, 36.90592889], [138.42560889, 36.9057825], [138.42544084, 36.90572611], [138.42505556, 36.90565305], [138.42500639, 36.90563055], [138.42474056, 36.90557417], [138.42464944, 36.90556305], [138.42429222, 36.90555722], [138.42418, 36.90550667], [138.42416611, 36.90547278], [138.42417305, 36.90538278], [138.42425723, 36.90525333], [138.42443222, 36.905045], [138.42452333, 36.90485945], [138.42453723, 36.90476361], [138.42451639, 36.90473556], [138.42428528, 36.90474], [138.42438334, 36.90453278], [138.42442, 36.90443055], [138.42441112, 36.90431889], [138.42435528, 36.90410472], [138.42437611, 36.90398639], [138.42439027, 36.90391889], [138.42443917, 36.90384], [138.42450222, 36.9036825], [138.4245725, 36.90344028], [138.42459333, 36.90305167], [138.42448833, 36.90233694], [138.42448833, 36.9022525], [138.42446028, 36.90192583], [138.42446028, 36.90179083], [138.42446889, 36.90175334], [138.42455833, 36.90135723], [138.42460028, 36.90126139], [138.4247825, 36.9010475], [138.4248525, 36.90097972], [138.42516083, 36.9007775], [138.42525888, 36.90073806], [138.42539194, 36.90069861], [138.42551111, 36.90068167], [138.42553222, 36.90067027], [138.42566528, 36.90064777], [138.42592445, 36.90065917], [138.42607166, 36.90067611], [138.42619056, 36.90071556], [138.42625362, 36.90076056], [138.42641473, 36.90102528], [138.42643583, 36.90106444], [138.42664583, 36.90131778], [138.42679972, 36.90151473], [138.42701, 36.90172888], [138.42708, 36.90181888], [138.42719917, 36.90206112], [138.42721306, 36.90214555], [138.42728334, 36.90243278], [138.42733917, 36.90256778], [138.42733917, 36.90259584], [138.42738139, 36.90268611], [138.42737445, 36.902855], [138.42733222, 36.90297889], [138.42733222, 36.90320417], [138.42738833, 36.90340695], [138.42745139, 36.90355861], [138.42744445, 36.903705], [138.42741638, 36.90375555], [138.42735333, 36.90382333], [138.42734639, 36.90392472], [138.42737445, 36.90398083], [138.42737445, 36.90407111], [138.42731139, 36.90414417], [138.42731139, 36.90422861], [138.42734639, 36.9043075], [138.42734639, 36.90436944], [138.42733222, 36.90438084], [138.42703805, 36.904375], [138.42701, 36.90438639], [138.42694, 36.90445944], [138.42691889, 36.90448778], [138.42691194, 36.90456639], [138.42694, 36.90465666], [138.427045, 36.90489306], [138.42712916, 36.90499445], [138.42743694, 36.90527612], [138.42743694, 36.90529305], [138.42753528, 36.90543944], [138.42757027, 36.90547305], [138.42765417, 36.9054675], [138.42771028, 36.90541667], [138.42775223, 36.90534361], [138.42779444, 36.90511278], [138.42780139, 36.905], [138.4278225, 36.9048875], [138.42790639, 36.90478611], [138.4279625, 36.90478611]]]}, "properties": {"N03_001": "長野県", "N03_002": null, "N03_003": null, "N03_004": "飯山市", "N03_005": null, "N03_007": "20213"}}, {"type": "Feature", "geometry": {"type": "MultiPolygon", "coordinates": [[[[138.112035, 35.977907], [138.115754, 35.986371], [138.123089, 35.989878], [138.129469, 35.99764], [138.137233, 36.003361], [138.13546, 36.009646], [138.157321, 36.015065], [138.1565, 36.019197], [138.158991, 36.028193], [138.155848, 36.037671], [138.162332, 36.042899], [138.163682, 36.046586], [138.172882, 36.055941], [138.173232, 36.062162], [138.180493, 36.089296], [138.191443, 36.091327], [138.190347, 36.09519], [138.193301, 36.10101], [138.19828, 36.103291], [138.199534, 36.107733], [138.203378, 36.106556], [138.214953, 36.107338], [138.216747, 36.105271], [138.224419, 36.108152], [138.234736, 36.110484], [138.234039, 36.108002], [138.23625616944378, 36.107455561502476], [138.23625444, 36.10745194], [138.23622278, 36.10738611], [138.23616056, 36.10730722], [138.23609805, 36.10726778], [138.23595917, 36.10723416], [138.23564694, 36.10723416], [138.23539722, 36.10727916], [138.23516139, 36.10733556], [138.23491861, 36.10736916], [138.23462028, 36.10736916], [138.23451639, 36.10734111], [138.23442611, 36.10727361], [138.23430111, 36.10714972], [138.23417667, 36.10699194], [138.23400306, 36.10671056], [138.23392694, 36.1065475], [138.23387139, 36.10625472], [138.23382278, 36.10614778], [138.23368417, 36.10598445], [138.23352444, 36.10582666], [138.23341361, 36.10566917], [138.233365, 36.10562973], [138.23332334, 36.10555639], [138.2333025, 36.1053875], [138.23319139, 36.10525806], [138.23316361, 36.10519056], [138.23312222, 36.10513972], [138.23301111, 36.10508361], [138.23292084, 36.10513972], [138.23286528, 36.10517361], [138.23284472, 36.10519611], [138.23276833, 36.10524111], [138.2326225, 36.10524111], [138.23245611, 36.10516806], [138.23229667, 36.10513417], [138.23195, 36.10512306], [138.23158917, 36.10508917], [138.231485, 36.10505527], [138.23142278, 36.10501027], [138.23138111, 36.10492584], [138.23135333, 36.10479084], [138.23133945, 36.1045825], [138.23126306, 36.10421083], [138.23122138, 36.10409806], [138.23113138, 36.10392361], [138.23104111, 36.10383361], [138.23090945, 36.10376583], [138.23056944, 36.10363111], [138.23052083, 36.10361973], [138.230285, 36.10350723], [138.23017389, 36.10340583], [138.23006305, 36.10322556], [138.23000055, 36.10316361], [138.22990333, 36.10316361], [138.22982722, 36.103265], [138.22977861, 36.10337778], [138.22971639, 36.10342833], [138.22964, 36.10343973], [138.22951528, 36.10343389], [138.22941889, 36.10338722], [138.22938416, 36.10329444], [138.22931861, 36.10296084], [138.2292875, 36.10281222], [138.22921139, 36.10261167], [138.22914555, 36.10243195], [138.22911111, 36.10230028], [138.22907639, 36.10206167], [138.22923917, 36.10201139], [138.23010527, 36.10174306], [138.23029028, 36.10168583], [138.23034555, 36.1017225], [138.23054277, 36.10184584], [138.23056944, 36.10189695], [138.23054861, 36.10193056], [138.23054166, 36.10197556], [138.23097167, 36.10232472], [138.2312075, 36.10253861], [138.2313325, 36.10261195], [138.23162389, 36.10276389], [138.23179027, 36.10285972], [138.23201944, 36.10302861], [138.23248416, 36.10348473], [138.23260889, 36.10358611], [138.23274055, 36.10364806], [138.23288611, 36.1036875], [138.23306667, 36.1036875], [138.23348973, 36.10357473], [138.23372556, 36.10349583], [138.23400306, 36.10349583], [138.23419055, 36.10356361], [138.23432222, 36.10365916], [138.23438472, 36.10373806], [138.23440555, 36.10381138], [138.23442639, 36.10400278], [138.23449583, 36.10411528], [138.2346275, 36.10426167], [138.23464834, 36.1043125], [138.23460667, 36.10435194], [138.23450278, 36.10437417], [138.23431528, 36.10437417], [138.23425972, 36.10435167], [138.23423916, 36.10433472], [138.23426667, 36.10424472], [138.23426667, 36.10399695], [138.23423222, 36.1039125], [138.23410723, 36.10381695], [138.23396862, 36.103755], [138.23383667, 36.103755], [138.23380194, 36.10379445], [138.23375472, 36.10398583], [138.23375333, 36.10399138], [138.23369806, 36.10407028], [138.23363556, 36.10413222], [138.2336425, 36.10425028], [138.23365639, 36.10428972], [138.2337325, 36.10436833], [138.23386445, 36.10446972], [138.23394084, 36.10449805], [138.234135, 36.10449222], [138.23475944, 36.10441917], [138.23480112, 36.10440222], [138.23488417, 36.10440222], [138.23497444, 36.10448112], [138.23511305, 36.10454862], [138.23518944, 36.10456555], [138.23538361, 36.10456555], [138.23545306, 36.10453167], [138.23551528, 36.10446444], [138.23556389, 36.10438], [138.23564694, 36.10436305], [138.23574416, 36.10436862], [138.23590389, 36.10445305], [138.23596611, 36.10446444], [138.23608417, 36.10445889], [138.23628527, 36.10443055], [138.23635473, 36.10440805], [138.23654889, 36.10438555], [138.23660444, 36.10443055], [138.23662528, 36.10461084], [138.23679861, 36.10499334], [138.23677778, 36.10508917], [138.23679861, 36.10513972], [138.23684722, 36.10517917], [138.23694445, 36.10517361], [138.237, 36.10515667], [138.23713862, 36.10515667], [138.23732584, 36.10525806], [138.23737445, 36.105275], [138.23749944, 36.10526944], [138.23761722, 36.10523], [138.23769361, 36.10523], [138.23788083, 36.105275], [138.23799889, 36.105275], [138.23807528, 36.10522417], [138.23808917, 36.10520167], [138.23808917, 36.10512861], [138.23800583, 36.10497084], [138.23800583, 36.10489194], [138.23808222, 36.10483027], [138.23829722, 36.10474028], [138.23831111, 36.10471222], [138.238325, 36.10461084], [138.23835972, 36.10458278], [138.23842889, 36.10456584], [138.23867167, 36.10456584], [138.2386925, 36.10455444], [138.23876167, 36.10445889], [138.238845, 36.104425], [138.23897667, 36.104425], [138.23901139, 36.10446444], [138.23905305, 36.10457139], [138.23913639, 36.10468389], [138.239185, 36.10485306], [138.23922666, 36.10490917], [138.23934444, 36.10501056], [138.24041278, 36.10570861], [138.24075278, 36.10589445], [138.24130055, 36.10612528], [138.24134917, 36.10619278], [138.2413502683847, 36.1062000815574], [138.243355, 36.105706], [138.247544, 36.10084], [138.246632, 36.094954], [138.260989, 36.090997], [138.267255, 36.091219], [138.2754, 36.086347], [138.286655, 36.089899], [138.29047, 36.093546], [138.290136, 36.096643], [138.29567, 36.105216], [138.301704, 36.110915], [138.309639, 36.109573], [138.312973, 36.111997], [138.320761, 36.111658], [138.325648, 36.108157], [138.324657, 36.100921], [138.327987, 36.091462], [138.322803, 36.087865], [138.324748, 36.084913], [138.331055, 36.086716], [138.334206, 36.084809], [138.332441, 36.074897], [138.334402, 36.068534], [138.341158, 36.065494], [138.345629, 36.061074], [138.347843, 36.054534], [138.348105, 36.047656], [138.35338, 36.046741], [138.356075, 36.042886], [138.355704, 36.034358], [138.361202, 36.031673], [138.358945, 36.027157], [138.359582, 36.020104], [138.36166, 36.017466], [138.359617, 36.013273], [138.36472, 36.008865], [138.364911, 36.003167], [138.371888, 35.99505], [138.374519, 35.983089], [138.37046, 35.971381], [138.35877, 35.97245], [138.348623, 35.974428], [138.335829, 35.973418], [138.323716, 35.974609], [138.319326, 35.972681], [138.309468, 35.975728], [138.285864, 35.9755], [138.287585, 35.97787], [138.246825, 35.981295], [138.231201, 35.984634], [138.214306, 35.984616], [138.212612, 35.976498], [138.20753, 35.974822], [138.195229, 35.973885], [138.183215, 35.974836], [138.179612, 35.968246], [138.18629, 35.959955], [138.191512, 35.958154], [138.194484, 35.953112], [138.199531, 35.953666], [138.208246, 35.948642], [138.210666, 35.944078], [138.216867, 35.944681], [138.218552, 35.940718], [138.211427, 35.938298], [138.20099, 35.939542], [138.198378, 35.937321], [138.189991, 35.934896], [138.184678, 35.939879], [138.182025, 35.934397], [138.178554, 35.932188], [138.168913, 35.916601], [138.165312, 35.919966], [138.166272, 35.923893], [138.160789, 35.933458], [138.152533, 35.936913], [138.146716, 35.942538], [138.147692, 35.946287], [138.152398, 35.950493], [138.150584, 35.954122], [138.133894, 35.963519], [138.124766, 35.971467], [138.113153, 35.974854], [138.112035, 35.977907]], [[138.25936028, 36.05109166], [138.25938111, 36.05113111], [138.25945722, 36.05123806], [138.25949194, 36.05131695], [138.25949194, 36.05140695], [138.25942417, 36.05150305], [138.25935333, 36.05162639], [138.25929083, 36.0516375], [138.25914528, 36.05162083], [138.25871611, 36.05143528], [138.25852888, 36.05143528], [138.25844583, 36.05139583], [138.25840417, 36.0513225], [138.25834861, 36.05095639], [138.25831389, 36.05082694], [138.25822389, 36.05072555], [138.25813389, 36.05073694], [138.25776667, 36.05093389], [138.25743389, 36.05105222], [138.2571775, 36.05119306], [138.25690028, 36.05136722], [138.25682416, 36.05138416], [138.25672694, 36.05138416], [138.25663, 36.05135056], [138.25647778, 36.05128111], [138.25571166, 36.05071833], [138.25552278, 36.05055611], [138.255495, 36.05046611], [138.2554175, 36.04965583], [138.25547973, 36.049605], [138.25568778, 36.049605], [138.25627694, 36.04967278], [138.25713584, 36.04981333], [138.2575725, 36.04991473], [138.257725, 36.04991473], [138.25787056, 36.04986416], [138.25811305, 36.04973473], [138.25824473, 36.04963889], [138.25829334, 36.04957694], [138.25830027, 36.04949806], [138.25828639, 36.0494475], [138.25830027, 36.0494475], [138.25882973, 36.04907833], [138.25893778, 36.04900277], [138.25899305, 36.04904777], [138.25943667, 36.0494925], [138.25974862, 36.04984723], [138.26001167, 36.05013445], [138.26001167, 36.05016805], [138.25990777, 36.05026389], [138.25984528, 36.05031472], [138.25977611, 36.05039917], [138.25974138, 36.05053417], [138.25970667, 36.050585], [138.25952667, 36.0507425], [138.25949889, 36.05082139], [138.25943639, 36.05077084], [138.25938139, 36.050765], [138.25933972, 36.05084944], [138.25933945, 36.05097916], [138.25936028, 36.05109166]], [[138.16271361, 35.96773473], [138.16246445, 35.96773473], [138.16236055, 35.96776833], [138.16220139, 35.96785833], [138.16217362, 35.96785278], [138.16159889, 35.96758806], [138.16156445, 35.96749833], [138.16141223, 35.96727306], [138.16138445, 35.96718306], [138.1613775, 35.96708722], [138.16141916, 35.96693527], [138.16147445, 35.96687334], [138.16150916, 35.96686194], [138.16159889, 35.96686194], [138.16185528, 35.96694639], [138.16210445, 35.96701972], [138.16231889, 35.96709861], [138.16256139, 35.96722806], [138.16295584, 35.96735194], [138.16303889, 35.9674025], [138.16312194, 35.96748694], [138.16312889, 35.96757723], [138.16310084, 35.96765583], [138.16304584, 35.96770111], [138.16296277, 35.96774028], [138.16271361, 35.96773473]]], [[[138.23521, 36.10615889], [138.23567472, 36.10651944], [138.235765, 36.10665444], [138.23581361, 36.10680639], [138.23582055, 36.10688528], [138.23590389, 36.10694722], [138.23599389, 36.10694166], [138.23607722, 36.10687416], [138.23607722, 36.10679528], [138.23604944, 36.10671084], [138.23602861, 36.1065925], [138.23598, 36.10642361], [138.23591778, 36.10629417], [138.23585528, 36.10624333], [138.23567472, 36.10621528], [138.23560555, 36.10619278], [138.23552223, 36.10610278], [138.23540417, 36.10579305], [138.23535583, 36.10573667], [138.2353425, 36.1057275], [138.23506444, 36.10553389], [138.23499528, 36.10552833], [138.23499333, 36.10553084], [138.23495361, 36.10557889], [138.23493973, 36.10566333], [138.23496027, 36.10575916], [138.23503666, 36.1059675], [138.23508528, 36.10604083], [138.23521, 36.10615889]]]]}, "properties": {"N03_001": "長野県", "N03_002": null, "N03_003": null, "N03_004": "茅野市", "N03_005": null, "N03_007": "20214"}}, {"type": "Feature", "geometry": {"type": "Polygon", "coordinates": [[[137.901684, 36.13937], [137.910318, 36.147196], [137.917401, 36.14839], [137.919641, 36.153554], [137.914678, 36.154769], [137.917224, 36.158799], [137.924135, 36.164111], [137.929875, 36.162582], [137.931688, 36.159484], [137.92429, 36.144784], [137.927763, 36.143726], [137.940739, 36.152283], [137.946767, 36.166666], [137.947204, 36.168222], [137.947007, 36.169264], [137.947469, 36.170463], [137.948815, 36.170603], [137.95162, 36.170947], [137.953727, 36.171165], [137.954824, 36.171306], [137.955163, 36.171384], [137.955681, 36.17163], [137.956754, 36.171258], [137.957752, 36.17118], [137.958187, 36.171293], [137.958581, 36.171504], [137.960964, 36.171644], [137.961359, 36.171677], [137.961617, 36.171695], [137.962075, 36.171726], [137.962316, 36.171738], [137.964104, 36.17179], [137.964222, 36.171562], [137.964503, 36.171491], [137.96457, 36.171722], [137.965973, 36.171187], [137.966637, 36.170943], [137.966669, 36.170899], [137.967142, 36.169857], [137.967291, 36.166667], [137.967292, 36.166666], [137.9689, 36.150227], [137.971394, 36.147292], [137.979324, 36.158429], [137.987913, 36.157657], [137.999169, 36.152972], [138.013894, 36.152296], [138.023581, 36.151007], [138.030377, 36.148103], [138.042348, 36.148127], [138.041674, 36.139641], [138.034763, 36.126824], [138.030189, 36.114333], [138.030506, 36.10656], [138.027868, 36.096452], [138.028722, 36.085523], [138.023364, 36.081584], [138.022901, 36.075888], [138.017133, 36.078702], [138.012754, 36.070036], [138.015955, 36.062197], [138.010741, 36.058536], [138.006851, 36.053187], [138.000863, 36.054505], [137.991913, 36.048778], [137.979709, 36.04425], [137.97408, 36.045279], [137.969037, 36.049413], [137.962421, 36.050639], [137.959364, 36.054084], [137.955641, 36.052863], [137.950459, 36.054593], [137.949706, 36.063781], [137.943162, 36.063638], [137.938705, 36.061516], [137.937986, 36.053016], [137.927699, 36.049328], [137.927347, 36.042444], [137.918785, 36.038101], [137.915283, 36.034719], [137.906468, 36.034636], [137.900162, 36.02951], [137.899009, 36.024656], [137.904505, 36.018241], [137.896665, 36.012463], [137.889109, 36.005037], [137.880513, 36.001541], [137.875488, 35.993056], [137.873088, 35.991984], [137.870598, 35.982481], [137.865389, 35.980125], [137.861364, 35.971423], [137.855573, 35.970787], [137.851269, 35.968005], [137.850386, 35.9632], [137.846172, 35.958373], [137.839047, 35.956882], [137.836115, 35.95086], [137.831325, 35.947894], [137.829146, 35.937691], [137.831417, 35.936098], [137.834807, 35.928242], [137.841927, 35.924427], [137.851662, 35.9239], [137.853889, 35.918543], [137.857873, 35.916784], [137.858411, 35.912021], [137.851432, 35.906117], [137.850294, 35.894807], [137.847212, 35.890267], [137.852661, 35.883589], [137.853868, 35.878672], [137.856971, 35.877156], [137.856292, 35.867738], [137.854126, 35.859572], [137.846846, 35.858027], [137.846173, 35.842099], [137.847059, 35.837337], [137.841496, 35.829823], [137.837294, 35.827154], [137.836974, 35.823284], [137.827969, 35.814834], [137.824097, 35.813124], [137.821402, 35.814873], [137.817331, 35.823352], [137.816216, 35.828742], [137.808653, 35.831087], [137.8059, 35.834279], [137.807749, 35.837455], [137.810137, 35.848077], [137.804395, 35.850386], [137.8064, 35.862416], [137.80832, 35.866167], [137.806524, 35.869582], [137.813493, 35.874443], [137.816132, 35.878562], [137.813332, 35.881961], [137.814583, 35.887578], [137.809956, 35.894884], [137.804685, 35.898678], [137.806568, 35.903411], [137.80436, 35.906297], [137.80672, 35.914514], [137.801184, 35.921908], [137.801382, 35.926455], [137.801598, 35.935775], [137.798653, 35.943083], [137.798766, 35.948836], [137.79558, 35.95426], [137.795359, 35.95991], [137.800579, 35.969274], [137.806617, 35.973095], [137.804948, 35.979892], [137.807472, 35.994561], [137.808957, 35.997946], [137.808077, 36.015793], [137.809647, 36.018454], [137.811319, 36.029343], [137.810376, 36.037974], [137.814922, 36.047965], [137.815278, 36.054472], [137.821832, 36.056864], [137.827061, 36.055041], [137.834735, 36.062201], [137.839088, 36.064538], [137.840887, 36.072303], [137.845961, 36.077201], [137.851935, 36.076356], [137.858697, 36.088482], [137.864152, 36.092196], [137.870772, 36.093628], [137.872219, 36.099721], [137.876795, 36.105164], [137.881235, 36.107223], [137.890775, 36.116549], [137.891386, 36.12036], [137.899054, 36.120707], [137.900384, 36.123634], [137.89387, 36.130727], [137.901684, 36.13937]], [[137.9996825, 36.09118334], [137.99993222, 36.09096361], [138.00066056, 36.090485], [138.00075083, 36.09044], [138.00082, 36.09042306], [138.00095194, 36.09042306], [138.00111833, 36.09046806], [138.00125028, 36.09052445], [138.00129861, 36.09056945], [138.00132639, 36.09061445], [138.00131916, 36.09071028], [138.00124333, 36.09078333], [138.00113916, 36.09083417], [138.00091028, 36.09092417], [138.00030666, 36.09132389], [138.00016111, 36.09140805], [138.00005695, 36.09143639], [137.9998975, 36.0914475], [137.9996825, 36.09118334]], [[137.9983575, 36.09189806], [137.99859334, 36.09194306], [137.99882917, 36.0919375], [137.99887778, 36.09192611], [137.99885695, 36.09206694], [137.99875305, 36.09221889], [137.99864889, 36.09230889], [137.99856556, 36.09233723], [137.9983575, 36.09235973], [137.99830194, 36.09239916], [137.9982675, 36.09246666], [137.99822584, 36.09252861], [137.9981425, 36.09253973], [137.99785806, 36.09240473], [137.99783028, 36.09238223], [137.99766389, 36.09231473], [137.9974975, 36.09226389], [137.99706056, 36.09216833], [137.996915, 36.09214306], [137.99665833, 36.09212889], [137.99583278, 36.09215139], [137.99574973, 36.0921625], [137.99547222, 36.09216833], [137.99534028, 36.09212889], [137.99509055, 36.09205556], [137.99492333, 36.09204694], [137.99467806, 36.09209305], [137.99409694, 36.09152778], [137.99408473, 36.09149834], [137.99411944, 36.09145305], [137.99427917, 36.091335], [137.99444556, 36.09105917], [137.99454944, 36.09076639], [137.99473, 36.09069306], [137.99481306, 36.09069306], [137.99491028, 36.0907325], [137.99500055, 36.09073806], [137.99516694, 36.09071], [137.99522945, 36.09072695], [137.995285, 36.09077195], [137.99534722, 36.09090139], [137.99549305, 36.09110417], [137.99560389, 36.09122805], [137.99574278, 36.09130111], [137.99583973, 36.09132945], [137.99602722, 36.09134611], [137.99631833, 36.09132945], [137.99646416, 36.09134611], [137.99656806, 36.09138555], [137.99660972, 36.09141389], [137.99661667, 36.09157139], [137.9966375, 36.09161639], [137.99667222, 36.09165027], [137.99676944, 36.09168972], [137.996915, 36.09173555], [137.99710917, 36.09171777], [137.99724805, 36.09171222], [137.99744195, 36.09168389], [137.99760139, 36.09169527], [137.997775, 36.09172917], [137.9983575, 36.09189806]], [[137.90282834, 36.1146075], [137.90274833, 36.11461833], [137.90258833, 36.11473167], [137.902555, 36.11488305], [137.90256889, 36.11498806], [137.90240944, 36.11490361], [137.90227083, 36.11484722], [137.90218055, 36.11485278], [137.90207639, 36.11490916], [137.90191, 36.11513445], [137.90186138, 36.11522445], [137.90168111, 36.11547222], [137.90156306, 36.11557917], [137.90151472, 36.11559028], [137.90145917, 36.11553417], [137.90142444, 36.11544389], [137.901405, 36.11534973], [137.90145556, 36.11488389], [137.90149583, 36.11475444], [137.90191723, 36.1142675], [137.90217389, 36.11412111], [137.90230528, 36.11401417], [137.90236805, 36.11386778], [137.90236805, 36.11374389], [137.90234028, 36.11358639], [137.90227805, 36.11340611], [137.90210445, 36.11302333], [137.90191723, 36.11266306], [137.90185472, 36.11260111], [137.90177862, 36.11258417], [137.90156333, 36.11265167], [137.90145945, 36.11270222], [137.90121666, 36.11287694], [137.90114722, 36.11289944], [137.90109861, 36.1128825], [137.90106388, 36.11282611], [137.90106388, 36.11271361], [137.90110556, 36.11261777], [137.901175, 36.11254472], [137.90139694, 36.11225778], [137.90145945, 36.11214528], [137.901515, 36.111875], [137.90149416, 36.11167222], [137.90148028, 36.11164972], [137.90135528, 36.11147528], [137.90120278, 36.11133445], [137.90110556, 36.11128389], [137.90103666, 36.11126695], [137.90088388, 36.11125556], [137.90061333, 36.11125556], [137.90071056, 36.11104723], [137.90075222, 36.11094028], [137.90075222, 36.11081083], [137.90041917, 36.11027027], [137.90021806, 36.11002834], [137.90014167, 36.10992139], [137.89995445, 36.10971889], [137.89977417, 36.10958362], [137.89970472, 36.1094375], [137.89964917, 36.10927417], [137.89958666, 36.10913888], [137.89948278, 36.10902083], [137.89918473, 36.10875611], [137.89902723, 36.10862167], [137.89897555, 36.10854778], [137.89894973, 36.10848972], [137.89894889, 36.10844083], [137.89901055, 36.10845666], [137.89907139, 36.10849111], [137.899205, 36.10859694], [137.89933722, 36.10868861], [137.89947611, 36.10879], [137.89959361, 36.1088575], [137.89976028, 36.10891945], [137.89993361, 36.10907138], [137.90011389, 36.10926833], [137.90011917, 36.10927278], [137.90046083, 36.10955555], [137.90059944, 36.109685], [137.90079388, 36.10993277], [137.90082834, 36.10997194], [137.90096027, 36.11013527], [137.90144584, 36.11064194], [137.90161889, 36.11086166], [137.9016675, 36.11090666], [137.90175084, 36.11088973], [137.90182, 36.11083333], [137.90211139, 36.1104675], [137.90227195, 36.11031362], [137.90256889, 36.11027806], [137.90253473, 36.11033806], [137.902285, 36.11076028], [137.9022225, 36.11092916], [137.90220167, 36.111115], [137.90221556, 36.11130639], [137.90222944, 36.11134583], [137.90227111, 36.11140195], [137.90234028, 36.11144695], [137.90240973, 36.11152028], [137.9024375, 36.11159917], [137.90245139, 36.11173972], [137.90252083, 36.11182444], [137.90258305, 36.11188612], [137.90261083, 36.11193694], [137.90262473, 36.11204944], [137.90265944, 36.11209444], [137.90279805, 36.11215084], [137.90306167, 36.11215084], [137.90313806, 36.11219028], [137.90324223, 36.11230861], [137.90331138, 36.11234806], [137.90345028, 36.11239306], [137.90352639, 36.11243806], [137.90377611, 36.11264611], [137.90382444, 36.11269111], [137.90371361, 36.11269111], [137.90354028, 36.11261222], [137.90331138, 36.11254472], [137.90315889, 36.11254472], [137.90302028, 36.11257861], [137.90299945, 36.11266306], [137.90306167, 36.11285444], [137.90313083, 36.11297833], [137.90340138, 36.11328223], [137.90348472, 36.11336111], [137.90363722, 36.11352445], [137.90385222, 36.11381722], [137.90383139, 36.11386222], [137.90379695, 36.11388472], [137.90368583, 36.11390722], [137.90361639, 36.11396361], [137.90358167, 36.11401972], [137.90357472, 36.11421139], [137.90359555, 36.1143125], [137.90294167, 36.11465611], [137.90282834, 36.1146075]]]}, "properties": {"N03_001": "長野県", "N03_002": null, "N03_003": null, "N03_004": "塩尻市", "N03_005": null, "N03_007": "20215"}}, {"type": "Feature", "geometry": {"type": "MultiPolygon", "coordinates": [[[[138.392824, 36.29419], [138.398872, 36.297677], [138.406953, 36.296655], [138.418319, 36.290286], [138.417064, 36.281589], [138.431013, 36.281656], [138.446362, 36.28036], [138.4592, 36.28652], [138.469305, 36.294358], [138.476854, 36.293195], [138.484533, 36.297706], [138.484109, 36.301904], [138.478519, 36.305372], [138.477196, 36.310106], [138.482614, 36.314619], [138.482773, 36.31489], [138.482938, 36.315104], [138.483251, 36.315336], [138.483361, 36.315403], [138.483636, 36.315562], [138.483921, 36.315631], [138.484324, 36.315699], [138.484743, 36.315738], [138.485118, 36.315726], [138.485304, 36.315743], [138.485482, 36.315665], [138.485616, 36.31559], [138.486077, 36.315252], [138.486875, 36.31506], [138.48746, 36.315205], [138.487786, 36.315439], [138.488384, 36.315565], [138.489038, 36.315866], [138.489423, 36.315981], [138.489547, 36.315981], [138.490141, 36.315916], [138.490369, 36.315858], [138.490583, 36.315704], [138.489928, 36.314912], [138.489786, 36.314696], [138.489557, 36.31422], [138.489254, 36.313913], [138.489079, 36.313735], [138.48877, 36.313514], [138.488529, 36.313183], [138.488405, 36.312895], [138.487879, 36.312527], [138.487611, 36.31234], [138.48725, 36.312078], [138.487061, 36.311971], [138.486978, 36.311824], [138.487122, 36.311311], [138.487204, 36.311116], [138.487322, 36.310864], [138.487374, 36.310789], [138.487532, 36.310747], [138.487804, 36.310728], [138.488254, 36.310792], [138.488904, 36.310273], [138.488719, 36.310073], [138.488571, 36.309981], [138.488382, 36.309875], [138.48812, 36.309746], [138.487563, 36.309545], [138.487402, 36.309413], [138.487307, 36.309252], [138.487125, 36.30921], [138.487174, 36.308903], [138.487087, 36.308777], [138.486539, 36.30857], [138.486505, 36.308333], [138.486498, 36.308112], [138.486414, 36.307934], [138.486221, 36.307866], [138.486145, 36.307857], [138.485764, 36.307407], [138.485609, 36.307114], [138.485506, 36.306925], [138.485185, 36.306779], [138.4851, 36.306105], [138.485112, 36.305775], [138.48501, 36.304732], [138.485141, 36.303829], [138.485179, 36.303526], [138.485702, 36.302851], [138.48617, 36.302844], [138.486191, 36.302257], [138.486202, 36.30188], [138.487086, 36.30184], [138.487519, 36.301836], [138.488161, 36.301812], [138.488745, 36.301801], [138.488917, 36.301064], [138.488887, 36.300741], [138.488721, 36.30062], [138.487766, 36.300075], [138.487798, 36.3], [138.487802, 36.299991], [138.487793, 36.299813], [138.487682, 36.299587], [138.487462, 36.299197], [138.487277, 36.299084], [138.486262, 36.298652], [138.486257, 36.298391], [138.486303, 36.297914], [138.486333, 36.297769], [138.486608, 36.29716], [138.486208, 36.296855], [138.485508, 36.296409], [138.485199, 36.29599], [138.484954, 36.295549], [138.484886, 36.295412], [138.484201, 36.294474], [138.484018, 36.294351], [138.483678, 36.293998], [138.483656, 36.293907], [138.484146, 36.2936], [138.484182, 36.293585], [138.484434, 36.293431], [138.484611, 36.293325], [138.484799, 36.293451], [138.485062, 36.293362], [138.485397, 36.293153], [138.485783, 36.29285], [138.485691, 36.292645], [138.485432, 36.292321], [138.48506, 36.291674], [138.485052, 36.291667], [138.484829, 36.291345], [138.485272, 36.291032], [138.48546, 36.290974], [138.485941, 36.290961], [138.485971, 36.290643], [138.486167, 36.290174], [138.487062, 36.29037], [138.487078, 36.29048], [138.487062, 36.290701], [138.487029, 36.290851], [138.487105, 36.291131], [138.487249, 36.291604], [138.487298, 36.291771], [138.48751, 36.292493], [138.487584, 36.292762], [138.487769, 36.293217], [138.487812, 36.293347], [138.487959, 36.293634], [138.487961, 36.293638], [138.48825, 36.294214], [138.488367, 36.294663], [138.488454, 36.294808], [138.488715, 36.295214], [138.4888, 36.29534], [138.488876, 36.295728], [138.48887, 36.295958], [138.488908, 36.296094], [138.488949, 36.296719], [138.48912, 36.297116], [138.489286, 36.297264], [138.489469, 36.297448], [138.489969, 36.297772], [138.490162, 36.297864], [138.490529, 36.298054], [138.490785, 36.298183], [138.490875, 36.298293], [138.491364, 36.298549], [138.491508, 36.298599], [138.491667, 36.2987], [138.491702, 36.298723], [138.49261, 36.299255], [138.492991, 36.299618], [138.493287, 36.299829], [138.49338, 36.300111], [138.493323, 36.300376], [138.493472, 36.300936], [138.493521, 36.301091], [138.492915, 36.301435], [138.492623, 36.301552], [138.492555, 36.301601], [138.492373, 36.301837], [138.492362, 36.302249], [138.492525, 36.302565], [138.492623, 36.302839], [138.492577, 36.303211], [138.493616, 36.303666], [138.494082, 36.303988], [138.49442, 36.304202], [138.495204, 36.304019], [138.495329, 36.304021], [138.495595, 36.303898], [138.495933, 36.303638], [138.496417, 36.303205], [138.496806, 36.302863], [138.496926, 36.302737], [138.497838, 36.300987], [138.498476, 36.3], [138.49879, 36.299159], [138.499767, 36.298858], [138.5, 36.298811], [138.500004, 36.29881], [138.501147, 36.29639], [138.514016, 36.297638], [138.518472, 36.294748], [138.524964, 36.283479], [138.54226, 36.285745], [138.550886, 36.281539], [138.557928, 36.279743], [138.570775, 36.280763], [138.576877, 36.280125], [138.579801, 36.28221], [138.594442, 36.278637], [138.600336, 36.2784], [138.60356, 36.274947], [138.605952, 36.266795], [138.603733, 36.26283], [138.604754, 36.254129], [138.602178, 36.2495], [138.612497, 36.240918], [138.61187, 36.229391], [138.614735, 36.224224], [138.622245, 36.214586], [138.63321, 36.216089], [138.636047, 36.206676], [138.627083, 36.201133], [138.622797, 36.196928], [138.627265, 36.191422], [138.629419, 36.183466], [138.637105, 36.174885], [138.635901, 36.170933], [138.630908, 36.172782], [138.627757, 36.171216], [138.612787, 36.168564], [138.604839, 36.164198], [138.594566, 36.165606], [138.589033, 36.170543], [138.589627, 36.176787], [138.580583, 36.175742], [138.577275, 36.168073], [138.563735, 36.170801], [138.560581, 36.169349], [138.549843, 36.170452], [138.527719, 36.16755], [138.519274, 36.165377], [138.517813, 36.168264], [138.508161, 36.166803], [138.506136, 36.168972], [138.497171, 36.168109], [138.488777, 36.174072], [138.483897, 36.179175], [138.479074, 36.173407], [138.472257, 36.168799], [138.461105, 36.169074], [138.449124, 36.167396], [138.448592, 36.165117], [138.439102, 36.165552], [138.433188, 36.167098], [138.419222, 36.156341], [138.409473, 36.154599], [138.404615, 36.150023], [138.397112, 36.146211], [138.388019, 36.144317], [138.379009, 36.139101], [138.364749, 36.126951], [138.353921, 36.120352], [138.343386, 36.121624], [138.33409, 36.115534], [138.332121, 36.111281], [138.325648, 36.108157], [138.320761, 36.111658], [138.312973, 36.111997], [138.309639, 36.109573], [138.301704, 36.110915], [138.300172, 36.119553], [138.301617, 36.127168], [138.295355, 36.132303], [138.291861, 36.137086], [138.28855, 36.146758], [138.282539, 36.149508], [138.284075, 36.155307], [138.283405, 36.160574], [138.280109, 36.164639], [138.281876, 36.169812], [138.282263, 36.178252], [138.28955, 36.193444], [138.288908, 36.199626], [138.295206, 36.206999], [138.298723, 36.219071], [138.303887, 36.232758], [138.308912, 36.239559], [138.315445, 36.244811], [138.331146, 36.254164], [138.334165, 36.260188], [138.338584, 36.261986], [138.337901, 36.272703], [138.333149, 36.278611], [138.339683, 36.280704], [138.339608, 36.287517], [138.342091, 36.292326], [138.343225, 36.294451], [138.356362, 36.298253], [138.363896, 36.297924], [138.368361, 36.299551], [138.374852, 36.295195], [138.375122, 36.294864], [138.375073, 36.294456], [138.375069, 36.294217], [138.375134, 36.293625], [138.375, 36.292298], [138.379344, 36.291381], [138.386306, 36.297566], [138.392824, 36.29419]], [[138.48208306, 36.28668777], [138.48170056, 36.28709333], [138.48165889, 36.28711028], [138.48104, 36.28668222], [138.48088722, 36.28658667], [138.48078278, 36.28650777], [138.48078972, 36.28646834], [138.48117222, 36.28604611], [138.48140167, 36.28618695], [138.48197167, 36.28657556], [138.48209, 36.28664861], [138.48210389, 36.28666527], [138.48209694, 36.28665972], [138.48208306, 36.28668777]], [[138.45060472, 36.21756723], [138.45058389, 36.21743194], [138.45059778, 36.21742639], [138.45067417, 36.21733056], [138.45080611, 36.21718972], [138.45082695, 36.21712777], [138.45070889, 36.21708277], [138.4506325, 36.21701527], [138.45082, 36.21673361], [138.45092417, 36.21660972], [138.45107028, 36.21642945], [138.45148, 36.21587194], [138.45155639, 36.21581], [138.45169528, 36.21581], [138.45179944, 36.21584389], [138.45197305, 36.21591694], [138.45207722, 36.21599584], [138.45220222, 36.21612528], [138.45227861, 36.21626056], [138.45226472, 36.21630556], [138.45179944, 36.21697584], [138.45172305, 36.21707722], [138.45132723, 36.21767416], [138.45114667, 36.21789333], [138.451105, 36.21790473], [138.45105639, 36.21790473], [138.45096583, 36.21787666], [138.45084778, 36.21780916], [138.450695, 36.21770778], [138.45062555, 36.21764583], [138.45060472, 36.21756723]], [[138.39958084, 36.25861111], [138.39960861, 36.25869001], [138.399685, 36.25885333], [138.3997825, 36.25901111], [138.39999805, 36.25933778], [138.40002861, 36.25941805], [138.39868278, 36.25959583], [138.39698611, 36.25945583], [138.39688333, 36.25941639], [138.39687639, 36.25932639], [138.3968625, 36.25926445], [138.39682778, 36.25896028], [138.39682778, 36.25869556], [138.39684861, 36.25861111], [138.39703639, 36.25826195], [138.39709195, 36.25820584], [138.39722417, 36.25811555], [138.39736306, 36.25807055], [138.39755083, 36.25805361], [138.39757861, 36.2580425], [138.397815, 36.2580425], [138.3979125, 36.25805361], [138.39803055, 36.25808194], [138.39828778, 36.25816639], [138.39865639, 36.25827334], [138.39888584, 36.25829027], [138.39922639, 36.2582], [138.39926139, 36.25818334], [138.39933083, 36.25818334], [138.39940722, 36.25823945], [138.39951139, 36.25843667], [138.39953222, 36.25851556], [138.39958084, 36.25861111]], [[138.39942167, 36.18775584], [138.39942861, 36.18781222], [138.3990325, 36.18826833], [138.39895611, 36.18834167], [138.39890056, 36.18835278], [138.39877555, 36.18827389], [138.39826166, 36.18797], [138.39806722, 36.18785166], [138.39781028, 36.18770528], [138.39741417, 36.18746861], [138.39735166, 36.18741806], [138.39732389, 36.18737278], [138.39781028, 36.18684389], [138.39788667, 36.18684389], [138.39845611, 36.18718139], [138.39942167, 36.18775584]]], [[[138.488018, 36.160774], [138.492482, 36.163247], [138.494369, 36.155927], [138.489996, 36.156298], [138.488018, 36.160774]]]]}, "properties": {"N03_001": "長野県", "N03_002": null, "N03_003": null, "N03_004": "佐久市", "N03_005": null, "N03_007": "20217"}}, {"type": "Feature", "geometry": {"type": "Polygon", "coordinates": [[[138.039119, 36.487779], [138.029629, 36.490713], [138.031426, 36.500767], [138.035105, 36.510902], [138.039323, 36.516459], [138.043926, 36.519685], [138.042242, 36.52621], [138.046263, 36.539709], [138.056472, 36.542609], [138.066297, 36.539905], [138.069164, 36.54167], [138.081327, 36.543948], [138.088602, 36.540971], [138.102327, 36.539566], [138.115397, 36.54193], [138.128424, 36.550891], [138.128952, 36.555206], [138.132998, 36.558185], [138.141023, 36.556901], [138.14838, 36.557306], [138.151469, 36.560082], [138.157055, 36.557609], [138.167506, 36.559196], [138.172794, 36.55322], [138.171177, 36.548763], [138.179892, 36.54443], [138.187202, 36.543079], [138.190511, 36.539407], [138.193477, 36.530132], [138.199409, 36.522935], [138.198406, 36.515397], [138.199847, 36.51116], [138.198804, 36.507258], [138.201766, 36.500984], [138.199769, 36.494764], [138.186523, 36.488018], [138.176197, 36.485548], [138.175744, 36.476422], [138.173158, 36.473491], [138.161121, 36.47339], [138.156992, 36.470051], [138.16929, 36.464371], [138.164744, 36.454383], [138.16074, 36.456056], [138.143951, 36.449168], [138.135195, 36.4467], [138.128618, 36.438207], [138.121608, 36.436831], [138.12153, 36.440566], [138.118108, 36.443749], [138.117953, 36.449024], [138.11162, 36.456725], [138.106039, 36.459198], [138.10598, 36.468658], [138.102142, 36.468082], [138.093379, 36.473482], [138.084659, 36.474725], [138.087042, 36.477755], [138.075801, 36.480485], [138.073149, 36.485512], [138.073123, 36.49004], [138.060165, 36.49067], [138.051607, 36.492265], [138.046474, 36.494893], [138.039119, 36.487779]]]}, "properties": {"N03_001": "長野県", "N03_002": null, "N03_003": null, "N03_004": "千曲市", "N03_005": null, "N03_007": "20218"}}, {"type": "Feature", "geometry": {"type": "Polygon", "coordinates": [[[138.298759, 36.319193], [138.302656, 36.321978], [138.308602, 36.32288], [138.314979, 36.328429], [138.319024, 36.334489], [138.32078, 36.343027], [138.323416, 36.347028], [138.319667, 36.349723], [138.322598, 36.356308], [138.319412, 36.359703], [138.311486, 36.358862], [138.306813, 36.361069], [138.299166, 36.367521], [138.300225, 36.371237], [138.294192, 36.375038], [138.296917, 36.380176], [138.308894, 36.38064], [138.309528, 36.385985], [138.317732, 36.388195], [138.326998, 36.394777], [138.329011, 36.400022], [138.333909, 36.401387], [138.345265, 36.407421], [138.343954, 36.412284], [138.347582, 36.417792], [138.346862, 36.421092], [138.358177, 36.430645], [138.375, 36.432256], [138.377416, 36.432807], [138.381035, 36.432762], [138.383238, 36.432792], [138.383333, 36.432795], [138.385628, 36.432952], [138.387096, 36.433281], [138.38777, 36.432261], [138.389628, 36.430675], [138.391205, 36.431256], [138.391667, 36.431472], [138.39195, 36.431611], [138.392402, 36.431656], [138.393741, 36.432177], [138.394343, 36.432379], [138.397822, 36.433123], [138.397875, 36.433161], [138.398387, 36.433333], [138.398538, 36.433459], [138.398989, 36.433744], [138.399391, 36.433829], [138.4, 36.434098], [138.400004, 36.434101], [138.400785, 36.4345], [138.415284, 36.431596], [138.420567, 36.42856], [138.441601, 36.422593], [138.447193, 36.419261], [138.451625, 36.421174], [138.456965, 36.42024], [138.457715, 36.411574], [138.452608, 36.407883], [138.443982, 36.39817], [138.438014, 36.384629], [138.424184, 36.376583], [138.417627, 36.376724], [138.412224, 36.371212], [138.398204, 36.37217], [138.389074, 36.365785], [138.385318, 36.360156], [138.384366, 36.354773], [138.386934, 36.352327], [138.381998, 36.347918], [138.380641, 36.339634], [138.385752, 36.336835], [138.381237, 36.334107], [138.375779, 36.335559], [138.371998, 36.333377], [138.371892, 36.333333], [138.366959, 36.333192], [138.363396, 36.325736], [138.365083, 36.321588], [138.372754, 36.317183], [138.37388, 36.312532], [138.379669, 36.302874], [138.383574, 36.303294], [138.386306, 36.297566], [138.379344, 36.291381], [138.375, 36.292298], [138.375134, 36.293625], [138.375069, 36.294217], [138.375073, 36.294456], [138.375122, 36.294864], [138.374852, 36.295195], [138.368361, 36.299551], [138.363896, 36.297924], [138.356362, 36.298253], [138.343225, 36.294451], [138.342091, 36.292326], [138.34262, 36.295639], [138.337227, 36.307475], [138.340954, 36.316494], [138.337883, 36.321744], [138.330656, 36.320596], [138.328763, 36.314412], [138.324228, 36.30695], [138.317181, 36.306318], [138.305936, 36.308207], [138.299681, 36.307026], [138.294701, 36.308905], [138.298759, 36.319193]]]}, "properties": {"N03_001": "長野県", "N03_002": null, "N03_003": null, "N03_004": "東御市", "N03_005": null, "N03_007": "20219"}}, {"type": "Feature", "geometry": {"type": "Polygon", "coordinates": [[[137.991502, 36.376737], [137.980294, 36.376028], [137.972025, 36.370669], [137.968767, 36.364075], [137.960067, 36.363921], [137.956055, 36.359194], [137.953323, 36.344035], [137.957509, 36.340566], [137.952958, 36.331273], [137.947626, 36.33075], [137.947829, 36.324261], [137.954803, 36.322391], [137.958299, 36.317215], [137.969488, 36.317745], [137.97687, 36.310723], [137.978072, 36.30502], [137.972431, 36.298984], [137.955902, 36.29448], [137.95038, 36.289108], [137.944557, 36.287871], [137.943306, 36.279097], [137.937421, 36.273891], [137.92974, 36.259753], [137.918262, 36.246391], [137.911467, 36.246891], [137.899355, 36.243979], [137.885369, 36.242899], [137.883242, 36.239481], [137.876438, 36.238626], [137.866747, 36.239279], [137.866424, 36.237357], [137.846787, 36.239381], [137.832692, 36.246284], [137.823136, 36.246588], [137.817164, 36.240521], [137.811111, 36.242685], [137.800703, 36.24296], [137.794036, 36.241167], [137.788125, 36.243075], [137.789129, 36.249532], [137.79785, 36.259733], [137.798205, 36.266442], [137.795337, 36.270149], [137.796811, 36.275683], [137.793329, 36.282838], [137.78816, 36.283703], [137.782293, 36.276233], [137.767455, 36.277033], [137.76392, 36.275298], [137.749458, 36.274585], [137.744648, 36.275211], [137.740376, 36.281677], [137.733113, 36.286033], [137.725682, 36.287652], [137.721008, 36.296467], [137.721362, 36.305068], [137.728089, 36.320886], [137.728088, 36.333515], [137.725517, 36.339479], [137.72698, 36.342056], [137.718788, 36.353733], [137.715125, 36.353469], [137.706477, 36.361629], [137.701014, 36.365004], [137.70901, 36.376746], [137.706154, 36.384978], [137.709627, 36.394007], [137.714531, 36.398259], [137.711469, 36.410587], [137.712216, 36.416885], [137.71639, 36.417318], [137.727005, 36.425265], [137.729447, 36.425351], [137.740106, 36.41942], [137.746931, 36.41843], [137.753877, 36.410713], [137.752755, 36.407007], [137.755182, 36.401688], [137.762268, 36.395599], [137.770461, 36.391821], [137.775428, 36.397232], [137.785084, 36.39656], [137.790678, 36.392103], [137.799618, 36.394769], [137.807035, 36.393314], [137.810216, 36.394867], [137.815907, 36.391853], [137.825315, 36.391163], [137.828194, 36.383215], [137.831066, 36.380978], [137.836169, 36.383209], [137.853427, 36.393786], [137.856902, 36.392705], [137.870109, 36.383271], [137.872386, 36.379209], [137.876331, 36.37769], [137.888091, 36.363996], [137.908257, 36.371322], [137.904545, 36.38066], [137.905316, 36.38408], [137.901503, 36.38996], [137.903633, 36.395163], [137.907295, 36.394402], [137.912364, 36.389393], [137.915603, 36.392573], [137.909604, 36.401023], [137.912837, 36.406891], [137.92466, 36.411519], [137.922366, 36.405802], [137.928796, 36.402909], [137.929395, 36.398403], [137.926297, 36.391922], [137.933161, 36.381617], [137.935301, 36.385152], [137.943004, 36.38655], [137.949994, 36.384115], [137.954573, 36.388779], [137.957299, 36.39481], [137.963044, 36.399861], [137.972696, 36.404466], [137.974301, 36.398762], [137.979379, 36.395723], [137.98458, 36.388299], [137.990361, 36.387401], [137.991502, 36.376737]]]}, "properties": {"N03_001": "長野県", "N03_002": null, "N03_003": null, "N03_004": "安曇野市", "N03_005": null, "N03_007": "20220"}}, {"type": "Feature", "geometry": {"type": "Polygon", "coordinates": [[[138.359582, 36.020104], [138.358945, 36.027157], [138.361202, 36.031673], [138.355704, 36.034358], [138.356075, 36.042886], [138.35338, 36.046741], [138.367055, 36.053892], [138.366082, 36.066595], [138.370528, 36.069996], [138.380502, 36.063718], [138.390011, 36.066633], [138.39247, 36.069917], [138.402124, 36.071981], [138.408866, 36.07873], [138.413948, 36.078814], [138.416536, 36.081744], [138.425143, 36.086289], [138.440621, 36.098594], [138.44282, 36.101949], [138.453786, 36.105754], [138.458461, 36.109016], [138.456475, 36.112499], [138.462961, 36.120519], [138.467078, 36.123591], [138.471856, 36.122883], [138.474762, 36.118752], [138.475742, 36.112366], [138.478665, 36.111434], [138.481506, 36.105648], [138.493195, 36.107437], [138.499015, 36.106736], [138.504511, 36.10307], [138.506785, 36.108705], [138.510962, 36.11335], [138.51928, 36.114115], [138.530773, 36.109272], [138.545034, 36.112907], [138.553411, 36.1088], [138.564088, 36.10143], [138.571109, 36.101532], [138.582156, 36.096565], [138.583221, 36.087298], [138.576454, 36.083095], [138.572377, 36.083827], [138.565192, 36.079608], [138.560781, 36.074645], [138.552932, 36.076153], [138.547132, 36.073046], [138.54282, 36.076087], [138.537813, 36.073895], [138.524652, 36.071022], [138.516069, 36.072573], [138.511916, 36.065115], [138.504804, 36.060102], [138.500956, 36.053793], [138.496608, 36.054139], [138.491991, 36.048035], [138.491085, 36.037847], [138.485953, 36.036719], [138.480321, 36.042627], [138.478745, 36.049309], [138.4722, 36.053176], [138.468136, 36.052718], [138.463402, 36.047111], [138.465231, 36.042041], [138.457945, 36.033346], [138.450618, 36.029372], [138.445402, 36.024089], [138.43821, 36.022995], [138.42504, 36.024801], [138.418352, 36.023823], [138.40711, 36.024311], [138.386057, 36.016581], [138.373721, 36.016204], [138.36956, 36.018024], [138.36166, 36.017466], [138.359582, 36.020104]], [[138.45931944, 36.05321389], [138.45936111, 36.05330416], [138.45945111, 36.05339416], [138.45958972, 36.05349556], [138.45959917, 36.05351862], [138.45957611, 36.05354056], [138.45949972, 36.05352361], [138.4594375, 36.05352945], [138.459375, 36.05356306], [138.45918083, 36.05373778], [138.45899388, 36.05376583], [138.4589175, 36.05378833], [138.45889, 36.05382222], [138.45888305, 36.05390667], [138.45891056, 36.05397417], [138.45898, 36.054025], [138.45902861, 36.05408112], [138.45905612, 36.05423334], [138.45911861, 36.05439667], [138.45907695, 36.05446972], [138.45899388, 36.05452056], [138.45892444, 36.05453167], [138.45886917, 36.05448667], [138.45878583, 36.05428389], [138.45871666, 36.05424444], [138.45866111, 36.0542275], [138.45840472, 36.05419389], [138.45828, 36.05416], [138.458065, 36.05405862], [138.45795445, 36.05405862], [138.45789916, 36.05408694], [138.45774667, 36.05426694], [138.45758028, 36.05426694], [138.45753862, 36.05425584], [138.45753167, 36.05416], [138.45751777, 36.054115], [138.45746945, 36.05408694], [138.45713667, 36.05408112], [138.45685944, 36.05412055], [138.45660305, 36.05419389], [138.45609722, 36.0541825], [138.45597917, 36.05414889], [138.45584056, 36.0540475], [138.4556675, 36.0540475], [138.45549416, 36.0540925], [138.45536945, 36.0540925], [138.45521694, 36.05405305], [138.45496777, 36.05393472], [138.4547875, 36.05383917], [138.45455194, 36.05375472], [138.45449639, 36.05372083], [138.45446167, 36.05365888], [138.45444111, 36.05359695], [138.45442722, 36.05330445], [138.45446861, 36.05321416], [138.454545, 36.05312416], [138.45466278, 36.05301166], [138.45480139, 36.05292694], [138.45501611, 36.05285389], [138.45512028, 36.05272444], [138.45514084, 36.05265111], [138.45514084, 36.05251584], [138.45505084, 36.05230195], [138.45496777, 36.05216695], [138.45491083, 36.05210278], [138.45485694, 36.05200917], [138.45487055, 36.05190778], [138.45503694, 36.05167694], [138.45514777, 36.05159806], [138.45523806, 36.05155306], [138.4553975, 36.05152472], [138.4555775, 36.05150806], [138.45609722, 36.05149111], [138.45658222, 36.05144611], [138.45685944, 36.05141222], [138.45703278, 36.05136722], [138.45703972, 36.05135584], [138.4572475, 36.05131084], [138.45760111, 36.05131084], [138.45780194, 36.05132222], [138.4578575, 36.05134472], [138.45798222, 36.05144028], [138.45801694, 36.05151361], [138.45801694, 36.05160945], [138.45797528, 36.05169944], [138.45797528, 36.05177833], [138.45791306, 36.05186833], [138.457705, 36.05201472], [138.45764945, 36.05208222], [138.45764945, 36.05216111], [138.45773277, 36.0522625], [138.45773277, 36.05234695], [138.45771194, 36.05239777], [138.45772584, 36.05246527], [138.4577675, 36.05251584], [138.45780194, 36.05253277], [138.45787139, 36.05252167], [138.45802389, 36.05244277], [138.45810694, 36.05242027], [138.45822472, 36.05242027], [138.45859195, 36.05255527], [138.45869583, 36.05257222], [138.45905612, 36.05257222], [138.45913944, 36.05260611], [138.45921556, 36.05267361], [138.45924334, 36.052775], [138.45933334, 36.05293278], [138.45933334, 36.05305056], [138.45931944, 36.05321389]], [[138.45209167, 36.05137278], [138.45212639, 36.05145722], [138.45211945, 36.05155861], [138.45210223, 36.05159222], [138.45198111, 36.0517175], [138.45185694, 36.05184611], [138.45182139, 36.05187972], [138.45151667, 36.05187972], [138.45144028, 36.05190222], [138.4513225, 36.05197528], [138.45120473, 36.05209361], [138.45113527, 36.0521275], [138.45090666, 36.05218945], [138.45065722, 36.05229084], [138.45051861, 36.05231889], [138.45035222, 36.05231334], [138.45018584, 36.05225695], [138.45005416, 36.0521725], [138.44999889, 36.0521275], [138.44998528, 36.052105], [138.44996445, 36.05197528], [138.44992277, 36.05190778], [138.44992277, 36.05180639], [138.44994361, 36.05175583], [138.44993667, 36.05164861], [138.449895, 36.05155306], [138.44979111, 36.051435], [138.44975638, 36.05137306], [138.44975638, 36.05128861], [138.44990194, 36.05109139], [138.449895, 36.05106334], [138.44982584, 36.05106334], [138.44970111, 36.05113084], [138.44963167, 36.05114778], [138.44939611, 36.05114778], [138.44931417, 36.05110778], [138.44940306, 36.05105194], [138.44961084, 36.05106334], [138.44969416, 36.05104084], [138.44977028, 36.05098444], [138.44985361, 36.050945], [138.44997833, 36.050945], [138.45008916, 36.05098444], [138.45014445, 36.05098444], [138.45015833, 36.0509675], [138.45014445, 36.05081555], [138.45017917, 36.050765], [138.45051416, 36.05069889], [138.45158362, 36.05076889], [138.45166222, 36.05080444], [138.45191861, 36.05097334], [138.45196694, 36.05115334], [138.45209167, 36.05137278]]]}, "properties": {"N03_001": "長野県", "N03_002": null, "N03_003": "南佐久郡", "N03_004": "小海町", "N03_005": null, "N03_007": "20303"}}, {"type": "Feature", "geometry": {"type": "Polygon", "coordinates": [[[138.497672, 35.911406], [138.49688, 35.918325], [138.490136, 35.926196], [138.490225, 35.937464], [138.487058, 35.944595], [138.48326, 35.948555], [138.486062, 35.950645], [138.486241, 35.95819], [138.493338, 35.962434], [138.499503, 35.963918], [138.507243, 35.967662], [138.510844, 35.971499], [138.504105, 35.974445], [138.499613, 35.985648], [138.506851, 35.989054], [138.514029, 35.978472], [138.516895, 35.976689], [138.522889, 35.983068], [138.523038, 35.986103], [138.534485, 35.985461], [138.539404, 35.991363], [138.548832, 35.994248], [138.552404, 35.992529], [138.558058, 35.994747], [138.567136, 35.991847], [138.591661, 35.994911], [138.601178, 35.990985], [138.611295, 35.990991], [138.624227, 35.99306], [138.628086, 35.989214], [138.635514, 35.98902], [138.640509, 35.987215], [138.647087, 35.987438], [138.659319, 35.993161], [138.665242, 35.989906], [138.673406, 35.992312], [138.676084, 35.991384], [138.688695, 35.991775], [138.697323, 35.991032], [138.701167, 35.988011], [138.71255, 35.985333], [138.711447, 35.971282], [138.714184, 35.965515], [138.719478, 35.962887], [138.721041, 35.95909], [138.7256, 35.957611], [138.730469, 35.950301], [138.731135, 35.945145], [138.739254, 35.939108], [138.73746, 35.935793], [138.738507, 35.929019], [138.729107, 35.917228], [138.728889, 35.909727], [138.724106, 35.907985], [138.70797, 35.909636], [138.705684, 35.905951], [138.700162, 35.903063], [138.691932, 35.89585], [138.685846, 35.893866], [138.682678, 35.881461], [138.675988, 35.869838], [138.655931, 35.875868], [138.651957, 35.873954], [138.642523, 35.874772], [138.634234, 35.870053], [138.62834, 35.873327], [138.622027, 35.870448], [138.610756, 35.873689], [138.606761, 35.878456], [138.606045, 35.891854], [138.60723, 35.899683], [138.612317, 35.908669], [138.602538, 35.909844], [138.600517, 35.913802], [138.59243, 35.918277], [138.580982, 35.91705], [138.576667, 35.911444], [138.572353, 35.912116], [138.564415, 35.917334], [138.558034, 35.916004], [138.553844, 35.918993], [138.545358, 35.914777], [138.529372, 35.914549], [138.521371, 35.918694], [138.51306, 35.920031], [138.510649, 35.922344], [138.505671, 35.918867], [138.502758, 35.912195], [138.497672, 35.911406]]]}, "properties": {"N03_001": "長野県", "N03_002": null, "N03_003": "南佐久郡", "N03_004": "川上村", "N03_005": null, "N03_007": "20304"}}, {"type": "Feature", "geometry": {"type": "Polygon", "coordinates": [[[138.37046, 35.971381], [138.374519, 35.983089], [138.371888, 35.99505], [138.364911, 36.003167], [138.36472, 36.008865], [138.359617, 36.013273], [138.36166, 36.017466], [138.36956, 36.018024], [138.373721, 36.016204], [138.386057, 36.016581], [138.40711, 36.024311], [138.418352, 36.023823], [138.42504, 36.024801], [138.43821, 36.022995], [138.445402, 36.024089], [138.450618, 36.029372], [138.457945, 36.033346], [138.465231, 36.042041], [138.463402, 36.047111], [138.468136, 36.052718], [138.4722, 36.053176], [138.478745, 36.049309], [138.480321, 36.042627], [138.485953, 36.036719], [138.491085, 36.037847], [138.495938, 36.037189], [138.502537, 36.038699], [138.504765, 36.034073], [138.502395, 36.030016], [138.510632, 36.023952], [138.521099, 36.023548], [138.524488, 36.01967], [138.535045, 36.018371], [138.538253, 36.014378], [138.543181, 36.012405], [138.54773, 36.007558], [138.554135, 36.006397], [138.558716, 35.99805], [138.558058, 35.994747], [138.552404, 35.992529], [138.548832, 35.994248], [138.539404, 35.991363], [138.534485, 35.985461], [138.523038, 35.986103], [138.522889, 35.983068], [138.516895, 35.976689], [138.514029, 35.978472], [138.506851, 35.989054], [138.499613, 35.985648], [138.504105, 35.974445], [138.510844, 35.971499], [138.507243, 35.967662], [138.499503, 35.963918], [138.493338, 35.962434], [138.486241, 35.95819], [138.486062, 35.950645], [138.48326, 35.948555], [138.487058, 35.944595], [138.490225, 35.937464], [138.490136, 35.926196], [138.49688, 35.918325], [138.497672, 35.911406], [138.494712, 35.902083], [138.489783, 35.896451], [138.482143, 35.898773], [138.471654, 35.89619], [138.460487, 35.903524], [138.454222, 35.903206], [138.44901, 35.912787], [138.444419, 35.917733], [138.447282, 35.923585], [138.447506, 35.929249], [138.454333, 35.938306], [138.450563, 35.945411], [138.443161, 35.951138], [138.424193, 35.958975], [138.416832, 35.958983], [138.408416, 35.962486], [138.390687, 35.966338], [138.381772, 35.97125], [138.37046, 35.971381]]]}, "properties": {"N03_001": "長野県", "N03_002": null, "N03_003": "南佐久郡", "N03_004": "南牧村", "N03_005": null, "N03_007": "20305"}}, {"type": "Feature", "geometry": {"type": "Polygon", "coordinates": [[[138.491991, 36.048035], [138.496608, 36.054139], [138.500956, 36.053793], [138.504804, 36.060102], [138.510705, 36.057418], [138.522512, 36.055134], [138.530284, 36.054884], [138.54386, 36.0464], [138.550783, 36.046883], [138.560752, 36.04571], [138.563853, 36.040181], [138.578227, 36.035995], [138.588584, 36.034088], [138.60929, 36.032316], [138.620241, 36.029245], [138.631488, 36.028279], [138.636134, 36.027699], [138.644863, 36.024134], [138.646011, 36.020027], [138.661425, 36.016367], [138.661696, 36.012015], [138.679749, 36.011615], [138.681054, 36.004302], [138.687167, 35.999818], [138.686426, 35.994903], [138.688695, 35.991775], [138.676084, 35.991384], [138.673406, 35.992312], [138.665242, 35.989906], [138.659319, 35.993161], [138.647087, 35.987438], [138.640509, 35.987215], [138.635514, 35.98902], [138.628086, 35.989214], [138.624227, 35.99306], [138.611295, 35.990991], [138.601178, 35.990985], [138.591661, 35.994911], [138.567136, 35.991847], [138.558058, 35.994747], [138.558716, 35.99805], [138.554135, 36.006397], [138.54773, 36.007558], [138.543181, 36.012405], [138.538253, 36.014378], [138.535045, 36.018371], [138.524488, 36.01967], [138.521099, 36.023548], [138.510632, 36.023952], [138.502395, 36.030016], [138.504765, 36.034073], [138.502537, 36.038699], [138.495938, 36.037189], [138.491085, 36.037847], [138.491991, 36.048035]], [[138.55557611, 36.024355], [138.55549973, 36.02459166], [138.55547055, 36.0246375], [138.55523472, 36.0247025], [138.55493166, 36.02491083], [138.55473805, 36.02494166], [138.55464389, 36.02484778], [138.554585, 36.02478944], [138.55465805, 36.02474], [138.55473722, 36.02467055], [138.55477889, 36.02461416], [138.55477889, 36.02443944], [138.55470278, 36.02423111], [138.55468889, 36.02415222], [138.55468194, 36.0238425], [138.55465417, 36.02358361], [138.55465417, 36.0233075], [138.55470972, 36.02312166], [138.55477194, 36.02303722], [138.55534027, 36.02229972], [138.55549278, 36.02213639], [138.55590889, 36.02192778], [138.556075, 36.02187723], [138.55631084, 36.02190528], [138.55660889, 36.02197305], [138.55678917, 36.02199555], [138.5569, 36.02202916], [138.55708028, 36.02214195], [138.55721195, 36.0221925], [138.55766944, 36.02229389], [138.55782195, 36.02233917], [138.55810611, 36.02233917], [138.55825861, 36.02230528], [138.55833472, 36.02230528], [138.55823083, 36.02244056], [138.55810611, 36.02253056], [138.55794667, 36.02260389], [138.55782195, 36.0226375], [138.55753056, 36.02264889], [138.55728805, 36.02263194], [138.55704556, 36.02260944], [138.55689306, 36.02260944], [138.5568375, 36.02264889], [138.55681667, 36.02271084], [138.5567475, 36.02276139], [138.5564425, 36.02284584], [138.55636611, 36.02284584], [138.55624833, 36.02276722], [138.55619306, 36.02277834], [138.55602667, 36.02284584], [138.55581167, 36.0229925], [138.55577, 36.0230375], [138.55571472, 36.02313278], [138.55564527, 36.02342583], [138.55562444, 36.02361167], [138.55560389, 36.02424249], [138.55557611, 36.024355]]]}, "properties": {"N03_001": "長野県", "N03_002": null, "N03_003": "南佐久郡", "N03_004": "南相木村", "N03_005": null, "N03_007": "20306"}}, {"type": "Feature", "geometry": {"type": "Polygon", "coordinates": [[[138.504804, 36.060102], [138.511916, 36.065115], [138.516069, 36.072573], [138.524652, 36.071022], [138.537813, 36.073895], [138.54282, 36.076087], [138.547132, 36.073046], [138.552932, 36.076153], [138.560781, 36.074645], [138.565192, 36.079608], [138.572377, 36.083827], [138.576454, 36.083095], [138.583221, 36.087298], [138.582156, 36.096565], [138.597832, 36.09579], [138.599717, 36.098389], [138.607759, 36.096469], [138.611009, 36.097779], [138.621233, 36.094878], [138.625794, 36.095121], [138.630739, 36.091377], [138.630465, 36.086058], [138.633212, 36.080874], [138.639186, 36.075285], [138.642815, 36.068742], [138.642373, 36.053763], [138.644171, 36.04957], [138.631488, 36.028279], [138.620241, 36.029245], [138.60929, 36.032316], [138.588584, 36.034088], [138.578227, 36.035995], [138.563853, 36.040181], [138.560752, 36.04571], [138.550783, 36.046883], [138.54386, 36.0464], [138.530284, 36.054884], [138.522512, 36.055134], [138.510705, 36.057418], [138.504804, 36.060102]]]}, "properties": {"N03_001": "長野県", "N03_002": null, "N03_003": "南佐久郡", "N03_004": "北相木村", "N03_005": null, "N03_007": "20307"}}, {"type": "Feature", "geometry": {"type": "Polygon", "coordinates": [[[138.348105, 36.047656], [138.347843, 36.054534], [138.345629, 36.061074], [138.341158, 36.065494], [138.334402, 36.068534], [138.332441, 36.074897], [138.334206, 36.084809], [138.331055, 36.086716], [138.324748, 36.084913], [138.322803, 36.087865], [138.327987, 36.091462], [138.324657, 36.100921], [138.325648, 36.108157], [138.332121, 36.111281], [138.33409, 36.115534], [138.343386, 36.121624], [138.353921, 36.120352], [138.364749, 36.126951], [138.379009, 36.139101], [138.388019, 36.144317], [138.397112, 36.146211], [138.404615, 36.150023], [138.409473, 36.154599], [138.419222, 36.156341], [138.433188, 36.167098], [138.439102, 36.165552], [138.448592, 36.165117], [138.449124, 36.167396], [138.461105, 36.169074], [138.472257, 36.168799], [138.479074, 36.173407], [138.483897, 36.179175], [138.488777, 36.174072], [138.497171, 36.168109], [138.506136, 36.168972], [138.508161, 36.166803], [138.517813, 36.168264], [138.519274, 36.165377], [138.527719, 36.16755], [138.549843, 36.170452], [138.560581, 36.169349], [138.563735, 36.170801], [138.577275, 36.168073], [138.583937, 36.160349], [138.587076, 36.160996], [138.593301, 36.15307], [138.595723, 36.141246], [138.600662, 36.135626], [138.606264, 36.136262], [138.612217, 36.133423], [138.620172, 36.13403], [138.622161, 36.131955], [138.634092, 36.13397], [138.636512, 36.131107], [138.637336, 36.124344], [138.640932, 36.121534], [138.642236, 36.112242], [138.646408, 36.109572], [138.645183, 36.098807], [138.634892, 36.094329], [138.630739, 36.091377], [138.625794, 36.095121], [138.621233, 36.094878], [138.611009, 36.097779], [138.607759, 36.096469], [138.599717, 36.098389], [138.597832, 36.09579], [138.582156, 36.096565], [138.571109, 36.101532], [138.564088, 36.10143], [138.553411, 36.1088], [138.545034, 36.112907], [138.530773, 36.109272], [138.51928, 36.114115], [138.510962, 36.11335], [138.506785, 36.108705], [138.504511, 36.10307], [138.499015, 36.106736], [138.493195, 36.107437], [138.481506, 36.105648], [138.478665, 36.111434], [138.475742, 36.112366], [138.474762, 36.118752], [138.471856, 36.122883], [138.467078, 36.123591], [138.462961, 36.120519], [138.456475, 36.112499], [138.458461, 36.109016], [138.453786, 36.105754], [138.44282, 36.101949], [138.440621, 36.098594], [138.425143, 36.086289], [138.416536, 36.081744], [138.413948, 36.078814], [138.408866, 36.07873], [138.402124, 36.071981], [138.39247, 36.069917], [138.390011, 36.066633], [138.380502, 36.063718], [138.370528, 36.069996], [138.366082, 36.066595], [138.367055, 36.053892], [138.35338, 36.046741], [138.348105, 36.047656]], [[138.494369, 36.155927], [138.492482, 36.163247], [138.488018, 36.160774], [138.489996, 36.156298], [138.494369, 36.155927]], [[138.43401222, 36.1390375], [138.43421361, 36.13925695], [138.43434528, 36.13933584], [138.43455334, 36.13937527], [138.43460195, 36.13944834], [138.43462973, 36.1396175], [138.43469888, 36.1396375], [138.43473083, 36.13974694], [138.43473417, 36.13990056], [138.43468917, 36.14003612], [138.43456083, 36.140195], [138.43442917, 36.14030973], [138.43424611, 36.14035917], [138.43409833, 36.14035139], [138.43386389, 36.14030445], [138.43367222, 36.14021445], [138.43364445, 36.140175], [138.43353361, 36.14007916], [138.43338806, 36.13989333], [138.4329925, 36.13920055], [138.43285389, 36.13899222], [138.43282611, 36.13890222], [138.43282973, 36.1388575], [138.43283305, 36.13881778], [138.43286778, 36.13878972], [138.43321472, 36.13862667], [138.43328389, 36.13862667], [138.43338111, 36.13869417], [138.43349916, 36.13875055], [138.43368611, 36.13880667], [138.43381806, 36.13886305], [138.43401222, 36.1390375]]]}, "properties": {"N03_001": "長野県", "N03_002": null, "N03_003": "南佐久郡", "N03_004": "佐久穂町", "N03_005": null, "N03_007": "20309"}}, {"type": "Feature", "geometry": {"type": "MultiPolygon", "coordinates": [[[[138.594442, 36.278637], [138.579801, 36.28221], [138.575236, 36.292674], [138.564029, 36.299914], [138.552466, 36.31071], [138.551664, 36.31672], [138.555525, 36.316779], [138.556264, 36.321531], [138.559406, 36.324062], [138.552272, 36.327607], [138.547925, 36.325886], [138.540003, 36.327045], [138.533248, 36.324572], [138.529608, 36.328329], [138.519841, 36.330915], [138.523063, 36.338245], [138.5231, 36.342652], [138.519206, 36.351813], [138.514789, 36.357428], [138.514031, 36.370135], [138.509323, 36.392934], [138.507679, 36.395498], [138.514255, 36.403274], [138.519883, 36.40674], [138.529347, 36.403043], [138.540612, 36.402849], [138.545898, 36.407413], [138.549631, 36.413344], [138.555008, 36.417774], [138.564507, 36.420217], [138.57313, 36.419195], [138.590196, 36.42389], [138.607866, 36.423188], [138.618334, 36.420671], [138.621239, 36.416469], [138.626634, 36.415504], [138.632321, 36.41785], [138.637151, 36.417216], [138.64663, 36.410773], [138.648387, 36.407468], [138.648464, 36.399799], [138.65217, 36.395069], [138.652158, 36.385372], [138.649639, 36.378944], [138.651655, 36.372817], [138.657163, 36.368902], [138.65239, 36.362634], [138.653983, 36.357093], [138.650081, 36.352483], [138.651278, 36.349648], [138.649739, 36.341593], [138.65054, 36.33213], [138.653179, 36.329622], [138.653306, 36.32437], [138.647892, 36.314476], [138.653531, 36.303115], [138.651222, 36.299097], [138.644886, 36.294537], [138.637435, 36.293427], [138.630583, 36.288456], [138.612509, 36.285655], [138.607179, 36.279596], [138.600336, 36.2784], [138.594442, 36.278637]], [[138.59490861, 36.32994528], [138.5947975, 36.32984945], [138.59477638, 36.32964666], [138.59477638, 36.32937084], [138.59482305, 36.32909305], [138.59490167, 36.32896528], [138.59505861, 36.32910389], [138.595145, 36.32911167], [138.59522861, 36.32908917], [138.59540916, 36.329005], [138.5956875, 36.32896], [138.59584027, 36.32885306], [138.5959725, 36.32878528], [138.59617416, 36.32879111], [138.59653611, 36.32893139], [138.59664, 36.32894306], [138.59673722, 36.32880806], [138.59684361, 36.32878306], [138.59705694, 36.32878528], [138.59713333, 36.32882472], [138.59738361, 36.32902194], [138.59744639, 36.32920778], [138.597495, 36.32933722], [138.59764111, 36.32953445], [138.5977175, 36.32966361], [138.59775805, 36.32976778], [138.59775916, 36.32986639], [138.59768972, 36.32999583], [138.59738361, 36.33023805], [138.5972725, 36.33039027], [138.59668834, 36.33061556], [138.59658417, 36.33062667], [138.59646083, 36.33059778], [138.59633389, 36.33052527], [138.59627111, 36.33044639], [138.59618806, 36.3302325], [138.596035, 36.33008611], [138.59594472, 36.33002972], [138.59569611, 36.32999055], [138.59536055, 36.32987778], [138.59523556, 36.32987195], [138.59498944, 36.32995667], [138.59490861, 36.32994528]]], [[[138.59606723, 36.32893806], [138.5959525, 36.32900777], [138.59596972, 36.32916139], [138.59607861, 36.32928666], [138.59635389, 36.32936111], [138.59652028, 36.32949611], [138.59673222, 36.32966361], [138.59687556, 36.32972861], [138.59695584, 36.32968223], [138.59697861, 36.32952389], [138.59666361, 36.32920778], [138.59629083, 36.32910556], [138.59619334, 36.32897056], [138.59606723, 36.32893806]]]]}, "properties": {"N03_001": "長野県", "N03_002": null, "N03_003": "北佐久郡", "N03_004": "軽井沢町", "N03_005": null, "N03_007": "20321"}}, {"type": "Feature", "geometry": {"type": "Polygon", "coordinates": [[[138.482614, 36.314619], [138.482514, 36.314747], [138.482459, 36.315069], [138.482409, 36.315073], [138.481675, 36.314753], [138.481438, 36.314729], [138.481399, 36.314934], [138.481304, 36.31509], [138.481144, 36.315304], [138.48086, 36.315665], [138.480681, 36.315875], [138.480844, 36.316197], [138.480973, 36.316255], [138.481367, 36.316395], [138.481294, 36.316553], [138.481203, 36.316667], [138.481001, 36.316667], [138.480983, 36.317046], [138.481204, 36.317856], [138.481378, 36.318153], [138.481562, 36.318379], [138.482178, 36.318672], [138.48252, 36.318837], [138.482639, 36.31892], [138.482854, 36.319119], [138.482944, 36.319579], [138.48281, 36.319904], [138.48243, 36.319989], [138.482184, 36.320112], [138.481897, 36.32116], [138.482689, 36.321685], [138.482673, 36.32206], [138.482626, 36.322459], [138.482744, 36.322818], [138.482892, 36.322882], [138.483259, 36.322931], [138.483337, 36.322981], [138.483337, 36.323023], [138.482899, 36.323027], [138.482555, 36.323176], [138.482253, 36.323407], [138.482047, 36.323582], [138.48195, 36.323686], [138.4817, 36.324111], [138.482005, 36.324574], [138.481945, 36.324821], [138.481881, 36.325], [138.481792, 36.325323], [138.481295, 36.325737], [138.4812, 36.325835], [138.481329, 36.325974], [138.481516, 36.326114], [138.482868, 36.326872], [138.482757, 36.326981], [138.482783, 36.327089], [138.482968, 36.327734], [138.483141, 36.327943], [138.482891, 36.32824], [138.48272, 36.328227], [138.482673, 36.328608], [138.482536, 36.32888], [138.481948, 36.329822], [138.482741, 36.330404], [138.482883, 36.330502], [138.482941, 36.330628], [138.482773, 36.330995], [138.483067, 36.331276], [138.482574, 36.331497], [138.482216, 36.331642], [138.482059, 36.331767], [138.481948, 36.331906], [138.481478, 36.332549], [138.481238, 36.33305], [138.481254, 36.333195], [138.481311, 36.333333], [138.481323, 36.333393], [138.47841, 36.337791], [138.483016, 36.340669], [138.485262, 36.346703], [138.492784, 36.359564], [138.489839, 36.360925], [138.486057, 36.355239], [138.486184, 36.350868], [138.472897, 36.353396], [138.472233, 36.348814], [138.461153, 36.351091], [138.461897, 36.354774], [138.468826, 36.365346], [138.47539, 36.377189], [138.478676, 36.378675], [138.481781, 36.38779], [138.492621, 36.392384], [138.496273, 36.401131], [138.496544, 36.409063], [138.5, 36.410444], [138.506224, 36.413205], [138.519883, 36.40674], [138.514255, 36.403274], [138.507679, 36.395498], [138.509323, 36.392934], [138.514031, 36.370135], [138.514789, 36.357428], [138.519206, 36.351813], [138.5231, 36.342652], [138.523063, 36.338245], [138.519841, 36.330915], [138.529608, 36.328329], [138.533248, 36.324572], [138.540003, 36.327045], [138.547925, 36.325886], [138.552272, 36.327607], [138.559406, 36.324062], [138.556264, 36.321531], [138.555525, 36.316779], [138.551664, 36.31672], [138.552466, 36.31071], [138.564029, 36.299914], [138.575236, 36.292674], [138.579801, 36.28221], [138.576877, 36.280125], [138.570775, 36.280763], [138.557928, 36.279743], [138.550886, 36.281539], [138.54226, 36.285745], [138.524964, 36.283479], [138.518472, 36.294748], [138.514016, 36.297638], [138.501147, 36.29639], [138.500004, 36.29881], [138.5, 36.298811], [138.499767, 36.298858], [138.49879, 36.299159], [138.498476, 36.3], [138.497838, 36.300987], [138.496926, 36.302737], [138.496806, 36.302863], [138.496417, 36.303205], [138.495933, 36.303638], [138.495595, 36.303898], [138.495329, 36.304021], [138.495204, 36.304019], [138.49442, 36.304202], [138.494082, 36.303988], [138.493616, 36.303666], [138.492577, 36.303211], [138.492623, 36.302839], [138.492525, 36.302565], [138.492362, 36.302249], [138.492373, 36.301837], [138.492555, 36.301601], [138.492623, 36.301552], [138.492915, 36.301435], [138.493521, 36.301091], [138.493472, 36.300936], [138.493323, 36.300376], [138.49338, 36.300111], [138.493287, 36.299829], [138.492991, 36.299618], [138.49261, 36.299255], [138.491702, 36.298723], [138.491667, 36.2987], [138.491508, 36.298599], [138.491364, 36.298549], [138.490875, 36.298293], [138.490785, 36.298183], [138.490529, 36.298054], [138.490162, 36.297864], [138.489969, 36.297772], [138.489469, 36.297448], [138.489286, 36.297264], [138.48912, 36.297116], [138.488949, 36.296719], [138.488908, 36.296094], [138.48887, 36.295958], [138.488876, 36.295728], [138.4888, 36.29534], [138.488715, 36.295214], [138.488454, 36.294808], [138.488367, 36.294663], [138.48825, 36.294214], [138.487961, 36.293638], [138.487959, 36.293634], [138.487812, 36.293347], [138.487769, 36.293217], [138.487584, 36.292762], [138.48751, 36.292493], [138.487298, 36.291771], [138.487249, 36.291604], [138.487105, 36.291131], [138.487029, 36.290851], [138.487062, 36.290701], [138.487078, 36.29048], [138.487062, 36.29037], [138.486167, 36.290174], [138.485971, 36.290643], [138.485941, 36.290961], [138.48546, 36.290974], [138.485272, 36.291032], [138.484829, 36.291345], [138.485052, 36.291667], [138.48506, 36.291674], [138.485432, 36.292321], [138.485691, 36.292645], [138.485783, 36.29285], [138.485397, 36.293153], [138.485062, 36.293362], [138.484799, 36.293451], [138.484611, 36.293325], [138.484434, 36.293431], [138.484182, 36.293585], [138.484146, 36.2936], [138.483656, 36.293907], [138.483678, 36.293998], [138.484018, 36.294351], [138.484201, 36.294474], [138.484886, 36.295412], [138.484954, 36.295549], [138.485199, 36.29599], [138.485508, 36.296409], [138.486208, 36.296855], [138.486608, 36.29716], [138.486333, 36.297769], [138.486303, 36.297914], [138.486257, 36.298391], [138.486262, 36.298652], [138.487277, 36.299084], [138.487462, 36.299197], [138.487682, 36.299587], [138.487793, 36.299813], [138.487802, 36.299991], [138.487798, 36.3], [138.487766, 36.300075], [138.488721, 36.30062], [138.488887, 36.300741], [138.488917, 36.301064], [138.488745, 36.301801], [138.488161, 36.301812], [138.487519, 36.301836], [138.487086, 36.30184], [138.486202, 36.30188], [138.486191, 36.302257], [138.48617, 36.302844], [138.485702, 36.302851], [138.485179, 36.303526], [138.485141, 36.303829], [138.48501, 36.304732], [138.485112, 36.305775], [138.4851, 36.306105], [138.485185, 36.306779], [138.485506, 36.306925], [138.485609, 36.307114], [138.485764, 36.307407], [138.486145, 36.307857], [138.486221, 36.307866], [138.486414, 36.307934], [138.486498, 36.308112], [138.486505, 36.308333], [138.486539, 36.30857], [138.487087, 36.308777], [138.487174, 36.308903], [138.487125, 36.30921], [138.487307, 36.309252], [138.487402, 36.309413], [138.487563, 36.309545], [138.48812, 36.309746], [138.488382, 36.309875], [138.488571, 36.309981], [138.488719, 36.310073], [138.488904, 36.310273], [138.488254, 36.310792], [138.487804, 36.310728], [138.487532, 36.310747], [138.487374, 36.310789], [138.487322, 36.310864], [138.487204, 36.311116], [138.487122, 36.311311], [138.486978, 36.311824], [138.487061, 36.311971], [138.48725, 36.312078], [138.487611, 36.31234], [138.487879, 36.312527], [138.488405, 36.312895], [138.488529, 36.313183], [138.48877, 36.313514], [138.489079, 36.313735], [138.489254, 36.313913], [138.489557, 36.31422], [138.489786, 36.314696], [138.489928, 36.314912], [138.490583, 36.315704], [138.490369, 36.315858], [138.490141, 36.315916], [138.489547, 36.315981], [138.489423, 36.315981], [138.489038, 36.315866], [138.488384, 36.315565], [138.487786, 36.315439], [138.48746, 36.315205], [138.486875, 36.31506], [138.486077, 36.315252], [138.485616, 36.31559], [138.485482, 36.315665], [138.485304, 36.315743], [138.485118, 36.315726], [138.484743, 36.315738], [138.484324, 36.315699], [138.483921, 36.315631], [138.483636, 36.315562], [138.483361, 36.315403], [138.483251, 36.315336], [138.482938, 36.315104], [138.482773, 36.31489], [138.482614, 36.314619]]]}, "properties": {"N03_001": "長野県", "N03_002": null, "N03_003": "北佐久郡", "N03_004": "御代田町", "N03_005": null, "N03_007": "20323"}}, {"type": "Feature", "geometry": {"type": "MultiPolygon", "coordinates": [[[[138.285598, 36.289608], [138.284215, 36.29558], [138.285531, 36.299653], [138.283453, 36.30694], [138.291609, 36.32291], [138.293384, 36.319217], [138.298759, 36.319193], [138.294701, 36.308905], [138.299681, 36.307026], [138.305936, 36.308207], [138.317181, 36.306318], [138.324228, 36.30695], [138.328763, 36.314412], [138.330656, 36.320596], [138.337883, 36.321744], [138.340954, 36.316494], [138.337227, 36.307475], [138.34262, 36.295639], [138.342091, 36.292326], [138.339608, 36.287517], [138.339683, 36.280704], [138.333149, 36.278611], [138.337901, 36.272703], [138.338584, 36.261986], [138.334165, 36.260188], [138.331146, 36.254164], [138.315445, 36.244811], [138.308912, 36.239559], [138.303887, 36.232758], [138.298723, 36.219071], [138.295206, 36.206999], [138.288908, 36.199626], [138.28955, 36.193444], [138.282263, 36.178252], [138.281876, 36.169812], [138.280109, 36.164639], [138.283405, 36.160574], [138.284075, 36.155307], [138.282539, 36.149508], [138.28855, 36.146758], [138.291861, 36.137086], [138.295355, 36.132303], [138.301617, 36.127168], [138.300172, 36.119553], [138.301704, 36.110915], [138.29567, 36.105216], [138.290136, 36.096643], [138.29047, 36.093546], [138.286655, 36.089899], [138.2754, 36.086347], [138.267255, 36.091219], [138.260989, 36.090997], [138.246632, 36.094954], [138.247544, 36.10084], [138.243355, 36.105706], [138.2413502683847, 36.1062000815574], [138.24135527, 36.10623333], [138.24137, 36.10632778], [138.24137, 36.10681222], [138.24143945, 36.10693028], [138.24170306, 36.10715], [138.24185555, 36.10734139], [138.24195278, 36.10750472], [138.2420775, 36.10785389], [138.24207056, 36.10800584], [138.24200139, 36.10810695], [138.24159889, 36.10842222], [138.24155028, 36.10848972], [138.24155028, 36.10855167], [138.2416475, 36.108715], [138.2416475, 36.10886139], [138.24146723, 36.10920473], [138.241245, 36.10955945], [138.24121722, 36.10959333], [138.24106472, 36.10969472], [138.24093973, 36.10985805], [138.24089139, 36.10988612], [138.24082888, 36.10988612], [138.24073861, 36.10981862], [138.24048889, 36.10957638], [138.24030167, 36.10943583], [138.24005889, 36.10927806], [138.23991306, 36.10922166], [138.23967056, 36.10903028], [138.23951805, 36.10881083], [138.23943473, 36.10873194], [138.23937917, 36.10869806], [138.23898361, 36.10860806], [138.23872694, 36.10856861], [138.23856055, 36.10850111], [138.23830389, 36.10833222], [138.23810278, 36.10823639], [138.23798473, 36.10819139], [138.23771417, 36.10814055], [138.23721472, 36.10807305], [138.23686111, 36.1079775], [138.23641722, 36.10772389], [138.23635473, 36.10766195], [138.23625616944378, 36.107455561502476], [138.234039, 36.108002], [138.234736, 36.110484], [138.238846, 36.114414], [138.250713, 36.121755], [138.260972, 36.13151], [138.26304, 36.135361], [138.275528, 36.151497], [138.276808, 36.16405], [138.283324, 36.184558], [138.284455, 36.193688], [138.28348, 36.19748], [138.284382, 36.205738], [138.282845, 36.220382], [138.286903, 36.225665], [138.287503, 36.230289], [138.291903, 36.236848], [138.297567, 36.240786], [138.29929, 36.246226], [138.295957, 36.252712], [138.287779, 36.257592], [138.288407, 36.267053], [138.284381, 36.271047], [138.285139, 36.27755], [138.280996, 36.281442], [138.283189, 36.287362], [138.285598, 36.289608]], [[138.270235, 36.13457723], [138.27036666, 36.13439694], [138.27040139, 36.13438583], [138.27044305, 36.13441389], [138.27044305, 36.13449833], [138.2703925, 36.13461334], [138.27026973, 36.1348925], [138.27014473, 36.13525861], [138.27012389, 36.1354275], [138.27017944, 36.1356975], [138.27027639, 36.13591139], [138.27026278, 36.13604666], [138.27007528, 36.13649139], [138.2700475, 36.13667722], [138.27001278, 36.13681805], [138.26997806, 36.13688], [138.2698325, 36.13698695], [138.2697075, 36.13712777], [138.26946472, 36.13733056], [138.26917333, 36.13746], [138.26902778, 36.13749389], [138.26872944, 36.13750472], [138.26847278, 36.13760611], [138.26827833, 36.13773], [138.26793833, 36.13797778], [138.26755, 36.13823111], [138.26724472, 36.13846195], [138.26702278, 36.13858028], [138.26689111, 36.13862528], [138.26673167, 36.13864222], [138.26652333, 36.13861417], [138.26643333, 36.13856888], [138.26629444, 36.13846778], [138.26623889, 36.1384225], [138.26614889, 36.1382875], [138.26611417, 36.13816916], [138.26611417, 36.13808473], [138.2661625, 36.13791583], [138.26616944, 36.13783139], [138.26621111, 36.1377075], [138.26632917, 36.13747111], [138.26636389, 36.13740917], [138.26644722, 36.1371725], [138.26666223, 36.13668861], [138.26669, 36.13658722], [138.26675223, 36.13645195], [138.26680084, 36.13628861], [138.26686333, 36.136165], [138.26698139, 36.13596778], [138.26704361, 36.1357425], [138.26705055, 36.13564694], [138.26810555, 36.13500722], [138.26943528, 36.13424444], [138.26968, 36.13432389], [138.26980139, 36.13437], [138.26990889, 36.13443639], [138.26992972, 36.13450389], [138.26999889, 36.13454333], [138.2701725, 36.13459417], [138.270235, 36.13457723]]], [[[138.26958277, 36.1363675], [138.26950639, 36.13639583], [138.26944389, 36.13644639], [138.26941611, 36.13658167], [138.26941611, 36.13667722], [138.26943694, 36.13672222], [138.2694925, 36.1367675], [138.26958972, 36.13676167], [138.26979778, 36.13666611], [138.26990194, 36.13659833], [138.26996444, 36.13652528], [138.26996444, 36.13640139], [138.26990889, 36.13633945], [138.2697075, 36.136345], [138.26958277, 36.1363675]]], [[[138.26931222, 36.13733056], [138.26938167, 36.13727972], [138.26941611, 36.13722917], [138.26945084, 36.13711639], [138.26946472, 36.1369925], [138.26942306, 36.13691389], [138.26931917, 36.1369025], [138.26915944, 36.13691389], [138.26901389, 36.13696445], [138.26885417, 36.13703777], [138.268785, 36.13708834], [138.26877805, 36.13721222], [138.26882639, 36.13730806], [138.268875, 36.13736417], [138.26898611, 36.1373925], [138.26913861, 36.13738667], [138.26931222, 36.13733056]]]]}, "properties": {"N03_001": "長野県", "N03_002": null, "N03_003": "北佐久郡", "N03_004": "立科町", "N03_005": null, "N03_007": "20324"}}, {"type": "Feature", "geometry": {"type": "Polygon", "coordinates": [[[138.081004, 36.312331], [138.071007, 36.316545], [138.072186, 36.321847], [138.069271, 36.329932], [138.064423, 36.333482], [138.067824, 36.337217], [138.066668, 36.34528], [138.071908, 36.354528], [138.078005, 36.36088], [138.076148, 36.367079], [138.079199, 36.372112], [138.072889, 36.378634], [138.072442, 36.385156], [138.068924, 36.387519], [138.063544, 36.398518], [138.065722, 36.402191], [138.071669, 36.404646], [138.080979, 36.404472], [138.083498, 36.406812], [138.093118, 36.406075], [138.096705, 36.407177], [138.112562, 36.399527], [138.115456, 36.403759], [138.124643, 36.402451], [138.130998, 36.397437], [138.137607, 36.394955], [138.142876, 36.396587], [138.150618, 36.392106], [138.151656, 36.387026], [138.149435, 36.382719], [138.153173, 36.378074], [138.154219, 36.370477], [138.149189, 36.365954], [138.148423, 36.361579], [138.143637, 36.354469], [138.137303, 36.350023], [138.128993, 36.346524], [138.13101, 36.339292], [138.128542, 36.333333], [138.128541, 36.333333], [138.128313, 36.333168], [138.127925, 36.33283], [138.127896, 36.332583], [138.127635, 36.332069], [138.127228, 36.331618], [138.126931, 36.331432], [138.126667, 36.331316], [138.126166, 36.331204], [138.12597, 36.331116], [138.125499, 36.330833], [138.125003, 36.330623], [138.125, 36.330621], [138.114558, 36.322245], [138.108083, 36.328184], [138.09313, 36.317825], [138.081004, 36.312331]]]}, "properties": {"N03_001": "長野県", "N03_002": null, "N03_003": "小県郡", "N03_004": "青木村", "N03_005": null, "N03_007": "20349"}}, {"type": "Feature", "geometry": {"type": "Polygon", "coordinates": [[[138.127833, 36.166483], [138.127279, 36.172903], [138.131238, 36.176735], [138.12617, 36.183561], [138.127733, 36.196741], [138.125783, 36.20078], [138.12947, 36.20775], [138.129338, 36.211708], [138.119813, 36.218701], [138.126312, 36.225739], [138.12836, 36.229839], [138.133821, 36.231073], [138.142783, 36.225955], [138.149584, 36.22589], [138.154831, 36.224022], [138.158799, 36.218812], [138.163262, 36.217333], [138.169322, 36.220859], [138.174855, 36.218506], [138.182563, 36.221451], [138.186669, 36.224671], [138.192691, 36.225404], [138.209195, 36.222959], [138.221165, 36.223845], [138.226114, 36.226926], [138.227559, 36.23337], [138.231087, 36.234232], [138.233468, 36.23896], [138.234026, 36.247051], [138.244828, 36.25], [138.24484, 36.250013], [138.245973, 36.258862], [138.243582, 36.266109], [138.244586, 36.271002], [138.243511, 36.278142], [138.250638, 36.286857], [138.254132, 36.288346], [138.255491, 36.293524], [138.263276, 36.296805], [138.271586, 36.29347], [138.275747, 36.285528], [138.283189, 36.287362], [138.280996, 36.281442], [138.285139, 36.27755], [138.284381, 36.271047], [138.288407, 36.267053], [138.287779, 36.257592], [138.295957, 36.252712], [138.29929, 36.246226], [138.297567, 36.240786], [138.291903, 36.236848], [138.287503, 36.230289], [138.286903, 36.225665], [138.282845, 36.220382], [138.284382, 36.205738], [138.28348, 36.19748], [138.284455, 36.193688], [138.283324, 36.184558], [138.276808, 36.16405], [138.275528, 36.151497], [138.26304, 36.135361], [138.260972, 36.13151], [138.250713, 36.121755], [138.238846, 36.114414], [138.234736, 36.110484], [138.224419, 36.108152], [138.216747, 36.105271], [138.214953, 36.107338], [138.203378, 36.106556], [138.199534, 36.107733], [138.189918, 36.11641], [138.191128, 36.122696], [138.180604, 36.123797], [138.175248, 36.121036], [138.16929, 36.123726], [138.165634, 36.122519], [138.162008, 36.121323], [138.154533, 36.129767], [138.153309, 36.137539], [138.147057, 36.14415], [138.140143, 36.143884], [138.134701, 36.148239], [138.135402, 36.155756], [138.133878, 36.162942], [138.127833, 36.166483]]]}, "properties": {"N03_001": "長野県", "N03_002": null, "N03_003": "小県郡", "N03_004": "長和町", "N03_005": null, "N03_007": "20350"}}, {"type": "Feature", "geometry": {"type": "Polygon", "coordinates": [[[138.092751, 36.160462], [138.104049, 36.163918], [138.108177, 36.162392], [138.118529, 36.164017], [138.121048, 36.162704], [138.127833, 36.166483], [138.133878, 36.162942], [138.135402, 36.155756], [138.134701, 36.148239], [138.140143, 36.143884], [138.147057, 36.14415], [138.153309, 36.137539], [138.154533, 36.129767], [138.162008, 36.121323], [138.165634, 36.122519], [138.171032, 36.115057], [138.171142, 36.109144], [138.174488, 36.105277], [138.171073, 36.10259], [138.162803, 36.102708], [138.15794, 36.100297], [138.138573, 36.100076], [138.13662, 36.092445], [138.137708, 36.088009], [138.125081, 36.08827], [138.128328, 36.082653], [138.12884, 36.076924], [138.121378, 36.073339], [138.120968, 36.070061], [138.112625, 36.062092], [138.10899320834716, 36.06045107580041], [138.10893584, 36.06053333], [138.10890334, 36.06056777], [138.10881084, 36.06066556], [138.10866361, 36.06080473], [138.10843639, 36.06097861], [138.10828972, 36.06106306], [138.10810528, 36.06117444], [138.10796362, 36.06123972], [138.10766555, 36.06134916], [138.10726361, 36.06146416], [138.10666306, 36.06160223], [138.10625639, 36.06163444], [138.10611861, 36.06169334], [138.1062375, 36.06180333], [138.10610083, 36.06189945], [138.10596278, 36.0617975], [138.10580612, 36.06208222], [138.10528139, 36.06260417], [138.10449139, 36.06336778], [138.10433, 36.06352389], [138.10407639, 36.06362834], [138.10398639, 36.063705], [138.10410639, 36.06379639], [138.10398416, 36.06392556], [138.10385277, 36.0638675], [138.10376333, 36.0641125], [138.10371722, 36.06420389], [138.10364056, 36.06430917], [138.10350083, 36.06448167], [138.10326556, 36.06473028], [138.10272055, 36.06532278], [138.10252611, 36.06553945], [138.10234389, 36.06571778], [138.10211361, 36.06592917], [138.10180472, 36.06619861], [138.10173806, 36.06622472], [138.10162722, 36.06624916], [138.10149834, 36.06627139], [138.10131389, 36.06633139], [138.10139695, 36.06648472], [138.10118722, 36.066565], [138.10108333, 36.06641167], [138.10092083, 36.06651833], [138.10083806, 36.06657833], [138.10075528, 36.06666334], [138.10066306, 36.06669333], [138.10051333, 36.06671583], [138.10029889, 36.06675861], [138.09952222, 36.06685778], [138.09880861, 36.06697167], [138.09817583, 36.06708333], [138.09751556, 36.06718583], [138.09711223, 36.06723278], [138.0968525, 36.067255], [138.09666111, 36.06724361], [138.09647695, 36.06721944], [138.09632473, 36.06716333], [138.09614333, 36.06707945], [138.09594833, 36.06704584], [138.09591472, 36.06704], [138.09584528, 36.06700055], [138.09556361, 36.06694167], [138.09492555, 36.0663075], [138.09538528, 36.06602612], [138.09531139, 36.06594417], [138.0945875, 36.06598], [138.09438472, 36.06578083], [138.09408084, 36.06543306], [138.09399528, 36.06533861], [138.09395223, 36.06529084], [138.09385472, 36.06523695], [138.09369889, 36.06518333], [138.09348083, 36.06512], [138.09323945, 36.06505695], [138.09294334, 36.06500306], [138.09256138, 36.06495889], [138.09228084, 36.06493361], [138.09189917, 36.06491445], [138.09150945, 36.06487972], [138.09130695, 36.06485778], [138.09104194, 36.06479139], [138.09078083, 36.06472166], [138.09043417, 36.06463333], [138.09020833, 36.06460472], [138.09001361, 36.06462056], [138.08981861, 36.06463333], [138.08957695, 36.06468056], [138.08930056, 36.06474694], [138.08905889, 36.06477862], [138.08878611, 36.06480389], [138.08854833, 36.06480083], [138.08840417, 36.06478805], [138.08816667, 36.06473445], [138.08786667, 36.06464278], [138.08759805, 36.06450666], [138.08697834, 36.06416528], [138.08623028, 36.06383028], [138.08587555, 36.06367833], [138.08560722, 36.06359611], [138.08536167, 36.06356777], [138.0850225, 36.06352361], [138.08443222, 36.06346361], [138.08384778, 36.0634225], [138.08348138, 36.06339611], [138.08297528, 36.06335945], [138.08224473, 36.0632775], [138.08173445, 36.06320806], [138.08127445, 36.06314472], [138.08097083, 36.06305945], [138.08072556, 36.06298028], [138.08052277, 36.06286666], [138.08037195, 36.06273195], [138.080255, 36.06259305], [138.08018445, 36.06245389], [138.0801575, 36.06228639], [138.08015361, 36.06208417], [138.08015834, 36.06185583], [138.08029416, 36.06131194], [138.08040916, 36.060725], [138.08047722, 36.060335], [138.08048528, 36.06012528], [138.08048917, 36.05986944], [138.0804775, 36.05974], [138.08036472, 36.05960083], [138.08017362, 36.05943], [138.07998277, 36.05930361], [138.07970611, 36.05917722], [138.07911222, 36.05899083], [138.07885111, 36.05891195], [138.07858611, 36.05887083], [138.07834083, 36.05887083], [138.0781225, 36.05889277], [138.07790834, 36.05894666], [138.07770167, 36.05905417], [138.07753028, 36.05919944], [138.07743722, 36.05933722], [138.07724972, 36.05964917], [138.07703, 36.05963444], [138.07682166, 36.05964472], [138.07672278, 36.05934778], [138.07662611, 36.05923417], [138.07648944, 36.05916361], [138.0763525, 36.05914472], [138.07630660414702, 36.05914796171452], [138.0753417127252, 36.06003610998239], [138.07506833, 36.06039722], [138.07474333, 36.06077722], [138.07473583, 36.06078584], [138.07463972, 36.06088389], [138.0745125, 36.06101333], [138.0745052337914, 36.06101775331809], [138.072836, 36.064766], [138.074955, 36.073599], [138.070798, 36.086954], [138.071877, 36.090595], [138.069275, 36.095646], [138.073132, 36.102658], [138.07188, 36.108167], [138.076173, 36.128629], [138.079776, 36.129227], [138.084162, 36.124737], [138.093548, 36.128108], [138.100684, 36.125978], [138.097839, 36.134906], [138.098476, 36.138329], [138.088932, 36.144024], [138.081759, 36.14673], [138.088333, 36.157491], [138.092751, 36.160462]]]}, "properties": {"N03_001": "長野県", "N03_002": null, "N03_003": "諏訪郡", "N03_004": "下諏訪町", "N03_005": null, "N03_007": "20361"}}, {"type": "Feature", "geometry": {"type": "Polygon", "coordinates": [[[138.18774, 35.781517], [138.177496, 35.786185], [138.172285, 35.800763], [138.173154, 35.808712], [138.175158, 35.813017], [138.175527, 35.823242], [138.180655, 35.833143], [138.175957, 35.838753], [138.177095, 35.844807], [138.188892, 35.857813], [138.18783, 35.863087], [138.177628, 35.867254], [138.182961, 35.87537], [138.177697, 35.87842], [138.180897, 35.883973], [138.180882, 35.889151], [138.174164, 35.890604], [138.171755, 35.896036], [138.173122, 35.899041], [138.169414, 35.904546], [138.173814, 35.912305], [138.168913, 35.916601], [138.178554, 35.932188], [138.182025, 35.934397], [138.184678, 35.939879], [138.189991, 35.934896], [138.198378, 35.937321], [138.20099, 35.939542], [138.211427, 35.938298], [138.218552, 35.940718], [138.219778, 35.937654], [138.22902, 35.935039], [138.233323, 35.93139], [138.241595, 35.936543], [138.252363, 35.946497], [138.270539, 35.949638], [138.281166, 35.959054], [138.288646, 35.962933], [138.30669, 35.966441], [138.315023, 35.965289], [138.321702, 35.962576], [138.360346, 35.957211], [138.360079, 35.951014], [138.352164, 35.947973], [138.345047, 35.941333], [138.345729, 35.935246], [138.342032, 35.925669], [138.339371, 35.924598], [138.331528, 35.914377], [138.33091, 35.910892], [138.324318, 35.90233], [138.312783, 35.890974], [138.307679, 35.887449], [138.303248, 35.879426], [138.293056, 35.867062], [138.283641, 35.859316], [138.27895, 35.860391], [138.272841, 35.864929], [138.264441, 35.875911], [138.248604, 35.885925], [138.238235, 35.882379], [138.232599, 35.876132], [138.22986, 35.869425], [138.226789, 35.857404], [138.224174, 35.856211], [138.218922, 35.846817], [138.216146, 35.845491], [138.212658, 35.837015], [138.20678, 35.831535], [138.203493, 35.822632], [138.205693, 35.815734], [138.193317, 35.803838], [138.187785, 35.799953], [138.185174, 35.79108], [138.191492, 35.784289], [138.198321, 35.781557], [138.18774, 35.781517]], [[138.19447972, 35.93117973], [138.19468723, 35.93103916], [138.19502639, 35.9307575], [138.19508194, 35.930735], [138.19515111, 35.930735], [138.19518583, 35.93076889], [138.19517194, 35.93102778], [138.19519278, 35.93107833], [138.195255, 35.93107833], [138.19548333, 35.93098278], [138.1955525, 35.93098833], [138.1955525, 35.93103333], [138.19544194, 35.93114611], [138.19519945, 35.93135445], [138.19506806, 35.93143889], [138.194895, 35.93151778], [138.194715, 35.93165278], [138.19458333, 35.93175972], [138.19442416, 35.9319175], [138.19434111, 35.93204694], [138.19429277, 35.93216528], [138.19422361, 35.93250861], [138.19411277, 35.93271111], [138.19394667, 35.93284611], [138.19388416, 35.93286306], [138.19321277, 35.93240722], [138.19319194, 35.93236778], [138.19319889, 35.93227222], [138.19331667, 35.93201889], [138.19354499, 35.93182167], [138.19413361, 35.93141055], [138.19434111, 35.93127555], [138.19447972, 35.93117973]]]}, "properties": {"N03_001": "長野県", "N03_002": null, "N03_003": "諏訪郡", "N03_004": "富士見町", "N03_005": null, "N03_007": "20362"}}, {"type": "Feature", "geometry": {"type": "Polygon", "coordinates": [[[138.218552, 35.940718], [138.216867, 35.944681], [138.210666, 35.944078], [138.208246, 35.948642], [138.199531, 35.953666], [138.194484, 35.953112], [138.191512, 35.958154], [138.18629, 35.959955], [138.179612, 35.968246], [138.183215, 35.974836], [138.195229, 35.973885], [138.20753, 35.974822], [138.212612, 35.976498], [138.214306, 35.984616], [138.231201, 35.984634], [138.246825, 35.981295], [138.287585, 35.97787], [138.285864, 35.9755], [138.309468, 35.975728], [138.319326, 35.972681], [138.323716, 35.974609], [138.335829, 35.973418], [138.348623, 35.974428], [138.35877, 35.97245], [138.37046, 35.971381], [138.369444, 35.967225], [138.361903, 35.962596], [138.360346, 35.957211], [138.321702, 35.962576], [138.315023, 35.965289], [138.30669, 35.966441], [138.288646, 35.962933], [138.281166, 35.959054], [138.270539, 35.949638], [138.252363, 35.946497], [138.241595, 35.936543], [138.233323, 35.93139], [138.22902, 35.935039], [138.219778, 35.937654], [138.218552, 35.940718]]]}, "properties": {"N03_001": "長野県", "N03_002": null, "N03_003": "諏訪郡", "N03_004": "原村", "N03_005": null, "N03_007": "20363"}}, {"type": "Feature", "geometry": {"type": "Polygon", "coordinates": [[[138.006851, 36.053187], [137.999729, 36.040809], [137.998069, 36.033843], [137.99715, 36.023118], [137.991574, 36.016385], [137.994512, 36.012738], [138.00076, 36.011209], [138.006123, 36.013955], [138.012825, 36.010729], [138.01942, 36.010772], [138.024564, 36.014287], [138.031082, 36.014522], [138.037326, 36.012297], [138.034362, 36.007708], [138.036823, 36.001638], [138.045317, 35.999607], [138.048207, 35.974402], [138.04593, 35.965136], [138.040205, 35.961768], [138.035011, 35.962424], [138.034621, 35.959842], [138.035926, 35.958034], [138.032301, 35.956229], [138.020192, 35.945449], [138.016514, 35.944057], [138.00349, 35.950834], [137.992762, 35.951479], [137.992311, 35.942772], [137.98091, 35.945687], [137.978202, 35.943335], [137.968528, 35.941925], [137.962292, 35.946985], [137.951767, 35.950738], [137.948395, 35.953546], [137.940631, 35.956202], [137.934785, 35.956458], [137.933891, 35.951254], [137.92699, 35.945434], [137.922824, 35.94474], [137.913411, 35.939054], [137.909879, 35.93389], [137.903269, 35.931872], [137.897974, 35.933482], [137.892406, 35.930717], [137.886916, 35.925526], [137.879382, 35.922484], [137.87693, 35.912595], [137.871384, 35.90827], [137.866165, 35.912877], [137.858411, 35.912021], [137.857873, 35.916784], [137.853889, 35.918543], [137.851662, 35.9239], [137.841927, 35.924427], [137.834807, 35.928242], [137.831417, 35.936098], [137.829146, 35.937691], [137.831325, 35.947894], [137.836115, 35.95086], [137.839047, 35.956882], [137.846172, 35.958373], [137.850386, 35.9632], [137.851269, 35.968005], [137.855573, 35.970787], [137.861364, 35.971423], [137.865389, 35.980125], [137.870598, 35.982481], [137.873088, 35.991984], [137.875488, 35.993056], [137.880513, 36.001541], [137.889109, 36.005037], [137.896665, 36.012463], [137.904505, 36.018241], [137.899009, 36.024656], [137.900162, 36.02951], [137.906468, 36.034636], [137.915283, 36.034719], [137.918785, 36.038101], [137.927347, 36.042444], [137.927699, 36.049328], [137.937986, 36.053016], [137.938705, 36.061516], [137.943162, 36.063638], [137.949706, 36.063781], [137.950459, 36.054593], [137.955641, 36.052863], [137.959364, 36.054084], [137.962421, 36.050639], [137.969037, 36.049413], [137.97408, 36.045279], [137.979709, 36.04425], [137.991913, 36.048778], [138.000863, 36.054505], [138.006851, 36.053187]]]}, "properties": {"N03_001": "長野県", "N03_002": null, "N03_003": "上伊那郡", "N03_004": "辰野町", "N03_005": null, "N03_007": "20382"}}, {"type": "Feature", "geometry": {"type": "Polygon", "coordinates": [[[138.035518, 35.959487], [138.043795, 35.953578], [138.059023, 35.946246], [138.074014, 35.950316], [138.079629, 35.960503], [138.08655, 35.96018], [138.086593, 35.953576], [138.090627, 35.948055], [138.088845, 35.943403], [138.084029, 35.937657], [138.082161, 35.931826], [138.075784, 35.924862], [138.069953, 35.921987], [138.067112, 35.915719], [138.063504, 35.915149], [138.055417, 35.919385], [138.046989, 35.915589], [138.04396, 35.909578], [138.037036, 35.900434], [138.037296, 35.897675], [138.032028, 35.894871], [138.02787, 35.895166], [138.024919, 35.891243], [138.01702, 35.888431], [138.015991, 35.885062], [138.006877, 35.884629], [138.001521, 35.880579], [137.996333, 35.880957], [137.988615, 35.878257], [137.993344, 35.883332], [137.986865, 35.885519], [137.986876, 35.895476], [137.982053, 35.898043], [137.973538, 35.896085], [137.965179, 35.896642], [137.957904, 35.899069], [137.950457, 35.898183], [137.95016, 35.901761], [137.937577, 35.901964], [137.927333, 35.905541], [137.922724, 35.905405], [137.91774, 35.909092], [137.910699, 35.912019], [137.90623, 35.917971], [137.903829, 35.917033], [137.886916, 35.925526], [137.892406, 35.930717], [137.897974, 35.933482], [137.903269, 35.931872], [137.909879, 35.93389], [137.913411, 35.939054], [137.922824, 35.94474], [137.92699, 35.945434], [137.933891, 35.951254], [137.934785, 35.956458], [137.940631, 35.956202], [137.948395, 35.953546], [137.951767, 35.950738], [137.962292, 35.946985], [137.968528, 35.941925], [137.978202, 35.943335], [137.98091, 35.945687], [137.992311, 35.942772], [137.992762, 35.951479], [138.00349, 35.950834], [138.016514, 35.944057], [138.020192, 35.945449], [138.032301, 35.956229], [138.035926, 35.958034], [138.034621, 35.959842], [138.035011, 35.962424], [138.035518, 35.959487]], [[138.03876166, 35.93437861], [138.03878222, 35.93441222], [138.03900388, 35.93473334], [138.03915612, 35.93503694], [138.03923222, 35.93514389], [138.03928805, 35.93518361], [138.03939834, 35.93526222], [138.0395575, 35.93532972], [138.03978612, 35.93536917], [138.03985527, 35.93539722], [138.0399175, 35.93547056], [138.04002834, 35.9357575], [138.04027027, 35.93618], [138.04028417, 35.936225], [138.04029112, 35.93635445], [138.04023583, 35.93644445], [138.04010417, 35.93657972], [138.03991027, 35.9368275], [138.03948834, 35.93723278], [138.03928083, 35.93746334], [138.03914917, 35.93764361], [138.03908, 35.93779556], [138.03907305, 35.93793639], [138.03910083, 35.9379925], [138.03921139, 35.93807695], [138.03926695, 35.93809945], [138.03941195, 35.93811639], [138.03959195, 35.93809389], [138.03979278, 35.93804889], [138.04013195, 35.93798695], [138.04046417, 35.9379475], [138.04081722, 35.9379475], [138.04108722, 35.93798695], [138.04135695, 35.93806583], [138.04155083, 35.93816722], [138.04189695, 35.93839222], [138.04203556, 35.93849917], [138.04208361, 35.93856111], [138.04208361, 35.93862889], [138.04204222, 35.93871889], [138.04202834, 35.93885389], [138.04195917, 35.93894417], [138.04198138, 35.93899862], [138.04198528, 35.93910667], [138.04202834, 35.9391525], [138.04208361, 35.93925361], [138.04222888, 35.93942833], [138.04225666, 35.93956333], [138.04224278, 35.93970973], [138.04215973, 35.93985056], [138.04210778, 35.93990111], [138.04199361, 35.9399575], [138.04169111, 35.94006249], [138.04147473, 35.94005888], [138.04134334, 35.94001945], [138.04129473, 35.93997445], [138.04121166, 35.93987306], [138.04108027, 35.93973806], [138.04094861, 35.93964778], [138.04072, 35.93956], [138.04088639, 35.93955778], [138.04103166, 35.93959723], [138.04115639, 35.93965361], [138.04124639, 35.93972666], [138.04132944, 35.939845], [138.04138473, 35.93989556], [138.04146083, 35.93992945], [138.04179973, 35.93992945], [138.04192444, 35.93989556], [138.04203527, 35.93983361], [138.04210444, 35.93977166], [138.04214583, 35.93966473], [138.04214583, 35.93946194], [138.04211834, 35.93941416], [138.04208139, 35.93938472], [138.04204111, 35.93939195], [138.04198666, 35.93945083], [138.04194778, 35.93949111], [138.04189917, 35.93948638], [138.04183444, 35.93943389], [138.04166861, 35.9391525], [138.04156473, 35.93900027], [138.04157166, 35.93895527], [138.04158556, 35.93893834], [138.04170305, 35.93887084], [138.04184861, 35.93875834], [138.04184861, 35.93869084], [138.04178639, 35.93861195], [138.04157861, 35.93851055], [138.04135027, 35.93840917], [138.04106639, 35.93833611], [138.04089334, 35.93832472], [138.04076166, 35.93834167], [138.04069944, 35.93840917], [138.04071334, 35.93846555], [138.04073417, 35.93849917], [138.04071334, 35.93852167], [138.04036722, 35.9385275], [138.04036167, 35.93852917], [138.04018722, 35.93858361], [138.03995445, 35.93870333], [138.03978583, 35.93873], [138.03945361, 35.93871889], [138.03924583, 35.93869084], [138.03865778, 35.93856111], [138.03836695, 35.93855555], [138.03831861, 35.93849917], [138.0382425, 35.93833028], [138.0382425, 35.93825167], [138.03831861, 35.9380375], [138.03834611, 35.93789695], [138.03835445, 35.93781528], [138.03832055, 35.93753389], [138.0383325, 35.93740139], [138.03845861, 35.93720722], [138.03849166, 35.93713667], [138.03855388, 35.936985], [138.03898472, 35.9364325], [138.03901223, 35.93637778], [138.03902389, 35.93633222], [138.03901083, 35.93630389], [138.03895527, 35.93625861], [138.03860917, 35.93609555], [138.03848473, 35.93603361], [138.0382425, 35.93586473], [138.0381525, 35.93576889], [138.03806944, 35.9356], [138.03795861, 35.93522834], [138.03784778, 35.93503694], [138.03774389, 35.9349525], [138.03734278, 35.93469917], [138.03703139, 35.93451888], [138.03681666, 35.93442888], [138.03657444, 35.93435556], [138.03647056, 35.93431638], [138.03617305, 35.93413083], [138.03597917, 35.93402945], [138.03561222, 35.93387166], [138.03557083, 35.93386889], [138.03549861, 35.93386945], [138.03539083, 35.93395056], [138.03523222, 35.93416305], [138.03514166, 35.9342375], [138.03489028, 35.93437139], [138.03466834, 35.93453445], [138.03464334, 35.93455278], [138.03459861, 35.93455889], [138.03456361, 35.93453806], [138.03457417, 35.93447945], [138.03466417, 35.93435], [138.03490639, 35.93410806], [138.03498944, 35.93397278], [138.03509334, 35.93373111], [138.03515445, 35.9336125], [138.03521166, 35.93355666], [138.03521694, 35.9334525], [138.03492722, 35.93317361], [138.03439417, 35.93273445], [138.03431805, 35.93265], [138.03411722, 35.93237417], [138.03403417, 35.93230083], [138.03386805, 35.93219972], [138.03382666, 35.93213778], [138.03381278, 35.93209833], [138.03356361, 35.93166472], [138.03345972, 35.93147334], [138.03341834, 35.931445], [138.03328667, 35.931445], [138.03320694, 35.93146417], [138.03307917, 35.9315125], [138.03303778, 35.93150972], [138.03277472, 35.93157472], [138.03268472, 35.93158917], [138.03269166, 35.93154639], [138.03272639, 35.93150139], [138.03276778, 35.93141139], [138.03294778, 35.93120306], [138.03323166, 35.93103444], [138.03330778, 35.93096111], [138.03329389, 35.93083167], [138.03323861, 35.93071361], [138.03311389, 35.93060083], [138.0329825, 35.93053333], [138.0328925, 35.93052777], [138.0327125, 35.93056139], [138.03245639, 35.93056139], [138.03238028, 35.93052195], [138.03231778, 35.9304375], [138.03231778, 35.93038139], [138.03238722, 35.93030805], [138.03229722, 35.930235], [138.0322625, 35.93018417], [138.03222778, 35.93002667], [138.03217944, 35.92998722], [138.03207556, 35.92998722], [138.03188167, 35.93004361], [138.03165333, 35.93009417], [138.03152722, 35.93009417], [138.03148555, 35.93005278], [138.03149972, 35.92988888], [138.03148722, 35.92978444], [138.0314525, 35.9297], [138.03113417, 35.92931722], [138.03106528, 35.92921028], [138.03100305, 35.92902444], [138.03094722, 35.92896889], [138.03089917, 35.92897362], [138.03080917, 35.92906389], [138.03077611, 35.92909583], [138.03072111, 35.92910666], [138.03086278, 35.92821555], [138.03101306, 35.92727583], [138.03150139, 35.92749889], [138.03154722, 35.92752333], [138.03172278, 35.92761723], [138.03181278, 35.92763389], [138.03189556, 35.92763389], [138.03196472, 35.92760583], [138.03203417, 35.92756083], [138.03239389, 35.92718361], [138.03270556, 35.92693027], [138.03297777, 35.92667], [138.03302194, 35.92667694], [138.03302389, 35.92687389], [138.03300305, 35.92695277], [138.03291305, 35.92711611], [138.03277472, 35.92743694], [138.03258778, 35.92775223], [138.03253944, 35.9278875], [138.03253944, 35.92806195], [138.03260167, 35.92818028], [138.03275389, 35.92828139], [138.0330725, 35.92839417], [138.03328, 35.92842778], [138.03355, 35.92842778], [138.03388917, 35.92832083], [138.03406944, 35.92830778], [138.03410139, 35.92832028], [138.03410388, 35.928345], [138.03402083, 35.92845611], [138.03397222, 35.92856305], [138.03395834, 35.92867], [138.03398611, 35.92877139], [138.03402778, 35.92884444], [138.03410388, 35.92891194], [138.0342075, 35.92895139], [138.03440389, 35.92897861], [138.03444111, 35.9290125], [138.03440805, 35.92906389], [138.03440805, 35.92915944], [138.03444278, 35.92922722], [138.03454666, 35.92936222], [138.03478195, 35.9295875], [138.03484417, 35.92966056], [138.03483028, 35.92973389], [138.03479583, 35.92980694], [138.03479583, 35.92995333], [138.03483028, 35.93002083], [138.03492028, 35.93013917], [138.03492722, 35.93033611], [138.03503111, 35.93051639], [138.03527334, 35.93087111], [138.03564722, 35.93129333], [138.03587556, 35.93148472], [138.0362075, 35.93182222], [138.03632527, 35.93191806], [138.03638584, 35.93193306], [138.03639834, 35.93192444], [138.03647194, 35.93187444], [138.03653278, 35.93180583], [138.03678889, 35.93138916], [138.03698278, 35.93113583], [138.0370775, 35.93105306], [138.0371075, 35.9310675], [138.0371075, 35.93120333], [138.03696889, 35.931665], [138.03689278, 35.9320025], [138.03667834, 35.93229528], [138.03658139, 35.93248111], [138.03653972, 35.93261611], [138.03655361, 35.93266694], [138.03665056, 35.93274584], [138.03690666, 35.93291472], [138.03715583, 35.93310611], [138.03734278, 35.9332075], [138.03747444, 35.93325251], [138.03772695, 35.933295], [138.038115, 35.93327028], [138.03832333, 35.93329361], [138.03847778, 35.93328056], [138.03863, 35.93324694], [138.03878917, 35.93319056], [138.03902473, 35.93306667], [138.03926695, 35.93292027], [138.03937667, 35.9328025], [138.03941833, 35.93279472], [138.03944695, 35.93283027], [138.03949527, 35.93292027], [138.0395575, 35.93298222], [138.03964056, 35.93301027], [138.03991056, 35.93307222], [138.04013222, 35.93307222], [138.04031222, 35.93299917], [138.04060973, 35.93284695], [138.04074139, 35.93274611], [138.04080361, 35.93275167], [138.04106666, 35.93296527], [138.04139861, 35.93329194], [138.04169639, 35.93342139], [138.04175861, 35.93346639], [138.04180695, 35.93352833], [138.04184861, 35.93369723], [138.04190388, 35.93377055], [138.04225695, 35.93397861], [138.04255861, 35.93418417], [138.04267222, 35.93427139], [138.04252, 35.93420389], [138.04227083, 35.93406889], [138.04183473, 35.9338775], [138.04160639, 35.93366333], [138.04153, 35.93361833], [138.04126444, 35.93350583], [138.04114972, 35.93337639], [138.04107361, 35.93328611], [138.04091444, 35.93329194], [138.04083139, 35.93334249], [138.04066527, 35.933455], [138.04042973, 35.93353973], [138.04029139, 35.93360139], [138.04020834, 35.93360139], [138.04005611, 35.93353973], [138.0399175, 35.93354528], [138.03968917, 35.93359583], [138.03952305, 35.93365778], [138.03930139, 35.93375916], [138.03910083, 35.9338775], [138.03892083, 35.93401806], [138.03883083, 35.934125], [138.03875473, 35.93431083], [138.03876166, 35.93437861]]]}, "properties": {"N03_001": "長野県", "N03_002": null, "N03_003": "上伊那郡", "N03_004": "箕輪町", "N03_005": null, "N03_007": "20383"}}, {"type": "Feature", "geometry": {"type": "Polygon", "coordinates": [[[137.80867, 35.643925], [137.809949, 35.648342], [137.801303, 35.655681], [137.802546, 35.659676], [137.801368, 35.665525], [137.8053, 35.674288], [137.803112, 35.681374], [137.813567, 35.692058], [137.81154, 35.701676], [137.816686, 35.709768], [137.816798, 35.71685], [137.824624, 35.71193], [137.843594, 35.706309], [137.850532, 35.702871], [137.858202, 35.705016], [137.871135, 35.699212], [137.871601, 35.693938], [137.878671, 35.693853], [137.889611, 35.698053], [137.890019, 35.701432], [137.897256, 35.701361], [137.9119, 35.706111], [137.93434, 35.700512], [137.941089, 35.701466], [137.951712, 35.7005], [137.955483, 35.691959], [137.950092, 35.685377], [137.955346, 35.682681], [137.963362, 35.687773], [137.976715, 35.691585], [137.978121, 35.685465], [137.973004, 35.684698], [137.970351, 35.671999], [137.966159, 35.667954], [137.962347, 35.668631], [137.959231, 35.672645], [137.954414, 35.673874], [137.94939, 35.666415], [137.948293, 35.658914], [137.944949, 35.654301], [137.936734, 35.653083], [137.924669, 35.658629], [137.922941, 35.650916], [137.919637, 35.651372], [137.914772, 35.643394], [137.905815, 35.645716], [137.899101, 35.639974], [137.891209, 35.638385], [137.886861, 35.635809], [137.876606, 35.63636], [137.868387, 35.640343], [137.868533, 35.643975], [137.865325, 35.648463], [137.8523, 35.651291], [137.842913, 35.652103], [137.841889, 35.646349], [137.83645, 35.640206], [137.831101, 35.638889], [137.821459, 35.643518], [137.80867, 35.643925]]]}, "properties": {"N03_001": "長野県", "N03_002": null, "N03_003": "上伊那郡", "N03_004": "飯島町", "N03_005": null, "N03_007": "20384"}}, {"type": "Feature", "geometry": {"type": "MultiPolygon", "coordinates": [[[[137.988615, 35.878257], [137.984657, 35.874999], [137.983642, 35.863334], [137.978815, 35.860314], [137.973425, 35.85371], [137.966451, 35.858714], [137.954937, 35.865021], [137.946922, 35.849965], [137.929861, 35.854652], [137.91445, 35.855536], [137.906232, 35.857921], [137.90606, 35.862306], [137.923585, 35.864624], [137.928553, 35.864104], [137.929011, 35.871967], [137.935292, 35.871332], [137.940375, 35.86387], [137.948724, 35.866599], [137.952915, 35.875686], [137.933136, 35.881268], [137.93337, 35.884867], [137.939395, 35.894381], [137.945598, 35.890127], [137.953207, 35.890257], [137.954883, 35.894908], [137.950457, 35.898183], [137.957904, 35.899069], [137.965179, 35.896642], [137.973538, 35.896085], [137.982053, 35.898043], [137.986876, 35.895476], [137.986865, 35.885519], [137.993344, 35.883332], [137.988615, 35.878257]]], [[[137.927333, 35.905541], [137.922964, 35.905208], [137.922354, 35.899672], [137.909277, 35.897464], [137.90508, 35.895417], [137.90045, 35.898177], [137.887191, 35.901603], [137.881954, 35.899324], [137.88329, 35.895119], [137.877411, 35.887713], [137.876494, 35.878887], [137.882275, 35.874288], [137.887046, 35.865789], [137.877208, 35.864341], [137.866492, 35.871438], [137.863234, 35.871896], [137.856292, 35.867738], [137.856971, 35.877156], [137.853868, 35.878672], [137.852661, 35.883589], [137.847212, 35.890267], [137.850294, 35.894807], [137.851432, 35.906117], [137.858411, 35.912021], [137.866165, 35.912877], [137.871384, 35.90827], [137.87693, 35.912595], [137.879382, 35.922484], [137.886916, 35.925526], [137.903829, 35.917033], [137.90623, 35.917971], [137.910699, 35.912019], [137.91774, 35.909092], [137.922724, 35.905405], [137.927333, 35.905541]]]]}, "properties": {"N03_001": "長野県", "N03_002": null, "N03_003": "上伊那郡", "N03_004": "南箕輪村", "N03_005": null, "N03_007": "20385"}}, {"type": "Feature", "geometry": {"type": "Polygon", "coordinates": [[[137.984035, 35.681649], [137.985507, 35.675533], [137.991674, 35.676562], [137.997703, 35.679878], [138.005135, 35.677954], [138.013462, 35.673191], [138.019542, 35.675957], [138.026605, 35.674708], [138.035318, 35.666943], [138.035148, 35.660948], [138.037256, 35.657674], [138.036577, 35.651045], [138.039402, 35.642617], [138.038332, 35.636981], [138.030383, 35.628232], [138.030466, 35.625194], [138.022913, 35.614029], [138.011923, 35.606907], [138.008088, 35.600338], [138.0047549524411, 35.5985538529489], [138.00468695, 35.59854305], [138.00457666, 35.59853167], [138.00420445, 35.59842472], [138.00397694, 35.59832333], [138.00383222, 35.59823333], [138.00372195, 35.59817695], [138.00356334, 35.59814333], [138.00332223, 35.5981375], [138.00311528, 35.59808139], [138.00263306, 35.59805306], [138.00257111, 35.598025], [138.00245389, 35.598025], [138.00240555, 35.59805889], [138.00230222, 35.59820528], [138.00208166, 35.59832917], [138.00201973, 35.59837417], [138.00195083, 35.59846417], [138.00183361, 35.59857111], [138.00152333, 35.59879611], [138.00142694, 35.59883555], [138.00128733746848, 35.59888201916784], [137.9996739443667, 35.60129165724574], [137.99973111, 35.60137472], [137.99975861, 35.6014425], [137.99975861, 35.60154389], [137.99971722, 35.60171278], [137.99966917, 35.60196611], [137.99966806, 35.60207278], [137.99968972, 35.60228111], [137.99971055, 35.60235445], [137.99971722, 35.60247833], [137.99960028, 35.60279917], [137.99958639, 35.60292305], [137.99960694, 35.60304694], [137.99963472, 35.60313139], [137.99963472, 35.60318778], [137.9995725, 35.60326666], [137.99952444, 35.60329472], [137.99936583, 35.60332861], [137.99921417, 35.60336222], [137.99902806, 35.60338472], [137.99868334, 35.60343], [137.99853166, 35.60345806], [137.99833861, 35.60352556], [137.99825611, 35.60352556], [137.99819170212396, 35.603505418631435], [137.9975704952734, 35.60443320472378], [137.997615, 35.60452777], [137.99773889, 35.60464027], [137.99774583, 35.60465722], [137.99782861, 35.60500056], [137.9978975, 35.60513556], [137.99795278, 35.60538333], [137.99800777, 35.60555223], [137.99806306, 35.60559166], [137.99820084, 35.60561973], [137.99829055, 35.60566473], [137.99830417, 35.60569306], [137.99829055, 35.60572666], [137.99820084, 35.60583945], [137.99808362, 35.60603083], [137.99799417, 35.60604222], [137.99787695, 35.60608167], [137.99779417, 35.60614362], [137.9976975, 35.60619417], [137.9976425, 35.60624472], [137.99759417, 35.6063575], [137.99759417, 35.60643055], [137.99762861, 35.60654305], [137.99764944, 35.606695], [137.99762195, 35.60673444], [137.99736, 35.60672889], [137.99729084, 35.60675694], [137.99724972, 35.60679084], [137.99724972, 35.60691472], [137.99719139, 35.60700945], [137.99716417, 35.60709666], [137.99716139, 35.60716167], [137.99717444, 35.60726056], [137.99717389, 35.60733694], [137.99714611, 35.60740444], [137.99712555, 35.60756223], [137.99710472, 35.60760723], [137.99698556, 35.60771111], [137.9969325, 35.60772194], [137.99685666, 35.60776917], [137.99658083, 35.60785361], [137.99639472, 35.607865], [137.99623639, 35.60783667], [137.99614667, 35.60780861], [137.99601583, 35.60774111], [137.99583639, 35.60767333], [137.99558139, 35.60761722], [137.99539528, 35.60760583], [137.99535389, 35.60760028], [137.99529194, 35.60757194], [137.99520917, 35.60749333], [137.99509195, 35.60741444], [137.99483722, 35.60734694], [137.9946925, 35.60731306], [137.99464416, 35.60730166], [137.99450639, 35.60730166], [137.99443056, 35.60733], [137.99441667, 35.6073525], [137.99441667, 35.60743694], [137.99448583, 35.60753278], [137.99459611, 35.60767306], [137.99483694, 35.60792639], [137.99494028, 35.60805028], [137.99475416, 35.60814611], [137.99469223, 35.60816861], [137.99452028, 35.60816861], [137.99433417, 35.60812361], [137.99425834, 35.60812361], [137.99411361, 35.60819111], [137.99405833, 35.60825305], [137.99401, 35.60837695], [137.99397555, 35.60860222], [137.99396194, 35.60865861], [137.99382389, 35.60885], [137.99382195, 35.60897889], [137.99381723, 35.60928333], [137.99361722, 35.60957611], [137.99346556, 35.60991388], [137.99335527, 35.61018417], [137.99332778, 35.61022917], [137.9933, 35.610325], [137.993245, 35.6103475], [137.99319667, 35.61033611], [137.99314167, 35.61029111], [137.99305889, 35.61020112], [137.99296916, 35.61016722], [137.99291416, 35.61016722], [137.99282445, 35.61021222], [137.992735, 35.61028555], [137.99261778, 35.61045417], [137.99223861, 35.61064555], [137.99201111, 35.61080889], [137.99191445, 35.61085389], [137.99169388, 35.61089334], [137.99163195, 35.61090445], [137.99143194, 35.61100027], [137.99133555, 35.61100027], [137.99121833, 35.61094389], [137.99114945, 35.61092139], [137.99107361, 35.61096639], [137.99099778, 35.61105084], [137.99095639, 35.61111277], [137.99080473, 35.61124806], [137.99066, 35.61132694], [137.99059806, 35.6113325], [137.99055667, 35.61131556], [137.99050139, 35.61123667], [137.99043945, 35.61111861], [137.99038416, 35.61105667], [137.99028778, 35.61105667], [137.99021889, 35.61108472], [137.99010861, 35.61110722], [137.99002583, 35.61118056], [137.98984666, 35.61118056], [137.98981222, 35.61120306], [137.98978472, 35.61126499], [137.98978472, 35.61136056], [137.989895, 35.61154611], [137.98990166, 35.61159111], [137.98978472, 35.61179389], [137.98977083, 35.61200778], [137.98972944, 35.61203611], [137.98968806, 35.61203611], [137.98961916, 35.61201361], [137.98957084, 35.61201361], [137.98951584, 35.61207556], [137.98945361, 35.61222195], [137.98939861, 35.61235695], [137.98936417, 35.61242445], [137.98927444, 35.61258222], [137.98919166, 35.61268362], [137.98915722, 35.61279583], [137.98919861, 35.61294805], [137.9892675, 35.61302667], [137.98928139, 35.61306055], [137.98920556, 35.61315639], [137.98917111, 35.61326334], [137.98917805, 35.61342084], [137.98921944, 35.61354472], [137.98928833, 35.61364056], [137.98922639, 35.61367417], [137.98912973, 35.61369694], [137.98886083, 35.61374194], [137.98877139, 35.61377556], [137.98870916, 35.613815], [137.98829556, 35.61424833], [137.98822417, 35.61433472], [137.98808195, 35.61450723], [137.98803361, 35.61459166], [137.98787528, 35.61504778], [137.98785445, 35.615155], [137.98784084, 35.61545334], [137.98790277, 35.61550972], [137.98802694, 35.61557139], [137.98813972, 35.61557583], [137.98816473, 35.61561639], [137.98809583, 35.61575139], [137.98808195, 35.61580778], [137.98825444, 35.61593166], [137.98838528, 35.61599361], [137.98848167, 35.61600472], [137.9885575, 35.61598806], [137.98862722, 35.61596972], [137.98865416, 35.61601056], [137.98864723, 35.61604972], [137.98849555, 35.6162075], [137.98837833, 35.61626389], [137.98812334, 35.61626944], [137.98806833, 35.61633139], [137.9880475, 35.61640472], [137.98797167, 35.61650583], [137.98780638, 35.61668055], [137.98780638, 35.61674805], [137.98786833, 35.61679305], [137.98795111, 35.61681], [137.988075, 35.61677611], [137.98816473, 35.61673111], [137.98831639, 35.61674805], [137.98844722, 35.61677611], [137.98864028, 35.61679861], [137.98873694, 35.61683805], [137.98892972, 35.616945], [137.98901944, 35.61696777], [137.98915722, 35.61697889], [137.98921944, 35.61700139], [137.9892675, 35.61704639], [137.98946028, 35.61730527], [137.98963278, 35.61747972], [137.98973611, 35.61760361], [137.98973611, 35.6176825], [137.98967417, 35.61778944], [137.98970861, 35.61798083], [137.98968083, 35.61808223], [137.98968083, 35.61818916], [137.98972222, 35.61824556], [137.98981195, 35.61829056], [137.98986695, 35.61831306], [137.98997056, 35.61833556], [137.99012222, 35.61834695], [137.99016333, 35.61841445], [137.99028055, 35.61872417], [137.99034277, 35.61882555], [137.99041861, 35.61896028], [137.99049445, 35.61930389], [137.99052889, 35.61938834], [137.99068722, 35.61961917], [137.9907425, 35.61968667], [137.991025, 35.619895], [137.99116972, 35.6199625], [137.99140389, 35.62021028], [137.99157639, 35.62026666], [137.99185889, 35.62028361], [137.99189638, 35.62031611], [137.99182333, 35.62036083], [137.99171417, 35.620385], [137.99121084, 35.62046945], [137.99099722, 35.6204975], [137.99077, 35.62054805], [137.99052889, 35.62064916], [137.99038389, 35.620745], [137.99028055, 35.62085195], [137.9902325, 35.62091945], [137.99019778, 35.62100972], [137.99019778, 35.62108833], [137.99024611, 35.62115611], [137.99031501, 35.62121222], [137.99040472, 35.62125722], [137.99045972, 35.62127417], [137.99052167, 35.621325], [137.99053805, 35.62134167], [137.99053805, 35.62137194], [137.99052667, 35.62139055], [137.99008083, 35.62138111], [137.98994973, 35.62135861], [137.98987388, 35.62133055], [137.98974305, 35.62126305], [137.98970861, 35.62121805], [137.98970167, 35.62112222], [137.99005305, 35.62045223], [137.99017028, 35.62030055], [137.99017028, 35.62014833], [137.99010139, 35.61999083], [137.98997722, 35.61979917], [137.98972222, 35.61947834], [137.98970167, 35.61939389], [137.98968778, 35.61912362], [137.98966722, 35.61905612], [137.98961194, 35.61896583], [137.98950862, 35.61887583], [137.98922611, 35.61881945], [137.98917778, 35.61881945], [137.9891225, 35.61883638], [137.98888139, 35.61896583], [137.9888125, 35.61899417], [137.98862638, 35.61899417], [137.98851611, 35.61897722], [137.98844694, 35.61898862], [137.9883575, 35.61898278], [137.98819917, 35.61888138], [137.98810944, 35.61885333], [137.98801306, 35.61884222], [137.98790972, 35.618735], [137.98783389, 35.6186225], [137.98777862, 35.61850416], [137.98773055, 35.61844833], [137.98767528, 35.61842583], [137.98734444, 35.61842556], [137.98724805, 35.61846472], [137.98715833, 35.6185325], [137.98703416, 35.6186225], [137.98696528, 35.61865056], [137.98690333, 35.618645], [137.9868275, 35.61860556], [137.98670333, 35.61851], [137.98659305, 35.61846472], [137.98650361, 35.61846472], [137.98639305, 35.61859445], [137.98625528, 35.61880278], [137.98616584, 35.61893222], [137.98603472, 35.61907862], [137.98596584, 35.61912362], [137.98580194, 35.61900805], [137.98575222, 35.61894917], [137.98568305, 35.61884222], [137.98565556, 35.6187575], [137.9856625, 35.61867306], [137.98572444, 35.61859445], [137.98584167, 35.61852111], [137.985945, 35.61848166], [137.98600723, 35.61836361], [137.98604861, 35.61826222], [137.98605555, 35.61820583], [137.9859175, 35.61816083], [137.98587611, 35.61812694], [137.98584861, 35.61792444], [137.98577972, 35.61772194], [137.98565556, 35.61745167], [137.98554556, 35.6171475], [137.9855525, 35.61702945], [137.98561444, 35.61682667], [137.98569722, 35.61661305], [137.98574556, 35.61634278], [137.98575917, 35.61598806], [137.98582139, 35.61580222], [137.98586278, 35.615695], [137.98585583, 35.61561055], [137.98570417, 35.61553194], [137.98562139, 35.61550944], [137.98542167, 35.61549805], [137.98510445, 35.61536861], [137.98498722, 35.61530111], [137.98500805, 35.61512083], [137.98507694, 35.61514333], [137.98522861, 35.61513778], [137.98548361, 35.61501972], [137.98580056, 35.61493528], [137.98582139, 35.61491278], [137.98582834, 35.61472695], [137.98584195, 35.6146875], [137.98590417, 35.61461445], [137.98602111, 35.61451861], [137.98613833, 35.61422028], [137.986235, 35.61409056], [137.98629694, 35.61400611], [137.98629694, 35.61384861], [137.98622111, 35.61357306], [137.98622111, 35.61349417], [137.98629, 35.61340389], [137.98638667, 35.61328584], [137.98639333, 35.61317305], [137.98644861, 35.61292528], [137.98646917, 35.61276778], [137.98649695, 35.61269445], [137.98659334, 35.61261], [137.98668305, 35.61255388], [137.98675889, 35.61245806], [137.98684139, 35.61230638], [137.98693806, 35.61223888], [137.98711722, 35.61217111], [137.98720694, 35.61210361], [137.98730334, 35.61192333], [137.98732417, 35.61178833], [137.98735166, 35.61169833], [137.987415, 35.61156639], [137.98739305, 35.61143917], [137.98733083, 35.61134361], [137.9872, 35.61123639], [137.98717917, 35.61123084], [137.98712416, 35.61117445], [137.98706889, 35.6110225], [137.98695862, 35.61086527], [137.98681389, 35.61076389], [137.98677944, 35.6107525], [137.98667611, 35.6107525], [137.98641417, 35.61082584], [137.98635889, 35.61082584], [137.98623528, 35.61080334], [137.98614555, 35.61078084], [137.98587, 35.610775], [137.98574583, 35.61079167], [137.98544945, 35.61079167], [137.98542388, 35.61078222], [137.98537362, 35.61076361], [137.98529084, 35.61069028], [137.985215, 35.610595], [137.98500834, 35.61043167], [137.98484278, 35.61034139], [137.98475305, 35.61031889], [137.98469806, 35.61033028], [137.98458777, 35.61040333], [137.984505, 35.61040333], [137.98440167, 35.61030778], [137.98432583, 35.61018389], [137.98425, 35.61000361], [137.98417417, 35.60989666], [137.98398805, 35.60971084], [137.98381583, 35.60956444], [137.98370555, 35.60953639], [137.98326444, 35.6095475], [137.98320944, 35.60953084], [137.98318195, 35.60948556], [137.98318195, 35.609345], [137.98321639, 35.60924361], [137.98323, 35.60913667], [137.98320944, 35.60908028], [137.98313361, 35.60900695], [137.98304389, 35.6089675], [137.98289916, 35.6089675], [137.98278889, 35.60899583], [137.98274055, 35.60902389], [137.98263722, 35.60905778], [137.98247861, 35.60912528], [137.98212722, 35.60922111], [137.98201694, 35.60922111], [137.98194806, 35.60914222], [137.98185139, 35.60905778], [137.98152056, 35.60904639], [137.98138972, 35.60887195], [137.98132056, 35.60882695], [137.98124472, 35.60880445], [137.98112777, 35.60881], [137.98094833, 35.60884389], [137.98081056, 35.6089], [137.98063834, 35.60889445], [137.9805625, 35.60879861], [137.98046583, 35.60864111], [137.98024555, 35.60843861], [137.98016972, 35.60829223], [137.98001805, 35.60817973], [137.97991473, 35.60801083], [137.97990778, 35.6078925], [137.97994917, 35.60779667], [137.98001139, 35.60771222], [137.98004084, 35.60766694], [137.98000333, 35.60761084], [137.97989417, 35.60761084], [137.97978389, 35.60766167], [137.97972166, 35.60771222], [137.97969417, 35.60776861], [137.97969417, 35.60793194], [137.97972166, 35.60801083], [137.97971472, 35.60811194], [137.97967361, 35.60820778], [137.97973556, 35.60832611], [137.97968028, 35.60835973], [137.97952861, 35.60839361], [137.97937028, 35.60841028], [137.97909444, 35.60840444], [137.97883944, 35.60830333], [137.97874306, 35.60828667], [137.97846722, 35.60828083], [137.97839833, 35.60829194], [137.97827417, 35.60828639], [137.97823972, 35.60828083], [137.97840361, 35.60818862], [137.97857806, 35.60805055], [137.97872528, 35.60791639], [137.97890112, 35.60769389], [137.97894861, 35.60759389], [137.97901055, 35.60746472], [137.9790675, 35.60724], [137.97906916, 35.60723389], [137.9790849495428, 35.607147647266395], [137.976796, 35.606598], [137.971447, 35.607284], [137.960805, 35.601985], [137.955903, 35.60268], [137.951426, 35.605867], [137.941455, 35.609365], [137.932658, 35.6025], [137.924881, 35.609562], [137.91677, 35.612963], [137.91361, 35.618318], [137.904824, 35.62374], [137.906192, 35.629924], [137.903698, 35.632821], [137.904941, 35.639507], [137.899101, 35.639974], [137.905815, 35.645716], [137.914772, 35.643394], [137.919637, 35.651372], [137.922941, 35.650916], [137.924669, 35.658629], [137.936734, 35.653083], [137.944949, 35.654301], [137.948293, 35.658914], [137.94939, 35.666415], [137.954414, 35.673874], [137.959231, 35.672645], [137.962347, 35.668631], [137.966159, 35.667954], [137.970351, 35.671999], [137.973004, 35.684698], [137.978121, 35.685465], [137.984035, 35.681649]]]}, "properties": {"N03_001": "長野県", "N03_002": null, "N03_003": "上伊那郡", "N03_004": "中川村", "N03_005": null, "N03_007": "20386"}}, {"type": "Feature", "geometry": {"type": "Polygon", "coordinates": [[[137.828295, 35.806176], [137.833645, 35.807813], [137.844274, 35.805252], [137.862427, 35.806112], [137.868455, 35.80376], [137.868946, 35.800757], [137.874607, 35.79204], [137.881131, 35.784683], [137.887906, 35.783317], [137.893322, 35.783963], [137.900867, 35.78183], [137.908879, 35.781863], [137.919632, 35.778926], [137.92434, 35.778826], [137.934797, 35.774124], [137.942809, 35.773316], [137.946634, 35.771158], [137.959982, 35.778246], [137.961053, 35.771825], [137.958662, 35.760718], [137.959416, 35.756206], [137.963945, 35.750491], [137.940165, 35.75024], [137.929359, 35.749248], [137.911038, 35.749816], [137.87469, 35.747617], [137.866864, 35.751484], [137.85951, 35.748424], [137.859244, 35.756058], [137.857278, 35.760146], [137.847005, 35.760072], [137.840053, 35.766268], [137.834624, 35.766503], [137.828704, 35.769562], [137.818084, 35.778775], [137.809325, 35.78139], [137.804647, 35.789541], [137.809707, 35.791338], [137.813348, 35.795531], [137.825365, 35.801033], [137.828295, 35.806176]]]}, "properties": {"N03_001": "長野県", "N03_002": null, "N03_003": "上伊那郡", "N03_004": "宮田村", "N03_005": null, "N03_007": "20388"}}, {"type": "Feature", "geometry": {"type": "MultiPolygon", "coordinates": [[[[137.819027, 35.622867], [137.819693, 35.631729], [137.817218, 35.637309], [137.80867, 35.643925], [137.821459, 35.643518], [137.831101, 35.638889], [137.83645, 35.640206], [137.841889, 35.646349], [137.842913, 35.652103], [137.8523, 35.651291], [137.865325, 35.648463], [137.868533, 35.643975], [137.868387, 35.640343], [137.876606, 35.63636], [137.886861, 35.635809], [137.891209, 35.638385], [137.899101, 35.639974], [137.904941, 35.639507], [137.903698, 35.632821], [137.906192, 35.629924], [137.904824, 35.62374], [137.91361, 35.618318], [137.91677, 35.612963], [137.924881, 35.609562], [137.932658, 35.6025], [137.941455, 35.609365], [137.951426, 35.605867], [137.955903, 35.60268], [137.960805, 35.601985], [137.971447, 35.607284], [137.976796, 35.606598], [137.9790849495428, 35.607147647266395], [137.97910944, 35.60701388], [137.97910417, 35.60680055], [137.9790625, 35.60658722], [137.97898194, 35.60637611], [137.97884694, 35.60613166], [137.97890834, 35.60605723], [137.97896639, 35.60602056], [137.97899805, 35.60600083], [137.97937723, 35.60584889], [137.97943223, 35.60579806], [137.97946667, 35.60569111], [137.97947362, 35.60533667], [137.97954945, 35.60526917], [137.97965972, 35.60516222], [137.97973556, 35.60495389], [137.97977695, 35.60489194], [137.97982527, 35.60488055], [137.97990778, 35.60483], [137.97993556, 35.60475111], [137.97994917, 35.60457667], [137.98001805, 35.60455972], [137.98011472, 35.60449222], [137.98013528, 35.60444695], [137.98013528, 35.60434], [137.98006639, 35.60425556], [137.98002611, 35.60421945], [137.980035, 35.60417973], [137.98009389, 35.60413166], [137.98014917, 35.60405888], [137.98020416, 35.60390695], [137.98025945, 35.60389556], [137.98030777, 35.60396861], [137.98037667, 35.604025], [137.98041111, 35.60401945], [137.980535, 35.60389556], [137.98061778, 35.6038675], [137.9807075, 35.60385056], [137.98078334, 35.60382806], [137.98092805, 35.60375472], [137.98094861, 35.60372111], [137.98098306, 35.60363083], [137.98099694, 35.60350139], [137.98107972, 35.60338889], [137.98140944, 35.60290944], [137.98145333, 35.60286972], [137.98149084, 35.60289278], [137.98148639, 35.60296639], [137.98146583, 35.60307361], [137.98146583, 35.60320306], [137.98148639, 35.603355], [137.98147944, 35.60345639], [137.98142444, 35.60356889], [137.98143111, 35.60369861], [137.98148639, 35.60381666], [137.98158973, 35.60392945], [137.98178972, 35.60407583], [137.98176222, 35.60411528], [137.98166556, 35.60414333], [137.98155527, 35.60418833], [137.98152083, 35.60422222], [137.98145889, 35.60430638], [137.98145889, 35.60441333], [137.98147472, 35.60447611], [137.98150028, 35.60457667], [137.98150695, 35.60464972], [137.981445, 35.60475111], [137.98140416, 35.60483722], [137.98137611, 35.60490889], [137.98137611, 35.60499889], [137.98143111, 35.60511139], [137.98150028, 35.60528027], [137.98153473, 35.60531972], [137.98160361, 35.60532556], [137.9817, 35.60529722], [137.98178278, 35.60525777], [137.98191389, 35.60520167], [137.98197584, 35.60519027], [137.98204472, 35.60519027], [137.9821275, 35.60529722], [137.98228611, 35.60535917], [137.98232722, 35.60537611], [137.98236861, 35.60542667], [137.982355, 35.6054775], [137.982355, 35.60555056], [137.98238944, 35.60559001], [137.98245834, 35.60558444], [137.98252027, 35.60552806], [137.98256861, 35.6054325], [137.98262389, 35.60539861], [137.98278194, 35.60537056], [137.98285777, 35.605365], [137.98294055, 35.60539306], [137.98320944, 35.60547194], [137.98325083, 35.60549444], [137.98325778, 35.60553944], [137.98319556, 35.60563499], [137.98320944, 35.60581528], [137.98320944, 35.60589416], [137.9829475, 35.60607973], [137.98289223, 35.60613611], [137.98272694, 35.60632166], [137.98268555, 35.6064175], [137.98266472, 35.60649639], [137.9826925, 35.60658639], [137.98273389, 35.60662583], [137.98282333, 35.60662583], [137.98285777, 35.60660889], [137.98289223, 35.60653], [137.98309222, 35.60638361], [137.98314056, 35.60632166], [137.98316111, 35.60618111], [137.98321639, 35.60611916], [137.98334028, 35.60604028], [137.98343, 35.60601778], [137.98353555, 35.60600417], [137.98364362, 35.60604583], [137.98372638, 35.60607973], [137.98376777, 35.60609083], [137.98401583, 35.60608], [137.98408473, 35.60609083], [137.98420195, 35.60615278], [137.98430528, 35.60616973], [137.98450528, 35.60616973], [137.98476028, 35.6062825], [137.9848225, 35.60632166], [137.98485695, 35.60633306], [137.98492583, 35.60633306], [137.98495334, 35.60631611], [137.98496027, 35.60622611], [137.98497417, 35.60620389], [137.985105, 35.60611945], [137.98515334, 35.60606861], [137.98514639, 35.60604055], [137.98507056, 35.60593916], [137.98498083, 35.60571389], [137.98496027, 35.60569139], [137.98486361, 35.60551694], [137.98482917, 35.60538167], [137.98478111, 35.60524667], [137.98480639, 35.60522805], [137.98499473, 35.60528611], [137.98519472, 35.60533111], [137.98542889, 35.60541], [137.98555306, 35.60541556], [137.98567722, 35.60537056], [137.98575973, 35.60546056], [137.985815, 35.6055], [137.98590473, 35.60553944], [137.98595972, 35.60555056], [137.98611139, 35.60554501], [137.98632472, 35.6055], [137.98643833, 35.60547778], [137.98647777, 35.60554], [137.98648195, 35.60554666], [137.98646278, 35.60570278], [137.98642833, 35.60587723], [137.98640056, 35.60594473], [137.98641445, 35.60605166], [137.98650417, 35.60624333], [137.98652472, 35.60632195], [137.98652472, 35.60644556], [137.98644889, 35.60649639], [137.98640056, 35.60651889], [137.98629723, 35.60660889], [137.98625584, 35.60667638], [137.98625584, 35.60672722], [137.98631111, 35.60678361], [137.98638, 35.60681167], [137.98644194, 35.60682305], [137.98651778, 35.60680028], [137.98662112, 35.60671583], [137.98668334, 35.60663138], [137.98673834, 35.60659195], [137.98680722, 35.60659778], [137.98696584, 35.60667638], [137.98708306, 35.60670472], [137.98723472, 35.60671028], [137.98736556, 35.60673278], [137.98741389, 35.60683417], [137.98741389, 35.60698055], [137.98741389, 35.60720584], [137.98748973, 35.60728472], [137.98749666, 35.60731278], [137.98745527, 35.60734666], [137.98732444, 35.60739722], [137.98732444, 35.60745361], [137.98735889, 35.60748722], [137.98750361, 35.60752111], [137.98763444, 35.60760556], [137.98767583, 35.6076225], [137.98774472, 35.6076225], [137.98778611, 35.60759444], [137.98779028, 35.60751111], [137.98781722, 35.60746305], [137.98791723, 35.60744806], [137.98796528, 35.60745361], [137.98819278, 35.60752667], [137.98835112, 35.60760556], [137.98846139, 35.60768444], [137.98856472, 35.60770694], [137.98870277, 35.6077125], [137.98881306, 35.60774083], [137.9889025, 35.60778], [137.98900583, 35.60779139], [137.98917139, 35.60786472], [137.98939889, 35.60788139], [137.98963333, 35.60796028], [137.98980556, 35.60796583], [137.98990889, 35.60799417], [137.99010889, 35.60808973], [137.99017778, 35.6081575], [137.99021917, 35.60821361], [137.9902675, 35.60823055], [137.9903225, 35.608225], [137.99040528, 35.60819111], [137.99047416, 35.60819667], [137.99053611, 35.60821945], [137.99068778, 35.6082475], [137.99078444, 35.60829805], [137.99088778, 35.60837695], [137.99104639, 35.608405], [137.99118389, 35.60848389], [137.99129416, 35.60850639], [137.99143194, 35.60849527], [137.99144583, 35.60829805], [137.99152861, 35.60814055], [137.99161139, 35.60790389], [137.99163889, 35.60777444], [137.99163222, 35.60739166], [137.99157722, 35.60724528], [137.99143916, 35.60699222], [137.99141861, 35.60690778], [137.99147361, 35.60685694], [137.99150806, 35.60684], [137.99168056, 35.60681194], [137.99176334, 35.60676694], [137.99177472, 35.60675722], [137.99190805, 35.60664305], [137.99208722, 35.60648528], [137.99234889, 35.60633333], [137.99238333, 35.60628833], [137.99241111, 35.60608555], [137.99245944, 35.60598416], [137.99255583, 35.60584916], [137.99259027, 35.60565805], [137.99263166, 35.60562973], [137.99268695, 35.60564666], [137.99285194, 35.605765], [137.99292777, 35.6057875], [137.99311389, 35.60579861], [137.993245, 35.60579305], [137.99338278, 35.605765], [137.99345861, 35.60572], [137.99354834, 35.60565223], [137.99367917, 35.60558473], [137.99381028, 35.60556778], [137.99389277, 35.60559028], [137.99415472, 35.60560166], [137.99427195, 35.60558473], [137.99439611, 35.60559028], [137.9944925, 35.60562973], [137.99454778, 35.60573111], [137.99460277, 35.60581555], [137.99458222, 35.60593945], [137.99462361, 35.60599583], [137.99470638, 35.60600139], [137.99474084, 35.60598445], [137.99500278, 35.60577055], [137.99505778, 35.60571416], [137.99507166, 35.60557916], [137.99509917, 35.60554528], [137.99536111, 35.60552833], [137.99546445, 35.60549473], [137.99548528, 35.60537083], [137.99547139, 35.60517944], [137.99543694, 35.60504972], [137.99536111, 35.60486972], [137.99527834, 35.60475694], [137.99519583, 35.60469527], [137.99507861, 35.60462777], [137.99508556, 35.60458277], [137.99516112, 35.60451527], [137.99520944, 35.60439139], [137.99523027, 35.60425055], [137.99526473, 35.60413222], [137.99526473, 35.60407612], [137.99518195, 35.60397472], [137.99518888, 35.60392388], [137.99529222, 35.60381138], [137.99534722, 35.60371556], [137.995375, 35.60360861], [137.99542306, 35.60350166], [137.99543, 35.60332723], [137.99551277, 35.60324306], [137.99556806, 35.60318666], [137.99560916, 35.60301778], [137.99563694, 35.60297833], [137.99583667, 35.60286583], [137.99590583, 35.60278694], [137.99594695, 35.60266306], [137.99594028, 35.60254472], [137.99585056, 35.602235], [137.99585056, 35.60215611], [137.995885, 35.60213945], [137.99612639, 35.60213945], [137.99621583, 35.60215055], [137.99638139, 35.60221805], [137.99688555, 35.60222222], [137.99693278, 35.6022025], [137.99715333, 35.60214611], [137.99739472, 35.60214028], [137.99745667, 35.60215166], [137.99754639, 35.60219111], [137.99763556, 35.60225861], [137.99775973, 35.60237695], [137.99790444, 35.60247833], [137.99798722, 35.60250639], [137.99805972, 35.60252305], [137.99820777, 35.60255722], [137.99828361, 35.60254028], [137.99831806, 35.60248945], [137.99831806, 35.60241639], [137.99826972, 35.60230361], [137.99821472, 35.60223055], [137.99811806, 35.60206723], [137.9980975, 35.60194889], [137.99813889, 35.60165083], [137.99813194, 35.60149861], [137.99811111, 35.60145361], [137.99802194, 35.60135222], [137.99788417, 35.60127361], [137.99779444, 35.60125667], [137.99769778, 35.60125111], [137.99760833, 35.60121167], [137.99754639, 35.60116639], [137.99751444, 35.60110167], [137.99753944, 35.60103694], [137.99756695, 35.60101444], [137.99777361, 35.60098055], [137.99810472, 35.6009075], [137.99814611, 35.60088694], [137.99817583, 35.60085694], [137.99817723, 35.60081666], [137.99816556, 35.60072556], [137.99817362, 35.60067112], [137.99828389, 35.60050778], [137.99840111, 35.60032195], [137.99842861, 35.6002375], [137.9984425, 35.60014195], [137.99845611, 35.59995611], [137.99849056, 35.59984361], [137.99858722, 35.59974223], [137.99866973, 35.59968028], [137.99873195, 35.59951694], [137.99878, 35.59941556], [137.99878695, 35.59933667], [137.99871111, 35.59911139], [137.99870361, 35.5990225], [137.99874777, 35.59899334], [137.99896639, 35.59899334], [137.99906972, 35.59895389], [137.99914555, 35.59882417], [137.99919361, 35.59876222], [137.99944889, 35.59863833], [137.99955917, 35.59857083], [137.99969694, 35.59844722], [137.99974528, 35.59835167], [137.99977972, 35.59818833], [137.99979306, 35.59806972], [137.99982777, 35.59797416], [137.99991055, 35.59785028], [138.00004833, 35.59772084], [138.00023444, 35.59756334], [138.00051694, 35.597355], [138.00097889, 35.59694417], [138.00103389, 35.59682583], [138.00095805, 35.59672445], [138.00093056, 35.5967075], [138.00057917, 35.59653861], [138.00044139, 35.59651611], [138.00037944, 35.5965275], [138.00025527, 35.59653305], [138.000145, 35.59649361], [138.00028973, 35.59643166], [138.00030361, 35.59640361], [138.00021389, 35.59629639], [138.000145, 35.59626833], [138.00009667, 35.59622889], [138.00011055, 35.59616139], [138.00013806, 35.59609944], [138.00020695, 35.5961275], [138.00038305, 35.59614278], [138.00048334, 35.59624166], [138.00056666, 35.59629388], [138.00067584, 35.59633028], [138.00075806, 35.59633694], [138.00082833, 35.596325], [138.00082694, 35.59631638], [138.00081362, 35.59625139], [138.00079972, 35.59618389], [138.0008275, 35.59616139], [138.00104083, 35.59616694], [138.00110973, 35.59611639], [138.001165, 35.59602056], [138.00121305, 35.5959925], [138.00133028, 35.59598694], [138.0014401798009, 35.596004887057056], [137.993246, 35.584748], [138.00526, 35.574382], [138.004635, 35.569898], [138.010635, 35.564867], [138.018384, 35.560985], [138.017613, 35.552643], [138.012864, 35.548096], [138.008374, 35.551923], [138.010135, 35.555189], [137.993139, 35.564021], [137.982842, 35.573427], [137.980974, 35.577045], [137.975763, 35.579752], [137.96687, 35.577869], [137.957783, 35.572007], [137.940041, 35.569342], [137.936284, 35.572818], [137.928081, 35.575533], [137.924592, 35.578098], [137.919021, 35.577692], [137.917702, 35.573931], [137.905624, 35.579205], [137.904974, 35.582827], [137.900925, 35.586143], [137.895044, 35.58801], [137.882014, 35.594456], [137.870898, 35.595116], [137.872566, 35.60026], [137.86805, 35.602022], [137.860951, 35.600645], [137.834737, 35.605333], [137.827251, 35.6136], [137.82356, 35.615555], [137.819027, 35.622867]]], [[[137.99819170212396, 35.603505418631435], [137.99816638, 35.6034975], [137.99801472, 35.6034975], [137.99786305, 35.60356472], [137.99771139, 35.60357028], [137.99762861, 35.60359861], [137.99752528, 35.60375611], [137.99749083, 35.60386889], [137.9974425, 35.60395889], [137.997415, 35.60403222], [137.99746333, 35.60415028], [137.99747028, 35.60431361], [137.99754611, 35.60438139], [137.9975704952734, 35.60443320472378], [137.99819170212396, 35.603505418631435]]], [[[138.00128733746848, 35.59888201916784], [138.00124083, 35.5988975], [138.00113722, 35.59895389], [138.00097889, 35.59915639], [138.00082028, 35.59929167], [138.00075138, 35.59937611], [138.00072362, 35.599455], [138.00066167, 35.59957333], [138.00059278, 35.59964083], [138.00044805, 35.59973083], [138.00030334, 35.59984916], [138.00023444, 35.59991111], [138.00017222, 35.60000666], [138.00008195, 35.60013444], [137.99997917, 35.60024888], [137.99991723, 35.60035556], [137.99990333, 35.60044583], [137.99986889, 35.60053583], [137.99981389, 35.60062028], [137.99975167, 35.60077805], [137.99968972, 35.60090194], [137.99965528, 35.60100889], [137.99965334, 35.60101972], [137.99964139, 35.60108777], [137.99964139, 35.60115527], [137.99966917, 35.60128472], [137.9996739443667, 35.60129165724574], [138.00128733746848, 35.59888201916784]]]]}, "properties": {"N03_001": "長野県", "N03_002": null, "N03_003": "下伊那郡", "N03_004": "松川町", "N03_005": null, "N03_007": "20402"}}, {"type": "Feature", "geometry": {"type": "Polygon", "coordinates": [[[137.877684, 35.53004], [137.867348, 35.53434], [137.86519, 35.53858], [137.86091, 35.540004], [137.845546, 35.549555], [137.839345, 35.547561], [137.833543, 35.550521], [137.832488, 35.557898], [137.818691, 35.566533], [137.810983, 35.568348], [137.815753, 35.572796], [137.817272, 35.582208], [137.823567, 35.593983], [137.815567, 35.601385], [137.817086, 35.610233], [137.82356, 35.615555], [137.827251, 35.6136], [137.834737, 35.605333], [137.860951, 35.600645], [137.86805, 35.602022], [137.872566, 35.60026], [137.870898, 35.595116], [137.882014, 35.594456], [137.895044, 35.58801], [137.900925, 35.586143], [137.904974, 35.582827], [137.905624, 35.579205], [137.917702, 35.573931], [137.915162, 35.572433], [137.903686, 35.571726], [137.898914, 35.568831], [137.89583, 35.564275], [137.89454, 35.557502], [137.887803, 35.542654], [137.87807, 35.530456], [137.877684, 35.53004]]]}, "properties": {"N03_001": "長野県", "N03_002": null, "N03_003": "下伊那郡", "N03_004": "高森町", "N03_005": null, "N03_007": "20403"}}, {"type": "Feature", "geometry": {"type": "Polygon", "coordinates": [[[137.711774, 35.228874], [137.707714, 35.232017], [137.71486, 35.23129], [137.721299, 35.236143], [137.725291, 35.243498], [137.720311, 35.251725], [137.725249, 35.254635], [137.727566, 35.261713], [137.727612, 35.267963], [137.732173, 35.270298], [137.733637, 35.275597], [137.734756, 35.287287], [137.732998, 35.29268], [137.726657, 35.297995], [137.72555, 35.301712], [137.71726, 35.297483], [137.713068, 35.2986], [137.703236, 35.296756], [137.695979, 35.301732], [137.685765, 35.302795], [137.674979, 35.30665], [137.676077, 35.313066], [137.684828, 35.317551], [137.68733, 35.321505], [137.686114, 35.335463], [137.688441, 35.341687], [137.692375, 35.341071], [137.696249, 35.344183], [137.706567, 35.345038], [137.710572, 35.347836], [137.715308, 35.347836], [137.718702, 35.350519], [137.723051, 35.360347], [137.7286, 35.358523], [137.735711, 35.359878], [137.740802, 35.363916], [137.743986, 35.37006], [137.746058, 35.370125], [137.753162, 35.36396], [137.754715, 35.357137], [137.757955, 35.356607], [137.76609, 35.350123], [137.770839, 35.348733], [137.777883, 35.353543], [137.784834, 35.362976], [137.785303, 35.367364], [137.794634, 35.37482], [137.79975, 35.375696], [137.801368, 35.379288], [137.794931, 35.383341], [137.805861, 35.385433], [137.808595, 35.391583], [137.812866, 35.389524], [137.810375, 35.380383], [137.812463, 35.374231], [137.818388, 35.371866], [137.826323, 35.365413], [137.830072, 35.360815], [137.833192, 35.350402], [137.844446, 35.344034], [137.842594, 35.339296], [137.836841, 35.335257], [137.836848, 35.332135], [137.832796, 35.326922], [137.836246, 35.322245], [137.836797, 35.316322], [137.842343, 35.311886], [137.839437, 35.306013], [137.830379, 35.304432], [137.825255, 35.299861], [137.817028, 35.299901], [137.808659, 35.29474], [137.808036, 35.290074], [137.802107, 35.290223], [137.802076, 35.294703], [137.796605, 35.293887], [137.789698, 35.288373], [137.772258, 35.271585], [137.769479, 35.263899], [137.771351, 35.257872], [137.768106, 35.252524], [137.757236, 35.250727], [137.749008, 35.241174], [137.739127, 35.240661], [137.730548, 35.237422], [137.729882, 35.235008], [137.721895, 35.230758], [137.711774, 35.228874]], [[137.74122611, 35.27078111], [137.7412675, 35.27083194], [137.74133139, 35.27088139], [137.74079361, 35.27131], [137.74075278, 35.27130473], [137.74071834, 35.27129916], [137.74057416, 35.27132166], [137.74033388, 35.27133278], [137.74029278, 35.27131583], [137.74025167, 35.27128223], [137.74024472, 35.27077527], [137.74022417, 35.27058972], [137.74022417, 35.27030805], [137.74026528, 35.27002667], [137.74029973, 35.26993083], [137.74038195, 35.26979], [137.74047139, 35.26967166], [137.74054667, 35.26962666], [137.74071166, 35.26962666], [137.74087639, 35.26966611], [137.74095194, 35.26970556], [137.74101361, 35.2697675], [137.74103416, 35.26982389], [137.74104111, 35.27007722], [137.74108917, 35.27029139], [137.74112361, 35.27043195], [137.74117166, 35.27065167], [137.74122611, 35.27078111]]]}, "properties": {"N03_001": "長野県", "N03_002": null, "N03_003": "下伊那郡", "N03_004": "阿南町", "N03_005": null, "N03_007": "20404"}}, {"type": "Feature", "geometry": {"type": "Polygon", "coordinates": [[[137.694261, 35.554087], [137.704335, 35.552597], [137.705204, 35.547813], [137.709511, 35.537569], [137.711699, 35.535586], [137.717665, 35.521393], [137.72538, 35.519632], [137.726641, 35.516793], [137.732184, 35.516944], [137.741141, 35.515072], [137.744553, 35.511257], [137.74381, 35.505769], [137.740595, 35.501367], [137.734104, 35.499141], [137.729276, 35.495663], [137.726259, 35.490619], [137.731309, 35.486071], [137.735514, 35.47647], [137.732219, 35.472325], [137.739716, 35.470436], [137.744945, 35.461556], [137.752996, 35.455775], [137.758829, 35.46524], [137.762884, 35.459545], [137.762337, 35.442725], [137.759976, 35.439835], [137.76104, 35.431442], [137.764538, 35.431307], [137.766925, 35.421417], [137.770553, 35.420513], [137.761077, 35.411756], [137.758775, 35.408278], [137.752664, 35.406709], [137.746963, 35.402259], [137.741423, 35.401438], [137.735583, 35.396718], [137.73494, 35.392483], [137.730825, 35.386227], [137.736607, 35.384053], [137.738968, 35.379432], [137.739432, 35.371955], [137.743986, 35.37006], [137.740802, 35.363916], [137.735711, 35.359878], [137.7286, 35.358523], [137.723051, 35.360347], [137.718702, 35.350519], [137.715308, 35.347836], [137.710572, 35.347836], [137.706567, 35.345038], [137.696249, 35.344183], [137.692375, 35.341071], [137.688441, 35.341687], [137.683131, 35.344086], [137.677822, 35.342904], [137.67016, 35.34784], [137.66699, 35.34823], [137.662374, 35.353972], [137.657561, 35.354449], [137.652846, 35.358712], [137.651312, 35.363897], [137.64298, 35.369567], [137.641322, 35.375464], [137.644361, 35.380453], [137.640803, 35.385655], [137.641371, 35.39149], [137.635925, 35.39381], [137.633689, 35.399035], [137.634822, 35.402961], [137.631019, 35.406902], [137.632046, 35.410704], [137.621974, 35.411896], [137.620524, 35.417252], [137.615685, 35.423339], [137.617633, 35.426445], [137.615305, 35.430839], [137.606422, 35.43869], [137.601601, 35.439284], [137.593149, 35.446918], [137.607206, 35.457924], [137.610431, 35.458883], [137.618305, 35.46779], [137.628422, 35.467312], [137.63238, 35.474157], [137.629591, 35.477383], [137.629777, 35.483592], [137.627113, 35.484492], [137.62443, 35.493827], [137.624546, 35.500606], [137.631755, 35.509176], [137.643791, 35.51095], [137.644011, 35.521063], [137.648584, 35.528314], [137.653949, 35.532188], [137.658088, 35.530906], [137.662285, 35.532778], [137.674568, 35.531768], [137.679629, 35.53595], [137.684339, 35.536434], [137.687918, 35.550537], [137.694261, 35.554087]]]}, "properties": {"N03_001": "長野県", "N03_002": null, "N03_003": "下伊那郡", "N03_004": "阿智村", "N03_005": null, "N03_007": "20407"}}, {"type": "Feature", "geometry": {"type": "Polygon", "coordinates": [[[137.688441, 35.341687], [137.686114, 35.335463], [137.68733, 35.321505], [137.684828, 35.317551], [137.676077, 35.313066], [137.674979, 35.30665], [137.670281, 35.298283], [137.671309, 35.293869], [137.666113, 35.289011], [137.66693, 35.281034], [137.658741, 35.276499], [137.660279, 35.269242], [137.658812, 35.265977], [137.652869, 35.266766], [137.649968, 35.270125], [137.644634, 35.272072], [137.6343, 35.26501], [137.624787, 35.265417], [137.624109, 35.270183], [137.626254, 35.273404], [137.624539, 35.280307], [137.627231, 35.29351], [137.632421, 35.295912], [137.632447, 35.300006], [137.627003, 35.299879], [137.626252, 35.303439], [137.620892, 35.305991], [137.612017, 35.305569], [137.612706, 35.30867], [137.603597, 35.313144], [137.591281, 35.312062], [137.578088, 35.314699], [137.57501, 35.316975], [137.587579, 35.323705], [137.590548, 35.330487], [137.601548, 35.331038], [137.603933, 35.337214], [137.600436, 35.342119], [137.599845, 35.351766], [137.60257, 35.354495], [137.601269, 35.361574], [137.598037, 35.365666], [137.598387, 35.379182], [137.587745, 35.386609], [137.586491, 35.389434], [137.57795, 35.390129], [137.575394, 35.40014], [137.590674, 35.393611], [137.605224, 35.393991], [137.618431, 35.391738], [137.633689, 35.399035], [137.635925, 35.39381], [137.641371, 35.39149], [137.640803, 35.385655], [137.644361, 35.380453], [137.641322, 35.375464], [137.64298, 35.369567], [137.651312, 35.363897], [137.652846, 35.358712], [137.657561, 35.354449], [137.662374, 35.353972], [137.66699, 35.34823], [137.67016, 35.34784], [137.677822, 35.342904], [137.683131, 35.344086], [137.688441, 35.341687]]]}, "properties": {"N03_001": "長野県", "N03_002": null, "N03_003": "下伊那郡", "N03_004": "平谷村", "N03_005": null, "N03_007": "20409"}}, {"type": "Feature", "geometry": {"type": "Polygon", "coordinates": [[[137.578088, 35.314699], [137.591281, 35.312062], [137.603597, 35.313144], [137.612706, 35.30867], [137.612017, 35.305569], [137.620892, 35.305991], [137.626252, 35.303439], [137.627003, 35.299879], [137.632447, 35.300006], [137.632421, 35.295912], [137.627231, 35.29351], [137.624539, 35.280307], [137.626254, 35.273404], [137.624109, 35.270183], [137.624787, 35.265417], [137.6343, 35.26501], [137.644634, 35.272072], [137.649968, 35.270125], [137.652869, 35.266766], [137.658812, 35.265977], [137.661892, 35.262719], [137.66389, 35.2522], [137.67119, 35.242116], [137.668318, 35.23248], [137.663789, 35.227835], [137.653915, 35.226713], [137.653795, 35.21799], [137.645386, 35.214022], [137.644617, 35.209007], [137.632985, 35.212199], [137.626804, 35.211885], [137.603084, 35.206074], [137.602229, 35.204353], [137.591484, 35.199339], [137.577891, 35.199035], [137.576601, 35.206665], [137.578726, 35.219435], [137.575591, 35.220424], [137.572398, 35.226608], [137.568521, 35.227835], [137.562631, 35.235365], [137.557146, 35.237263], [137.550417, 35.242905], [137.547916, 35.250921], [137.545997, 35.251786], [137.548422, 35.259735], [137.552109, 35.259908], [137.557482, 35.264554], [137.5559, 35.272423], [137.557214, 35.274852], [137.564071, 35.277657], [137.570746, 35.283097], [137.566821, 35.290009], [137.562331, 35.289979], [137.557591, 35.294715], [137.560115, 35.309599], [137.571466, 35.318349], [137.57501, 35.316975], [137.578088, 35.314699]], [[137.65910222, 35.23143083], [137.65939028, 35.23147583], [137.65960278, 35.23149833], [137.65966445, 35.23153222], [137.65909166, 35.23289584], [137.6589375, 35.23296278], [137.65885528, 35.23296278], [137.65865639, 35.23290083], [137.65851945, 35.23290639], [137.65845083, 35.23292888], [137.65829305, 35.23299667], [137.65814223, 35.23301361], [137.65808028, 35.23298528], [137.65802556, 35.23293472], [137.65799111, 35.23278806], [137.658005, 35.23256861], [137.65805305, 35.23247833], [137.65832722, 35.23208972], [137.65849194, 35.23190945], [137.65867028, 35.2317575], [137.65894472, 35.23147583], [137.65899278, 35.23143639], [137.65910222, 35.23143083]]]}, "properties": {"N03_001": "長野県", "N03_002": null, "N03_003": "下伊那郡", "N03_004": "根羽村", "N03_005": null, "N03_007": "20410"}}, {"type": "Feature", "geometry": {"type": "Polygon", "coordinates": [[[137.770553, 35.420513], [137.779042, 35.419103], [137.783578, 35.425451], [137.797431, 35.426771], [137.802972, 35.424055], [137.808034, 35.424467], [137.816229, 35.421168], [137.812362, 35.418835], [137.81221, 35.414066], [137.817642, 35.412445], [137.815993, 35.407721], [137.807476, 35.40072], [137.80935, 35.397916], [137.808595, 35.391583], [137.805861, 35.385433], [137.794931, 35.383341], [137.801368, 35.379288], [137.79975, 35.375696], [137.794634, 35.37482], [137.785303, 35.367364], [137.784834, 35.362976], [137.777883, 35.353543], [137.770839, 35.348733], [137.76609, 35.350123], [137.757955, 35.356607], [137.754715, 35.357137], [137.753162, 35.36396], [137.746058, 35.370125], [137.743986, 35.37006], [137.739432, 35.371955], [137.738968, 35.379432], [137.736607, 35.384053], [137.730825, 35.386227], [137.73494, 35.392483], [137.735583, 35.396718], [137.741423, 35.401438], [137.746963, 35.402259], [137.752664, 35.406709], [137.758775, 35.408278], [137.761077, 35.411756], [137.770553, 35.420513]]]}, "properties": {"N03_001": "長野県", "N03_002": null, "N03_003": "下伊那郡", "N03_004": "下條村", "N03_005": null, "N03_007": "20411"}}, {"type": "Feature", "geometry": {"type": "Polygon", "coordinates": [[[137.674979, 35.30665], [137.685765, 35.302795], [137.695979, 35.301732], [137.703236, 35.296756], [137.713068, 35.2986], [137.71726, 35.297483], [137.72555, 35.301712], [137.726657, 35.297995], [137.732998, 35.29268], [137.734756, 35.287287], [137.733637, 35.275597], [137.732173, 35.270298], [137.727612, 35.267963], [137.727566, 35.261713], [137.725249, 35.254635], [137.720311, 35.251725], [137.725291, 35.243498], [137.721299, 35.236143], [137.71486, 35.23129], [137.707714, 35.232017], [137.70369, 35.23375], [137.69982, 35.231614], [137.694062, 35.233709], [137.687224, 35.230726], [137.681261, 35.235089], [137.678584, 35.230892], [137.673635, 35.231169], [137.667878, 35.227297], [137.663789, 35.227835], [137.668318, 35.23248], [137.67119, 35.242116], [137.66389, 35.2522], [137.661892, 35.262719], [137.658812, 35.265977], [137.660279, 35.269242], [137.658741, 35.276499], [137.66693, 35.281034], [137.666113, 35.289011], [137.671309, 35.293869], [137.670281, 35.298283], [137.674979, 35.30665]]]}, "properties": {"N03_001": "長野県", "N03_002": null, "N03_003": "下伊那郡", "N03_004": "売木村", "N03_005": null, "N03_007": "20412"}}, {"type": "Feature", "geometry": {"type": "Polygon", "coordinates": [[[137.843373, 35.316414], [137.844833, 35.314334], [137.860275, 35.311145], [137.860827, 35.306669], [137.864432, 35.304171], [137.863128, 35.29558], [137.871056, 35.290261], [137.874404, 35.294415], [137.87862, 35.294002], [137.891374, 35.286974], [137.900085, 35.280721], [137.8957, 35.272604], [137.896794, 35.26792], [137.894401, 35.265219], [137.895426, 35.257989], [137.882465, 35.248096], [137.882146, 35.242802], [137.884892, 35.23625], [137.880356, 35.22635], [137.872546, 35.21888], [137.865112, 35.222477], [137.859194, 35.223317], [137.84493, 35.221007], [137.841202, 35.216322], [137.834332, 35.21397], [137.826748, 35.215949], [137.821519, 35.215649], [137.806776, 35.209806], [137.800425, 35.205651], [137.794202, 35.204957], [137.783492, 35.205976], [137.779095, 35.202752], [137.76772, 35.206895], [137.766093, 35.209997], [137.769288, 35.215988], [137.768021, 35.218462], [137.76038, 35.220765], [137.747004, 35.220485], [137.743313, 35.218872], [137.735519, 35.222697], [137.729421, 35.220984], [137.72242, 35.2221], [137.720844, 35.224752], [137.721895, 35.230758], [137.729882, 35.235008], [137.730548, 35.237422], [137.739127, 35.240661], [137.749008, 35.241174], [137.757236, 35.250727], [137.768106, 35.252524], [137.771351, 35.257872], [137.769479, 35.263899], [137.772258, 35.271585], [137.789698, 35.288373], [137.796605, 35.293887], [137.802076, 35.294703], [137.802107, 35.290223], [137.808036, 35.290074], [137.808659, 35.29474], [137.817028, 35.299901], [137.825255, 35.299861], [137.830379, 35.304432], [137.839437, 35.306013], [137.842343, 35.311886], [137.843373, 35.316414]]]}, "properties": {"N03_001": "長野県", "N03_002": null, "N03_003": "下伊那郡", "N03_004": "天龍村", "N03_005": null, "N03_007": "20413"}}, {"type": "Feature", "geometry": {"type": "Polygon", "coordinates": [[[137.816229, 35.421168], [137.816144, 35.418274], [137.826026, 35.417836], [137.839281, 35.409213], [137.849962, 35.406986], [137.860138, 35.400621], [137.861225, 35.397212], [137.866523, 35.397268], [137.866136, 35.392566], [137.87052, 35.388136], [137.878054, 35.38531], [137.887159, 35.386019], [137.893869, 35.379414], [137.890967, 35.373454], [137.895136, 35.368936], [137.903712, 35.363617], [137.902383, 35.359751], [137.907647, 35.357289], [137.913571, 35.356985], [137.925974, 35.361298], [137.928068, 35.358615], [137.923493, 35.353651], [137.924057, 35.344856], [137.920686, 35.344055], [137.917023, 35.337658], [137.905042, 35.330347], [137.89592, 35.322384], [137.892488, 35.323738], [137.886997, 35.320142], [137.885, 35.324332], [137.873859, 35.322604], [137.868336, 35.320618], [137.860157, 35.323154], [137.852853, 35.323838], [137.849774, 35.316132], [137.843373, 35.316414], [137.842343, 35.311886], [137.836797, 35.316322], [137.836246, 35.322245], [137.832796, 35.326922], [137.836848, 35.332135], [137.836841, 35.335257], [137.842594, 35.339296], [137.844446, 35.344034], [137.833192, 35.350402], [137.830072, 35.360815], [137.826323, 35.365413], [137.818388, 35.371866], [137.812463, 35.374231], [137.810375, 35.380383], [137.812866, 35.389524], [137.808595, 35.391583], [137.80935, 35.397916], [137.807476, 35.40072], [137.815993, 35.407721], [137.817642, 35.412445], [137.81221, 35.414066], [137.812362, 35.418835], [137.816229, 35.421168]]]}, "properties": {"N03_001": "長野県", "N03_002": null, "N03_003": "下伊那郡", "N03_004": "泰阜村", "N03_005": null, "N03_007": "20414"}}, {"type": "Feature", "geometry": {"type": "Polygon", "coordinates": [[[137.987676, 35.487259], [137.987652, 35.480606], [137.983964, 35.473889], [137.977865, 35.46759], [137.975565, 35.463368], [137.969771, 35.457607], [137.961955, 35.447909], [137.964044, 35.441554], [137.9596, 35.435793], [137.951602, 35.429199], [137.946919, 35.427121], [137.940442, 35.432717], [137.928027, 35.435493], [137.924766, 35.435122], [137.918362, 35.438625], [137.919841, 35.440896], [137.913227, 35.444652], [137.915462, 35.459023], [137.911982, 35.463707], [137.899871, 35.463844], [137.886662, 35.468413], [137.882865, 35.473544], [137.883387, 35.477305], [137.87669, 35.477596], [137.872677, 35.490317], [137.877487, 35.487968], [137.882961, 35.489905], [137.882669, 35.497389], [137.871945, 35.499893], [137.862635, 35.499318], [137.862866, 35.511657], [137.867491, 35.519512], [137.87103, 35.521732], [137.877684, 35.53004], [137.87807, 35.530456], [137.893065, 35.525229], [137.898143, 35.521828], [137.899295, 35.518179], [137.908336, 35.512962], [137.916065, 35.504811], [137.924592, 35.506838], [137.92971, 35.50596], [137.934483, 35.509675], [137.953089, 35.505793], [137.961875, 35.510208], [137.966791, 35.50273], [137.972719, 35.499293], [137.976008, 35.493988], [137.987676, 35.487259]]]}, "properties": {"N03_001": "長野県", "N03_002": null, "N03_003": "下伊那郡", "N03_004": "喬木村", "N03_005": null, "N03_007": "20415"}}, {"type": "Feature", "geometry": {"type": "Polygon", "coordinates": [[[137.991081, 35.493184], [137.987676, 35.487259], [137.976008, 35.493988], [137.972719, 35.499293], [137.966791, 35.50273], [137.961875, 35.510208], [137.953089, 35.505793], [137.934483, 35.509675], [137.92971, 35.50596], [137.924592, 35.506838], [137.916065, 35.504811], [137.908336, 35.512962], [137.899295, 35.518179], [137.898143, 35.521828], [137.893065, 35.525229], [137.87807, 35.530456], [137.887803, 35.542654], [137.89454, 35.557502], [137.89583, 35.564275], [137.898914, 35.568831], [137.903686, 35.571726], [137.915162, 35.572433], [137.917702, 35.573931], [137.919021, 35.577692], [137.924592, 35.578098], [137.928081, 35.575533], [137.936284, 35.572818], [137.940041, 35.569342], [137.957783, 35.572007], [137.96687, 35.577869], [137.975763, 35.579752], [137.980974, 35.577045], [137.982842, 35.573427], [137.993139, 35.564021], [138.010135, 35.555189], [138.008374, 35.551923], [138.012864, 35.548096], [138.008747, 35.542118], [138.008888, 35.53735], [138.004149, 35.523576], [138.00373, 35.518931], [138.000197, 35.515148], [137.99839, 35.505443], [137.993946, 35.503483], [137.991081, 35.493184]]]}, "properties": {"N03_001": "長野県", "N03_002": null, "N03_003": "下伊那郡", "N03_004": "豊丘村", "N03_005": null, "N03_007": "20416"}}, {"type": "Feature", "geometry": {"type": "Polygon", "coordinates": [[[138.118969, 35.458223], [138.111808, 35.464566], [138.107259, 35.473228], [138.094549, 35.474698], [138.08869, 35.482045], [138.083203, 35.485711], [138.07039, 35.48109], [138.067277, 35.476767], [138.061082, 35.472199], [138.053406, 35.468941], [138.049461, 35.462586], [138.038622, 35.45764], [138.035929, 35.464071], [138.029723, 35.470159], [138.019686, 35.474593], [138.002167, 35.489047], [137.991081, 35.493184], [137.993946, 35.503483], [137.99839, 35.505443], [138.000197, 35.515148], [138.00373, 35.518931], [138.004149, 35.523576], [138.008888, 35.53735], [138.008747, 35.542118], [138.012864, 35.548096], [138.017613, 35.552643], [138.018384, 35.560985], [138.010635, 35.564867], [138.004635, 35.569898], [138.00526, 35.574382], [137.993246, 35.584748], [138.0014401798009, 35.596004887057056], [138.00146806, 35.59600944], [138.001625, 35.59606333], [138.00179222, 35.59613889], [138.00195083, 35.59618389], [138.00204027, 35.59618389], [138.00211611, 35.59614444], [138.00226944, 35.59599833], [138.00246084, 35.59576722], [138.00263416, 35.59559583], [138.00266666, 35.59554], [138.00269667, 35.59547334], [138.002715, 35.59545389], [138.002745, 35.59548778], [138.00276695, 35.5956375], [138.00275722, 35.59595861], [138.00278473, 35.59600944], [138.00319833, 35.59625139], [138.00335, 35.59634166], [138.00339472, 35.59636167], [138.00343278, 35.59636416], [138.00347, 35.59635389], [138.00350167, 35.59632473], [138.00354306, 35.59627389], [138.00358444, 35.59616694], [138.003605, 35.5959925], [138.00363917, 35.59596306], [138.0036875, 35.59597362], [138.00370834, 35.59600361], [138.00379805, 35.59618389], [138.00390139, 35.59631333], [138.00401833, 35.59642611], [138.00418389, 35.59648223], [138.00444583, 35.59648805], [138.00461805, 35.59645973], [138.00474138, 35.59644917], [138.00481111, 35.59644305], [138.00489389, 35.59645973], [138.00499028, 35.59646555], [138.00541083, 35.59656695], [138.00553472, 35.5965725], [138.0056175, 35.59655555], [138.0058175, 35.59652166], [138.00616222, 35.59651055], [138.00622111, 35.59649972], [138.0063, 35.59648805], [138.00649306, 35.59642611], [138.00661694, 35.59636416], [138.00686528, 35.59622333], [138.00700305, 35.59614444], [138.0071475, 35.59613889], [138.00732, 35.59617278], [138.0074025, 35.59620639], [138.00759555, 35.59620639], [138.00783695, 35.59609389], [138.007885, 35.59609389], [138.00799556, 35.59613917], [138.00802695, 35.59614417], [138.0080575, 35.59611639], [138.0080575, 35.59602083], [138.0080425, 35.59593334], [138.00804639, 35.5958475], [138.00807805, 35.59577306], [138.00811944, 35.595745], [138.00818833, 35.595745], [138.00828055, 35.59576028], [138.00835389, 35.59575056], [138.00840223, 35.59568861], [138.00841861, 35.59561445], [138.00846556, 35.59556223], [138.00852556, 35.59555056], [138.008595, 35.59555917], [138.00865722, 35.59558167], [138.00884334, 35.5956775], [138.008995, 35.595745], [138.00909833, 35.59577306], [138.00919472, 35.59577861], [138.00931889, 35.59580694], [138.00962222, 35.59598139], [138.00965666, 35.59599278], [138.00985667, 35.59615611], [138.00998055, 35.59629083], [138.01005638, 35.59641473], [138.01015945, 35.59664], [138.01034583, 35.59700028], [138.01048361, 35.59716361], [138.0110075, 35.59760306], [138.01109694, 35.59764222], [138.01124166, 35.59764222], [138.01131083, 35.59762556], [138.01139334, 35.59758028], [138.01142805, 35.59753528], [138.01143472, 35.59740584], [138.0113175, 35.59725389], [138.01098667, 35.59698917], [138.01088333, 35.59686528], [138.010835, 35.59678639], [138.01075916, 35.59662305], [138.01075916, 35.59651055], [138.01080055, 35.59643723], [138.01089028, 35.59635278], [138.01097306, 35.59624055], [138.01104194, 35.59604333], [138.01112472, 35.59593083], [138.01118666, 35.59580139], [138.01121417, 35.59573361], [138.01126944, 35.59566611], [138.01153139, 35.59545222], [138.01158639, 35.59534527], [138.01164167, 35.59518194], [138.011945, 35.59470888], [138.0122, 35.59432611], [138.01224139, 35.59424166], [138.01224139, 35.59410111], [138.0122, 35.59399973], [138.01206889, 35.59380806], [138.01201389, 35.59343639], [138.0119725, 35.59331834], [138.01195167, 35.59314945], [138.0119175, 35.59285667], [138.01189694, 35.59272139], [138.01177277, 35.59237806], [138.01175223, 35.59220916], [138.01175223, 35.59202334], [138.01179362, 35.59193889], [138.01189, 35.59183194], [138.01222778, 35.59153917], [138.01233805, 35.59139278], [138.01239334, 35.59126889], [138.01243472, 35.59108305], [138.01243556, 35.59087528], [138.01242778, 35.59052583], [138.01247583, 35.59051473], [138.01255167, 35.59052028], [138.01259306, 35.59054278], [138.01262694, 35.59055028], [138.01267, 35.59052944], [138.01275083, 35.59044472], [138.01278444, 35.5904225], [138.01281973, 35.5904225], [138.01284139, 35.59043583], [138.01291722, 35.59051473], [138.01295834, 35.59059333], [138.01295834, 35.59071723], [138.01288278, 35.59093111], [138.01274445, 35.59151111], [138.01270306, 35.5917925], [138.01270306, 35.59214722], [138.0129375, 35.59372944], [138.012965, 35.5938475], [138.01295805, 35.59400528], [138.01292361, 35.59406723], [138.01283778, 35.59419806], [138.01278583, 35.59427], [138.01273084, 35.59437695], [138.01269639, 35.59448388], [138.01264111, 35.59482138], [138.01255833, 35.59524944], [138.01256528, 35.59540722], [138.01259277, 35.59550277], [138.01258584, 35.59561556], [138.01256528, 35.59564917], [138.01240667, 35.5958125], [138.01223444, 35.59596444], [138.01220111, 35.5960675], [138.01218666, 35.59613], [138.01213778, 35.59618417], [138.0119725, 35.59628555], [138.01193806, 35.59633055], [138.01190361, 35.59641473], [138.01190361, 35.59649361], [138.01206889, 35.59665695], [138.01209861, 35.59670222], [138.01216556, 35.59680333], [138.01223444, 35.59700028], [138.01224834, 35.59713], [138.01231722, 35.59742278], [138.01232389, 35.59749584], [138.01231444, 35.59758056], [138.01228278, 35.59765361], [138.01223444, 35.59773806], [138.01216556, 35.59781139], [138.0119725, 35.59797445], [138.01193806, 35.59801389], [138.01186916, 35.59816583], [138.01182583, 35.59820639], [138.01164167, 35.59820528], [138.01146917, 35.59822195], [138.01133834, 35.59826139], [138.01120056, 35.59833472], [138.01113833, 35.59840222], [138.01107639, 35.59849805], [138.01095223, 35.59857667], [138.01078694, 35.598605], [138.01066278, 35.59865], [138.0105525, 35.59875139], [138.01049056, 35.59875695], [138.01044917, 35.59874584], [138.01033889, 35.59866139], [138.01023528, 35.59861611], [138.01004916, 35.59857667], [138.00998723, 35.59854861], [138.00976667, 35.59837972], [138.00960112, 35.59829528], [138.00940139, 35.59812056], [138.00934639, 35.598025], [138.00922916, 35.59773806], [138.0092225, 35.59760861], [138.00924306, 35.59741139], [138.00920862, 35.59732694], [138.00917416, 35.59729334], [138.00898111, 35.59718611], [138.00873305, 35.59703417], [138.00857444, 35.59697778], [138.00847806, 35.59697778], [138.00837445, 35.59700028], [138.00827806, 35.59705111], [138.0081125, 35.59718056], [138.00801611, 35.59731584], [138.00798166, 35.59750722], [138.00794027, 35.59756916], [138.0078575, 35.59761416], [138.00768528, 35.59762556], [138.00756111, 35.59766472], [138.00745084, 35.59773806], [138.0073475, 35.59785028], [138.00730611, 35.59795166], [138.00724417, 35.5980475], [138.00712695, 35.59816583], [138.00703027, 35.59828389], [138.00696834, 35.59838528], [138.00694778, 35.59847555], [138.00696139, 35.59857111], [138.00705112, 35.5987175], [138.0071725, 35.59882361], [138.00730611, 35.59900472], [138.007375, 35.59921306], [138.00747167, 35.59964639], [138.00749139, 35.59970472], [138.00755416, 35.59988861], [138.00747833, 35.59988861], [138.0074025, 35.59986611], [138.007175, 35.59968028], [138.00715444, 35.59962944], [138.00715444, 35.59936389], [138.00715444, 35.59933694], [138.00705112, 35.599185], [138.00699583, 35.59902167], [138.00694778, 35.59894834], [138.00685889, 35.59887028], [138.00678222, 35.59884139], [138.006665, 35.59884139], [138.00661694, 35.59886638], [138.00658916, 35.59888084], [138.00656167, 35.59894834], [138.00657639, 35.59902916], [138.006665, 35.5991175], [138.00680278, 35.59921861], [138.00682111, 35.59923861], [138.00688556, 35.59930889], [138.00696139, 35.5994775], [138.00697222, 35.59952389], [138.00697083, 35.59956555], [138.00694861, 35.59957472], [138.00674556, 35.59939916], [138.00652722, 35.59919056], [138.00641694, 35.59905556], [138.00635472, 35.59896527], [138.00634805, 35.59888639], [138.00636861, 35.59882445], [138.00638111, 35.59876611], [138.00637833, 35.59873611], [138.00635111, 35.59871528], [138.00630806, 35.59870639], [138.00624556, 35.59871416], [138.00621, 35.59870055], [138.00613722, 35.59863722], [138.00610611, 35.59862556], [138.00608139, 35.59862944], [138.00599639, 35.5987175], [138.00585167, 35.59881334], [138.00572777, 35.59887527], [138.00567972, 35.59887527], [138.00559695, 35.59884139], [138.00539, 35.59877389], [138.00532805, 35.59874], [138.005335, 35.5987175], [138.00542805, 35.59872973], [138.00545278, 35.5987025], [138.00539695, 35.5986725], [138.00523834, 35.5986275], [138.00508, 35.59861611], [138.00499723, 35.59858805], [138.00493528, 35.5985825], [138.0047549524411, 35.5985538529489], [138.008088, 35.600338], [138.011923, 35.606907], [138.022913, 35.614029], [138.030466, 35.625194], [138.030383, 35.628232], [138.038332, 35.636981], [138.039402, 35.642617], [138.036577, 35.651045], [138.037256, 35.657674], [138.035148, 35.660948], [138.035318, 35.666943], [138.04405, 35.674672], [138.043807, 35.683261], [138.045346, 35.686301], [138.043409, 35.691387], [138.047245, 35.699066], [138.061373, 35.70354], [138.06564, 35.699995], [138.077114, 35.694324], [138.079484, 35.679383], [138.085546, 35.672952], [138.087132, 35.666376], [138.091958, 35.655027], [138.101878, 35.646997], [138.104204, 35.638911], [138.105329, 35.627156], [138.104389, 35.618616], [138.101083, 35.614891], [138.111027, 35.60015], [138.115673, 35.597293], [138.121522, 35.596557], [138.126104, 35.592547], [138.127348, 35.586068], [138.130821, 35.581305], [138.135654, 35.581689], [138.140834, 35.577358], [138.146283, 35.576456], [138.15181, 35.57096], [138.150959, 35.566294], [138.146131, 35.557015], [138.148176, 35.554277], [138.156026, 35.551751], [138.159425, 35.544932], [138.151488, 35.536202], [138.147941, 35.534753], [138.146961, 35.529602], [138.138332, 35.522212], [138.14633, 35.518643], [138.146283, 35.513779], [138.140181, 35.499733], [138.14856, 35.49998], [138.157989, 35.494294], [138.164624, 35.493872], [138.158323, 35.486301], [138.156401, 35.476905], [138.156784, 35.472794], [138.160404, 35.470835], [138.156913, 35.459981], [138.148329, 35.460231], [138.141019, 35.458995], [138.131575, 35.45334], [138.121928, 35.456393], [138.120473, 35.454609], [138.118969, 35.458223]]]}, "properties": {"N03_001": "長野県", "N03_002": null, "N03_003": "下伊那郡", "N03_004": "大鹿村", "N03_005": null, "N03_007": "20417"}}, {"type": "Feature", "geometry": {"type": "Polygon", "coordinates": [[[137.809325, 35.78139], [137.808879, 35.779512], [137.800298, 35.773869], [137.793715, 35.764794], [137.786854, 35.760498], [137.779506, 35.760494], [137.774733, 35.758827], [137.761736, 35.743383], [137.757532, 35.743543], [137.752006, 35.73363], [137.753015, 35.723736], [137.749635, 35.722447], [137.743496, 35.715349], [137.735656, 35.712344], [137.727262, 35.717356], [137.718899, 35.718259], [137.712003, 35.722256], [137.706526, 35.722581], [137.699344, 35.727406], [137.690772, 35.727423], [137.689006, 35.733894], [137.686128, 35.735547], [137.683173, 35.743758], [137.675899, 35.743458], [137.671535, 35.748288], [137.664448, 35.750375], [137.653819, 35.750336], [137.646337, 35.74396], [137.647592, 35.739951], [137.642849, 35.735394], [137.64215, 35.730251], [137.648252, 35.72809], [137.650878, 35.724619], [137.644551, 35.712836], [137.633478, 35.709726], [137.622982, 35.710093], [137.618713, 35.70735], [137.60851, 35.70586], [137.600837, 35.706012], [137.593288, 35.710179], [137.595527, 35.716089], [137.590079, 35.716342], [137.589872, 35.721308], [137.587159, 35.723063], [137.59055, 35.729895], [137.587548, 35.73503], [137.574946, 35.738291], [137.565166, 35.730384], [137.556905, 35.725958], [137.552632, 35.725559], [137.54979, 35.730009], [137.543228, 35.73021], [137.541597, 35.737995], [137.538707, 35.744813], [137.539441, 35.747583], [137.533775, 35.75009], [137.533022, 35.753699], [137.540436, 35.753947], [137.548315, 35.75143], [137.556756, 35.753347], [137.564859, 35.750884], [137.568723, 35.754974], [137.5675, 35.75906], [137.572468, 35.760905], [137.583192, 35.760704], [137.586018, 35.766383], [137.595256, 35.767247], [137.59907, 35.770073], [137.595331, 35.775987], [137.596851, 35.779486], [137.591434, 35.780764], [137.590383, 35.787554], [137.592684, 35.790991], [137.5996, 35.794259], [137.608832, 35.787633], [137.6174, 35.790369], [137.622482, 35.790571], [137.625217, 35.796829], [137.630841, 35.794477], [137.638375, 35.793383], [137.650527, 35.795484], [137.65781, 35.789712], [137.662662, 35.791934], [137.669796, 35.792238], [137.670387, 35.797967], [137.684794, 35.811994], [137.689993, 35.812098], [137.696616, 35.816203], [137.69692, 35.820101], [137.714002, 35.822054], [137.721015, 35.820526], [137.725971, 35.823061], [137.732927, 35.822569], [137.736248, 35.818296], [137.74518, 35.818739], [137.75031, 35.812639], [137.754737, 35.811736], [137.76096, 35.813125], [137.770317, 35.812053], [137.779219, 35.804768], [137.786106, 35.796188], [137.79686, 35.789036], [137.804647, 35.789541], [137.809325, 35.78139]]]}, "properties": {"N03_001": "長野県", "N03_002": null, "N03_003": "木曽郡", "N03_004": "上松町", "N03_005": null, "N03_007": "20422"}}, {"type": "Feature", "geometry": {"type": "Polygon", "coordinates": [[[137.729567, 35.613389], [137.724223, 35.605789], [137.715194, 35.599063], [137.718361, 35.594271], [137.720446, 35.586162], [137.714593, 35.583821], [137.707446, 35.578586], [137.698353, 35.576254], [137.692017, 35.569282], [137.690659, 35.562175], [137.694306, 35.560994], [137.694261, 35.554087], [137.687918, 35.550537], [137.684339, 35.536434], [137.679629, 35.53595], [137.674568, 35.531768], [137.662285, 35.532778], [137.658088, 35.530906], [137.653949, 35.532188], [137.648584, 35.528314], [137.644011, 35.521063], [137.643791, 35.51095], [137.631755, 35.509176], [137.626166, 35.512164], [137.625601, 35.515], [137.619427, 35.521413], [137.618842, 35.525326], [137.610426, 35.530301], [137.607256, 35.533543], [137.602498, 35.530702], [137.597047, 35.534547], [137.590284, 35.535268], [137.587929, 35.538048], [137.580932, 35.538931], [137.579167, 35.542451], [137.574508, 35.544529], [137.574795, 35.549318], [137.570807, 35.554075], [137.572611, 35.557971], [137.571116, 35.562629], [137.5646, 35.566428], [137.569293, 35.574918], [137.570433, 35.579897], [137.565441, 35.585044], [137.546152, 35.587241], [137.538304, 35.584797], [137.531657, 35.588086], [137.532591, 35.591449], [137.520088, 35.600108], [137.519947, 35.602611], [137.513809, 35.608023], [137.517024, 35.618479], [137.522652, 35.619403], [137.52815, 35.635978], [137.538183, 35.63833], [137.540935, 35.642533], [137.539564, 35.646438], [137.545447, 35.651082], [137.535957, 35.661151], [137.535374, 35.665805], [137.524471, 35.671498], [137.519245, 35.677434], [137.514703, 35.677335], [137.509425, 35.682379], [137.522249, 35.688734], [137.530227, 35.688466], [137.534996, 35.690635], [137.546547, 35.689059], [137.55411, 35.686925], [137.561078, 35.682264], [137.565618, 35.677582], [137.57767, 35.678216], [137.586666, 35.67728], [137.601587, 35.669735], [137.607535, 35.667635], [137.608531, 35.659588], [137.613005, 35.655236], [137.625569, 35.650661], [137.630375, 35.645145], [137.63524, 35.644492], [137.638112, 35.648146], [137.64906, 35.648002], [137.652655, 35.652243], [137.661411, 35.658539], [137.66824, 35.659744], [137.678406, 35.651693], [137.679343, 35.648393], [137.68767, 35.648201], [137.691554, 35.644781], [137.693828, 35.636707], [137.699734, 35.634688], [137.70093, 35.629974], [137.708563, 35.627536], [137.712247, 35.624542], [137.715961, 35.625374], [137.726695, 35.620505], [137.729567, 35.613389]]]}, "properties": {"N03_001": "長野県", "N03_002": null, "N03_003": "木曽郡", "N03_004": "南木曽町", "N03_005": null, "N03_007": "20423"}}, {"type": "Feature", "geometry": {"type": "Polygon", "coordinates": [[[137.703821, 36.010116], [137.708113, 36.012375], [137.709524, 36.016515], [137.719803, 36.026368], [137.722804, 36.03414], [137.728734, 36.038257], [137.731448, 36.044144], [137.737061, 36.047837], [137.73528, 36.055676], [137.736595, 36.061803], [137.735711, 36.069555], [137.742184, 36.073222], [137.74711, 36.081346], [137.754639, 36.086546], [137.761003, 36.082593], [137.77113, 36.079324], [137.776199, 36.07498], [137.78194, 36.073193], [137.78919, 36.078453], [137.796719, 36.078028], [137.798067, 36.068351], [137.80367, 36.065606], [137.80666, 36.054852], [137.815278, 36.054472], [137.814922, 36.047965], [137.810376, 36.037974], [137.811319, 36.029343], [137.809647, 36.018454], [137.808077, 36.015793], [137.808957, 35.997946], [137.807472, 35.994561], [137.804948, 35.979892], [137.806617, 35.973095], [137.800579, 35.969274], [137.795359, 35.95991], [137.79558, 35.95426], [137.798766, 35.948836], [137.798653, 35.943083], [137.801598, 35.935775], [137.801382, 35.926455], [137.792454, 35.924217], [137.792196, 35.921725], [137.777881, 35.916362], [137.775074, 35.907304], [137.767722, 35.903575], [137.755291, 35.908152], [137.753389, 35.915385], [137.746403, 35.921797], [137.741512, 35.923932], [137.737827, 35.92963], [137.732997, 35.933757], [137.727654, 35.935354], [137.719791, 35.942193], [137.718245, 35.948525], [137.712281, 35.955855], [137.706218, 35.958012], [137.703848, 35.963723], [137.696201, 35.969231], [137.696593, 35.979013], [137.701008, 35.987033], [137.697758, 35.995694], [137.702913, 36.004449], [137.703821, 36.010116]]]}, "properties": {"N03_001": "長野県", "N03_002": null, "N03_003": "木曽郡", "N03_004": "木祖村", "N03_005": null, "N03_007": "20425"}}, {"type": "Feature", "geometry": {"type": "Polygon", "coordinates": [[[137.622482, 35.790571], [137.6174, 35.790369], [137.608832, 35.787633], [137.5996, 35.794259], [137.592684, 35.790991], [137.590383, 35.787554], [137.591434, 35.780764], [137.596851, 35.779486], [137.595331, 35.775987], [137.59907, 35.770073], [137.595256, 35.767247], [137.586018, 35.766383], [137.583192, 35.760704], [137.572468, 35.760905], [137.5675, 35.75906], [137.568723, 35.754974], [137.564859, 35.750884], [137.556756, 35.753347], [137.548315, 35.75143], [137.540436, 35.753947], [137.533022, 35.753699], [137.533775, 35.75009], [137.539441, 35.747583], [137.538707, 35.744813], [137.541597, 35.737995], [137.543228, 35.73021], [137.54979, 35.730009], [137.552632, 35.725559], [137.553548, 35.719059], [137.54752, 35.719631], [137.543028, 35.717913], [137.542723, 35.712743], [137.53247, 35.708819], [137.518239, 35.710529], [137.511934, 35.708733], [137.506068, 35.714251], [137.487627, 35.716484], [137.485212, 35.724704], [137.478866, 35.726757], [137.478263, 35.730229], [137.470838, 35.735788], [137.46554, 35.743766], [137.464752, 35.756372], [137.459573, 35.761404], [137.453357, 35.762204], [137.449942, 35.759292], [137.440179, 35.758553], [137.433675, 35.767776], [137.434452, 35.770907], [137.427759, 35.771185], [137.423973, 35.774359], [137.411092, 35.77727], [137.399948, 35.775396], [137.393262, 35.777727], [137.391095, 35.780428], [137.396421, 35.785155], [137.396376, 35.790842], [137.391793, 35.798583], [137.385822, 35.798771], [137.381221, 35.801291], [137.362647, 35.79798], [137.360286, 35.795968], [137.353717, 35.801341], [137.343867, 35.798566], [137.336279, 35.798825], [137.332321, 35.809335], [137.326029, 35.812128], [137.324993, 35.81667], [137.328799, 35.82176], [137.327308, 35.825613], [137.330328, 35.829156], [137.332144, 35.84068], [137.336046, 35.844218], [137.348324, 35.84243], [137.356777, 35.842732], [137.361127, 35.846208], [137.367585, 35.860667], [137.366316, 35.865273], [137.368062, 35.870436], [137.367165, 35.876798], [137.36437, 35.878873], [137.373506, 35.884081], [137.380816, 35.892422], [137.397806, 35.895676], [137.41444, 35.90139], [137.419402, 35.904472], [137.424352, 35.903189], [137.437614, 35.905051], [137.441424, 35.89944], [137.44868, 35.892885], [137.458648, 35.889315], [137.465147, 35.892645], [137.476169, 35.894017], [137.480747, 35.89302], [137.482865, 35.88895], [137.490561, 35.884275], [137.493957, 35.879992], [137.499677, 35.878943], [137.505262, 35.872296], [137.515125, 35.872626], [137.524657, 35.870434], [137.532394, 35.86602], [137.534554, 35.866543], [137.546181, 35.861463], [137.55884, 35.858927], [137.573365, 35.852678], [137.578754, 35.838681], [137.577749, 35.834122], [137.588286, 35.818547], [137.5937758817064, 35.815330904704766], [137.59348722, 35.81503833], [137.59309694, 35.81464333], [137.59305945, 35.81443528], [137.59285083, 35.81428778], [137.59248222, 35.81416194], [137.59217694, 35.81406472], [137.59183556, 35.81398861], [137.59136528, 35.81396695], [137.59092167, 35.81397555], [137.5907025, 35.81399278], [137.5905625, 35.81398028], [137.59023167, 35.81383889], [137.59012583, 35.81381166], [137.59001833, 35.81381945], [137.58988473, 35.81388028], [137.58950028, 35.81413167], [137.5893025, 35.81427055], [137.58906722, 35.81436139], [137.58859695, 35.81452194], [137.588255, 35.81467806], [137.58810028, 35.81473888], [137.58792917, 35.81478223], [137.58785444, 35.81478639], [137.58777945, 35.81477361], [137.58758167, 35.81471722], [137.58733056, 35.81464778], [137.5872075, 35.81464778], [137.58709528, 35.81465639], [137.58709833, 35.81459361], [137.58715945, 35.81450472], [137.5875175, 35.81423139], [137.58777833, 35.81400278], [137.58797166, 35.81378472], [137.58810528, 35.81359833], [137.58820695, 35.81349], [137.588335, 35.81342916], [137.58862917, 35.81331194], [137.58881611, 35.81324278], [137.58892639, 35.81323778], [137.58915834, 35.81322528], [137.58923833, 35.81319917], [137.58930778, 35.81311694], [137.58932417, 35.81305167], [137.58930666, 35.81296056], [137.58926639, 35.81287361], [137.58916222, 35.81277862], [137.58904056, 35.81270528], [137.58889639, 35.8126575], [137.58884833, 35.81259666], [137.58881611, 35.81257944], [137.58872445, 35.81257833], [137.58865583, 35.8125275], [137.58857028, 35.8124975], [137.58847889, 35.81252611], [137.58841167, 35.81247806], [137.58830305, 35.81250583], [137.58824945, 35.81255778], [137.5881, 35.8125275], [137.58789139, 35.81251], [137.58787, 35.81244945], [137.58779083, 35.81239334], [137.58768223, 35.81241305], [137.58765472, 35.81238305], [137.58758722, 35.81237556], [137.58751528, 35.8124], [137.58745888, 35.81250583], [137.58692445, 35.81252277], [137.58693305, 35.81248556], [137.58691556, 35.81244638], [137.58685139, 35.81242833], [137.58672944, 35.81243223], [137.58668388, 35.81237527], [137.58661444, 35.81236667], [137.58651805, 35.81237972], [137.58647, 35.81241862], [137.58606389, 35.81229944], [137.58575417, 35.81224945], [137.58556167, 35.81222778], [137.58544944, 35.81226694], [137.58540666, 35.81228416], [137.58532111, 35.81228], [137.58525694, 35.81221917], [137.58524639, 35.81217139], [137.58525694, 35.81212806], [137.58537472, 35.81201556], [137.58544417, 35.81195917], [137.58546556, 35.81189], [137.58551223, 35.81182333], [137.58548028, 35.811765], [137.58539611, 35.81175556], [137.58534222, 35.81166861], [137.58526778, 35.81160805], [137.58518222, 35.81144333], [137.58504861, 35.81136083], [137.58469584, 35.81121777], [137.5844425, 35.81110778], [137.58428973, 35.81110917], [137.58414417, 35.8110375], [137.58396889, 35.81090556], [137.58391333, 35.81083833], [137.58387639, 35.81076944], [137.58379778, 35.81070611], [137.58358806, 35.81057305], [137.58345083, 35.81045], [137.58329583, 35.81036333], [137.58313528, 35.81030278], [137.58300723, 35.81028111], [137.58289195, 35.81029583], [137.58275583, 35.81035028], [137.58265139, 35.8103725], [137.58256944, 35.81034139], [137.58236583, 35.81022889], [137.5820075, 35.81000333], [137.58163389, 35.80979083], [137.58146806, 35.80971722], [137.58130778, 35.80964362], [137.58119556, 35.80958722], [137.58104056, 35.80949167], [137.58091445, 35.80947723], [137.58082639, 35.80947723], [137.58077972, 35.80945639], [137.58073166, 35.80926638], [137.58069306, 35.80903639], [137.58057, 35.80888027], [137.58044195, 35.80878056], [137.58032417, 35.80872417], [137.58020139, 35.80865028], [137.58014639, 35.80864306], [137.58006778, 35.80865917], [137.58004639, 35.80862], [137.58000362, 35.80857667], [137.57993944, 35.80855944], [137.5798325, 35.80854639], [137.57959139, 35.80845195], [137.57938305, 35.80840639], [137.57908444, 35.80836417], [137.57883777, 35.80833722], [137.57867417, 35.80831], [137.57840028, 35.80822528], [137.57812417, 35.80810055], [137.57791888, 35.80799389], [137.57776445, 35.80794361], [137.57755583, 35.80790444], [137.57735139, 35.8078675], [137.57718195, 35.80780028], [137.57704305, 35.80768778], [137.57697889, 35.80759666], [137.57697584, 35.8075175], [137.57694861, 35.8074875], [137.57689889, 35.80746222], [137.57682389, 35.80743167], [137.5768025, 35.80736667], [137.57673306, 35.80733194], [137.576685, 35.80730612], [137.57666361, 35.80720195], [137.57658861, 35.8071325], [137.57651722, 35.80710888], [137.5764925, 35.80707194], [137.57639111, 35.80699389], [137.57630722, 35.80698778], [137.57620917, 35.80703222], [137.5761025, 35.80703722], [137.57586445, 35.80704917], [137.57569083, 35.80705445], [137.57555723, 35.80705027], [137.575385, 35.8070125], [137.57523666, 35.80701556], [137.57508166, 35.80708473], [137.57500028, 35.807165], [137.57496417, 35.80723666], [137.57487833, 35.80733806], [137.57469861, 35.80743417], [137.57455278, 35.80753584], [137.57442111, 35.80770111], [137.57427694, 35.80779472], [137.57412777, 35.80786639], [137.57400583, 35.80789361], [137.57389528, 35.80793917], [137.57371361, 35.80807361], [137.57342194, 35.80834639], [137.57325945, 35.80849833], [137.57310944, 35.80859083], [137.57298694, 35.80874556], [137.57289056, 35.80888861], [137.57287389, 35.80879388], [137.57295472, 35.80840278], [137.57317361, 35.8081525], [137.57331278, 35.80793472], [137.5733875, 35.80783944], [137.57352945, 35.80771139], [137.57363333, 35.80751417], [137.57375389, 35.80736389], [137.57385777, 35.80728444], [137.57390166, 35.80723916], [137.57397528, 35.80723222], [137.57401861, 35.80707], [137.57405861, 35.80702305], [137.57405389, 35.80697889], [137.57401389, 35.80690333], [137.57396083, 35.80687472], [137.57384556, 35.80680167], [137.57377, 35.80679667], [137.57367084, 35.80683333], [137.57361194, 35.80681166], [137.57353722, 35.80679861], [137.57348361, 35.80680306], [137.57343167, 35.80678889], [137.57336917, 35.80669778], [137.5733275, 35.80663667], [137.57323278, 35.80657305], [137.57313194, 35.80653361], [137.57302416, 35.80649084], [137.57294944, 35.80647333], [137.57270361, 35.80630416], [137.57257, 35.80622194], [137.57246834, 35.80617834], [137.57233472, 35.80615666], [137.57228139, 35.80612222], [137.57223862, 35.80607861], [137.57223862, 35.80603111], [137.572185, 35.80599194], [137.57209972, 35.80591834], [137.57204611, 35.80586611], [137.57193222, 35.80586889], [137.57192111, 35.80580639], [137.57185389, 35.80577944], [137.57173972, 35.80574389], [137.57164667, 35.80563834], [137.57155527, 35.80563834], [137.57152333, 35.80558639], [137.57146389, 35.80555778], [137.57137805, 35.80555834], [137.57128723, 35.8054975], [137.57120723, 35.80547723], [137.57112722, 35.80552388], [137.57106611, 35.80548111], [137.57098139, 35.80546917], [137.57095083, 35.80549334], [137.57090611, 35.80550833], [137.57083389, 35.80547723], [137.57076889, 35.8054975], [137.570705, 35.80553222], [137.5706675, 35.80552805], [137.57053389, 35.80550639], [137.57041083, 35.805515], [137.57029861, 35.805515], [137.57010639, 35.8054975], [137.56999667, 35.80538472], [137.56994583, 35.80538472], [137.56988111, 35.80538861], [137.56983639, 35.80534444], [137.56976944, 35.80532862], [137.5696325, 35.80530389], [137.56957722, 35.80533278], [137.56953444, 35.80536306], [137.56944972, 35.80527139], [137.56930861, 35.80524945], [137.56923167, 35.80528444], [137.56918667, 35.80524806], [137.56912889, 35.80524555], [137.56902305, 35.80527417], [137.56901055, 35.80531973], [137.56897306, 35.80531973], [137.56881306, 35.80537195], [137.5687275, 35.80537195], [137.56861, 35.80534584], [137.56856778, 35.8052675], [137.56851972, 35.805235], [137.56844417, 35.80522861], [137.56839472, 35.80514917], [137.56823222, 35.80515833], [137.56820055, 35.80519222], [137.56816695, 35.80522973], [137.56810444, 35.80523778], [137.56807028, 35.80526333], [137.56765861, 35.8051725], [137.56738611, 35.80508555], [137.56707611, 35.80495556], [137.56687278, 35.80489916], [137.56657389, 35.80486445], [137.5663975, 35.8048775], [137.56625306, 35.80491222], [137.56601278, 35.80499889], [137.56588444, 35.80509417], [137.56569722, 35.80526333], [137.56559583, 35.80531944], [137.56548361, 35.80538445], [137.56535, 35.80543223], [137.56524833, 35.80548445], [137.565195, 35.80549722], [137.56511972, 35.8055275], [137.56503305, 35.80550666], [137.56492083, 35.80555472], [137.56489027, 35.8056275], [137.56489528, 35.80565111], [137.56483278, 35.80570194], [137.56483417, 35.80576695], [137.56484222, 35.80582694], [137.56487389, 35.80586917], [137.56482556, 35.80590306], [137.56469167, 35.80595695], [137.56452027, 35.80602861], [137.56433889, 35.80609889], [137.56421861, 35.80615334], [137.56402445, 35.80624056], [137.56385861, 35.80632528], [137.56370695, 35.80640472], [137.56359944, 35.80646195], [137.563505, 35.80651], [137.56340556, 35.80656723], [137.56331084, 35.80663528], [137.56324194, 35.80668305], [137.56323555, 35.80676111], [137.56311667, 35.80680805], [137.56308472, 35.8068575], [137.56307945, 35.806905], [137.56312139, 35.80694139], [137.56310083, 35.80702667], [137.56311055, 35.80708889], [137.56317277, 35.80715417], [137.56322833, 35.80720167], [137.56319805, 35.80730694], [137.56308167, 35.80754361], [137.56295, 35.80769167], [137.56278833, 35.80781805], [137.56260778, 35.80792084], [137.56241611, 35.80800805], [137.56204722, 35.80812944], [137.56190972, 35.80820833], [137.56170833, 35.80821416], [137.56154139, 35.8082775], [137.56123917, 35.8084225], [137.56113528, 35.80851972], [137.56106417, 35.80859028], [137.56102778, 35.80867194], [137.56104278, 35.8087625], [137.56109361, 35.80887778], [137.56107972, 35.80899195], [137.56102667, 35.8090575], [137.56091444, 35.80916584], [137.56052417, 35.80936389], [137.56043361, 35.80944], [137.56034806, 35.80946944], [137.56027056, 35.80945667], [137.56012445, 35.8094075], [137.55982417, 35.809275], [137.55955166, 35.80923083], [137.559215, 35.80918306], [137.55894777, 35.80916139], [137.55881945, 35.80917889], [137.55870194, 35.80919195], [137.55858445, 35.809105], [137.55845083, 35.8090575], [137.55830111, 35.80903583], [137.55822084, 35.80902278], [137.5577025, 35.80889694], [137.55747278, 35.80885361], [137.55734444, 35.8088275], [137.55721611, 35.80877555], [137.55709861, 35.80873222], [137.5569225, 35.80869305], [137.55682083, 35.80862389], [137.55671945, 35.80852833], [137.55661778, 35.80841139], [137.55654306, 35.808355], [137.55643083, 35.80825083], [137.55631833, 35.80810778], [137.5561475, 35.80793], [137.55608333, 35.807765], [137.55600194, 35.80753417], [137.55595055, 35.80725889], [137.55593362, 35.80708861], [137.55592306, 35.80667222], [137.55596028, 35.8057875], [137.55594028, 35.80525333], [137.55592861, 35.805175], [137.55637166, 35.80501362], [137.55681389, 35.80489], [137.55691972, 35.80521278], [137.55705138, 35.80551056], [137.55715972, 35.80566694], [137.55731973, 35.80579306], [137.55757834, 35.80593806], [137.55790778, 35.80604889], [137.5581825, 35.80613806], [137.55839222, 35.80620528], [137.55856139, 35.80622055], [137.55891638, 35.80624334], [137.55926472, 35.80629861], [137.55942722, 35.80633139], [137.55956417, 35.80636333], [137.55971417, 35.80641138], [137.55979889, 35.80645333], [137.55994472, 35.80654111], [137.56008945, 35.80660639], [137.56018528, 35.80661444], [137.560335, 35.80661111], [137.56056055, 35.80655306], [137.56069028, 35.80648195], [137.56081945, 35.80634306], [137.56096528, 35.80611777], [137.56123722, 35.80581444], [137.56134722, 35.80565723], [137.5615675, 35.80529694], [137.56176639, 35.80479361], [137.56186861, 35.80464055], [137.56208, 35.80434972], [137.56219389, 35.80413084], [137.56225555, 35.80402389], [137.56237333, 35.80390473], [137.56231722, 35.80384], [137.56239139, 35.80370306], [137.56245861, 35.80357777], [137.56252334, 35.80345834], [137.56258806, 35.80333889], [137.56262, 35.80327417], [137.56267278, 35.80312639], [137.56271861, 35.80301417], [137.56276, 35.80290722], [137.56281528, 35.80283389], [137.56281528, 35.80282278], [137.56286361, 35.802755], [137.56299444, 35.80259806], [137.56307223, 35.80252361], [137.5631375, 35.80247667], [137.56321611, 35.80242278], [137.56329888, 35.80239472], [137.56348611, 35.80233167], [137.56363056, 35.80229333], [137.56393472, 35.80222], [137.56420472, 35.80218667], [137.56439889, 35.8021575], [137.56456527, 35.8021425], [137.56480306, 35.80212222], [137.565175, 35.80210834], [137.56543778, 35.80210694], [137.56582667, 35.80209444], [137.56613305, 35.80208555], [137.56654584, 35.80207361], [137.56670472, 35.80209056], [137.56680139, 35.80209638], [137.56722084, 35.80216111], [137.56756972, 35.80223361], [137.56787027, 35.80231], [137.56814167, 35.80238362], [137.56822138, 35.80242], [137.56831556, 35.80244417], [137.56848722, 35.802485], [137.56854945, 35.80249639], [137.56874944, 35.80257528], [137.56892083, 35.80264889], [137.56914111, 35.80273278], [137.56931111, 35.80280139], [137.56962306, 35.80291694], [137.56986194, 35.8029975], [137.57006916, 35.80309333], [137.57043778, 35.80327805], [137.57054333, 35.80333778], [137.57061889, 35.80337306], [137.57085722, 35.80348278], [137.57113944, 35.80361695], [137.57127389, 35.8036925], [137.57136083, 35.80376361], [137.57138861, 35.80377472], [137.57166528, 35.80397695], [137.57177778, 35.8040275], [137.57188167, 35.80409], [137.572095, 35.80421028], [137.57216, 35.80425111], [137.57237333, 35.80432083], [137.57246222, 35.80434], [137.57257777, 35.80434722], [137.57280306, 35.80437362], [137.57326778, 35.80438556], [137.57350778, 35.80439528], [137.57362333, 35.80440722], [137.5737775, 35.80443388], [137.57390195, 35.80445056], [137.57404695, 35.8044675], [137.57417139, 35.80449389], [137.57433444, 35.80453945], [137.57447084, 35.80456583], [137.57463667, 35.80457084], [137.57474389, 35.804535], [137.57493556, 35.80454945], [137.57646362, 35.8046575], [137.57647639, 35.80468973], [137.576555, 35.80472333], [137.57677889, 35.80477056], [137.57700972, 35.80481222], [137.57724167, 35.80484333], [137.57751889, 35.80486973], [137.57802084, 35.80487944], [137.57823472, 35.80490473], [137.57839695, 35.80495194], [137.57855, 35.80502445], [137.57871917, 35.80515722], [137.57886916, 35.80527473], [137.57900333, 35.80535916], [137.57912222, 35.80541528], [137.57927667, 35.80545583], [137.57946833, 35.80548556], [137.57959027, 35.80549528], [137.57964445, 35.80547667], [137.57966445, 35.80545778], [137.58009362, 35.80550305], [137.58011111, 35.80554805], [137.58020333, 35.80558445], [137.58025194, 35.80563805], [137.5802925, 35.80566222], [137.58039944, 35.80565556], [137.58048194, 35.80567556], [137.58057138, 35.80564805], [137.5806375, 35.80566222], [137.58077555, 35.80563917], [137.58083111, 35.80564583], [137.58095278, 35.8056975], [137.58100694, 35.80566889], [137.58129917, 35.80582583], [137.58161667, 35.80595778], [137.58248695, 35.80634722], [137.58338084, 35.80663722], [137.58385583, 35.80675167], [137.58424167, 35.80678611], [137.58448639, 35.80683583], [137.58491917, 35.80690834], [137.58535195, 35.80703806], [137.58575167, 35.80718306], [137.58605277, 35.80731666], [137.58648083, 35.80751916], [137.58675833, 35.80769862], [137.58708306, 35.80794666], [137.58735139, 35.80816417], [137.58764278, 35.80847723], [137.58783556, 35.80875195], [137.58780667, 35.80880444], [137.58779583, 35.80892944], [137.58784028, 35.80908417], [137.58787167, 35.80919195], [137.58791305, 35.80927195], [137.58800972, 35.80945834], [137.58806611, 35.809645], [137.588085, 35.80982444], [137.588095, 35.81001389], [137.58805194, 35.81018722], [137.58798139, 35.81032139], [137.58798139, 35.81048055], [137.58803666, 35.81060334], [137.58816, 35.81068472], [137.58835778, 35.81077889], [137.588425, 35.81086695], [137.58845611, 35.81096139], [137.58846612, 35.81122555], [137.58849889, 35.81135139], [137.58856472, 35.81140861], [137.5886825, 35.81142027], [137.58886584, 35.81141639], [137.58892973, 35.811385], [137.58907306, 35.81124083], [137.58914833, 35.81117195], [137.58937889, 35.81105361], [137.58951139, 35.81097333], [137.58954778, 35.81093139], [137.5895575, 35.81088], [137.58958444, 35.81077139], [137.58963306, 35.8107], [137.58970222, 35.81061889], [137.58974416, 35.81053638], [137.58974944, 35.81045195], [137.58971694, 35.81030917], [137.58972111, 35.810005], [137.58976972, 35.80989112], [137.58985833, 35.80980945], [137.58992416, 35.80977889], [137.58996333, 35.80979139], [137.58999472, 35.80988972], [137.59006056, 35.81002694], [137.59016361, 35.81017083], [137.59023, 35.81030917], [137.590265, 35.81041583], [137.59031, 35.81047723], [137.59037111, 35.81053834], [137.59058833, 35.81061444], [137.59081806, 35.81066055], [137.59091694, 35.81065667], [137.59107694, 35.81063361], [137.59123694, 35.81056111], [137.5913875, 35.8105], [137.5915475, 35.81043361], [137.59170861, 35.81033139], [137.59189527, 35.81018361], [137.59206166, 35.81012278], [137.59222417, 35.81008889], [137.59235667, 35.81008556], [137.59247861, 35.81008805], [137.59282222, 35.81013389], [137.59301973, 35.81015306], [137.59332972, 35.81017556], [137.59349472, 35.8101875], [137.59361694, 35.81021777], [137.59394639, 35.81032472], [137.59419556, 35.81037444], [137.59434166, 35.81036667], [137.594445, 35.81033611], [137.59485444, 35.81055778], [137.59542805, 35.810695], [137.59545222, 35.81083195], [137.59554694, 35.81089028], [137.59559972, 35.81091556], [137.59567417, 35.81090111], [137.59573777, 35.81096722], [137.59580944, 35.81098805], [137.59588111, 35.81099444], [137.59594472, 35.81095833], [137.596015, 35.81103416], [137.59611027, 35.81103861], [137.59616195, 35.81103111], [137.59640667, 35.81121806], [137.59637639, 35.81129416], [137.59639666, 35.81134139], [137.59633306, 35.81137667], [137.59630472, 35.811425], [137.59632667, 35.81148528], [137.59638305, 35.81153361], [137.59639388, 35.81159278], [137.59643723, 35.81162473], [137.59649, 35.81164778], [137.59655777, 35.81162584], [137.59664973, 35.81166528], [137.59699889, 35.81200861], [137.59706389, 35.8120525], [137.59713111, 35.81207667], [137.59723444, 35.81206528], [137.59729083, 35.81210723], [137.59765334, 35.81238583], [137.597945, 35.81269139], [137.59812833, 35.81287083], [137.59828833, 35.81307306], [137.59839666, 35.8132525], [137.59851417, 35.81347777], [137.59869778, 35.81377916], [137.59890944, 35.81402361], [137.59894223, 35.81419139], [137.59900361, 35.81435556], [137.59910222, 35.81443194], [137.59928111, 35.81456556], [137.59951389, 35.81482362], [137.59955305, 35.81484666], [137.59976056, 35.8151075], [137.60001944, 35.81539361], [137.60020278, 35.81549666], [137.60032528, 35.81555778], [137.6006875, 35.81568], [137.60100278, 35.81577916], [137.60117195, 35.81585555], [137.60137417, 35.81593583], [137.6016375, 35.81609972], [137.60196222, 35.81629084], [137.60254084, 35.81668389], [137.60297834, 35.81703889], [137.60340639, 35.81745111], [137.60372973, 35.81795], [137.60394722, 35.81833306], [137.60457972, 35.8197025], [137.60481777, 35.82021861], [137.60494639, 35.82057028], [137.60496556, 35.82069194], [137.60497972, 35.8209275], [137.60494945, 35.82103167], [137.60488362, 35.82114611], [137.60473305, 35.82137889], [137.60468638, 35.82138583], [137.60461084, 35.82142472], [137.60454889, 35.82151], [137.60451195, 35.82177972], [137.60448, 35.82191222], [137.60446972, 35.82210667], [137.60444139, 35.82224139], [137.60437472, 35.82233333], [137.60422889, 35.82247472], [137.60409722, 35.82257639], [137.60400028, 35.82271278], [137.60394361, 35.822855], [137.60391111, 35.82298139], [137.60391, 35.82311861], [137.60390694, 35.82325805], [137.60384861, 35.8234325], [137.60373639, 35.82366861], [137.60328889, 35.82388556], [137.60296942194876, 35.82406538605091], [137.609339, 35.830254], [137.60536, 35.834341], [137.607573, 35.839382], [137.611441, 35.839244], [137.61817, 35.832396], [137.617624, 35.825847], [137.613112, 35.817891], [137.60802, 35.816989], [137.605698, 35.802944], [137.607647, 35.794708], [137.61247, 35.794579], [137.625217, 35.796829], [137.622482, 35.790571]], [[137.36371639, 35.82847944], [137.36422083, 35.82842], [137.36450639, 35.82832333], [137.36455945, 35.82817778], [137.36473222, 35.82811861], [137.36508445, 35.82803223], [137.36542306, 35.82794056], [137.36574194, 35.82778972], [137.3659875, 35.82760638], [137.36610056, 35.82747722], [137.36626, 35.82735306], [137.36651917, 35.82734778], [137.36665861, 35.82727777], [137.36678472, 35.82724], [137.36713028, 35.82732083], [137.36758861, 35.8274825], [137.36786111, 35.82747194], [137.36833944, 35.82755278], [137.36839584, 35.82749472], [137.36843917, 35.82745055], [137.36849222, 35.82717556], [137.36860527, 35.82706778], [137.36851889, 35.82696528], [137.36831945, 35.82690611], [137.36802722, 35.82671195], [137.36785444, 35.8265125], [137.36758195, 35.82633473], [137.36740945, 35.82604361], [137.36719, 35.82579028], [137.36686473, 35.8252675], [137.3665725, 35.82503555], [137.36639306, 35.82484167], [137.36604111, 35.82470139], [137.36597472, 35.82461528], [137.36596139, 35.82422167], [137.36586166, 35.82400084], [137.36549638, 35.82371527], [137.36493861, 35.82321944], [137.36483889, 35.82296056], [137.36463944, 35.82266973], [137.36438695, 35.82233], [137.36419444, 35.82195806], [137.36406806, 35.82131139], [137.3638225, 35.82054611], [137.36380917, 35.82040056], [137.36368306, 35.82007722], [137.36367667, 35.81993334], [137.36375611, 35.81979694], [137.36381611, 35.81986695], [137.36381611, 35.82005027], [137.36393528, 35.82027111], [137.36402667, 35.82027723], [137.36405278, 35.82012722], [137.36416722, 35.82007222], [137.3642475, 35.82016889], [137.36429417, 35.8201525], [137.36436056, 35.81992084], [137.36440694, 35.81994778], [137.36448, 35.82014194], [137.36446027, 35.82038445], [137.36441361, 35.82056222], [137.36443055, 35.82064889], [137.36445361, 35.82076722], [137.36454, 35.82083722], [137.36469944, 35.82082639], [137.36476584, 35.820875], [137.36479889, 35.82099888], [137.36473916, 35.82110111], [137.36473472, 35.82118362], [137.36479556, 35.82120556], [137.36485667, 35.82119445], [137.36494473, 35.82105194], [137.36506639, 35.82104083], [137.36517472, 35.82089805], [137.36525612, 35.82093666], [137.36551333, 35.82138139], [137.36560806, 35.82144722], [137.36583833, 35.82148583], [137.36608194, 35.82145834], [137.36621083, 35.82157389], [137.36641362, 35.82168361], [137.36669111, 35.82173861], [137.36685361, 35.82182639], [137.36696195, 35.82200195], [137.36710417, 35.82207889], [137.36728027, 35.82211722], [137.3677675, 35.82208472], [137.36805195, 35.82205167], [137.368255, 35.82206834], [137.36835, 35.82211222], [137.36849889, 35.82231528], [137.36863417, 35.82245278], [137.36876277, 35.82248555], [137.3688575, 35.82254611], [137.3688575, 35.8226175], [137.368925, 35.822645], [137.36906055, 35.82263389], [137.36912834, 35.82266138], [137.36916889, 35.82278223], [137.3691825, 35.82297972], [137.36928388, 35.82311167], [137.36948028, 35.8231775], [137.36975112, 35.82318333], [137.37021139, 35.82345778], [137.37040111, 35.82346361], [137.37090222, 35.82397417], [137.37118611, 35.82416639], [137.37172778, 35.82433112], [137.37180222, 35.82457278], [137.37186861, 35.8246975], [137.37197833, 35.82502278], [137.37208611, 35.8251975], [137.37211805, 35.82524916], [137.3721975, 35.82536723], [137.37232445, 35.82548695], [137.37242222, 35.82559722], [137.37254472, 35.82563778], [137.37268556, 35.82573556], [137.37279055, 35.82576889], [137.37304583, 35.82583084], [137.37319805, 35.82585916], [137.37323944, 35.82587028], [137.37335722, 35.82591611], [137.37354334, 35.82589389], [137.37366361, 35.82586444], [137.37373194, 35.82585695], [137.37389973, 35.82585889], [137.37406556, 35.82585334], [137.37415416, 35.82581639], [137.37424722, 35.82571889], [137.37434028, 35.82560083], [137.37434695, 35.82548111], [137.37434472, 35.82540027], [137.37430166, 35.82525111], [137.37426305, 35.82516083], [137.37428361, 35.82512194], [137.37432667, 35.82512389], [137.37437945, 35.82514389], [137.37443472, 35.82518889], [137.37449694, 35.82531278], [137.37457306, 35.82549305], [137.37462833, 35.82558305], [137.37464889, 35.82565055], [137.37461445, 35.82570694], [137.37461445, 35.82580278], [137.37460139, 35.82587722], [137.37455361, 35.82595833], [137.37449, 35.82605611], [137.37439028, 35.82616834], [137.37432667, 35.82628445], [137.374245, 35.82645], [137.37422001, 35.82654583], [137.37421306, 35.8267725], [137.37425611, 35.82690694], [137.3743675, 35.82704334], [137.37442639, 35.82714277], [137.37452194, 35.82725139], [137.37461445, 35.82728973], [137.37470583, 35.82730305], [137.37481472, 35.82731584], [137.37496667, 35.82734028], [137.37506222, 35.8273675], [137.37518056, 35.82734028], [137.37525666, 35.82730083], [137.37547083, 35.82713194], [137.37557444, 35.82703611], [137.3760375, 35.82654055], [137.37623556, 35.82635805], [137.37638972, 35.82623083], [137.37643833, 35.8262025], [137.37660333, 35.82618667], [137.37679556, 35.82617416], [137.37685972, 35.82617], [137.37721889, 35.82608444], [137.37746361, 35.82609084], [137.37757945, 35.82608527], [137.37772027, 35.82604111], [137.37781111, 35.82602639], [137.37797222, 35.82606139], [137.37808278, 35.82607861], [137.37819472, 35.82609445], [137.37835139, 35.82613695], [137.37852389, 35.82610195], [137.37869861, 35.82606306], [137.37887139, 35.82601528], [137.37898083, 35.82597722], [137.37901555, 35.82596083], [137.37927306, 35.8259475], [137.3794025, 35.82590861], [137.37949778, 35.82587555], [137.37963027, 35.825865], [137.37969917, 35.82589861], [137.37980972, 35.82598889], [137.37986306, 35.82602472], [137.379955, 35.82602833], [137.38003333, 35.82607083], [137.38009472, 35.82615722], [137.38023528, 35.82615722], [137.38038972, 35.82615194], [137.38050556, 35.82613889], [137.38058055, 35.82613334], [137.38068723, 35.82612417], [137.38083028, 35.82618305], [137.38106861, 35.82616278], [137.38108223, 35.82615194], [137.38096861, 35.82606333], [137.38096416, 35.82603222], [137.38101417, 35.8259475], [137.38103667, 35.82584778], [137.38104667, 35.82572972], [137.38107417, 35.82569028], [137.38110889, 35.82567334], [137.38115722, 35.82560584], [137.38116417, 35.82558334], [137.38119861, 35.82549889], [137.38133861, 35.82535805], [137.38147945, 35.82537278], [137.38155889, 35.82536527], [137.38174972, 35.82533028], [137.38178139, 35.82540027], [137.38175306, 35.82546528], [137.381695, 35.82551638], [137.38167694, 35.82558639], [137.38173611, 35.82567472], [137.38179722, 35.82572445], [137.38193361, 35.8258275], [137.38206528, 35.82590861], [137.38216278, 35.82594555], [137.38230139, 35.82593639], [137.38247611, 35.8258975], [137.38262361, 35.82586083], [137.38274861, 35.82583139], [137.38289139, 35.82576916], [137.382995, 35.82572416], [137.38314361, 35.82565084], [137.38352917, 35.82552], [137.38362444, 35.82547777], [137.38367888, 35.82543889], [137.3837175, 35.82535417], [137.38375834, 35.82530806], [137.38385389, 35.82529889], [137.38397861, 35.82525473], [137.38412055, 35.82515473], [137.38424194, 35.8251], [137.38432612, 35.82505389], [137.38443056, 35.82493417], [137.38450806, 35.82487361], [137.38456667, 35.82484583], [137.3846575, 35.82484028], [137.38487084, 35.82484583], [137.38495944, 35.82483278], [137.38505917, 35.82477027], [137.38514777, 35.82470583], [137.38524305, 35.82459722], [137.38534083, 35.82450333], [137.38537112, 35.82439111], [137.38538834, 35.82432667], [137.38543833, 35.82422361], [137.3854475, 35.82411861], [137.38541305, 35.82396722], [137.38544778, 35.82393334], [137.38550305, 35.82392222], [137.38560861, 35.82396361], [137.38572223, 35.823995], [137.38583805, 35.82397473], [137.38591056, 35.82392333], [137.38603778, 35.82383111], [137.38621944, 35.82375], [137.38638277, 35.82364694], [137.38647583, 35.82354861], [137.38650333, 35.823515], [137.38668694, 35.823435], [137.38688, 35.82330972], [137.38697472, 35.82318445], [137.38713889, 35.8230225], [137.38719112, 35.82295611], [137.38725445, 35.82285862], [137.38725222, 35.8228125], [137.38721834, 35.82272028], [137.38722055, 35.82249555], [137.38725111, 35.82246917], [137.38730917, 35.82246055], [137.38744083, 35.82246445], [137.387595, 35.82247722], [137.38771389, 35.82251417], [137.38780389, 35.82249194], [137.38798334, 35.82238334], [137.38809, 35.82230944], [137.38826027, 35.82218611], [137.38833528, 35.82208888], [137.38838972, 35.82193778], [137.38843944, 35.82188916], [137.38848944, 35.82185666], [137.38866667, 35.82186223], [137.38875972, 35.82182917], [137.38880278, 35.82175722], [137.38883222, 35.821715], [137.38894139, 35.82162083], [137.38909333, 35.82154917], [137.38918417, 35.82145694], [137.389225, 35.82134834], [137.38924778, 35.82124139], [137.38927945, 35.82102222], [137.38931, 35.82096], [137.3894, 35.82096], [137.38945444, 35.82097444], [137.3895175, 35.82098805], [137.38957278, 35.821005], [137.38964861, 35.82104444], [137.38969695, 35.82107805], [137.38976611, 35.82114], [137.38978695, 35.82117389], [137.38984944, 35.82124528], [137.38993556, 35.82132056], [137.39000805, 35.82138222], [137.39004944, 35.82141611], [137.39010361, 35.821455], [137.39017528, 35.82151861], [137.39019722, 35.82154416], [137.3903875, 35.821595], [137.39044417, 35.82162639], [137.39051, 35.82169444], [137.39062584, 35.82172778], [137.39073333, 35.82172028], [137.39085777, 35.82174278], [137.39096138, 35.82178778], [137.39100473, 35.82186584], [137.39106833, 35.82195417], [137.39118861, 35.82202806], [137.39128166, 35.8220575], [137.39133389, 35.82211639], [137.39136889, 35.82218778], [137.39153361, 35.8222675], [137.39186055, 35.82233194], [137.39205111, 35.82231167], [137.39216916, 35.82231722], [137.39224639, 35.82228028], [137.39236916, 35.82221028], [137.39243945, 35.82223611], [137.39253472, 35.82223805], [137.39268167, 35.82217639], [137.39273, 35.82217083], [137.39273, 35.82215389], [137.39277833, 35.8220975], [137.39281972, 35.822075], [137.39289167, 35.822075], [137.39293723, 35.822075], [137.39297194, 35.8220975], [137.39299945, 35.82213695], [137.39308194, 35.82215333], [137.39313777, 35.82215389], [137.39335667, 35.82216805], [137.39338639, 35.82219333], [137.39342028, 35.82221778], [137.39349278, 35.82223972], [137.39358361, 35.82225834], [137.39373195, 35.82237917], [137.39386973, 35.82246445], [137.39404666, 35.82255111], [137.39411222, 35.82261917], [137.39416, 35.82269667], [137.39422361, 35.82277945], [137.39431889, 35.82286806], [137.39437417, 35.82295945], [137.39437778, 35.82301889], [137.39438472, 35.82305778], [137.39442334, 35.82311084], [137.39450055, 35.82316972], [137.39454361, 35.82318806], [137.39463222, 35.82323056], [137.39442305, 35.82347973], [137.3940825, 35.8238175], [137.39302694, 35.82482889], [137.39293639, 35.82487056], [137.39289528, 35.82487056], [137.392825, 35.82486584], [137.39274278, 35.82485027], [137.39266362, 35.82483361], [137.39258472, 35.824795], [137.39246556, 35.82475222], [137.39240694, 35.82473111], [137.39230583, 35.82473944], [137.39217695, 35.82481195], [137.39206972, 35.82487167], [137.39197695, 35.82489083], [137.39190555, 35.82489417], [137.39183389, 35.82489195], [137.39178973, 35.82488473], [137.3916975, 35.82484417], [137.39165639, 35.82477778], [137.39154861, 35.82472195], [137.39146556, 35.82471055], [137.39140111, 35.82471944], [137.39134111, 35.82474305], [137.39125584, 35.82483111], [137.39112389, 35.82493361], [137.39096556, 35.82507166], [137.39090389, 35.82509306], [137.39078084, 35.82509889], [137.39069138, 35.82512027], [137.39065028, 35.82514889], [137.39060611, 35.82521916], [137.39060611, 35.82527861], [137.39062083, 35.8254025], [137.39064722, 35.82545361], [137.3907075, 35.82549639], [137.39077333, 35.8255225], [137.39081306, 35.82555361], [137.39084667, 35.82562222], [137.39084834, 35.82567833], [137.39096556, 35.82568889], [137.39102723, 35.82566167], [137.39111667, 35.82565084], [137.39120166, 35.82567472], [137.39125417, 35.82570805], [137.39134361, 35.82579361], [137.39138028, 35.82591278], [137.39147222, 35.82611833], [137.39151361, 35.82622528], [137.39154611, 35.82647194], [137.39161722, 35.82654084], [137.39165889, 35.82660277], [137.39169334, 35.82665917], [137.39176944, 35.82677722], [137.39184527, 35.8269125], [137.39186612, 35.82696889], [137.39187472, 35.82704194], [137.3918525, 35.82709305], [137.39182778, 35.82725389], [137.39184527, 35.82739889], [137.39191139, 35.8275025], [137.39207695, 35.82761333], [137.39228389, 35.82771195], [137.39243056, 35.82780723], [137.39246139, 35.82784417], [137.39249806, 35.82789639], [137.39249944, 35.82798917], [137.392495, 35.82802861], [137.39246277, 35.828175], [137.39248028, 35.82828194], [137.39250389, 35.82834389], [137.39256834, 35.82846639], [137.39264306, 35.82856055], [137.39268111, 35.82862472], [137.39270194, 35.82869222], [137.39269722, 35.82882583], [137.3927, 35.82897083], [137.39274111, 35.82907778], [137.39284, 35.82924389], [137.39296445, 35.82941306], [137.39306806, 35.8295825], [137.39317805, 35.82974556], [137.39320472, 35.82980972], [137.39321472, 35.82991694], [137.39323389, 35.830125], [137.39326778, 35.83023444], [137.39339222, 35.83059277], [137.39344361, 35.83070583], [137.39352417, 35.83095611], [137.39355361, 35.8311175], [137.39361528, 35.83126389], [137.39367222, 35.8314275], [137.39373139, 35.83159833], [137.39373834, 35.83164889], [137.39377973, 35.83174472], [137.39380056, 35.83182333], [137.39380722, 35.83203722], [137.39382805, 35.83212167], [137.39391112, 35.83230194], [137.39397305, 35.83239194], [137.39398695, 35.83240333], [137.3940075, 35.83245389], [137.39402805, 35.83256111], [137.394035, 35.83278056], [137.39404889, 35.83280333], [137.39404889, 35.83283695], [137.39407667, 35.83293278], [137.39411805, 35.83306222], [137.394125, 35.83309612], [137.3941525, 35.83316362], [137.39421472, 35.8332875], [137.39427, 35.83340027], [137.39431139, 35.83347334], [137.39433222, 35.83352972], [137.39433917, 35.83356361], [137.39435972, 35.83360861], [137.39437361, 35.83364806], [137.39439445, 35.83389583], [137.39444972, 35.83410973], [137.39445667, 35.834155], [137.39451194, 35.83443639], [137.3945325, 35.83449278], [137.39453945, 35.83452667], [137.39458084, 35.83462778], [137.3946225, 35.83468972], [137.39467084, 35.83477972], [137.39468445, 35.83479667], [137.39469138, 35.83480806], [137.39490555, 35.83499389], [137.3949125, 35.835005], [137.3950025, 35.83509528], [137.39512, 35.83517972], [137.39516139, 35.83519666], [137.39518889, 35.83521916], [137.3953825, 35.83529222], [137.39545139, 35.835315], [137.39553444, 35.83536556], [137.39554139, 35.83537695], [137.39554834, 35.83538806], [137.39557583, 35.83539361], [137.39567249, 35.8354275], [137.39572112, 35.8354275], [137.3957625, 35.83543306], [137.39581083, 35.83544445], [137.39582473, 35.83545556], [137.39584527, 35.83545556], [137.39588, 35.8354725], [137.39591444, 35.83548388], [137.39602472, 35.83554583], [137.39612139, 35.83556833], [137.3961975, 35.83556833], [137.39625972, 35.83557388], [137.3963425, 35.83559638], [137.39641861, 35.83563028], [137.39646694, 35.83564139], [137.39650138, 35.83565833], [137.39658445, 35.83568667], [137.396605, 35.83568667], [137.39666723, 35.83570917], [137.39677777, 35.83572612], [137.39682611, 35.83573722], [137.39684, 35.83573722], [137.39697139, 35.83575972], [137.39700583, 35.83574862], [137.39701278, 35.83575972], [137.39715111, 35.83575972], [137.39724083, 35.83578222], [137.39730305, 35.83578805], [137.39739278, 35.83581611], [137.39748278, 35.83585555], [137.39750334, 35.83587805], [137.39753111, 35.83588944], [137.39762083, 35.83594], [137.39773834, 35.83603027], [137.39780751, 35.83609222], [137.39786278, 35.83620472], [137.39789722, 35.83628917], [137.39793166, 35.83634556], [137.39798695, 35.83634556], [137.39805611, 35.83630056], [137.3981875, 35.83626667], [137.39829806, 35.83627222], [137.39834639, 35.83628917], [137.39836694, 35.83628361], [137.39854667, 35.83627806], [137.39892667, 35.83627806], [137.39912028, 35.83627222], [137.39926528, 35.83627222], [137.39932056, 35.83628361], [137.39936889, 35.83629472], [137.39984195, 35.83638944], [137.40054389, 35.83644389], [137.40064166, 35.83649889], [137.40063667, 35.83657555], [137.40057084, 35.83668473], [137.40042778, 35.83685167], [137.40033361, 35.83691222], [137.40012416, 35.8370025], [137.39983, 35.83710944], [137.39970334, 35.83711778], [137.39949028, 35.83697361], [137.39931777, 35.83694083], [137.39885639, 35.83702305], [137.39841, 35.83696945], [137.39818694, 35.8370025], [137.39808528, 35.83698611], [137.39800417, 35.83705583], [137.39799916, 35.83722056], [137.39807027, 35.83743444], [137.39821222, 35.83756611], [137.39830861, 35.8376075], [137.39848611, 35.837595], [137.39871417, 35.83741389], [137.39881584, 35.83737278], [137.39889695, 35.83736472], [137.39908444, 35.8373975], [137.39926194, 35.83753333], [137.3992975, 35.83768972], [137.39925695, 35.83807667], [137.39926194, 35.83871416], [137.39917056, 35.83916278], [137.39902861, 35.83933139], [137.39892195, 35.83940555], [137.39884084, 35.83943834], [137.39860278, 35.83937666], [137.39848111, 35.83924083], [137.39846083, 35.83905556], [137.39842528, 35.83867306], [137.39844555, 35.8385125], [137.398405, 35.83839306], [137.39832389, 35.8383725], [137.39795861, 35.83835611], [137.39747667, 35.83837666], [137.39739055, 35.83832722], [137.39732445, 35.83822861], [137.39711166, 35.83814611], [137.39695944, 35.83807611], [137.39688833, 35.83773917], [137.3968275, 35.83765666], [137.39668556, 35.83761972], [137.39620861, 35.8376075], [137.39604639, 35.83752917], [137.39592473, 35.83743055], [137.39557972, 35.83694889], [137.39546834, 35.83688306], [137.39498667, 35.83674722], [137.39479389, 35.83661972], [137.39457583, 35.83656611], [137.39451499, 35.83649861], [137.39442194, 35.83642444], [137.39433222, 35.83636806], [137.39411805, 35.83625556], [137.39379334, 35.83609777], [137.39343389, 35.83585], [137.39326111, 35.83570362], [137.3932275, 35.83567833], [137.39308861, 35.83557388], [137.39288111, 35.83537111], [137.39259111, 35.83511222], [137.39248723, 35.83498834], [137.39226611, 35.83477972], [137.39216972, 35.83465583], [137.39214917, 35.83462222], [137.39207305, 35.83450945], [137.39203861, 35.8344475], [137.39200389, 35.83441361], [137.39196944, 35.83438], [137.39187278, 35.83434055], [137.39181056, 35.83431223], [137.39173444, 35.83425028], [137.39166527, 35.83418278], [137.39163083, 35.83409278], [137.39161695, 35.83394611], [137.39164473, 35.83392361], [137.39167222, 35.83387861], [137.39163083, 35.83382222], [137.39160334, 35.83376056], [137.39159639, 35.83368194], [137.39154805, 35.83358056], [137.39147889, 35.83343972], [137.39135444, 35.83322], [137.39130611, 35.83312417], [137.39123695, 35.83302862], [137.39113333, 35.83282], [137.39105055, 35.83262306], [137.39096055, 35.83245389], [137.39091916, 35.8323525], [137.39083611, 35.83222861], [137.39079472, 35.83214417], [137.39067723, 35.83174445], [137.39064972, 35.83167111], [137.39064972, 35.83163723], [137.39056, 35.83135], [137.39054639, 35.83122056], [137.39052555, 35.83115306], [137.39051167, 35.83106277], [137.39048416, 35.83102334], [137.39043583, 35.83096167], [137.39030445, 35.83086028], [137.39028389, 35.83083778], [137.39029055, 35.83078722], [137.39031833, 35.83068584], [137.39034584, 35.83062944], [137.39037361, 35.830545], [137.39037361, 35.83040972], [137.39033222, 35.83034778], [137.39026306, 35.83030278], [137.39020778, 35.83027472], [137.39012472, 35.83022388], [137.38999361, 35.8301675], [137.38983473, 35.83006056], [137.3898, 35.83002111], [137.3897725, 35.82995916], [137.38974473, 35.82986361], [137.38967583, 35.82975083], [137.38959973, 35.8296325], [137.38957222, 35.82958194], [137.38955139, 35.82949167], [137.38951, 35.82937361], [137.38949611, 35.82928334], [137.38948917, 35.8290975], [137.3893925, 35.82888361], [137.38935778, 35.82879333], [137.38930944, 35.82873694], [137.38918528, 35.82864694], [137.38904, 35.82854], [137.38902611, 35.8285175], [137.38903306, 35.82847806], [137.38904694, 35.82845556], [137.38905389, 35.82841611], [137.38907472, 35.82836528], [137.38901945, 35.82827], [137.38894333, 35.82814584], [137.38890889, 35.82811222], [137.38888111, 35.82810084], [137.38883972, 35.82807278], [137.38881194, 35.82806139], [137.38871555, 35.82799389], [137.38867861, 35.82796361], [137.38862584, 35.82792055], [137.3885775, 35.82784194], [137.38852917, 35.82770111], [137.3884875, 35.82764472], [137.38832167, 35.82749833], [137.38829417, 35.82748695], [137.38821111, 35.82740806], [137.38818361, 35.82736306], [137.38813528, 35.82726166], [137.38808695, 35.82719416], [137.38804528, 35.82714916], [137.38798305, 35.82705889], [137.38791417, 35.82699694], [137.38785195, 35.82692944], [137.38780361, 35.82689], [137.38771361, 35.82687306], [137.38763778, 35.82689], [137.38761, 35.82689], [137.387465, 35.82690694], [137.38740972, 35.82690694], [137.38716778, 35.82696889], [137.38705028, 35.82699139], [137.38693306, 35.82708723], [137.38685, 35.82712083], [137.38672555, 35.82713778], [137.38664277, 35.82713778], [137.38656667, 35.82717723], [137.38647, 35.82722805], [137.38631111, 35.82723361], [137.38624194, 35.82728416], [137.38619361, 35.82730666], [137.38615222, 35.827335], [137.38612444, 35.827335], [137.38606917, 35.8273575], [137.38604167, 35.82737445], [137.38595861, 35.82740806], [137.38586889, 35.82751528], [137.38580666, 35.82754333], [137.38578583, 35.82754889], [137.38568917, 35.82756028], [137.38566166, 35.82756028], [137.38561334, 35.82762195], [137.38561334, 35.82767833], [137.38559944, 35.82774028], [137.38557861, 35.82777388], [137.38539222, 35.82781917], [137.38534361, 35.82782472], [137.38530917, 35.82783028], [137.3852125, 35.82785278], [137.38511583, 35.82785833], [137.38501222, 35.82789222], [137.38497056, 35.82789778], [137.38491528, 35.82792028], [137.38486694, 35.82793167], [137.38465277, 35.8280275], [137.3845975, 35.82804444], [137.38450084, 35.82808944], [137.38441777, 35.82815139], [137.38441084, 35.82816834], [137.38439723, 35.82817944], [137.38438333, 35.82821334], [137.3843075, 35.82828084], [137.38426611, 35.82829778], [137.38410722, 35.82829778], [137.38406583, 35.82825278], [137.38393444, 35.82819639], [137.38387917, 35.828185], [137.38385861, 35.82817389], [137.38375473, 35.828185], [137.38367888, 35.82820778], [137.38365805, 35.82820778], [137.38351305, 35.82824694], [137.38345083, 35.82829778], [137.38338166, 35.82830889], [137.38318139, 35.82828639], [137.38309139, 35.82831472], [137.38304306, 35.82832584], [137.38300167, 35.82834278], [137.382905, 35.82837666], [137.38285667, 35.82839916], [137.38272528, 35.82841611], [137.38255945, 35.82842722], [137.38251806, 35.82843861], [137.38224861, 35.82844416], [137.38217945, 35.82845556], [137.38201361, 35.82848361], [137.38191, 35.82852306], [137.38184778, 35.82854], [137.38179944, 35.82855694], [137.38168889, 35.82857361], [137.38161278, 35.82860194], [137.38144027, 35.82862444], [137.38130889, 35.82863], [137.3811775, 35.82865833], [137.38111528, 35.82868083], [137.38089417, 35.82870333], [137.3807975, 35.82870333], [137.38065277, 35.82872028], [137.38057667, 35.82874278], [137.38048694, 35.82875972], [137.38037639, 35.82884972], [137.38035555, 35.82887778], [137.38034194, 35.82890028], [137.38030028, 35.82899055], [137.38029333, 35.82901305], [137.38027972, 35.82905222], [137.38027972, 35.82906333], [137.38023806, 35.82917611], [137.38022445, 35.8292325], [137.38020361, 35.8292775], [137.38015528, 35.82941833], [137.38014833, 35.82948027], [137.38014139, 35.82948027], [137.38011389, 35.82954777], [137.38008611, 35.82964917], [137.38005167, 35.82969417], [137.38000528, 35.82971583], [137.38000333, 35.82971667], [137.37998944, 35.8297225], [137.37996861, 35.82973944], [137.37987889, 35.82973944], [137.3798375, 35.82970556], [137.37980972, 35.82960972], [137.37971305, 35.82949722], [137.37965778, 35.82940695], [137.37964389, 35.8293675], [137.37964389, 35.82929445], [137.37958166, 35.82914805], [137.37955417, 35.82910278], [137.37949888, 35.82891694], [137.379485, 35.82883833], [137.37947112, 35.82879333], [137.37946417, 35.828675], [137.37942278, 35.82864139], [137.37938834, 35.82861889], [137.37936056, 35.828585], [137.37925, 35.82856806], [137.37900833, 35.8286075], [137.37881472, 35.82866389], [137.37879416, 35.82868639], [137.37877333, 35.82871417], [137.37870416, 35.82879861], [137.37870416, 35.82881], [137.37865584, 35.82886639], [137.37864194, 35.82893389], [137.37862833, 35.82896194], [137.37862833, 35.82900139], [137.3786075, 35.82904667], [137.37855916, 35.82911417], [137.37850389, 35.82917055], [137.37849694, 35.82919861], [137.37847611, 35.82922667], [137.37847611, 35.82923805], [137.37842777, 35.82931695], [137.37843472, 35.8293675], [137.37848306, 35.82944083], [137.37852472, 35.82948027], [137.37854528, 35.82948583], [137.37858, 35.82954222], [137.37858667, 35.82958722], [137.37858667, 35.82959861], [137.37858, 35.82963222], [137.37856611, 35.82966611], [137.37851777, 35.82973361], [137.37851084, 35.82975611], [137.37849694, 35.8297675], [137.37850389, 35.82981806], [137.37850389, 35.82995333], [137.37847611, 35.82998139], [137.37844862, 35.83000973], [137.3783725, 35.83005473], [137.37832416, 35.83008861], [137.37827584, 35.83015056], [137.37820667, 35.83025195], [137.37814472, 35.83033056], [137.37806861, 35.83040945], [137.37801333, 35.83047138], [137.37788889, 35.83057278], [137.37783361, 35.83065722], [137.37778528, 35.830725], [137.37777139, 35.83077555], [137.37780611, 35.83082055], [137.37780611, 35.8308375], [137.37781972, 35.83086584], [137.37778528, 35.83092194], [137.37775778, 35.83098362], [137.37773695, 35.83102889], [137.37763334, 35.83116389], [137.37746056, 35.83131027], [137.37741222, 35.83143444], [137.37736388, 35.83151889], [137.37736388, 35.83168778], [137.3773775, 35.83173278], [137.3773775, 35.83177778], [137.37735695, 35.83183973], [137.37732917, 35.83191861], [137.37730861, 35.83202555], [137.37728778, 35.83208195], [137.37726695, 35.83227361], [137.37726695, 35.83232417], [137.37726027, 35.83236917], [137.37725334, 35.83243694], [137.37725334, 35.83249306], [137.3772325, 35.83251], [137.37717027, 35.83258333], [137.3770875, 35.83267889], [137.37705972, 35.83278028], [137.37705278, 35.83285916], [137.37701139, 35.83292695], [137.37692167, 35.8330225], [137.3768525, 35.83315778], [137.37681111, 35.83323667], [137.37678333, 35.83337138], [137.37678333, 35.83346167], [137.37676278, 35.83358555], [137.37676278, 35.83367], [137.37674889, 35.83370944], [137.37674889, 35.83391777], [137.37676278, 35.83397972], [137.37679722, 35.83404722], [137.376825, 35.8340925], [137.37683861, 35.83410917], [137.37684556, 35.83413194], [137.37692167, 35.83417694], [137.3769975, 35.83421056], [137.37714972, 35.8342725], [137.37722556, 35.83431194], [137.37725334, 35.83432333], [137.37733612, 35.83436278], [137.37740527, 35.83441916], [137.37743278, 35.83446973], [137.37746056, 35.83453166], [137.37748111, 35.834605], [137.37750166, 35.83465555], [137.37751556, 35.83472333], [137.37757083, 35.83486972], [137.3775775, 35.83492472], [137.37755361, 35.83496166], [137.37753, 35.83497389], [137.37749111, 35.83498333], [137.37742889, 35.83503388], [137.37735278, 35.8350225], [137.3772975, 35.83499445], [137.37718722, 35.83494945], [137.37698695, 35.83480861], [137.37689028, 35.83473528], [137.37669667, 35.83466223], [137.37663444, 35.83464528], [137.37646167, 35.83458889], [137.37640639, 35.83458333], [137.37635111, 35.83457194], [137.3761025, 35.83457778], [137.37597111, 35.83463973], [137.37593667, 35.83466223], [137.37576389, 35.83471861], [137.37556361, 35.83479166], [137.37548056, 35.83484806], [137.37543917, 35.8348875], [137.37542528, 35.83491], [137.37540472, 35.8349325], [137.37540472, 35.83494388], [137.37538389, 35.83499445], [137.37537695, 35.83503388], [137.37536305, 35.83505083], [137.37534944, 35.83508472], [137.37533556, 35.83509583], [137.37532166, 35.83511833], [137.37532166, 35.83512972], [137.37530111, 35.83516333], [137.37524556, 35.83523277], [137.37513778, 35.83528361], [137.37471361, 35.83550417], [137.37462278, 35.83565501], [137.37458527, 35.83582055], [137.37467639, 35.83592944], [137.37466917, 35.83621361], [137.37466195, 35.83649805], [137.37463305, 35.83740194], [137.37475277, 35.83799777], [137.37474139, 35.83819167], [137.37465889, 35.83852195], [137.37444528, 35.83900472], [137.37426305, 35.83916416], [137.37406667, 35.83943445], [137.37393555, 35.8396975], [137.37372778, 35.84025861], [137.37360556, 35.84053361], [137.37346889, 35.84072528], [137.37309305, 35.84100722], [137.37270028, 35.8413325], [137.37239556, 35.84174139], [137.37232723, 35.84178527], [137.3719775, 35.84178972], [137.37158333, 35.84190445], [137.37133445, 35.84194945], [137.37122389, 35.84202833], [137.37107861, 35.84218611], [137.37087111, 35.84242805], [137.37073278, 35.84254055], [137.370705, 35.84255194], [137.37062194, 35.84259694], [137.37057306, 35.84256], [137.37050111, 35.84249805], [137.37067056, 35.84225889], [137.37111222, 35.84170083], [137.37141055, 35.84125111], [137.37154889, 35.84113834], [137.37163862, 35.84107639], [137.37170084, 35.84099195], [137.37183223, 35.84064305], [137.37189138, 35.84051473], [137.3719775, 35.84040639], [137.37207389, 35.84028862], [137.37207944, 35.84022167], [137.37205667, 35.84014083], [137.3719775, 35.84006694], [137.3718325, 35.83998972], [137.37177972, 35.83993972], [137.37173305, 35.83987195], [137.37171556, 35.83983111], [137.37169222, 35.83976], [137.37168639, 35.83967805], [137.37166528, 35.83954889], [137.37163611, 35.83941638], [137.37162055, 35.839295], [137.37157972, 35.8391375], [137.37150972, 35.83895167], [137.37144361, 35.83882861], [137.37138916, 35.83877194], [137.37134861, 35.83872139], [137.37104333, 35.83848027], [137.37100278, 35.83841417], [137.37096195, 35.83831333], [137.37095805, 35.83813972], [137.37097944, 35.83809722], [137.37113389, 35.83789472], [137.37117528, 35.83784972], [137.37123778, 35.837765], [137.3712825, 35.83770472], [137.37128639, 35.837525], [137.37122611, 35.83714972], [137.37121638, 35.83691361], [137.37127666, 35.83649805], [137.37144778, 35.83633805], [137.3714875, 35.8362375], [137.37160055, 35.83595], [137.37192611, 35.835535], [137.37193277, 35.83539472], [137.37175333, 35.83492084], [137.37169361, 35.83468889], [137.37164056, 35.83454889], [137.37165361, 35.83434389], [137.37172666, 35.83411222], [137.37168028, 35.833805], [137.37156722, 35.83368083], [137.37144806, 35.83368083], [137.37126861, 35.833805], [137.37120223, 35.83378333], [137.37115583, 35.83353527], [137.37102277, 35.83331972], [137.37092972, 35.83330916], [137.37084361, 35.83336305], [137.37074389, 35.8336], [137.370385, 35.8337725], [137.37009278, 35.83399333], [137.36976056, 35.834085], [137.36932222, 35.83398806], [137.36845222, 35.8339825], [137.36818639, 35.83398806], [137.36790722, 35.83404194], [137.36755528, 35.83421444], [137.36735583, 35.83428445], [137.36636611, 35.83431111], [137.36576139, 35.83439194], [137.364865, 35.83434888], [137.36484306, 35.83434861], [137.36429361, 35.83434333], [137.36365584, 35.83433805], [137.36287195, 35.83421417], [137.36278556, 35.83427861], [137.36277222, 35.83435944], [137.36270583, 35.8344025], [137.36249972, 35.83447778], [137.36229388, 35.83485528], [137.36206833, 35.83484444], [137.36197527, 35.83492], [137.36187556, 35.83513], [137.36174278, 35.83525944], [137.36158333, 35.83525944], [137.36159667, 35.83514083], [137.36157667, 35.83496834], [137.36165639, 35.83488222], [137.36186222, 35.83475806], [137.36193528, 35.83428389], [137.36198195, 35.83410055], [137.36192861, 35.83392278], [137.36177583, 35.83382055], [137.36141055, 35.83377167], [137.36071305, 35.83342139], [137.36032111, 35.83335139], [137.36008861, 35.83322194], [137.35987611, 35.83311944], [137.35983639, 35.83300084], [137.3599625, 35.83287166], [137.35989611, 35.83274778], [137.35967694, 35.83263472], [137.35957722, 35.83252139], [137.35954389, 35.83233834], [137.35943777, 35.83224111], [137.35930472, 35.83221417], [137.35823527, 35.83228416], [137.35798944, 35.83222472], [137.35790305, 35.83212778], [137.35821528, 35.83212806], [137.35870028, 35.83206333], [137.35900583, 35.83204722], [137.359285, 35.83197166], [137.35935806, 35.83184778], [137.35934472, 35.83176139], [137.35919194, 35.83164278], [137.35896611, 35.831535], [137.35883305, 35.831395], [137.35864722, 35.83138417], [137.3585275, 35.83134111], [137.35848111, 35.83125472], [137.35849444, 35.83120639], [137.35856083, 35.83119556], [137.35865389, 35.83126556], [137.35878, 35.8312925], [137.35881973, 35.83126556], [137.35874, 35.83119556], [137.35876667, 35.83109861], [137.35861361, 35.83104111], [137.35861723, 35.83088805], [137.35874389, 35.8309075], [137.35894639, 35.83107166], [137.35904917, 35.83108861], [137.359135, 35.83102167], [137.35912472, 35.83077972], [137.359225, 35.83078584], [137.35929167, 35.83083445], [137.35949083, 35.83129806], [137.35964361, 35.8313625], [137.35973666, 35.831325], [137.35975, 35.83121695], [137.35980305, 35.83120083], [137.35985611, 35.83123333], [137.35988944, 35.83133028], [137.35998917, 35.83144888], [137.36020833, 35.83152444], [137.360285, 35.83153166], [137.36060694, 35.83156194], [137.3608325, 35.83161583], [137.3608525, 35.83186916], [137.36093889, 35.83197166], [137.36109833, 35.83196083], [137.36123778, 35.83186389], [137.36168306, 35.83174], [137.36175611, 35.83155695], [137.36199528, 35.83162694], [137.3622675, 35.83175111], [137.36238056, 35.83186417], [137.36259306, 35.83214417], [137.36280556, 35.83223584], [137.36303167, 35.83226306], [137.36350972, 35.83218222], [137.36370889, 35.83218222], [137.36413417, 35.83224694], [137.36432, 35.83222528], [137.36449945, 35.83195056], [137.36456584, 35.83196667], [137.36460583, 35.83216611], [137.36468556, 35.83226306], [137.36492472, 35.83232778], [137.36538306, 35.83239778], [137.36570861, 35.83253806], [137.36590138, 35.83255416], [137.3660475, 35.8325325], [137.36620027, 35.83251112], [137.36647223, 35.83260805], [137.36674472, 35.83260805], [137.36699056, 35.83249472], [137.36748222, 35.83240306], [137.36764167, 35.832285], [137.36774778, 35.83226861], [137.36807333, 35.83240889], [137.36829277, 35.83232805], [137.36847861, 35.83233889], [137.36855833, 35.83229028], [137.36869139, 35.83224722], [137.36889722, 35.83226861], [137.36905, 35.83223112], [137.36922278, 35.83204778], [137.36930917, 35.83199389], [137.36941667, 35.83188139], [137.36960778, 35.83168111], [137.36983361, 35.83146556], [137.36996667, 35.83122333], [137.37016583, 35.8309375], [137.37027889, 35.83064111], [137.37021222, 35.83047944], [137.37030528, 35.83030695], [137.37028555, 35.83018833], [137.37033195, 35.83010222], [137.37054445, 35.82996194], [137.37050472, 35.82973556], [137.37059111, 35.82955777], [137.37057805, 35.82948222], [137.37053138, 35.82937973], [137.37039194, 35.82929889], [137.36987389, 35.82920722], [137.36970111, 35.82914277], [137.36962806, 35.82900777], [137.36948194, 35.82894861], [137.36921611, 35.82892167], [137.36895028, 35.82881389], [137.36874444, 35.82869], [137.36857834, 35.8286575], [137.3683725, 35.82867916], [137.36810667, 35.82857139], [137.36786778, 35.82860916], [137.36763528, 35.82857139], [137.36711695, 35.828345], [137.36683805, 35.82826944], [137.36643944, 35.8282425], [137.36626666, 35.82826944], [137.36601417, 35.82836639], [137.36578166, 35.8285175], [137.36562889, 35.82866833], [137.36531667, 35.8287975], [137.36511056, 35.82873806], [137.36465916, 35.82879195], [137.36408777, 35.82871111], [137.36396834, 35.82861417], [137.36376834, 35.82856722], [137.36371639, 35.82847944]]]}, "properties": {"N03_001": "長野県", "N03_002": null, "N03_003": "木曽郡", "N03_004": "王滝村", "N03_005": null, "N03_007": "20429"}}, {"type": "Feature", "geometry": {"type": "Polygon", "coordinates": [[[137.801303, 35.655681], [137.797399, 35.653154], [137.786025, 35.63883], [137.782035, 35.637478], [137.777414, 35.631673], [137.760078, 35.627628], [137.753442, 35.619823], [137.742267, 35.615826], [137.737455, 35.612951], [137.729567, 35.613389], [137.726695, 35.620505], [137.715961, 35.625374], [137.712247, 35.624542], [137.708563, 35.627536], [137.70093, 35.629974], [137.699734, 35.634688], [137.693828, 35.636707], [137.691554, 35.644781], [137.68767, 35.648201], [137.679343, 35.648393], [137.678406, 35.651693], [137.66824, 35.659744], [137.661411, 35.658539], [137.652655, 35.652243], [137.64906, 35.648002], [137.638112, 35.648146], [137.63524, 35.644492], [137.630375, 35.645145], [137.625569, 35.650661], [137.613005, 35.655236], [137.608531, 35.659588], [137.607535, 35.667635], [137.601587, 35.669735], [137.586666, 35.67728], [137.57767, 35.678216], [137.565618, 35.677582], [137.561078, 35.682264], [137.55411, 35.686925], [137.546547, 35.689059], [137.534996, 35.690635], [137.530227, 35.688466], [137.522249, 35.688734], [137.509425, 35.682379], [137.501993, 35.684825], [137.497196, 35.688482], [137.498676, 35.696222], [137.491833, 35.700425], [137.490833, 35.703709], [137.486042, 35.705499], [137.487627, 35.716484], [137.506068, 35.714251], [137.511934, 35.708733], [137.518239, 35.710529], [137.53247, 35.708819], [137.542723, 35.712743], [137.543028, 35.717913], [137.54752, 35.719631], [137.553548, 35.719059], [137.552632, 35.725559], [137.556905, 35.725958], [137.565166, 35.730384], [137.574946, 35.738291], [137.587548, 35.73503], [137.59055, 35.729895], [137.587159, 35.723063], [137.589872, 35.721308], [137.590079, 35.716342], [137.595527, 35.716089], [137.593288, 35.710179], [137.600837, 35.706012], [137.60851, 35.70586], [137.618713, 35.70735], [137.622982, 35.710093], [137.633478, 35.709726], [137.644551, 35.712836], [137.650878, 35.724619], [137.648252, 35.72809], [137.64215, 35.730251], [137.642849, 35.735394], [137.647592, 35.739951], [137.646337, 35.74396], [137.653819, 35.750336], [137.664448, 35.750375], [137.671535, 35.748288], [137.675899, 35.743458], [137.683173, 35.743758], [137.686128, 35.735547], [137.689006, 35.733894], [137.690772, 35.727423], [137.699344, 35.727406], [137.706526, 35.722581], [137.712003, 35.722256], [137.718899, 35.718259], [137.727262, 35.717356], [137.735656, 35.712344], [137.743496, 35.715349], [137.749635, 35.722447], [137.753015, 35.723736], [137.752006, 35.73363], [137.757532, 35.743543], [137.761736, 35.743383], [137.774733, 35.758827], [137.779506, 35.760494], [137.786854, 35.760498], [137.793715, 35.764794], [137.800298, 35.773869], [137.808879, 35.779512], [137.813818, 35.753308], [137.812783, 35.750775], [137.804247, 35.742483], [137.805165, 35.72648], [137.808021, 35.723311], [137.816524, 35.719604], [137.816798, 35.71685], [137.816686, 35.709768], [137.81154, 35.701676], [137.813567, 35.692058], [137.803112, 35.681374], [137.8053, 35.674288], [137.801368, 35.665525], [137.802546, 35.659676], [137.801303, 35.655681]]]}, "properties": {"N03_001": "長野県", "N03_002": null, "N03_003": "木曽郡", "N03_004": "大桑村", "N03_005": null, "N03_007": "20430"}}, {"type": "Feature", "geometry": {"type": "Polygon", "coordinates": [[[137.607192, 36.025346], [137.612938, 36.01842], [137.619025, 36.019243], [137.621637, 36.021938], [137.633142, 36.026769], [137.646908, 36.020412], [137.653828, 36.019032], [137.657205, 36.013416], [137.668219, 36.010445], [137.681547, 36.016778], [137.689413, 36.014472], [137.695545, 36.014566], [137.6976, 36.01088], [137.703821, 36.010116], [137.702913, 36.004449], [137.697758, 35.995694], [137.701008, 35.987033], [137.696593, 35.979013], [137.696201, 35.969231], [137.703848, 35.963723], [137.706218, 35.958012], [137.712281, 35.955855], [137.718245, 35.948525], [137.719791, 35.942193], [137.727654, 35.935354], [137.732997, 35.933757], [137.737827, 35.92963], [137.741512, 35.923932], [137.746403, 35.921797], [137.753389, 35.915385], [137.755291, 35.908152], [137.767722, 35.903575], [137.775074, 35.907304], [137.777881, 35.916362], [137.792196, 35.921725], [137.792454, 35.924217], [137.801382, 35.926455], [137.801184, 35.921908], [137.80672, 35.914514], [137.80436, 35.906297], [137.806568, 35.903411], [137.804685, 35.898678], [137.809956, 35.894884], [137.814583, 35.887578], [137.813332, 35.881961], [137.816132, 35.878562], [137.813493, 35.874443], [137.806524, 35.869582], [137.80832, 35.866167], [137.8064, 35.862416], [137.804395, 35.850386], [137.810137, 35.848077], [137.807749, 35.837455], [137.8059, 35.834279], [137.808653, 35.831087], [137.816216, 35.828742], [137.817331, 35.823352], [137.821402, 35.814873], [137.824097, 35.813124], [137.828295, 35.806176], [137.825365, 35.801033], [137.813348, 35.795531], [137.809707, 35.791338], [137.804647, 35.789541], [137.79686, 35.789036], [137.786106, 35.796188], [137.779219, 35.804768], [137.770317, 35.812053], [137.76096, 35.813125], [137.754737, 35.811736], [137.75031, 35.812639], [137.74518, 35.818739], [137.736248, 35.818296], [137.732927, 35.822569], [137.725971, 35.823061], [137.721015, 35.820526], [137.714002, 35.822054], [137.69692, 35.820101], [137.696616, 35.816203], [137.689993, 35.812098], [137.684794, 35.811994], [137.670387, 35.797967], [137.669796, 35.792238], [137.662662, 35.791934], [137.65781, 35.789712], [137.650527, 35.795484], [137.638375, 35.793383], [137.630841, 35.794477], [137.625217, 35.796829], [137.61247, 35.794579], [137.607647, 35.794708], [137.605698, 35.802944], [137.60802, 35.816989], [137.613112, 35.817891], [137.617624, 35.825847], [137.61817, 35.832396], [137.611441, 35.839244], [137.607573, 35.839382], [137.60536, 35.834341], [137.609339, 35.830254], [137.60296942194876, 35.82406538605091], [137.60289361, 35.82410806], [137.60285333, 35.82412583], [137.60254695, 35.82426166], [137.60230555, 35.82434444], [137.60176167, 35.82461361], [137.60167361, 35.82451194], [137.60155111, 35.82431722], [137.60145305, 35.82409889], [137.60131528, 35.82387083], [137.60122834, 35.82376444], [137.60107445, 35.82368027], [137.60097917, 35.82365389], [137.60085167, 35.82364416], [137.60074862, 35.82367666], [137.60063111, 35.82376083], [137.60062777, 35.82397139], [137.60069694, 35.82440611], [137.60087694, 35.82492], [137.60107639, 35.82543222], [137.60114917, 35.82557334], [137.60127278, 35.82569528], [137.60140778, 35.8257525], [137.60124917, 35.82602778], [137.60113694, 35.8261975], [137.6009675, 35.8261275], [137.60087667, 35.8261975], [137.60074167, 35.82626888], [137.60065695, 35.82629695], [137.60051861, 35.82631334], [137.60008556, 35.82630555], [137.59992862, 35.826275], [137.59967722, 35.82621639], [137.59937639, 35.82611056], [137.59871222, 35.82582806], [137.59854889, 35.82565889], [137.5983075, 35.825415], [137.59821139, 35.82520695], [137.59799333, 35.824645], [137.59790389, 35.82439167], [137.59779444, 35.82416166], [137.59771944, 35.82381611], [137.59769805, 35.82363389], [137.59771416, 35.82323805], [137.59771222, 35.82309667], [137.59764944, 35.82289917], [137.59757, 35.82275695], [137.59727583, 35.82237084], [137.59717389, 35.82216945], [137.59711555, 35.82207166], [137.59705667, 35.82202833], [137.59698723, 35.82202389], [137.59697556, 35.82195806], [137.5969125, 35.82187667], [137.59686611, 35.82187], [137.59685528, 35.82181667], [137.59681111, 35.82176555], [137.59673612, 35.82176695], [137.5966875, 35.82171473], [137.59661333, 35.82170306], [137.59657639, 35.82172028], [137.59654389, 35.82177223], [137.59645833, 35.82186334], [137.59620722, 35.82204972], [137.59615056, 35.82217306], [137.59597639, 35.822345], [137.59591333, 35.82237084], [137.59590111, 35.82234], [137.59601472, 35.82202833], [137.59604167, 35.82177667], [137.59607416, 35.82154583], [137.59612695, 35.82145139], [137.59619666, 35.82140806], [137.59629806, 35.82138639], [137.59660805, 35.82135166], [137.59678945, 35.82129973], [137.59690944, 35.82125556], [137.59696389, 35.82118667], [137.5969625, 35.82109806], [137.59692084, 35.82101889], [137.59682167, 35.82093973], [137.59664, 35.82089639], [137.59648806, 35.82085611], [137.59639444, 35.82081389], [137.59591861, 35.82035417], [137.59577972, 35.82017639], [137.59569389, 35.82002889], [137.59568111, 35.81989611], [137.59568333, 35.81973861], [137.59558722, 35.81935278], [137.59552834, 35.81912278], [137.59551778, 35.81898417], [137.59554472, 35.81878472], [137.59559611, 35.81861805], [137.59566833, 35.81845028], [137.59567805, 35.81830583], [137.59562833, 35.81810278], [137.59553195, 35.81790389], [137.5954375, 35.81771638], [137.59538278, 35.81756556], [137.59537889, 35.81737528], [137.59540027, 35.81722806], [137.59538417, 35.81702], [137.59528666, 35.81681889], [137.59518556, 35.81666917], [137.59509556, 35.81657334], [137.59498861, 35.81647361], [137.59484445, 35.816365], [137.59475889, 35.81627834], [137.59471611, 35.81620028], [137.59459306, 35.81592278], [137.59452361, 35.8157925], [137.59437944, 35.81565389], [137.59425111, 35.81556278], [137.59414417, 35.81551945], [137.59395861, 35.81551611], [137.5937758817064, 35.815330904704766], [137.588286, 35.818547], [137.577749, 35.834122], [137.578754, 35.838681], [137.573365, 35.852678], [137.55884, 35.858927], [137.546181, 35.861463], [137.534554, 35.866543], [137.532394, 35.86602], [137.524657, 35.870434], [137.515125, 35.872626], [137.505262, 35.872296], [137.499677, 35.878943], [137.493957, 35.879992], [137.490561, 35.884275], [137.482865, 35.88895], [137.480747, 35.89302], [137.476169, 35.894017], [137.481932, 35.900528], [137.481098, 35.905755], [137.484456, 35.908631], [137.484215, 35.916103], [137.489328, 35.919822], [137.492423, 35.92533], [137.49775, 35.928819], [137.501877, 35.937612], [137.505572, 35.940621], [137.513593, 35.940961], [137.518884, 35.939734], [137.524519, 35.942464], [137.524258, 35.944961], [137.532557, 35.961617], [137.539859, 35.965611], [137.544266, 35.972376], [137.544953, 35.978222], [137.543458, 35.982871], [137.550161, 35.986891], [137.562233, 35.990085], [137.569114, 35.995694], [137.574705, 35.995689], [137.580817, 36.001365], [137.590296, 36.006541], [137.593964, 36.011853], [137.595837, 36.019211], [137.599494, 36.025936], [137.607192, 36.025346]]]}, "properties": {"N03_001": "長野県", "N03_002": null, "N03_003": "木曽郡", "N03_004": "木曽町", "N03_005": null, "N03_007": "20432"}}, {"type": "Feature", "geometry": {"type": "Polygon", "coordinates": [[[137.98437, 36.466786], [137.995373, 36.472138], [138.005538, 36.480093], [138.009328, 36.479156], [138.021246, 36.484078], [138.033371, 36.484908], [138.039119, 36.487779], [138.046474, 36.494893], [138.051607, 36.492265], [138.060165, 36.49067], [138.073123, 36.49004], [138.073149, 36.485512], [138.075801, 36.480485], [138.087042, 36.477755], [138.084659, 36.474725], [138.078907, 36.471718], [138.067902, 36.46362], [138.061119, 36.456046], [138.053694, 36.45499], [138.053267, 36.450173], [138.049865, 36.445725], [138.050918, 36.437205], [138.056141, 36.435379], [138.056471, 36.432517], [138.053618, 36.419906], [138.046296, 36.424047], [138.04225, 36.429288], [138.035882, 36.428852], [138.029732, 36.433651], [138.026086, 36.433312], [138.020382, 36.436471], [138.01166, 36.436508], [138.007176, 36.440374], [138.010732, 36.443183], [138.009791, 36.452204], [138.003348, 36.458862], [138.00457, 36.465963], [137.998786, 36.467776], [137.993893, 36.461808], [137.989347, 36.460421], [137.977122, 36.460702], [137.98437, 36.466786]], [[138.06746583, 36.48910472], [138.067215, 36.48921167], [138.06704111, 36.48934694], [138.06655333, 36.48985361], [138.06642806, 36.48991556], [138.06618417, 36.4899325], [138.06612833, 36.48988166], [138.06603777, 36.48969611], [138.06597528, 36.48956639], [138.06589861, 36.48933556], [138.065815, 36.48926806], [138.0656825, 36.48923417], [138.06567973, 36.4892325], [138.06564083, 36.48921167], [138.0654875, 36.48904278], [138.06541778, 36.48891889], [138.06540389, 36.48867139], [138.06534111, 36.48847416], [138.0652575, 36.48829973], [138.0652575, 36.48818694], [138.06532722, 36.48795611], [138.06532027, 36.48757917], [138.0652575, 36.48726972], [138.06524361, 36.48724722], [138.06523666, 36.48717944], [138.06536222, 36.48685305], [138.06544555, 36.48666167], [138.06550833, 36.48661638], [138.06557806, 36.48660528], [138.06594722, 36.48661638], [138.06601694, 36.48663888], [138.06610055, 36.48672917], [138.06619111, 36.486915], [138.06624695, 36.48701055], [138.06632334, 36.48705], [138.06649055, 36.48710084], [138.06675528, 36.48714], [138.06694361, 36.48714], [138.06703416, 36.48710639], [138.06716611, 36.487005], [138.06723583, 36.48697694], [138.06734028, 36.48697694], [138.06746583, 36.48702194], [138.06765389, 36.48705555], [138.06784889, 36.48714584], [138.06797417, 36.48717944], [138.06824584, 36.48723584], [138.06839222, 36.48728084], [138.06843417, 36.48732584], [138.068455, 36.48735972], [138.06844112, 36.48744417], [138.06836444, 36.48753417], [138.06816223, 36.48766361], [138.06811361, 36.48773139], [138.06810667, 36.48795083], [138.06798805, 36.48810861], [138.06797417, 36.48814805], [138.06798111, 36.48822083], [138.06819028, 36.48844055], [138.06819028, 36.48855305], [138.06803, 36.48881195], [138.0679325, 36.48893028], [138.06787666, 36.48896417], [138.0677025, 36.48902611], [138.06746583, 36.48910472]], [[138.04773861, 36.48939722], [138.04778722, 36.48916083], [138.04782223, 36.48911028], [138.04816305, 36.48886805], [138.04836528, 36.48885111], [138.04842778, 36.48900305], [138.04855333, 36.48908195], [138.04867861, 36.48913833], [138.04873444, 36.48916639], [138.04887389, 36.48927917], [138.04890167, 36.48933528], [138.04894333, 36.48985861], [138.04887389, 36.48994305], [138.04885278, 36.48995444], [138.04871361, 36.48995444], [138.04862305, 36.48993194], [138.04845584, 36.48992639], [138.04812139, 36.48999944], [138.04793333, 36.49007278], [138.04775944, 36.49010639], [138.04769666, 36.49010084], [138.04764805, 36.49004444], [138.04773167, 36.48993194], [138.04778722, 36.48987], [138.04783611, 36.48977417], [138.04782916, 36.48966167], [138.04779417, 36.48958278], [138.04773861, 36.48949833], [138.04773861, 36.48939722]]]}, "properties": {"N03_001": "長野県", "N03_002": null, "N03_003": "東筑摩郡", "N03_004": "麻績村", "N03_005": null, "N03_007": "20446"}}, {"type": "Feature", "geometry": {"type": "Polygon", "coordinates": [[[137.953221, 36.484979], [137.950996, 36.479721], [137.956481, 36.475471], [137.959355, 36.46792], [137.963592, 36.463468], [137.96842, 36.461356], [137.977122, 36.460702], [137.973079, 36.451779], [137.966983, 36.452366], [137.964398, 36.447604], [137.967765, 36.441299], [137.960621, 36.421628], [137.969068, 36.416362], [137.969093, 36.406665], [137.972696, 36.404466], [137.963044, 36.399861], [137.957299, 36.39481], [137.954573, 36.388779], [137.949994, 36.384115], [137.943004, 36.38655], [137.935301, 36.385152], [137.933161, 36.381617], [137.926297, 36.391922], [137.929395, 36.398403], [137.928796, 36.402909], [137.922366, 36.405802], [137.92466, 36.411519], [137.913338, 36.422984], [137.919383, 36.425171], [137.916048, 36.429162], [137.910012, 36.431846], [137.905326, 36.439361], [137.9137, 36.441017], [137.921536, 36.446206], [137.922229, 36.449923], [137.928889, 36.450216], [137.929771, 36.454542], [137.933685, 36.457941], [137.932947, 36.460758], [137.93705, 36.465415], [137.930324, 36.466942], [137.926341, 36.471155], [137.934951, 36.475854], [137.939168, 36.481031], [137.937021, 36.486332], [137.946931, 36.489376], [137.953221, 36.484979]]]}, "properties": {"N03_001": "長野県", "N03_002": null, "N03_003": "東筑摩郡", "N03_004": "生坂村", "N03_005": null, "N03_007": "20448"}}, {"type": "Feature", "geometry": {"type": "Polygon", "coordinates": [[[137.810813, 36.145281], [137.814445, 36.150765], [137.823673, 36.154532], [137.829987, 36.159585], [137.83985, 36.161213], [137.844098, 36.166666], [137.844098, 36.166667], [137.844124, 36.167065], [137.844178, 36.167218], [137.844425, 36.167706], [137.844502, 36.167845], [137.84485, 36.168285], [137.845281, 36.168883], [137.845352, 36.169008], [137.845731, 36.16985], [137.845871, 36.170025], [137.845964, 36.170219], [137.846344, 36.170593], [137.846536, 36.170763], [137.847134, 36.171307], [137.847473, 36.171608], [137.847854, 36.171918], [137.849902, 36.173181], [137.850002, 36.173229], [137.8508, 36.173574], [137.851203, 36.173782], [137.851704, 36.174123], [137.851961, 36.174346], [137.85248, 36.174781], [137.852726, 36.174999], [137.853214, 36.175354], [137.853809, 36.175761], [137.855641, 36.177138], [137.856405, 36.177682], [137.857263, 36.178339], [137.857496, 36.178467], [137.858333, 36.178915], [137.858738, 36.179045], [137.859403, 36.179177], [137.859713, 36.179243], [137.860095, 36.179337], [137.860791, 36.179485], [137.861065, 36.17957], [137.862137, 36.179874], [137.862757, 36.180105], [137.86355, 36.18036], [137.863999, 36.18045], [137.864559, 36.180772], [137.86558, 36.181472], [137.866152, 36.181946], [137.867359, 36.182556], [137.868671, 36.18328], [137.869223, 36.183535], [137.86989, 36.183881], [137.870422, 36.184189], [137.875002, 36.186611], [137.875811, 36.186811], [137.877569, 36.187222], [137.881598, 36.188688], [137.881903, 36.188996], [137.883336, 36.189263], [137.883604, 36.189313], [137.886502, 36.189729], [137.888248, 36.189984], [137.890151, 36.190307], [137.890426, 36.19021], [137.890512, 36.188014], [137.891667, 36.187954], [137.892876, 36.18787], [137.894202, 36.18809], [137.894887, 36.188243], [137.894941, 36.18854], [137.895027, 36.18861], [137.89712, 36.188448], [137.89712, 36.188228], [137.897323, 36.188089], [137.897607, 36.188068], [137.897522, 36.18765], [137.897477, 36.187029], [137.897204, 36.185109], [137.89737, 36.18475], [137.897891, 36.184737], [137.898148, 36.184585], [137.897686, 36.183911], [137.897379, 36.183746], [137.897721, 36.183333], [137.898366, 36.182348], [137.89836, 36.18216], [137.898346, 36.181172], [137.898375, 36.181014], [137.898635, 36.180509], [137.899073, 36.180266], [137.899077, 36.179728], [137.899132, 36.179256], [137.898953, 36.179074], [137.898807, 36.178582], [137.899607, 36.178271], [137.899627, 36.177864], [137.899515, 36.177441], [137.900307, 36.177307], [137.900518, 36.176365], [137.900506, 36.175615], [137.900887, 36.175092], [137.901231, 36.174916], [137.901525, 36.174853], [137.901733, 36.174506], [137.90166, 36.174381], [137.900002, 36.173705], [137.9, 36.173703], [137.897561, 36.171598], [137.895725, 36.170726], [137.895483, 36.170702], [137.895285, 36.170413], [137.894312, 36.168632], [137.894154, 36.168292], [137.89403, 36.166667], [137.89403, 36.166666], [137.891546, 36.156942], [137.884624, 36.146537], [137.877036, 36.149077], [137.862181, 36.142683], [137.859856, 36.138786], [137.852837, 36.139419], [137.847362, 36.134221], [137.84232, 36.137809], [137.832022, 36.135395], [137.827562, 36.142128], [137.822725, 36.145407], [137.81769, 36.143496], [137.810813, 36.145281]]]}, "properties": {"N03_001": "長野県", "N03_002": null, "N03_003": "東筑摩郡", "N03_004": "山形村", "N03_005": null, "N03_007": "20450"}}, {"type": "Feature", "geometry": {"type": "Polygon", "coordinates": [[[137.884624, 36.146537], [137.892269, 36.140506], [137.88591, 36.134302], [137.89387, 36.130727], [137.900384, 36.123634], [137.899054, 36.120707], [137.891386, 36.12036], [137.890775, 36.116549], [137.881235, 36.107223], [137.876795, 36.105164], [137.872219, 36.099721], [137.870772, 36.093628], [137.864152, 36.092196], [137.858697, 36.088482], [137.851935, 36.076356], [137.845961, 36.077201], [137.840887, 36.072303], [137.839088, 36.064538], [137.834735, 36.062201], [137.827061, 36.055041], [137.821832, 36.056864], [137.815278, 36.054472], [137.80666, 36.054852], [137.80367, 36.065606], [137.798067, 36.068351], [137.796719, 36.078028], [137.78919, 36.078453], [137.78194, 36.073193], [137.776199, 36.07498], [137.77113, 36.079324], [137.761003, 36.082593], [137.754639, 36.086546], [137.763509, 36.088185], [137.770547, 36.095131], [137.777988, 36.099431], [137.780127, 36.104777], [137.78554, 36.110982], [137.787493, 36.11838], [137.791108, 36.122046], [137.79436, 36.129682], [137.800644, 36.136792], [137.807954, 36.141182], [137.810813, 36.145281], [137.81769, 36.143496], [137.822725, 36.145407], [137.827562, 36.142128], [137.832022, 36.135395], [137.84232, 36.137809], [137.847362, 36.134221], [137.852837, 36.139419], [137.859856, 36.138786], [137.862181, 36.142683], [137.877036, 36.149077], [137.884624, 36.146537]]]}, "properties": {"N03_001": "長野県", "N03_002": null, "N03_003": "東筑摩郡", "N03_004": "朝日村", "N03_005": null, "N03_007": "20451"}}, {"type": "Feature", "geometry": {"type": "Polygon", "coordinates": [[[138.079199, 36.372112], [138.071893, 36.370655], [138.069185, 36.374202], [138.061943, 36.375199], [138.051668, 36.379441], [138.047675, 36.376791], [138.032178, 36.377085], [138.026324, 36.374685], [138.019977, 36.375741], [138.014234, 36.372495], [138.010632, 36.36786], [138.007663, 36.371612], [137.998979, 36.371226], [137.996545, 36.376763], [137.991502, 36.376737], [137.990361, 36.387401], [137.98458, 36.388299], [137.979379, 36.395723], [137.974301, 36.398762], [137.972696, 36.404466], [137.969093, 36.406665], [137.969068, 36.416362], [137.960621, 36.421628], [137.967765, 36.441299], [137.964398, 36.447604], [137.966983, 36.452366], [137.973079, 36.451779], [137.977122, 36.460702], [137.989347, 36.460421], [137.993893, 36.461808], [137.998786, 36.467776], [138.00457, 36.465963], [138.003348, 36.458862], [138.009791, 36.452204], [138.010732, 36.443183], [138.007176, 36.440374], [138.01166, 36.436508], [138.020382, 36.436471], [138.026086, 36.433312], [138.029732, 36.433651], [138.035882, 36.428852], [138.04225, 36.429288], [138.046296, 36.424047], [138.053618, 36.419906], [138.056471, 36.432517], [138.056141, 36.435379], [138.050918, 36.437205], [138.049865, 36.445725], [138.053267, 36.450173], [138.053694, 36.45499], [138.061119, 36.456046], [138.067902, 36.46362], [138.078907, 36.471718], [138.084659, 36.474725], [138.093379, 36.473482], [138.102142, 36.468082], [138.10598, 36.468658], [138.106039, 36.459198], [138.11162, 36.456725], [138.117953, 36.449024], [138.118108, 36.443749], [138.12153, 36.440566], [138.121608, 36.436831], [138.114301, 36.434137], [138.117271, 36.421229], [138.113311, 36.413672], [138.113208, 36.407845], [138.115456, 36.403759], [138.112562, 36.399527], [138.096705, 36.407177], [138.093118, 36.406075], [138.083498, 36.406812], [138.080979, 36.404472], [138.071669, 36.404646], [138.065722, 36.402191], [138.063544, 36.398518], [138.068924, 36.387519], [138.072442, 36.385156], [138.072889, 36.378634], [138.079199, 36.372112]]]}, "properties": {"N03_001": "長野県", "N03_002": null, "N03_003": "東筑摩郡", "N03_004": "筑北村", "N03_005": null, "N03_007": "20452"}}, {"type": "Feature", "geometry": {"type": "Polygon", "coordinates": [[[137.869296, 36.440922], [137.874764, 36.442486], [137.876612, 36.439002], [137.883528, 36.445661], [137.893209, 36.448577], [137.891757, 36.45713], [137.889037, 36.460635], [137.887138, 36.474319], [137.894099, 36.473349], [137.897999, 36.475733], [137.905183, 36.474501], [137.911774, 36.475384], [137.917714, 36.47383], [137.920707, 36.469421], [137.926341, 36.471155], [137.930324, 36.466942], [137.93705, 36.465415], [137.932947, 36.460758], [137.933685, 36.457941], [137.929771, 36.454542], [137.928889, 36.450216], [137.922229, 36.449923], [137.921536, 36.446206], [137.9137, 36.441017], [137.905326, 36.439361], [137.910012, 36.431846], [137.916048, 36.429162], [137.919383, 36.425171], [137.913338, 36.422984], [137.92466, 36.411519], [137.912837, 36.406891], [137.909604, 36.401023], [137.915603, 36.392573], [137.912364, 36.389393], [137.907295, 36.394402], [137.903633, 36.395163], [137.901503, 36.38996], [137.905316, 36.38408], [137.904545, 36.38066], [137.908257, 36.371322], [137.888091, 36.363996], [137.876331, 36.37769], [137.872386, 36.379209], [137.875381, 36.391812], [137.873856, 36.40602], [137.870601, 36.42238], [137.873184, 36.427066], [137.869296, 36.440922]]]}, "properties": {"N03_001": "長野県", "N03_002": null, "N03_003": "北安曇郡", "N03_004": "池田町", "N03_005": null, "N03_007": "20481"}}, {"type": "Feature", "geometry": {"type": "Polygon", "coordinates": [[[137.753877, 36.410713], [137.75982, 36.412509], [137.766886, 36.411811], [137.770428, 36.415826], [137.780097, 36.414485], [137.787449, 36.416665], [137.792916, 36.421271], [137.803565, 36.419896], [137.807196, 36.42372], [137.808482, 36.438508], [137.802258, 36.442634], [137.804255, 36.447313], [137.816447, 36.451921], [137.81655, 36.446534], [137.819774, 36.441571], [137.830774, 36.445712], [137.844117, 36.445856], [137.848738, 36.440431], [137.85646, 36.437182], [137.869296, 36.440922], [137.873184, 36.427066], [137.870601, 36.42238], [137.873856, 36.40602], [137.875381, 36.391812], [137.872386, 36.379209], [137.870109, 36.383271], [137.856902, 36.392705], [137.853427, 36.393786], [137.836169, 36.383209], [137.831066, 36.380978], [137.828194, 36.383215], [137.825315, 36.391163], [137.815907, 36.391853], [137.810216, 36.394867], [137.807035, 36.393314], [137.799618, 36.394769], [137.790678, 36.392103], [137.785084, 36.39656], [137.775428, 36.397232], [137.770461, 36.391821], [137.762268, 36.395599], [137.755182, 36.401688], [137.752755, 36.407007], [137.753877, 36.410713]]]}, "properties": {"N03_001": "長野県", "N03_002": null, "N03_003": "北安曇郡", "N03_004": "松川村", "N03_005": null, "N03_007": "20482"}}, {"type": "Feature", "geometry": {"type": "Polygon", "coordinates": [[[137.94154, 36.736075], [137.93375, 36.725403], [137.927182, 36.72292], [137.930466, 36.717885], [137.923426, 36.700068], [137.918628, 36.69429], [137.914995, 36.69386], [137.915129, 36.684578], [137.917449, 36.681924], [137.910105, 36.661578], [137.905252, 36.660219], [137.90944, 36.649018], [137.900824, 36.647153], [137.897289, 36.64489], [137.896223, 36.64025], [137.88976, 36.641029], [137.882758, 36.639316], [137.874865, 36.634915], [137.868365, 36.633086], [137.866125, 36.628421], [137.867857, 36.620303], [137.858127, 36.621847], [137.836522, 36.621846], [137.834007, 36.614218], [137.823228, 36.614104], [137.821749, 36.617959], [137.823939, 36.623552], [137.819552, 36.624601], [137.820899, 36.631529], [137.817352, 36.635472], [137.809291, 36.638063], [137.803874, 36.642149], [137.804252, 36.646249], [137.799191, 36.649402], [137.787056, 36.652778], [137.780775, 36.655711], [137.769492, 36.657283], [137.765937, 36.662653], [137.7606, 36.664585], [137.76174, 36.666971], [137.758466, 36.676155], [137.759738, 36.685933], [137.754222, 36.68746], [137.753601, 36.69147], [137.756609, 36.694135], [137.755276, 36.698458], [137.75114, 36.70054], [137.750064, 36.70498], [137.752698, 36.719332], [137.75097, 36.726888], [137.755431, 36.730768], [137.754147, 36.733281], [137.759285, 36.740611], [137.751772, 36.751109], [137.759042, 36.760176], [137.759979, 36.764263], [137.764846, 36.767693], [137.819232, 36.75937], [137.823767, 36.754106], [137.848577, 36.744282], [137.844028, 36.751252], [137.850976, 36.749958], [137.856266, 36.750844], [137.861632, 36.743078], [137.871279, 36.740739], [137.876712, 36.736926], [137.883075, 36.736649], [137.886322, 36.730598], [137.901696, 36.735017], [137.905802, 36.738717], [137.918318, 36.736742], [137.928998, 36.738457], [137.933411, 36.735805], [137.94154, 36.736075]]]}, "properties": {"N03_001": "長野県", "N03_002": null, "N03_003": "北安曇郡", "N03_004": "白馬村", "N03_005": null, "N03_007": "20485"}}, {"type": "Feature", "geometry": {"type": "Polygon", "coordinates": [[[138.003461, 36.826414], [137.996898, 36.816782], [137.989184, 36.811518], [137.98073, 36.801671], [137.976985, 36.7951], [137.974651, 36.78548], [137.967677, 36.781041], [137.967925, 36.771033], [137.9647, 36.770417], [137.961012, 36.763165], [137.952888, 36.755483], [137.953313, 36.748482], [137.944868, 36.741391], [137.94154, 36.736075], [137.933411, 36.735805], [137.928998, 36.738457], [137.918318, 36.736742], [137.905802, 36.738717], [137.901696, 36.735017], [137.886322, 36.730598], [137.883075, 36.736649], [137.876712, 36.736926], [137.871279, 36.740739], [137.861632, 36.743078], [137.856266, 36.750844], [137.850976, 36.749958], [137.844028, 36.751252], [137.848577, 36.744282], [137.823767, 36.754106], [137.819232, 36.75937], [137.764846, 36.767693], [137.767418, 36.770525], [137.775733, 36.773641], [137.781935, 36.772982], [137.791496, 36.779197], [137.793275, 36.786657], [137.799429, 36.788385], [137.819982, 36.798222], [137.822781, 36.805984], [137.830975, 36.808013], [137.832572, 36.811507], [137.831048, 36.817813], [137.840179, 36.827689], [137.843742, 36.829681], [137.845222, 36.834619], [137.851366, 36.837838], [137.856864, 36.843827], [137.855922, 36.849503], [137.868177, 36.862731], [137.873397, 36.863577], [137.87785, 36.87319], [137.868296, 36.877786], [137.866261, 36.887221], [137.861665, 36.890779], [137.865015, 36.896243], [137.868604, 36.897424], [137.871433, 36.902696], [137.862615, 36.906953], [137.86347, 36.912895], [137.868135, 36.915898], [137.87465, 36.915853], [137.878608, 36.912707], [137.893259, 36.90996], [137.900719, 36.911588], [137.902757, 36.914267], [137.910979, 36.917864], [137.919741, 36.91987], [137.925117, 36.918594], [137.93212, 36.914272], [137.947372, 36.91303], [137.953213, 36.905006], [137.962353, 36.902112], [137.965972, 36.904568], [137.969574, 36.910813], [137.976445, 36.908292], [137.99157, 36.910688], [137.994617, 36.908072], [138.002855, 36.90501], [138.013637, 36.90407], [138.015698, 36.9014], [138.015577, 36.893214], [138.021742, 36.890523], [138.025707, 36.892254], [138.031062, 36.891362], [138.032849, 36.886192], [138.031623, 36.878139], [138.026412, 36.873534], [138.020959, 36.863488], [138.016591, 36.860404], [138.015833, 36.852395], [138.018875, 36.850438], [138.020065, 36.842221], [138.014203, 36.83871], [138.003461, 36.826414]]]}, "properties": {"N03_001": "長野県", "N03_002": null, "N03_003": "北安曇郡", "N03_004": "小谷村", "N03_005": null, "N03_007": "20486"}}, {"type": "Feature", "geometry": {"type": "Polygon", "coordinates": [[[138.201766, 36.500984], [138.219555, 36.490486], [138.221692, 36.48304], [138.230637, 36.479624], [138.22879, 36.473739], [138.228689, 36.464656], [138.24138, 36.457023], [138.242361, 36.452479], [138.249782, 36.444139], [138.24869, 36.433313], [138.238815, 36.431825], [138.229546, 36.431688], [138.223621, 36.429452], [138.216152, 36.429395], [138.21106, 36.426091], [138.205351, 36.425789], [138.194107, 36.422338], [138.180614, 36.421048], [138.16585, 36.416743], [138.152387, 36.426202], [138.14306, 36.429404], [138.13986, 36.434016], [138.132593, 36.434925], [138.128618, 36.438207], [138.135195, 36.4467], [138.143951, 36.449168], [138.16074, 36.456056], [138.164744, 36.454383], [138.16929, 36.464371], [138.156992, 36.470051], [138.161121, 36.47339], [138.173158, 36.473491], [138.175744, 36.476422], [138.176197, 36.485548], [138.186523, 36.488018], [138.199769, 36.494764], [138.201766, 36.500984]]]}, "properties": {"N03_001": "長野県", "N03_002": null, "N03_003": "埴科郡", "N03_004": "坂城町", "N03_005": null, "N03_007": "20521"}}, {"type": "Feature", "geometry": {"type": "Polygon", "coordinates": [[[138.283279, 36.687667], [138.281236, 36.688051], [138.285118, 36.69756], [138.283269, 36.703085], [138.290285, 36.708037], [138.289969, 36.714782], [138.297598, 36.716192], [138.301503, 36.71521], [138.31097, 36.720895], [138.318238, 36.724606], [138.32372, 36.722169], [138.331266, 36.724941], [138.334705, 36.72402], [138.337406, 36.719157], [138.343738, 36.715642], [138.33858, 36.70848], [138.340626, 36.70742], [138.348264, 36.696707], [138.34077, 36.691848], [138.341393, 36.686374], [138.33149, 36.682184], [138.316258, 36.688096], [138.309851, 36.688176], [138.290489, 36.686387], [138.283279, 36.687667]]]}, "properties": {"N03_001": "長野県", "N03_002": null, "N03_003": "上高井郡", "N03_004": "小布施町", "N03_005": null, "N03_007": "20541"}}, {"type": "Feature", "geometry": {"type": "Polygon", "coordinates": [[[138.441583, 36.61067], [138.435167, 36.612219], [138.430039, 36.61781], [138.42303, 36.618993], [138.413296, 36.624021], [138.411117, 36.628208], [138.402432, 36.63167], [138.394085, 36.633123], [138.38786, 36.644059], [138.381895, 36.646708], [138.373498, 36.647021], [138.370249, 36.644198], [138.360797, 36.64542], [138.354975, 36.647891], [138.346349, 36.648149], [138.343058, 36.657792], [138.338499, 36.661804], [138.3337, 36.678256], [138.33149, 36.682184], [138.341393, 36.686374], [138.34077, 36.691848], [138.348264, 36.696707], [138.355631, 36.695053], [138.361381, 36.701127], [138.368217, 36.704213], [138.375938, 36.700178], [138.395016, 36.696037], [138.405699, 36.69909], [138.416844, 36.696488], [138.424582, 36.698218], [138.428541, 36.695793], [138.434847, 36.696336], [138.435965, 36.693571], [138.447894, 36.689959], [138.453147, 36.690014], [138.468742, 36.686278], [138.471666, 36.682965], [138.471868, 36.677338], [138.485669, 36.676403], [138.492518, 36.676884], [138.499495, 36.675437], [138.504881, 36.670658], [138.513801, 36.667572], [138.520525, 36.668985], [138.524019, 36.666667], [138.524594, 36.666305], [138.524744, 36.666199], [138.525, 36.666068], [138.525197, 36.665997], [138.525457, 36.665961], [138.525838, 36.666052], [138.526271, 36.666269], [138.526488, 36.666378], [138.526531, 36.6664], [138.526638, 36.66643], [138.526674, 36.666433], [138.526795, 36.666426], [138.526943, 36.666357], [138.527199, 36.666221], [138.527551, 36.666045], [138.528325, 36.665763], [138.528526, 36.66573], [138.528823, 36.665712], [138.529436, 36.665777], [138.529887, 36.66599], [138.530304, 36.666114], [138.531074, 36.666122], [138.531459, 36.666137], [138.53202, 36.666155], [138.532542, 36.666115], [138.532948, 36.666129], [138.533333, 36.666168], [138.53363, 36.666195], [138.534338, 36.666269], [138.529444, 36.655288], [138.524906, 36.650908], [138.508103, 36.648267], [138.501619, 36.644435], [138.490082, 36.641196], [138.4811, 36.645248], [138.473097, 36.644048], [138.466088, 36.636822], [138.459056, 36.634838], [138.45841, 36.628915], [138.460575, 36.626472], [138.456222, 36.619], [138.454973, 36.613851], [138.450336, 36.610677], [138.441583, 36.61067]]]}, "properties": {"N03_001": "長野県", "N03_002": null, "N03_003": "上高井郡", "N03_004": "高山村", "N03_005": null, "N03_007": "20543"}}, {"type": "Feature", "geometry": {"type": "Polygon", "coordinates": [[[138.405699, 36.69909], [138.403446, 36.703548], [138.399611, 36.70543], [138.394858, 36.717157], [138.392092, 36.720799], [138.394437, 36.725156], [138.394212, 36.735474], [138.388801, 36.740174], [138.387719, 36.748525], [138.393338, 36.750739], [138.397673, 36.761675], [138.38706, 36.773532], [138.392561, 36.776907], [138.39576, 36.782926], [138.404824, 36.790605], [138.406414, 36.795336], [138.403803, 36.799247], [138.410627, 36.799392], [138.417632, 36.802637], [138.419601, 36.80793], [138.426024, 36.811308], [138.432405, 36.82012], [138.444082, 36.812988], [138.467653, 36.808069], [138.472608, 36.805809], [138.486083, 36.805365], [138.48881, 36.802244], [138.490302, 36.79543], [138.493339, 36.793443], [138.498101, 36.797974], [138.510512, 36.800151], [138.514099, 36.804185], [138.519156, 36.805653], [138.529069, 36.802192], [138.533562, 36.815956], [138.541512, 36.82415], [138.549539, 36.823889], [138.554718, 36.819423], [138.564435, 36.818471], [138.564075, 36.815725], [138.57561, 36.809953], [138.588056, 36.810348], [138.595347, 36.812801], [138.608572, 36.813113], [138.616069, 36.80843], [138.619432, 36.80952], [138.625, 36.80038], [138.625052, 36.8003], [138.625191, 36.800093], [138.625222, 36.8], [138.62523, 36.799975], [138.625361, 36.799626], [138.625368, 36.798899], [138.62535, 36.798866], [138.625154, 36.798601], [138.625, 36.798425], [138.625, 36.796959], [138.625605, 36.796868], [138.626351, 36.796891], [138.626454, 36.796879], [138.626592, 36.79682], [138.626621, 36.796795], [138.626858, 36.796397], [138.627283, 36.795934], [138.627436, 36.795818], [138.62774, 36.795725], [138.628044, 36.795683], [138.628415, 36.795731], [138.628829, 36.79588], [138.629323, 36.795956], [138.629473, 36.795958], [138.62984, 36.796031], [138.629913, 36.796088], [138.629981, 36.796431], [138.629987, 36.796668], [138.629858, 36.797256], [138.62997, 36.797377], [138.630017, 36.797388], [138.630508, 36.797326], [138.630671, 36.797248], [138.63075, 36.797175], [138.630907, 36.796992], [138.631108, 36.796629], [138.631167, 36.796477], [138.631176, 36.796415], [138.631179, 36.796323], [138.631174, 36.796309], [138.63099, 36.796092], [138.630971, 36.796075], [138.630309, 36.795441], [138.630044, 36.795166], [138.629773, 36.794156], [138.629697, 36.793623], [138.629692, 36.793537], [138.629683, 36.793311], [138.629687, 36.79279], [138.629687, 36.792571], [138.629723, 36.792458], [138.62992, 36.792329], [138.630218, 36.792149], [138.63053, 36.792093], [138.631045, 36.792275], [138.631097, 36.792307], [138.631209, 36.792413], [138.631258, 36.792601], [138.631198, 36.793187], [138.631198, 36.793454], [138.63128, 36.793704], [138.631287, 36.793709], [138.631359, 36.793752], [138.631451, 36.793763], [138.631542, 36.793763], [138.631735, 36.793737], [138.631812, 36.793715], [138.63211, 36.793527], [138.632418, 36.793091], [138.632519, 36.792892], [138.632545, 36.792824], [138.632581, 36.792658], [138.632669, 36.792486], [138.63299, 36.792283], [138.633333, 36.792165], [138.633817, 36.792019], [138.634041, 36.791942], [138.634156, 36.791877], [138.63424, 36.791723], [138.634249, 36.791667], [138.634251, 36.791652], [138.634116, 36.791352], [138.633953, 36.791171], [138.633745, 36.79094], [138.633604, 36.790687], [138.633581, 36.790601], [138.633621, 36.790423], [138.633736, 36.790188], [138.633851, 36.789747], [138.633885, 36.789569], [138.634119, 36.78905], [138.634204, 36.788892], [138.634267, 36.788765], [138.63422, 36.787895], [138.634395, 36.787495], [138.634426, 36.787382], [138.634511, 36.787086], [138.634511, 36.787026], [138.634536, 36.78679], [138.634596, 36.786643], [138.634677, 36.78641], [138.634705, 36.78622], [138.634705, 36.786153], [138.634585, 36.785924], [138.634431, 36.785744], [138.634381, 36.785688], [138.633868, 36.785559], [138.633339, 36.785527], [138.633333, 36.785527], [138.632477, 36.785446], [138.632254, 36.785308], [138.632208, 36.785161], [138.632264, 36.785062], [138.632477, 36.784928], [138.632548, 36.784884], [138.633035, 36.784605], [138.633133, 36.784542], [138.633182, 36.784425], [138.633062, 36.784344], [138.632653, 36.784161], [138.632526, 36.784101], [138.632162, 36.78393], [138.631717, 36.783789], [138.631507, 36.783736], [138.63132, 36.783654], [138.631274, 36.783555], [138.631253, 36.783365], [138.631256, 36.783333], [138.631278, 36.783255], [138.631402, 36.783083], [138.631744, 36.782772], [138.631804, 36.782719], [138.631836, 36.782681], [138.631865, 36.782562], [138.631769, 36.782329], [138.631409, 36.782118], [138.63112, 36.781977], [138.631053, 36.781882], [138.631035, 36.781794], [138.631063, 36.781548], [138.631083, 36.781467], [138.631105, 36.781375], [138.631264, 36.780994], [138.631438, 36.780446], [138.631544, 36.780281], [138.63155, 36.780259], [138.631568, 36.780129], [138.631551, 36.779982], [138.631413, 36.779756], [138.631408, 36.779586], [138.631664, 36.779026], [138.63183, 36.778817], [138.631911, 36.778785], [138.632465, 36.778704], [138.632917, 36.778651], [138.632956, 36.778637], [138.632977, 36.77856], [138.632977, 36.778514], [138.63267, 36.778168], [138.632066, 36.777811], [138.631555, 36.777591], [138.630787, 36.777301], [138.630399, 36.777156], [138.630138, 36.777001], [138.630088, 36.776941], [138.630064, 36.776797], [138.630098, 36.776594], [138.630199, 36.776331], [138.630399, 36.775888], [138.630675, 36.775244], [138.630775, 36.775], [138.630773, 36.774873], [138.630756, 36.774824], [138.630671, 36.774722], [138.63053, 36.774662], [138.630134, 36.774616], [138.629329, 36.7745], [138.628788, 36.774393], [138.628322, 36.774082], [138.628113, 36.773818], [138.628004, 36.773659], [138.627943, 36.773558], [138.627925, 36.773523], [138.62789, 36.773431], [138.627893, 36.773308], [138.627982, 36.773043], [138.62802, 36.772892], [138.628024, 36.772793], [138.627975, 36.77268], [138.627749, 36.772447], [138.627561, 36.772307], [138.627342, 36.772085], [138.627268, 36.771962], [138.627212, 36.771634], [138.62729, 36.771277], [138.627668, 36.770312], [138.628038, 36.769826], [138.6287, 36.768946], [138.629476, 36.768027], [138.629795, 36.767481], [138.630123, 36.766952], [138.630261, 36.766693], [138.630201, 36.76621], [138.629926, 36.766019], [138.629418, 36.766041], [138.629188, 36.766083], [138.628984, 36.766034], [138.628843, 36.765956], [138.628749, 36.765881], [138.628703, 36.765803], [138.62865, 36.765708], [138.628558, 36.765157], [138.628597, 36.764982], [138.628665, 36.764806], [138.628633, 36.764489], [138.628463, 36.764117], [138.628441, 36.76405], [138.628469, 36.763196], [138.628473, 36.763172], [138.628488, 36.763129], [138.628537, 36.762985], [138.628558, 36.762834], [138.628562, 36.762468], [138.628555, 36.762281], [138.628696, 36.761162], [138.628671, 36.760947], [138.628663, 36.760897], [138.628611, 36.76075], [138.62817, 36.760352], [138.628009, 36.760244], [138.627945, 36.7602], [138.627732, 36.759979], [138.62753, 36.759662], [138.627258, 36.759481], [138.627139, 36.759489], [138.627026, 36.759507], [138.626941, 36.759507], [138.626825, 36.759267], [138.626793, 36.758999], [138.626781, 36.758535], [138.626741, 36.758333], [138.626739, 36.758324], [138.626723, 36.758295], [138.626634, 36.758121], [138.62656, 36.75799], [138.626487, 36.75788], [138.626421, 36.757676], [138.626388, 36.757485], [138.626364, 36.757108], [138.626375, 36.756937], [138.626385, 36.756619], [138.626371, 36.756507], [138.626325, 36.756327], [138.626299, 36.756183], [138.626248, 36.756037], [138.626276, 36.755771], [138.626359, 36.755722], [138.626527, 36.755609], [138.62677, 36.755369], [138.626683, 36.754865], [138.626608, 36.754774], [138.626555, 36.754633], [138.626541, 36.754351], [138.626587, 36.754239], [138.627059, 36.753808], [138.627823, 36.75332], [138.628083, 36.753149], [138.628354, 36.753029], [138.630238, 36.752147], [138.630093, 36.751971], [138.629832, 36.751761], [138.629698, 36.751631], [138.629685, 36.751335], [138.629717, 36.751095], [138.629723, 36.750827], [138.629742, 36.750698], [138.629909, 36.750471], [138.629923, 36.750464], [138.630172, 36.750342], [138.630236, 36.750295], [138.630285, 36.750261], [138.63032, 36.750153], [138.630239, 36.75], [138.636777, 36.744466], [138.639357, 36.73657], [138.642078, 36.723783], [138.630088, 36.719545], [138.621771, 36.720213], [138.617289, 36.711659], [138.611141, 36.706577], [138.605932, 36.70759], [138.602684, 36.712236], [138.594335, 36.713796], [138.583268, 36.701306], [138.574898, 36.707122], [138.57132, 36.705548], [138.560421, 36.706941], [138.552998, 36.704575], [138.543639, 36.703835], [138.537439, 36.698869], [138.530832, 36.697655], [138.520016, 36.692317], [138.517917, 36.676996], [138.527247, 36.668803], [138.534338, 36.666269], [138.53363, 36.666195], [138.533333, 36.666168], [138.532948, 36.666129], [138.532542, 36.666115], [138.53202, 36.666155], [138.531459, 36.666137], [138.531074, 36.666122], [138.530304, 36.666114], [138.529887, 36.66599], [138.529436, 36.665777], [138.528823, 36.665712], [138.528526, 36.66573], [138.528325, 36.665763], [138.527551, 36.666045], [138.527199, 36.666221], [138.526943, 36.666357], [138.526795, 36.666426], [138.526674, 36.666433], [138.526638, 36.66643], [138.526531, 36.6664], [138.526488, 36.666378], [138.526271, 36.666269], [138.525838, 36.666052], [138.525457, 36.665961], [138.525197, 36.665997], [138.525, 36.666068], [138.524744, 36.666199], [138.524594, 36.666305], [138.524019, 36.666667], [138.520525, 36.668985], [138.513801, 36.667572], [138.504881, 36.670658], [138.499495, 36.675437], [138.492518, 36.676884], [138.485669, 36.676403], [138.471868, 36.677338], [138.471666, 36.682965], [138.468742, 36.686278], [138.453147, 36.690014], [138.447894, 36.689959], [138.435965, 36.693571], [138.434847, 36.696336], [138.428541, 36.695793], [138.424582, 36.698218], [138.416844, 36.696488], [138.405699, 36.69909]]]}, "properties": {"N03_001": "長野県", "N03_002": null, "N03_003": "下高井郡", "N03_004": "山ノ内町", "N03_005": null, "N03_007": "20561"}}, {"type": "Feature", "geometry": {"type": "Polygon", "coordinates": [[[138.403803, 36.799247], [138.396885, 36.802318], [138.395198, 36.810294], [138.397598, 36.827246], [138.384389, 36.827514], [138.388497, 36.832115], [138.390702, 36.838255], [138.397073, 36.840375], [138.389112, 36.847691], [138.384172, 36.8508], [138.385035, 36.853858], [138.391836, 36.855253], [138.396313, 36.852736], [138.402271, 36.870011], [138.396649, 36.87219], [138.399113, 36.87989], [138.405898, 36.879321], [138.406628, 36.875442], [138.412341, 36.873103], [138.422426, 36.871971], [138.438988, 36.87634], [138.446432, 36.875077], [138.461848, 36.88268], [138.46657, 36.883701], [138.471348, 36.88191], [138.482061, 36.891704], [138.487215, 36.894879], [138.494017, 36.892658], [138.491866, 36.88985], [138.493937, 36.885706], [138.498897, 36.883273], [138.501346, 36.876139], [138.498972, 36.869389], [138.500022, 36.862712], [138.495504, 36.860143], [138.496045, 36.856911], [138.510123, 36.853819], [138.524482, 36.858883], [138.534757, 36.857435], [138.542156, 36.854182], [138.551029, 36.857456], [138.556685, 36.85191], [138.541346, 36.836476], [138.550568, 36.826519], [138.549539, 36.823889], [138.541512, 36.82415], [138.533562, 36.815956], [138.529069, 36.802192], [138.519156, 36.805653], [138.514099, 36.804185], [138.510512, 36.800151], [138.498101, 36.797974], [138.493339, 36.793443], [138.490302, 36.79543], [138.48881, 36.802244], [138.486083, 36.805365], [138.472608, 36.805809], [138.467653, 36.808069], [138.444082, 36.812988], [138.432405, 36.82012], [138.426024, 36.811308], [138.419601, 36.80793], [138.417632, 36.802637], [138.410627, 36.799392], [138.403803, 36.799247]]]}, "properties": {"N03_001": "長野県", "N03_002": null, "N03_003": "下高井郡", "N03_004": "木島平村", "N03_005": null, "N03_007": "20562"}}, {"type": "Feature", "geometry": {"type": "Polygon", "coordinates": [[[138.458897, 36.885755], [138.440917, 36.897286], [138.437176, 36.906653], [138.428861, 36.908668], [138.425828, 36.921716], [138.418868, 36.919081], [138.418388, 36.931021], [138.422095, 36.934356], [138.420798, 36.93923], [138.422095, 36.945951], [138.429716, 36.944542], [138.434239, 36.948418], [138.431681, 36.955446], [138.441999, 36.959157], [138.445667, 36.962885], [138.455579, 36.969641], [138.4621, 36.976735], [138.484986, 36.977049], [138.493812, 36.979978], [138.498804, 36.978028], [138.517506, 36.984822], [138.521645, 36.982923], [138.516929, 36.974579], [138.513207, 36.973265], [138.509531, 36.968671], [138.499138, 36.964635], [138.49158, 36.952546], [138.491916, 36.948793], [138.482594, 36.938324], [138.480834, 36.929305], [138.482947, 36.924446], [138.493833, 36.925662], [138.497004, 36.924749], [138.51406, 36.908611], [138.509778, 36.900929], [138.502299, 36.893125], [138.500833, 36.889436], [138.493937, 36.885706], [138.491866, 36.88985], [138.494017, 36.892658], [138.487215, 36.894879], [138.482061, 36.891704], [138.471348, 36.88191], [138.46657, 36.883701], [138.461848, 36.88268], [138.458897, 36.885755]], [[138.49005306, 36.91684805], [138.49023528, 36.916465], [138.49032611, 36.91633556], [138.49045222, 36.91623417], [138.4906625, 36.91614972], [138.4908025, 36.91611611], [138.49106889, 36.91611611], [138.49123, 36.91618361], [138.49155195, 36.91637501], [138.49181111, 36.91654973], [138.49185305, 36.91660583], [138.49190917, 36.91698305], [138.49197222, 36.91759139], [138.49196528, 36.91777139], [138.49188805, 36.91781639], [138.49183222, 36.91783305], [138.49141194, 36.91783305], [138.49127166, 36.91781055], [138.49115972, 36.91781639], [138.49085167, 36.91788389], [138.49041722, 36.91783305], [138.49031916, 36.91776555], [138.49022806, 36.91766417], [138.48989889, 36.91741083], [138.48982888, 36.91730945], [138.48980083, 36.9172025], [138.48983583, 36.9171125], [138.49005306, 36.91684805]]]}, "properties": {"N03_001": "長野県", "N03_002": null, "N03_003": "下高井郡", "N03_004": "野沢温泉村", "N03_005": null, "N03_007": "20563"}}, {"type": "Feature", "geometry": {"type": "MultiPolygon", "coordinates": [[[[138.129458, 36.753072], [138.122477, 36.762262], [138.120119, 36.774315], [138.124878, 36.783253], [138.098488, 36.779648], [138.096238, 36.785845], [138.097492, 36.794628], [138.095289, 36.800913], [138.099242, 36.803109], [138.101646, 36.809587], [138.100433, 36.816292], [138.09649, 36.820939], [138.096675, 36.825483], [138.092227, 36.826218], [138.088923, 36.830216], [138.089164, 36.835734], [138.093339, 36.8402], [138.099287, 36.843509], [138.106346, 36.843784], [138.115052, 36.850393], [138.125326, 36.848062], [138.131838, 36.850671], [138.141507, 36.847172], [138.147744, 36.849222], [138.150269, 36.846468], [138.162818, 36.844298], [138.169017, 36.845073], [138.176646, 36.848423], [138.177825, 36.851806], [138.195594, 36.853673], [138.205739, 36.859118], [138.206407, 36.862989], [138.213034, 36.868296], [138.2169, 36.866517], [138.22937, 36.864176], [138.242373, 36.864027], [138.249314, 36.865335], [138.254877, 36.869943], [138.258024, 36.863981], [138.268356, 36.860457], [138.271724, 36.855045], [138.270531, 36.844244], [138.274901, 36.840855], [138.275736, 36.836735], [138.27252, 36.831106], [138.266054, 36.826463], [138.262205, 36.82192], [138.272732, 36.820817], [138.279626, 36.817713], [138.27426, 36.813819], [138.273008, 36.809148], [138.264455, 36.804753], [138.25886, 36.805738], [138.253252, 36.801554], [138.251409, 36.797977], [138.25157, 36.790288], [138.242706, 36.785404], [138.232405, 36.78231], [138.230731, 36.778784], [138.223474, 36.778872], [138.215836, 36.771483], [138.21312, 36.766866], [138.214508, 36.760092], [138.212254, 36.759097], [138.19977, 36.760037], [138.194996, 36.753958], [138.18557, 36.754785], [138.172287, 36.747161], [138.165458, 36.748732], [138.160251, 36.747788], [138.140121, 36.747535], [138.129458, 36.753072]], [[138.21134138, 36.83640056], [138.210775, 36.83622361], [138.21016611, 36.83605556], [138.20999472, 36.8359425], [138.20989361, 36.83588111], [138.20960028, 36.83580777], [138.20959111, 36.83537666], [138.2092025, 36.83529417], [138.20922389, 36.83520223], [138.20958806, 36.83521139], [138.20959416, 36.83506166], [138.20909388, 36.83499944], [138.20898722, 36.83496166], [138.20889611, 36.83491973], [138.20871555, 36.83468444], [138.208685, 36.83450861], [138.20866667, 36.83442001], [138.20866055, 36.83423056], [138.20866972, 36.83410806], [138.20870973, 36.83404389], [138.20878, 36.83397055], [138.20893306, 36.83383278], [138.20903694, 36.83375027], [138.20907666, 36.83368917], [138.20911056, 36.83360361], [138.20912278, 36.83353], [138.20911056, 36.83344445], [138.20908584, 36.8333325], [138.20910112, 36.83321945], [138.20914084, 36.83314917], [138.209245, 36.83306639], [138.20935806, 36.83297778], [138.20941944, 36.83290445], [138.20950806, 36.83272084], [138.20953555, 36.83258639], [138.20952944, 36.8324825], [138.20948667, 36.83236305], [138.20941944, 36.83225917], [138.20936417, 36.83218889], [138.20928167, 36.83215222], [138.20915, 36.83212472], [138.20900611, 36.83208777], [138.20886139, 36.83208944], [138.20867778, 36.83211388], [138.20852167, 36.83214139], [138.20831972, 36.83212916], [138.20816056, 36.83210472], [138.20804723, 36.83200695], [138.2078975, 36.83182944], [138.20779028, 36.83171639], [138.20771389, 36.83153611], [138.20764639, 36.83131916], [138.20761278, 36.83112027], [138.20753611, 36.83082167], [138.20751777, 36.83069333], [138.20753, 36.83058333], [138.20753305, 36.83034166], [138.20750222, 36.82999612], [138.20745027, 36.82958805], [138.20741972, 36.82944416], [138.20737667, 36.82937389], [138.20729417, 36.82932195], [138.20722389, 36.829325], [138.20714416, 36.82938], [138.20708305, 36.82941056], [138.206875, 36.82946861], [138.2066825, 36.82951778], [138.20655667, 36.82951278], [138.20642861, 36.82949945], [138.20637333, 36.82947472], [138.20634889, 36.82941667], [138.20634583, 36.82938], [138.20637945, 36.82937084], [138.20648361, 36.82937084], [138.20661833, 36.8293525], [138.20668861, 36.82932195], [138.20680167, 36.82927612], [138.20699444, 36.82921805], [138.20707389, 36.82917833], [138.20708, 36.82914139], [138.20705861, 36.829065], [138.20692333, 36.82883417], [138.20672472, 36.82851028], [138.20665444, 36.82842778], [138.20653806, 36.82829027], [138.20649527, 36.82819833], [138.20640972, 36.82806083], [138.20632084, 36.82796], [138.2062475, 36.8278775], [138.20615556, 36.82780389], [138.20607305, 36.82773361], [138.20603, 36.8276375], [138.20599027, 36.82746917], [138.20594139, 36.82736833], [138.2059075, 36.82723056], [138.20589222, 36.82716944], [138.20585861, 36.82709612], [138.20575166, 36.82696166], [138.20568416, 36.82690944], [138.20564444, 36.82685139], [138.20561695, 36.826775], [138.20560472, 36.82667417], [138.205565, 36.82660999], [138.20548834, 36.82651638], [138.20544862, 36.82639111], [138.20545472, 36.82629611], [138.20547306, 36.82617084], [138.2054425, 36.82606389], [138.20543334, 36.82596889], [138.20551583, 36.82581917], [138.20557694, 36.82565083], [138.20557083, 36.82553166], [138.20554334, 36.8254125], [138.20558, 36.82531167], [138.20565667, 36.82524444], [138.20580056, 36.82520167], [138.20592277, 36.82518028], [138.20602694, 36.82514361], [138.20608945, 36.82508139], [138.20615666, 36.82498362], [138.20624861, 36.82489778], [138.20634639, 36.82485194], [138.20642917, 36.8248275], [138.20653305, 36.82480917], [138.20662806, 36.82477555], [138.20678694, 36.82471139], [138.20699223, 36.82465334], [138.20713888, 36.82460417], [138.20723084, 36.82459194], [138.20728667, 36.82459722], [138.20732861, 36.82460112], [138.20745111, 36.824635], [138.20754889, 36.82469306], [138.20768972, 36.82476945], [138.20780583, 36.82480611], [138.20790666, 36.82478778], [138.2079925, 36.82472361], [138.20805667, 36.82461639], [138.20815278, 36.82448778], [138.20825056, 36.82439278], [138.208315, 36.82431639], [138.20841583, 36.82416055], [138.20848611, 36.82407472], [138.20863361, 36.82398139], [138.2087225, 36.82388028], [138.20878973, 36.82375806], [138.20882639, 36.82363917], [138.20884473, 36.82352278], [138.2089, 36.82345556], [138.20899167, 36.82338222], [138.20908972, 36.82322], [138.20921195, 36.82311611], [138.20942917, 36.82291416], [138.20968667, 36.82269917], [138.20987028, 36.8225675], [138.20992555, 36.82253083], [138.21000194, 36.82251556], [138.21011834, 36.822485], [138.21025889, 36.82238722], [138.2103325, 36.82231361], [138.21038444, 36.82230139], [138.21044555, 36.82232889], [138.21051139, 36.82233389], [138.2105725, 36.82229111], [138.21058778, 36.82220528], [138.21062444, 36.82215638], [138.21074694, 36.82206778], [138.21090306, 36.8219975], [138.21102222, 36.82200055], [138.21114167, 36.82198527], [138.21124861, 36.82194833], [138.21137112, 36.82185666], [138.21149028, 36.82173777], [138.21163083, 36.8215725], [138.21176861, 36.82142584], [138.21196445, 36.82124222], [138.21217972, 36.82104194], [138.21245805, 36.82081889], [138.21255306, 36.82071472], [138.21258055, 36.82066583], [138.21261111, 36.82055583], [138.21265389, 36.82049472], [138.21288666, 36.82029583], [138.21336695, 36.81995027], [138.21364528, 36.81991973], [138.21421667, 36.81984639], [138.21442167, 36.81983722], [138.2145225, 36.81984334], [138.21459305, 36.81989222], [138.21467556, 36.8199075], [138.21475805, 36.81988611], [138.21484972, 36.81987389], [138.21497806, 36.81988], [138.21511583, 36.81991055], [138.2151925, 36.81991055], [138.21527194, 36.81988306], [138.21528556, 36.81988333], [138.21538527, 36.81988611], [138.21558111, 36.81988917], [138.21568195, 36.81984639], [138.215835, 36.81984028], [138.21600639, 36.81985555], [138.21612861, 36.81987694], [138.21628166, 36.81989834], [138.21641028, 36.81989222], [138.21645611, 36.81984639], [138.21651417, 36.81981888], [138.21663361, 36.81981583], [138.21684166, 36.81982806], [138.21707916, 36.81985889], [138.21735444, 36.8198925], [138.21747389, 36.81988333], [138.21764834, 36.81990166], [138.21776416, 36.81992305], [138.21792028, 36.81997195], [138.21803972, 36.82001472], [138.21815889, 36.82002389], [138.21832722, 36.82004833], [138.21847417, 36.82010334], [138.21859361, 36.82018305], [138.21877722, 36.82035111], [138.218875, 36.82044888], [138.21893306, 36.82056833], [138.21898528, 36.8206325], [138.21915167, 36.8207225], [138.21939333, 36.82082639], [138.21945444, 36.82087222], [138.21955556, 36.82093944], [138.21974834, 36.82101611], [138.219935, 36.8210375], [138.22020111, 36.82104667], [138.22039667, 36.82101611], [138.22049028, 36.82096861], [138.22063083, 36.82088611], [138.22066778, 36.820825], [138.22076861, 36.82067528], [138.22091861, 36.82051306], [138.2210625, 36.82032972], [138.22110527, 36.82022861], [138.221375, 36.81974361], [138.22149445, 36.81952667], [138.221525, 36.81942584], [138.22152806, 36.81930944], [138.22151278, 36.81922083], [138.22149445, 36.81908944], [138.22150055, 36.81897306], [138.22150973, 36.81886306], [138.22148833, 36.81879583], [138.22144528, 36.81870417], [138.22136222, 36.81854055], [138.22124889, 36.81834778], [138.22112361, 36.81815222], [138.22108667, 36.81808806], [138.22109584, 36.81803583], [138.22114194, 36.81791361], [138.22119694, 36.81781583], [138.22126111, 36.81775167], [138.2213575, 36.81770556], [138.22142167, 36.81769333], [138.22148888, 36.81772694], [138.22157778, 36.81774556], [138.2217, 36.81774861], [138.22182556, 36.81774861], [138.22192972, 36.81777306], [138.22206417, 36.817825], [138.22210527, 36.81784167], [138.22219278, 36.81787694], [138.22227834, 36.81793806], [138.22235805, 36.81797778], [138.22251417, 36.81802361], [138.22265166, 36.81806972], [138.22273444, 36.81807889], [138.22280472, 36.81805111], [138.22287194, 36.8180175], [138.22300056, 36.81785862], [138.22315972, 36.81760167], [138.22326361, 36.817455], [138.22338139, 36.81733056], [138.22351278, 36.81720806], [138.22362916, 36.81707667], [138.22418917, 36.81652917], [138.22451944, 36.81622639], [138.22467833, 36.81608583], [138.22482528, 36.81595722], [138.22499056, 36.81583194], [138.22513, 36.8157575], [138.22532278, 36.81567806], [138.2254025, 36.815635], [138.22551555, 36.81550972], [138.22558917, 36.81544556], [138.22569, 36.81542112], [138.22574195, 36.81538139], [138.22584611, 36.81528333], [138.22605722, 36.81515528], [138.22622556, 36.81506361], [138.2262775, 36.81501472], [138.22636028, 36.81493194], [138.22645805, 36.814825], [138.22652528, 36.81476695], [138.22664166, 36.81473944], [138.2267275, 36.81473944], [138.22684361, 36.81475778], [138.22694472, 36.81478833], [138.22707306, 36.81481583], [138.22714666, 36.81486472], [138.22715278, 36.81494111], [138.227165, 36.81509416], [138.2271925, 36.81518583], [138.22725972, 36.81525], [138.22737, 36.81533584], [138.22745222, 36.81541833], [138.22747055, 36.81550083], [138.22746778, 36.81559667], [138.22743722, 36.81567305], [138.227385, 36.8157375], [138.22729972, 36.81579861], [138.22718945, 36.81587805], [138.22713445, 36.8159575], [138.22708861, 36.81608306], [138.22705194, 36.81622361], [138.22706111, 36.81638889], [138.22706111, 36.8164775], [138.2269875, 36.81657833], [138.22694167, 36.81663333], [138.22690417, 36.81673583], [138.22685222, 36.81679417], [138.22675723, 36.81685528], [138.22662861, 36.81689195], [138.22649111, 36.81688277], [138.22620028, 36.81686139], [138.22608722, 36.81686139], [138.22601055, 36.81690723], [138.22598, 36.81698667], [138.22594944, 36.81714584], [138.22592972, 36.81731417], [138.225925, 36.81735362], [138.22593416, 36.81747], [138.22597388, 36.8176075], [138.22602583, 36.817785], [138.22599222, 36.81784], [138.22591277, 36.81786444], [138.22579334, 36.81791333], [138.22566777, 36.81796916], [138.22555778, 36.81802722], [138.22551194, 36.81809167], [138.2254875, 36.81818333], [138.22548139, 36.81826583], [138.22550889, 36.81835444], [138.22555473, 36.81841889], [138.22564333, 36.81846777], [138.22573527, 36.81850139], [138.22583917, 36.81857167], [138.22591277, 36.81858695], [138.22602278, 36.81858695], [138.22623083, 36.81858388], [138.22658472, 36.81857083], [138.22684139, 36.8185525], [138.22696389, 36.81851584], [138.22710139, 36.81843639], [138.22721777, 36.81836917], [138.22737389, 36.81825917], [138.22754222, 36.81814611], [138.227735, 36.81802084], [138.22788472, 36.81789222], [138.22795528, 36.81780361], [138.22808056, 36.81766611], [138.22814806, 36.8175375], [138.22817555, 36.81736944], [138.22816333, 36.81723167], [138.22814806, 36.8170575], [138.22818917, 36.81686805], [138.22822889, 36.81669667], [138.22828083, 36.81653166], [138.22831777, 36.81648862], [138.22838806, 36.81643667], [138.22851972, 36.81638167], [138.22865723, 36.81633889], [138.22877056, 36.81632361], [138.22896944, 36.81632972], [138.2290825, 36.8163175], [138.22913778, 36.81629917], [138.22917444, 36.81626861], [138.22918361, 36.81621972], [138.22916528, 36.81617055], [138.22909805, 36.81609723], [138.228945, 36.81584361], [138.22887139, 36.81568778], [138.22885305, 36.81560528], [138.2288775, 36.81554416], [138.22895111, 36.81547973], [138.2290825, 36.81543999], [138.22915611, 36.81540027], [138.22921416, 36.81532083], [138.22923555, 36.81522611], [138.22923555, 36.81506083], [138.22927945, 36.81495528], [138.229365, 36.81485722], [138.22942334, 36.81478389], [138.22947527, 36.814625], [138.22953945, 36.81448722], [138.22962528, 36.81440778], [138.22976889, 36.81431611], [138.22990361, 36.81426111], [138.22997695, 36.81421194], [138.2299925, 36.81417834], [138.23005972, 36.81408055], [138.23010861, 36.81403778], [138.23027083, 36.81395528], [138.23050028, 36.81386027], [138.23063473, 36.81384806], [138.2306925, 36.81384695], [138.23078778, 36.813845], [138.23085194, 36.81389694], [138.23090694, 36.81393084], [138.23102333, 36.81397361], [138.23118556, 36.81398889], [138.23125889, 36.81397972], [138.23129556, 36.81395833], [138.23136611, 36.81394305], [138.23146083, 36.81396139], [138.23163222, 36.81401639], [138.23177, 36.814105], [138.23190889, 36.814225], [138.23208028, 36.81439028], [138.23214444, 36.81447278], [138.23220861, 36.81457666], [138.23226694, 36.81464084], [138.23234333, 36.81469306], [138.2324475, 36.81478472], [138.2325025, 36.814855], [138.23252695, 36.81492222], [138.23256055, 36.8150325], [138.23258806, 36.81509667], [138.23263111, 36.81514861], [138.23271361, 36.81519445], [138.23274723, 36.81523111], [138.23278083, 36.81534417], [138.23280555, 36.81545445], [138.23282694, 36.81550639], [138.23288194, 36.81554917], [138.23291861, 36.81559805], [138.23291917, 36.8156675], [138.2329375, 36.81571639], [138.23299222, 36.81575334], [138.23308722, 36.81584194], [138.23310556, 36.81597333], [138.23308417, 36.81614167], [138.23304111, 36.81625473], [138.23303194, 36.81633722], [138.23304111, 36.81637694], [138.23314222, 36.81643834], [138.23326139, 36.81649334], [138.23337778, 36.81653917], [138.23348806, 36.81660639], [138.23359194, 36.81666138], [138.23378167, 36.81669805], [138.23387666, 36.81669805], [138.23393167, 36.816735], [138.23397444, 36.81680834], [138.23401416, 36.81688473], [138.23406945, 36.81693361], [138.23414389, 36.81697195], [138.23423555, 36.81700556], [138.23430889, 36.81705778], [138.23437028, 36.81712194], [138.23436111, 36.81722889], [138.23434584, 36.81729889], [138.23428139, 36.81747639], [138.23424472, 36.81757722], [138.23421111, 36.81765973], [138.23413138, 36.81774556], [138.23411917, 36.81780166], [138.23412528, 36.81793917], [138.23411305, 36.81798527], [138.23408556, 36.81802806], [138.23403334, 36.81804334], [138.23395389, 36.81806778], [138.23391417, 36.81811361], [138.23388361, 36.81818389], [138.23383445, 36.81829695], [138.23379167, 36.81834917], [138.23373972, 36.8183675], [138.23364778, 36.81841333], [138.23358556, 36.81846639], [138.23354583, 36.81851528], [138.23344473, 36.81866501], [138.23337444, 36.81877223], [138.23332222, 36.818815], [138.2331725, 36.81885472], [138.23298889, 36.81891583], [138.23278695, 36.81902305], [138.2325175, 36.81914223], [138.23240138, 36.81915139], [138.23228527, 36.81920028], [138.23219667, 36.81924306], [138.2321475, 36.81930417], [138.23212305, 36.81940528], [138.23211694, 36.81951528], [138.23214444, 36.81963416], [138.23211389, 36.81989111], [138.23207945, 36.82009472], [138.23207945, 36.82018028], [138.23210723, 36.82022528], [138.23211917, 36.82024444], [138.23216778, 36.82029028], [138.23218639, 36.82036389], [138.23217722, 36.82041584], [138.23214945, 36.82050139], [138.23207, 36.82059], [138.23204278, 36.82067584], [138.23204861, 36.82075528], [138.23210055, 36.82084083], [138.23216472, 36.82091111], [138.23225972, 36.82096639], [138.23243722, 36.82102445], [138.23272583, 36.82107834], [138.23296444, 36.82114861], [138.23305945, 36.82118833], [138.23313889, 36.82123722], [138.2332, 36.82130139], [138.23324278, 36.82135667], [138.23325528, 36.82142694], [138.23323361, 36.82151861], [138.23318778, 36.82167472], [138.23314194, 36.82182139], [138.23313278, 36.82193445], [138.23312361, 36.82206], [138.23309583, 36.82213167], [138.23302528, 36.82219583], [138.23293667, 36.82228777], [138.23290306, 36.82233667], [138.23283888, 36.82244362], [138.23280805, 36.82251083], [138.23282028, 36.82259972], [138.23280805, 36.82268528], [138.23276833, 36.82272806], [138.2326275, 36.82278611], [138.23252361, 36.82281361], [138.23241639, 36.82286861], [138.23231556, 36.82295722], [138.23226361, 36.82300305], [138.23218083, 36.82303361], [138.2321075, 36.82307639], [138.23206778, 36.82312833], [138.23205862, 36.82318639], [138.23205444, 36.82331361], [138.23203612, 36.82341139], [138.23200861, 36.82348472], [138.23195666, 36.82353694], [138.23180361, 36.82369584], [138.23174556, 36.82373556], [138.23169666, 36.82377833], [138.23164139, 36.82384555], [138.23159555, 36.82394667], [138.23152833, 36.82411778], [138.23147944, 36.82422805], [138.23142417, 36.82427694], [138.23131695, 36.82438222], [138.2312375, 36.82445889], [138.23111528, 36.82451389], [138.23105722, 36.8245475], [138.23100805, 36.82459639], [138.23096528, 36.82466972], [138.23094695, 36.82473389], [138.23093777, 36.824835], [138.23092556, 36.8249175], [138.23088889, 36.825], [138.23076639, 36.82516527], [138.23069305, 36.82524473], [138.23061027, 36.82531194], [138.23055834, 36.82538194], [138.2304725, 36.82556695], [138.23039583, 36.82572917], [138.2303225, 36.82583917], [138.2302675, 36.82590333], [138.23015111, 36.82612361], [138.23013889, 36.82617861], [138.23016945, 36.82622444], [138.23024305, 36.82624278], [138.2303775, 36.82623361], [138.23044805, 36.82620611], [138.230555, 36.82618777], [138.23067139, 36.82616944], [138.23084278, 36.82613889], [138.23105972, 36.82608084], [138.23147889, 36.82597389], [138.23167167, 36.82594027], [138.23183694, 36.82591556], [138.23192362, 36.82589556], [138.23200834, 36.82587584], [138.23221861, 36.82583305], [138.23231361, 36.82582389], [138.23242361, 36.82582389], [138.23260111, 36.82583917], [138.23273889, 36.82582389], [138.23291333, 36.82578722], [138.23300195, 36.82575361], [138.23314889, 36.82568639], [138.23331722, 36.82561583], [138.23339973, 36.82560056], [138.2335375, 36.82557916], [138.23361695, 36.82554861], [138.23386194, 36.82548139], [138.23396862, 36.82546611], [138.23413389, 36.82546611], [138.23434805, 36.82549361], [138.23447222, 36.8254875], [138.23460083, 36.82546917], [138.23479361, 36.82542306], [138.23489778, 36.82540472], [138.23515167, 36.82537722], [138.23534139, 36.82539555], [138.23554945, 36.82543222], [138.23571166, 36.82544472], [138.23597778, 36.82542917], [138.23617667, 36.82544778], [138.23631445, 36.82547528], [138.23650417, 36.82553333], [138.23671834, 36.82560056], [138.23710361, 36.82573806], [138.23735444, 36.82586361], [138.23749695, 36.82594417], [138.23758555, 36.82602361], [138.23766833, 36.82614277], [138.23779056, 36.82642111], [138.23783333, 36.82653445], [138.23786417, 36.82660473], [138.23792833, 36.82668112], [138.23806611, 36.82680028], [138.23820055, 36.82694111], [138.23827723, 36.8270725], [138.23830167, 36.82718583], [138.23832666, 36.82725583], [138.23838556, 36.82731139], [138.23848445, 36.82736722], [138.23860528, 36.82744445], [138.23869805, 36.82752805], [138.23871667, 36.82762694], [138.23871361, 36.82768222], [138.23865777, 36.82781528], [138.23864861, 36.827945], [138.23863306, 36.82802862], [138.23862056, 36.82809055], [138.23858666, 36.82816166], [138.23852972, 36.82820639], [138.23843694, 36.82824667], [138.23819556, 36.82829], [138.23795445, 36.82830861], [138.237775, 36.82831472], [138.23757389, 36.82832389], [138.23742528, 36.82837028], [138.23730472, 36.82841361], [138.237215, 36.82846], [138.23715611, 36.82853111], [138.23713139, 36.82860222], [138.23714056, 36.828695], [138.23720251, 36.82879694], [138.23728306, 36.82894056], [138.23728917, 36.82895167], [138.23736028, 36.82908167], [138.23737278, 36.82918973], [138.23735417, 36.82937222], [138.2373325, 36.82947111], [138.23733639, 36.829565], [138.23732389, 36.82979362], [138.23733639, 36.82983389], [138.23738889, 36.82986473], [138.23750639, 36.82987111], [138.23778805, 36.8298525], [138.23802917, 36.82982167], [138.23820889, 36.82976584], [138.23837888, 36.82970417], [138.23853667, 36.82969473], [138.23875334, 36.82973806], [138.238945, 36.82975666], [138.23910278, 36.82975056], [138.23926306, 36.82970694], [138.23935889, 36.82967611], [138.23956278, 36.82958639], [138.23977, 36.82948417], [138.23991556, 36.82944416], [138.2401475, 36.82938833], [138.24037028, 36.82936055], [138.24050027, 36.82933583], [138.24059611, 36.82931417], [138.24075389, 36.82931111], [138.24098611, 36.82932972], [138.24112528, 36.82937305], [138.241215, 36.82942556], [138.24132, 36.82951527], [138.24142639, 36.82965194], [138.2414975, 36.82973861], [138.24157806, 36.82979111], [138.2416925, 36.82984056], [138.24179139, 36.82991472], [138.24193084, 36.83002305], [138.24205139, 36.83014667], [138.24214417, 36.83030139], [138.2422, 36.8304775], [138.24220917, 36.83063833], [138.24218139, 36.83080361], [138.24215028, 36.83091194], [138.24214722, 36.83106944], [138.24216277, 36.83116222], [138.24219055, 36.83121805], [138.24221833, 36.831255], [138.24222778, 36.83131389], [138.24222778, 36.83139695], [138.24218139, 36.83152389], [138.24211944, 36.83166611], [138.24201111, 36.83182917], [138.2419525, 36.831925], [138.24192777, 36.83202417], [138.24193084, 36.83209833], [138.24195862, 36.83222194], [138.24200195, 36.83236416], [138.24206389, 36.83252806], [138.24214417, 36.83265167], [138.24215667, 36.83273222], [138.242135, 36.83280333], [138.24212889, 36.83286834], [138.24216584, 36.83290833], [138.24224333, 36.83300111], [138.2422925, 36.83308472], [138.24230472, 36.83320528], [138.24232639, 36.83328555], [138.24235444, 36.83332583], [138.2424625, 36.83342166], [138.24257722, 36.83354861], [138.2426975, 36.83366778], [138.24275611, 36.83374833], [138.242815, 36.83388111], [138.24251805, 36.83408833], [138.24193028, 36.83450861], [138.24180972, 36.83460444], [138.24175084, 36.83462305], [138.24147111, 36.83466444], [138.24140944, 36.83464611], [138.24131027, 36.83461806], [138.24127944, 36.83459028], [138.24121666, 36.83460444], [138.24115555, 36.83461806], [138.24092361, 36.8346925], [138.24075666, 36.83476972], [138.24061417, 36.83480361], [138.24049056, 36.83481612], [138.24036055, 36.83481305], [138.24025222, 36.83477583], [138.24007889, 36.83472028], [138.23997056, 36.83468306], [138.239915, 36.83467694], [138.23978194, 36.83471084], [138.23964723, 36.83473], [138.2395975, 36.83477638], [138.23957278, 36.8348475], [138.23953583, 36.83502388], [138.23945527, 36.83521861], [138.23934694, 36.835395], [138.23920167, 36.83557111], [138.23905916, 36.83567], [138.23889861, 36.83573194], [138.23869139, 36.83574139], [138.23850889, 36.83570111], [138.23836028, 36.83564862], [138.23824278, 36.8356175], [138.23816222, 36.83556194], [138.23805083, 36.83549389], [138.23797056, 36.83544445], [138.23789638, 36.83537944], [138.23785611, 36.83528972], [138.23778167, 36.83508583], [138.23774777, 36.83499917], [138.2376575, 36.83488055], [138.23756139, 36.83478166], [138.23752111, 36.83475695], [138.23743139, 36.83473833], [138.23731083, 36.83470139], [138.23726139, 36.83466417], [138.23720556, 36.83461166], [138.23715916, 36.83451278], [138.23710055, 36.83443222], [138.23702, 36.83437056], [138.23689638, 36.83431473], [138.23678639, 36.83429555], [138.2366625, 36.83430778], [138.23655445, 36.83434195], [138.23641194, 36.83443472], [138.23630055, 36.83448111], [138.23615223, 36.83449945], [138.23600362, 36.83448111], [138.23592, 36.83444694], [138.23586445, 36.83439444], [138.23574389, 36.83418416], [138.23554917, 36.83390278], [138.23536639, 36.83368], [138.23522028, 36.83354973], [138.23509333, 36.83347555], [138.23499361, 36.83344722], [138.23495111, 36.83343527], [138.23470667, 36.83341056], [138.23451417, 36.83344111], [138.23433778, 36.83343195], [138.23420167, 36.83339805], [138.23407473, 36.83332056], [138.23400667, 36.83324944], [138.23388916, 36.83311361], [138.23383333, 36.83306083], [138.233725, 36.8329775], [138.23362306, 36.83293417], [138.23347445, 36.83291556], [138.23335083, 36.83292806], [138.23315584, 36.83299612], [138.232955, 36.83311027], [138.2327725, 36.83320611], [138.23267028, 36.83329889], [138.23265166, 36.83338555], [138.23264556, 36.83354028], [138.23268583, 36.83365472], [138.23275694, 36.83377306], [138.23284973, 36.83388444], [138.23295167, 36.83396778], [138.23305695, 36.83404222], [138.23314027, 36.834135], [138.23329195, 36.83430194], [138.23337556, 36.83441], [138.23339722, 36.83448749], [138.2333725, 36.83457695], [138.23331056, 36.83470084], [138.233205, 36.83485972], [138.23309667, 36.83500167], [138.2330625, 36.83508222], [138.23301, 36.83515333], [138.23296972, 36.83523361], [138.23290778, 36.83532333], [138.23284612, 36.83539139], [138.23276583, 36.83550889], [138.23273195, 36.83558306], [138.23254473, 36.83570723], [138.23227861, 36.83582167], [138.2320375, 36.83583083], [138.23183, 36.83583389], [138.2317775, 36.83577222], [138.23164444, 36.83560195], [138.23157333, 36.83551556], [138.23143111, 36.83537639], [138.23135056, 36.83528361], [138.23132889, 36.83518167], [138.23130639, 36.83508777], [138.23124472, 36.83502278], [138.23112084, 36.83493916], [138.23096916, 36.83487444], [138.23077445, 36.8348], [138.23059167, 36.83476306], [138.23042167, 36.83473833], [138.23019888, 36.83474444], [138.23012472, 36.83472889], [138.22997555, 36.83463472], [138.22982389, 36.83450166], [138.22974362, 36.83439972], [138.22952388, 36.83403805], [138.22952083, 36.83397306], [138.22954556, 36.83383695], [138.22956723, 36.83367028], [138.22955166, 36.83361472], [138.22952388, 36.83354666], [138.22948361, 36.83348778], [138.22948084, 36.833485], [138.22935667, 36.83337028], [138.22924223, 36.83328695], [138.22910861, 36.83318445], [138.22895389, 36.83302361], [138.22882389, 36.83292167], [138.22869722, 36.83285972], [138.22853611, 36.83279472], [138.22841555, 36.83272973], [138.22827583, 36.83265167], [138.22805, 36.83251556], [138.22789223, 36.83244445], [138.22775305, 36.83240722], [138.22761667, 36.83241972], [138.22755805, 36.83243527], [138.22728444, 36.83263583], [138.227105, 36.83279639], [138.22697806, 36.83287361], [138.22673972, 36.83296], [138.22656028, 36.833025], [138.22647694, 36.83303444], [138.22638723, 36.83300944], [138.22620139, 36.83292916], [138.22595389, 36.83281472], [138.22581473, 36.83270028], [138.22566306, 36.83252111], [138.22552695, 36.83234166], [138.22539972, 36.83210806], [138.22535639, 36.83190694], [138.22537195, 36.83172139], [138.22539972, 36.83160694], [138.22545861, 36.8314925], [138.22554834, 36.83130083], [138.22566278, 36.83099777], [138.22576472, 36.83080306], [138.22578639, 36.83072583], [138.22574611, 36.83063], [138.22568055, 36.83054806], [138.22556917, 36.83051694], [138.22544861, 36.8304675], [138.2253775, 36.83042111], [138.225325, 36.83031916], [138.22526306, 36.83026361], [138.2250525, 36.8301275], [138.224765, 36.82992944], [138.22453916, 36.82980889], [138.22438139, 36.8297625], [138.22423305, 36.82975639], [138.22394528, 36.82978111], [138.22379666, 36.82981528], [138.22373166, 36.82985223], [138.22365139, 36.82993584], [138.22354, 36.83000389], [138.22344223, 36.83005611], [138.22333695, 36.83007778], [138.22320723, 36.83004361], [138.22307111, 36.82998166], [138.22286666, 36.829855], [138.22276777, 36.82975], [138.22268334, 36.82963917], [138.22266888, 36.82962], [138.22251722, 36.829385], [138.2224275, 36.82928611], [138.22234695, 36.82920889], [138.22221389, 36.82910973], [138.22210166, 36.82900973], [138.22202445, 36.82891389], [138.22200889, 36.82886112], [138.22198722, 36.82877778], [138.22196278, 36.82871889], [138.22191638, 36.82866027], [138.22186055, 36.82862306], [138.22178028, 36.82860473], [138.22163167, 36.82860473], [138.22151722, 36.82864472], [138.22141194, 36.82872528], [138.22135945, 36.82879001], [138.2212975, 36.82894472], [138.22127584, 36.82906222], [138.22127584, 36.829155], [138.22130361, 36.82921361], [138.22134083, 36.829285], [138.22134361, 36.82944389], [138.22132194, 36.82990472], [138.22129417, 36.82996667], [138.22122917, 36.83004389], [138.22115472, 36.8301275], [138.22109306, 36.83022], [138.22104666, 36.83031611], [138.22101527, 36.83049083], [138.22099667, 36.83067], [138.2209875, 36.83080889], [138.22094723, 36.83090777], [138.22086055, 36.83102223], [138.22076777, 36.83108111], [138.22062555, 36.83112111], [138.22054194, 36.83115222], [138.22044916, 36.83120472], [138.22035027, 36.83130667], [138.22031917, 36.83138111], [138.22030055, 36.83146138], [138.22030028, 36.83158945], [138.22027555, 36.83163889], [138.22022917, 36.83169166], [138.22013305, 36.83179055], [138.22010527, 36.83184], [138.22009277, 36.83196361], [138.22010834, 36.83208111], [138.22015472, 36.832205], [138.22015167, 36.83231611], [138.22012972, 36.83239805], [138.220065, 36.83250945], [138.2199225, 36.83274139], [138.21983278, 36.83288055], [138.21981417, 36.83296083], [138.21978944, 36.83308111], [138.21975861, 36.83321417], [138.21972083, 36.83331444], [138.21963417, 36.83351222], [138.21956917, 36.83362055], [138.21941777, 36.83383389], [138.21934334, 36.83397611], [138.21932472, 36.83408139], [138.21930639, 36.8341525], [138.21922583, 36.83429167], [138.21910473, 36.83442001], [138.21907695, 36.83446944], [138.21905528, 36.83455], [138.21902417, 36.83463666], [138.21899945, 36.83484056], [138.21895612, 36.83497055], [138.21886944, 36.83504778], [138.21871805, 36.83517139], [138.21863778, 36.83529167], [138.21860389, 36.83537833], [138.218755, 36.83618222], [138.21795917, 36.83640083], [138.21710556, 36.83659556], [138.21621084, 36.8366], [138.21514556, 36.83650834], [138.21497861, 36.83651333], [138.21485694, 36.83653944], [138.21450111, 36.83678222], [138.21431889, 36.83686889], [138.21410166, 36.83688639], [138.21371361, 36.83683417], [138.21292166, 36.83667139], [138.21189, 36.83653806], [138.21134138, 36.83640056]]], [[[138.21432777, 36.83296361], [138.21442389, 36.83306639], [138.21454722, 36.83308361], [138.21479417, 36.83309028], [138.21495528, 36.83310417], [138.21532556, 36.83316222], [138.21546638, 36.83317305], [138.21566861, 36.83317973], [138.21597361, 36.83317973], [138.21631305, 36.83314222], [138.21646028, 36.83311139], [138.21657362, 36.83306], [138.21666611, 36.83292972], [138.21670389, 36.83277889], [138.21673805, 36.83260417], [138.2167175, 36.83250834], [138.21661806, 36.83244333], [138.21640889, 36.83234723], [138.21621667, 36.83229194], [138.21593556, 36.83222694], [138.21569917, 36.83224417], [138.21564083, 36.832275], [138.21550722, 36.83230584], [138.21531528, 36.83231945], [138.21523639, 36.83235028], [138.21510945, 36.83237417], [138.21484889, 36.83243944], [138.21466389, 36.83246334], [138.21442528, 36.83251222], [138.21425722, 36.83253472], [138.21419417, 36.83256611], [138.21409805, 36.83263472], [138.21403639, 36.8327375], [138.2140125, 36.83281639], [138.21397138, 36.83286417], [138.21392, 36.83290889], [138.21386167, 36.83297723], [138.21382389, 36.83305945], [138.21381361, 36.83315556], [138.21383417, 36.83326861], [138.21390278, 36.83333694], [138.21400223, 36.83334389], [138.21404667, 36.83330972], [138.21404, 36.83325139], [138.21398833, 36.8332], [138.21398167, 36.83312111], [138.21403306, 36.83302528], [138.21412556, 36.83291917], [138.21423195, 36.83288834], [138.21430389, 36.83291917], [138.21432777, 36.83296361]]]]}, "properties": {"N03_001": "長野県", "N03_002": null, "N03_003": "上水内郡", "N03_004": "信濃町", "N03_005": null, "N03_007": "20583"}}, {"type": "Feature", "geometry": {"type": "Polygon", "coordinates": [[[137.910105, 36.661578], [137.920368, 36.65701], [137.925099, 36.658448], [137.935505, 36.66559], [137.936353, 36.669583], [137.941346, 36.66949], [137.944798, 36.672097], [137.955388, 36.669003], [137.959371, 36.672467], [137.969756, 36.667865], [137.974986, 36.672623], [137.981521, 36.66643], [138.004224, 36.66023], [138.01075, 36.654621], [138.000472, 36.63887], [138.002217, 36.633397], [138.001282, 36.62744], [137.998383, 36.622795], [138.003286, 36.613713], [138.000034, 36.605929], [138.002254, 36.600504], [137.999185, 36.597951], [137.993382, 36.599763], [137.985991, 36.596571], [137.980805, 36.601414], [137.974403, 36.6008], [137.962968, 36.603834], [137.952505, 36.594966], [137.941768, 36.594782], [137.927526, 36.600002], [137.928068, 36.606487], [137.914399, 36.618646], [137.913659, 36.623923], [137.916771, 36.627918], [137.918783, 36.634561], [137.913868, 36.640281], [137.90944, 36.649018], [137.905252, 36.660219], [137.910105, 36.661578]]]}, "properties": {"N03_001": "長野県", "N03_002": null, "N03_003": "上水内郡", "N03_004": "小川村", "N03_005": null, "N03_007": "20588"}}, {"type": "Feature", "geometry": {"type": "Polygon", "coordinates": [[[138.290814, 36.746843], [138.282104, 36.743861], [138.280486, 36.741629], [138.270173, 36.741927], [138.268151, 36.745925], [138.262341, 36.742475], [138.264518, 36.736781], [138.260778, 36.727707], [138.256826, 36.724578], [138.251302, 36.723183], [138.251521, 36.719175], [138.238932, 36.719122], [138.231424, 36.720953], [138.223503, 36.71424], [138.215673, 36.709034], [138.208469, 36.709343], [138.198642, 36.71285], [138.194653, 36.712708], [138.188242, 36.717943], [138.17881, 36.72151], [138.173226, 36.728076], [138.140492, 36.739645], [138.133852, 36.740807], [138.140121, 36.747535], [138.160251, 36.747788], [138.165458, 36.748732], [138.172287, 36.747161], [138.18557, 36.754785], [138.194996, 36.753958], [138.19977, 36.760037], [138.212254, 36.759097], [138.214508, 36.760092], [138.21312, 36.766866], [138.215836, 36.771483], [138.223474, 36.778872], [138.230731, 36.778784], [138.232405, 36.78231], [138.242706, 36.785404], [138.25157, 36.790288], [138.251409, 36.797977], [138.253252, 36.801554], [138.25886, 36.805738], [138.264455, 36.804753], [138.273008, 36.809148], [138.27426, 36.813819], [138.279626, 36.817713], [138.272732, 36.820817], [138.262205, 36.82192], [138.266054, 36.826463], [138.27252, 36.831106], [138.275736, 36.836735], [138.276188, 36.82828], [138.278972, 36.826914], [138.281477, 36.821066], [138.281231, 36.816795], [138.27567, 36.813747], [138.27396, 36.809589], [138.279341, 36.807214], [138.279976, 36.792396], [138.28624, 36.789409], [138.293714, 36.79021], [138.299604, 36.787957], [138.302965, 36.781575], [138.300073, 36.773534], [138.300773, 36.768274], [138.304256, 36.76408], [138.30044, 36.760632], [138.300665, 36.756705], [138.293938, 36.753078], [138.297796, 36.750287], [138.294106, 36.745873], [138.290814, 36.746843]], [[138.18818361, 36.74523861], [138.18828139, 36.74521027], [138.18851917, 36.74513194], [138.18858889, 36.745115], [138.18865861, 36.74519278], [138.1887725, 36.74538972], [138.18830306, 36.74590361], [138.1875725, 36.74663973], [138.18698917, 36.74725333], [138.18656972, 36.74769222], [138.18651694, 36.74773111], [138.1856475, 36.74792833], [138.18507278, 36.74805611], [138.18483945, 36.74810056], [138.18474778, 36.74808944], [138.18466167, 36.74807278], [138.18411167, 36.74790612], [138.18406028, 36.7478675], [138.18403945, 36.74783944], [138.1840325, 36.74780556], [138.1840325, 36.74774361], [138.18453556, 36.74713555], [138.18457749, 36.74704555], [138.18459139, 36.74704], [138.18459861, 36.74696667], [138.18453556, 36.74678667], [138.18443084, 36.74657833], [138.18434694, 36.74651056], [138.18419305, 36.74649945], [138.18413028, 36.74646556], [138.18379472, 36.74596444], [138.18358528, 36.74560444], [138.18357833, 36.74551444], [138.18359945, 36.74539056], [138.18361333, 36.74525527], [138.18357833, 36.74516527], [138.18389278, 36.74490639], [138.18401862, 36.74476555], [138.18440277, 36.74432083], [138.18449361, 36.74416888], [138.18447972, 36.74410111], [138.18441694, 36.74399416], [138.18435416, 36.74392111], [138.18424944, 36.74384222], [138.18412361, 36.74378583], [138.18403277, 36.74375778], [138.183865, 36.74369583], [138.18385083, 36.74366778], [138.18385083, 36.74356111], [138.18390694, 36.74345389], [138.18392139, 36.74343444], [138.18399084, 36.74334139], [138.18403277, 36.7433075], [138.18408861, 36.7433075], [138.18417944, 36.74339194], [138.18424222, 36.74349333], [138.18429111, 36.74354416], [138.18435416, 36.74358361], [138.18442417, 36.74361166], [138.18467528, 36.7437075], [138.18475223, 36.743775], [138.18493388, 36.74398306], [138.18499, 36.74401111], [138.18525556, 36.74405638], [138.18599639, 36.74416333], [138.18603833, 36.74418583], [138.18614306, 36.74433805], [138.18638778, 36.74443944], [138.18766639, 36.74503584], [138.18810666, 36.74523277], [138.18818361, 36.74523861]]]}, "properties": {"N03_001": "長野県", "N03_002": null, "N03_003": "上水内郡", "N03_004": "飯綱町", "N03_005": null, "N03_007": "20590"}}, {"type": "Feature", "geometry": {"type": "Polygon", "coordinates": [[[138.493812, 36.979978], [138.49129, 36.987063], [138.495968, 36.99846], [138.504576, 37.004301], [138.511311, 37.006941], [138.518419, 37.017379], [138.520708, 37.023289], [138.519859, 37.027826], [138.525907, 37.029836], [138.528756, 37.024772], [138.536511, 37.020927], [138.548506, 37.02119], [138.552537, 37.023624], [138.565889, 37.021261], [138.5698, 37.015461], [138.570987, 37.005404], [138.573237, 37.004539], [138.575664, 36.996625], [138.581236, 36.992899], [138.586302, 36.986888], [138.588165, 36.976938], [138.585513, 36.95741], [138.586557, 36.954034], [138.584517, 36.931891], [138.587158, 36.926126], [138.592006, 36.925412], [138.589291, 36.915452], [138.596188, 36.907114], [138.612867, 36.908549], [138.621015, 36.904082], [138.617737, 36.897209], [138.617812, 36.891884], [138.623421, 36.884664], [138.640911, 36.878579], [138.641806, 36.875645], [138.650972, 36.874421], [138.657356, 36.868046], [138.666705, 36.866615], [138.676498, 36.867251], [138.681658, 36.865348], [138.68845, 36.860628], [138.693203, 36.854817], [138.690137, 36.846135], [138.691649, 36.841473], [138.690012, 36.832351], [138.680672, 36.824161], [138.68028, 36.820147], [138.68718, 36.818052], [138.689977, 36.812893], [138.695788, 36.809056], [138.68915, 36.798439], [138.689452, 36.793572], [138.684211, 36.787924], [138.671714, 36.78359], [138.669002, 36.779075], [138.669544, 36.773661], [138.680011, 36.766436], [138.688, 36.765848], [138.691529, 36.758575], [138.691948, 36.746119], [138.694859, 36.743838], [138.695932, 36.738513], [138.682157, 36.735003], [138.675303, 36.730938], [138.648925, 36.72712], [138.642078, 36.723783], [138.639357, 36.73657], [138.636777, 36.744466], [138.630239, 36.75], [138.63032, 36.750153], [138.630285, 36.750261], [138.630236, 36.750295], [138.630172, 36.750342], [138.629923, 36.750464], [138.629909, 36.750471], [138.629742, 36.750698], [138.629723, 36.750827], [138.629717, 36.751095], [138.629685, 36.751335], [138.629698, 36.751631], [138.629832, 36.751761], [138.630093, 36.751971], [138.630238, 36.752147], [138.628354, 36.753029], [138.628083, 36.753149], [138.627823, 36.75332], [138.627059, 36.753808], [138.626587, 36.754239], [138.626541, 36.754351], [138.626555, 36.754633], [138.626608, 36.754774], [138.626683, 36.754865], [138.62677, 36.755369], [138.626527, 36.755609], [138.626359, 36.755722], [138.626276, 36.755771], [138.626248, 36.756037], [138.626299, 36.756183], [138.626325, 36.756327], [138.626371, 36.756507], [138.626385, 36.756619], [138.626375, 36.756937], [138.626364, 36.757108], [138.626388, 36.757485], [138.626421, 36.757676], [138.626487, 36.75788], [138.62656, 36.75799], [138.626634, 36.758121], [138.626723, 36.758295], [138.626739, 36.758324], [138.626741, 36.758333], [138.626781, 36.758535], [138.626793, 36.758999], [138.626825, 36.759267], [138.626941, 36.759507], [138.627026, 36.759507], [138.627139, 36.759489], [138.627258, 36.759481], [138.62753, 36.759662], [138.627732, 36.759979], [138.627945, 36.7602], [138.628009, 36.760244], [138.62817, 36.760352], [138.628611, 36.76075], [138.628663, 36.760897], [138.628671, 36.760947], [138.628696, 36.761162], [138.628555, 36.762281], [138.628562, 36.762468], [138.628558, 36.762834], [138.628537, 36.762985], [138.628488, 36.763129], [138.628473, 36.763172], [138.628469, 36.763196], [138.628441, 36.76405], [138.628463, 36.764117], [138.628633, 36.764489], [138.628665, 36.764806], [138.628597, 36.764982], [138.628558, 36.765157], [138.62865, 36.765708], [138.628703, 36.765803], [138.628749, 36.765881], [138.628843, 36.765956], [138.628984, 36.766034], [138.629188, 36.766083], [138.629418, 36.766041], [138.629926, 36.766019], [138.630201, 36.76621], [138.630261, 36.766693], [138.630123, 36.766952], [138.629795, 36.767481], [138.629476, 36.768027], [138.6287, 36.768946], [138.628038, 36.769826], [138.627668, 36.770312], [138.62729, 36.771277], [138.627212, 36.771634], [138.627268, 36.771962], [138.627342, 36.772085], [138.627561, 36.772307], [138.627749, 36.772447], [138.627975, 36.77268], [138.628024, 36.772793], [138.62802, 36.772892], [138.627982, 36.773043], [138.627893, 36.773308], [138.62789, 36.773431], [138.627925, 36.773523], [138.627943, 36.773558], [138.628004, 36.773659], [138.628113, 36.773818], [138.628322, 36.774082], [138.628788, 36.774393], [138.629329, 36.7745], [138.630134, 36.774616], [138.63053, 36.774662], [138.630671, 36.774722], [138.630756, 36.774824], [138.630773, 36.774873], [138.630775, 36.775], [138.630675, 36.775244], [138.630399, 36.775888], [138.630199, 36.776331], [138.630098, 36.776594], [138.630064, 36.776797], [138.630088, 36.776941], [138.630138, 36.777001], [138.630399, 36.777156], [138.630787, 36.777301], [138.631555, 36.777591], [138.632066, 36.777811], [138.63267, 36.778168], [138.632977, 36.778514], [138.632977, 36.77856], [138.632956, 36.778637], [138.632917, 36.778651], [138.632465, 36.778704], [138.631911, 36.778785], [138.63183, 36.778817], [138.631664, 36.779026], [138.631408, 36.779586], [138.631413, 36.779756], [138.631551, 36.779982], [138.631568, 36.780129], [138.63155, 36.780259], [138.631544, 36.780281], [138.631438, 36.780446], [138.631264, 36.780994], [138.631105, 36.781375], [138.631083, 36.781467], [138.631063, 36.781548], [138.631035, 36.781794], [138.631053, 36.781882], [138.63112, 36.781977], [138.631409, 36.782118], [138.631769, 36.782329], [138.631865, 36.782562], [138.631836, 36.782681], [138.631804, 36.782719], [138.631744, 36.782772], [138.631402, 36.783083], [138.631278, 36.783255], [138.631256, 36.783333], [138.631253, 36.783365], [138.631274, 36.783555], [138.63132, 36.783654], [138.631507, 36.783736], [138.631717, 36.783789], [138.632162, 36.78393], [138.632526, 36.784101], [138.632653, 36.784161], [138.633062, 36.784344], [138.633182, 36.784425], [138.633133, 36.784542], [138.633035, 36.784605], [138.632548, 36.784884], [138.632477, 36.784928], [138.632264, 36.785062], [138.632208, 36.785161], [138.632254, 36.785308], [138.632477, 36.785446], [138.633333, 36.785527], [138.633339, 36.785527], [138.633868, 36.785559], [138.634381, 36.785688], [138.634431, 36.785744], [138.634585, 36.785924], [138.634705, 36.786153], [138.634705, 36.78622], [138.634677, 36.78641], [138.634596, 36.786643], [138.634536, 36.78679], [138.634511, 36.787026], [138.634511, 36.787086], [138.634426, 36.787382], [138.634395, 36.787495], [138.63422, 36.787895], [138.634267, 36.788765], [138.634204, 36.788892], [138.634119, 36.78905], [138.633885, 36.789569], [138.633851, 36.789747], [138.633736, 36.790188], [138.633621, 36.790423], [138.633581, 36.790601], [138.633604, 36.790687], [138.633745, 36.79094], [138.633953, 36.791171], [138.634116, 36.791352], [138.634251, 36.791652], [138.634249, 36.791667], [138.63424, 36.791723], [138.634156, 36.791877], [138.634041, 36.791942], [138.633817, 36.792019], [138.633333, 36.792165], [138.63299, 36.792283], [138.632669, 36.792486], [138.632581, 36.792658], [138.632545, 36.792824], [138.632519, 36.792892], [138.632418, 36.793091], [138.63211, 36.793527], [138.631812, 36.793715], [138.631735, 36.793737], [138.631542, 36.793763], [138.631451, 36.793763], [138.631359, 36.793752], [138.631287, 36.793709], [138.63128, 36.793704], [138.631198, 36.793454], [138.631198, 36.793187], [138.631258, 36.792601], [138.631209, 36.792413], [138.631097, 36.792307], [138.631045, 36.792275], [138.63053, 36.792093], [138.630218, 36.792149], [138.62992, 36.792329], [138.629723, 36.792458], [138.629687, 36.792571], [138.629687, 36.79279], [138.629683, 36.793311], [138.629692, 36.793537], [138.629697, 36.793623], [138.629773, 36.794156], [138.630044, 36.795166], [138.630309, 36.795441], [138.630971, 36.796075], [138.63099, 36.796092], [138.631174, 36.796309], [138.631179, 36.796323], [138.631176, 36.796415], [138.631167, 36.796477], [138.631108, 36.796629], [138.630907, 36.796992], [138.63075, 36.797175], [138.630671, 36.797248], [138.630508, 36.797326], [138.630017, 36.797388], [138.62997, 36.797377], [138.629858, 36.797256], [138.629987, 36.796668], [138.629981, 36.796431], [138.629913, 36.796088], [138.62984, 36.796031], [138.629473, 36.795958], [138.629323, 36.795956], [138.628829, 36.79588], [138.628415, 36.795731], [138.628044, 36.795683], [138.62774, 36.795725], [138.627436, 36.795818], [138.627283, 36.795934], [138.626858, 36.796397], [138.626621, 36.796795], [138.626592, 36.79682], [138.626454, 36.796879], [138.626351, 36.796891], [138.625605, 36.796868], [138.625, 36.796959], [138.625, 36.798425], [138.625154, 36.798601], [138.62535, 36.798866], [138.625368, 36.798899], [138.625361, 36.799626], [138.62523, 36.799975], [138.625222, 36.8], [138.625191, 36.800093], [138.625052, 36.8003], [138.625, 36.80038], [138.619432, 36.80952], [138.616069, 36.80843], [138.608572, 36.813113], [138.595347, 36.812801], [138.588056, 36.810348], [138.57561, 36.809953], [138.564075, 36.815725], [138.564435, 36.818471], [138.554718, 36.819423], [138.549539, 36.823889], [138.550568, 36.826519], [138.541346, 36.836476], [138.556685, 36.85191], [138.551029, 36.857456], [138.542156, 36.854182], [138.534757, 36.857435], [138.524482, 36.858883], [138.510123, 36.853819], [138.496045, 36.856911], [138.495504, 36.860143], [138.500022, 36.862712], [138.498972, 36.869389], [138.501346, 36.876139], [138.498897, 36.883273], [138.493937, 36.885706], [138.500833, 36.889436], [138.502299, 36.893125], [138.509778, 36.900929], [138.51406, 36.908611], [138.497004, 36.924749], [138.493833, 36.925662], [138.482947, 36.924446], [138.480834, 36.929305], [138.482594, 36.938324], [138.491916, 36.948793], [138.49158, 36.952546], [138.499138, 36.964635], [138.509531, 36.968671], [138.513207, 36.973265], [138.516929, 36.974579], [138.521645, 36.982923], [138.517506, 36.984822], [138.498804, 36.978028], [138.493812, 36.979978]]]}, "properties": {"N03_001": "長野県", "N03_002": null, "N03_003": "下水内郡", "N03_004": "栄村", "N03_005": null, "N03_007": "20602"}}]}