{"type": "FeatureCollection", "features": [{"type": "Feature", "geometry": {"type": "MultiPolygon", "coordinates": [[[[140.634114, 40.689803], [140.635457, 40.687259], [140.638687, 40.679325], [140.640246, 40.67819], [140.655085, 40.667378], [140.669259, 40.656512], [140.695462, 40.660519], [140.701806, 40.656844], [140.705543, 40.661763], [140.728489, 40.666384], [140.738504, 40.661297], [140.75004, 40.663138], [140.760946, 40.660926], [140.766401, 40.665939], [140.786199, 40.649264], [140.804835, 40.645458], [140.807378, 40.643776], [140.827855, 40.623777], [140.827815, 40.620441], [140.8439, 40.612076], [140.84426, 40.606039], [140.844267, 40.605922], [140.858136, 40.609329], [140.876686, 40.613885], [140.876635, 40.625429], [140.883776, 40.63981], [140.883876, 40.640012], [140.883781, 40.640083], [140.876317, 40.645719], [140.876346, 40.645791], [140.879352, 40.653238], [140.877599, 40.657395], [140.887328, 40.653089], [140.910826, 40.65293], [140.919726, 40.645747], [140.935732, 40.642812], [140.954996, 40.646991], [140.956214, 40.655983], [140.961115, 40.658857], [140.959744, 40.665252], [140.968147, 40.673628], [140.970234, 40.692359], [140.978951, 40.697607], [140.978967, 40.697616], [140.964076, 40.709784], [140.953525, 40.718406], [140.95317, 40.718696], [140.952957, 40.718715], [140.952775, 40.718815], [140.931241, 40.721287], [140.925518, 40.727136], [140.909154, 40.729375], [140.901358, 40.738218], [140.901724, 40.742042], [140.901885, 40.743248], [140.90606, 40.745903], [140.905887, 40.751276], [140.906075, 40.751517], [140.913354, 40.756741], [140.916419, 40.756749], [140.917737, 40.759887], [140.919118, 40.760878], [140.939543, 40.759498], [140.954561, 40.766344], [140.954704, 40.766409], [140.961355, 40.773023], [140.957946, 40.779909], [140.975318, 40.791295], [140.980756, 40.805923], [140.980564, 40.806056], [140.980271, 40.806257], [140.968267, 40.814505], [140.954785, 40.817997], [140.957516, 40.829975], [140.950113, 40.837005], [140.932137, 40.842896], [140.931289, 40.856198], [140.913226, 40.864625], [140.910612, 40.871309], [140.89265, 40.883318], [140.892401, 40.883572], [140.893816, 40.887084], [140.88824, 40.889963], [140.891232, 40.896153], [140.883002, 40.897067], [140.881052, 40.902346], [140.881038, 40.902385], [140.861105, 40.903138], [140.854943, 40.903371], [140.859864, 40.89663], [140.859616, 40.888013], [140.850195, 40.883826], [140.849523, 40.877335], [140.845169, 40.872961], [140.834889, 40.872118], [140.834718, 40.866155], [140.822643, 40.861173], [140.819391, 40.852884], [140.815715, 40.851612], [140.816992, 40.852592], [140.818472, 40.85478], [140.797915, 40.837194], [140.776939, 40.83152], [140.759776, 40.83661], [140.761431, 40.835302], [140.756648, 40.83041], [140.749267, 40.82968], [140.746766, 40.830155], [140.747917, 40.834404], [140.742947, 40.837135], [140.745409, 40.82997], [140.734978, 40.829817], [140.74144, 40.835259], [140.732941, 40.830213], [140.73443, 40.833221], [140.716093, 40.845538], [140.720495, 40.848472], [140.714453, 40.845814], [140.707557, 40.851025], [140.703949, 40.850061], [140.706793, 40.851723], [140.703895, 40.850058], [140.704297, 40.851006], [140.70209, 40.854838], [140.703231, 40.851116], [140.687904, 40.865866], [140.684357, 40.872659], [140.687285, 40.873762], [140.682415, 40.875951], [140.676932, 40.889311], [140.679156, 40.891511], [140.676853, 40.892789], [140.679931, 40.891472], [140.675842, 40.89551], [140.665885, 40.931594], [140.667537, 40.932098], [140.667835, 40.932999], [140.664868, 40.934816], [140.668846, 40.933045], [140.663981, 40.936108], [140.660792, 40.948452], [140.618672, 40.95225], [140.61426, 40.948073], [140.608873, 40.950431], [140.605254, 40.959867], [140.600743, 40.962444], [140.587473, 40.965482], [140.581141, 40.962742], [140.563248, 40.970195], [140.553596, 40.969264], [140.554688, 40.960527], [140.555221, 40.956266], [140.555277, 40.955811], [140.555302, 40.955618], [140.562194, 40.953238], [140.566905, 40.944334], [140.579933, 40.940317], [140.587822, 40.933951], [140.582863, 40.927651], [140.58605, 40.922605], [140.582455, 40.918085], [140.583468, 40.913844], [140.578797, 40.911891], [140.579605, 40.907287], [140.573761, 40.901014], [140.575261, 40.897053], [140.584229, 40.894333], [140.585984, 40.886269], [140.58989, 40.883305], [140.587339, 40.879238], [140.591222, 40.870383], [140.59142, 40.865823], [140.588381, 40.857881], [140.58887, 40.849227], [140.579684, 40.840702], [140.581986, 40.832894], [140.577198, 40.828973], [140.577472, 40.814773], [140.573491, 40.809668], [140.577557, 40.797631], [140.572866, 40.793619], [140.576608, 40.787217], [140.572041, 40.779637], [140.577452, 40.765405], [140.571822, 40.75987], [140.563869, 40.760707], [140.558086, 40.757428], [140.555968, 40.748862], [140.545921, 40.742952], [140.544022, 40.746242], [140.536106, 40.737965], [140.523935, 40.736927], [140.527567, 40.730607], [140.520239, 40.729689], [140.520411, 40.728184], [140.521126, 40.721957], [140.521291, 40.72179], [140.536916, 40.705992], [140.547064, 40.700284], [140.548752, 40.695481], [140.546063, 40.69411], [140.545348, 40.686727], [140.541528, 40.687588], [140.540076, 40.687263], [140.550329, 40.669713], [140.556221, 40.678607], [140.554611, 40.684214], [140.559181, 40.688064], [140.578245, 40.687317], [140.578301, 40.68733], [140.578735, 40.687314], [140.598516, 40.692104], [140.618178, 40.687248], [140.634114, 40.689803]]], [[[140.735241, 40.833509], [140.734761, 40.833759], [140.734694, 40.833686], [140.735181, 40.833437], [140.735241, 40.833509]]], [[[140.757455, 40.837444], [140.759242, 40.838654], [140.750448, 40.83567], [140.751522, 40.83565], [140.757455, 40.837444]]], [[[140.735916, 40.841149], [140.726592, 40.845696], [140.726782, 40.849786], [140.726447, 40.845717], [140.731453, 40.841498], [140.73416, 40.841241], [140.735916, 40.841149]]], [[[140.719077, 40.855718], [140.724069, 40.857261], [140.719037, 40.855788], [140.719077, 40.855718]]], [[[140.697123, 40.857893], [140.697062, 40.857853], [140.697759, 40.857343], [140.697815, 40.857398], [140.697123, 40.857893]]], [[[140.767532, 40.834967], [140.770737, 40.834784], [140.771061, 40.833437], [140.770765, 40.834805], [140.767532, 40.834967]]], [[[140.77125, 40.835011], [140.769921, 40.835045], [140.771254, 40.834982], [140.77125, 40.835011]]], [[[140.766324, 40.835775], [140.766301, 40.835757], [140.766932, 40.835182], [140.766984, 40.835179], [140.766671, 40.835459], [140.766324, 40.835775]]], [[[140.765544, 40.836506], [140.764701, 40.836455], [140.764702, 40.836403], [140.765546, 40.836456], [140.765544, 40.836506]]], [[[140.849438, 40.894148], [140.852146, 40.895403], [140.848326, 40.897571], [140.847086, 40.895728], [140.849438, 40.894148]]], [[[140.853806, 40.903215], [140.854268, 40.903391], [140.853551, 40.903736], [140.853427, 40.903377], [140.853806, 40.903215]]]]}, "properties": {"N03_001": "青森県", "N03_002": null, "N03_003": null, "N03_004": "青森市", "N03_005": null, "N03_007": "02201"}}, {"type": "Feature", "geometry": {"type": "Polygon", "coordinates": [[[140.343826, 40.472998], [140.347808, 40.467548], [140.361301, 40.478392], [140.372579, 40.476187], [140.377948, 40.47654], [140.387708, 40.487102], [140.394133, 40.485024], [140.396613, 40.478355], [140.402237, 40.474907], [140.427077, 40.482592], [140.437206, 40.478256], [140.450031, 40.479396], [140.460564, 40.480332], [140.460864, 40.480801], [140.464181, 40.48599], [140.464654, 40.486731], [140.464598, 40.486792], [140.464645, 40.486883], [140.458481, 40.493568], [140.460305, 40.495656], [140.46246, 40.498125], [140.462634, 40.498323], [140.462026, 40.502694], [140.483997, 40.507759], [140.485035, 40.51189], [140.481872, 40.51461], [140.485502, 40.51929], [140.510207, 40.524233], [140.520077, 40.522869], [140.532506, 40.527294], [140.544296, 40.547266], [140.550958, 40.536149], [140.553697, 40.537082], [140.553725, 40.537092], [140.553653, 40.549994], [140.55854, 40.549677], [140.563971, 40.542949], [140.570489, 40.543752], [140.57782, 40.537135], [140.585206, 40.541507], [140.598083, 40.54277], [140.59809, 40.542831], [140.598511, 40.546354], [140.598709, 40.548013], [140.598368, 40.548287], [140.597004, 40.549383], [140.592488, 40.553014], [140.579389, 40.563544], [140.56206, 40.563022], [140.561168, 40.565295], [140.557608, 40.559821], [140.552687, 40.560759], [140.548212, 40.554936], [140.538601, 40.558713], [140.530172, 40.570597], [140.538733, 40.574327], [140.533858, 40.576693], [140.529245, 40.573038], [140.526158, 40.578347], [140.528194, 40.588087], [140.525026, 40.612788], [140.515015, 40.614497], [140.510222, 40.61095], [140.509716, 40.611782], [140.508999, 40.613072], [140.508913, 40.613226], [140.513907, 40.615167], [140.513859, 40.615281], [140.511444, 40.621019], [140.504442, 40.6245], [140.506155, 40.629259], [140.499896, 40.632162], [140.499824, 40.632195], [140.496198, 40.643854], [140.494142, 40.650466], [140.483047, 40.651549], [140.482969, 40.651556], [140.482954, 40.651538], [140.482903, 40.651533], [140.477888, 40.645645], [140.46724, 40.655347], [140.465211, 40.661275], [140.460764, 40.661591], [140.46547, 40.67051], [140.465427, 40.670688], [140.466483, 40.671302], [140.464939, 40.672729], [140.463417, 40.679089], [140.468465, 40.681325], [140.466678, 40.682226], [140.465319, 40.682912], [140.456081, 40.687571], [140.453635, 40.694641], [140.435772, 40.708072], [140.426546, 40.722009], [140.426503, 40.722028], [140.426344, 40.722268], [140.424653, 40.722873], [140.4191, 40.725408], [140.420438, 40.736654], [140.408943, 40.738499], [140.404563, 40.735465], [140.401374, 40.745872], [140.401328, 40.745891], [140.400405, 40.746269], [140.39593, 40.748102], [140.395649, 40.74789], [140.386949, 40.741342], [140.383171, 40.747738], [140.377994, 40.744826], [140.363624, 40.749805], [140.356838, 40.748736], [140.354349, 40.751473], [140.356379, 40.75558], [140.340473, 40.759553], [140.340422, 40.759566], [140.332995, 40.761421], [140.328392, 40.757842], [140.316305, 40.748442], [140.316917, 40.744143], [140.309598, 40.744572], [140.301722, 40.733381], [140.289477, 40.72836], [140.286804, 40.720272], [140.292312, 40.692974], [140.309259, 40.703883], [140.337131, 40.699436], [140.33217, 40.692898], [140.315569, 40.680996], [140.303192, 40.677738], [140.288739, 40.669281], [140.290339, 40.666933], [140.278175, 40.662356], [140.279552, 40.654578], [140.221757, 40.642324], [140.214352, 40.63399], [140.219131, 40.624626], [140.208201, 40.619445], [140.204723, 40.609083], [140.189392, 40.605706], [140.193049, 40.601352], [140.19061, 40.593198], [140.182419, 40.595981], [140.173883, 40.594188], [140.165208, 40.587446], [140.157109, 40.587521], [140.154891, 40.585822], [140.1548, 40.585751], [140.154727, 40.585696], [140.157253, 40.58195], [140.155027, 40.571566], [140.155072, 40.571529], [140.155053, 40.571437], [140.16173, 40.565839], [140.160171, 40.559396], [140.163175, 40.556982], [140.163214, 40.556951], [140.16363, 40.557307], [140.173621, 40.565876], [140.176768, 40.566464], [140.178785, 40.565282], [140.180501, 40.56031], [140.180533, 40.560295], [140.180535, 40.560281], [140.189962, 40.555787], [140.197505, 40.556388], [140.197579, 40.556546], [140.202064, 40.566116], [140.207988, 40.567003], [140.211136, 40.57173], [140.210072, 40.580893], [140.221902, 40.589277], [140.231066, 40.590677], [140.236599, 40.597572], [140.237288, 40.604293], [140.24766, 40.602796], [140.252715, 40.610729], [140.268904, 40.616011], [140.284403, 40.611825], [140.289515, 40.606442], [140.297008, 40.60715], [140.298292, 40.603405], [140.294988, 40.603166], [140.299459, 40.594851], [140.307874, 40.59393], [140.311148, 40.590171], [140.307389, 40.585092], [140.29866, 40.584978], [140.308818, 40.578835], [140.303864, 40.574027], [140.310825, 40.564391], [140.310053, 40.552308], [140.302537, 40.546652], [140.302076, 40.529184], [140.302033, 40.527573], [140.305811, 40.521405], [140.321432, 40.512655], [140.321647, 40.512327], [140.32109, 40.507758], [140.319156, 40.504144], [140.32015, 40.50003], [140.320161, 40.499983], [140.320286, 40.499464], [140.329783, 40.492528], [140.327337, 40.481432], [140.334336, 40.481096], [140.337589, 40.474642], [140.343826, 40.472998]]]}, "properties": {"N03_001": "青森県", "N03_002": null, "N03_003": null, "N03_004": "弘前市", "N03_005": null, "N03_007": "02202"}}, {"type": "Feature", "geometry": {"type": "MultiPolygon", "coordinates": [[[[141.365364, 40.49591], [141.364934, 40.494629], [141.381239, 40.504246], [141.381434, 40.493227], [141.39149, 40.487797], [141.393136, 40.480163], [141.401141, 40.473328], [141.40848, 40.47521], [141.408043, 40.472343], [141.412373, 40.470167], [141.4186, 40.476566], [141.427671, 40.459217], [141.453496, 40.448347], [141.444048, 40.438978], [141.440124, 40.429405], [141.395948, 40.423397], [141.401229, 40.414939], [141.387581, 40.406353], [141.388534, 40.400344], [141.382845, 40.399509], [141.389216, 40.392991], [141.38401, 40.392727], [141.387023, 40.38735], [141.384878, 40.377656], [141.371444, 40.38143], [141.363595, 40.380466], [141.363886, 40.380388], [141.372932, 40.377969], [141.38373, 40.375082], [141.381909, 40.367603], [141.373453, 40.364151], [141.372963, 40.363951], [141.37497, 40.364204], [141.387048, 40.364623], [141.393098, 40.360686], [141.397254, 40.367249], [141.400316, 40.366903], [141.407126, 40.357125], [141.419242, 40.363525], [141.427289, 40.36181], [141.433953, 40.373717], [141.441603, 40.37604], [141.454309, 40.373001], [141.473003, 40.377093], [141.49087, 40.370854], [141.49895, 40.362122], [141.507506, 40.362861], [141.518172, 40.351836], [141.539536, 40.348173], [141.553699, 40.358658], [141.542756, 40.379391], [141.538608, 40.380549], [141.538486, 40.380583], [141.52846, 40.393289], [141.522006, 40.401469], [141.519747, 40.407727], [141.519354, 40.411388], [141.522145, 40.425607], [141.518801, 40.456947], [141.533302, 40.460036], [141.537989, 40.452688], [141.545171, 40.454461], [141.547821, 40.451325], [141.552616, 40.457374], [141.552908, 40.464484], [141.558513, 40.465869], [141.556726, 40.474114], [141.570388, 40.479574], [141.586282, 40.475805], [141.594724, 40.477321], [141.59327, 40.46793], [141.604162, 40.463108], [141.62312, 40.467274], [141.631389, 40.474513], [141.643542, 40.473492], [141.645179, 40.474599], [141.646574, 40.475543], [141.640357, 40.479467], [141.640358, 40.479528], [141.640307, 40.479524], [141.640312, 40.479496], [141.634287, 40.483298], [141.634182, 40.488086], [141.630174, 40.490953], [141.632112, 40.493366], [141.632151, 40.493323], [141.632269, 40.493405], [141.632183, 40.493456], [141.632897, 40.494344], [141.632865, 40.494658], [141.633279, 40.49435], [141.633242, 40.494725], [141.632995, 40.494638], [141.632865, 40.49466], [141.632767, 40.495627], [141.621756, 40.49866], [141.619091, 40.50394], [141.621822, 40.505641], [141.619326, 40.505535], [141.61931, 40.505564], [141.619241, 40.505551], [141.619246, 40.505532], [141.618536, 40.505502], [141.618536, 40.505533], [141.61848, 40.505499], [141.612698, 40.505253], [141.608577, 40.513984], [141.607552, 40.514356], [141.607539, 40.514391], [141.607487, 40.51438], [141.599042, 40.517447], [141.598892, 40.520133], [141.592348, 40.518809], [141.587765, 40.52218], [141.581803, 40.530816], [141.582787, 40.532651], [141.582819, 40.532628], [141.582852, 40.532663], [141.582806, 40.532688], [141.583034, 40.533113], [141.583105, 40.533108], [141.583073, 40.533185], [141.583129, 40.533289], [141.583159, 40.53315], [141.583736, 40.533119], [141.583806, 40.533273], [141.583208, 40.533437], [141.583469, 40.533924], [141.580384, 40.535499], [141.580393, 40.535505], [141.58039, 40.535529], [141.580335, 40.535537], [141.580339, 40.535522], [141.579621, 40.535889], [141.580081, 40.536661], [141.580099, 40.536659], [141.580093, 40.536681], [141.581702, 40.539383], [141.576306, 40.542893], [141.576519, 40.542941], [141.576316, 40.543209], [141.576139, 40.543156], [141.576249, 40.542931], [141.575983, 40.543104], [141.572785, 40.541753], [141.569848, 40.542966], [141.569828, 40.542402], [141.566093, 40.543], [141.563667, 40.54232], [141.565064, 40.542565], [141.565697, 40.541535], [141.560425, 40.538255], [141.558157, 40.540017], [141.552292, 40.529463], [141.552438, 40.534522], [141.549229, 40.529823], [141.542987, 40.530991], [141.543661, 40.527619], [141.54126, 40.527322], [141.536954, 40.527258], [141.538952, 40.531795], [141.534563, 40.527182], [141.527217, 40.528812], [141.53088, 40.529397], [141.528126, 40.531166], [141.534501, 40.53083], [141.534474, 40.531545], [141.527694, 40.531808], [141.524321, 40.529587], [141.525446, 40.53132], [141.522455, 40.531033], [141.52533, 40.533225], [141.515083, 40.538894], [141.518058, 40.540339], [141.514345, 40.543075], [141.504529, 40.540384], [141.502853, 40.542939], [141.512368, 40.546723], [141.514622, 40.552466], [141.512294, 40.54677], [141.50755, 40.549108], [141.501821, 40.546637], [141.500367, 40.548596], [141.506126, 40.551085], [141.498329, 40.551335], [141.49687, 40.553299], [141.500125, 40.556773], [141.492843, 40.558986], [141.487491, 40.556788], [141.483517, 40.5613], [141.491866, 40.56621], [141.503534, 40.559289], [141.521043, 40.555265], [141.528094, 40.558735], [141.521108, 40.555426], [141.503622, 40.559413], [141.488944, 40.571208], [141.482357, 40.568867], [141.477117, 40.578429], [141.479456, 40.579327], [141.477155, 40.586489], [141.473837, 40.586789], [141.478237, 40.58653], [141.470667, 40.588386], [141.463705, 40.603569], [141.463344, 40.603166], [141.461447, 40.601051], [141.457153, 40.599968], [141.452616, 40.600346], [141.425011, 40.591868], [141.424345, 40.587096], [141.411675, 40.583648], [141.410276, 40.581908], [141.409891, 40.581428], [141.406532, 40.577251], [141.407468, 40.574764], [141.407982, 40.573398], [141.408489, 40.572049], [141.409251, 40.573613], [141.412187, 40.57411], [141.420329, 40.572966], [141.423509, 40.562461], [141.421931, 40.556389], [141.42673, 40.554173], [141.423317, 40.554537], [141.419834, 40.557816], [141.419846, 40.554092], [141.424418, 40.551484], [141.424065, 40.547396], [141.422183, 40.544675], [141.422118, 40.544665], [141.423271, 40.547727], [141.418489, 40.553284], [141.415473, 40.550231], [141.417948, 40.546796], [141.413859, 40.54957], [141.410441, 40.546692], [141.416871, 40.544027], [141.413912, 40.542397], [141.418018, 40.540246], [141.423104, 40.540205], [141.40266, 40.537188], [141.391059, 40.531281], [141.384729, 40.523891], [141.377129, 40.524235], [141.354763, 40.517066], [141.358407, 40.510384], [141.354484, 40.505806], [141.354753, 40.505663], [141.366538, 40.499405], [141.365496, 40.496302], [141.365364, 40.49591]]], [[[141.542029, 40.528238], [141.542035, 40.528197], [141.542629, 40.528244], [141.542623, 40.528286], [141.542029, 40.528238]]], [[[141.536157, 40.536555], [141.544216, 40.536015], [141.546948, 40.537766], [141.534046, 40.53825], [141.536157, 40.536555]]], [[[141.556449, 40.538513], [141.556493, 40.538577], [141.556449, 40.538669], [141.556322, 40.538517], [141.556449, 40.538513]]], [[[141.556505, 40.538699], [141.55654, 40.538662], [141.556552, 40.538668], [141.556547, 40.538712], [141.556505, 40.538699]]], [[[141.56072, 40.538735], [141.560691, 40.538728], [141.560689, 40.53872], [141.560724, 40.538711], [141.56072, 40.538735]]], [[[141.559977, 40.538756], [141.559949, 40.538711], [141.559988, 40.538691], [141.559995, 40.538724], [141.559977, 40.538756]]], [[[141.560366, 40.538665], [141.560412, 40.538658], [141.560446, 40.538801], [141.560426, 40.538739], [141.560382, 40.538765], [141.560366, 40.538665]]], [[[141.560802, 40.538746], [141.560794, 40.538734], [141.560842, 40.538715], [141.56084, 40.538747], [141.560802, 40.538746]]], [[[141.560918, 40.538741], [141.560927, 40.538776], [141.560865, 40.538783], [141.560906, 40.538721], [141.560918, 40.538741]]], [[[141.556657, 40.538874], [141.556545, 40.53875], [141.556595, 40.538671], [141.556674, 40.538836], [141.556657, 40.538874]]], [[[141.560279, 40.5389], [141.560213, 40.538817], [141.560233, 40.538726], [141.560356, 40.538831], [141.560279, 40.5389]]], [[[141.556572, 40.538832], [141.556526, 40.53887], [141.556528, 40.538767], [141.55654, 40.538768], [141.556572, 40.538832]]], [[[141.556265, 40.538902], [141.55624, 40.53888], [141.556263, 40.538815], [141.556283, 40.538859], [141.556265, 40.538902]]], [[[141.556287, 40.538718], [141.556462, 40.538697], [141.556493, 40.539025], [141.556364, 40.539004], [141.556287, 40.538718]]], [[[141.548312, 40.539291], [141.549167, 40.538843], [141.555386, 40.538506], [141.549185, 40.53894], [141.548312, 40.539291]]], [[[141.561206, 40.538966], [141.561283, 40.538974], [141.561283, 40.53902], [141.561202, 40.538983], [141.561206, 40.538966]]], [[[141.561445, 40.539009], [141.561433, 40.539036], [141.561417, 40.539027], [141.561428, 40.539013], [141.561445, 40.539009]]], [[[141.556366, 40.539068], [141.556407, 40.539054], [141.556423, 40.539076], [141.556399, 40.539088], [141.556366, 40.539068]]], [[[141.556645, 40.539142], [141.556698, 40.539155], [141.556696, 40.539179], [141.556643, 40.539175], [141.556645, 40.539142]]], [[[141.556692, 40.539244], [141.556649, 40.539244], [141.556639, 40.539196], [141.556702, 40.539217], [141.556692, 40.539244]]], [[[141.556889, 40.539425], [141.556941, 40.539392], [141.557011, 40.53947], [141.556859, 40.53946], [141.556889, 40.539425]]], [[[141.557334, 40.539596], [141.557794, 40.540003], [141.557511, 40.53988], [141.557441, 40.53987], [141.557402, 40.53977], [141.557381, 40.539781], [141.557375, 40.539772], [141.557398, 40.539765], [141.557401, 40.539767], [141.557334, 40.539596]]], [[[141.557132, 40.539772], [141.557039, 40.539853], [141.556939, 40.539746], [141.556989, 40.539709], [141.557132, 40.539772]]], [[[141.557192, 40.539837], [141.557147, 40.539869], [141.557125, 40.539839], [141.557164, 40.539826], [141.557192, 40.539837]]], [[[141.528768, 40.539998], [141.53084, 40.544032], [141.532976, 40.54244], [141.528693, 40.54623], [141.524055, 40.54501], [141.527914, 40.540523], [141.525129, 40.538501], [141.521709, 40.541244], [141.521946, 40.538849], [141.526223, 40.533843], [141.533334, 40.536339], [141.528768, 40.539998]]], [[[141.558218, 40.540124], [141.558171, 40.540111], [141.558233, 40.540016], [141.558285, 40.540098], [141.558218, 40.540124]]], [[[141.562099, 40.540307], [141.562132, 40.540381], [141.562067, 40.540463], [141.562005, 40.540391], [141.562099, 40.540307]]], [[[141.563408, 40.540476], [141.563365, 40.540473], [141.563367, 40.540437], [141.563451, 40.540461], [141.563408, 40.540476]]], [[[141.562193, 40.540499], [141.562136, 40.540496], [141.562118, 40.540456], [141.56225, 40.540474], [141.562193, 40.540499]]], [[[141.562298, 40.540498], [141.562338, 40.540497], [141.562338, 40.540512], [141.562301, 40.540511], [141.562298, 40.540498]]], [[[141.562471, 40.540615], [141.562461, 40.540593], [141.56249, 40.540581], [141.562492, 40.540612], [141.562471, 40.540615]]], [[[141.563525, 40.540625], [141.563514, 40.540648], [141.563474, 40.540647], [141.563484, 40.540613], [141.563525, 40.540625]]], [[[141.56372, 40.540675], [141.563814, 40.540571], [141.563962, 40.540524], [141.563683, 40.540752], [141.56372, 40.540675]]], [[[141.562507, 40.540908], [141.562518, 40.540884], [141.562536, 40.540898], [141.562522, 40.540908], [141.562507, 40.540908]]], [[[141.506488, 40.541148], [141.50675, 40.541599], [141.506024, 40.54143], [141.50611, 40.54094], [141.506488, 40.541148]]], [[[141.550271, 40.546501], [141.549579, 40.549857], [141.549381, 40.5474], [141.549766, 40.546665], [141.550623, 40.546216], [141.560359, 40.54471], [141.550271, 40.546501]]], [[[141.545554, 40.549119], [141.535228, 40.556745], [141.534912, 40.56592], [141.534839, 40.557709], [141.535345, 40.55614], [141.542599, 40.550105], [141.543952, 40.549419], [141.545554, 40.549119]]], [[[141.481765, 40.584129], [141.482517, 40.583735], [141.479259, 40.58748], [141.481091, 40.584699], [141.481765, 40.584129]]], [[[141.463465, 40.604153], [141.463533, 40.604133], [141.464655, 40.606014], [141.464173, 40.605393], [141.463465, 40.604153]]], [[[141.580135, 40.53634], [141.580029, 40.536344], [141.580009, 40.536296], [141.580112, 40.536268], [141.580135, 40.53634]]], [[[141.579965, 40.536446], [141.580009, 40.536348], [141.580119, 40.536376], [141.580062, 40.536458], [141.579965, 40.536446]]], [[[141.580065, 40.536613], [141.58005, 40.536547], [141.580162, 40.536571], [141.580138, 40.536627], [141.580065, 40.536613]]], [[[141.580067, 40.541455], [141.58002, 40.541478], [141.580022, 40.541382], [141.580098, 40.541401], [141.580067, 40.541455]]], [[[141.579281, 40.541533], [141.57934, 40.541514], [141.579373, 40.541537], [141.579316, 40.541557], [141.579281, 40.541533]]], [[[141.579033, 40.541605], [141.57897, 40.54174], [141.578816, 40.541778], [141.578858, 40.541686], [141.579033, 40.541605]]], [[[141.579432, 40.541605], [141.579687, 40.541543], [141.578985, 40.541963], [141.579159, 40.541753], [141.579432, 40.541605]]], [[[141.56527, 40.54199], [141.565311, 40.542033], [141.56507, 40.541947], [141.565085, 40.541926], [141.56527, 40.54199]]], [[[141.579956, 40.54199], [141.579834, 40.54219], [141.579721, 40.542051], [141.579793, 40.541987], [141.579956, 40.54199]]], [[[141.565308, 40.542068], [141.565341, 40.542079], [141.565321, 40.542114], [141.565288, 40.542103], [141.565308, 40.542068]]], [[[141.571934, 40.542433], [141.57198, 40.542331], [141.572071, 40.542337], [141.572079, 40.542399], [141.571934, 40.542433]]], [[[141.571946, 40.542556], [141.57179, 40.542599], [141.57176, 40.542525], [141.571847, 40.54251], [141.571946, 40.542556]]], [[[141.571634, 40.542605], [141.571602, 40.542653], [141.57153, 40.542601], [141.571598, 40.542581], [141.571634, 40.542605]]], [[[141.571515, 40.542758], [141.57154, 40.542823], [141.571312, 40.54272], [141.571459, 40.542651], [141.571515, 40.542758]]], [[[141.570423, 40.542808], [141.570372, 40.542839], [141.570361, 40.542833], [141.570394, 40.54277], [141.570423, 40.542808]]], [[[141.574218, 40.542838], [141.57421, 40.542802], [141.574247, 40.542786], [141.574296, 40.542798], [141.574218, 40.542838]]], [[[141.574483, 40.542887], [141.574402, 40.542933], [141.574333, 40.542862], [141.574385, 40.542814], [141.574483, 40.542887]]], [[[141.567938, 40.542779], [141.567954, 40.542829], [141.56774, 40.542996], [141.567737, 40.54291], [141.567938, 40.542779]]], [[[141.567957, 40.542844], [141.567993, 40.542909], [141.567903, 40.542953], [141.567883, 40.542919], [141.567957, 40.542844]]], [[[141.575154, 40.542962], [141.575215, 40.543045], [141.575079, 40.543064], [141.575079, 40.543008], [141.575154, 40.542962]]], [[[141.571421, 40.542933], [141.571228, 40.54314], [141.571086, 40.543038], [141.571151, 40.542892], [141.571421, 40.542933]]], [[[141.569809, 40.543017], [141.570105, 40.542948], [141.5702, 40.542949], [141.569858, 40.543121], [141.569809, 40.543017]]], [[[141.567799, 40.543061], [141.567831, 40.543003], [141.567891, 40.543], [141.567838, 40.543075], [141.567799, 40.543061]]], [[[141.5682, 40.543155], [141.56817, 40.543063], [141.568324, 40.543003], [141.568301, 40.543088], [141.5682, 40.543155]]], [[[141.572918, 40.543088], [141.572831, 40.543157], [141.57272, 40.5431], [141.57283, 40.543046], [141.572918, 40.543088]]], [[[141.575299, 40.543109], [141.575383, 40.543088], [141.575417, 40.543096], [141.575327, 40.543166], [141.575299, 40.543109]]], [[[141.565691, 40.543112], [141.565663, 40.543167], [141.565627, 40.543146], [141.565639, 40.543099], [141.565691, 40.543112]]], [[[141.575518, 40.543171], [141.575473, 40.543178], [141.575445, 40.543143], [141.575536, 40.54312], [141.575518, 40.543171]]], [[[141.565994, 40.543264], [141.565997, 40.543228], [141.56607, 40.543224], [141.566041, 40.543271], [141.565994, 40.543264]]], [[[141.565412, 40.543391], [141.565426, 40.543409], [141.565276, 40.543502], [141.565347, 40.543352], [141.565412, 40.543391]]], [[[141.571817, 40.543627], [141.571684, 40.543805], [141.571038, 40.543636], [141.57166, 40.543091], [141.571817, 40.543627]]], [[[141.576338, 40.543486], [141.576336, 40.543556], [141.576264, 40.543544], [141.576264, 40.543505], [141.576338, 40.543486]]], [[[141.565707, 40.543506], [141.565444, 40.543639], [141.565304, 40.543552], [141.565474, 40.543403], [141.565707, 40.543506]]], [[[141.572019, 40.543525], [141.572036, 40.543574], [141.572024, 40.543615], [141.571937, 40.543524], [141.572019, 40.543525]]], [[[141.565618, 40.543604], [141.565581, 40.543607], [141.565604, 40.543562], [141.565633, 40.543576], [141.565618, 40.543604]]], [[[141.565267, 40.543711], [141.565318, 40.543648], [141.565394, 40.543673], [141.565307, 40.543736], [141.565267, 40.543711]]], [[[141.576116, 40.543836], [141.576293, 40.543711], [141.576554, 40.543779], [141.576237, 40.543965], [141.576116, 40.543836]]], [[[141.566691, 40.545536], [141.566805, 40.545576], [141.566775, 40.545724], [141.566638, 40.545551], [141.566691, 40.545536]]], [[[141.566272, 40.545785], [141.56629, 40.545725], [141.566446, 40.545762], [141.566347, 40.545854], [141.566272, 40.545785]]], [[[141.595695, 40.519734], [141.595624, 40.519664], [141.595651, 40.519611], [141.595756, 40.519652], [141.595695, 40.519734]]], [[[141.594669, 40.520386], [141.59464, 40.520206], [141.594962, 40.520317], [141.594919, 40.520414], [141.594669, 40.520386]]], [[[141.595867, 40.520523], [141.596, 40.52051], [141.596046, 40.520531], [141.595939, 40.520601], [141.595867, 40.520523]]], [[[141.595753, 40.520636], [141.595786, 40.52063], [141.595791, 40.520669], [141.595718, 40.52067], [141.595753, 40.520636]]], [[[141.596216, 40.520937], [141.596186, 40.520875], [141.596305, 40.520855], [141.596323, 40.520932], [141.596216, 40.520937]]], [[[141.596517, 40.520979], [141.596534, 40.521047], [141.59641, 40.521039], [141.596434, 40.521003], [141.596517, 40.520979]]], [[[141.596219, 40.52102], [141.596288, 40.521049], [141.596294, 40.521149], [141.596221, 40.521113], [141.596219, 40.52102]]], [[[141.596125, 40.521095], [141.596152, 40.521083], [141.596185, 40.521145], [141.596154, 40.521154], [141.596125, 40.521095]]], [[[141.582507, 40.531357], [141.582464, 40.531473], [141.582361, 40.531443], [141.582361, 40.531402], [141.582507, 40.531357]]], [[[141.582536, 40.531518], [141.582553, 40.531422], [141.582704, 40.531406], [141.582669, 40.531558], [141.582536, 40.531518]]], [[[141.582803, 40.531483], [141.582853, 40.531564], [141.582718, 40.531575], [141.582742, 40.531501], [141.582803, 40.531483]]], [[[141.583599, 40.533448], [141.583698, 40.533383], [141.583774, 40.533395], [141.583539, 40.533526], [141.583599, 40.533448]]], [[[141.580676, 40.537034], [141.580773, 40.537036], [141.580739, 40.537127], [141.580673, 40.537125], [141.580676, 40.537034]]], [[[141.581279, 40.537396], [141.58124, 40.537337], [141.581334, 40.537319], [141.581335, 40.537358], [141.581279, 40.537396]]], [[[141.5815, 40.537409], [141.581512, 40.537365], [141.581595, 40.537383], [141.581563, 40.537434], [141.5815, 40.537409]]], [[[141.581318, 40.537401], [141.581467, 40.537367], [141.581469, 40.537476], [141.581318, 40.537401]]], [[[141.582372, 40.537703], [141.58231, 40.537693], [141.58228, 40.537677], [141.582403, 40.53766], [141.582372, 40.537703]]], [[[141.582427, 40.537712], [141.582491, 40.537722], [141.582505, 40.537735], [141.582448, 40.537759], [141.582427, 40.537712]]], [[[141.581931, 40.537905], [141.581798, 40.5379], [141.581829, 40.537852], [141.581967, 40.537883], [141.581931, 40.537905]]], [[[141.582485, 40.538738], [141.582014, 40.538681], [141.582098, 40.538515], [141.58255, 40.538425], [141.582485, 40.538738]]], [[[141.581751, 40.539178], [141.581666, 40.539126], [141.581658, 40.539075], [141.581804, 40.539092], [141.581751, 40.539178]]], [[[141.602604, 40.51627], [141.602601, 40.516297], [141.602551, 40.516292], [141.602565, 40.51627], [141.602604, 40.51627]]], [[[141.602319, 40.516556], [141.602333, 40.516521], [141.602426, 40.51655], [141.602375, 40.516597], [141.602319, 40.516556]]], [[[141.601871, 40.516898], [141.601856, 40.516834], [141.601987, 40.516853], [141.601981, 40.516905], [141.601871, 40.516898]]], [[[141.60119, 40.517329], [141.601216, 40.517281], [141.601259, 40.517308], [141.601235, 40.517366], [141.60119, 40.517329]]], [[[141.601118, 40.517376], [141.601083, 40.517347], [141.601124, 40.517293], [141.601153, 40.517315], [141.601118, 40.517376]]], [[[141.601599, 40.517507], [141.601461, 40.517484], [141.601244, 40.517217], [141.60168, 40.517217], [141.601599, 40.517507]]], [[[141.600894, 40.517579], [141.600896, 40.517546], [141.600968, 40.517517], [141.600955, 40.517575], [141.600894, 40.517579]]], [[[141.602392, 40.517708], [141.602069, 40.517489], [141.602079, 40.517445], [141.602592, 40.51765], [141.602392, 40.517708]]], [[[141.602288, 40.51775], [141.601886, 40.517648], [141.601861, 40.517481], [141.602117, 40.517574], [141.602288, 40.51775]]], [[[141.601237, 40.517708], [141.601174, 40.517687], [141.601231, 40.517628], [141.601291, 40.517655], [141.601237, 40.517708]]], [[[141.601895, 40.517767], [141.601953, 40.517711], [141.602117, 40.517827], [141.602004, 40.517886], [141.601895, 40.517767]]], [[[141.602288, 40.517948], [141.602183, 40.517957], [141.602143, 40.517911], [141.602253, 40.517876], [141.602288, 40.517948]]], [[[141.601604, 40.517875], [141.601848, 40.517961], [141.601863, 40.518004], [141.601717, 40.518039], [141.601604, 40.517875]]], [[[141.600912, 40.517785], [141.601072, 40.517966], [141.600333, 40.518195], [141.600404, 40.517788], [141.600912, 40.517785]]], [[[141.601103, 40.51806], [141.601048, 40.518045], [141.601054, 40.518017], [141.601134, 40.518017], [141.601103, 40.51806]]], [[[141.601174, 40.518062], [141.60118, 40.518101], [141.601125, 40.518091], [141.601151, 40.518061], [141.601174, 40.518062]]], [[[141.601225, 40.518149], [141.601258, 40.518091], [141.601375, 40.518173], [141.601308, 40.518212], [141.601225, 40.518149]]], [[[141.599397, 40.518169], [141.599445, 40.518139], [141.599494, 40.518144], [141.599425, 40.518236], [141.599397, 40.518169]]], [[[141.601186, 40.518169], [141.601351, 40.518288], [141.60097, 40.518154], [141.601049, 40.518113], [141.601186, 40.518169]]], [[[141.600741, 40.518189], [141.600735, 40.518235], [141.600663, 40.51822], [141.600706, 40.518175], [141.600741, 40.518189]]], [[[141.601532, 40.518266], [141.60146, 40.518286], [141.601372, 40.518241], [141.601453, 40.518197], [141.601532, 40.518266]]], [[[141.602109, 40.518386], [141.602144, 40.51845], [141.602033, 40.518431], [141.60205, 40.518392], [141.602109, 40.518386]]], [[[141.599774, 40.518254], [141.599977, 40.518295], [141.600159, 40.518593], [141.599474, 40.518393], [141.599774, 40.518254]]], [[[141.601985, 40.51845], [141.601972, 40.518512], [141.601909, 40.518483], [141.601923, 40.518457], [141.601985, 40.51845]]], [[[141.600136, 40.518549], [141.600162, 40.518521], [141.600201, 40.518546], [141.600179, 40.518562], [141.600136, 40.518549]]], [[[141.600113, 40.518734], [141.599971, 40.518663], [141.600414, 40.518734], [141.600287, 40.518782], [141.600113, 40.518734]]], [[[141.600109, 40.518762], [141.600243, 40.518794], [141.600301, 40.518857], [141.600078, 40.518799], [141.600109, 40.518762]]], [[[141.600381, 40.518869], [141.600391, 40.518928], [141.600349, 40.518944], [141.600279, 40.518927], [141.600381, 40.518869]]], [[[141.59968, 40.519113], [141.599857, 40.519138], [141.599819, 40.519249], [141.599627, 40.519131], [141.59968, 40.519113]]], [[[141.60027, 40.519171], [141.600214, 40.519222], [141.60015, 40.519194], [141.600189, 40.51917], [141.60027, 40.519171]]], [[[141.600672, 40.519215], [141.600688, 40.519266], [141.600611, 40.519263], [141.60061, 40.519237], [141.600672, 40.519215]]], [[[141.60096, 40.519375], [141.600907, 40.519362], [141.600742, 40.51919], [141.600957, 40.519224], [141.60096, 40.519375]]], [[[141.600308, 40.519306], [141.600234, 40.519332], [141.600212, 40.51927], [141.6003, 40.519237], [141.600308, 40.519306]]], [[[141.599795, 40.519351], [141.599751, 40.519378], [141.599615, 40.519285], [141.599653, 40.519267], [141.599795, 40.519351]]], [[[141.600324, 40.519363], [141.600377, 40.519316], [141.600428, 40.519345], [141.60037, 40.519407], [141.600324, 40.519363]]], [[[141.599423, 40.519322], [141.59947, 40.519305], [141.599674, 40.519403], [141.599593, 40.519425], [141.599423, 40.519322]]], [[[141.600068, 40.519532], [141.600102, 40.519356], [141.600314, 40.51941], [141.600226, 40.519584], [141.600068, 40.519532]]], [[[141.599411, 40.519642], [141.599396, 40.51954], [141.599324, 40.519464], [141.599586, 40.519551], [141.599411, 40.519642]]], [[[141.599087, 40.519622], [141.599131, 40.519593], [141.599207, 40.519632], [141.599161, 40.519653], [141.599087, 40.519622]]], [[[141.599081, 40.52026], [141.59902, 40.520087], [141.599198, 40.519836], [141.599309, 40.520106], [141.599081, 40.52026]]], [[[141.611475, 40.508371], [141.611472, 40.508204], [141.611662, 40.508304], [141.611614, 40.508353], [141.611475, 40.508371]]], [[[141.611527, 40.508544], [141.611441, 40.508616], [141.611183, 40.508491], [141.61143, 40.508487], [141.611527, 40.508544]]], [[[141.61103, 40.509358], [141.611228, 40.509276], [141.611579, 40.50934], [141.611149, 40.509524], [141.61103, 40.509358]]], [[[141.611726, 40.509638], [141.611604, 40.509544], [141.611966, 40.509616], [141.611884, 40.509651], [141.611726, 40.509638]]], [[[141.612315, 40.510644], [141.612057, 40.510613], [141.612015, 40.510493], [141.612474, 40.510586], [141.612315, 40.510644]]], [[[141.612349, 40.510763], [141.612516, 40.510695], [141.612372, 40.510969], [141.612224, 40.510862], [141.612349, 40.510763]]], [[[141.612127, 40.51094], [141.612096, 40.510955], [141.61208, 40.510914], [141.612131, 40.510887], [141.612127, 40.51094]]], [[[141.611383, 40.511112], [141.61125, 40.511041], [141.611266, 40.510989], [141.611469, 40.511033], [141.611383, 40.511112]]], [[[141.611227, 40.511743], [141.611295, 40.511742], [141.611294, 40.511802], [141.611171, 40.51177], [141.611227, 40.511743]]], [[[141.611575, 40.511804], [141.611374, 40.511812], [141.611344, 40.511785], [141.611614, 40.511744], [141.611575, 40.511804]]], [[[141.61191, 40.511948], [141.611693, 40.511976], [141.611572, 40.511942], [141.611822, 40.511819], [141.61191, 40.511948]]], [[[141.611111, 40.511832], [141.611302, 40.511821], [141.611402, 40.51191], [141.611194, 40.511978], [141.611111, 40.511832]]], [[[141.610746, 40.512185], [141.610821, 40.512124], [141.61106, 40.512105], [141.610931, 40.512207], [141.610746, 40.512185]]], [[[141.610404, 40.512967], [141.610317, 40.512973], [141.610286, 40.512936], [141.610374, 40.512906], [141.610404, 40.512967]]], [[[141.609608, 40.514548], [141.609369, 40.514471], [141.609346, 40.514354], [141.609494, 40.514404], [141.609608, 40.514548]]], [[[141.611272, 40.514693], [141.611246, 40.514521], [141.611416, 40.514585], [141.611371, 40.514702], [141.611272, 40.514693]]], [[[141.61106, 40.514767], [141.611026, 40.514721], [141.611037, 40.514687], [141.611121, 40.514711], [141.61106, 40.514767]]], [[[141.608445, 40.514952], [141.608243, 40.514706], [141.608434, 40.514589], [141.608683, 40.514749], [141.608445, 40.514952]]], [[[141.609547, 40.514884], [141.609509, 40.514761], [141.609581, 40.514745], [141.609623, 40.514902], [141.609547, 40.514884]]], [[[141.611227, 40.514942], [141.611155, 40.514936], [141.611159, 40.514884], [141.611291, 40.514893], [141.611227, 40.514942]]], [[[141.60855, 40.514941], [141.608731, 40.514809], [141.608885, 40.515024], [141.608503, 40.51516], [141.60855, 40.514941]]], [[[141.606137, 40.515106], [141.606116, 40.515244], [141.605975, 40.515223], [141.605983, 40.515075], [141.606137, 40.515106]]], [[[141.608989, 40.515173], [141.609042, 40.515201], [141.608826, 40.515241], [141.608864, 40.515201], [141.608989, 40.515173]]], [[[141.609179, 40.515241], [141.60927, 40.515192], [141.60938, 40.515256], [141.609236, 40.515312], [141.609179, 40.515241]]], [[[141.605651, 40.515442], [141.605626, 40.515282], [141.605781, 40.515308], [141.605802, 40.515402], [141.605651, 40.515442]]], [[[141.607889, 40.515564], [141.607848, 40.515478], [141.608014, 40.515419], [141.608041, 40.515543], [141.607889, 40.515564]]], [[[141.60545, 40.51545], [141.6055, 40.515482], [141.605421, 40.515538], [141.605415, 40.515475], [141.60545, 40.51545]]], [[[141.606774, 40.515718], [141.606623, 40.515733], [141.606623, 40.515647], [141.606774, 40.515659], [141.606774, 40.515718]]], [[[141.60971, 40.515856], [141.609554, 40.515813], [141.609562, 40.51577], [141.609816, 40.515761], [141.60971, 40.515856]]], [[[141.606126, 40.515831], [141.606168, 40.515921], [141.606008, 40.515936], [141.60602, 40.515862], [141.606126, 40.515831]]], [[[141.603528, 40.516043], [141.603594, 40.516001], [141.603626, 40.516015], [141.603576, 40.516063], [141.603528, 40.516043]]], [[[141.605276, 40.516118], [141.60517, 40.516053], [141.605344, 40.516001], [141.605367, 40.516047], [141.605276, 40.516118]]], [[[141.609388, 40.516019], [141.609646, 40.516004], [141.609676, 40.516013], [141.609516, 40.516154], [141.609388, 40.516019]]], [[[141.602753, 40.516108], [141.602786, 40.516116], [141.602749, 40.516152], [141.602733, 40.516143], [141.602753, 40.516108]]], [[[141.602852, 40.51619], [141.602846, 40.516137], [141.602888, 40.516122], [141.602905, 40.516174], [141.602852, 40.51619]]], [[[141.604866, 40.516395], [141.604762, 40.51642], [141.604706, 40.516304], [141.604823, 40.516275], [141.604866, 40.516395]]], [[[141.603261, 40.516444], [141.603348, 40.5164], [141.603478, 40.516509], [141.60336, 40.516538], [141.603261, 40.516444]]], [[[141.604383, 40.5165], [141.604424, 40.516455], [141.604524, 40.516549], [141.604495, 40.516553], [141.604383, 40.5165]]], [[[141.602889, 40.516603], [141.602809, 40.516544], [141.603001, 40.516604], [141.602973, 40.516624], [141.602889, 40.516603]]], [[[141.602674, 40.516773], [141.602618, 40.51677], [141.602557, 40.516718], [141.602713, 40.516687], [141.602674, 40.516773]]], [[[141.602572, 40.517198], [141.602637, 40.517121], [141.602697, 40.517143], [141.602625, 40.517198], [141.602572, 40.517198]]], [[[141.646829, 40.475993], [141.646898, 40.476058], [141.646834, 40.476108], [141.646756, 40.47601], [141.646829, 40.475993]]], [[[141.646341, 40.476102], [141.646217, 40.476314], [141.645881, 40.476109], [141.646246, 40.475919], [141.646341, 40.476102]]], [[[141.648886, 40.476682], [141.648874, 40.47651], [141.649099, 40.47658], [141.649099, 40.476714], [141.648886, 40.476682]]], [[[141.645587, 40.476894], [141.645633, 40.476914], [141.645656, 40.476935], [141.645557, 40.476952], [141.645587, 40.476894]]], [[[141.643848, 40.477993], [141.643707, 40.477998], [141.64373, 40.477903], [141.643794, 40.477904], [141.643848, 40.477993]]], [[[141.64354, 40.478019], [141.643565, 40.478071], [141.643479, 40.478099], [141.643455, 40.478027], [141.64354, 40.478019]]], [[[141.639955, 40.482077], [141.639915, 40.482059], [141.63991, 40.482033], [141.639949, 40.482026], [141.639955, 40.482077]]], [[[141.639061, 40.482275], [141.638834, 40.482156], [141.639029, 40.482128], [141.639129, 40.48218], [141.639061, 40.482275]]], [[[141.63898, 40.482723], [141.638988, 40.483032], [141.638706, 40.482946], [141.63872, 40.482604], [141.63898, 40.482723]]], [[[141.639177, 40.482928], [141.639243, 40.482905], [141.639252, 40.482995], [141.639206, 40.483005], [141.639177, 40.482928]]], [[[141.639345, 40.483006], [141.639388, 40.483028], [141.63938, 40.483065], [141.639328, 40.483043], [141.639345, 40.483006]]], [[[141.63918, 40.483135], [141.63925, 40.48305], [141.639294, 40.483136], [141.639232, 40.483117], [141.63918, 40.483135]]], [[[141.638767, 40.483447], [141.638848, 40.483292], [141.638995, 40.483489], [141.638885, 40.483562], [141.638767, 40.483447]]], [[[141.632386, 40.492732], [141.632306, 40.492823], [141.632184, 40.492682], [141.632338, 40.492563], [141.632386, 40.492732]]], [[[141.63225, 40.493039], [141.632327, 40.493102], [141.632024, 40.493004], [141.632091, 40.492995], [141.63225, 40.493039]]], [[[141.635764, 40.493633], [141.635742, 40.493517], [141.635971, 40.493534], [141.635885, 40.493632], [141.635764, 40.493633]]], [[[141.635194, 40.493883], [141.635169, 40.493785], [141.635403, 40.493768], [141.635381, 40.493886], [141.635194, 40.493883]]], [[[141.633016, 40.494203], [141.632919, 40.494203], [141.632837, 40.494102], [141.633184, 40.494168], [141.633016, 40.494203]]], [[[141.633752, 40.49593], [141.633834, 40.495865], [141.633963, 40.495975], [141.633838, 40.49604], [141.633752, 40.49593]]], [[[141.63428, 40.496274], [141.634149, 40.496204], [141.63415, 40.496158], [141.634324, 40.496141], [141.63428, 40.496274]]], [[[141.629094, 40.497004], [141.629022, 40.49701], [141.628971, 40.496949], [141.629098, 40.496916], [141.629094, 40.497004]]], [[[141.622055, 40.499596], [141.621976, 40.499461], [141.622331, 40.499659], [141.622121, 40.499756], [141.622055, 40.499596]]], [[[141.621981, 40.501302], [141.621895, 40.501379], [141.621846, 40.501186], [141.621959, 40.501218], [141.621981, 40.501302]]], [[[141.621692, 40.502149], [141.621843, 40.502159], [141.621878, 40.502284], [141.621694, 40.502293], [141.621692, 40.502149]]], [[[141.622566, 40.502605], [141.622537, 40.502396], [141.622551, 40.502388], [141.62267, 40.502549], [141.622566, 40.502605]]], [[[141.620905, 40.502804], [141.621148, 40.502918], [141.62119, 40.503017], [141.620916, 40.50294], [141.620905, 40.502804]]], [[[141.621144, 40.505079], [141.620943, 40.505062], [141.62088, 40.504985], [141.621376, 40.505054], [141.621144, 40.505079]]], [[[141.622064, 40.50556], [141.622014, 40.505541], [141.621992, 40.505501], [141.622138, 40.505557], [141.622064, 40.50556]]], [[[141.620807, 40.505775], [141.620862, 40.505739], [141.620886, 40.505773], [141.620835, 40.505799], [141.620807, 40.505775]]], [[[141.620434, 40.505727], [141.620512, 40.505728], [141.620532, 40.505851], [141.620418, 40.505804], [141.620434, 40.505727]]], [[[141.621409, 40.506238], [141.621386, 40.506053], [141.62197, 40.506095], [141.621942, 40.506221], [141.621409, 40.506238]]], [[[141.620476, 40.506178], [141.620298, 40.506238], [141.620209, 40.506171], [141.620328, 40.506127], [141.620476, 40.506178]]], [[[141.621183, 40.506161], [141.621317, 40.506235], [141.621009, 40.506292], [141.621102, 40.506141], [141.621183, 40.506161]]], [[[141.620531, 40.506462], [141.620413, 40.506487], [141.620387, 40.506425], [141.620489, 40.506379], [141.620531, 40.506462]]], [[[141.613575, 40.510693], [141.613442, 40.510841], [141.613309, 40.510745], [141.6134, 40.510644], [141.613575, 40.510693]]], [[[141.612938, 40.510994], [141.613112, 40.510988], [141.613082, 40.51113], [141.612896, 40.511111], [141.612938, 40.510994]]]]}, "properties": {"N03_001": "青森県", "N03_002": null, "N03_003": null, "N03_004": "八戸市", "N03_005": null, "N03_007": "02203"}}, {"type": "Feature", "geometry": {"type": "Polygon", "coordinates": [[[140.578245, 40.687317], [140.576711, 40.678103], [140.571595, 40.672526], [140.568204, 40.668831], [140.576001, 40.660183], [140.570134, 40.660234], [140.564838, 40.66028], [140.566178, 40.656109], [140.566775, 40.654252], [140.573743, 40.651546], [140.57403, 40.651372], [140.573229, 40.647155], [140.576608, 40.644874], [140.576559, 40.644776], [140.57364, 40.638961], [140.57322, 40.638123], [140.581365, 40.635316], [140.580939, 40.631063], [140.581806, 40.630933], [140.589143, 40.629829], [140.591868, 40.622472], [140.598525, 40.62218], [140.603592, 40.61623], [140.611377, 40.617135], [140.606814, 40.612309], [140.621501, 40.609964], [140.626388, 40.603224], [140.638863, 40.601497], [140.646142, 40.594667], [140.651542, 40.594155], [140.659845, 40.581295], [140.6512, 40.565731], [140.654676, 40.558624], [140.666701, 40.558348], [140.673168, 40.566167], [140.681785, 40.570321], [140.681876, 40.570365], [140.685738, 40.567093], [140.6857, 40.560133], [140.692557, 40.556603], [140.693265, 40.55219], [140.68978, 40.550615], [140.709917, 40.537493], [140.732871, 40.534747], [140.746559, 40.537267], [140.748023, 40.541503], [140.749419, 40.545543], [140.752165, 40.547657], [140.75646, 40.554038], [140.752542, 40.559701], [140.761483, 40.566868], [140.762962, 40.568053], [140.767552, 40.570143], [140.77573, 40.566524], [140.789078, 40.566268], [140.807046, 40.57126], [140.812611, 40.574531], [140.825171, 40.597908], [140.825291, 40.597945], [140.825337, 40.598037], [140.842801, 40.605422], [140.84426, 40.606039], [140.8439, 40.612076], [140.827815, 40.620441], [140.827855, 40.623777], [140.807378, 40.643776], [140.804835, 40.645458], [140.786199, 40.649264], [140.766401, 40.665939], [140.760946, 40.660926], [140.75004, 40.663138], [140.738504, 40.661297], [140.728489, 40.666384], [140.705543, 40.661763], [140.701806, 40.656844], [140.695462, 40.660519], [140.669259, 40.656512], [140.655085, 40.667378], [140.640246, 40.67819], [140.638687, 40.679325], [140.635457, 40.687259], [140.634114, 40.689803], [140.618178, 40.687248], [140.598516, 40.692104], [140.578735, 40.687314], [140.578301, 40.68733], [140.578245, 40.687317]]]}, "properties": {"N03_001": "青森県", "N03_002": null, "N03_003": null, "N03_004": "黒石市", "N03_005": null, "N03_007": "02204"}}, {"type": "Feature", "geometry": {"type": "MultiPolygon", "coordinates": [[[[140.553596, 40.969264], [140.547769, 40.970556], [140.550817, 40.978434], [140.545784, 40.983043], [140.539676, 40.982586], [140.532626, 40.988482], [140.527452, 40.988745], [140.527696, 40.993582], [140.521792, 40.995643], [140.521657, 40.99569], [140.517079, 40.991681], [140.517779, 40.983294], [140.512168, 40.97571], [140.5153, 40.969618], [140.508403, 40.953016], [140.496532, 40.947483], [140.490546, 40.946567], [140.487249, 40.942356], [140.474005, 40.942347], [140.463411, 40.935087], [140.447156, 40.936103], [140.431994, 40.929937], [140.435039, 40.922591], [140.430495, 40.922261], [140.430602, 40.921508], [140.421741, 40.919343], [140.41901, 40.92187], [140.417332, 40.914325], [140.416835, 40.912087], [140.417335, 40.911994], [140.428821, 40.909875], [140.428601, 40.909333], [140.426224, 40.903491], [140.427976, 40.899479], [140.420484, 40.897623], [140.42532, 40.894229], [140.41931, 40.892277], [140.421527, 40.887544], [140.403432, 40.880989], [140.407309, 40.872224], [140.399957, 40.867377], [140.39925, 40.857124], [140.400713, 40.848855], [140.407441, 40.846377], [140.411244, 40.834827], [140.425084, 40.821024], [140.423873, 40.816323], [140.41871, 40.815235], [140.422899, 40.806501], [140.427429, 40.811145], [140.437535, 40.809094], [140.435975, 40.797371], [140.437365, 40.793036], [140.437329, 40.789617], [140.43749, 40.789643], [140.437842, 40.788], [140.435926, 40.784805], [140.444088, 40.780379], [140.444722, 40.771324], [140.453109, 40.770046], [140.455717, 40.773414], [140.462249, 40.761275], [140.467613, 40.761306], [140.472581, 40.756686], [140.472914, 40.756375], [140.473474, 40.756527], [140.476074, 40.75723], [140.477844, 40.757708], [140.478393, 40.76323], [140.484615, 40.764623], [140.485868, 40.764904], [140.485573, 40.768859], [140.489494, 40.769227], [140.489805, 40.768368], [140.494275, 40.756017], [140.498565, 40.756864], [140.498991, 40.756948], [140.499016, 40.759338], [140.510619, 40.758169], [140.513015, 40.757805], [140.514179, 40.750139], [140.511525, 40.746005], [140.515548, 40.740349], [140.512126, 40.735427], [140.520239, 40.729689], [140.527567, 40.730607], [140.523935, 40.736927], [140.536106, 40.737965], [140.544022, 40.746242], [140.545921, 40.742952], [140.555968, 40.748862], [140.558086, 40.757428], [140.563869, 40.760707], [140.571822, 40.75987], [140.577452, 40.765405], [140.572041, 40.779637], [140.576608, 40.787217], [140.572866, 40.793619], [140.577557, 40.797631], [140.573491, 40.809668], [140.577472, 40.814773], [140.577198, 40.828973], [140.581986, 40.832894], [140.579684, 40.840702], [140.58887, 40.849227], [140.588381, 40.857881], [140.59142, 40.865823], [140.591222, 40.870383], [140.587339, 40.879238], [140.58989, 40.883305], [140.585984, 40.886269], [140.584229, 40.894333], [140.575261, 40.897053], [140.573761, 40.901014], [140.579605, 40.907287], [140.578797, 40.911891], [140.583468, 40.913844], [140.582455, 40.918085], [140.58605, 40.922605], [140.582863, 40.927651], [140.587822, 40.933951], [140.579933, 40.940317], [140.566905, 40.944334], [140.562194, 40.953238], [140.555302, 40.955618], [140.555277, 40.955811], [140.555221, 40.956266], [140.554688, 40.960527], [140.553596, 40.969264]]], [[[140.309774, 41.109246], [140.305868, 41.106627], [140.310012, 41.099528], [140.30992, 41.099497], [140.309942, 41.099432], [140.31001, 41.09946], [140.310016, 41.099522], [140.311022, 41.097798], [140.310921, 41.09779], [140.311032, 41.097669], [140.311077, 41.097703], [140.312296, 41.095616], [140.314468, 41.09482], [140.31443, 41.094806], [140.314439, 41.094782], [140.314508, 41.094805], [140.319245, 41.093069], [140.323237, 41.079504], [140.324112, 41.055719], [140.318949, 40.999812], [140.329492, 41.008173], [140.336434, 41.008108], [140.338385, 41.008025], [140.35798, 40.993173], [140.36655, 40.999493], [140.360382, 41.006324], [140.361005, 41.007485], [140.365301, 41.010555], [140.367244, 41.011943], [140.375774, 41.018038], [140.390197, 41.022677], [140.391559, 41.023039], [140.391951, 41.021589], [140.392187, 41.018837], [140.392711, 41.018774], [140.396146, 41.018365], [140.397284, 41.018229], [140.397321, 41.018309], [140.399652, 41.023392], [140.411803, 41.016483], [140.415335, 41.02721], [140.407694, 41.032054], [140.403114, 41.039653], [140.384195, 41.042031], [140.415381, 41.044728], [140.421008, 41.057373], [140.441105, 41.074938], [140.452255, 41.078573], [140.453177, 41.083464], [140.449661, 41.085889], [140.452151, 41.088169], [140.446761, 41.095077], [140.451716, 41.104574], [140.457313, 41.104473], [140.458537, 41.104451], [140.458884, 41.108159], [140.464524, 41.111765], [140.461462, 41.117316], [140.443069, 41.115914], [140.426953, 41.121402], [140.406864, 41.120968], [140.40686, 41.120969], [140.406859, 41.120969], [140.399914, 41.121835], [140.39125, 41.127055], [140.374036, 41.127614], [140.373649, 41.127447], [140.359181, 41.121207], [140.350535, 41.10951], [140.343189, 41.110404], [140.329956, 41.106241], [140.325071, 41.10938], [140.324765, 41.109295], [140.324647, 41.109371], [140.313399, 41.106108], [140.309774, 41.109246]]], [[[140.310045, 41.099381], [140.310051, 41.099414], [140.310017, 41.099401], [140.310014, 41.099362], [140.310045, 41.099381]]], [[[140.309923, 41.0996], [140.309864, 41.09957], [140.309884, 41.099555], [140.309949, 41.099551], [140.309923, 41.0996]]], [[[140.308865, 41.099899], [140.309032, 41.099826], [140.309176, 41.100011], [140.308864, 41.10006], [140.308865, 41.099899]]], [[[140.309644, 41.100133], [140.309613, 41.100081], [140.309674, 41.100065], [140.309659, 41.100128], [140.309644, 41.100133]]], [[[140.30843, 41.101445], [140.308333, 41.1014], [140.308467, 41.101214], [140.308661, 41.101456], [140.30843, 41.101445]]], [[[140.307171, 41.102938], [140.307183, 41.102997], [140.307162, 41.102993], [140.307137, 41.102955], [140.307171, 41.102938]]], [[[140.306166, 41.103418], [140.306166, 41.103389], [140.306171, 41.103429], [140.306166, 41.103418]]], [[[140.306636, 41.103781], [140.306599, 41.104108], [140.306346, 41.104159], [140.30651, 41.103776], [140.306636, 41.103781]]], [[[140.306063, 41.104463], [140.306421, 41.104468], [140.306369, 41.104874], [140.306272, 41.104885], [140.306063, 41.104463]]], [[[140.306328, 41.104946], [140.306305, 41.104975], [140.306269, 41.104925], [140.306303, 41.104906], [140.306328, 41.104946]]], [[[140.306175, 41.104942], [140.306146, 41.104983], [140.306157, 41.104909], [140.306175, 41.104942]]], [[[140.306116, 41.105577], [140.306235, 41.10542], [140.306383, 41.105392], [140.306302, 41.105622], [140.306116, 41.105577]]], [[[140.314221, 41.094673], [140.31429, 41.094672], [140.314173, 41.094804], [140.314116, 41.094779], [140.314221, 41.094673]]], [[[140.314497, 41.094777], [140.314493, 41.09475], [140.314548, 41.094766], [140.314497, 41.094777]]], [[[140.311158, 41.097194], [140.311176, 41.09723], [140.3112, 41.097247], [140.311124, 41.097223], [140.311158, 41.097194]]]]}, "properties": {"N03_001": "青森県", "N03_002": null, "N03_003": null, "N03_004": "五所川原市", "N03_005": null, "N03_007": "02205"}}, {"type": "Feature", "geometry": {"type": "Polygon", "coordinates": [[[140.858136, 40.609329], [140.862916, 40.60964], [140.858531, 40.605549], [140.858169, 40.605383], [140.858236, 40.605274], [140.86306, 40.597428], [140.858761, 40.588525], [140.866616, 40.584885], [140.864639, 40.561255], [140.864196, 40.558483], [140.853469, 40.547097], [140.851455, 40.545303], [140.851662, 40.545178], [140.860737, 40.539695], [140.880062, 40.510246], [140.864044, 40.45], [140.861323, 40.440629], [140.892326, 40.423352], [140.911499, 40.423306], [140.920029, 40.427305], [140.926247, 40.42132], [140.932962, 40.421274], [140.941955, 40.430201], [140.951264, 40.426308], [140.972207, 40.43085], [140.985173, 40.42708], [140.985947, 40.427622], [140.994969, 40.433945], [141.001154, 40.445158], [141.001165, 40.454707], [141.029097, 40.473194], [141.032694, 40.474749], [141.068249, 40.480027], [141.067819, 40.482965], [141.087863, 40.493579], [141.104015, 40.492581], [141.112053, 40.498691], [141.132759, 40.494646], [141.134429, 40.494993], [141.147703, 40.497748], [141.16425, 40.493498], [141.168577, 40.49383], [141.180761, 40.494764], [141.183347, 40.494962], [141.185177, 40.49574], [141.186149, 40.496154], [141.194809, 40.499837], [141.19784, 40.504048], [141.217818, 40.517537], [141.21945, 40.527461], [141.225844, 40.531246], [141.270682, 40.541086], [141.274459, 40.535824], [141.284616, 40.552728], [141.287473, 40.552518], [141.290441, 40.557839], [141.298975, 40.558539], [141.303898, 40.56799], [141.303901, 40.567995], [141.304527, 40.569197], [141.302704, 40.573977], [141.302326, 40.574968], [141.302241, 40.575191], [141.290462, 40.584189], [141.285143, 40.591268], [141.29402, 40.599138], [141.277031, 40.601331], [141.274454, 40.615563], [141.258476, 40.616281], [141.25714, 40.618933], [141.259199, 40.630484], [141.265945, 40.631543], [141.261312, 40.637168], [141.270814, 40.637561], [141.283182, 40.645288], [141.26915, 40.646235], [141.268942, 40.646412], [141.263834, 40.652733], [141.268116, 40.661569], [141.269928, 40.66449], [141.271381, 40.668307], [141.271614, 40.668788], [141.271572, 40.66881], [141.267086, 40.671227], [141.263615, 40.685156], [141.266133, 40.693105], [141.265672, 40.693368], [141.263296, 40.694727], [141.26267, 40.695084], [141.267274, 40.700872], [141.254171, 40.700308], [141.251449, 40.701672], [141.248864, 40.700079], [141.241812, 40.695733], [141.239922, 40.698499], [141.235995, 40.694236], [141.231498, 40.694768], [141.229171, 40.690925], [141.21476, 40.689321], [141.209964, 40.692807], [141.203776, 40.688374], [141.194933, 40.689334], [141.174211, 40.68352], [141.172827, 40.683132], [141.172585, 40.682782], [141.169444, 40.678248], [141.172216, 40.673132], [141.15981, 40.673498], [141.157011, 40.663223], [141.145523, 40.656824], [141.146315, 40.650025], [141.154841, 40.649937], [141.144448, 40.639367], [141.126958, 40.642872], [141.112466, 40.633709], [141.112437, 40.633691], [141.083077, 40.63325], [141.082707, 40.633244], [141.073187, 40.640456], [141.06244, 40.643283], [141.054868, 40.650816], [141.053483, 40.654455], [141.051014, 40.661073], [141.050945, 40.66112], [141.050914, 40.661141], [141.045293, 40.664966], [141.039653, 40.664836], [141.025984, 40.664522], [141.003738, 40.67069], [140.991855, 40.688817], [140.991267, 40.694606], [140.978967, 40.697616], [140.978951, 40.697607], [140.970234, 40.692359], [140.968147, 40.673628], [140.959744, 40.665252], [140.961115, 40.658857], [140.956214, 40.655983], [140.954996, 40.646991], [140.935732, 40.642812], [140.919726, 40.645747], [140.910826, 40.65293], [140.887328, 40.653089], [140.877599, 40.657395], [140.879352, 40.653238], [140.876346, 40.645791], [140.876317, 40.645719], [140.883781, 40.640083], [140.883876, 40.640012], [140.883776, 40.63981], [140.876635, 40.625429], [140.876686, 40.613885], [140.858136, 40.609329]]]}, "properties": {"N03_001": "青森県", "N03_002": null, "N03_003": null, "N03_004": "十和田市", "N03_005": null, "N03_007": "02206"}}, {"type": "Feature", "geometry": {"type": "MultiPolygon", "coordinates": [[[[141.446465, 40.683621], [141.447449, 40.681871], [141.447701, 40.681659], [141.445833, 40.684692], [141.446465, 40.683621]]], [[[141.333344, 40.673689], [141.338009, 40.666744], [141.338065, 40.666661], [141.338454, 40.666327], [141.344305, 40.661302], [141.344674, 40.660986], [141.351242, 40.664942], [141.355841, 40.663821], [141.356523, 40.664129], [141.359215, 40.663715], [141.364463, 40.667705], [141.364696, 40.671674], [141.368206, 40.666931], [141.378474, 40.663952], [141.419941, 40.66846], [141.428082, 40.667875], [141.438777, 40.670508], [141.438733, 40.674733], [141.441408, 40.675205], [141.442226, 40.675508], [141.443139, 40.676148], [141.443677, 40.676986], [141.437342, 40.676968], [141.437512, 40.677409], [141.440771, 40.67798], [141.441654, 40.678508], [141.44425, 40.681594], [141.436104, 40.678248], [141.438444, 40.679955], [141.435494, 40.680261], [141.434589, 40.683241], [141.43704, 40.683865], [141.433711, 40.686015], [141.438106, 40.686413], [141.439167, 40.682923], [141.441597, 40.681164], [141.438239, 40.686571], [141.431848, 40.686376], [141.424565, 40.706804], [141.402514, 40.812646], [141.400512, 40.844542], [141.397583, 40.847848], [141.392928, 40.886623], [141.381575, 40.884276], [141.376878, 40.878784], [141.374076, 40.863102], [141.379154, 40.845741], [141.379075, 40.845666], [141.378477, 40.845102], [141.372888, 40.839831], [141.367729, 40.83865], [141.36769, 40.83853], [141.367968, 40.836363], [141.361496, 40.819653], [141.351322, 40.812352], [141.348175, 40.805066], [141.348062, 40.779588], [141.356882, 40.772269], [141.359273, 40.754757], [141.359711, 40.751548], [141.358131, 40.7351], [141.356491, 40.732253], [141.353991, 40.727913], [141.351416, 40.723443], [141.348461, 40.721797], [141.346872, 40.720912], [141.34628, 40.720582], [141.342736, 40.721506], [141.324713, 40.724094], [141.318663, 40.722349], [141.310096, 40.716546], [141.310871, 40.710459], [141.311115, 40.710432], [141.318704, 40.713374], [141.331658, 40.712937], [141.336043, 40.720736], [141.343712, 40.720097], [141.340378, 40.7121], [141.328221, 40.706395], [141.327341, 40.704959], [141.324702, 40.700656], [141.323899, 40.700506], [141.322564, 40.696772], [141.322438, 40.696556], [141.322472, 40.696516], [141.325858, 40.692542], [141.325984, 40.692395], [141.340669, 40.68836], [141.334378, 40.68221], [141.33255, 40.674871], [141.333344, 40.673689]]]]}, "properties": {"N03_001": "青森県", "N03_002": null, "N03_003": null, "N03_004": "三沢市", "N03_005": null, "N03_007": "02207"}}, {"type": "Feature", "geometry": {"type": "MultiPolygon", "coordinates": [[[[140.792574, 41.216978], [140.778285, 41.210136], [140.778901, 41.207461], [140.764225, 41.195277], [140.769082, 41.171944], [140.768516, 41.168898], [140.768478, 41.168895], [140.768504, 41.168838], [140.768022, 41.166246], [140.767778, 41.166176], [140.767874, 41.166062], [140.767996, 41.166104], [140.766881, 41.160112], [140.766817, 41.160143], [140.766789, 41.160003], [140.766857, 41.159984], [140.764189, 41.145646], [140.769288, 41.140628], [140.773671, 41.142123], [140.772549, 41.140317], [140.779143, 41.13859], [140.777414, 41.13543], [140.783052, 41.131309], [140.792272, 41.133328], [140.798903, 41.128818], [140.811313, 41.127577], [140.825341, 41.145375], [140.826272, 41.141877], [140.828197, 41.146344], [140.848608, 41.158625], [140.876587, 41.165663], [140.873847, 41.166338], [140.892006, 41.16349], [140.916191, 41.17595], [140.945378, 41.173891], [140.957373, 41.185857], [140.959231, 41.186952], [140.960879, 41.185916], [140.962225, 41.186521], [140.959776, 41.186723], [140.963848, 41.191068], [140.980338, 41.199093], [140.986052, 41.195403], [140.98421, 41.198596], [140.996928, 41.19514], [141.009566, 41.197517], [141.034436, 41.185066], [141.05816, 41.18344], [141.075431, 41.201013], [141.09881, 41.212906], [141.113912, 41.213553], [141.154405, 41.242873], [141.159386, 41.256721], [141.159321, 41.260558], [141.156495, 41.262787], [141.157596, 41.253056], [141.152364, 41.252545], [141.154247, 41.250187], [141.14423, 41.240809], [141.134183, 41.239914], [141.13323, 41.243863], [141.141096, 41.252628], [141.143495, 41.251608], [141.141119, 41.253508], [141.146132, 41.254118], [141.1444, 41.255631], [141.155104, 41.26837], [141.15736, 41.27613], [141.163135, 41.279671], [141.177408, 41.277415], [141.175732, 41.275221], [141.188656, 41.279134], [141.184011, 41.274387], [141.180591, 41.275101], [141.184026, 41.274306], [141.187893, 41.276994], [141.197984, 41.272333], [141.196404, 41.270242], [141.211118, 41.262105], [141.233784, 41.241429], [141.254677, 41.213845], [141.262154, 41.199932], [141.260865, 41.199653], [141.259869, 41.201033], [141.258339, 41.201523], [141.257171, 41.201128], [141.260959, 41.199261], [141.262674, 41.199617], [141.269228, 41.186706], [141.278555, 41.161102], [141.278964, 41.157082], [141.276634, 41.151886], [141.277041, 41.150362], [141.278605, 41.15143], [141.287972, 41.15783], [141.310878, 41.151648], [141.322229, 41.15396], [141.322954, 41.154108], [141.321201, 41.157238], [141.318434, 41.162179], [141.321155, 41.166067], [141.319367, 41.167652], [141.324303, 41.170569], [141.323242, 41.174248], [141.330123, 41.181776], [141.33011, 41.190838], [141.337166, 41.199849], [141.335802, 41.212546], [141.33897, 41.215253], [141.325272, 41.239496], [141.326825, 41.244149], [141.320689, 41.246022], [141.319982, 41.250132], [141.310489, 41.243255], [141.303469, 41.249307], [141.289899, 41.247267], [141.280429, 41.249917], [141.265798, 41.243372], [141.246514, 41.249198], [141.251254, 41.264903], [141.247544, 41.281859], [141.254195, 41.292087], [141.252963, 41.301664], [141.246417, 41.310899], [141.22844, 41.309456], [141.225954, 41.314014], [141.234315, 41.32655], [141.244929, 41.33145], [141.236968, 41.333768], [141.249987, 41.35183], [141.249978, 41.351861], [141.249706, 41.352778], [141.247557, 41.360027], [141.246873, 41.360363], [141.23976, 41.363863], [141.240886, 41.365844], [141.239972, 41.368544], [141.238118, 41.364032], [141.233731, 41.365906], [141.235931, 41.368919], [141.231219, 41.366561], [141.227951, 41.368328], [141.228683, 41.369274], [141.226143, 41.371545], [141.228246, 41.368814], [141.222261, 41.371228], [141.223258, 41.372434], [141.224014, 41.371586], [141.226768, 41.372081], [141.228972, 41.371415], [141.226793, 41.372201], [141.223206, 41.372545], [141.22134, 41.371523], [141.213357, 41.374727], [141.192671, 41.38706], [141.178714, 41.399348], [141.184012, 41.403507], [141.178124, 41.40074], [141.17954, 41.404983], [141.177001, 41.403283], [141.167726, 41.410905], [141.169255, 41.412022], [141.17147, 41.410089], [141.171681, 41.410313], [141.176098, 41.408708], [141.1767, 41.408749], [141.155251, 41.41861], [141.145542, 41.431428], [141.135114, 41.434876], [141.130654, 41.44206], [141.121681, 41.44804], [141.120492, 41.452943], [141.120501, 41.452975], [141.120482, 41.452988], [141.119804, 41.455784], [141.115688, 41.455659], [141.104827, 41.451246], [141.082988, 41.451305], [141.081957, 41.448718], [141.064648, 41.447252], [141.059546, 41.443861], [141.051128, 41.446365], [141.04761, 41.444755], [141.051274, 41.438438], [141.049448, 41.431688], [141.031023, 41.42498], [141.02783, 41.420754], [141.009338, 41.422518], [141.002605, 41.43538], [140.998805, 41.437616], [140.996218, 41.439137], [140.994778, 41.439984], [140.987438, 41.437169], [140.986803, 41.437026], [140.975232, 41.43905], [140.967594, 41.435155], [140.965939, 41.435335], [140.967302, 41.434378], [140.956852, 41.423982], [140.944962, 41.426846], [140.942722, 41.422112], [140.940888, 41.421292], [140.940367, 41.42106], [140.937729, 41.414722], [140.937361, 41.407784], [140.927628, 41.398553], [140.933146, 41.393131], [140.925212, 41.382027], [140.915189, 41.380714], [140.915096, 41.380553], [140.913892, 41.37846], [140.911619, 41.37451], [140.911781, 41.374362], [140.918328, 41.368394], [140.902482, 41.364544], [140.903507, 41.361799], [140.884573, 41.350911], [140.874101, 41.33541], [140.875905, 41.332879], [140.868915, 41.321108], [140.861362, 41.32181], [140.861332, 41.321717], [140.859292, 41.315246], [140.849314, 41.314229], [140.848863, 41.314183], [140.845634, 41.306919], [140.839225, 41.30815], [140.834827, 41.300515], [140.834153, 41.299345], [140.834736, 41.299098], [140.846321, 41.294196], [140.851618, 41.287741], [140.850002, 41.282494], [140.855722, 41.273673], [140.853511, 41.269885], [140.860052, 41.26824], [140.864634, 41.261129], [140.871272, 41.259651], [140.85242, 41.261581], [140.841818, 41.269756], [140.826336, 41.268905], [140.825764, 41.268874], [140.815922, 41.256186], [140.823605, 41.247572], [140.822819, 41.239446], [140.818257, 41.232997], [140.798278, 41.222841], [140.792714, 41.222841], [140.792574, 41.216978]]], [[[140.766716, 41.160279], [140.766825, 41.160374], [140.766735, 41.160464], [140.766662, 41.160347], [140.766716, 41.160279]]], [[[140.766673, 41.161485], [140.766833, 41.161595], [140.766587, 41.161739], [140.766533, 41.161662], [140.766673, 41.161485]]], [[[140.766988, 41.161874], [140.766917, 41.161723], [140.766997, 41.161737], [140.767109, 41.161853], [140.766988, 41.161874]]], [[[140.765853, 41.167631], [140.765834, 41.167748], [140.765746, 41.167733], [140.76577, 41.16764], [140.765853, 41.167631]]], [[[140.765563, 41.167869], [140.765651, 41.167838], [140.765614, 41.167964], [140.765548, 41.167906], [140.765563, 41.167869]]], [[[140.76842, 41.168796], [140.768261, 41.168714], [140.768287, 41.168666], [140.768397, 41.168672], [140.76842, 41.168796]]], [[[140.768121, 41.169087], [140.768085, 41.169064], [140.76848, 41.168948], [140.768393, 41.169041], [140.768121, 41.169087]]], [[[140.768347, 41.170533], [140.768355, 41.17056], [140.768265, 41.170566], [140.7683, 41.170526], [140.768347, 41.170533]]], [[[140.76805, 41.170701], [140.767971, 41.170667], [140.768113, 41.170527], [140.768178, 41.170581], [140.76805, 41.170701]]], [[[140.768337, 41.170687], [140.768302, 41.170697], [140.768282, 41.170632], [140.768335, 41.170624], [140.768337, 41.170687]]], [[[140.768393, 41.17119], [140.768411, 41.171272], [140.76833, 41.171255], [140.768325, 41.171163], [140.768393, 41.17119]]], [[[140.768357, 41.172655], [140.768393, 41.172657], [140.768375, 41.172699], [140.768352, 41.172676], [140.768357, 41.172655]]], [[[140.768456, 41.172805], [140.768428, 41.172823], [140.768372, 41.172767], [140.768428, 41.17276], [140.768456, 41.172805]]], [[[140.768448, 41.17313], [140.768262, 41.173146], [140.7683, 41.173106], [140.768426, 41.173076], [140.768448, 41.17313]]], [[[140.768443, 41.17324], [140.768345, 41.173322], [140.768297, 41.173278], [140.768367, 41.173207], [140.768443, 41.17324]]], [[[140.767556, 41.175529], [140.767487, 41.175405], [140.767591, 41.175387], [140.767616, 41.175504], [140.767556, 41.175529]]], [[[140.767866, 41.175636], [140.767767, 41.175613], [140.76782, 41.175421], [140.767918, 41.17551], [140.767866, 41.175636]]], [[[140.768047, 41.176082], [140.768062, 41.176154], [140.767961, 41.176148], [140.76799, 41.176078], [140.768047, 41.176082]]], [[[140.767177, 41.180155], [140.767108, 41.180084], [140.767175, 41.180065], [140.767217, 41.180103], [140.767177, 41.180155]]], [[[140.764739, 41.196065], [140.76477, 41.196136], [140.764704, 41.196147], [140.764669, 41.196107], [140.764739, 41.196065]]], [[[140.764982, 41.19633], [140.765029, 41.19636], [140.764974, 41.196385], [140.764962, 41.196357], [140.764982, 41.19633]]], [[[140.765244, 41.196703], [140.764909, 41.196601], [140.765177, 41.196485], [140.765271, 41.196563], [140.765244, 41.196703]]], [[[140.765516, 41.197754], [140.765584, 41.197689], [140.765641, 41.197725], [140.765575, 41.197813], [140.765516, 41.197754]]], [[[140.814089, 41.119183], [140.814149, 41.119504], [140.813532, 41.119331], [140.813813, 41.119101], [140.814089, 41.119183]]], [[[140.81529, 41.120368], [140.815502, 41.121025], [140.813996, 41.120349], [140.814398, 41.119819], [140.81529, 41.120368]]], [[[140.818751, 41.136375], [140.818762, 41.135653], [140.818842, 41.135651], [140.818827, 41.136377], [140.818751, 41.136375]]], [[[140.933414, 41.172657], [140.933445, 41.172624], [140.93413, 41.172988], [140.934099, 41.173022], [140.933414, 41.172657]]], [[[140.768537, 41.1733], [140.768622, 41.173339], [140.768612, 41.173356], [140.76856, 41.17335], [140.768537, 41.1733]]], [[[140.768453, 41.173322], [140.768521, 41.173377], [140.768456, 41.173415], [140.768433, 41.173364], [140.768453, 41.173322]]], [[[140.95407, 41.180522], [140.954224, 41.18058], [140.954153, 41.180622], [140.95408, 41.180613], [140.95407, 41.180522]]], [[[140.769412, 41.201817], [140.769283, 41.201681], [140.769556, 41.201722], [140.769632, 41.201814], [140.769412, 41.201817]]], [[[140.769879, 41.202152], [140.769706, 41.202117], [140.769749, 41.20204], [140.769926, 41.20206], [140.769879, 41.202152]]], [[[140.770338, 41.2025], [140.769968, 41.202421], [140.770054, 41.202222], [140.770267, 41.202313], [140.770338, 41.2025]]], [[[140.770291, 41.202689], [140.770617, 41.202624], [140.770806, 41.202676], [140.770717, 41.202782], [140.770291, 41.202689]]], [[[140.771074, 41.203147], [140.771078, 41.203222], [140.770759, 41.202992], [140.770984, 41.203002], [140.771074, 41.203147]]], [[[140.772387, 41.203779], [140.772212, 41.203714], [140.77232, 41.203675], [140.772387, 41.203697], [140.772387, 41.203779]]], [[[140.773182, 41.203821], [140.77315, 41.203847], [140.773095, 41.203754], [140.773154, 41.20375], [140.773182, 41.203821]]], [[[140.773035, 41.203818], [140.773049, 41.20388], [140.772962, 41.203857], [140.772988, 41.203795], [140.773035, 41.203818]]], [[[140.773655, 41.204546], [140.773529, 41.204422], [140.773695, 41.20439], [140.773833, 41.204465], [140.773655, 41.204546]]], [[[140.774983, 41.20598], [140.775239, 41.205958], [140.775215, 41.205999], [140.775034, 41.206075], [140.774983, 41.20598]]], [[[140.775435, 41.206346], [140.775471, 41.206292], [140.775718, 41.20624], [140.775665, 41.206412], [140.775435, 41.206346]]], [[[140.776101, 41.206466], [140.775977, 41.206454], [140.776035, 41.206381], [140.776215, 41.20635], [140.776101, 41.206466]]], [[[140.776266, 41.206599], [140.77616, 41.206568], [140.776196, 41.206504], [140.776303, 41.206513], [140.776266, 41.206599]]], [[[140.776656, 41.206725], [140.776473, 41.206762], [140.776518, 41.206669], [140.77661, 41.206645], [140.776656, 41.206725]]], [[[140.776811, 41.206844], [140.776733, 41.206799], [140.77685, 41.20674], [140.776935, 41.206793], [140.776811, 41.206844]]], [[[140.77722, 41.206859], [140.777262, 41.206923], [140.777167, 41.206938], [140.777162, 41.206908], [140.77722, 41.206859]]], [[[140.777332, 41.207122], [140.777341, 41.207006], [140.777472, 41.206997], [140.777496, 41.207078], [140.777332, 41.207122]]], [[[141.0524, 41.182193], [141.052468, 41.182207], [141.052431, 41.182269], [141.052336, 41.182245], [141.0524, 41.182193]]], [[[141.052317, 41.182331], [141.052375, 41.182336], [141.052355, 41.182407], [141.05228, 41.182379], [141.052317, 41.182331]]], [[[140.956482, 41.182387], [140.956471, 41.182479], [140.9564, 41.182454], [140.956366, 41.182395], [140.956482, 41.182387]]], [[[140.95625, 41.182604], [140.956239, 41.182529], [140.956345, 41.18255], [140.956311, 41.182617], [140.95625, 41.182604]]], [[[141.058255, 41.183045], [141.058115, 41.182978], [141.058178, 41.182945], [141.058235, 41.182969], [141.058255, 41.183045]]], [[[141.048161, 41.182981], [141.048275, 41.183001], [141.048294, 41.183034], [141.048224, 41.183044], [141.048161, 41.182981]]], [[[141.058933, 41.183681], [141.058915, 41.183757], [141.058852, 41.183657], [141.05889, 41.183605], [141.058933, 41.183681]]], [[[141.045061, 41.183744], [141.045125, 41.183715], [141.045119, 41.183835], [141.045061, 41.183835], [141.045061, 41.183744]]], [[[141.046154, 41.18383], [141.046191, 41.183778], [141.046286, 41.183835], [141.04621, 41.183873], [141.046154, 41.18383]]], [[[141.042492, 41.18402], [141.04256, 41.184045], [141.042485, 41.184082], [141.04244, 41.184049], [141.042492, 41.18402]]], [[[141.035999, 41.184553], [141.035899, 41.184481], [141.036057, 41.184376], [141.036291, 41.184514], [141.035999, 41.184553]]], [[[141.034567, 41.184558], [141.034706, 41.184633], [141.034598, 41.184686], [141.034434, 41.184658], [141.034567, 41.184558]]], [[[141.035097, 41.184763], [141.034853, 41.184805], [141.034933, 41.18471], [141.035053, 41.184696], [141.035097, 41.184763]]], [[[141.061667, 41.185706], [141.061572, 41.185678], [141.061642, 41.185636], [141.061685, 41.185636], [141.061667, 41.185706]]], [[[141.061509, 41.185741], [141.061484, 41.185774], [141.061402, 41.185711], [141.061408, 41.185655], [141.061509, 41.185741]]], [[[141.030842, 41.185987], [141.030842, 41.185963], [141.030968, 41.185944], [141.030919, 41.186007], [141.030842, 41.185987]]], [[[141.029764, 41.186755], [141.02972, 41.186704], [141.029866, 41.186707], [141.029822, 41.186755], [141.029764, 41.186755]]], [[[140.962928, 41.187191], [140.962879, 41.18719], [140.9629, 41.186465], [140.962948, 41.186465], [140.962928, 41.187191]]], [[[141.256667, 41.202355], [141.256766, 41.202316], [141.257292, 41.203245], [141.256667, 41.202355]]], [[[141.155901, 41.262479], [141.15589, 41.262591], [141.155795, 41.262572], [141.155822, 41.262452], [141.155901, 41.262479]]], [[[141.168712, 41.276559], [141.16699, 41.276149], [141.167019, 41.276084], [141.167547, 41.276235], [141.168712, 41.276559]]], [[[141.162712, 41.278417], [141.162671, 41.278411], [141.163102, 41.276519], [141.163046, 41.276999], [141.162712, 41.278417]]], [[[141.239192, 41.369624], [141.242232, 41.370036], [141.235404, 41.369671], [141.237938, 41.369505], [141.239192, 41.369624]]], [[[141.193975, 41.389065], [141.193673, 41.389559], [141.193548, 41.389514], [141.19385, 41.38902], [141.193975, 41.389065]]], [[[141.185312, 41.408036], [141.185153, 41.408023], [141.185986, 41.402961], [141.185682, 41.405268], [141.185312, 41.408036]]], [[[141.180815, 41.405486], [141.182208, 41.404381], [141.177675, 41.410526], [141.178304, 41.4075], [141.180815, 41.405486]]], [[[141.179089, 41.411974], [141.175821, 41.412742], [141.178038, 41.412146], [141.178027, 41.412119], [141.179089, 41.411974]]], [[[141.165738, 41.413867], [141.165724, 41.413868], [141.165725, 41.413842], [141.165755, 41.413828], [141.165738, 41.413867]]], [[[141.165838, 41.413901], [141.165877, 41.413887], [141.165882, 41.413913], [141.165817, 41.413921], [141.165838, 41.413901]]], [[[141.16612, 41.414119], [141.166086, 41.414144], [141.166088, 41.414121], [141.16612, 41.414119]]], [[[141.144154, 41.43247], [141.144292, 41.432521], [141.144249, 41.432596], [141.144177, 41.432566], [141.144154, 41.43247]]], [[[141.132281, 41.439651], [141.132365, 41.439725], [141.132319, 41.439757], [141.132214, 41.439664], [141.132281, 41.439651]]], [[[141.133075, 41.439874], [141.133186, 41.439959], [141.133131, 41.439994], [141.133034, 41.439938], [141.133075, 41.439874]]], [[[141.133311, 41.44002], [141.133509, 41.440116], [141.133455, 41.440152], [141.133389, 41.440092], [141.133311, 41.44002]]], [[[141.133203, 41.440118], [141.133338, 41.44018], [141.133275, 41.440236], [141.13319, 41.440204], [141.133203, 41.440118]]], [[[141.133428, 41.440376], [141.133329, 41.440356], [141.133336, 41.440324], [141.133419, 41.440314], [141.133428, 41.440376]]], [[[141.13366, 41.440329], [141.133739, 41.44041], [141.133648, 41.440438], [141.133571, 41.440328], [141.13366, 41.440329]]]]}, "properties": {"N03_001": "青森県", "N03_002": null, "N03_003": null, "N03_004": "むつ市", "N03_005": null, "N03_007": "02208"}}, {"type": "Feature", "geometry": {"type": "Polygon", "coordinates": [[[140.414414, 40.935325], [140.413927, 40.937719], [140.405945, 40.936849], [140.394389, 40.941916], [140.385427, 40.938524], [140.38033, 40.94227], [140.380231, 40.947853], [140.375658, 40.951285], [140.379551, 40.961757], [140.384583, 40.969111], [140.391832, 40.979704], [140.392458, 40.980618], [140.39201, 40.982372], [140.391534, 40.984239], [140.390788, 40.987164], [140.382293, 40.996193], [140.382101, 40.99677], [140.381902, 41.002049], [140.379616, 41.004214], [140.376463, 41.007199], [140.372961, 41.010514], [140.36999, 41.01053], [140.367244, 41.011943], [140.365301, 41.010555], [140.361005, 41.007485], [140.360382, 41.006324], [140.36655, 40.999493], [140.35798, 40.993173], [140.338385, 41.008025], [140.336434, 41.008108], [140.329492, 41.008173], [140.318949, 40.999812], [140.315586, 40.978921], [140.313489, 40.977839], [140.311109, 40.974971], [140.309689, 40.97509], [140.311189, 40.974867], [140.311883, 40.975174], [140.314759, 40.977653], [140.314013, 40.97381], [140.309512, 40.973324], [140.308555, 40.97548], [140.309409, 40.973236], [140.313605, 40.972672], [140.31324, 40.964927], [140.296167, 40.896953], [140.281392, 40.855832], [140.276526, 40.845381], [140.273195, 40.844722], [140.275351, 40.843869], [140.272722, 40.836818], [140.249933, 40.800467], [140.275236, 40.797849], [140.273405, 40.793941], [140.284807, 40.785139], [140.291767, 40.772778], [140.311114, 40.769804], [140.328392, 40.757842], [140.332995, 40.761421], [140.340422, 40.759566], [140.340473, 40.759553], [140.370708, 40.77132], [140.372156, 40.773216], [140.374377, 40.776125], [140.37513, 40.777111], [140.37403, 40.777531], [140.373887, 40.778112], [140.362706, 40.782953], [140.361915, 40.786807], [140.361932, 40.78686], [140.372188, 40.78159], [140.370995, 40.785513], [140.377926, 40.789817], [140.384237, 40.783573], [140.387085, 40.785209], [140.394179, 40.778244], [140.397486, 40.77882], [140.400982, 40.769856], [140.407463, 40.772403], [140.414588, 40.761739], [140.4195, 40.762644], [140.422382, 40.76458], [140.420278, 40.772033], [140.415157, 40.777369], [140.424369, 40.78755], [140.428417, 40.788195], [140.437323, 40.789046], [140.437329, 40.789617], [140.437365, 40.793036], [140.435975, 40.797371], [140.437535, 40.809094], [140.427429, 40.811145], [140.422899, 40.806501], [140.41871, 40.815235], [140.423873, 40.816323], [140.425084, 40.821024], [140.411244, 40.834827], [140.407441, 40.846377], [140.400713, 40.848855], [140.39925, 40.857124], [140.399957, 40.867377], [140.407309, 40.872224], [140.403432, 40.880989], [140.421527, 40.887544], [140.41931, 40.892277], [140.42532, 40.894229], [140.420484, 40.897623], [140.427976, 40.899479], [140.426224, 40.903491], [140.428601, 40.909333], [140.428821, 40.909875], [140.417335, 40.911994], [140.416835, 40.912087], [140.417332, 40.914325], [140.41901, 40.92187], [140.421741, 40.919343], [140.417318, 40.927476], [140.417317, 40.928509], [140.416158, 40.92961], [140.40883, 40.936569], [140.410639, 40.936166], [140.413697, 40.934605], [140.412993, 40.935641], [140.414414, 40.935325]]]}, "properties": {"N03_001": "青森県", "N03_002": null, "N03_003": null, "N03_004": "つがる市", "N03_005": null, "N03_007": "02209"}}, {"type": "Feature", "geometry": {"type": "Polygon", "coordinates": [[[140.84426, 40.606039], [140.842801, 40.605422], [140.825337, 40.598037], [140.825291, 40.597945], [140.825171, 40.597908], [140.812611, 40.574531], [140.807046, 40.57126], [140.789078, 40.566268], [140.77573, 40.566524], [140.767552, 40.570143], [140.762962, 40.568053], [140.761483, 40.566868], [140.752542, 40.559701], [140.75646, 40.554038], [140.752165, 40.547657], [140.749419, 40.545543], [140.748023, 40.541503], [140.746559, 40.537267], [140.732871, 40.534747], [140.709917, 40.537493], [140.68978, 40.550615], [140.693265, 40.55219], [140.692557, 40.556603], [140.6857, 40.560133], [140.685738, 40.567093], [140.681876, 40.570365], [140.681785, 40.570321], [140.673168, 40.566167], [140.666701, 40.558348], [140.654676, 40.558624], [140.6512, 40.565731], [140.659845, 40.581295], [140.651542, 40.594155], [140.646142, 40.594667], [140.638863, 40.601497], [140.626388, 40.603224], [140.621501, 40.609964], [140.606814, 40.612309], [140.611377, 40.617135], [140.603592, 40.61623], [140.598525, 40.62218], [140.591868, 40.622472], [140.589143, 40.629829], [140.581806, 40.630933], [140.570787, 40.630053], [140.570326, 40.630058], [140.570252, 40.63001], [140.568031, 40.628569], [140.572363, 40.626404], [140.568246, 40.627961], [140.558503, 40.624023], [140.552609, 40.623587], [140.542165, 40.623953], [140.544292, 40.626685], [140.536119, 40.629948], [140.536075, 40.629966], [140.535939, 40.629919], [140.518375, 40.623877], [140.513859, 40.615281], [140.513907, 40.615167], [140.508913, 40.613226], [140.508999, 40.613072], [140.509716, 40.611782], [140.510222, 40.61095], [140.515015, 40.614497], [140.525026, 40.612788], [140.528194, 40.588087], [140.526158, 40.578347], [140.529245, 40.573038], [140.533858, 40.576693], [140.538733, 40.574327], [140.530172, 40.570597], [140.538601, 40.558713], [140.548212, 40.554936], [140.552687, 40.560759], [140.557608, 40.559821], [140.561168, 40.565295], [140.56206, 40.563022], [140.579389, 40.563544], [140.592488, 40.553014], [140.597004, 40.549383], [140.598368, 40.548287], [140.598709, 40.548013], [140.598511, 40.546354], [140.59809, 40.542831], [140.598149, 40.542837], [140.598799, 40.542452], [140.598861, 40.541613], [140.606146, 40.536963], [140.608725, 40.536568], [140.615608, 40.535514], [140.627528, 40.540518], [140.633517, 40.535136], [140.645149, 40.541054], [140.644817, 40.534258], [140.648471, 40.531674], [140.664896, 40.530054], [140.677206, 40.521791], [140.677775, 40.509467], [140.649899, 40.494272], [140.630653, 40.494269], [140.62125, 40.49798], [140.611917, 40.479079], [140.607063, 40.479864], [140.605622, 40.48967], [140.599392, 40.493086], [140.593373, 40.493838], [140.58373, 40.485636], [140.583464, 40.48541], [140.593138, 40.479474], [140.598408, 40.476022], [140.598786, 40.473724], [140.60013, 40.458926], [140.600348, 40.4468], [140.599247, 40.44441], [140.590057, 40.436397], [140.589731, 40.436113], [140.611238, 40.42386], [140.625781, 40.423999], [140.625476, 40.421525], [140.633042, 40.417631], [140.636351, 40.409326], [140.632936, 40.404831], [140.634293, 40.402259], [140.640884, 40.405174], [140.66148, 40.404449], [140.666025, 40.4115], [140.675385, 40.412084], [140.68717, 40.418302], [140.687913, 40.427349], [140.699228, 40.429416], [140.715549, 40.427882], [140.717467, 40.421109], [140.723016, 40.416611], [140.73357, 40.415803], [140.735858, 40.42786], [140.731202, 40.431108], [140.735479, 40.433974], [140.732739, 40.435936], [140.734094, 40.439683], [140.75206, 40.438755], [140.762714, 40.451247], [140.769383, 40.453915], [140.77326, 40.451398], [140.786847, 40.457231], [140.793215, 40.449405], [140.804962, 40.449837], [140.81155, 40.4779], [140.810629, 40.48713], [140.820193, 40.495456], [140.826945, 40.49608], [140.845021, 40.50736], [140.852587, 40.505217], [140.880062, 40.510246], [140.860737, 40.539695], [140.851662, 40.545178], [140.851455, 40.545303], [140.853469, 40.547097], [140.864196, 40.558483], [140.864639, 40.561255], [140.866616, 40.584885], [140.858761, 40.588525], [140.86306, 40.597428], [140.858236, 40.605274], [140.858169, 40.605383], [140.858531, 40.605549], [140.862916, 40.60964], [140.858136, 40.609329], [140.844267, 40.605922], [140.84426, 40.606039]]]}, "properties": {"N03_001": "青森県", "N03_002": null, "N03_003": null, "N03_004": "平川市", "N03_005": null, "N03_007": "02210"}}, {"type": "Feature", "geometry": {"type": "MultiPolygon", "coordinates": [[[[140.980564, 40.806056], [140.980609, 40.806184], [140.98462, 40.807333], [140.98785, 40.808258], [140.990034, 40.813231], [141.006704, 40.816606], [141.016733, 40.819851], [141.020066, 40.825819], [141.018069, 40.837156], [141.039401, 40.840387], [141.039221, 40.843613], [141.039174, 40.844464], [141.046777, 40.854246], [141.041638, 40.86429], [141.041773, 40.864904], [141.046457, 40.875765], [141.052559, 40.878436], [141.084125, 40.886199], [141.078067, 40.897251], [141.082105, 40.896077], [141.071909, 40.9022], [141.064245, 40.913336], [141.054772, 40.917061], [141.04334, 40.91483], [141.039686, 40.915698], [141.043331, 40.917018], [141.034785, 40.917419], [141.023265, 40.924664], [141.022679, 40.928748], [141.007031, 40.932045], [140.998531, 40.937168], [140.972379, 40.934381], [140.972639, 40.940621], [140.977951, 40.940067], [140.979817, 40.943525], [140.980692, 40.941849], [140.981487, 40.94134], [140.977771, 40.948957], [140.980286, 40.947163], [140.982027, 40.960289], [140.984752, 40.957125], [140.984481, 40.95961], [140.962001, 40.972648], [140.952408, 40.982501], [140.953688, 40.983294], [140.954155, 40.98456], [140.952665, 40.982853], [140.950335, 40.985545], [140.948709, 40.992355], [140.939744, 40.995177], [140.919785, 40.993227], [140.916786, 40.995014], [140.917634, 40.995629], [140.919539, 40.994568], [140.921849, 40.994873], [140.917422, 40.995987], [140.916353, 40.995211], [140.903062, 41.007969], [140.889666, 41.010799], [140.878837, 41.009853], [140.880753, 41.004413], [140.876162, 40.992542], [140.87123, 40.986925], [140.863376, 40.984929], [140.871164, 40.983371], [140.873161, 40.979116], [140.871773, 40.977014], [140.870248, 40.979796], [140.866799, 40.974006], [140.860011, 40.971755], [140.859188, 40.962749], [140.86004, 40.959505], [140.859523, 40.962325], [140.863456, 40.962712], [140.862682, 40.957473], [140.85046, 40.955417], [140.850456, 40.955465], [140.850192, 40.955558], [140.850123, 40.95536], [140.837908, 40.953305], [140.857003, 40.943798], [140.861861, 40.94739], [140.871197, 40.945188], [140.871376, 40.942267], [140.867916, 40.943413], [140.866882, 40.940813], [140.868785, 40.925611], [140.865603, 40.925686], [140.865098, 40.920313], [140.869416, 40.917283], [140.868854, 40.909816], [140.866556, 40.910192], [140.864987, 40.908025], [140.867801, 40.909886], [140.865577, 40.904123], [140.859026, 40.904456], [140.861105, 40.903138], [140.881038, 40.902385], [140.881052, 40.902346], [140.883002, 40.897067], [140.891232, 40.896153], [140.88824, 40.889963], [140.893816, 40.887084], [140.892401, 40.883572], [140.89265, 40.883318], [140.910612, 40.871309], [140.913226, 40.864625], [140.931289, 40.856198], [140.932137, 40.842896], [140.950113, 40.837005], [140.957516, 40.829975], [140.954785, 40.817997], [140.968267, 40.814505], [140.980271, 40.806257], [140.980564, 40.806056]]], [[[140.85172, 40.907655], [140.852759, 40.908535], [140.852895, 40.909906], [140.851502, 40.909235], [140.85172, 40.907655]]], [[[140.852839, 40.932384], [140.854789, 40.93144], [140.858008, 40.933419], [140.855148, 40.935135], [140.852839, 40.932384]]], [[[140.866846, 40.943227], [140.866376, 40.944395], [140.866289, 40.944372], [140.866751, 40.943195], [140.866846, 40.943227]]], [[[140.837629, 40.953423], [140.837507, 40.953716], [140.836809, 40.953668], [140.837481, 40.953384], [140.837629, 40.953423]]], [[[140.850734, 40.956306], [140.850876, 40.956516], [140.850641, 40.956554], [140.8505, 40.956382], [140.850734, 40.956306]]], [[[140.854368, 40.957027], [140.854347, 40.956881], [140.854519, 40.956947], [140.854476, 40.957086], [140.854368, 40.957027]]], [[[140.868074, 40.987429], [140.868123, 40.987556], [140.867711, 40.987556], [140.867788, 40.987342], [140.868074, 40.987429]]], [[[141.030025, 40.922889], [141.029529, 40.923346], [141.029469, 40.923294], [141.030025, 40.922889]]], [[[141.027585, 40.925], [141.029171, 40.923568], [141.029245, 40.923619], [141.02694, 40.925583], [141.027585, 40.925]]], [[[140.973161, 40.936662], [140.972989, 40.936949], [140.972703, 40.936738], [140.972865, 40.936499], [140.973161, 40.936662]]], [[[140.972857, 40.937088], [140.972962, 40.937043], [140.973047, 40.937115], [140.97291, 40.937218], [140.972857, 40.937088]]], [[[140.983182, 40.942643], [140.983989, 40.942089], [140.982084, 40.944842], [140.981418, 40.944638], [140.982682, 40.943622], [140.983182, 40.942643]]], [[[140.872286, 41.01721], [140.870519, 41.016509], [140.871393, 41.012556], [140.878052, 41.009959], [140.875165, 41.014156], [140.872286, 41.01721]]]]}, "properties": {"N03_001": "青森県", "N03_002": null, "N03_003": "東津軽郡", "N03_004": "平内町", "N03_005": null, "N03_007": "02301"}}, {"type": "Feature", "geometry": {"type": "MultiPolygon", "coordinates": [[[[140.464524, 41.111765], [140.475556, 41.107522], [140.482528, 41.108072], [140.484427, 41.109379], [140.490315, 41.108686], [140.497559, 41.103267], [140.529409, 41.108906], [140.529736, 41.108697], [140.539608, 41.102389], [140.553559, 41.111165], [140.554065, 41.11164], [140.551428, 41.120125], [140.557985, 41.123045], [140.565699, 41.132292], [140.56532, 41.137998], [140.56926, 41.139183], [140.573422, 41.151323], [140.579823, 41.152362], [140.578612, 41.169419], [140.582035, 41.175496], [140.591303, 41.18323], [140.598062, 41.182019], [140.598607, 41.189401], [140.60337, 41.190954], [140.594044, 41.206855], [140.594095, 41.215026], [140.575886, 41.223097], [140.576505, 41.223611], [140.577515, 41.223457], [140.578786, 41.224156], [140.570431, 41.223045], [140.568365, 41.224105], [140.568387, 41.224249], [140.568282, 41.224264], [140.568232, 41.224174], [140.563432, 41.226637], [140.555003, 41.224364], [140.549536, 41.229545], [140.538631, 41.217859], [140.536869, 41.221189], [140.526922, 41.221191], [140.520815, 41.215689], [140.522889, 41.21551], [140.521872, 41.208909], [140.519133, 41.205032], [140.490396, 41.185847], [140.468042, 41.181782], [140.461488, 41.183205], [140.459269, 41.187744], [140.448827, 41.188717], [140.448067, 41.180175], [140.438457, 41.169662], [140.4423, 41.151937], [140.442313, 41.151876], [140.433673, 41.142189], [140.435299, 41.136733], [140.428542, 41.131364], [140.419582, 41.131383], [140.410029, 41.12617], [140.40686, 41.120969], [140.406864, 41.120968], [140.426953, 41.121402], [140.443069, 41.115914], [140.461462, 41.117316], [140.464524, 41.111765]]], [[[140.519207, 41.210564], [140.519345, 41.21055], [140.519452, 41.21071], [140.519211, 41.210713], [140.519207, 41.210564]]], [[[140.518812, 41.211729], [140.518913, 41.211605], [140.519067, 41.211738], [140.518932, 41.211884], [140.518812, 41.211729]]], [[[140.519714, 41.211884], [140.519889, 41.211901], [140.519862, 41.212083], [140.519658, 41.211954], [140.519714, 41.211884]]], [[[140.518946, 41.212467], [140.518935, 41.212329], [140.519073, 41.21236], [140.519092, 41.212459], [140.518946, 41.212467]]], [[[140.519736, 41.212594], [140.519837, 41.212715], [140.519605, 41.212794], [140.519584, 41.212644], [140.519736, 41.212594]]], [[[140.518969, 41.213092], [140.519021, 41.21296], [140.519122, 41.213036], [140.519125, 41.213109], [140.518969, 41.213092]]], [[[140.519416, 41.213629], [140.519509, 41.213441], [140.519662, 41.213446], [140.519713, 41.213531], [140.519416, 41.213629]]], [[[140.519985, 41.213686], [140.520183, 41.213551], [140.520329, 41.213787], [140.520027, 41.213883], [140.519985, 41.213686]]], [[[140.521244, 41.214021], [140.521167, 41.213962], [140.521222, 41.213925], [140.521293, 41.213956], [140.521244, 41.214021]]], [[[140.519565, 41.214119], [140.519427, 41.214046], [140.519501, 41.213964], [140.519833, 41.213984], [140.519565, 41.214119]]], [[[140.51993, 41.214224], [140.519781, 41.214232], [140.51981, 41.214125], [140.519915, 41.214112], [140.51993, 41.214224]]], [[[140.520902, 41.214102], [140.521066, 41.214218], [140.52085, 41.214283], [140.520747, 41.214212], [140.520902, 41.214102]]], [[[140.519795, 41.214353], [140.519732, 41.214494], [140.519613, 41.214477], [140.519692, 41.214343], [140.519795, 41.214353]]], [[[140.572533, 41.223399], [140.57282, 41.223569], [140.572559, 41.223819], [140.572407, 41.223791], [140.572533, 41.223399]]], [[[140.573368, 41.223709], [140.573532, 41.223932], [140.57345, 41.224008], [140.573081, 41.223912], [140.573368, 41.223709]]], [[[140.576315, 41.224326], [140.576192, 41.224233], [140.576313, 41.224044], [140.576445, 41.224081], [140.576315, 41.224326]]], [[[140.572276, 41.224194], [140.572429, 41.224179], [140.572355, 41.224376], [140.57222, 41.224407], [140.572276, 41.224194]]], [[[140.575592, 41.224481], [140.575562, 41.224275], [140.575748, 41.224216], [140.5758, 41.224365], [140.575592, 41.224481]]], [[[140.568916, 41.224931], [140.56905, 41.224852], [140.569082, 41.225078], [140.568931, 41.225111], [140.568916, 41.224931]]], [[[140.570078, 41.225179], [140.570238, 41.225221], [140.57019, 41.225379], [140.569992, 41.225345], [140.570078, 41.225179]]], [[[140.55749, 41.225229], [140.557702, 41.225271], [140.557739, 41.225353], [140.557523, 41.22553], [140.55749, 41.225229]]], [[[140.55819, 41.225367], [140.558231, 41.225437], [140.558116, 41.225502], [140.558063, 41.225444], [140.55819, 41.225367]]], [[[140.546149, 41.226051], [140.546023, 41.226516], [140.545847, 41.226397], [140.545814, 41.226006], [140.546149, 41.226051]]], [[[140.552505, 41.227112], [140.552713, 41.227177], [140.552656, 41.227426], [140.552397, 41.227262], [140.552505, 41.227112]]], [[[140.553541, 41.227304], [140.553138, 41.227602], [140.552989, 41.227087], [140.553198, 41.22698], [140.553541, 41.227304]]], [[[140.552173, 41.227332], [140.552099, 41.22736], [140.552078, 41.227261], [140.552152, 41.227238], [140.552173, 41.227332]]], [[[140.552747, 41.22785], [140.552602, 41.227867], [140.552493, 41.227697], [140.55281, 41.227664], [140.552747, 41.22785]]]]}, "properties": {"N03_001": "青森県", "N03_002": null, "N03_003": "東津軽郡", "N03_004": "今別町", "N03_005": null, "N03_007": "02303"}}, {"type": "Feature", "geometry": {"type": "Polygon", "coordinates": [[[140.618672, 40.95225], [140.660986, 40.94859], [140.654228, 40.982527], [140.657914, 40.982955], [140.65564, 40.986063], [140.658974, 40.983205], [140.653982, 40.99083], [140.652679, 40.997283], [140.655614, 40.998232], [140.651827, 40.999982], [140.649973, 41.006148], [140.652132, 41.00939], [140.65441, 41.007889], [140.648839, 41.014713], [140.646752, 41.029315], [140.637259, 41.030213], [140.627804, 41.036698], [140.621172, 41.034236], [140.617761, 41.036606], [140.608983, 41.030584], [140.608759, 41.030602], [140.608226, 41.030647], [140.594148, 41.03182], [140.578548, 41.027776], [140.578386, 41.027843], [140.57822, 41.02777], [140.570597, 41.030998], [140.570395, 41.03097], [140.55295, 41.027259], [140.550564, 41.026617], [140.550125, 41.023564], [140.545545, 41.022201], [140.52041, 41.022507], [140.520345, 41.02289], [140.518889, 41.02293], [140.517793, 41.020365], [140.515934, 41.009806], [140.515949, 41.00946], [140.522027, 41.00713], [140.522044, 41.00627], [140.522151, 41.000742], [140.522234, 40.996477], [140.521824, 40.996096], [140.521792, 40.995643], [140.527696, 40.993582], [140.527452, 40.988745], [140.532626, 40.988482], [140.539676, 40.982586], [140.545784, 40.983043], [140.550817, 40.978434], [140.547769, 40.970556], [140.553596, 40.969264], [140.563248, 40.970195], [140.581141, 40.962742], [140.587473, 40.965482], [140.600743, 40.962444], [140.605254, 40.959867], [140.608873, 40.950431], [140.61426, 40.948073], [140.618672, 40.95225]]]}, "properties": {"N03_001": "青森県", "N03_002": null, "N03_003": "東津軽郡", "N03_004": "蓬田村", "N03_005": null, "N03_007": "02304"}}, {"type": "Feature", "geometry": {"type": "MultiPolygon", "coordinates": [[[[140.40686, 41.120969], [140.410029, 41.12617], [140.419582, 41.131383], [140.428542, 41.131364], [140.435299, 41.136733], [140.433673, 41.142189], [140.442313, 41.151876], [140.4423, 41.151937], [140.438457, 41.169662], [140.448067, 41.180175], [140.448827, 41.188717], [140.439131, 41.19305], [140.436591, 41.197267], [140.432371, 41.195632], [140.431004, 41.19892], [140.433128, 41.198061], [140.434627, 41.197757], [140.436717, 41.19825], [140.431993, 41.198579], [140.424812, 41.208985], [140.40849, 41.218471], [140.408286, 41.218674], [140.408243, 41.218639], [140.408333, 41.218576], [140.408468, 41.218484], [140.403339, 41.221465], [140.397373, 41.233997], [140.397689, 41.234054], [140.397875, 41.234138], [140.397436, 41.234206], [140.397359, 41.234025], [140.396815, 41.235169], [140.390301, 41.238006], [140.39399, 41.237248], [140.393843, 41.238859], [140.393177, 41.238898], [140.393092, 41.239018], [140.392881, 41.239073], [140.392898, 41.238914], [140.385352, 41.239351], [140.379107, 41.244298], [140.379087, 41.244377], [140.379036, 41.244354], [140.375935, 41.24681], [140.375972, 41.246817], [140.375952, 41.24688], [140.375886, 41.246963], [140.375872, 41.246859], [140.37529, 41.247321], [140.375278, 41.247342], [140.375253, 41.24735], [140.374943, 41.247596], [140.371096, 41.248302], [140.371046, 41.248338], [140.371056, 41.24831], [140.361718, 41.250025], [140.35329, 41.254939], [140.353284, 41.254956], [140.353281, 41.254982], [140.353219, 41.254987], [140.353241, 41.254968], [140.34601, 41.259184], [140.346076, 41.263018], [140.342903, 41.261634], [140.342854, 41.261707], [140.342754, 41.261596], [140.342765, 41.261574], [140.342411, 41.261419], [140.342363, 41.261587], [140.342273, 41.261572], [140.342373, 41.261504], [140.342411, 41.261419], [140.341993, 41.261236], [140.341986, 41.261243], [140.341973, 41.261228], [140.34168, 41.2611], [140.34164, 41.261169], [140.341646, 41.261113], [140.341667, 41.261096], [140.341668, 41.261095], [140.341373, 41.260966], [140.341389, 41.261096], [140.341167, 41.260923], [140.341172, 41.260878], [140.341068, 41.260833], [140.34109, 41.260889], [140.341065, 41.260832], [140.340895, 41.260757], [140.340893, 41.260765], [140.340795, 41.260783], [140.340831, 41.26073], [140.338934, 41.259902], [140.338647, 41.258294], [140.33864, 41.258291], [140.338646, 41.258287], [140.338087, 41.255161], [140.341772, 41.250107], [140.352927, 41.246624], [140.354612, 41.239576], [140.362019, 41.234831], [140.361961, 41.219642], [140.372462, 41.210148], [140.371365, 41.203046], [140.376574, 41.199312], [140.371031, 41.193064], [140.373452, 41.189147], [140.369221, 41.186583], [140.370663, 41.173752], [140.363229, 41.152898], [140.363194, 41.152799], [140.367172, 41.151052], [140.371413, 41.149066], [140.39125, 41.127055], [140.399914, 41.121835], [140.406859, 41.120969], [140.40686, 41.120969]]], [[[140.457313, 41.104473], [140.455598, 41.100446], [140.455176, 41.099455], [140.45521, 41.099405], [140.464076, 41.086592], [140.479206, 41.080488], [140.489752, 41.071105], [140.494794, 41.070917], [140.496449, 41.062593], [140.497047, 41.059585], [140.49573, 41.054484], [140.49431, 41.052717], [140.495054, 41.051866], [140.505269, 41.040192], [140.515111, 41.037275], [140.515072, 41.033041], [140.511532, 41.031412], [140.519309, 41.028975], [140.520345, 41.02289], [140.52041, 41.022507], [140.545545, 41.022201], [140.550125, 41.023564], [140.550564, 41.026617], [140.55295, 41.027259], [140.570395, 41.03097], [140.570597, 41.030998], [140.57822, 41.02777], [140.578386, 41.027843], [140.578548, 41.027776], [140.594148, 41.03182], [140.608226, 41.030647], [140.608759, 41.030602], [140.608983, 41.030584], [140.617761, 41.036606], [140.621172, 41.034236], [140.627804, 41.036698], [140.637259, 41.030213], [140.646752, 41.029315], [140.644955, 41.045105], [140.646328, 41.04527], [140.647683, 41.047631], [140.64508, 41.046343], [140.645536, 41.048908], [140.649212, 41.047327], [140.644286, 41.049968], [140.638753, 41.06194], [140.634366, 41.083033], [140.631522, 41.097938], [140.633203, 41.129618], [140.644384, 41.172164], [140.639306, 41.184265], [140.63252, 41.191437], [140.625278, 41.194336], [140.62526, 41.194353], [140.625256, 41.194345], [140.619046, 41.196831], [140.619495, 41.197363], [140.621114, 41.197231], [140.622273, 41.197582], [140.619441, 41.197419], [140.618769, 41.196555], [140.617688, 41.196962], [140.611097, 41.205443], [140.611105, 41.205475], [140.611077, 41.205468], [140.611056, 41.205495], [140.611057, 41.205495], [140.611061, 41.205549], [140.611025, 41.205535], [140.604155, 41.214374], [140.594104, 41.216404], [140.594095, 41.215026], [140.594044, 41.206855], [140.60337, 41.190954], [140.598607, 41.189401], [140.598062, 41.182019], [140.591303, 41.18323], [140.582035, 41.175496], [140.578612, 41.169419], [140.579823, 41.152362], [140.573422, 41.151323], [140.56926, 41.139183], [140.56532, 41.137998], [140.565699, 41.132292], [140.557985, 41.123045], [140.551428, 41.120125], [140.554065, 41.11164], [140.553559, 41.111165], [140.539608, 41.102389], [140.529736, 41.108697], [140.529409, 41.108906], [140.497559, 41.103267], [140.490315, 41.108686], [140.484427, 41.109379], [140.482528, 41.108072], [140.475556, 41.107522], [140.464524, 41.111765], [140.458884, 41.108159], [140.458537, 41.104451], [140.457313, 41.104473]]], [[[140.34102, 41.249547], [140.34094, 41.249439], [140.341182, 41.249415], [140.341089, 41.249458], [140.34102, 41.249547]]], [[[140.338551, 41.258954], [140.338603, 41.258807], [140.338709, 41.258944], [140.338595, 41.259062], [140.338551, 41.258954]]], [[[140.33853, 41.259329], [140.338492, 41.259369], [140.338514, 41.259255], [140.33853, 41.259329]]], [[[140.338512, 41.259527], [140.338458, 41.259586], [140.338475, 41.259502], [140.338512, 41.259527]]], [[[140.338643, 41.259841], [140.338603, 41.259905], [140.338489, 41.259878], [140.338576, 41.259752], [140.338643, 41.259841]]], [[[140.338691, 41.260234], [140.338629, 41.260253], [140.338655, 41.260163], [140.338725, 41.260114], [140.338691, 41.260234]]], [[[140.338649, 41.260395], [140.338661, 41.26033], [140.338711, 41.260327], [140.338714, 41.260377], [140.338649, 41.260395]]], [[[140.340919, 41.260897], [140.340933, 41.260878], [140.340968, 41.260797], [140.340974, 41.260835], [140.340919, 41.260897]]], [[[140.340752, 41.260917], [140.340793, 41.260808], [140.340868, 41.260819], [140.34074, 41.260987], [140.340752, 41.260917]]], [[[140.341354, 41.261221], [140.341346, 41.261163], [140.341403, 41.261212], [140.341354, 41.261221]]], [[[140.340817, 41.261274], [140.340981, 41.261184], [140.341148, 41.261307], [140.340954, 41.261438], [140.340817, 41.261274]]], [[[140.341254, 41.261414], [140.341392, 41.261299], [140.341446, 41.261396], [140.341371, 41.261459], [140.341254, 41.261414]]], [[[140.341909, 41.26216], [140.341888, 41.262054], [140.341911, 41.261996], [140.34198, 41.262126], [140.341909, 41.26216]]], [[[140.342329, 41.249298], [140.34225, 41.249254], [140.342412, 41.249182], [140.342421, 41.249208], [140.342329, 41.249298]]], [[[140.342594, 41.249339], [140.342506, 41.249269], [140.342759, 41.2492], [140.342651, 41.249345], [140.342594, 41.249339]]], [[[140.342112, 41.249372], [140.342148, 41.24935], [140.342175, 41.249348], [140.342164, 41.249371], [140.342112, 41.249372]]], [[[140.342382, 41.249588], [140.342482, 41.2496], [140.342382, 41.2496], [140.342382, 41.249588]]], [[[140.3566, 41.254166], [140.356573, 41.254244], [140.356579, 41.254204], [140.3566, 41.254166]]], [[[140.356387, 41.25442], [140.356361, 41.25448], [140.356331, 41.254507], [140.356385, 41.254356], [140.356387, 41.25442]]], [[[140.356534, 41.254593], [140.35647, 41.254542], [140.356483, 41.254444], [140.356557, 41.254512], [140.356534, 41.254593]]], [[[140.354309, 41.25495], [140.354271, 41.254878], [140.354279, 41.254872], [140.354323, 41.254931], [140.354309, 41.25495]]], [[[140.353973, 41.254972], [140.353965, 41.254975], [140.353934, 41.254912], [140.353959, 41.254934], [140.353973, 41.254972]]], [[[140.353798, 41.255008], [140.353703, 41.254956], [140.353692, 41.254895], [140.353739, 41.254954], [140.353789, 41.254926], [140.353798, 41.255008]]], [[[140.353508, 41.255106], [140.353497, 41.255072], [140.353519, 41.255038], [140.353516, 41.255065], [140.353508, 41.255106]]], [[[140.353579, 41.255025], [140.353622, 41.255047], [140.353628, 41.25512], [140.353603, 41.255092], [140.353579, 41.255025]]], [[[140.353748, 41.255073], [140.353746, 41.255055], [140.353763, 41.255079], [140.353753, 41.255114], [140.353748, 41.255073]]], [[[140.3539, 41.255117], [140.353885, 41.255128], [140.353836, 41.255074], [140.35388, 41.255082], [140.3539, 41.255117]]], [[[140.353301, 41.255124], [140.353332, 41.255091], [140.353344, 41.255068], [140.353345, 41.255164], [140.353301, 41.255124]]], [[[140.353776, 41.255193], [140.353762, 41.255148], [140.353811, 41.255164], [140.353824, 41.255199], [140.353776, 41.255193]]], [[[140.354497, 41.255274], [140.354535, 41.255215], [140.354546, 41.255213], [140.354528, 41.255251], [140.354497, 41.255274]]], [[[140.354643, 41.255339], [140.354656, 41.255197], [140.354737, 41.255194], [140.354717, 41.255266], [140.354643, 41.255339]]], [[[140.351523, 41.256802], [140.351428, 41.256613], [140.351468, 41.256588], [140.351528, 41.256633], [140.351523, 41.256802]]], [[[140.348756, 41.25849], [140.348748, 41.258502], [140.348779, 41.25843], [140.348776, 41.258461], [140.348756, 41.25849]]], [[[140.348739, 41.258516], [140.348747, 41.258506], [140.348732, 41.258539], [140.348723, 41.258531], [140.348739, 41.258516]]], [[[140.348946, 41.258553], [140.348934, 41.258595], [140.348895, 41.258519], [140.348946, 41.258553]]], [[[140.348732, 41.258733], [140.348718, 41.258594], [140.348736, 41.258571], [140.348736, 41.258708], [140.348732, 41.258733]]], [[[140.348733, 41.258736], [140.348734, 41.258748], [140.348737, 41.258769], [140.348731, 41.25874], [140.348733, 41.258736]]], [[[140.347277, 41.258781], [140.347248, 41.258803], [140.347297, 41.258713], [140.347292, 41.258744], [140.347277, 41.258781]]], [[[140.349425, 41.258833], [140.349329, 41.258764], [140.349464, 41.258782], [140.34946, 41.258808], [140.349425, 41.258833]]], [[[140.348725, 41.258833], [140.348729, 41.258912], [140.348694, 41.258943], [140.348714, 41.258844], [140.348725, 41.258833]]], [[[140.34203, 41.261435], [140.342013, 41.261371], [140.342098, 41.261398], [140.342071, 41.261431], [140.34203, 41.261435]]], [[[140.342419, 41.261912], [140.342431, 41.261871], [140.342423, 41.262017], [140.342396, 41.262009], [140.342419, 41.261912]]], [[[140.346403, 41.261865], [140.346561, 41.261843], [140.346609, 41.262169], [140.346477, 41.262067], [140.346403, 41.261865]]], [[[140.343647, 41.262029], [140.343681, 41.261999], [140.343715, 41.262006], [140.343651, 41.262052], [140.343647, 41.262029]]], [[[140.342255, 41.26187], [140.342276, 41.262121], [140.342185, 41.262199], [140.342171, 41.26188], [140.342255, 41.26187]]], [[[140.342409, 41.262227], [140.342374, 41.262233], [140.342364, 41.262148], [140.342395, 41.262109], [140.342409, 41.262227]]], [[[140.342483, 41.262226], [140.342464, 41.26222], [140.342475, 41.262148], [140.34251, 41.262166], [140.342483, 41.262226]]], [[[140.343901, 41.262356], [140.344005, 41.262634], [140.34385, 41.262544], [140.343872, 41.262388], [140.343901, 41.262356]]], [[[140.342308, 41.262395], [140.342408, 41.262573], [140.342335, 41.262669], [140.342349, 41.262541], [140.3423, 41.262448], [140.342308, 41.262395]]], [[[140.341998, 41.262971], [140.341863, 41.262977], [140.341918, 41.262828], [140.342039, 41.262872], [140.341998, 41.262971]]], [[[140.376113, 41.246825], [140.376118, 41.246871], [140.376089, 41.246912], [140.376071, 41.246882], [140.376113, 41.246825]]], [[[140.375754, 41.247154], [140.375739, 41.247184], [140.375737, 41.24716], [140.37576, 41.247125], [140.375754, 41.247154]]], [[[140.377548, 41.247221], [140.377079, 41.247525], [140.376786, 41.247336], [140.377403, 41.246943], [140.377548, 41.247221]]], [[[140.375194, 41.247476], [140.375164, 41.2475], [140.375101, 41.247493], [140.375253, 41.247423], [140.375194, 41.247476]]], [[[140.375011, 41.247757], [140.375086, 41.24756], [140.375174, 41.247582], [140.375212, 41.247653], [140.375011, 41.247757]]], [[[140.375019, 41.247874], [140.375006, 41.24785], [140.375057, 41.247802], [140.375173, 41.247818], [140.375019, 41.247874]]], [[[140.371145, 41.24844], [140.371183, 41.248397], [140.371186, 41.248418], [140.371145, 41.24844]]], [[[140.370882, 41.248608], [140.370887, 41.248639], [140.370898, 41.248666], [140.370833, 41.248604], [140.370882, 41.248608]]], [[[140.369978, 41.248791], [140.369991, 41.24882], [140.369961, 41.248845], [140.369966, 41.248831], [140.369978, 41.248791]]], [[[140.369622, 41.248935], [140.369598, 41.248958], [140.369588, 41.248923], [140.369622, 41.248935]]], [[[140.369527, 41.248943], [140.369416, 41.249025], [140.369399, 41.248988], [140.369478, 41.248956], [140.369527, 41.248943]]], [[[140.370035, 41.249041], [140.370011, 41.249064], [140.370025, 41.24899], [140.370057, 41.249025], [140.370035, 41.249041]]], [[[140.369537, 41.249126], [140.369471, 41.24913], [140.369514, 41.249127], [140.369537, 41.249126]]], [[[140.367346, 41.249204], [140.367326, 41.249162], [140.367351, 41.249194], [140.367351, 41.249235], [140.367346, 41.249204]]], [[[140.369117, 41.24923], [140.369143, 41.249177], [140.369199, 41.249175], [140.369193, 41.249209], [140.369117, 41.24923]]], [[[140.368628, 41.24925], [140.368621, 41.249282], [140.368528, 41.249333], [140.368536, 41.24928], [140.368628, 41.24925]]], [[[140.368803, 41.249347], [140.368778, 41.249372], [140.368739, 41.249344], [140.368741, 41.249302], [140.368803, 41.249347]]], [[[140.368614, 41.249422], [140.368522, 41.249441], [140.368484, 41.249417], [140.368606, 41.249331], [140.368614, 41.249422]]], [[[140.368741, 41.24939], [140.368718, 41.24943], [140.368695, 41.249415], [140.368693, 41.249411], [140.368741, 41.24939]]], [[[140.369163, 41.249395], [140.369172, 41.249459], [140.369157, 41.249429], [140.369163, 41.249395]]], [[[140.368443, 41.249485], [140.36854, 41.249485], [140.368525, 41.249561], [140.368508, 41.249525], [140.368443, 41.249485]]], [[[140.366667, 41.249509], [140.366678, 41.249527], [140.366653, 41.249548], [140.366637, 41.249535], [140.366667, 41.249509]]], [[[140.368625, 41.249547], [140.368646, 41.249519], [140.368661, 41.2495], [140.368648, 41.249588], [140.368625, 41.249547]]], [[[140.36894, 41.249621], [140.368894, 41.249672], [140.368875, 41.24961], [140.368926, 41.249562], [140.36894, 41.249621]]], [[[140.368361, 41.249674], [140.368425, 41.249719], [140.368367, 41.249788], [140.368342, 41.249697], [140.368361, 41.249674]]], [[[140.36599, 41.250004], [140.365979, 41.250008], [140.366027, 41.249944], [140.365993, 41.25], [140.36599, 41.250004]]], [[[140.365189, 41.250466], [140.365158, 41.250486], [140.365221, 41.250379], [140.365247, 41.250444], [140.365189, 41.250466]]], [[[140.364164, 41.250539], [140.364157, 41.250496], [140.364174, 41.250468], [140.364171, 41.250585], [140.364164, 41.250539]]], [[[140.35983, 41.252898], [140.359836, 41.252847], [140.359877, 41.25295], [140.359855, 41.252962], [140.35983, 41.252898]]], [[[140.3579, 41.253738], [140.357877, 41.253707], [140.357905, 41.253739], [140.357921, 41.253769], [140.3579, 41.253738]]], [[[140.356828, 41.254129], [140.35676, 41.254179], [140.356721, 41.254226], [140.35677, 41.25416], [140.356828, 41.254129]]], [[[140.356853, 41.254254], [140.356873, 41.254235], [140.356889, 41.254212], [140.356855, 41.254286], [140.356853, 41.254254]]], [[[140.356948, 41.254399], [140.357002, 41.254138], [140.357086, 41.253991], [140.357053, 41.254724], [140.356948, 41.254399]]], [[[140.413796, 41.217741], [140.413657, 41.217491], [140.414244, 41.217712], [140.41422, 41.217751], [140.413796, 41.217741]]], [[[140.413953, 41.217883], [140.413995, 41.217924], [140.413835, 41.217848], [140.413926, 41.217861], [140.413953, 41.217883]]], [[[140.413774, 41.217929], [140.413847, 41.217974], [140.413816, 41.217992], [140.413741, 41.217966], [140.413774, 41.217929]]], [[[140.40941, 41.21819], [140.409377, 41.218186], [140.409356, 41.218168], [140.409421, 41.218148], [140.40941, 41.21819]]], [[[140.409261, 41.218258], [140.409286, 41.218229], [140.409346, 41.218267], [140.409305, 41.218285], [140.409261, 41.218258]]], [[[140.402524, 41.224418], [140.402679, 41.224365], [140.402749, 41.224445], [140.402693, 41.224524], [140.402524, 41.224418]]], [[[140.400969, 41.228989], [140.401024, 41.229149], [140.400881, 41.229203], [140.400837, 41.229067], [140.400969, 41.228989]]], [[[140.399789, 41.230855], [140.399716, 41.23082], [140.399746, 41.230681], [140.3999, 41.230778], [140.399789, 41.230855]]], [[[140.398561, 41.231657], [140.398608, 41.231772], [140.398571, 41.231792], [140.398542, 41.231772], [140.398561, 41.231657]]], [[[140.394049, 41.238758], [140.394002, 41.238695], [140.394029, 41.238648], [140.394102, 41.238724], [140.394049, 41.238758]]], [[[140.393805, 41.239143], [140.393681, 41.239038], [140.393698, 41.238946], [140.393817, 41.238972], [140.393805, 41.239143]]], [[[140.394289, 41.239218], [140.394211, 41.239395], [140.394374, 41.238721], [140.39447, 41.238811], [140.394289, 41.239218]]], [[[140.38854, 41.239429], [140.388624, 41.239344], [140.388665, 41.239343], [140.388627, 41.239423], [140.38854, 41.239429]]], [[[140.386848, 41.239558], [140.38677, 41.239534], [140.386751, 41.239475], [140.386803, 41.239481], [140.386848, 41.239558]]], [[[140.387044, 41.239599], [140.387061, 41.239521], [140.387111, 41.239586], [140.3871, 41.239633], [140.387044, 41.239599]]], [[[140.386767, 41.23961], [140.386844, 41.239809], [140.386739, 41.239848], [140.386663, 41.239687], [140.386767, 41.23961]]], [[[140.387207, 41.239791], [140.387155, 41.239742], [140.387219, 41.239699], [140.387269, 41.239767], [140.387207, 41.239791]]], [[[140.387636, 41.239747], [140.387713, 41.239678], [140.387446, 41.239933], [140.38749, 41.239821], [140.387636, 41.239747]]], [[[140.388153, 41.239813], [140.388177, 41.239764], [140.388291, 41.239771], [140.388218, 41.239863], [140.388153, 41.239813]]], [[[140.387592, 41.240019], [140.387668, 41.240109], [140.387453, 41.240198], [140.387481, 41.24002], [140.387592, 41.240019]]], [[[140.383536, 41.241354], [140.383438, 41.241314], [140.383485, 41.241166], [140.383578, 41.241237], [140.383536, 41.241354]]], [[[140.382412, 41.241899], [140.382408, 41.241809], [140.382636, 41.241981], [140.382498, 41.242074], [140.382412, 41.241899]]], [[[140.383201, 41.241869], [140.383189, 41.241928], [140.383106, 41.242021], [140.383201, 41.241869]]], [[[140.381249, 41.242722], [140.381263, 41.242705], [140.381327, 41.242742], [140.381312, 41.242766], [140.381249, 41.242722]]], [[[140.381661, 41.242932], [140.381543, 41.243041], [140.381475, 41.242986], [140.381548, 41.24278], [140.381661, 41.242932]]], [[[140.380897, 41.243199], [140.380817, 41.24321], [140.380706, 41.243054], [140.381083, 41.242946], [140.380897, 41.243199]]], [[[140.380859, 41.243316], [140.380836, 41.243249], [140.380959, 41.243315], [140.380908, 41.243336], [140.380859, 41.243316]]], [[[140.380504, 41.243468], [140.380422, 41.243505], [140.380409, 41.243418], [140.380499, 41.24335], [140.380504, 41.243468]]], [[[140.379652, 41.244224], [140.379662, 41.244158], [140.379713, 41.244141], [140.3797, 41.244189], [140.379652, 41.244224]]], [[[140.379605, 41.244218], [140.379615, 41.244284], [140.379575, 41.244306], [140.379583, 41.244252], [140.379605, 41.244218]]], [[[140.379546, 41.244417], [140.379497, 41.244352], [140.379509, 41.244318], [140.379546, 41.244417]]], [[[140.379048, 41.244417], [140.379004, 41.244508], [140.378948, 41.244498], [140.378962, 41.244441], [140.379048, 41.244417]]], [[[140.632854, 41.192101], [140.632839, 41.192118], [140.63277, 41.192096], [140.632824, 41.192096], [140.632854, 41.192101]]], [[[140.632368, 41.19218], [140.632418, 41.192195], [140.632412, 41.192212], [140.632408, 41.192197], [140.632368, 41.19218]]], [[[140.632148, 41.192634], [140.632129, 41.192631], [140.632115, 41.192584], [140.632152, 41.192609], [140.632148, 41.192634]]], [[[140.622239, 41.195599], [140.622187, 41.195598], [140.62225, 41.195557], [140.622239, 41.195599]]], [[[140.429991, 41.203341], [140.430011, 41.203543], [140.429851, 41.203523], [140.429855, 41.203281], [140.429991, 41.203341]]], [[[140.429305, 41.203933], [140.429363, 41.203967], [140.429224, 41.204116], [140.429165, 41.204094], [140.429305, 41.203933]]], [[[140.428827, 41.204549], [140.428959, 41.204383], [140.429033, 41.204411], [140.428878, 41.204594], [140.428827, 41.204549]]], [[[140.428504, 41.20496], [140.428614, 41.204827], [140.42868, 41.204854], [140.428562, 41.204999], [140.428504, 41.20496]]], [[[140.6115, 41.205009], [140.611512, 41.205045], [140.611475, 41.205024], [140.611479, 41.204987], [140.6115, 41.205009]]], [[[140.611443, 41.205045], [140.611508, 41.205101], [140.611498, 41.205121], [140.611403, 41.205064], [140.611443, 41.205045]]], [[[140.611154, 41.20549], [140.611154, 41.205468], [140.611178, 41.20545], [140.611167, 41.205477], [140.611154, 41.20549]]], [[[140.610847, 41.20586], [140.61086, 41.205914], [140.610736, 41.205966], [140.610835, 41.205811], [140.610847, 41.20586]]], [[[140.610698, 41.206184], [140.610738, 41.206136], [140.610762, 41.206173], [140.610742, 41.206201], [140.610698, 41.206184]]], [[[140.610715, 41.206361], [140.610463, 41.206411], [140.610589, 41.206193], [140.610648, 41.206299], [140.610715, 41.206361]]], [[[140.610749, 41.206356], [140.610797, 41.206374], [140.610832, 41.206437], [140.61079, 41.206406], [140.610749, 41.206356]]], [[[140.610293, 41.2068], [140.610307, 41.206764], [140.610331, 41.206785], [140.610318, 41.20681], [140.610293, 41.2068]]], [[[140.610254, 41.207012], [140.610233, 41.20698], [140.610269, 41.20689], [140.610301, 41.206914], [140.610254, 41.207012]]], [[[140.610081, 41.207363], [140.610081, 41.207397], [140.610055, 41.207426], [140.610079, 41.207327], [140.610081, 41.207363]]], [[[140.425524, 41.208583], [140.425589, 41.208627], [140.424831, 41.209201], [140.42495, 41.209081], [140.425524, 41.208583]]], [[[140.60888, 41.209059], [140.608929, 41.209046], [140.608987, 41.209127], [140.608945, 41.209122], [140.60888, 41.209059]]], [[[140.423, 41.210534], [140.423052, 41.210596], [140.422365, 41.21095], [140.422313, 41.210896], [140.423, 41.210534]]], [[[140.605971, 41.212615], [140.605963, 41.212645], [140.605939, 41.212661], [140.60594, 41.212635], [140.605971, 41.212615]]], [[[140.605879, 41.212764], [140.60573, 41.212788], [140.605824, 41.212606], [140.605881, 41.21269], [140.605879, 41.212764]]], [[[140.60555, 41.212755], [140.605556, 41.212794], [140.605547, 41.212806], [140.605537, 41.212794], [140.60555, 41.212755]]], [[[140.416215, 41.214633], [140.416261, 41.214652], [140.416278, 41.214675], [140.416185, 41.214667], [140.416215, 41.214633]]], [[[140.414126, 41.21748], [140.414136, 41.217415], [140.414256, 41.217486], [140.414227, 41.21752], [140.414126, 41.21748]]], [[[140.414211, 41.21788], [140.414073, 41.217891], [140.414012, 41.217828], [140.414156, 41.217829], [140.414211, 41.21788]]]]}, "properties": {"N03_001": "青森県", "N03_002": null, "N03_003": "東津軽郡", "N03_004": "外ヶ浜町", "N03_005": null, "N03_007": "02307"}}, {"type": "Feature", "geometry": {"type": "Polygon", "coordinates": [[[140.328392, 40.757842], [140.311114, 40.769804], [140.291767, 40.772778], [140.284807, 40.785139], [140.273405, 40.793941], [140.275236, 40.797849], [140.249933, 40.800467], [140.245143, 40.795739], [140.239729, 40.798315], [140.23819, 40.797071], [140.243408, 40.794793], [140.241255, 40.792165], [140.23518, 40.798545], [140.240485, 40.79077], [140.227591, 40.781507], [140.21659, 40.779297], [140.215935, 40.780724], [140.210068, 40.784479], [140.215291, 40.780654], [140.213875, 40.778935], [140.205626, 40.783973], [140.211599, 40.785676], [140.191536, 40.782646], [140.183823, 40.775182], [140.167586, 40.771295], [140.162857, 40.763866], [140.144384, 40.751958], [140.160861, 40.747895], [140.159553, 40.738539], [140.167021, 40.729299], [140.160302, 40.72135], [140.154573, 40.720294], [140.155622, 40.717322], [140.150054, 40.713417], [140.148895, 40.705534], [140.134612, 40.700764], [140.127308, 40.689733], [140.126905, 40.680452], [140.105115, 40.667241], [140.101067, 40.648125], [140.102716, 40.63884], [140.096031, 40.635859], [140.093869, 40.630155], [140.097722, 40.627381], [140.097716, 40.614108], [140.094918, 40.609121], [140.101119, 40.60216], [140.10222, 40.579436], [140.098538, 40.570512], [140.103549, 40.560617], [140.103142, 40.553455], [140.092638, 40.542265], [140.094585, 40.534334], [140.091528, 40.527622], [140.086496, 40.52629], [140.084244, 40.506002], [140.073086, 40.49227], [140.076437, 40.481796], [140.068282, 40.469131], [140.073207, 40.464856], [140.078915, 40.466887], [140.093582, 40.458925], [140.099501, 40.453074], [140.099174, 40.443969], [140.107616, 40.435896], [140.117856, 40.434956], [140.13673, 40.439617], [140.146012, 40.437941], [140.147495, 40.439077], [140.151483, 40.442134], [140.151371, 40.442844], [140.149982, 40.451659], [140.153131, 40.462489], [140.149561, 40.474274], [140.131525, 40.485569], [140.132846, 40.493948], [140.120859, 40.503774], [140.119539, 40.511407], [140.129835, 40.513785], [140.136479, 40.518919], [140.133711, 40.526309], [140.139168, 40.540774], [140.141285, 40.54178], [140.158231, 40.543344], [140.158834, 40.544113], [140.160873, 40.546709], [140.16358, 40.550157], [140.163244, 40.555822], [140.163175, 40.556982], [140.160171, 40.559396], [140.16173, 40.565839], [140.155053, 40.571437], [140.155072, 40.571529], [140.155027, 40.571566], [140.157253, 40.58195], [140.154727, 40.585696], [140.1548, 40.585751], [140.154891, 40.585822], [140.157109, 40.587521], [140.165208, 40.587446], [140.173883, 40.594188], [140.182419, 40.595981], [140.19061, 40.593198], [140.193049, 40.601352], [140.189392, 40.605706], [140.204723, 40.609083], [140.208201, 40.619445], [140.219131, 40.624626], [140.214352, 40.63399], [140.221757, 40.642324], [140.279552, 40.654578], [140.278175, 40.662356], [140.290339, 40.666933], [140.288739, 40.669281], [140.303192, 40.677738], [140.315569, 40.680996], [140.33217, 40.692898], [140.337131, 40.699436], [140.309259, 40.703883], [140.292312, 40.692974], [140.286804, 40.720272], [140.289477, 40.72836], [140.301722, 40.733381], [140.309598, 40.744572], [140.316917, 40.744143], [140.316305, 40.748442], [140.328392, 40.757842]]]}, "properties": {"N03_001": "青森県", "N03_002": null, "N03_003": "西津軽郡", "N03_004": "鰺ヶ沢町", "N03_005": null, "N03_007": "02321"}}, {"type": "Feature", "geometry": {"type": "MultiPolygon", "coordinates": [[[[140.068282, 40.469131], [140.076437, 40.481796], [140.073086, 40.49227], [140.084244, 40.506002], [140.086496, 40.52629], [140.091528, 40.527622], [140.094585, 40.534334], [140.092638, 40.542265], [140.103142, 40.553455], [140.103549, 40.560617], [140.098538, 40.570512], [140.10222, 40.579436], [140.101119, 40.60216], [140.094918, 40.609121], [140.097716, 40.614108], [140.097722, 40.627381], [140.093869, 40.630155], [140.096031, 40.635859], [140.102716, 40.63884], [140.101067, 40.648125], [140.105115, 40.667241], [140.126905, 40.680452], [140.127308, 40.689733], [140.134612, 40.700764], [140.148895, 40.705534], [140.150054, 40.713417], [140.155622, 40.717322], [140.154573, 40.720294], [140.160302, 40.72135], [140.167021, 40.729299], [140.159553, 40.738539], [140.160861, 40.747895], [140.144384, 40.751958], [140.122748, 40.74258], [140.112137, 40.741629], [140.095613, 40.747208], [140.097182, 40.749041], [140.095354, 40.750417], [140.095546, 40.750302], [140.096699, 40.75049], [140.092403, 40.752695], [140.09202, 40.753341], [140.091993, 40.753025], [140.092159, 40.75282], [140.090699, 40.753918], [140.088814, 40.752434], [140.089114, 40.756317], [140.090301, 40.756399], [140.090466, 40.754948], [140.0912, 40.754232], [140.092308, 40.753768], [140.092982, 40.753875], [140.090411, 40.756632], [140.086051, 40.758136], [140.0861, 40.758143], [140.086089, 40.758193], [140.086056, 40.758186], [140.086051, 40.758136], [140.085871, 40.758198], [140.085899, 40.758239], [140.085857, 40.758255], [140.085839, 40.758209], [140.081602, 40.759671], [140.081615, 40.759691], [140.081545, 40.759694], [140.08155, 40.759689], [140.053839, 40.769247], [140.043626, 40.763801], [140.039856, 40.765656], [140.036503, 40.761926], [140.03633, 40.76227], [140.03613, 40.761544], [140.036185, 40.761572], [140.026075, 40.750323], [140.00498, 40.743487], [140.000676, 40.744953], [140.002876, 40.746105], [140.001367, 40.747535], [139.999409, 40.747506], [140.000598, 40.744988], [139.997063, 40.742557], [139.999982, 40.737361], [139.993995, 40.734888], [139.989768, 40.723064], [139.984406, 40.720509], [139.986827, 40.713093], [139.979119, 40.702775], [139.967818, 40.698878], [139.968927, 40.694402], [139.96435, 40.683017], [139.950489, 40.670295], [139.942243, 40.667756], [139.936469, 40.671683], [139.939424, 40.667492], [139.938181, 40.666198], [139.938167, 40.666224], [139.937753, 40.665813], [139.937819, 40.665821], [139.936724, 40.664681], [139.936675, 40.664698], [139.936646, 40.66462], [139.93666, 40.664614], [139.935504, 40.66341], [139.936388, 40.659471], [139.936343, 40.65944], [139.936351, 40.659378], [139.936405, 40.659395], [139.937214, 40.655788], [139.928136, 40.654475], [139.928303, 40.654519], [139.928152, 40.654772], [139.927981, 40.65473], [139.928012, 40.654457], [139.92745, 40.654376], [139.927587, 40.653125], [139.927569, 40.653129], [139.927571, 40.653051], [139.927595, 40.653057], [139.927758, 40.651574], [139.927734, 40.651587], [139.927678, 40.651461], [139.927769, 40.651471], [139.928751, 40.642544], [139.918591, 40.644771], [139.918707, 40.644806], [139.918699, 40.64502], [139.918219, 40.644863], [139.918276, 40.64484], [139.917428, 40.645025], [139.912003, 40.642113], [139.902398, 40.645814], [139.892424, 40.635667], [139.893401, 40.632666], [139.890023, 40.630919], [139.889984, 40.630972], [139.88988, 40.630904], [139.889888, 40.630849], [139.871088, 40.621123], [139.871056, 40.621171], [139.870959, 40.621127], [139.871004, 40.621079], [139.860783, 40.615791], [139.860588, 40.614793], [139.86048, 40.614955], [139.860236, 40.61481], [139.860438, 40.614626], [139.860551, 40.614604], [139.859948, 40.611521], [139.863118, 40.609104], [139.859727, 40.602929], [139.860043, 40.602606], [139.859461, 40.602524], [139.859808, 40.602304], [139.860096, 40.602428], [139.860101, 40.602547], [139.861509, 40.601107], [139.861366, 40.600903], [139.861617, 40.600835], [139.861718, 40.600892], [139.862363, 40.600233], [139.862356, 40.600227], [139.86237, 40.600226], [139.86545, 40.597075], [139.86127, 40.595808], [139.865384, 40.593855], [139.867561, 40.58574], [139.874848, 40.58167], [139.879311, 40.582171], [139.879406, 40.581999], [139.879509, 40.582032], [139.879463, 40.582188], [139.879903, 40.582237], [139.880026, 40.582156], [139.880276, 40.582246], [139.880239, 40.582275], [139.882683, 40.582549], [139.881416, 40.583174], [139.879454, 40.583178], [139.885246, 40.584501], [139.89666, 40.581846], [139.907014, 40.586397], [139.910556, 40.586026], [139.910133, 40.582923], [139.913368, 40.584619], [139.911509, 40.584887], [139.910892, 40.586259], [139.91908, 40.58544], [139.933419, 40.565487], [139.930267, 40.559817], [139.930218, 40.559806], [139.930253, 40.559792], [139.929946, 40.559238], [139.93207, 40.557498], [139.929195, 40.55713], [139.938037, 40.555612], [139.939024, 40.553558], [139.939018, 40.553523], [139.939042, 40.55352], [139.939756, 40.552034], [139.939734, 40.552014], [139.939756, 40.551992], [139.939774, 40.551997], [139.939813, 40.551915], [139.9398, 40.551913], [139.939807, 40.551885], [139.93983, 40.55188], [139.939886, 40.551763], [139.939852, 40.55175], [139.939866, 40.551727], [139.939908, 40.551718], [139.942788, 40.545725], [139.947941, 40.520069], [139.947438, 40.512534], [139.9452, 40.512704], [139.948454, 40.510093], [139.949981, 40.495254], [139.945615, 40.488611], [139.947147, 40.478436], [139.945751, 40.470286], [139.945672, 40.470279], [139.945734, 40.470187], [139.9422, 40.449562], [139.938429, 40.446024], [139.938521, 40.445168], [139.938479, 40.44509], [139.938524, 40.445096], [139.938528, 40.445106], [139.939144, 40.439357], [139.939143, 40.439353], [139.939145, 40.439353], [139.939309, 40.437815], [139.939209, 40.437845], [139.939165, 40.437783], [139.939316, 40.437758], [139.939323, 40.437685], [139.939143, 40.437681], [139.939136, 40.437552], [139.939333, 40.437593], [139.939379, 40.437164], [139.93918, 40.437152], [139.939387, 40.437091], [139.939634, 40.434786], [139.939423, 40.434759], [139.939648, 40.434657], [139.940073, 40.430689], [139.936278, 40.42824], [139.959544, 40.434863], [139.969847, 40.427451], [139.981208, 40.427377], [139.995055, 40.435047], [140.01952, 40.419882], [140.017368, 40.427044], [140.022126, 40.429816], [140.026055, 40.439237], [140.020653, 40.449081], [140.036172, 40.461618], [140.048688, 40.4601], [140.054077, 40.464336], [140.05362, 40.46779], [140.067822, 40.468415], [140.068282, 40.469131]]], [[[139.500407, 40.532214], [139.500463, 40.532229], [139.50045, 40.532277], [139.500379, 40.532281], [139.500407, 40.532214]]], [[[139.497701, 40.534081], [139.498003, 40.534019], [139.49813, 40.534111], [139.497429, 40.534316], [139.497701, 40.534081]]], [[[139.499507, 40.53455], [139.49962, 40.53454], [139.499595, 40.534582], [139.499509, 40.534586], [139.499507, 40.53455]]], [[[139.499291, 40.534677], [139.499297, 40.534607], [139.499326, 40.534599], [139.499388, 40.534634], [139.499291, 40.534677]]], [[[139.499588, 40.534726], [139.499507, 40.534752], [139.499505, 40.534711], [139.499577, 40.534693], [139.499588, 40.534726]]], [[[139.863759, 40.592284], [139.863848, 40.592329], [139.86384, 40.59243], [139.863693, 40.592396], [139.863759, 40.592284]]], [[[139.86495, 40.592994], [139.865052, 40.592921], [139.865089, 40.59301], [139.864992, 40.593073], [139.86495, 40.592994]]], [[[139.865066, 40.593072], [139.865081, 40.59305], [139.865096, 40.593066], [139.865081, 40.593078], [139.865066, 40.593072]]], [[[139.864564, 40.59319], [139.864527, 40.593123], [139.864616, 40.59305], [139.86466, 40.593134], [139.864564, 40.59319]]], [[[139.864239, 40.593584], [139.864372, 40.593562], [139.864328, 40.59364], [139.864254, 40.593646], [139.864239, 40.593584]]], [[[139.864948, 40.593922], [139.865066, 40.593871], [139.865074, 40.593961], [139.865022, 40.593973], [139.864948, 40.593922]]], [[[139.862954, 40.593944], [139.862947, 40.593995], [139.862873, 40.594012], [139.862851, 40.59395], [139.862954, 40.593944]]], [[[139.863744, 40.594153], [139.863752, 40.594091], [139.86384, 40.594091], [139.863833, 40.594147], [139.863744, 40.594153]]], [[[139.863589, 40.594378], [139.863663, 40.594333], [139.863707, 40.59435], [139.863678, 40.594412], [139.863589, 40.594378]]], [[[139.862733, 40.5944], [139.862807, 40.594417], [139.862755, 40.594491], [139.86271, 40.594434], [139.862733, 40.5944]]], [[[139.86435, 40.597502], [139.864512, 40.597502], [139.864601, 40.597525], [139.86452, 40.597621], [139.86435, 40.597502]]], [[[139.86404, 40.597677], [139.863944, 40.597655], [139.86404, 40.597609], [139.864091, 40.597632], [139.86404, 40.597677]]], [[[139.863626, 40.597919], [139.8637, 40.597868], [139.863818, 40.597913], [139.863722, 40.597953], [139.863626, 40.597919]]], [[[139.863456, 40.597947], [139.863434, 40.597981], [139.863419, 40.597981], [139.863427, 40.597964], [139.863456, 40.597947]]], [[[139.863486, 40.59797], [139.86367, 40.598009], [139.863641, 40.598043], [139.863464, 40.598032], [139.863486, 40.59797]]], [[[139.863523, 40.598195], [139.863537, 40.598263], [139.863397, 40.598268], [139.863382, 40.598178], [139.863523, 40.598195]]], [[[139.863072, 40.598223], [139.863168, 40.598184], [139.863235, 40.598262], [139.863094, 40.598256], [139.863072, 40.598223]]], [[[139.863057, 40.598409], [139.863124, 40.598425], [139.863161, 40.598482], [139.863035, 40.598454], [139.863057, 40.598409]]], [[[139.863582, 40.598578], [139.863427, 40.598578], [139.863434, 40.598516], [139.863618, 40.598544], [139.863582, 40.598578]]], [[[139.86319, 40.598623], [139.86322, 40.598623], [139.863286, 40.598628], [139.863301, 40.59864], [139.86319, 40.598623]]], [[[139.863412, 40.598673], [139.863449, 40.598713], [139.86322, 40.598701], [139.863175, 40.598673], [139.863412, 40.598673]]], [[[139.863264, 40.598887], [139.863131, 40.598932], [139.863065, 40.598881], [139.863146, 40.598842], [139.863264, 40.598887]]], [[[139.862873, 40.598994], [139.862769, 40.598955], [139.862777, 40.598938], [139.862806, 40.598926], [139.862873, 40.598994]]], [[[139.863072, 40.599067], [139.863138, 40.599005], [139.863183, 40.599045], [139.863138, 40.599073], [139.863072, 40.599067]]], [[[139.861964, 40.60016], [139.862053, 40.600171], [139.862023, 40.600261], [139.861979, 40.600272], [139.861964, 40.60016]]], [[[139.861883, 40.600401], [139.86195, 40.600362], [139.862001, 40.60039], [139.861942, 40.600446], [139.861883, 40.600401]]], [[[139.86172, 40.600627], [139.861772, 40.600536], [139.861824, 40.60061], [139.861765, 40.600643], [139.86172, 40.600627]]], [[[139.858855, 40.60204], [139.859084, 40.602017], [139.85921, 40.602062], [139.859298, 40.602287], [139.858855, 40.60204]]], [[[139.859114, 40.602524], [139.858966, 40.602394], [139.859136, 40.60231], [139.859232, 40.602462], [139.859114, 40.602524]]], [[[139.858944, 40.602518], [139.858951, 40.602513], [139.858958, 40.602518], [139.858937, 40.602529], [139.858907, 40.60249], [139.858944, 40.602518]]], [[[139.858693, 40.603149], [139.858693, 40.603154], [139.858671, 40.603166], [139.858663, 40.60316], [139.858693, 40.603149]]], [[[139.859062, 40.60316], [139.859055, 40.603239], [139.858944, 40.603233], [139.858958, 40.603143], [139.859062, 40.60316]]], [[[139.858767, 40.603233], [139.858693, 40.60329], [139.858626, 40.603199], [139.858737, 40.603154], [139.858767, 40.603233]]], [[[139.858294, 40.60352], [139.858279, 40.603605], [139.858183, 40.603599], [139.858139, 40.603498], [139.858294, 40.60352]]], [[[139.859225, 40.603593], [139.859232, 40.603537], [139.859262, 40.603532], [139.859283, 40.603599], [139.859225, 40.603593]]], [[[139.859778, 40.603627], [139.859306, 40.603627], [139.859365, 40.60356], [139.859579, 40.603571], [139.859778, 40.603627]]], [[[139.858612, 40.603633], [139.858464, 40.60365], [139.858434, 40.603548], [139.858575, 40.603571], [139.858612, 40.603633]]], [[[139.858567, 40.603819], [139.858567, 40.603768], [139.858604, 40.603717], [139.858693, 40.603768], [139.858567, 40.603819]]], [[[139.859712, 40.603875], [139.858937, 40.603678], [139.859151, 40.603695], [139.859638, 40.603785], [139.859712, 40.603875]]], [[[139.860775, 40.605367], [139.860783, 40.605372], [139.860775, 40.605395], [139.86076, 40.605401], [139.860775, 40.605367]]], [[[139.86093, 40.605598], [139.860827, 40.605434], [139.860997, 40.605384], [139.861071, 40.605592], [139.86093, 40.605598]]], [[[139.86076, 40.605565], [139.860678, 40.605773], [139.860494, 40.60579], [139.860361, 40.60552], [139.86076, 40.605565]]], [[[139.859845, 40.605986], [139.8598, 40.606059], [139.859697, 40.606059], [139.859741, 40.605986], [139.859845, 40.605986]]], [[[139.86011, 40.606099], [139.860015, 40.606144], [139.860022, 40.606054], [139.860103, 40.606059], [139.86011, 40.606099]]], [[[139.859409, 40.606121], [139.859497, 40.606087], [139.859542, 40.606121], [139.859483, 40.606166], [139.859409, 40.606121]]], [[[139.859852, 40.606296], [139.859741, 40.606324], [139.859727, 40.60624], [139.859808, 40.606234], [139.859852, 40.606296]]], [[[139.861211, 40.606397], [139.861218, 40.60638], [139.861226, 40.606363], [139.86124, 40.606375], [139.861211, 40.606397]]], [[[139.860901, 40.606431], [139.860878, 40.606431], [139.860864, 40.606414], [139.860893, 40.60642], [139.860908, 40.606437], [139.860901, 40.606431]]], [[[139.861167, 40.606448], [139.861167, 40.606437], [139.861196, 40.606437], [139.861189, 40.606453], [139.861167, 40.606448]]], [[[139.861122, 40.606487], [139.8611, 40.606566], [139.861034, 40.606493], [139.861122, 40.606425], [139.861122, 40.606487]]], [[[139.860642, 40.606662], [139.860753, 40.606442], [139.860871, 40.606498], [139.860694, 40.606684], [139.860642, 40.606662]]], [[[139.860864, 40.606588], [139.860842, 40.606594], [139.860849, 40.606583], [139.860857, 40.606577], [139.860864, 40.606588]]], [[[139.86079, 40.606645], [139.86082, 40.606622], [139.860827, 40.606645], [139.860775, 40.606667], [139.86079, 40.606645]]], [[[139.85997, 40.606741], [139.859859, 40.606774], [139.85983, 40.606673], [139.859882, 40.60665], [139.85997, 40.606741]]], [[[139.859173, 40.606943], [139.859291, 40.606808], [139.859497, 40.60705], [139.859394, 40.607163], [139.859173, 40.606943]]], [[[139.859808, 40.606949], [139.859852, 40.606943], [139.859904, 40.607062], [139.85983, 40.607062], [139.859808, 40.606949]]], [[[139.860517, 40.608063], [139.860465, 40.608137], [139.860398, 40.608153], [139.860406, 40.608041], [139.860517, 40.608063]]], [[[139.860125, 40.608334], [139.860177, 40.608221], [139.860273, 40.608204], [139.860339, 40.608277], [139.860125, 40.608334]]], [[[139.859077, 40.611292], [139.859376, 40.61096], [139.859582, 40.611062], [139.8595, 40.611351], [139.859077, 40.611292]]], [[[139.859768, 40.611525], [139.859753, 40.611631], [139.859611, 40.611673], [139.859692, 40.61153], [139.859768, 40.611525]]], [[[139.860204, 40.613465], [139.859923, 40.613804], [139.85952, 40.613508], [139.860052, 40.613263], [139.860204, 40.613465]]], [[[139.859343, 40.613391], [139.859369, 40.613657], [139.859274, 40.613712], [139.859188, 40.613531], [139.859343, 40.613391]]], [[[139.87785, 40.580692], [139.877901, 40.580709], [139.877879, 40.58076], [139.877805, 40.580754], [139.87785, 40.580692]]], [[[139.875932, 40.580782], [139.875895, 40.580822], [139.87574, 40.580737], [139.875821, 40.580659], [139.875932, 40.580782]]], [[[139.877193, 40.580805], [139.877237, 40.580873], [139.877201, 40.58094], [139.877142, 40.580912], [139.877193, 40.580805]]], [[[139.877444, 40.580895], [139.877532, 40.580878], [139.87751, 40.58094], [139.877429, 40.580946], [139.877444, 40.580895]]], [[[139.876788, 40.581002], [139.876707, 40.580901], [139.876766, 40.580889], [139.876832, 40.580974], [139.876788, 40.581002]]], [[[139.877872, 40.581019], [139.877739, 40.581013], [139.877761, 40.58094], [139.87782, 40.580929], [139.877872, 40.581019]]], [[[139.876611, 40.581148], [139.876581, 40.581092], [139.876655, 40.581069], [139.876714, 40.581188], [139.876611, 40.581148]]], [[[139.897204, 40.581509], [139.89727, 40.581504], [139.897314, 40.581723], [139.897167, 40.581678], [139.897204, 40.581509]]], [[[139.887527, 40.581762], [139.887696, 40.581734], [139.887755, 40.581791], [139.887571, 40.581813], [139.887527, 40.581762]]], [[[139.887873, 40.581808], [139.887977, 40.581779], [139.887969, 40.581858], [139.88791, 40.581931], [139.887873, 40.581808]]], [[[139.892306, 40.582027], [139.892254, 40.581971], [139.892306, 40.581948], [139.892387, 40.581948], [139.892306, 40.582027]]], [[[139.889179, 40.582055], [139.889216, 40.581965], [139.889274, 40.58192], [139.889289, 40.582044], [139.889179, 40.582055]]], [[[139.890566, 40.582128], [139.890263, 40.582235], [139.890256, 40.582061], [139.890447, 40.582021], [139.890566, 40.582128]]], [[[139.889046, 40.582156], [139.889105, 40.582117], [139.889142, 40.582247], [139.889031, 40.582247], [139.889046, 40.582156]]], [[[139.892815, 40.582218], [139.892793, 40.582156], [139.892881, 40.582156], [139.892911, 40.58223], [139.892815, 40.582218]]], [[[139.886014, 40.58228], [139.886022, 40.582185], [139.886184, 40.582156], [139.886206, 40.582202], [139.886014, 40.58228]]], [[[139.892594, 40.582196], [139.892712, 40.582269], [139.892623, 40.582309], [139.892535, 40.582241], [139.892594, 40.582196]]], [[[139.883255, 40.582317], [139.882944, 40.582482], [139.882622, 40.582218], [139.882976, 40.582218], [139.883255, 40.582317]]], [[[139.890455, 40.582461], [139.890403, 40.582393], [139.890521, 40.582309], [139.890595, 40.582387], [139.890455, 40.582461]]], [[[139.888979, 40.582438], [139.888884, 40.582438], [139.888913, 40.582359], [139.888994, 40.58241], [139.888979, 40.582438]]], [[[139.888072, 40.582691], [139.888087, 40.582601], [139.888139, 40.582579], [139.88819, 40.582691], [139.888072, 40.582691]]], [[[139.888891, 40.583001], [139.88881, 40.583052], [139.888729, 40.582905], [139.888876, 40.582883], [139.888891, 40.583001]]], [[[139.884178, 40.583344], [139.884134, 40.583384], [139.88406, 40.583344], [139.884104, 40.583254], [139.884178, 40.583344]]], [[[139.883581, 40.583299], [139.883625, 40.583339], [139.883566, 40.583384], [139.883455, 40.583288], [139.883581, 40.583299]]], [[[139.884207, 40.583699], [139.8842, 40.58375], [139.884148, 40.583834], [139.884074, 40.583789], [139.884207, 40.583699]]], [[[139.865155, 40.593686], [139.865214, 40.593765], [139.865125, 40.593798], [139.865096, 40.593731], [139.865155, 40.593686]]], [[[139.87062, 40.621119], [139.87074, 40.621089], [139.870731, 40.621182], [139.87066, 40.621182], [139.87062, 40.621119]]], [[[139.86959, 40.621168], [139.869513, 40.621222], [139.869431, 40.62113], [139.86959, 40.621112], [139.86959, 40.621168]]], [[[139.873163, 40.622282], [139.87335, 40.622437], [139.873268, 40.622494], [139.873191, 40.622435], [139.873163, 40.622282]]], [[[139.874349, 40.623217], [139.874421, 40.623172], [139.874487, 40.623192], [139.874444, 40.623249], [139.874349, 40.623217]]], [[[139.87601, 40.624136], [139.87598, 40.624193], [139.875899, 40.624119], [139.875921, 40.624091], [139.87601, 40.624136]]], [[[139.875751, 40.624255], [139.875855, 40.624226], [139.875891, 40.624322], [139.875855, 40.624333], [139.875751, 40.624255]]], [[[139.877302, 40.624992], [139.877044, 40.625183], [139.876985, 40.625054], [139.87717, 40.624919], [139.877302, 40.624992]]], [[[139.877376, 40.625358], [139.877332, 40.625296], [139.877376, 40.62524], [139.87745, 40.625307], [139.877376, 40.625358]]], [[[139.87861, 40.625837], [139.878706, 40.625747], [139.879023, 40.625814], [139.878912, 40.626045], [139.87861, 40.625837]]], [[[139.879503, 40.626051], [139.879451, 40.626095], [139.879378, 40.626073], [139.879392, 40.625983], [139.879503, 40.626051]]], [[[139.879836, 40.626276], [139.879747, 40.626315], [139.879754, 40.626203], [139.879813, 40.626191], [139.879836, 40.626276]]], [[[139.881069, 40.626777], [139.881069, 40.626839], [139.880981, 40.62685], [139.880958, 40.626794], [139.881069, 40.626777]]], [[[139.881328, 40.626929], [139.881313, 40.62694], [139.881254, 40.62694], [139.881291, 40.626912], [139.881328, 40.626929]]], [[[139.880914, 40.627002], [139.881032, 40.626952], [139.881032, 40.627036], [139.880914, 40.627036], [139.880914, 40.627002]]], [[[139.881239, 40.627075], [139.881269, 40.62703], [139.881313, 40.627036], [139.88132, 40.627058], [139.881239, 40.627075]]], [[[139.882162, 40.627971], [139.882118, 40.62792], [139.882147, 40.627847], [139.882251, 40.62788], [139.882162, 40.627971]]], [[[139.881534, 40.627875], [139.8818, 40.627807], [139.881866, 40.627818], [139.881734, 40.628078], [139.881534, 40.627875]]], [[[139.884178, 40.628607], [139.884009, 40.628539], [139.884097, 40.6285], [139.884186, 40.628568], [139.884178, 40.628607]]], [[[139.882472, 40.628669], [139.882435, 40.628551], [139.882516, 40.628584], [139.882546, 40.62863], [139.882472, 40.628669]]], [[[139.883721, 40.628562], [139.883758, 40.628607], [139.883639, 40.62868], [139.883573, 40.628618], [139.883721, 40.628562]]], [[[139.882251, 40.628703], [139.882317, 40.62863], [139.882384, 40.628703], [139.882317, 40.628737], [139.882251, 40.628703]]], [[[139.884046, 40.628663], [139.884023, 40.628725], [139.883942, 40.628737], [139.883927, 40.628692], [139.884046, 40.628663]]], [[[139.882679, 40.628669], [139.882797, 40.628703], [139.882768, 40.628793], [139.882679, 40.628742], [139.882679, 40.628669]]], [[[139.882642, 40.629164], [139.882531, 40.629142], [139.882561, 40.629091], [139.882642, 40.629125], [139.882642, 40.629164]]], [[[139.882369, 40.629204], [139.88245, 40.629176], [139.882443, 40.629266], [139.882361, 40.629277], [139.882369, 40.629204]]], [[[139.8881, 40.630274], [139.888204, 40.630381], [139.888137, 40.630426], [139.888034, 40.630358], [139.8881, 40.630274]]], [[[139.888447, 40.630713], [139.888425, 40.630786], [139.888307, 40.63078], [139.888359, 40.630668], [139.888447, 40.630713]]], [[[139.887982, 40.631011], [139.888041, 40.631023], [139.888085, 40.631141], [139.887982, 40.63113], [139.887982, 40.631011]]], [[[139.889976, 40.63109], [139.889925, 40.631096], [139.889939, 40.631085], [139.889969, 40.631085], [139.889976, 40.63109]]], [[[139.889969, 40.631113], [139.890013, 40.631158], [139.889925, 40.631186], [139.889888, 40.631135], [139.889969, 40.631113]]], [[[139.890102, 40.631338], [139.890028, 40.631276], [139.890065, 40.631242], [139.890109, 40.631259], [139.890102, 40.631338]]], [[[139.890383, 40.631456], [139.890228, 40.631422], [139.890213, 40.631304], [139.890316, 40.63131], [139.890383, 40.631456]]], [[[139.891084, 40.631901], [139.891099, 40.631907], [139.891121, 40.631923], [139.891047, 40.631929], [139.891084, 40.631901]]], [[[139.89104, 40.631952], [139.891113, 40.631952], [139.891121, 40.631957], [139.891106, 40.632008], [139.89104, 40.631952]]], [[[139.889385, 40.63207], [139.889385, 40.632053], [139.889415, 40.632036], [139.88943, 40.632064], [139.889385, 40.63207]]], [[[139.889548, 40.632205], [139.88943, 40.63216], [139.889393, 40.632086], [139.889548, 40.632036], [139.889548, 40.632205]]], [[[139.890818, 40.632194], [139.890885, 40.632138], [139.890929, 40.632166], [139.890914, 40.632205], [139.890818, 40.632194]]], [[[139.890751, 40.632717], [139.890693, 40.632683], [139.890751, 40.632633], [139.890796, 40.632666], [139.890751, 40.632717]]], [[[139.890899, 40.632864], [139.890951, 40.632852], [139.890995, 40.632881], [139.890914, 40.632897], [139.890899, 40.632864]]], [[[139.89224, 40.633106], [139.892321, 40.633074], [139.892457, 40.633312], [139.892377, 40.633349], [139.89224, 40.633106]]], [[[139.927733, 40.559919], [139.927607, 40.560082], [139.927526, 40.560099], [139.927563, 40.559924], [139.927733, 40.559919]]], [[[139.928411, 40.560605], [139.92819, 40.561259], [139.926766, 40.56141], [139.926803, 40.560707], [139.928411, 40.560605]]], [[[139.898561, 40.58156], [139.898649, 40.581571], [139.898664, 40.581757], [139.898516, 40.581723], [139.898561, 40.58156]]], [[[139.900249, 40.582061], [139.899247, 40.581937], [139.899475, 40.58147], [139.899881, 40.581498], [139.900249, 40.582061]]], [[[139.897631, 40.581751], [139.897742, 40.581757], [139.897697, 40.581858], [139.897594, 40.581847], [139.897631, 40.581751]]], [[[139.897262, 40.581943], [139.897447, 40.581819], [139.897425, 40.581909], [139.897373, 40.581932], [139.897262, 40.581943]]], [[[139.898863, 40.581802], [139.898966, 40.581796], [139.898944, 40.581999], [139.898811, 40.581994], [139.898863, 40.581802]]], [[[139.899136, 40.582027], [139.899166, 40.582118], [139.899202, 40.582219], [139.899166, 40.582236], [139.899136, 40.582027]]], [[[139.898819, 40.582337], [139.89876, 40.582134], [139.898907, 40.582179], [139.898892, 40.582326], [139.898819, 40.582337]]], [[[139.910221, 40.584161], [139.910059, 40.584122], [139.909934, 40.58384], [139.910221, 40.583987], [139.910221, 40.584161]]], [[[139.904977, 40.585102], [139.904918, 40.585023], [139.905036, 40.584995], [139.905058, 40.585141], [139.904977, 40.585102]]], [[[139.908473, 40.58562], [139.908289, 40.585687], [139.908339, 40.58557], [139.908459, 40.585574], [139.908473, 40.58562]]], [[[139.90792, 40.58558], [139.907964, 40.585574], [139.908104, 40.585642], [139.907964, 40.585693], [139.90792, 40.58558]]], [[[139.913315, 40.643022], [139.913271, 40.642915], [139.913352, 40.642886], [139.913463, 40.643078], [139.913315, 40.643022]]], [[[139.913234, 40.643022], [139.913212, 40.642999], [139.913212, 40.642988], [139.913197, 40.64296], [139.913234, 40.643022]]], [[[139.912739, 40.64283], [139.912909, 40.642763], [139.913079, 40.643005], [139.913204, 40.643365], [139.912739, 40.64283]]], [[[139.913315, 40.643056], [139.913404, 40.6431], [139.913411, 40.643106], [139.913337, 40.643089], [139.913315, 40.643056]]], [[[139.911092, 40.642943], [139.911166, 40.643207], [139.910922, 40.643252], [139.910966, 40.643044], [139.911092, 40.642943]]], [[[139.913323, 40.64341], [139.913404, 40.643556], [139.913286, 40.643568], [139.913249, 40.643461], [139.913323, 40.64341]]], [[[139.914231, 40.643613], [139.914113, 40.643635], [139.914083, 40.643489], [139.914186, 40.643438], [139.914231, 40.643613]]], [[[139.913906, 40.643646], [139.913802, 40.643686], [139.913758, 40.643601], [139.913891, 40.643562], [139.913906, 40.643646]]], [[[139.911025, 40.643872], [139.910974, 40.643697], [139.911062, 40.643511], [139.911188, 40.643736], [139.911025, 40.643872]]], [[[139.914024, 40.643951], [139.913979, 40.643849], [139.914076, 40.643753], [139.914209, 40.643866], [139.914024, 40.643951]]], [[[139.910915, 40.644142], [139.910922, 40.644041], [139.911003, 40.644063], [139.911018, 40.644131], [139.910915, 40.644142]]], [[[139.923522, 40.644531], [139.923611, 40.644576], [139.923574, 40.64461], [139.923485, 40.64461], [139.923522, 40.644531]]], [[[139.922628, 40.644598], [139.922658, 40.644531], [139.922813, 40.644626], [139.922783, 40.644649], [139.922628, 40.644598]]], [[[139.921491, 40.644559], [139.921491, 40.6447], [139.921388, 40.644688], [139.921351, 40.644598], [139.921491, 40.644559]]], [[[139.924408, 40.644587], [139.924482, 40.64466], [139.924431, 40.644728], [139.924349, 40.644626], [139.924408, 40.644587]]], [[[139.92251, 40.64466], [139.922591, 40.644694], [139.922562, 40.644801], [139.92251, 40.644812], [139.92251, 40.64466]]], [[[139.921668, 40.6447], [139.921742, 40.644716], [139.921735, 40.644863], [139.921639, 40.644868], [139.921668, 40.6447]]], [[[139.921912, 40.644863], [139.922008, 40.644896], [139.921971, 40.644981], [139.921883, 40.644998], [139.921912, 40.644863]]], [[[139.917599, 40.645156], [139.917687, 40.645127], [139.917724, 40.645218], [139.917613, 40.645229], [139.917599, 40.645156]]], [[[139.921476, 40.645296], [139.921395, 40.645285], [139.921454, 40.64515], [139.921513, 40.645139], [139.921476, 40.645296]]], [[[139.920619, 40.645223], [139.920693, 40.645178], [139.920723, 40.645246], [139.920664, 40.645274], [139.920619, 40.645223]]], [[[139.918182, 40.64533], [139.918086, 40.645364], [139.917916, 40.645291], [139.918042, 40.645178], [139.918182, 40.64533]]], [[[139.920974, 40.645398], [139.920974, 40.645223], [139.921122, 40.645189], [139.921166, 40.645319], [139.920974, 40.645398]]], [[[139.918359, 40.645291], [139.918455, 40.645308], [139.918426, 40.645392], [139.918323, 40.645381], [139.918359, 40.645291]]], [[[139.920715, 40.645589], [139.920627, 40.645437], [139.920767, 40.64542], [139.920885, 40.645533], [139.920715, 40.645589]]], [[[139.923345, 40.645476], [139.923411, 40.645476], [139.923441, 40.645522], [139.923337, 40.645538], [139.923345, 40.645476]]], [[[139.923197, 40.645533], [139.923035, 40.645651], [139.922843, 40.645448], [139.923153, 40.645403], [139.923197, 40.645533]]], [[[139.92282, 40.645719], [139.922761, 40.645764], [139.92265, 40.645606], [139.922783, 40.645561], [139.92282, 40.645719]]], [[[139.924283, 40.646766], [139.924172, 40.646648], [139.924342, 40.646563], [139.924423, 40.646693], [139.924283, 40.646766]]], [[[139.919317, 40.645653], [139.919603, 40.645428], [139.91974, 40.645715], [139.922819, 40.648102], [139.919317, 40.645653]]], [[[139.924522, 40.646785], [139.924556, 40.646707], [139.925, 40.646841], [139.926266, 40.647222], [139.924522, 40.646785]]], [[[139.923943, 40.648213], [139.923935, 40.648252], [139.923913, 40.64823], [139.923928, 40.648213], [139.923943, 40.648213]]], [[[139.925125, 40.648421], [139.925198, 40.648466], [139.925176, 40.648534], [139.925102, 40.648551], [139.925125, 40.648421]]], [[[139.925871, 40.648511], [139.925893, 40.648478], [139.925922, 40.648483], [139.92593, 40.648511], [139.925871, 40.648511]]], [[[139.926188, 40.648551], [139.926173, 40.648556], [139.926136, 40.648545], [139.926136, 40.648506], [139.926188, 40.648551]]], [[[139.925295, 40.648686], [139.92539, 40.648714], [139.925346, 40.648765], [139.925265, 40.648731], [139.925295, 40.648686]]], [[[139.924881, 40.64868], [139.92491, 40.64872], [139.924822, 40.648776], [139.92477, 40.64872], [139.924881, 40.64868]]], [[[139.92593, 40.648843], [139.925937, 40.649001], [139.925671, 40.648978], [139.925634, 40.648787], [139.92593, 40.648843]]], [[[139.925342, 40.64909], [139.925331, 40.64904], [139.92539, 40.649023], [139.92539, 40.649091], [139.925342, 40.64909]]], [[[139.926358, 40.649198], [139.926085, 40.649097], [139.926122, 40.649046], [139.926284, 40.649063], [139.926358, 40.649198]]], [[[139.926727, 40.649288], [139.926446, 40.649023], [139.926579, 40.648967], [139.926727, 40.649069], [139.926727, 40.649288]]], [[[139.926993, 40.649159], [139.926934, 40.649164], [139.926934, 40.649125], [139.926993, 40.649125], [139.926993, 40.649159]]], [[[139.925051, 40.649131], [139.925169, 40.649333], [139.925006, 40.649367], [139.924896, 40.649277], [139.925051, 40.649131]]], [[[139.925553, 40.649384], [139.925575, 40.649311], [139.925642, 40.649305], [139.925642, 40.649395], [139.925553, 40.649384]]], [[[139.926786, 40.649508], [139.926764, 40.649446], [139.926831, 40.649412], [139.92686, 40.649496], [139.926786, 40.649508]]], [[[139.926343, 40.649491], [139.926284, 40.649603], [139.926188, 40.649519], [139.926232, 40.649485], [139.926343, 40.649491]]], [[[139.925258, 40.649491], [139.925206, 40.649688], [139.925058, 40.649643], [139.925065, 40.649536], [139.925258, 40.649491]]], [[[139.926565, 40.649626], [139.926572, 40.64957], [139.926616, 40.64957], [139.926638, 40.649632], [139.926565, 40.649626]]], [[[139.925088, 40.649705], [139.925051, 40.649671], [139.92508, 40.649665], [139.925117, 40.649711], [139.925088, 40.649705]]], [[[139.925568, 40.649896], [139.925427, 40.649773], [139.925656, 40.649564], [139.925723, 40.649835], [139.925568, 40.649896]]], [[[139.926757, 40.649784], [139.926779, 40.649699], [139.926853, 40.649716], [139.926831, 40.649784], [139.926757, 40.649784]]], [[[139.926569, 40.649734], [139.92662, 40.649853], [139.92648, 40.649886], [139.926446, 40.649818], [139.926569, 40.649734]]], [[[139.927119, 40.649835], [139.927193, 40.649851], [139.927193, 40.649936], [139.927089, 40.649919], [139.927119, 40.649835]]], [[[139.926919, 40.649919], [139.926949, 40.649925], [139.927, 40.649964], [139.926882, 40.649964], [139.926919, 40.649919]]], [[[139.927251, 40.650093], [139.927178, 40.650082], [139.927207, 40.650054], [139.927244, 40.650065], [139.927251, 40.650093]]], [[[139.926956, 40.650127], [139.927067, 40.65015], [139.927059, 40.650212], [139.926986, 40.650223], [139.926956, 40.650127]]], [[[139.927444, 40.650251], [139.927318, 40.650296], [139.92734, 40.650172], [139.927451, 40.650189], [139.927444, 40.650251]]], [[[139.92737, 40.65046], [139.927451, 40.650415], [139.927466, 40.650499], [139.927429, 40.65051], [139.92737, 40.65046]]], [[[139.927584, 40.650544], [139.927695, 40.650606], [139.927606, 40.650668], [139.927547, 40.650628], [139.927584, 40.650544]]], [[[139.927742, 40.650857], [139.927605, 40.650961], [139.9275, 40.650877], [139.927679, 40.650744], [139.927742, 40.650857]]], [[[139.925272, 40.651135], [139.925272, 40.651169], [139.925228, 40.651174], [139.925213, 40.651146], [139.925272, 40.651135]]], [[[139.927742, 40.6512], [139.927563, 40.651377], [139.927347, 40.65115], [139.927641, 40.651098], [139.927742, 40.6512]]], [[[139.924999, 40.651394], [139.925, 40.651546], [139.924859, 40.651445], [139.924881, 40.651388], [139.924999, 40.651394]]], [[[139.926995, 40.651387], [139.927055, 40.6516], [139.926744, 40.651602], [139.926548, 40.651348], [139.926995, 40.651387]]], [[[139.926216, 40.651875], [139.926405, 40.651413], [139.926744, 40.651703], [139.926526, 40.652087], [139.926216, 40.651875]]], [[[139.925641, 40.651887], [139.925982, 40.651617], [139.926057, 40.651915], [139.92561, 40.651966], [139.925641, 40.651887]]], [[[139.927012, 40.652127], [139.927096, 40.652071], [139.927129, 40.652109], [139.927095, 40.652171], [139.927012, 40.652127]]], [[[139.927088, 40.652777], [139.927194, 40.652641], [139.927274, 40.652653], [139.927274, 40.652801], [139.927088, 40.652777]]], [[[139.935858, 40.428381], [139.935998, 40.428358], [139.935961, 40.428426], [139.935865, 40.42846], [139.935858, 40.428381]]], [[[139.930698, 40.554717], [139.930853, 40.554553], [139.931605, 40.554525], [139.931812, 40.554604], [139.930698, 40.554717]]], [[[139.931259, 40.554914], [139.931783, 40.55479], [139.931996, 40.554953], [139.931207, 40.555032], [139.931259, 40.554914]]], [[[139.932439, 40.554869], [139.93235, 40.555032], [139.932306, 40.555043], [139.932203, 40.554959], [139.932439, 40.554869]]], [[[139.929658, 40.555009], [139.929857, 40.554976], [139.929857, 40.555038], [139.929673, 40.55506], [139.929658, 40.555009]]], [[[139.929901, 40.555155], [139.930189, 40.554947], [139.930499, 40.554981], [139.930491, 40.555145], [139.929901, 40.555155]]], [[[139.932107, 40.555066], [139.932129, 40.555083], [139.932107, 40.555145], [139.932033, 40.555105], [139.932107, 40.555066]]], [[[139.931871, 40.555077], [139.931878, 40.555161], [139.931819, 40.555195], [139.931768, 40.555161], [139.931871, 40.555077]]], [[[139.932491, 40.555336], [139.932491, 40.555229], [139.932616, 40.555207], [139.93266, 40.555359], [139.932491, 40.555336]]], [[[139.931812, 40.555235], [139.931856, 40.55528], [139.93176, 40.55537], [139.931701, 40.555297], [139.931812, 40.555235]]], [[[139.930196, 40.555341], [139.931089, 40.555195], [139.931613, 40.55533], [139.930115, 40.555505], [139.930196, 40.555341]]], [[[139.928176, 40.55551], [139.930418, 40.555707], [139.929843, 40.55613], [139.928773, 40.556434], [139.928176, 40.55551]]], [[[139.928825, 40.557548], [139.928758, 40.557712], [139.928345, 40.5577], [139.928397, 40.557576], [139.928825, 40.557548]]], [[[139.929422, 40.557644], [139.929451, 40.557779], [139.929252, 40.557779], [139.929223, 40.557734], [139.929422, 40.557644]]], [[[139.930388, 40.558505], [139.930602, 40.558337], [139.930683, 40.558489], [139.930521, 40.55855], [139.930388, 40.558505]]], [[[139.929688, 40.559024], [139.929643, 40.558905], [139.930012, 40.558736], [139.930196, 40.558872], [139.929688, 40.559024]]], [[[139.929577, 40.559271], [139.929414, 40.559204], [139.929459, 40.559108], [139.92971, 40.559181], [139.929577, 40.559271]]], [[[139.928972, 40.559294], [139.929289, 40.559316], [139.929134, 40.55935], [139.929068, 40.559361], [139.928972, 40.559294]]], [[[139.928537, 40.559981], [139.928618, 40.560031], [139.928574, 40.560087], [139.928389, 40.560093], [139.928537, 40.559981]]], [[[139.928817, 40.560245], [139.928662, 40.560138], [139.928684, 40.560115], [139.928854, 40.560172], [139.928817, 40.560245]]], [[[139.92819, 40.560251], [139.928102, 40.560166], [139.928183, 40.560149], [139.928234, 40.560206], [139.92819, 40.560251]]], [[[139.929673, 40.560358], [139.929547, 40.560301], [139.929717, 40.560222], [139.92982, 40.560296], [139.929673, 40.560358]]], [[[139.929835, 40.560403], [139.929857, 40.560386], [139.929982, 40.560363], [139.929923, 40.560442], [139.929835, 40.560403]]], [[[139.929879, 40.560527], [139.92999, 40.56047], [139.930108, 40.560544], [139.930049, 40.560555], [139.929879, 40.560527]]], [[[139.928839, 40.560938], [139.928949, 40.560915], [139.929009, 40.560915], [139.928861, 40.561011], [139.928839, 40.560938]]], [[[139.929031, 40.561039], [139.929156, 40.560943], [139.929223, 40.560943], [139.92923, 40.561028], [139.929031, 40.561039]]], [[[139.929931, 40.561129], [139.929436, 40.561146], [139.929613, 40.56109], [139.929798, 40.561084], [139.929931, 40.561129]]], [[[139.929798, 40.561315], [139.929849, 40.56132], [139.929864, 40.561382], [139.929768, 40.561337], [139.929798, 40.561315]]], [[[139.930882, 40.561385], [139.930853, 40.561317], [139.931008, 40.561329], [139.931074, 40.561374], [139.930882, 40.561385]]], [[[139.930524, 40.561431], [139.930447, 40.561495], [139.930329, 40.561439], [139.930469, 40.561343], [139.930524, 40.561431]]], [[[139.928071, 40.655673], [139.927946, 40.655735], [139.927886, 40.65569], [139.928027, 40.655617], [139.928071, 40.655673]]], [[[139.930767, 40.655932], [139.930819, 40.655921], [139.930848, 40.655971], [139.930804, 40.656039], [139.930767, 40.655932]]], [[[139.934541, 40.657981], [139.934585, 40.657801], [139.934689, 40.657852], [139.934548, 40.657987], [139.934541, 40.657981]]], [[[139.935752, 40.657987], [139.935582, 40.658404], [139.935043, 40.657565], [139.935243, 40.657435], [139.935331, 40.657435], [139.935752, 40.657987]]], [[[139.935154, 40.659558], [139.935043, 40.658972], [139.935294, 40.658719], [139.935641, 40.659074], [139.935154, 40.659558]]], [[[139.934644, 40.659192], [139.934748, 40.659186], [139.93474, 40.659265], [139.934659, 40.659254], [139.934644, 40.659192]]], [[[139.934674, 40.659654], [139.934652, 40.659693], [139.934556, 40.659648], [139.934615, 40.659564], [139.934674, 40.659654]]], [[[139.935198, 40.659783], [139.935287, 40.659823], [139.935272, 40.659879], [139.935169, 40.659851], [139.935198, 40.659783]]], [[[139.932436, 40.660042], [139.932466, 40.660076], [139.932466, 40.660149], [139.932399, 40.660042], [139.932436, 40.660042]]], [[[139.932621, 40.66047], [139.932554, 40.660402], [139.932569, 40.66038], [139.932628, 40.660397], [139.932621, 40.66047]]], [[[139.932547, 40.660436], [139.932539, 40.660431], [139.932547, 40.660419], [139.932554, 40.660425], [139.932547, 40.660436]]], [[[139.932133, 40.660487], [139.932178, 40.660571], [139.932067, 40.660577], [139.93203, 40.660555], [139.932133, 40.660487]]], [[[139.932436, 40.660549], [139.93248, 40.660543], [139.93251, 40.660588], [139.932451, 40.660616], [139.932436, 40.660549]]], [[[139.935464, 40.662863], [139.935493, 40.662959], [139.935419, 40.662981], [139.935353, 40.662942], [139.935464, 40.662863]]], [[[139.935545, 40.663736], [139.93556, 40.663741], [139.93556, 40.663747], [139.935538, 40.663758], [139.935545, 40.663736]]], [[[139.935597, 40.664253], [139.935109, 40.663673], [139.935479, 40.663696], [139.935634, 40.663899], [139.935597, 40.664253]]], [[[139.93601, 40.664575], [139.935907, 40.664552], [139.935878, 40.664456], [139.935996, 40.664417], [139.93601, 40.664575]]], [[[139.936165, 40.666528], [139.936099, 40.666551], [139.936003, 40.666461], [139.936121, 40.666449], [139.936165, 40.666528]]], [[[139.936188, 40.66654], [139.936195, 40.666511], [139.936217, 40.666517], [139.936217, 40.666528], [139.936188, 40.66654]]], [[[139.935479, 40.66659], [139.935405, 40.666528], [139.935464, 40.666494], [139.935574, 40.666568], [139.935479, 40.66659]]], [[[139.937279, 40.429541], [139.937309, 40.429462], [139.937368, 40.429496], [139.937339, 40.429535], [139.937279, 40.429541]]], [[[139.937449, 40.429906], [139.937508, 40.42985], [139.937567, 40.42985], [139.937523, 40.429901], [139.937449, 40.429906]]], [[[139.938657, 40.430605], [139.938635, 40.430503], [139.938709, 40.43052], [139.938709, 40.430593], [139.938657, 40.430605]]], [[[139.938826, 40.43101], [139.938944, 40.430982], [139.939011, 40.431089], [139.938908, 40.4311], [139.938826, 40.43101]]], [[[139.93739, 40.431274], [139.937508, 40.431229], [139.937486, 40.431325], [139.937405, 40.431336], [139.93739, 40.431274]]], [[[139.937788, 40.431229], [139.938024, 40.431297], [139.938201, 40.43146], [139.937817, 40.431725], [139.937788, 40.431229]]], [[[139.938126, 40.431714], [139.938119, 40.431781], [139.938031, 40.431792], [139.93806, 40.431714], [139.938126, 40.431714]]], [[[139.936815, 40.431905], [139.93683, 40.431674], [139.937339, 40.431708], [139.937162, 40.432051], [139.936815, 40.431905]]], [[[139.938517, 40.432221], [139.938642, 40.432541], [139.938709, 40.432688], [139.938112, 40.432699], [139.938517, 40.432221]]], [[[139.938561, 40.432885], [139.938649, 40.4328], [139.938716, 40.432885], [139.938635, 40.432907], [139.938561, 40.432885]]], [[[139.937935, 40.432919], [139.937854, 40.432913], [139.937854, 40.432868], [139.937906, 40.432862], [139.937935, 40.432919]]], [[[139.938753, 40.433071], [139.938812, 40.433087], [139.938797, 40.433138], [139.938731, 40.433121], [139.938753, 40.433071]]], [[[139.938186, 40.433183], [139.938303, 40.433048], [139.938591, 40.433059], [139.938546, 40.433144], [139.938186, 40.433183]]], [[[139.938443, 40.433684], [139.938362, 40.433729], [139.938303, 40.433729], [139.938318, 40.433628], [139.938443, 40.433684]]], [[[139.937751, 40.433729], [139.93778, 40.433774], [139.937663, 40.433802], [139.937655, 40.433786], [139.937751, 40.433729]]], [[[139.938694, 40.433892], [139.938679, 40.433707], [139.938731, 40.433667], [139.938915, 40.43369], [139.938694, 40.433892]]], [[[139.937309, 40.433892], [139.937243, 40.433904], [139.937147, 40.433836], [139.937257, 40.433797], [139.937309, 40.433892]]], [[[139.938281, 40.433937], [139.938488, 40.43387], [139.938399, 40.434101], [139.938311, 40.434118], [139.938281, 40.433937]]], [[[139.938804, 40.434174], [139.938908, 40.434163], [139.938908, 40.434219], [139.938826, 40.434219], [139.938804, 40.434174]]], [[[139.938679, 40.435525], [139.938531, 40.435542], [139.938369, 40.435351], [139.938642, 40.435356], [139.938679, 40.435525]]], [[[139.937596, 40.435621], [139.937515, 40.435525], [139.937729, 40.435452], [139.937854, 40.435531], [139.937596, 40.435621]]], [[[139.938119, 40.435598], [139.938237, 40.435576], [139.938333, 40.435728], [139.938193, 40.435722], [139.938119, 40.435598]]], [[[139.938716, 40.436167], [139.938745, 40.436122], [139.938959, 40.436139], [139.939121, 40.436133], [139.938716, 40.436167]]], [[[139.938458, 40.436358], [139.938362, 40.436336], [139.938369, 40.43624], [139.938524, 40.436302], [139.938458, 40.436358]]], [[[139.938502, 40.436809], [139.938333, 40.436848], [139.938303, 40.436752], [139.938502, 40.436752], [139.938502, 40.436809]]], [[[139.938155, 40.439381], [139.93817, 40.439162], [139.938649, 40.439235], [139.938487, 40.43946], [139.938155, 40.439381]]], [[[139.938907, 40.439973], [139.938907, 40.440068], [139.938796, 40.440006], [139.938767, 40.43995], [139.938907, 40.439973]]], [[[139.938259, 40.440727], [139.938384, 40.440434], [139.938612, 40.440372], [139.938723, 40.440738], [139.938259, 40.440727]]], [[[139.938376, 40.443609], [139.938347, 40.443643], [139.938295, 40.443598], [139.938354, 40.443593], [139.938376, 40.443609]]], [[[139.938369, 40.443835], [139.938369, 40.443784], [139.938391, 40.443773], [139.938428, 40.443824], [139.938369, 40.443835]]], [[[139.938074, 40.444257], [139.938096, 40.444195], [139.938177, 40.444212], [139.938148, 40.444268], [139.938074, 40.444257]]], [[[139.938472, 40.444279], [139.938457, 40.444212], [139.938538, 40.444223], [139.938553, 40.44424], [139.938472, 40.444279]]], [[[139.938339, 40.444617], [139.938406, 40.444634], [139.938398, 40.444702], [139.938324, 40.444691], [139.938339, 40.444617]]], [[[139.937293, 40.445225], [139.937264, 40.445242], [139.937227, 40.44518], [139.93733, 40.445135], [139.937293, 40.445225]]], [[[139.938273, 40.445766], [139.93828, 40.445726], [139.938339, 40.445726], [139.938332, 40.445794], [139.938273, 40.445766]]], [[[139.93856, 40.446481], [139.938604, 40.446419], [139.938648, 40.446453], [139.938663, 40.446475], [139.93856, 40.446481]]], [[[139.938185, 40.44658], [139.938116, 40.44658], [139.938184, 40.446453], [139.938321, 40.446562], [139.938185, 40.44658]]], [[[139.938563, 40.446828], [139.938435, 40.446858], [139.938391, 40.446768], [139.938571, 40.446725], [139.938563, 40.446828]]], [[[139.937256, 40.447038], [139.937322, 40.446982], [139.937418, 40.446993], [139.937337, 40.447072], [139.937256, 40.447038]]], [[[139.937971, 40.447072], [139.938089, 40.447032], [139.938133, 40.447072], [139.938096, 40.447162], [139.937971, 40.447072]]], [[[139.937389, 40.447274], [139.937455, 40.447235], [139.937486, 40.447308], [139.937389, 40.447286], [139.937389, 40.447274]]], [[[139.937764, 40.447269], [139.937844, 40.447429], [139.937658, 40.447462], [139.937636, 40.447406], [139.937764, 40.447269]]], [[[139.938567, 40.447376], [139.938589, 40.447376], [139.938693, 40.447443], [139.938582, 40.447477], [139.938567, 40.447376]]], [[[139.938059, 40.447427], [139.938125, 40.447438], [139.938125, 40.447489], [139.938081, 40.447489], [139.938059, 40.447427]]], [[[139.937646, 40.447584], [139.937654, 40.447545], [139.937727, 40.447551], [139.937713, 40.447607], [139.937646, 40.447584]]], [[[139.937153, 40.447641], [139.937116, 40.447607], [139.937153, 40.447534], [139.93719, 40.447579], [139.937153, 40.447641]]], [[[139.938501, 40.447635], [139.938479, 40.447725], [139.938354, 40.447697], [139.938449, 40.447584], [139.938501, 40.447635]]], [[[139.937926, 40.447967], [139.937831, 40.44808], [139.937639, 40.448035], [139.937632, 40.44799], [139.937926, 40.447967]]], [[[139.938302, 40.448299], [139.938327, 40.448346], [139.938224, 40.448466], [139.938147, 40.448396], [139.938302, 40.448299]]], [[[139.938229, 40.448564], [139.938221, 40.448536], [139.938273, 40.448513], [139.938287, 40.448547], [139.938229, 40.448564]]], [[[139.93884, 40.448784], [139.938781, 40.448761], [139.938811, 40.448727], [139.938854, 40.44875], [139.93884, 40.448784]]], [[[139.937707, 40.545677], [139.937691, 40.545547], [139.937808, 40.545571], [139.937816, 40.545658], [139.937707, 40.545677]]], [[[139.938782, 40.550759], [139.938841, 40.550776], [139.938856, 40.55086], [139.938738, 40.550804], [139.938782, 40.550759]]], [[[139.938686, 40.55113], [139.938686, 40.551057], [139.93876, 40.551029], [139.938849, 40.551001], [139.938686, 40.55113]]], [[[139.938812, 40.551356], [139.938819, 40.551305], [139.938923, 40.551344], [139.938819, 40.551373], [139.938812, 40.551356]]], [[[139.938229, 40.553253], [139.938495, 40.55323], [139.938398, 40.553523], [139.938022, 40.553427], [139.938229, 40.553253]]], [[[139.938811, 40.553489], [139.938753, 40.553495], [139.938723, 40.553444], [139.938804, 40.553427], [139.938811, 40.553489]]], [[[139.938775, 40.553709], [139.938708, 40.55376], [139.938671, 40.553737], [139.93873, 40.55367], [139.938775, 40.553709]]], [[[139.938657, 40.55403], [139.938605, 40.55399], [139.938657, 40.553934], [139.938708, 40.553974], [139.938657, 40.55403]]], [[[139.938059, 40.554261], [139.93803, 40.554199], [139.938155, 40.55412], [139.93817, 40.55425], [139.938059, 40.554261]]], [[[139.938391, 40.554345], [139.938413, 40.554238], [139.938479, 40.55421], [139.938509, 40.554244], [139.938391, 40.554345]]], [[[139.938359, 40.666613], [139.938337, 40.666669], [139.938248, 40.666663], [139.938226, 40.666579], [139.938359, 40.666613]]], [[[139.938211, 40.66668], [139.938152, 40.666613], [139.938211, 40.666669], [139.938233, 40.666675], [139.938211, 40.66668]]], [[[139.938573, 40.666815], [139.938521, 40.666742], [139.938625, 40.66672], [139.938669, 40.666765], [139.938573, 40.666815]]], [[[139.938544, 40.666815], [139.938507, 40.66681], [139.938499, 40.666776], [139.938521, 40.66681], [139.938544, 40.666815]]], [[[139.937833, 40.668501], [139.937841, 40.668388], [139.937973, 40.668405], [139.937966, 40.668495], [139.937833, 40.668501]]], [[[139.937939, 40.668506], [139.937962, 40.668512], [139.937969, 40.668506], [139.937954, 40.668523], [139.937939, 40.668506]]], [[[139.937883, 40.668527], [139.937868, 40.668533], [139.937854, 40.668527], [139.937854, 40.668522], [139.937883, 40.668527]]], [[[139.937177, 40.668527], [139.937273, 40.668589], [139.937155, 40.668623], [139.937126, 40.668572], [139.937177, 40.668527]]], [[[139.937175, 40.668628], [139.937263, 40.668632], [139.937227, 40.668654], [139.93718, 40.668643], [139.937175, 40.668628]]], [[[139.939188, 40.433521], [139.939018, 40.43365], [139.938908, 40.433515], [139.939136, 40.433419], [139.939188, 40.433521]]], [[[139.938782, 40.43557], [139.939202, 40.43566], [139.939261, 40.435931], [139.938664, 40.435874], [139.938782, 40.43557]]], [[[139.939231, 40.43749], [139.939194, 40.437473], [139.939246, 40.437405], [139.939334, 40.437467], [139.939231, 40.43749]]], [[[139.939135, 40.447843], [139.939179, 40.447854], [139.939216, 40.447888], [139.93912, 40.447888], [139.939135, 40.447843]]], [[[139.939098, 40.448412], [139.938987, 40.448423], [139.938906, 40.448237], [139.939054, 40.448282], [139.939098, 40.448412]]], [[[139.939687, 40.448406], [139.939694, 40.448474], [139.939172, 40.448198], [139.939444, 40.448254], [139.939687, 40.448406]]], [[[139.939879, 40.448333], [139.93993, 40.448356], [139.939952, 40.448412], [139.939871, 40.448429], [139.939879, 40.448333]]], [[[139.93951, 40.448603], [139.939392, 40.448603], [139.939414, 40.448553], [139.93951, 40.448558], [139.93951, 40.448603]]], [[[139.940549, 40.448744], [139.940512, 40.448739], [139.940512, 40.448648], [139.940556, 40.448677], [139.940549, 40.448744]]], [[[139.940357, 40.448705], [139.940394, 40.448739], [139.940424, 40.448801], [139.940328, 40.448705], [139.940357, 40.448705]]], [[[139.939164, 40.448817], [139.939171, 40.448744], [139.939237, 40.448755], [139.939208, 40.448812], [139.939164, 40.448817]]], [[[139.939046, 40.448885], [139.93898, 40.448936], [139.938987, 40.448885], [139.939009, 40.448868], [139.939046, 40.448885]]], [[[139.940998, 40.449026], [139.940998, 40.449082], [139.940925, 40.44911], [139.940932, 40.448997], [139.940998, 40.449026]]], [[[139.940755, 40.449228], [139.940799, 40.449223], [139.940851, 40.449251], [139.940807, 40.44929], [139.940755, 40.449228]]], [[[139.941035, 40.449673], [139.941006, 40.449645], [139.941028, 40.4496], [139.941065, 40.449605], [139.941035, 40.449673]]], [[[139.940615, 40.450067], [139.940586, 40.450039], [139.94063, 40.449977], [139.940696, 40.450061], [139.940615, 40.450067]]], [[[139.940976, 40.451323], [139.940998, 40.451277], [139.941064, 40.451283], [139.94105, 40.451323], [139.940976, 40.451323]]], [[[139.940755, 40.451429], [139.940689, 40.451441], [139.940681, 40.451384], [139.940726, 40.45139], [139.940755, 40.451429]]], [[[139.94049, 40.451429], [139.940453, 40.451401], [139.940497, 40.451401], [139.940527, 40.451429], [139.94049, 40.451429]]], [[[139.940195, 40.451542], [139.940261, 40.451531], [139.940291, 40.451547], [139.940291, 40.451598], [139.940195, 40.451542]]], [[[139.940821, 40.451536], [139.940902, 40.451531], [139.940932, 40.451604], [139.940887, 40.451615], [139.940821, 40.451536]]], [[[139.940467, 40.451683], [139.94063, 40.451801], [139.940541, 40.451852], [139.940453, 40.451835], [139.940467, 40.451683]]], [[[139.93979, 40.45206], [139.939819, 40.452021], [139.939871, 40.452015], [139.939886, 40.452082], [139.93979, 40.45206]]], [[[139.940062, 40.452178], [139.940092, 40.452139], [139.940129, 40.452156], [139.940136, 40.452184], [139.940062, 40.452178]]], [[[139.940364, 40.452156], [139.94049, 40.452161], [139.940512, 40.452313], [139.940364, 40.452201], [139.940364, 40.452156]]], [[[139.940101, 40.452454], [139.940147, 40.452602], [139.940044, 40.452577], [139.940028, 40.452458], [139.940101, 40.452454]]], [[[139.939343, 40.452544], [139.939413, 40.452507], [139.939439, 40.452563], [139.939367, 40.452593], [139.939343, 40.452544]]], [[[139.93967, 40.452627], [139.939651, 40.452709], [139.939594, 40.452706], [139.939581, 40.452636], [139.93967, 40.452627]]], [[[139.940861, 40.452743], [139.940855, 40.452799], [139.940805, 40.452777], [139.940786, 40.452722], [139.940861, 40.452743]]], [[[139.940999, 40.452727], [139.941058, 40.452742], [139.941016, 40.452811], [139.94097, 40.452784], [139.940999, 40.452727]]], [[[139.939764, 40.452768], [139.939788, 40.452744], [139.939867, 40.452776], [139.939779, 40.452794], [139.939764, 40.452768]]], [[[139.941034, 40.455016], [139.9411, 40.455044], [139.94107, 40.455072], [139.941026, 40.455044], [139.941034, 40.455016]]], [[[139.941134, 40.458311], [139.94109, 40.458359], [139.94105, 40.458326], [139.94107, 40.458272], [139.941134, 40.458311]]], [[[139.939528, 40.536583], [139.939631, 40.536504], [139.939683, 40.536611], [139.939587, 40.536628], [139.939528, 40.536583]]], [[[139.940125, 40.542798], [139.940052, 40.542719], [139.940147, 40.542702], [139.940184, 40.542759], [139.940125, 40.542798]]], [[[139.940546, 40.543215], [139.940642, 40.543096], [139.940885, 40.543249], [139.940686, 40.543395], [139.940546, 40.543215]]], [[[139.939697, 40.543316], [139.939801, 40.543243], [139.939867, 40.54331], [139.93972, 40.54335], [139.939697, 40.543316]]], [[[139.940693, 40.543969], [139.940575, 40.543755], [139.940818, 40.543609], [139.940752, 40.543935], [139.940693, 40.543969]]], [[[139.939498, 40.551102], [139.939579, 40.55113], [139.939608, 40.551147], [139.939483, 40.551159], [139.939498, 40.551102]]], [[[139.939682, 40.551316], [139.939697, 40.551288], [139.939778, 40.551294], [139.939734, 40.55135], [139.939682, 40.551316]]], [[[139.939903, 40.55144], [139.939859, 40.55148], [139.939822, 40.551418], [139.939888, 40.551418], [139.939903, 40.55144]]], [[[139.939114, 40.55162], [139.939003, 40.551643], [139.939048, 40.551547], [139.939129, 40.551558], [139.939114, 40.55162]]], [[[139.939726, 40.55166], [139.939675, 40.551609], [139.939734, 40.551604], [139.9398, 40.551604], [139.939726, 40.55166]]], [[[139.939527, 40.551615], [139.93952, 40.551688], [139.939343, 40.551665], [139.939306, 40.551637], [139.939527, 40.551615]]], [[[139.93966, 40.552172], [139.939512, 40.55215], [139.939571, 40.552093], [139.939645, 40.552099], [139.93966, 40.552172]]], [[[139.939097, 40.6673], [139.939216, 40.667339], [139.939186, 40.667395], [139.939097, 40.667362], [139.939097, 40.6673]]], [[[139.939075, 40.667395], [139.939068, 40.667356], [139.93906, 40.667333], [139.93909, 40.667384], [139.939075, 40.667395]]], [[[139.93923, 40.66766], [139.939156, 40.667705], [139.939114, 40.667708], [139.939109, 40.66767], [139.939139, 40.667689], [139.939142, 40.667626], [139.93923, 40.66766]]], [[[139.941182, 40.449876], [139.941307, 40.449836], [139.941424, 40.449898], [139.941249, 40.449926], [139.941182, 40.449876]]], [[[139.941772, 40.449966], [139.94172, 40.450033], [139.941676, 40.449954], [139.941742, 40.449915], [139.941772, 40.449966]]], [[[139.941293, 40.450084], [139.941359, 40.450078], [139.941359, 40.450118], [139.941307, 40.450123], [139.941293, 40.450084]]], [[[139.941808, 40.450292], [139.941816, 40.450225], [139.941912, 40.45023], [139.941897, 40.450287], [139.941808, 40.450292]]], [[[139.941254, 40.452654], [139.941316, 40.452657], [139.941322, 40.45269], [139.941245, 40.452715], [139.941254, 40.452654]]], [[[139.941522, 40.452952], [139.941458, 40.452909], [139.941499, 40.452894], [139.941532, 40.452897], [139.941522, 40.452952]]], [[[139.941884, 40.453188], [139.941886, 40.45322], [139.941817, 40.453223], [139.941832, 40.453171], [139.941884, 40.453188]]], [[[139.941782, 40.45353], [139.941762, 40.453548], [139.941709, 40.4535], [139.941771, 40.453475], [139.941782, 40.45353]]], [[[139.941703, 40.453686], [139.941775, 40.4537], [139.941744, 40.453746], [139.941702, 40.453698], [139.941703, 40.453686]]], [[[139.941879, 40.45383], [139.941896, 40.453769], [139.941966, 40.453796], [139.941935, 40.45383], [139.941879, 40.45383]]], [[[139.94151, 40.45388], [139.941584, 40.453872], [139.941614, 40.453946], [139.941509, 40.453919], [139.94151, 40.45388]]], [[[139.941796, 40.454296], [139.941716, 40.454045], [139.942018, 40.454211], [139.941996, 40.454379], [139.941796, 40.454296]]], [[[139.941197, 40.454357], [139.941255, 40.454368], [139.941285, 40.454385], [139.941152, 40.454374], [139.941197, 40.454357]]], [[[139.941477, 40.454543], [139.941447, 40.454509], [139.941454, 40.454453], [139.941521, 40.454458], [139.941477, 40.454543]]], [[[139.941685, 40.454606], [139.941727, 40.454556], [139.941806, 40.454551], [139.94173, 40.454646], [139.941685, 40.454606]]], [[[139.941324, 40.454727], [139.941377, 40.454763], [139.941307, 40.454783], [139.941288, 40.454747], [139.941324, 40.454727]]], [[[139.941547, 40.454804], [139.941855, 40.454987], [139.941667, 40.455017], [139.941517, 40.454954], [139.941547, 40.454804]]], [[[139.941958, 40.455248], [139.941782, 40.455266], [139.941728, 40.455231], [139.941896, 40.455176], [139.941958, 40.455248]]], [[[139.94166, 40.455339], [139.941744, 40.455406], [139.941723, 40.455449], [139.941613, 40.455439], [139.94166, 40.455339]]], [[[139.941544, 40.455586], [139.941644, 40.455581], [139.941739, 40.455599], [139.941583, 40.455643], [139.941544, 40.455586]]], [[[139.941538, 40.455839], [139.941663, 40.455814], [139.941715, 40.455851], [139.94164, 40.45589], [139.941538, 40.455839]]], [[[139.94184, 40.456459], [139.94178, 40.456483], [139.941743, 40.456431], [139.941842, 40.456425], [139.94184, 40.456459]]], [[[139.941641, 40.456634], [139.941619, 40.456588], [139.941673, 40.456558], [139.94167, 40.456613], [139.941641, 40.456634]]], [[[139.941149, 40.456822], [139.941263, 40.456745], [139.941221, 40.456793], [139.941162, 40.456829], [139.941149, 40.456822]]], [[[139.941386, 40.456938], [139.941304, 40.456953], [139.941339, 40.456883], [139.941402, 40.456878], [139.941386, 40.456938]]], [[[139.941915, 40.457012], [139.941912, 40.456959], [139.942073, 40.456954], [139.942035, 40.457039], [139.941915, 40.457012]]], [[[139.941333, 40.457119], [139.94148, 40.45704], [139.941464, 40.457103], [139.941397, 40.457152], [139.941333, 40.457119]]], [[[139.94113, 40.457342], [139.940994, 40.457241], [139.94121, 40.457236], [139.94127, 40.457288], [139.94113, 40.457342]]], [[[139.941887, 40.457501], [139.941939, 40.457427], [139.941968, 40.457449], [139.941937, 40.457511], [139.941887, 40.457501]]], [[[139.941686, 40.457636], [139.941784, 40.45766], [139.941765, 40.457726], [139.941703, 40.457699], [139.941686, 40.457636]]], [[[139.941544, 40.457797], [139.94155, 40.457751], [139.941585, 40.457742], [139.941619, 40.457814], [139.941544, 40.457797]]], [[[139.941421, 40.457848], [139.941395, 40.457912], [139.941312, 40.45789], [139.941294, 40.457818], [139.941421, 40.457848]]], [[[139.941783, 40.458162], [139.9418, 40.458121], [139.94192, 40.458122], [139.941864, 40.458205], [139.941783, 40.458162]]], [[[139.942113, 40.458207], [139.942143, 40.458174], [139.942235, 40.458201], [139.942224, 40.45824], [139.942113, 40.458207]]], [[[139.942267, 40.458521], [139.942299, 40.458399], [139.942379, 40.458431], [139.942334, 40.458503], [139.942267, 40.458521]]], [[[139.943036, 40.460436], [139.943098, 40.460376], [139.943193, 40.460446], [139.943123, 40.460466], [139.943036, 40.460436]]], [[[139.942901, 40.46049], [139.942837, 40.460474], [139.942834, 40.460402], [139.942907, 40.460402], [139.942901, 40.46049]]], [[[139.943015, 40.460532], [139.943183, 40.460589], [139.9431, 40.460658], [139.943005, 40.460596], [139.943015, 40.460532]]], [[[139.942893, 40.460656], [139.942726, 40.460655], [139.942711, 40.460578], [139.942814, 40.460559], [139.942893, 40.460656]]], [[[139.943259, 40.460795], [139.943147, 40.460817], [139.943159, 40.460708], [139.943265, 40.460769], [139.943259, 40.460795]]], [[[139.942615, 40.461227], [139.942723, 40.461246], [139.942719, 40.461306], [139.942635, 40.461263], [139.942615, 40.461227]]], [[[139.94351, 40.461421], [139.943338, 40.461454], [139.943319, 40.461341], [139.943468, 40.46135], [139.94351, 40.461421]]], [[[139.943064, 40.46138], [139.943045, 40.461441], [139.942985, 40.461439], [139.94297, 40.461355], [139.943064, 40.46138]]], [[[139.943198, 40.461662], [139.943146, 40.461653], [139.943112, 40.461609], [139.943075, 40.461539], [139.943198, 40.461662]]], [[[139.943429, 40.461779], [139.943362, 40.461761], [139.943371, 40.46168], [139.943477, 40.461699], [139.943429, 40.461779]]], [[[139.943657, 40.462032], [139.943665, 40.462141], [139.943577, 40.462119], [139.943555, 40.462044], [139.943657, 40.462032]]], [[[139.943384, 40.462199], [139.943504, 40.462194], [139.943477, 40.462297], [139.943398, 40.462233], [139.943384, 40.462199]]], [[[139.944011, 40.463069], [139.944046, 40.463004], [139.944102, 40.462995], [139.944066, 40.463093], [139.944011, 40.463069]]], [[[139.944166, 40.463185], [139.944225, 40.463162], [139.944294, 40.463198], [139.944298, 40.463214], [139.944166, 40.463185]]], [[[139.943808, 40.466366], [139.943912, 40.466343], [139.943916, 40.466375], [139.943879, 40.466396], [139.943808, 40.466366]]], [[[139.942588, 40.466772], [139.942192, 40.466799], [139.941863, 40.466667], [139.94228, 40.466539], [139.942588, 40.466772]]], [[[139.94153, 40.466786], [139.941335, 40.46677], [139.941342, 40.466639], [139.941689, 40.466611], [139.94153, 40.466786]]], [[[139.942802, 40.467009], [139.94274, 40.466904], [139.942786, 40.466802], [139.942812, 40.466888], [139.942802, 40.467009]]], [[[139.943001, 40.466982], [139.942943, 40.466986], [139.942924, 40.466952], [139.942952, 40.466931], [139.943001, 40.466982]]], [[[139.942435, 40.467117], [139.942172, 40.4671], [139.94244, 40.466891], [139.942519, 40.466948], [139.942435, 40.467117]]], [[[139.941953, 40.466959], [139.941817, 40.46724], [139.941606, 40.467159], [139.94149, 40.466908], [139.941953, 40.466959]]], [[[139.943066, 40.467221], [139.943078, 40.467184], [139.943154, 40.467207], [139.943133, 40.467237], [139.943066, 40.467221]]], [[[139.943392, 40.467273], [139.943364, 40.467281], [139.943336, 40.467278], [139.943315, 40.467211], [139.943392, 40.467273]]], [[[139.943111, 40.467539], [139.94306, 40.467534], [139.943046, 40.467446], [139.943123, 40.467441], [139.943111, 40.467539]]], [[[139.9434, 40.467599], [139.943421, 40.467663], [139.943352, 40.467702], [139.943356, 40.467583], [139.9434, 40.467599]]], [[[139.94279, 40.467885], [139.942671, 40.467782], [139.942702, 40.467652], [139.942837, 40.467855], [139.94279, 40.467885]]], [[[139.943632, 40.468242], [139.943479, 40.468272], [139.943453, 40.468219], [139.943611, 40.468231], [139.943632, 40.468242]]], [[[139.943298, 40.468249], [139.943528, 40.468464], [139.943219, 40.468528], [139.943268, 40.468259], [139.943298, 40.468249]]], [[[139.943953, 40.468648], [139.943985, 40.468533], [139.94406, 40.468597], [139.944032, 40.46863], [139.943953, 40.468648]]], [[[139.943586, 40.468725], [139.943519, 40.468762], [139.943494, 40.468704], [139.943563, 40.46865], [139.943586, 40.468725]]], [[[139.94471, 40.469035], [139.944645, 40.469014], [139.944661, 40.468973], [139.944731, 40.468973], [139.94471, 40.469035]]], [[[139.944927, 40.469404], [139.944837, 40.469383], [139.944839, 40.469293], [139.944932, 40.469334], [139.944927, 40.469404]]], [[[139.945288, 40.469567], [139.945156, 40.469288], [139.945364, 40.469288], [139.945422, 40.469516], [139.945288, 40.469567]]], [[[139.94521, 40.469821], [139.945171, 40.469888], [139.945123, 40.469805], [139.945206, 40.469771], [139.94521, 40.469821]]], [[[139.945277, 40.470346], [139.945244, 40.470355], [139.945172, 40.470295], [139.945256, 40.470232], [139.945277, 40.470346]]], [[[139.945371, 40.470297], [139.945515, 40.47029], [139.945462, 40.470313], [139.945392, 40.470311], [139.945371, 40.470297]]], [[[139.945224, 40.470798], [139.945315, 40.470819], [139.945319, 40.470865], [139.945217, 40.470851], [139.945224, 40.470798]]], [[[139.945317, 40.470991], [139.94522, 40.471051], [139.945167, 40.470966], [139.945301, 40.470961], [139.945317, 40.470991]]], [[[139.945288, 40.473135], [139.945324, 40.473149], [139.945312, 40.473224], [139.945243, 40.473265], [139.945288, 40.473135]]], [[[139.945278, 40.473655], [139.945479, 40.473754], [139.945515, 40.47384], [139.945243, 40.473674], [139.945278, 40.473655]]], [[[139.945229, 40.47388], [139.945162, 40.473904], [139.945138, 40.473824], [139.945203, 40.473823], [139.945229, 40.47388]]], [[[139.945398, 40.473885], [139.945393, 40.473964], [139.945327, 40.473958], [139.945343, 40.473906], [139.945398, 40.473885]]], [[[139.945282, 40.483218], [139.945396, 40.483105], [139.945497, 40.483187], [139.945461, 40.483287], [139.945282, 40.483218]]], [[[139.942522, 40.542781], [139.942426, 40.542742], [139.942493, 40.542714], [139.942522, 40.542742], [139.942522, 40.542781]]], [[[139.942522, 40.542855], [139.942648, 40.542843], [139.942618, 40.542927], [139.942537, 40.542899], [139.942522, 40.542855]]], [[[139.942707, 40.542989], [139.942766, 40.543034], [139.942699, 40.543091], [139.94267, 40.543046], [139.942707, 40.542989]]], [[[139.942648, 40.543125], [139.942729, 40.543158], [139.942707, 40.543192], [139.942625, 40.543192], [139.942648, 40.543125]]], [[[139.942699, 40.543282], [139.942648, 40.543305], [139.942596, 40.543265], [139.942655, 40.543215], [139.942699, 40.543282]]], [[[139.945453, 40.469685], [139.945583, 40.469655], [139.945611, 40.469734], [139.945509, 40.469745], [139.945453, 40.469685]]], [[[139.946289, 40.475032], [139.946297, 40.475083], [139.946214, 40.475081], [139.946183, 40.475039], [139.946289, 40.475032]]], [[[139.946193, 40.475859], [139.945989, 40.475984], [139.945614, 40.475988], [139.945534, 40.47574], [139.946193, 40.475859]]], [[[139.946165, 40.478269], [139.946086, 40.478306], [139.946051, 40.478217], [139.946114, 40.478203], [139.946165, 40.478269]]], [[[139.946095, 40.478823], [139.94603, 40.478801], [139.94602, 40.478678], [139.946151, 40.478743], [139.946095, 40.478823]]], [[[139.946312, 40.479739], [139.946182, 40.479784], [139.946147, 40.479732], [139.946226, 40.479644], [139.946312, 40.479739]]], [[[139.946318, 40.481549], [139.946306, 40.481637], [139.946185, 40.481603], [139.946216, 40.481508], [139.946318, 40.481549]]], [[[139.946078, 40.482039], [139.946065, 40.481967], [139.946126, 40.481982], [139.946126, 40.482032], [139.946078, 40.482039]]], [[[139.946334, 40.482151], [139.946326, 40.482199], [139.946233, 40.482201], [139.946261, 40.482123], [139.946334, 40.482151]]], [[[139.94599, 40.48223], [139.946046, 40.482276], [139.94599, 40.482331], [139.945941, 40.482251], [139.94599, 40.48223]]], [[[139.946322, 40.482349], [139.946404, 40.482361], [139.946404, 40.482399], [139.946322, 40.482453], [139.946322, 40.482349]]], [[[139.945918, 40.482594], [139.945894, 40.482648], [139.945819, 40.48263], [139.945819, 40.482566], [139.945918, 40.482594]]], [[[139.94618, 40.48275], [139.946161, 40.482797], [139.946074, 40.482815], [139.946104, 40.482728], [139.94618, 40.48275]]], [[[139.946064, 40.483936], [139.946006, 40.483895], [139.946072, 40.483832], [139.946118, 40.483892], [139.946064, 40.483936]]], [[[139.946133, 40.484394], [139.946036, 40.484434], [139.946053, 40.48435], [139.946118, 40.48435], [139.946133, 40.484394]]], [[[139.9461, 40.484671], [139.946037, 40.484757], [139.945982, 40.484684], [139.946091, 40.484633], [139.9461, 40.484671]]], [[[139.945924, 40.510797], [139.945873, 40.510972], [139.945652, 40.511005], [139.945806, 40.510814], [139.945924, 40.510797]]], [[[139.94605, 40.510977], [139.946042, 40.510904], [139.946131, 40.510865], [139.946161, 40.510915], [139.94605, 40.510977]]], [[[139.945961, 40.511017], [139.945984, 40.511078], [139.946028, 40.511107], [139.945888, 40.511157], [139.945961, 40.511017]]], [[[139.945524, 40.511439], [139.945553, 40.511456], [139.945553, 40.511535], [139.945435, 40.511518], [139.945524, 40.511439]]], [[[139.946677, 40.514164], [139.946758, 40.514108], [139.946787, 40.514175], [139.946647, 40.514164], [139.946677, 40.514164]]], [[[139.945688, 40.515132], [139.946197, 40.514749], [139.946419, 40.514918], [139.94619, 40.515217], [139.945688, 40.515132]]], [[[139.945511, 40.515081], [139.945445, 40.515065], [139.945401, 40.515036], [139.945474, 40.51498], [139.945511, 40.515081]]], [[[139.946097, 40.669323], [139.945655, 40.669466], [139.945725, 40.669231], [139.945893, 40.66915], [139.946097, 40.669323]]], [[[139.965504, 40.698987], [139.965541, 40.698855], [139.966041, 40.69872], [139.965981, 40.699032], [139.965504, 40.698987]]], [[[139.964961, 40.699184], [139.965234, 40.699176], [139.965164, 40.699471], [139.964669, 40.699412], [139.964961, 40.699184]]], [[[139.966227, 40.699801], [139.966187, 40.699825], [139.965789, 40.699736], [139.966037, 40.699655], [139.966227, 40.699801]]], [[[139.966041, 40.700088], [139.965567, 40.700263], [139.965449, 40.699795], [139.965963, 40.699902], [139.966041, 40.700088]]], [[[139.968181, 40.702326], [139.968127, 40.702273], [139.968203, 40.702225], [139.968258, 40.702289], [139.968181, 40.702326]]], [[[139.967615, 40.70274], [139.967467, 40.70281], [139.967305, 40.702717], [139.96749, 40.702517], [139.967615, 40.70274]]], [[[139.967737, 40.703131], [139.967616, 40.703189], [139.967527, 40.703052], [139.967671, 40.702973], [139.967737, 40.703131]]], [[[139.968556, 40.703468], [139.968458, 40.703506], [139.968425, 40.703382], [139.968488, 40.703353], [139.968556, 40.703468]]], [[[139.9678, 40.703449], [139.967822, 40.703621], [139.967689, 40.703613], [139.967726, 40.703455], [139.9678, 40.703449]]], [[[139.968147, 40.70342], [139.968288, 40.703644], [139.968236, 40.703745], [139.967963, 40.70366], [139.968147, 40.70342]]], [[[139.98268, 40.719119], [139.982569, 40.719104], [139.982561, 40.719006], [139.982705, 40.719054], [139.98268, 40.719119]]], [[[139.983327, 40.719605], [139.983423, 40.720345], [139.983097, 40.720214], [139.983065, 40.720078], [139.983327, 40.719605]]], [[[139.982765, 40.719949], [139.982783, 40.720092], [139.982598, 40.720174], [139.982594, 40.720028], [139.982765, 40.719949]]], [[[139.982055, 40.720295], [139.982288, 40.719892], [139.982535, 40.719898], [139.982269, 40.720388], [139.982055, 40.720295]]], [[[139.982927, 40.720343], [139.982731, 40.720466], [139.982727, 40.720323], [139.98285, 40.720292], [139.982927, 40.720343]]], [[[139.98204, 40.720751], [139.982158, 40.720652], [139.982217, 40.720697], [139.982129, 40.720775], [139.98204, 40.720751]]], [[[139.98228, 40.720894], [139.98219, 40.72092], [139.982172, 40.720864], [139.982288, 40.720844], [139.98228, 40.720894]]], [[[139.982211, 40.721372], [139.982058, 40.72121], [139.98208, 40.721148], [139.98231, 40.721176], [139.982211, 40.721372]]], [[[139.982542, 40.721508], [139.982472, 40.721559], [139.982408, 40.721526], [139.982465, 40.721429], [139.982542, 40.721508]]], [[[139.983045, 40.721615], [139.982978, 40.72161], [139.98299, 40.721536], [139.983104, 40.721545], [139.983045, 40.721615]]], [[[139.981714, 40.721359], [139.981789, 40.721584], [139.981511, 40.721807], [139.9813, 40.721694], [139.981714, 40.721359]]], [[[139.982529, 40.721851], [139.982535, 40.721779], [139.982716, 40.721694], [139.982772, 40.721807], [139.982529, 40.721851]]], [[[139.98164, 40.722029], [139.981766, 40.721742], [139.98208, 40.721643], [139.982187, 40.721812], [139.98164, 40.722029]]], [[[139.982757, 40.722144], [139.982801, 40.721975], [139.98299, 40.721869], [139.983034, 40.722004], [139.982757, 40.722144]]], [[[139.985094, 40.723537], [139.985046, 40.72362], [139.984949, 40.723591], [139.98496, 40.723538], [139.985094, 40.723537]]], [[[139.985789, 40.723684], [139.985707, 40.723812], [139.985638, 40.723756], [139.985681, 40.723698], [139.985789, 40.723684]]], [[[139.984817, 40.724476], [139.985138, 40.724174], [139.985452, 40.72427], [139.985204, 40.724596], [139.984817, 40.724476]]], [[[139.989988, 40.727476], [139.98989, 40.72753], [139.989855, 40.727456], [139.989955, 40.727409], [139.989988, 40.727476]]], [[[139.992309, 40.731274], [139.992453, 40.731348], [139.992421, 40.731394], [139.992317, 40.731386], [139.992309, 40.731274]]], [[[139.992405, 40.731522], [139.992358, 40.731607], [139.992265, 40.731558], [139.992332, 40.731451], [139.992405, 40.731522]]], [[[139.992675, 40.735127], [139.992635, 40.733333], [139.993539, 40.733964], [139.993832, 40.735423], [139.992675, 40.735127]]], [[[139.993097, 40.73553], [139.99313, 40.735479], [139.993275, 40.735487], [139.993264, 40.735526], [139.993097, 40.73553]]], [[[139.993558, 40.736075], [139.993463, 40.735986], [139.993522, 40.735716], [139.993692, 40.735761], [139.993558, 40.736075]]], [[[139.992642, 40.736211], [139.992938, 40.735938], [139.99316, 40.736397], [139.992789, 40.736615], [139.992642, 40.736211]]], [[[139.983821, 40.736222], [139.984028, 40.736199], [139.984353, 40.736653], [139.984117, 40.737283], [139.983821, 40.736222]]], [[[139.989022, 40.73761], [139.98917, 40.737621], [139.989107, 40.7377], [139.989011, 40.737658], [139.989022, 40.73761]]], [[[139.990035, 40.737841], [139.989884, 40.737681], [139.990147, 40.737559], [139.99032, 40.737686], [139.990035, 40.737841]]], [[[139.99493, 40.744409], [139.996349, 40.74277], [139.997082, 40.743887], [139.995965, 40.744575], [139.99493, 40.744409]]], [[[139.999574, 40.745784], [139.998901, 40.74616], [139.998351, 40.746333], [139.997329, 40.746576], [139.999574, 40.745784]]], [[[140.01919, 40.75267], [140.019376, 40.752757], [140.019167, 40.752982], [140.019029, 40.752744], [140.01919, 40.75267]]], [[[140.026862, 40.75427], [140.027284, 40.754664], [140.027217, 40.755013], [140.026714, 40.755047], [140.026862, 40.75427]]], [[[140.027602, 40.756364], [140.027202, 40.755345], [140.027861, 40.755497], [140.028454, 40.756156], [140.027602, 40.756364]]], [[[140.027861, 40.756584], [140.028046, 40.756432], [140.028528, 40.75637], [140.028498, 40.756635], [140.027861, 40.756584]]], [[[140.029889, 40.760193], [140.029801, 40.758509], [140.030786, 40.757738], [140.030837, 40.759821], [140.029889, 40.760193]]], [[[140.031573, 40.76042], [140.031658, 40.760394], [140.031691, 40.760479], [140.03156, 40.760449], [140.031573, 40.76042]]], [[[140.031872, 40.760776], [140.031803, 40.760773], [140.031804, 40.760713], [140.03186, 40.760713], [140.031872, 40.760776]]], [[[140.033421, 40.760486], [140.03331, 40.761555], [140.032917, 40.761049], [140.033058, 40.760604], [140.033421, 40.760486]]], [[[140.031902, 40.761052], [140.031938, 40.761068], [140.031978, 40.761125], [140.031975, 40.761197], [140.031902, 40.761052]]], [[[140.033269, 40.761842], [140.033269, 40.761865], [140.033231, 40.761874], [140.033214, 40.761841], [140.033269, 40.761842]]], [[[140.033134, 40.761972], [140.033225, 40.761922], [140.033251, 40.761978], [140.0332, 40.762044], [140.033134, 40.761972]]], [[[140.035656, 40.763385], [140.035353, 40.763109], [140.035819, 40.762873], [140.035997, 40.763194], [140.035656, 40.763385]]], [[[140.035123, 40.763802], [140.035301, 40.763492], [140.035634, 40.763655], [140.035383, 40.763965], [140.035123, 40.763802]]], [[[140.035701, 40.763847], [140.035826, 40.76392], [140.035753, 40.764185], [140.035397, 40.764444], [140.035701, 40.763847]]], [[[140.035804, 40.764449], [140.036167, 40.763875], [140.036656, 40.764241], [140.036345, 40.764269], [140.035804, 40.764449]]], [[[140.101276, 40.752197], [140.101293, 40.752322], [140.096506, 40.752696], [140.096489, 40.752571], [140.101276, 40.752197]]], [[[140.08899, 40.757317], [140.088936, 40.757251], [140.089019, 40.757158], [140.089037, 40.757279], [140.08899, 40.757317]]], [[[140.088762, 40.75782], [140.088759, 40.757666], [140.088825, 40.757741], [140.088842, 40.757817], [140.088762, 40.75782]]], [[[140.088061, 40.757744], [140.088095, 40.757736], [140.088076, 40.757779], [140.088048, 40.757776], [140.088061, 40.757744]]], [[[140.088022, 40.757849], [140.088103, 40.757809], [140.088107, 40.757847], [140.088072, 40.757903], [140.088022, 40.757849]]], [[[140.086427, 40.758088], [140.086417, 40.758031], [140.086448, 40.758013], [140.086458, 40.75806], [140.086427, 40.758088]]], [[[140.085933, 40.758545], [140.085951, 40.758522], [140.085988, 40.758522], [140.085961, 40.758576], [140.085933, 40.758545]]], [[[140.085199, 40.758835], [140.085154, 40.75885], [140.08506, 40.75881], [140.08512, 40.758796], [140.085199, 40.758835]]], [[[140.08493, 40.758838], [140.084851, 40.758845], [140.084836, 40.758835], [140.084892, 40.758817], [140.08493, 40.758838]]], [[[140.084991, 40.758881], [140.08496, 40.75886], [140.084971, 40.75884], [140.085004, 40.758851], [140.084991, 40.758881]]], [[[140.085013, 40.758937], [140.085043, 40.758898], [140.085112, 40.758919], [140.085106, 40.758979], [140.085013, 40.758937]]], [[[140.085126, 40.75931], [140.085123, 40.759322], [140.085093, 40.759331], [140.085091, 40.759299], [140.085126, 40.75931]]], [[[140.084306, 40.75942], [140.084237, 40.759274], [140.084298, 40.759303], [140.084349, 40.759349], [140.084306, 40.75942]]], [[[140.083977, 40.75949], [140.083957, 40.759471], [140.084009, 40.759435], [140.084019, 40.75949], [140.083977, 40.75949]]], [[[140.081193, 40.76026], [140.081153, 40.760187], [140.081226, 40.760088], [140.081284, 40.7601], [140.081193, 40.76026]]], [[[140.073603, 40.762497], [140.073573, 40.762521], [140.073539, 40.762506], [140.073577, 40.762477], [140.073603, 40.762497]]], [[[140.073281, 40.762629], [140.07297, 40.762817], [140.073032, 40.76275], [140.073214, 40.762622], [140.073281, 40.762629]]], [[[140.070401, 40.764612], [140.070365, 40.764606], [140.070336, 40.764605], [140.070364, 40.76456], [140.070401, 40.764612]]], [[[140.070293, 40.764766], [140.070256, 40.764789], [140.070134, 40.764739], [140.070173, 40.764681], [140.070293, 40.764766]]], [[[140.045436, 40.765598], [140.045621, 40.765536], [140.045665, 40.765627], [140.045495, 40.765677], [140.045436, 40.765598]]], [[[140.046139, 40.765627], [140.046058, 40.765728], [140.045961, 40.765672], [140.045976, 40.765548], [140.046139, 40.765627]]], [[[140.04528, 40.765598], [140.04471, 40.765863], [140.044895, 40.765564], [140.045214, 40.765514], [140.04528, 40.765598]]], [[[140.068504, 40.765751], [140.068363, 40.765943], [140.0682, 40.765937], [140.068112, 40.765762], [140.068504, 40.765751]]], [[[140.067754, 40.765961], [140.067766, 40.765897], [140.067838, 40.765848], [140.067888, 40.765857], [140.067754, 40.765961]]], [[[140.068567, 40.765917], [140.068571, 40.765968], [140.068535, 40.765987], [140.068524, 40.765936], [140.068567, 40.765917]]], [[[140.067996, 40.765929], [140.067849, 40.766053], [140.067864, 40.766012], [140.067971, 40.765927], [140.067996, 40.765929]]], [[[140.06763, 40.766416], [140.067853, 40.766213], [140.067993, 40.766157], [140.068252, 40.76619], [140.06763, 40.766416]]], [[[140.066918, 40.766433], [140.066818, 40.766458], [140.066846, 40.766371], [140.066878, 40.766342], [140.066918, 40.766433]]], [[[140.06648, 40.766795], [140.066317, 40.766871], [140.066247, 40.766742], [140.066343, 40.766718], [140.06648, 40.766795]]], [[[140.065567, 40.766832], [140.065605, 40.766803], [140.065512, 40.766897], [140.065404, 40.766882], [140.065493, 40.766846], [140.065567, 40.766832]]], [[[140.065934, 40.766828], [140.065849, 40.766895], [140.065767, 40.766853], [140.065872, 40.766825], [140.065934, 40.766828]]], [[[140.065057, 40.766856], [140.065045, 40.766872], [140.064956, 40.766879], [140.064962, 40.766854], [140.065057, 40.766856]]], [[[140.064886, 40.76689], [140.064836, 40.7669], [140.064847, 40.76687], [140.064897, 40.766868], [140.064886, 40.76689]]], [[[140.065728, 40.766883], [140.065686, 40.766924], [140.065642, 40.766933], [140.065641, 40.76691], [140.065728, 40.766883]]], [[[140.065387, 40.766917], [140.065349, 40.766944], [140.065299, 40.766938], [140.065259, 40.766934], [140.065387, 40.766917]]], [[[140.065438, 40.76701], [140.065422, 40.766999], [140.065442, 40.766977], [140.065504, 40.766972], [140.065438, 40.76701]]], [[[140.064843, 40.767027], [140.064746, 40.767088], [140.064704, 40.76708], [140.064737, 40.767037], [140.064843, 40.767027]]], [[[140.065733, 40.767134], [140.065714, 40.767169], [140.065679, 40.767152], [140.065693, 40.76713], [140.065733, 40.767134]]], [[[140.064676, 40.767173], [140.064939, 40.767043], [140.065111, 40.767039], [140.064644, 40.767283], [140.064676, 40.767173]]], [[[140.065437, 40.767154], [140.065327, 40.767284], [140.064914, 40.767393], [140.064908, 40.767331], [140.065437, 40.767154]]], [[[140.064767, 40.767354], [140.064464, 40.767542], [140.064581, 40.767397], [140.064723, 40.767346], [140.064767, 40.767354]]], [[[140.044969, 40.767428], [140.044851, 40.767552], [140.04474, 40.767411], [140.044836, 40.767355], [140.044969, 40.767428]]], [[[140.063173, 40.767665], [140.063055, 40.767744], [140.063011, 40.76766], [140.063129, 40.767637], [140.063173, 40.767665]]], [[[140.064569, 40.767918], [140.064554, 40.767865], [140.06466, 40.767813], [140.064787, 40.767817], [140.064569, 40.767918]]], [[[140.061389, 40.76838], [140.061397, 40.768076], [140.061619, 40.767975], [140.061678, 40.768211], [140.061389, 40.76838]]], [[[140.06511, 40.768555], [140.06505, 40.768623], [140.065015, 40.768562], [140.065046, 40.768546], [140.06511, 40.768555]]], [[[140.061264, 40.76865], [140.061426, 40.7686], [140.061493, 40.768712], [140.061397, 40.768774], [140.061264, 40.76865]]], [[[140.060191, 40.768984], [140.060159, 40.768946], [140.060203, 40.768925], [140.060245, 40.768949], [140.060191, 40.768984]]], [[[140.060049, 40.768949], [140.060005, 40.769107], [140.059731, 40.769112], [140.059694, 40.768892], [140.060049, 40.768949]]], [[[140.058465, 40.768994], [140.058418, 40.769037], [140.058363, 40.769034], [140.058402, 40.768996], [140.058465, 40.768994]]], [[[140.05802, 40.76909], [140.058001, 40.769039], [140.058099, 40.76898], [140.058267, 40.76903], [140.05802, 40.76909]]], [[[140.059563, 40.769033], [140.059535, 40.769054], [140.059503, 40.769045], [140.05953, 40.769017], [140.059563, 40.769033]]], [[[140.045079, 40.769112], [140.045024, 40.769147], [140.045011, 40.76911], [140.045045, 40.769092], [140.045079, 40.769112]]], [[[140.057147, 40.769455], [140.056621, 40.769343], [140.05751, 40.76892], [140.057912, 40.769061], [140.057147, 40.769455]]], [[[140.051269, 40.769196], [140.051454, 40.769241], [140.051402, 40.769365], [140.051284, 40.769348], [140.051269, 40.769196]]], [[[140.056722, 40.769572], [140.056837, 40.76961], [140.056759, 40.769687], [140.056703, 40.769653], [140.056722, 40.769572]]], [[[140.055985, 40.769506], [140.056392, 40.769472], [140.056318, 40.769833], [140.055808, 40.769838], [140.055985, 40.769506]]], [[[140.055822, 40.769551], [140.055608, 40.769759], [140.055519, 40.769782], [140.0554, 40.769731], [140.055822, 40.769551]]], [[[140.045147, 40.771398], [140.045088, 40.771452], [140.045061, 40.771408], [140.045099, 40.771384], [140.045147, 40.771398]]]]}, "properties": {"N03_001": "青森県", "N03_002": null, "N03_003": "西津軽郡", "N03_004": "深浦町", "N03_005": null, "N03_007": "02323"}}, {"type": "Feature", "geometry": {"type": "Polygon", "coordinates": [[[140.163175, 40.556982], [140.163244, 40.555822], [140.16358, 40.550157], [140.160873, 40.546709], [140.158834, 40.544113], [140.158231, 40.543344], [140.141285, 40.54178], [140.139168, 40.540774], [140.133711, 40.526309], [140.136479, 40.518919], [140.129835, 40.513785], [140.119539, 40.511407], [140.120859, 40.503774], [140.132846, 40.493948], [140.131525, 40.485569], [140.149561, 40.474274], [140.153131, 40.462489], [140.149982, 40.451659], [140.151371, 40.442844], [140.151483, 40.442134], [140.147495, 40.439077], [140.151939, 40.43498], [140.185467, 40.443306], [140.194052, 40.43478], [140.209203, 40.438639], [140.220822, 40.431189], [140.245381, 40.438097], [140.250054, 40.442994], [140.266867, 40.440743], [140.278857, 40.445994], [140.291041, 40.446583], [140.306443, 40.442531], [140.310727, 40.436287], [140.317612, 40.439683], [140.335216, 40.439383], [140.340667, 40.443229], [140.343091, 40.461038], [140.347927, 40.462494], [140.348111, 40.466969], [140.343826, 40.472998], [140.337589, 40.474642], [140.334336, 40.481096], [140.327337, 40.481432], [140.329783, 40.492528], [140.320286, 40.499464], [140.320161, 40.499983], [140.32015, 40.50003], [140.319156, 40.504144], [140.32109, 40.507758], [140.321647, 40.512327], [140.321432, 40.512655], [140.305811, 40.521405], [140.302033, 40.527573], [140.302076, 40.529184], [140.302537, 40.546652], [140.310053, 40.552308], [140.310825, 40.564391], [140.303864, 40.574027], [140.308818, 40.578835], [140.29866, 40.584978], [140.307389, 40.585092], [140.311148, 40.590171], [140.307874, 40.59393], [140.299459, 40.594851], [140.294988, 40.603166], [140.298292, 40.603405], [140.297008, 40.60715], [140.289515, 40.606442], [140.284403, 40.611825], [140.268904, 40.616011], [140.252715, 40.610729], [140.24766, 40.602796], [140.237288, 40.604293], [140.236599, 40.597572], [140.231066, 40.590677], [140.221902, 40.589277], [140.210072, 40.580893], [140.211136, 40.57173], [140.207988, 40.567003], [140.202064, 40.566116], [140.197579, 40.556546], [140.197505, 40.556388], [140.189962, 40.555787], [140.180535, 40.560281], [140.180533, 40.560295], [140.180501, 40.56031], [140.178785, 40.565282], [140.176768, 40.566464], [140.173621, 40.565876], [140.16363, 40.557307], [140.163214, 40.556951], [140.163175, 40.556982]]]}, "properties": {"N03_001": "青森県", "N03_002": null, "N03_003": "中津軽郡", "N03_004": "西目屋村", "N03_005": null, "N03_007": "02343"}}, {"type": "Feature", "geometry": {"type": "Polygon", "coordinates": [[[140.521291, 40.72179], [140.521247, 40.721601], [140.528192, 40.701224], [140.528603, 40.700274], [140.528533, 40.700224], [140.520407, 40.694346], [140.527657, 40.689315], [140.53624, 40.6882], [140.534762, 40.688335], [140.527722, 40.68898], [140.518437, 40.691681], [140.518324, 40.69605], [140.514276, 40.699467], [140.510015, 40.698669], [140.510926, 40.701632], [140.502664, 40.709459], [140.500717, 40.702594], [140.494786, 40.701462], [140.491522, 40.69612], [140.492068, 40.684578], [140.488174, 40.680819], [140.482357, 40.683706], [140.474649, 40.680004], [140.478702, 40.675148], [140.478637, 40.668814], [140.471648, 40.666712], [140.471497, 40.666667], [140.466483, 40.671302], [140.465427, 40.670688], [140.46547, 40.67051], [140.460764, 40.661591], [140.465211, 40.661275], [140.46724, 40.655347], [140.477888, 40.645645], [140.482903, 40.651533], [140.482954, 40.651538], [140.482969, 40.651556], [140.483047, 40.651549], [140.494142, 40.650466], [140.496198, 40.643854], [140.502091, 40.641261], [140.51592, 40.645202], [140.522981, 40.65707], [140.522455, 40.661462], [140.530543, 40.659251], [140.530924, 40.66294], [140.545369, 40.658889], [140.54973, 40.662416], [140.557822, 40.65951], [140.567474, 40.674428], [140.571595, 40.672526], [140.576711, 40.678103], [140.578245, 40.687317], [140.559181, 40.688064], [140.554611, 40.684214], [140.556221, 40.678607], [140.550329, 40.669713], [140.540076, 40.687263], [140.541528, 40.687588], [140.545348, 40.686727], [140.546063, 40.69411], [140.548752, 40.695481], [140.547064, 40.700284], [140.536916, 40.705992], [140.521291, 40.72179]]]}, "properties": {"N03_001": "青森県", "N03_002": null, "N03_003": "南津軽郡", "N03_004": "藤崎町", "N03_005": null, "N03_007": "02361"}}, {"type": "Feature", "geometry": {"type": "Polygon", "coordinates": [[[140.450031, 40.479396], [140.436676, 40.477663], [140.433169, 40.469877], [140.437214, 40.464919], [140.439955, 40.450082], [140.459411, 40.456447], [140.477892, 40.453], [140.484312, 40.446512], [140.481212, 40.44183], [140.498134, 40.436398], [140.508363, 40.428548], [140.52979, 40.430439], [140.529823, 40.420286], [140.524269, 40.419666], [140.524107, 40.416524], [140.523809, 40.410213], [140.532346, 40.411234], [140.540519, 40.402702], [140.547703, 40.40401], [140.558786, 40.397076], [140.56707, 40.398641], [140.569369, 40.400736], [140.56597, 40.406475], [140.553367, 40.420564], [140.562083, 40.427046], [140.573842, 40.426097], [140.576777, 40.429339], [140.587515, 40.429433], [140.589767, 40.436236], [140.590057, 40.436397], [140.599247, 40.44441], [140.600348, 40.4468], [140.60013, 40.458926], [140.598786, 40.473724], [140.598408, 40.476022], [140.593138, 40.479474], [140.583464, 40.48541], [140.58373, 40.485636], [140.593373, 40.493838], [140.599392, 40.493086], [140.605622, 40.48967], [140.607063, 40.479864], [140.611917, 40.479079], [140.62125, 40.49798], [140.630653, 40.494269], [140.649899, 40.494272], [140.677775, 40.509467], [140.677206, 40.521791], [140.664896, 40.530054], [140.648471, 40.531674], [140.644817, 40.534258], [140.645149, 40.541054], [140.633517, 40.535136], [140.627528, 40.540518], [140.615608, 40.535514], [140.608725, 40.536568], [140.606146, 40.536963], [140.598861, 40.541613], [140.598799, 40.542452], [140.598149, 40.542837], [140.59809, 40.542831], [140.598083, 40.54277], [140.585206, 40.541507], [140.57782, 40.537135], [140.570489, 40.543752], [140.563971, 40.542949], [140.55854, 40.549677], [140.553653, 40.549994], [140.553725, 40.537092], [140.553697, 40.537082], [140.550958, 40.536149], [140.544296, 40.547266], [140.532506, 40.527294], [140.520077, 40.522869], [140.510207, 40.524233], [140.485502, 40.51929], [140.481872, 40.51461], [140.485035, 40.51189], [140.483997, 40.507759], [140.462026, 40.502694], [140.462634, 40.498323], [140.46246, 40.498125], [140.460305, 40.495656], [140.458481, 40.493568], [140.464645, 40.486883], [140.464598, 40.486792], [140.464654, 40.486731], [140.464181, 40.48599], [140.460864, 40.480801], [140.460564, 40.480332], [140.450031, 40.479396]]]}, "properties": {"N03_001": "青森県", "N03_002": null, "N03_003": "南津軽郡", "N03_004": "大鰐町", "N03_005": null, "N03_007": "02362"}}, {"type": "Feature", "geometry": {"type": "Polygon", "coordinates": [[[140.513859, 40.615281], [140.518375, 40.623877], [140.535939, 40.629919], [140.536075, 40.629966], [140.536119, 40.629948], [140.544292, 40.626685], [140.542165, 40.623953], [140.552609, 40.623587], [140.558503, 40.624023], [140.568246, 40.627961], [140.572363, 40.626404], [140.568031, 40.628569], [140.570252, 40.63001], [140.570326, 40.630058], [140.570787, 40.630053], [140.581806, 40.630933], [140.580939, 40.631063], [140.581365, 40.635316], [140.57322, 40.638123], [140.57364, 40.638961], [140.576559, 40.644776], [140.576608, 40.644874], [140.573229, 40.647155], [140.57403, 40.651372], [140.573743, 40.651546], [140.566775, 40.654252], [140.566178, 40.656109], [140.564838, 40.66028], [140.570134, 40.660234], [140.576001, 40.660183], [140.568204, 40.668831], [140.571595, 40.672526], [140.567474, 40.674428], [140.557822, 40.65951], [140.54973, 40.662416], [140.545369, 40.658889], [140.530924, 40.66294], [140.530543, 40.659251], [140.522455, 40.661462], [140.522981, 40.65707], [140.51592, 40.645202], [140.502091, 40.641261], [140.496198, 40.643854], [140.499824, 40.632195], [140.499896, 40.632162], [140.506155, 40.629259], [140.504442, 40.6245], [140.511444, 40.621019], [140.513859, 40.615281]]]}, "properties": {"N03_001": "青森県", "N03_002": null, "N03_003": "南津軽郡", "N03_004": "田舎館村", "N03_005": null, "N03_007": "02367"}}, {"type": "Feature", "geometry": {"type": "Polygon", "coordinates": [[[140.520239, 40.729689], [140.512126, 40.735427], [140.515548, 40.740349], [140.511525, 40.746005], [140.514179, 40.750139], [140.513015, 40.757805], [140.510619, 40.758169], [140.499016, 40.759338], [140.498991, 40.756948], [140.498565, 40.756864], [140.498739, 40.756313], [140.499568, 40.756367], [140.500077, 40.752071], [140.500473, 40.748731], [140.501435, 40.740627], [140.498835, 40.740172], [140.498734, 40.740154], [140.498909, 40.744082], [140.493653, 40.743885], [140.49409, 40.74792], [140.485763, 40.746958], [140.47695, 40.753858], [140.472696, 40.749995], [140.472418, 40.749423], [140.467458, 40.739229], [140.467254, 40.724689], [140.46002, 40.731292], [140.452923, 40.727758], [140.450256, 40.730701], [140.450999, 40.728535], [140.444434, 40.730007], [140.446854, 40.728163], [140.443375, 40.726112], [140.440823, 40.73478], [140.437737, 40.724223], [140.430376, 40.726261], [140.426546, 40.722009], [140.435772, 40.708072], [140.453635, 40.694641], [140.456081, 40.687571], [140.465319, 40.682912], [140.466678, 40.682226], [140.468465, 40.681325], [140.463417, 40.679089], [140.464939, 40.672729], [140.466483, 40.671302], [140.471497, 40.666667], [140.471648, 40.666712], [140.478637, 40.668814], [140.478702, 40.675148], [140.474649, 40.680004], [140.482357, 40.683706], [140.488174, 40.680819], [140.492068, 40.684578], [140.491522, 40.69612], [140.494786, 40.701462], [140.500717, 40.702594], [140.502664, 40.709459], [140.510926, 40.701632], [140.510015, 40.698669], [140.514276, 40.699467], [140.518324, 40.69605], [140.518437, 40.691681], [140.527722, 40.68898], [140.534762, 40.688335], [140.53624, 40.6882], [140.527657, 40.689315], [140.520407, 40.694346], [140.528533, 40.700224], [140.528603, 40.700274], [140.528192, 40.701224], [140.521247, 40.721601], [140.521291, 40.72179], [140.521126, 40.721957], [140.520411, 40.728184], [140.520239, 40.729689]]]}, "properties": {"N03_001": "青森県", "N03_002": null, "N03_003": "北津軽郡", "N03_004": "板柳町", "N03_005": null, "N03_007": "02381"}}, {"type": "Feature", "geometry": {"type": "Polygon", "coordinates": [[[140.426546, 40.722009], [140.430376, 40.726261], [140.437737, 40.724223], [140.440823, 40.73478], [140.443375, 40.726112], [140.446854, 40.728163], [140.444434, 40.730007], [140.450999, 40.728535], [140.450256, 40.730701], [140.452923, 40.727758], [140.46002, 40.731292], [140.467254, 40.724689], [140.467458, 40.739229], [140.472418, 40.749423], [140.472696, 40.749995], [140.47695, 40.753858], [140.485763, 40.746958], [140.49409, 40.74792], [140.493653, 40.743885], [140.498909, 40.744082], [140.498734, 40.740154], [140.498835, 40.740172], [140.501435, 40.740627], [140.500473, 40.748731], [140.500077, 40.752071], [140.499568, 40.756367], [140.498739, 40.756313], [140.498565, 40.756864], [140.494275, 40.756017], [140.489805, 40.768368], [140.489494, 40.769227], [140.485573, 40.768859], [140.485868, 40.764904], [140.484615, 40.764623], [140.478393, 40.76323], [140.477844, 40.757708], [140.476074, 40.75723], [140.473474, 40.756527], [140.472914, 40.756375], [140.472581, 40.756686], [140.467613, 40.761306], [140.462249, 40.761275], [140.455717, 40.773414], [140.453109, 40.770046], [140.444722, 40.771324], [140.444088, 40.780379], [140.435926, 40.784805], [140.437842, 40.788], [140.43749, 40.789643], [140.437329, 40.789617], [140.437323, 40.789046], [140.428417, 40.788195], [140.424369, 40.78755], [140.415157, 40.777369], [140.420278, 40.772033], [140.422382, 40.76458], [140.4195, 40.762644], [140.414588, 40.761739], [140.407463, 40.772403], [140.400982, 40.769856], [140.397486, 40.77882], [140.394179, 40.778244], [140.387085, 40.785209], [140.384237, 40.783573], [140.377926, 40.789817], [140.370995, 40.785513], [140.372188, 40.78159], [140.361932, 40.78686], [140.361915, 40.786807], [140.362706, 40.782953], [140.373887, 40.778112], [140.37403, 40.777531], [140.37513, 40.777111], [140.374377, 40.776125], [140.372156, 40.773216], [140.370708, 40.77132], [140.340473, 40.759553], [140.356379, 40.75558], [140.354349, 40.751473], [140.356838, 40.748736], [140.363624, 40.749805], [140.377994, 40.744826], [140.383171, 40.747738], [140.386949, 40.741342], [140.395649, 40.74789], [140.39593, 40.748102], [140.400405, 40.746269], [140.401328, 40.745891], [140.401374, 40.745872], [140.404563, 40.735465], [140.408943, 40.738499], [140.420438, 40.736654], [140.4191, 40.725408], [140.424653, 40.722873], [140.426344, 40.722268], [140.426503, 40.722028], [140.426546, 40.722009]]]}, "properties": {"N03_001": "青森県", "N03_002": null, "N03_003": "北津軽郡", "N03_004": "鶴田町", "N03_005": null, "N03_007": "02384"}}, {"type": "Feature", "geometry": {"type": "MultiPolygon", "coordinates": [[[[140.39125, 41.127055], [140.371413, 41.149066], [140.367172, 41.151052], [140.363194, 41.152799], [140.363229, 41.152898], [140.370663, 41.173752], [140.369221, 41.186583], [140.373452, 41.189147], [140.371031, 41.193064], [140.376574, 41.199312], [140.371365, 41.203046], [140.372462, 41.210148], [140.361961, 41.219642], [140.362019, 41.234831], [140.354612, 41.239576], [140.352927, 41.246624], [140.342183, 41.248993], [140.342029, 41.248034], [140.341767, 41.24791], [140.341916, 41.247336], [140.340643, 41.239439], [140.332287, 41.237295], [140.331923, 41.235631], [140.331263, 41.236093], [140.331019, 41.235603], [140.331449, 41.23504], [140.331899, 41.23552], [140.331544, 41.233904], [140.331479, 41.233959], [140.331404, 41.233796], [140.331509, 41.233744], [140.33145, 41.233472], [140.331308, 41.233514], [140.331293, 41.233165], [140.331378, 41.233143], [140.331343, 41.232987], [140.331256, 41.233041], [140.331174, 41.232884], [140.331299, 41.232783], [140.331235, 41.232493], [140.331196, 41.232602], [140.33104, 41.232484], [140.3312, 41.232331], [140.329588, 41.224975], [140.329304, 41.224771], [140.329518, 41.224657], [140.329461, 41.224398], [140.329289, 41.224366], [140.329267, 41.224231], [140.329422, 41.224217], [140.328622, 41.220565], [140.329928, 41.217834], [140.329744, 41.217785], [140.329893, 41.217616], [140.329997, 41.217611], [140.330003, 41.217678], [140.334899, 41.207447], [140.330549, 41.199816], [140.332774, 41.194945], [140.332725, 41.194828], [140.33282, 41.194845], [140.335706, 41.188526], [140.334116, 41.186303], [140.334058, 41.186341], [140.33379, 41.185906], [140.333827, 41.185898], [140.332382, 41.183876], [140.332081, 41.18104], [140.332054, 41.181059], [140.331939, 41.181032], [140.332066, 41.180893], [140.332013, 41.180393], [140.331995, 41.180366], [140.332008, 41.180346], [140.330896, 41.169864], [140.326226, 41.163747], [140.328027, 41.160026], [140.321591, 41.147831], [140.32053, 41.14757], [140.320437, 41.147634], [140.320266, 41.147549], [140.320294, 41.147512], [140.310303, 41.145049], [140.312499, 41.138012], [140.311772, 41.137374], [140.311713, 41.137471], [140.311486, 41.137167], [140.311532, 41.137163], [140.306411, 41.132664], [140.296873, 41.135016], [140.304207, 41.132711], [140.303365, 41.131306], [140.291228, 41.133185], [140.296479, 41.135661], [140.296993, 41.136943], [140.290586, 41.133811], [140.287743, 41.137994], [140.284105, 41.13595], [140.278026, 41.139925], [140.276547, 41.139437], [140.276292, 41.139373], [140.276298, 41.139356], [140.264841, 41.135578], [140.257117, 41.140741], [140.255561, 41.139455], [140.255443, 41.139766], [140.255064, 41.139558], [140.255272, 41.139254], [140.255345, 41.139277], [140.248672, 41.133765], [140.249699, 41.12371], [140.26587, 41.121764], [140.266024, 41.119735], [140.275368, 41.11819], [140.266723, 41.119894], [140.286769, 41.120277], [140.297701, 41.114097], [140.303184, 41.107063], [140.309774, 41.109246], [140.313399, 41.106108], [140.324647, 41.109371], [140.324765, 41.109295], [140.325071, 41.10938], [140.329956, 41.106241], [140.343189, 41.110404], [140.350535, 41.10951], [140.359181, 41.121207], [140.373649, 41.127447], [140.374036, 41.127614], [140.39125, 41.127055]]], [[[140.367244, 41.011943], [140.36999, 41.01053], [140.372961, 41.010514], [140.376463, 41.007199], [140.379616, 41.004214], [140.381902, 41.002049], [140.382101, 40.99677], [140.382293, 40.996193], [140.390788, 40.987164], [140.391534, 40.984239], [140.39201, 40.982372], [140.392458, 40.980618], [140.391832, 40.979704], [140.384583, 40.969111], [140.379551, 40.961757], [140.375658, 40.951285], [140.380231, 40.947853], [140.38033, 40.94227], [140.385427, 40.938524], [140.394389, 40.941916], [140.405945, 40.936849], [140.413927, 40.937719], [140.414414, 40.935325], [140.412993, 40.935641], [140.413697, 40.934605], [140.410639, 40.936166], [140.40883, 40.936569], [140.416158, 40.92961], [140.417317, 40.928509], [140.417318, 40.927476], [140.421741, 40.919343], [140.430602, 40.921508], [140.430495, 40.922261], [140.435039, 40.922591], [140.431994, 40.929937], [140.447156, 40.936103], [140.463411, 40.935087], [140.474005, 40.942347], [140.487249, 40.942356], [140.490546, 40.946567], [140.496532, 40.947483], [140.508403, 40.953016], [140.5153, 40.969618], [140.512168, 40.97571], [140.517779, 40.983294], [140.517079, 40.991681], [140.521657, 40.99569], [140.521792, 40.995643], [140.521824, 40.996096], [140.522234, 40.996477], [140.522151, 41.000742], [140.522044, 41.00627], [140.522027, 41.00713], [140.515949, 41.00946], [140.515934, 41.009806], [140.517793, 41.020365], [140.518889, 41.02293], [140.520345, 41.02289], [140.519309, 41.028975], [140.511532, 41.031412], [140.515072, 41.033041], [140.515111, 41.037275], [140.505269, 41.040192], [140.495054, 41.051866], [140.49431, 41.052717], [140.49573, 41.054484], [140.497047, 41.059585], [140.496449, 41.062593], [140.494794, 41.070917], [140.489752, 41.071105], [140.479206, 41.080488], [140.464076, 41.086592], [140.45521, 41.099405], [140.455176, 41.099455], [140.455598, 41.100446], [140.457313, 41.104473], [140.451716, 41.104574], [140.446761, 41.095077], [140.452151, 41.088169], [140.449661, 41.085889], [140.453177, 41.083464], [140.452255, 41.078573], [140.441105, 41.074938], [140.421008, 41.057373], [140.415381, 41.044728], [140.384195, 41.042031], [140.403114, 41.039653], [140.407694, 41.032054], [140.415335, 41.02721], [140.411803, 41.016483], [140.399652, 41.023392], [140.397321, 41.018309], [140.397284, 41.018229], [140.396146, 41.018365], [140.392711, 41.018774], [140.392187, 41.018837], [140.391951, 41.021589], [140.391559, 41.023039], [140.390197, 41.022677], [140.375774, 41.018038], [140.367244, 41.011943]]], [[[140.289307, 41.113999], [140.289254, 41.114118], [140.289039, 41.114101], [140.289143, 41.113982], [140.289307, 41.113999]]], [[[140.289478, 41.114512], [140.289478, 41.11472], [140.289165, 41.114602], [140.289396, 41.114433], [140.289478, 41.114512]]], [[[140.288183, 41.114714], [140.28831, 41.114725], [140.288272, 41.114793], [140.288101, 41.114776], [140.288183, 41.114714]]], [[[140.288429, 41.115164], [140.288533, 41.115204], [140.288205, 41.115232], [140.288235, 41.115159], [140.288429, 41.115164]]], [[[140.287952, 41.117219], [140.288086, 41.117315], [140.288034, 41.117495], [140.287744, 41.117259], [140.287952, 41.117219]]], [[[140.266411, 41.119561], [140.266195, 41.119471], [140.266218, 41.119398], [140.266426, 41.11933], [140.266411, 41.119561]]], [[[140.252684, 41.121452], [140.252765, 41.121452], [140.25278, 41.121503], [140.252706, 41.121531], [140.252684, 41.121452]]], [[[140.253427, 41.12152], [140.253487, 41.121756], [140.253078, 41.121278], [140.25333, 41.121413], [140.253427, 41.12152]]], [[[140.252542, 41.121683], [140.252497, 41.121677], [140.252468, 41.121593], [140.252602, 41.121649], [140.252542, 41.121683]]], [[[140.253048, 41.121559], [140.253167, 41.121705], [140.253167, 41.121762], [140.252996, 41.121733], [140.253048, 41.121559]]], [[[140.254172, 41.121672], [140.254142, 41.121869], [140.253963, 41.12179], [140.254, 41.121503], [140.254172, 41.121672]]], [[[140.252743, 41.122026], [140.252602, 41.121852], [140.252617, 41.121801], [140.252907, 41.121852], [140.252743, 41.122026]]], [[[140.252415, 41.122347], [140.252133, 41.122139], [140.25243, 41.122128], [140.252602, 41.122212], [140.252415, 41.122347]]], [[[140.250778, 41.122257], [140.250897, 41.122392], [140.250764, 41.122511], [140.25057, 41.122336], [140.250778, 41.122257]]], [[[140.249632, 41.123135], [140.249707, 41.123287], [140.249357, 41.123304], [140.24938, 41.12322], [140.249632, 41.123135]]], [[[140.248799, 41.123468], [140.248018, 41.123563], [140.248167, 41.123253], [140.248576, 41.123349], [140.248799, 41.123468]]], [[[140.248732, 41.123816], [140.248717, 41.123952], [140.248517, 41.12394], [140.248487, 41.123788], [140.248732, 41.123816]]], [[[140.247638, 41.124701], [140.247408, 41.124909], [140.247185, 41.124841], [140.24743, 41.12456], [140.247638, 41.124701]]], [[[140.2483, 41.129616], [140.2481, 41.129548], [140.248085, 41.129373], [140.24836, 41.129356], [140.2483, 41.129616]]], [[[140.248144, 41.129796], [140.247995, 41.130071], [140.24769, 41.129953], [140.247899, 41.129678], [140.248144, 41.129796]]], [[[140.26551, 41.137357], [140.265339, 41.137126], [140.265629, 41.137014], [140.265697, 41.137205], [140.26551, 41.137357]]], [[[140.26275, 41.138016], [140.262393, 41.13783], [140.262557, 41.137622], [140.262772, 41.137785], [140.26275, 41.138016]]], [[[140.270027, 41.138681], [140.269729, 41.138922], [140.26958, 41.138692], [140.269886, 41.138438], [140.270027, 41.138681]]], [[[140.260733, 41.139412], [140.260317, 41.139592], [140.260079, 41.139305], [140.260495, 41.138905], [140.260733, 41.139412]]], [[[140.275801, 41.139587], [140.275451, 41.139418], [140.275845, 41.139215], [140.276009, 41.139396], [140.275801, 41.139587]]], [[[140.274834, 41.13988], [140.275154, 41.139593], [140.275525, 41.139891], [140.275213, 41.140071], [140.274834, 41.13988]]], [[[140.277542, 41.140938], [140.277103, 41.140296], [140.277936, 41.14019], [140.277899, 41.140826], [140.277542, 41.140938]]], [[[140.276508, 41.141839], [140.276195, 41.141907], [140.27627, 41.141282], [140.276567, 41.141451], [140.276508, 41.141839]]], [[[140.274037, 41.142053], [140.273933, 41.142059], [140.273874, 41.14185], [140.274067, 41.14185], [140.274037, 41.142053]]], [[[140.30209, 41.107981], [140.302209, 41.107925], [140.302164, 41.108099], [140.302105, 41.108094], [140.30209, 41.107981]]], [[[140.292759, 41.114118], [140.292603, 41.114359], [140.292402, 41.11441], [140.292439, 41.114095], [140.292759, 41.114118]]], [[[140.292089, 41.114472], [140.292052, 41.114574], [140.291903, 41.114562], [140.29197, 41.114421], [140.292089, 41.114472]]], [[[140.293109, 41.114664], [140.293235, 41.114585], [140.293287, 41.114585], [140.293272, 41.114703], [140.293109, 41.114664]]], [[[140.291829, 41.114849], [140.29171, 41.114866], [140.291665, 41.114827], [140.291754, 41.114726], [140.291829, 41.114849]]], [[[140.289718, 41.115454], [140.289413, 41.115454], [140.289396, 41.115305], [140.289644, 41.115223], [140.289718, 41.115454]]], [[[140.312253, 41.137967], [140.312208, 41.138114], [140.311903, 41.138119], [140.311978, 41.137961], [140.312253, 41.137967]]], [[[140.310199, 41.14456], [140.310214, 41.144639], [140.309931, 41.144616], [140.310013, 41.144481], [140.310199, 41.14456]]], [[[140.304849, 41.14519], [140.304514, 41.145168], [140.304581, 41.144988], [140.304804, 41.145078], [140.304849, 41.14519]]], [[[140.305288, 41.145331], [140.305065, 41.145325], [140.305087, 41.145173], [140.305244, 41.145145], [140.305288, 41.145331]]], [[[140.304522, 41.14541], [140.304663, 41.145404], [140.304715, 41.14546], [140.304417, 41.145505], [140.304522, 41.14541]]], [[[140.304924, 41.145449], [140.305013, 41.145556], [140.304842, 41.145579], [140.304879, 41.14546], [140.304924, 41.145449]]], [[[140.310571, 41.145472], [140.310638, 41.145601], [140.310407, 41.145697], [140.310415, 41.145522], [140.310571, 41.145472]]], [[[140.30627, 41.145753], [140.305987, 41.145719], [140.306084, 41.145443], [140.306427, 41.145472], [140.30627, 41.145753]]], [[[140.307252, 41.145742], [140.306962, 41.145686], [140.307029, 41.145511], [140.307208, 41.145522], [140.307252, 41.145742]]], [[[140.309857, 41.145697], [140.309991, 41.145798], [140.309663, 41.145838], [140.309641, 41.145742], [140.309857, 41.145697]]], [[[140.305519, 41.145753], [140.305615, 41.145781], [140.30563, 41.145922], [140.305459, 41.145899], [140.305519, 41.145753]]], [[[140.310645, 41.145961], [140.310363, 41.145922], [140.310482, 41.145764], [140.310668, 41.145815], [140.310645, 41.145961]]], [[[140.309969, 41.146001], [140.30979, 41.146204], [140.309686, 41.146091], [140.30976, 41.145973], [140.309969, 41.146001]]], [[[140.310482, 41.146181], [140.310601, 41.146091], [140.310705, 41.14617], [140.310519, 41.146209], [140.310482, 41.146181]]], [[[140.310839, 41.146733], [140.310578, 41.146969], [140.310333, 41.146885], [140.310936, 41.14644], [140.310839, 41.146733]]], [[[140.309931, 41.14693], [140.309611, 41.146908], [140.309775, 41.14675], [140.309961, 41.146812], [140.309931, 41.14693]]], [[[140.323458, 41.153675], [140.323205, 41.153759], [140.323146, 41.153652], [140.323302, 41.153545], [140.323458, 41.153675]]], [[[140.324701, 41.154846], [140.324805, 41.154784], [140.324946, 41.154863], [140.324805, 41.154959], [140.324701, 41.154846]]], [[[140.324939, 41.155268], [140.32479, 41.155105], [140.32505, 41.155071], [140.324991, 41.155263], [140.324939, 41.155268]]], [[[140.324983, 41.164451], [140.325392, 41.164682], [140.324544, 41.164625], [140.32467, 41.164518], [140.324983, 41.164451]]], [[[140.325035, 41.165008], [140.324976, 41.164901], [140.325244, 41.164823], [140.325251, 41.164986], [140.325035, 41.165008]]], [[[140.324336, 41.165278], [140.324024, 41.165149], [140.32421, 41.164749], [140.324641, 41.164907], [140.324336, 41.165278]]], [[[140.324745, 41.165341], [140.324879, 41.16529], [140.325028, 41.165369], [140.324648, 41.165515], [140.324745, 41.165341]]], [[[140.325795, 41.156445], [140.3254, 41.156327], [140.325475, 41.156315], [140.325668, 41.1564], [140.325795, 41.156445]]], [[[140.32572, 41.157138], [140.32537, 41.156946], [140.325646, 41.156591], [140.325936, 41.156687], [140.32572, 41.157138]]], [[[140.326962, 41.159012], [140.326695, 41.158933], [140.326702, 41.158883], [140.326933, 41.158815], [140.326962, 41.159012]]], [[[140.326747, 41.159238], [140.326955, 41.159238], [140.326977, 41.159288], [140.326858, 41.15935], [140.326747, 41.159238]]], [[[140.327245, 41.159423], [140.327335, 41.159502], [140.327372, 41.159592], [140.327134, 41.159536], [140.327245, 41.159423]]], [[[140.326553, 41.16114], [140.326546, 41.161343], [140.326017, 41.160904], [140.326315, 41.161033], [140.326553, 41.16114]]], [[[140.32703, 41.161191], [140.327015, 41.16136], [140.326724, 41.161337], [140.326791, 41.161208], [140.32703, 41.161191]]], [[[140.326181, 41.161596], [140.326003, 41.161574], [140.32607, 41.161439], [140.326285, 41.161422], [140.326181, 41.161596]]], [[[140.326844, 41.161917], [140.326635, 41.161974], [140.326404, 41.161957], [140.326494, 41.161793], [140.326844, 41.161917]]], [[[140.32569, 41.161878], [140.325824, 41.16185], [140.325854, 41.161912], [140.325735, 41.161946], [140.32569, 41.161878]]], [[[140.326553, 41.162114], [140.326166, 41.162255], [140.325995, 41.161985], [140.326367, 41.162159], [140.326553, 41.162114]]], [[[140.326598, 41.16462], [140.325965, 41.164704], [140.325913, 41.164637], [140.326427, 41.164321], [140.326598, 41.16462]]], [[[140.326003, 41.165064], [140.325764, 41.164991], [140.325876, 41.164817], [140.326055, 41.164851], [140.326003, 41.165064]]], [[[140.327662, 41.166517], [140.327334, 41.166568], [140.327357, 41.166545], [140.327513, 41.166472], [140.327662, 41.166517]]], [[[140.328391, 41.167514], [140.328369, 41.167733], [140.32819, 41.167677], [140.328272, 41.167452], [140.328391, 41.167514]]], [[[140.326404, 41.167801], [140.326323, 41.167925], [140.326003, 41.167941], [140.326248, 41.167699], [140.326404, 41.167801]]], [[[140.327461, 41.168178], [140.327185, 41.168251], [140.327171, 41.168026], [140.327423, 41.168037], [140.327461, 41.168178]]], [[[140.328674, 41.168859], [140.328361, 41.168921], [140.328376, 41.168786], [140.328607, 41.168747], [140.328674, 41.168859]]], [[[140.329901, 41.169152], [140.329433, 41.169152], [140.329537, 41.16873], [140.329827, 41.168927], [140.329901, 41.169152]]], [[[140.329963, 41.169387], [140.33015, 41.169393], [140.330311, 41.169512], [140.32979, 41.169399], [140.329963, 41.169387]]], [[[140.329879, 41.184881], [140.329782, 41.184864], [140.329782, 41.184808], [140.329931, 41.184819], [140.329879, 41.184881]]], [[[140.330153, 41.228453], [140.33019, 41.228735], [140.330019, 41.228746], [140.32993, 41.228532], [140.330153, 41.228453]]], [[[140.329049, 41.231832], [140.328879, 41.232], [140.328747, 41.231824], [140.328924, 41.231735], [140.329049, 41.231832]]], [[[140.328939, 41.232219], [140.32908, 41.232366], [140.32873, 41.232371], [140.328812, 41.232202], [140.328939, 41.232219]]], [[[140.328722, 41.232552], [140.328797, 41.232625], [140.328626, 41.232805], [140.328521, 41.23267], [140.328722, 41.232552]]], [[[140.330426, 41.169845], [140.330532, 41.169954], [140.330322, 41.17007], [140.330198, 41.169854], [140.330426, 41.169845]]], [[[140.33087, 41.170734], [140.330855, 41.170948], [140.330594, 41.170824], [140.330647, 41.170756], [140.33087, 41.170734]]], [[[140.330751, 41.171686], [140.330587, 41.171888], [140.330371, 41.171714], [140.330415, 41.17164], [140.330751, 41.171686]]], [[[140.330937, 41.1766], [140.330721, 41.176645], [140.330654, 41.176347], [140.33084, 41.176369], [140.330937, 41.1766]]], [[[140.330952, 41.177827], [140.330833, 41.177647], [140.331436, 41.177478], [140.33133, 41.177706], [140.330952, 41.177827]]], [[[140.330952, 41.180085], [140.330698, 41.180083], [140.330735, 41.179854], [140.330965, 41.179886], [140.330952, 41.180085]]], [[[140.330922, 41.183063], [140.330885, 41.183001], [140.330996, 41.182995], [140.331011, 41.183051], [140.330922, 41.183063]]], [[[140.33087, 41.183294], [140.330989, 41.183311], [140.330989, 41.183378], [140.330892, 41.183384], [140.33087, 41.183294]]], [[[140.330333, 41.18402], [140.330393, 41.184098], [140.330311, 41.184138], [140.330273, 41.184104], [140.330333, 41.18402]]], [[[140.331026, 41.185895], [140.331139, 41.186043], [140.330922, 41.186063], [140.330914, 41.186001], [140.331026, 41.185895]]], [[[140.330698, 41.197615], [140.330899, 41.197682], [140.330921, 41.197818], [140.330713, 41.197857], [140.330698, 41.197615]]], [[[140.330936, 41.198076], [140.330802, 41.198245], [140.330676, 41.198099], [140.330817, 41.198015], [140.330936, 41.198076]]], [[[140.330996, 41.198746], [140.330869, 41.198904], [140.330795, 41.198859], [140.330892, 41.198673], [140.330996, 41.198746]]], [[[140.331719, 41.202485], [140.33151, 41.20262], [140.331458, 41.202366], [140.331652, 41.202389], [140.331719, 41.202485]]], [[[140.331123, 41.202738], [140.331346, 41.202783], [140.331211, 41.202974], [140.3311, 41.202963], [140.331123, 41.202738]]], [[[140.331115, 41.203627], [140.331093, 41.203515], [140.331249, 41.203526], [140.331234, 41.203644], [140.331115, 41.203627]]], [[[140.33183, 41.203875], [140.331949, 41.203847], [140.331942, 41.203999], [140.331769, 41.203959], [140.33183, 41.203875]]], [[[140.332195, 41.20401], [140.332262, 41.203965], [140.332329, 41.204038], [140.332218, 41.2041], [140.332195, 41.20401]]], [[[140.331443, 41.20432], [140.331562, 41.204342], [140.331614, 41.204438], [140.331368, 41.2045], [140.331443, 41.20432]]], [[[140.332054, 41.211182], [140.332024, 41.211418], [140.331592, 41.21103], [140.331927, 41.211086], [140.332054, 41.211182]]], [[[140.330585, 41.232703], [140.330421, 41.232878], [140.330332, 41.232737], [140.330459, 41.232597], [140.330585, 41.232703]]], [[[140.330369, 41.233593], [140.330421, 41.233852], [140.330228, 41.233897], [140.330228, 41.233661], [140.330369, 41.233593]]], [[[140.331859, 41.237067], [140.331874, 41.237348], [140.331688, 41.237415], [140.331591, 41.237117], [140.331859, 41.237067]]], [[[140.332298, 41.238114], [140.332403, 41.23804], [140.332447, 41.238198], [140.332326, 41.238221], [140.332298, 41.238114]]], [[[140.333313, 41.186182], [140.333388, 41.186069], [140.333544, 41.186182], [140.333358, 41.186278], [140.333313, 41.186182]]], [[[140.335243, 41.188366], [140.335295, 41.188287], [140.335436, 41.188343], [140.335325, 41.18849], [140.335243, 41.188366]]], [[[140.334564, 41.190241], [140.334566, 41.19045], [140.334416, 41.19046], [140.334483, 41.190269], [140.334564, 41.190241]]], [[[140.334557, 41.190815], [140.334379, 41.190747], [140.334498, 41.19059], [140.334596, 41.190613], [140.334557, 41.190815]]], [[[140.334259, 41.191074], [140.334386, 41.191152], [140.334259, 41.191276], [140.33417, 41.191198], [140.334259, 41.191074]]], [[[140.332538, 41.204044], [140.332664, 41.203999], [140.332747, 41.204055], [140.332635, 41.204162], [140.332538, 41.204044]]], [[[140.333082, 41.204939], [140.333007, 41.204871], [140.333335, 41.204815], [140.333209, 41.204928], [140.333082, 41.204939]]], [[[140.333291, 41.205412], [140.333603, 41.205412], [140.333574, 41.20549], [140.333343, 41.205547], [140.333291, 41.205412]]], [[[140.333894, 41.207385], [140.33373, 41.207348], [140.333901, 41.207089], [140.334103, 41.207191], [140.333894, 41.207385]]], [[[140.333615, 41.20833], [140.333886, 41.2083], [140.333916, 41.208361], [140.333618, 41.208485], [140.333615, 41.20833]]], [[[140.336545, 41.239082], [140.336709, 41.239172], [140.336657, 41.23929], [140.336374, 41.239212], [140.336545, 41.239082]]], [[[140.338177, 41.239735], [140.337855, 41.23973], [140.338117, 41.239409], [140.338311, 41.239583], [140.338177, 41.239735]]], [[[140.33942, 41.24268], [140.339555, 41.242742], [140.33942, 41.242792], [140.339324, 41.24277], [140.33942, 41.24268]]], [[[140.33904, 41.242894], [140.338907, 41.242905], [140.338907, 41.242775], [140.339026, 41.242725], [140.33904, 41.242894]]], [[[140.339733, 41.243423], [140.339756, 41.243316], [140.339882, 41.243327], [140.339882, 41.243395], [140.339733, 41.243423]]], [[[140.340709, 41.244121], [140.340672, 41.244374], [140.340344, 41.244329], [140.340523, 41.244053], [140.340709, 41.244121]]], [[[140.340456, 41.244492], [140.340404, 41.244667], [140.340165, 41.244588], [140.340299, 41.244464], [140.340456, 41.244492]]], [[[140.340583, 41.244678], [140.341208, 41.244887], [140.341223, 41.245129], [140.340672, 41.245168], [140.340583, 41.244678]]], [[[140.340225, 41.244819], [140.34027, 41.245016], [140.339979, 41.245072], [140.340039, 41.244836], [140.340225, 41.244819]]], [[[140.340106, 41.246052], [140.339867, 41.245962], [140.340337, 41.245568], [140.340657, 41.245714], [140.340106, 41.246052]]], [[[140.341529, 41.245962], [140.341432, 41.246075], [140.341156, 41.246165], [140.341223, 41.24572], [140.341529, 41.245962]]]]}, "properties": {"N03_001": "青森県", "N03_002": null, "N03_003": "北津軽郡", "N03_004": "中泊町", "N03_005": null, "N03_007": "02387"}}, {"type": "Feature", "geometry": {"type": "MultiPolygon", "coordinates": [[[[141.039401, 40.840387], [141.043945, 40.834222], [141.044573, 40.833371], [141.055217, 40.834609], [141.059412, 40.835308], [141.059934, 40.835157], [141.076741, 40.830278], [141.126901, 40.84242], [141.12719, 40.837653], [141.133113, 40.834881], [141.133476, 40.83562], [141.13347, 40.850544], [141.146809, 40.847159], [141.173738, 40.864022], [141.191449, 40.870934], [141.19528, 40.869648], [141.204021, 40.887431], [141.224745, 40.902654], [141.225499, 40.912251], [141.234504, 40.924123], [141.232454, 40.931615], [141.232564, 40.931852], [141.235182, 40.937465], [141.232779, 40.940527], [141.245042, 40.95267], [141.246211, 40.960083], [141.257002, 40.963321], [141.256159, 40.967233], [141.255666, 40.969517], [141.25534, 40.969357], [141.247258, 40.969839], [141.220987, 40.971406], [141.189592, 40.917899], [141.167965, 40.894395], [141.145025, 40.877587], [141.131223, 40.872363], [141.125355, 40.87443], [141.116988, 40.871059], [141.112475, 40.873997], [141.113063, 40.870554], [141.110801, 40.872798], [141.112344, 40.876826], [141.109251, 40.87265], [141.102168, 40.872755], [141.084125, 40.886199], [141.052559, 40.878436], [141.046457, 40.875765], [141.041773, 40.864904], [141.041638, 40.86429], [141.046777, 40.854246], [141.039174, 40.844464], [141.039221, 40.843613], [141.039401, 40.840387]]], [[[141.120306, 40.873343], [141.119593, 40.873228], [141.119149, 40.873071], [141.120325, 40.873257], [141.120306, 40.873343]]], [[[141.109323, 40.874654], [141.108802, 40.874795], [141.108333, 40.874928], [141.108207, 40.874913], [141.109323, 40.874654]]]]}, "properties": {"N03_001": "青森県", "N03_002": null, "N03_003": "上北郡", "N03_004": "野辺地町", "N03_005": null, "N03_007": "02401"}}, {"type": "Feature", "geometry": {"type": "Polygon", "coordinates": [[[140.978967, 40.697616], [140.991267, 40.694606], [140.991855, 40.688817], [141.003738, 40.67069], [141.025984, 40.664522], [141.039653, 40.664836], [141.045293, 40.664966], [141.050914, 40.661141], [141.050945, 40.66112], [141.051014, 40.661073], [141.053483, 40.654455], [141.054868, 40.650816], [141.06244, 40.643283], [141.073187, 40.640456], [141.082707, 40.633244], [141.083077, 40.63325], [141.112437, 40.633691], [141.112466, 40.633709], [141.126958, 40.642872], [141.144448, 40.639367], [141.154841, 40.649937], [141.146315, 40.650025], [141.145523, 40.656824], [141.157011, 40.663223], [141.15981, 40.673498], [141.172216, 40.673132], [141.169444, 40.678248], [141.172585, 40.682782], [141.170957, 40.685785], [141.175571, 40.689289], [141.17595, 40.689577], [141.172547, 40.697789], [141.179684, 40.703015], [141.179164, 40.706902], [141.201664, 40.717764], [141.20471, 40.716597], [141.209312, 40.723028], [141.213853, 40.721525], [141.214406, 40.725783], [141.224031, 40.726143], [141.238378, 40.731829], [141.248744, 40.745704], [141.246149, 40.750663], [141.248494, 40.752615], [141.250365, 40.752378], [141.267563, 40.74939], [141.270858, 40.749781], [141.271517, 40.753469], [141.253693, 40.75489], [141.256999, 40.770216], [141.253549, 40.770101], [141.255229, 40.773817], [141.248091, 40.775943], [141.23678, 40.775761], [141.238466, 40.769751], [141.235143, 40.771063], [141.23074, 40.767082], [141.226698, 40.761292], [141.228117, 40.757546], [141.218704, 40.756643], [141.20046, 40.768606], [141.198264, 40.765448], [141.200904, 40.76256], [141.200852, 40.759713], [141.199041, 40.763985], [141.185436, 40.768322], [141.189643, 40.779085], [141.186991, 40.784103], [141.162624, 40.786827], [141.161706, 40.794255], [141.137561, 40.799146], [141.135404, 40.804016], [141.119123, 40.802163], [141.098284, 40.807485], [141.089309, 40.800727], [141.070344, 40.802613], [141.053303, 40.798701], [141.046089, 40.799176], [141.039775, 40.803818], [141.030351, 40.799214], [141.016178, 40.802556], [141.006704, 40.816606], [140.990034, 40.813231], [140.98785, 40.808258], [140.98462, 40.807333], [140.980609, 40.806184], [140.980564, 40.806056], [140.980756, 40.805923], [140.975318, 40.791295], [140.957946, 40.779909], [140.961355, 40.773023], [140.954704, 40.766409], [140.954561, 40.766344], [140.939543, 40.759498], [140.919118, 40.760878], [140.917737, 40.759887], [140.916419, 40.756749], [140.913354, 40.756741], [140.906075, 40.751517], [140.905887, 40.751276], [140.90606, 40.745903], [140.901885, 40.743248], [140.901724, 40.742042], [140.901358, 40.738218], [140.909154, 40.729375], [140.925518, 40.727136], [140.931241, 40.721287], [140.952775, 40.718815], [140.952957, 40.718715], [140.95317, 40.718696], [140.953525, 40.718406], [140.964076, 40.709784], [140.978967, 40.697616]], [[141.213628, 40.725501], [141.21318, 40.724173], [141.212844, 40.724185], [141.212716, 40.725489], [141.213628, 40.725501]]]}, "properties": {"N03_001": "青森県", "N03_002": null, "N03_003": "上北郡", "N03_004": "七戸町", "N03_005": null, "N03_007": "02402"}}, {"type": "Feature", "geometry": {"type": "Polygon", "coordinates": [[[141.303901, 40.567995], [141.320965, 40.562978], [141.326719, 40.564351], [141.337083, 40.568106], [141.333808, 40.579024], [141.334127, 40.57908], [141.346582, 40.581278], [141.352267, 40.585658], [141.352471, 40.585815], [141.36545, 40.566193], [141.366084, 40.56645], [141.374613, 40.571161], [141.377243, 40.57497], [141.380242, 40.585478], [141.38125, 40.583842], [141.381277, 40.583996], [141.381831, 40.587148], [141.381836, 40.58718], [141.381842, 40.587213], [141.381706, 40.587224], [141.354527, 40.589412], [141.361481, 40.598837], [141.367351, 40.598932], [141.364926, 40.606885], [141.3608, 40.607367], [141.363017, 40.606628], [141.359637, 40.604088], [141.361648, 40.601082], [141.352414, 40.601188], [141.347273, 40.601247], [141.347093, 40.601673], [141.344537, 40.608638], [141.344735, 40.611423], [141.346777, 40.613145], [141.345722, 40.625293], [141.351232, 40.635345], [141.363573, 40.643484], [141.363632, 40.643523], [141.355841, 40.663821], [141.351242, 40.664942], [141.344674, 40.660986], [141.344305, 40.661302], [141.338454, 40.666327], [141.338065, 40.666661], [141.338009, 40.666744], [141.333344, 40.673689], [141.33255, 40.674871], [141.334378, 40.68221], [141.340669, 40.68836], [141.325984, 40.692395], [141.325858, 40.692542], [141.322472, 40.696516], [141.322438, 40.696556], [141.322564, 40.696772], [141.323899, 40.700506], [141.318041, 40.699412], [141.315911, 40.690768], [141.315612, 40.690612], [141.300601, 40.682763], [141.290855, 40.681425], [141.286581, 40.675405], [141.269928, 40.66449], [141.268116, 40.661569], [141.263834, 40.652733], [141.268942, 40.646412], [141.26915, 40.646235], [141.283182, 40.645288], [141.270814, 40.637561], [141.261312, 40.637168], [141.265945, 40.631543], [141.259199, 40.630484], [141.25714, 40.618933], [141.258476, 40.616281], [141.274454, 40.615563], [141.277031, 40.601331], [141.29402, 40.599138], [141.285143, 40.591268], [141.290462, 40.584189], [141.302241, 40.575191], [141.302326, 40.574968], [141.302704, 40.573977], [141.304527, 40.569197], [141.303901, 40.567995]]]}, "properties": {"N03_001": "青森県", "N03_002": null, "N03_003": "上北郡", "N03_004": "六戸町", "N03_005": null, "N03_007": "02405"}}, {"type": "Feature", "geometry": {"type": "MultiPolygon", "coordinates": [[[[141.255666, 40.969517], [141.255473, 40.970416], [141.264674, 40.97392], [141.263672, 40.982131], [141.27311, 40.994307], [141.283749, 40.994674], [141.282984, 40.998125], [141.287551, 40.999588], [141.288257, 41.003651], [141.297809, 41.004889], [141.302489, 41.017193], [141.312241, 41.020787], [141.321112, 41.028544], [141.31663, 41.040705], [141.324242, 41.044872], [141.325473, 41.05627], [141.329142, 41.05907], [141.338026, 41.057115], [141.343125, 41.059652], [141.344245, 41.065023], [141.338961, 41.072009], [141.338843, 41.072166], [141.34578, 41.074959], [141.344727, 41.091005], [141.344717, 41.091165], [141.352727, 41.095741], [141.352518, 41.097458], [141.350239, 41.103652], [141.349147, 41.106621], [141.347577, 41.106439], [141.347543, 41.106446], [141.334698, 41.108822], [141.326675, 41.115545], [141.325239, 41.116748], [141.327289, 41.118826], [141.334111, 41.125741], [141.326357, 41.136289], [141.327121, 41.149748], [141.322229, 41.15396], [141.310878, 41.151648], [141.287972, 41.15783], [141.278605, 41.15143], [141.272476, 41.135046], [141.264771, 41.126367], [141.259114, 41.125599], [141.253459, 41.113867], [141.250818, 41.115508], [141.248421, 41.110194], [141.247237, 41.089334], [141.241527, 41.083404], [141.242786, 41.061696], [141.242009, 41.05973], [141.239653, 41.059893], [141.239653, 41.0587], [141.242145, 41.058114], [141.242279, 41.052628], [141.238184, 41.025557], [141.220987, 40.971406], [141.247258, 40.969839], [141.25534, 40.969357], [141.255666, 40.969517]]], [[[141.242722, 41.087426], [141.243598, 41.088423], [141.243531, 41.088502], [141.24263, 41.087491], [141.242722, 41.087426]]]]}, "properties": {"N03_001": "青森県", "N03_002": null, "N03_003": "上北郡", "N03_004": "横浜町", "N03_005": null, "N03_007": "02406"}}, {"type": "Feature", "geometry": {"type": "MultiPolygon", "coordinates": [[[[141.269928, 40.66449], [141.286581, 40.675405], [141.290855, 40.681425], [141.300601, 40.682763], [141.315612, 40.690612], [141.315911, 40.690768], [141.318041, 40.699412], [141.323899, 40.700506], [141.324702, 40.700656], [141.327341, 40.704959], [141.328221, 40.706395], [141.340378, 40.7121], [141.343712, 40.720097], [141.336043, 40.720736], [141.331658, 40.712937], [141.318704, 40.713374], [141.311115, 40.710432], [141.310871, 40.710459], [141.310096, 40.716546], [141.318663, 40.722349], [141.324713, 40.724094], [141.342736, 40.721506], [141.34628, 40.720582], [141.346872, 40.720912], [141.348461, 40.721797], [141.351416, 40.723443], [141.353991, 40.727913], [141.356491, 40.732253], [141.358131, 40.7351], [141.359711, 40.751548], [141.359273, 40.754757], [141.356882, 40.772269], [141.348062, 40.779588], [141.348175, 40.805066], [141.351322, 40.812352], [141.361496, 40.819653], [141.367968, 40.836363], [141.36769, 40.83853], [141.367729, 40.83865], [141.367669, 40.838692], [141.367365, 40.841071], [141.360406, 40.844347], [141.359708, 40.844327], [141.35607, 40.844223], [141.335238, 40.843631], [141.330028, 40.845618], [141.326237, 40.847288], [141.328427, 40.852444], [141.315529, 40.847421], [141.308337, 40.832644], [141.269808, 40.845706], [141.266529, 40.869877], [141.269317, 40.885014], [141.262647, 40.891396], [141.25624, 40.908239], [141.24942, 40.908201], [141.256336, 40.909424], [141.256403, 40.909436], [141.261788, 40.919707], [141.261411, 40.922481], [141.260917, 40.926122], [141.249721, 40.923914], [141.232645, 40.931529], [141.232454, 40.931615], [141.234504, 40.924123], [141.225499, 40.912251], [141.224745, 40.902654], [141.204021, 40.887431], [141.19528, 40.869648], [141.191449, 40.870934], [141.173738, 40.864022], [141.146809, 40.847159], [141.13347, 40.850544], [141.133476, 40.83562], [141.133113, 40.834881], [141.12719, 40.837653], [141.126901, 40.84242], [141.076741, 40.830278], [141.059934, 40.835157], [141.059412, 40.835308], [141.055217, 40.834609], [141.044573, 40.833371], [141.043945, 40.834222], [141.039401, 40.840387], [141.018069, 40.837156], [141.020066, 40.825819], [141.016733, 40.819851], [141.006704, 40.816606], [141.016178, 40.802556], [141.030351, 40.799214], [141.039775, 40.803818], [141.046089, 40.799176], [141.053303, 40.798701], [141.070344, 40.802613], [141.089309, 40.800727], [141.098284, 40.807485], [141.119123, 40.802163], [141.135404, 40.804016], [141.137561, 40.799146], [141.161706, 40.794255], [141.162624, 40.786827], [141.186991, 40.784103], [141.189643, 40.779085], [141.185436, 40.768322], [141.199041, 40.763985], [141.200852, 40.759713], [141.200904, 40.76256], [141.198264, 40.765448], [141.20046, 40.768606], [141.218704, 40.756643], [141.228117, 40.757546], [141.226698, 40.761292], [141.23074, 40.767082], [141.235143, 40.771063], [141.238466, 40.769751], [141.23678, 40.775761], [141.248091, 40.775943], [141.255229, 40.773817], [141.253549, 40.770101], [141.256999, 40.770216], [141.253693, 40.75489], [141.271517, 40.753469], [141.270858, 40.749781], [141.267563, 40.74939], [141.250365, 40.752378], [141.248494, 40.752615], [141.246149, 40.750663], [141.248744, 40.745704], [141.238378, 40.731829], [141.224031, 40.726143], [141.214406, 40.725783], [141.213853, 40.721525], [141.209312, 40.723028], [141.20471, 40.716597], [141.201664, 40.717764], [141.179164, 40.706902], [141.179684, 40.703015], [141.172547, 40.697789], [141.17595, 40.689577], [141.175571, 40.689289], [141.170957, 40.685785], [141.172585, 40.682782], [141.172827, 40.683132], [141.174211, 40.68352], [141.194933, 40.689334], [141.203776, 40.688374], [141.209964, 40.692807], [141.21476, 40.689321], [141.229171, 40.690925], [141.231498, 40.694768], [141.235995, 40.694236], [141.239922, 40.698499], [141.241812, 40.695733], [141.248864, 40.700079], [141.251449, 40.701672], [141.254171, 40.700308], [141.267274, 40.700872], [141.26267, 40.695084], [141.263296, 40.694727], [141.265672, 40.693368], [141.266133, 40.693105], [141.263615, 40.685156], [141.267086, 40.671227], [141.271572, 40.66881], [141.271614, 40.668788], [141.271381, 40.668307], [141.269928, 40.66449]]], [[[141.213628, 40.725501], [141.212716, 40.725489], [141.212844, 40.724185], [141.21318, 40.724173], [141.213628, 40.725501]]]]}, "properties": {"N03_001": "青森県", "N03_002": null, "N03_003": "上北郡", "N03_004": "東北町", "N03_005": null, "N03_007": "02408"}}, {"type": "Feature", "geometry": {"type": "MultiPolygon", "coordinates": [[[[141.367729, 40.83865], [141.372888, 40.839831], [141.378477, 40.845102], [141.379075, 40.845666], [141.379154, 40.845741], [141.374076, 40.863102], [141.376878, 40.878784], [141.381575, 40.884276], [141.392928, 40.886623], [141.393113, 40.887199], [141.391352, 40.917372], [141.393561, 40.923637], [141.395831, 40.923557], [141.400053, 40.926224], [141.386956, 40.92423], [141.389348, 40.926556], [141.385894, 40.930849], [141.391015, 40.926467], [141.395893, 40.926237], [141.388323, 40.931304], [141.38129, 40.930807], [141.375707, 40.935139], [141.379939, 40.938174], [141.383789, 40.935261], [141.393939, 40.93678], [141.3883, 40.93997], [141.38861, 40.946432], [141.386171, 40.947677], [141.386529, 40.960801], [141.391195, 40.965168], [141.384149, 40.966695], [141.389276, 40.966556], [141.386142, 40.969084], [141.389581, 40.969114], [141.389568, 40.968181], [141.391206, 40.965955], [141.394821, 40.963846], [141.389751, 40.969714], [141.387394, 40.969721], [141.385144, 40.976808], [141.384652, 41.00341], [141.391531, 41.074316], [141.398869, 41.098088], [141.392901, 41.103278], [141.395649, 41.101407], [141.39588, 41.105008], [141.39636, 41.102828], [141.396923, 41.102997], [141.39718, 41.102493], [141.39845, 41.10236], [141.395683, 41.105581], [141.394102, 41.105514], [141.392798, 41.113794], [141.395842, 41.132374], [141.374294, 41.122591], [141.368452, 41.112063], [141.365647, 41.110435], [141.364686, 41.109877], [141.361555, 41.10806], [141.349147, 41.106621], [141.350239, 41.103652], [141.352518, 41.097458], [141.352727, 41.095741], [141.344717, 41.091165], [141.344727, 41.091005], [141.34578, 41.074959], [141.338843, 41.072166], [141.338961, 41.072009], [141.344245, 41.065023], [141.343125, 41.059652], [141.338026, 41.057115], [141.329142, 41.05907], [141.325473, 41.05627], [141.324242, 41.044872], [141.31663, 41.040705], [141.321112, 41.028544], [141.312241, 41.020787], [141.302489, 41.017193], [141.297809, 41.004889], [141.288257, 41.003651], [141.287551, 40.999588], [141.282984, 40.998125], [141.283749, 40.994674], [141.27311, 40.994307], [141.263672, 40.982131], [141.264674, 40.97392], [141.255473, 40.970416], [141.255666, 40.969517], [141.256159, 40.967233], [141.257002, 40.963321], [141.246211, 40.960083], [141.245042, 40.95267], [141.232779, 40.940527], [141.235182, 40.937465], [141.232564, 40.931852], [141.232454, 40.931615], [141.232645, 40.931529], [141.249721, 40.923914], [141.260917, 40.926122], [141.261411, 40.922481], [141.261788, 40.919707], [141.256403, 40.909436], [141.256336, 40.909424], [141.24942, 40.908201], [141.25624, 40.908239], [141.262647, 40.891396], [141.269317, 40.885014], [141.266529, 40.869877], [141.269808, 40.845706], [141.308337, 40.832644], [141.315529, 40.847421], [141.328427, 40.852444], [141.326237, 40.847288], [141.330028, 40.845618], [141.335238, 40.843631], [141.35607, 40.844223], [141.359708, 40.844327], [141.360406, 40.844347], [141.367365, 40.841071], [141.367669, 40.838692], [141.367729, 40.83865]]], [[[141.392198, 41.061855], [141.391943, 41.061739], [141.391934, 41.061645], [141.39221, 41.061632], [141.392198, 41.061855]]], [[[141.396573, 41.090332], [141.396567, 41.090315], [141.396629, 41.090271], [141.396637, 41.090337], [141.396573, 41.090332]]], [[[141.396551, 41.090381], [141.39658, 41.090367], [141.396627, 41.090383], [141.396621, 41.090402], [141.396551, 41.090381]]], [[[141.396624, 41.126712], [141.396476, 41.127118], [141.39599, 41.12699], [141.396297, 41.126697], [141.396624, 41.126712]]], [[[141.400885, 40.930293], [141.408233, 40.923899], [141.401152, 40.930385], [141.401259, 40.940404], [141.400885, 40.930293]]], [[[141.397008, 41.091527], [141.397081, 41.090543], [141.397442, 41.090519], [141.397766, 41.090929], [141.39778, 41.091606], [141.397008, 41.091527]]], [[[141.397735, 41.092575], [141.39785, 41.092404], [141.397896, 41.092424], [141.397787, 41.092595], [141.397735, 41.092575]]], [[[141.397539, 41.092694], [141.397708, 41.092535], [141.397945, 41.093424], [141.39789, 41.093437], [141.397539, 41.092694]]], [[[141.398736, 41.093671], [141.398696, 41.093654], [141.398706, 41.093605], [141.398731, 41.09361], [141.398736, 41.093671]]], [[[141.399364, 41.097534], [141.399336, 41.097542], [141.399248, 41.097588], [141.399233, 41.097526], [141.399364, 41.097534]]], [[[141.401634, 41.104402], [141.401402, 41.104333], [141.402532, 41.102186], [141.402768, 41.102258], [141.401634, 41.104402]]]]}, "properties": {"N03_001": "青森県", "N03_002": null, "N03_003": "上北郡", "N03_004": "六ヶ所村", "N03_005": null, "N03_007": "02411"}}, {"type": "Feature", "geometry": {"type": "Polygon", "coordinates": [[[141.463344, 40.603166], [141.465645, 40.607805], [141.462405, 40.60773], [141.458443, 40.616352], [141.461006, 40.61775], [141.457794, 40.616979], [141.45486, 40.622462], [141.453673, 40.625623], [141.456876, 40.62666], [141.453488, 40.625821], [141.451829, 40.629295], [141.449893, 40.634533], [141.45323, 40.635363], [141.448558, 40.637014], [141.447111, 40.643854], [141.450184, 40.644463], [141.445431, 40.646847], [141.438777, 40.670508], [141.428082, 40.667875], [141.419941, 40.66846], [141.378474, 40.663952], [141.368206, 40.666931], [141.364696, 40.671674], [141.364463, 40.667705], [141.359215, 40.663715], [141.356523, 40.664129], [141.355841, 40.663821], [141.363632, 40.643523], [141.363573, 40.643484], [141.351232, 40.635345], [141.345722, 40.625293], [141.346777, 40.613145], [141.344735, 40.611423], [141.344537, 40.608638], [141.347093, 40.601673], [141.347273, 40.601247], [141.352414, 40.601188], [141.361648, 40.601082], [141.359637, 40.604088], [141.363017, 40.606628], [141.3608, 40.607367], [141.364926, 40.606885], [141.367351, 40.598932], [141.361481, 40.598837], [141.354527, 40.589412], [141.381706, 40.587224], [141.381842, 40.587213], [141.381836, 40.58718], [141.381831, 40.587148], [141.381277, 40.583996], [141.383161, 40.581033], [141.383189, 40.581074], [141.384913, 40.583554], [141.384873, 40.583609], [141.382197, 40.587254], [141.38988, 40.587107], [141.390839, 40.587088], [141.389622, 40.581449], [141.391517, 40.586476], [141.39608, 40.582973], [141.408407, 40.583339], [141.410609, 40.583404], [141.410111, 40.582034], [141.410276, 40.581908], [141.411675, 40.583648], [141.424345, 40.587096], [141.425011, 40.591868], [141.452616, 40.600346], [141.457153, 40.599968], [141.461447, 40.601051], [141.463344, 40.603166]], [[141.463465, 40.604153], [141.464173, 40.605393], [141.464655, 40.606014], [141.463533, 40.604133], [141.463465, 40.604153]]]}, "properties": {"N03_001": "青森県", "N03_002": null, "N03_003": "上北郡", "N03_004": "おいらせ町", "N03_005": null, "N03_007": "02412"}}, {"type": "Feature", "geometry": {"type": "MultiPolygon", "coordinates": [[[[140.965939, 41.435335], [140.962294, 41.435731], [140.954819, 41.442204], [140.953761, 41.443879], [140.951669, 41.447191], [140.950733, 41.448672], [140.95658, 41.452538], [140.957426, 41.466399], [140.961363, 41.470536], [140.95242, 41.488033], [140.952366, 41.488139], [140.952575, 41.488357], [140.958986, 41.495067], [140.959134, 41.495222], [140.958718, 41.496711], [140.95724, 41.501394], [140.941858, 41.510683], [140.933889, 41.521367], [140.937846, 41.528349], [140.92415, 41.534605], [140.920214, 41.540694], [140.921222, 41.541667], [140.921336, 41.54262], [140.920431, 41.544353], [140.921091, 41.546419], [140.920131, 41.543891], [140.921179, 41.541963], [140.91997, 41.541195], [140.916874, 41.545031], [140.918694, 41.546824], [140.912408, 41.546369], [140.909736, 41.541471], [140.907703, 41.544172], [140.9091, 41.535509], [140.906294, 41.533951], [140.90691, 41.534809], [140.904628, 41.536007], [140.905072, 41.533322], [140.904434, 41.53136], [140.905701, 41.533126], [140.905513, 41.531359], [140.907641, 41.532515], [140.908125, 41.529957], [140.90316, 41.531789], [140.903844, 41.527947], [140.900028, 41.524324], [140.897928, 41.529195], [140.898347, 41.522513], [140.906433, 41.511454], [140.898839, 41.514551], [140.908573, 41.507775], [140.909568, 41.503546], [140.906039, 41.501453], [140.908944, 41.494486], [140.904728, 41.491829], [140.903593, 41.494466], [140.904583, 41.489994], [140.89857, 41.476739], [140.882387, 41.468213], [140.888072, 41.468667], [140.897655, 41.461279], [140.896739, 41.451323], [140.897329, 41.449998], [140.905818, 41.435857], [140.906843, 41.43476], [140.91643, 41.432275], [140.916455, 41.432192], [140.918345, 41.425759], [140.923232, 41.422999], [140.928492, 41.427307], [140.928551, 41.427356], [140.930171, 41.426492], [140.940367, 41.42106], [140.940888, 41.421292], [140.942722, 41.422112], [140.944962, 41.426846], [140.956852, 41.423982], [140.967302, 41.434378], [140.965939, 41.435335]]], [[[140.897974, 41.476925], [140.898006, 41.477062], [140.89775, 41.477012], [140.897791, 41.476932], [140.897974, 41.476925]]], [[[140.8973, 41.476946], [140.897443, 41.476942], [140.89743, 41.477048], [140.897288, 41.477048], [140.8973, 41.476946]]], [[[140.898436, 41.477256], [140.89837, 41.477142], [140.898513, 41.477158], [140.898541, 41.477187], [140.898436, 41.477256]]], [[[140.898266, 41.477332], [140.898329, 41.477365], [140.898323, 41.477453], [140.898196, 41.477351], [140.898266, 41.477332]]], [[[140.898101, 41.477653], [140.898253, 41.477694], [140.898304, 41.477872], [140.897974, 41.477722], [140.898101, 41.477653]]], [[[140.897936, 41.477975], [140.897901, 41.477863], [140.897996, 41.477887], [140.898006, 41.477925], [140.897936, 41.477975]]], [[[140.898228, 41.477989], [140.898234, 41.478094], [140.89811, 41.478097], [140.898124, 41.477944], [140.898228, 41.477989]]], [[[140.897478, 41.479009], [140.897616, 41.478885], [140.897699, 41.478995], [140.897528, 41.479114], [140.897478, 41.479009]]], [[[140.89768, 41.479282], [140.897616, 41.479185], [140.897765, 41.479228], [140.897804, 41.479328], [140.89768, 41.479282]]], [[[140.898801, 41.48245], [140.898832, 41.48256], [140.898554, 41.482603], [140.898703, 41.482439], [140.898801, 41.48245]]], [[[140.901651, 41.529955], [140.899988, 41.529433], [140.900042, 41.529352], [140.901651, 41.529955]]], [[[140.909186, 41.555577], [140.909376, 41.555759], [140.909263, 41.555896], [140.909186, 41.555873], [140.909186, 41.555577]]], [[[140.929686, 41.532871], [140.929731, 41.532828], [140.929781, 41.532814], [140.929793, 41.532886], [140.929686, 41.532871]]], [[[140.929381, 41.533], [140.929261, 41.532962], [140.929236, 41.532914], [140.929394, 41.532905], [140.929381, 41.533]]], [[[140.910385, 41.552097], [140.910462, 41.55216], [140.910404, 41.552188], [140.910335, 41.552097], [140.910385, 41.552097]]], [[[140.910404, 41.552365], [140.910342, 41.552293], [140.910385, 41.55226], [140.910532, 41.552288], [140.910404, 41.552365]]], [[[140.910094, 41.552431], [140.910107, 41.552355], [140.910278, 41.552388], [140.910183, 41.552451], [140.910094, 41.552431]]], [[[140.914186, 41.554615], [140.911648, 41.555377], [140.909269, 41.55532], [140.910779, 41.552055], [140.914186, 41.554615]]], [[[140.913836, 41.554233], [140.91371, 41.554219], [140.913735, 41.554123], [140.91383, 41.554119], [140.913836, 41.554233]]], [[[140.911451, 41.555525], [140.911381, 41.555486], [140.911451, 41.555449], [140.911489, 41.555501], [140.911451, 41.555525]]], [[[140.911058, 41.55563], [140.910988, 41.555563], [140.91107, 41.55551], [140.911103, 41.555535], [140.911058, 41.55563]]], [[[140.911248, 41.555744], [140.911173, 41.555596], [140.911274, 41.55553], [140.911318, 41.555759], [140.911248, 41.555744]]], [[[140.910829, 41.555911], [140.910816, 41.555982], [140.910684, 41.555878], [140.910798, 41.555796], [140.910829, 41.555911]]]]}, "properties": {"N03_001": "青森県", "N03_002": null, "N03_003": "下北郡", "N03_004": "大間町", "N03_005": null, "N03_007": "02423"}}, {"type": "Feature", "geometry": {"type": "MultiPolygon", "coordinates": [[[[141.322229, 41.15396], [141.327121, 41.149748], [141.326357, 41.136289], [141.334111, 41.125741], [141.327289, 41.118826], [141.325239, 41.116748], [141.326675, 41.115545], [141.334698, 41.108822], [141.347543, 41.106446], [141.347577, 41.106439], [141.349147, 41.106621], [141.361555, 41.10806], [141.364686, 41.109877], [141.365647, 41.110435], [141.368452, 41.112063], [141.374294, 41.122591], [141.395842, 41.132374], [141.391803, 41.132487], [141.392561, 41.136585], [141.396342, 41.136233], [141.393723, 41.134175], [141.396701, 41.133936], [141.396621, 41.136903], [141.391627, 41.137379], [141.388789, 41.148857], [141.389772, 41.165713], [141.389862, 41.166107], [141.391326, 41.166344], [141.392707, 41.167478], [141.389619, 41.167384], [141.391093, 41.179388], [141.393703, 41.184089], [141.395312, 41.183839], [141.396957, 41.184121], [141.392801, 41.184489], [141.393694, 41.187733], [141.398424, 41.187034], [141.399769, 41.182584], [141.400363, 41.182725], [141.399009, 41.188033], [141.394086, 41.188879], [141.394944, 41.195009], [141.399484, 41.205768], [141.404374, 41.20497], [141.408179, 41.209321], [141.404173, 41.205129], [141.398768, 41.206109], [141.403369, 41.206376], [141.398979, 41.206976], [141.400372, 41.211069], [141.402243, 41.211295], [141.404276, 41.209026], [141.404667, 41.209226], [141.402539, 41.211255], [141.400339, 41.211667], [141.400081, 41.21259], [141.40354, 41.222739], [141.405001, 41.222919], [141.408904, 41.224971], [141.404935, 41.222971], [141.402368, 41.222582], [141.403044, 41.225563], [141.407912, 41.225144], [141.4036, 41.227219], [141.405915, 41.242635], [141.4419, 41.355962], [141.450848, 41.370081], [141.450049, 41.373234], [141.452482, 41.374488], [141.451209, 41.373206], [141.452082, 41.37181], [141.454748, 41.374743], [141.454762, 41.37474], [141.454835, 41.3748], [141.454804, 41.374805], [141.454935, 41.374949], [141.454962, 41.374945], [141.454974, 41.374992], [141.460397, 41.380958], [141.460745, 41.389201], [141.452779, 41.396215], [141.454688, 41.397563], [141.454002, 41.396233], [141.454295, 41.39512], [141.456031, 41.394562], [141.455728, 41.397012], [141.455739, 41.397001], [141.455818, 41.397035], [141.455764, 41.3971], [141.455719, 41.397079], [141.455637, 41.397744], [141.455657, 41.39773], [141.455762, 41.397749], [141.455727, 41.39782], [141.455634, 41.39777], [141.455484, 41.398985], [141.455486, 41.398992], [141.455483, 41.398993], [141.455189, 41.401371], [141.463566, 41.402074], [141.46254, 41.40769], [141.462566, 41.407729], [141.462531, 41.407738], [141.461123, 41.41545], [141.469014, 41.418565], [141.463852, 41.423773], [141.465219, 41.429136], [141.462647, 41.431004], [141.453677, 41.423858], [141.453609, 41.423878], [141.453622, 41.423817], [141.453625, 41.423817], [141.422593, 41.399096], [141.422396, 41.399209], [141.422396, 41.399123], [141.422518, 41.399036], [141.402657, 41.383215], [141.345032, 41.359574], [141.336846, 41.35772], [141.34033, 41.361392], [141.333642, 41.356067], [141.297601, 41.350436], [141.246577, 41.361155], [141.246873, 41.360363], [141.247557, 41.360027], [141.249706, 41.352778], [141.249978, 41.351861], [141.249987, 41.35183], [141.236968, 41.333768], [141.244929, 41.33145], [141.234315, 41.32655], [141.225954, 41.314014], [141.22844, 41.309456], [141.246417, 41.310899], [141.252963, 41.301664], [141.254195, 41.292087], [141.247544, 41.281859], [141.251254, 41.264903], [141.246514, 41.249198], [141.265798, 41.243372], [141.280429, 41.249917], [141.289899, 41.247267], [141.303469, 41.249307], [141.310489, 41.243255], [141.319982, 41.250132], [141.320689, 41.246022], [141.326825, 41.244149], [141.325272, 41.239496], [141.33897, 41.215253], [141.335802, 41.212546], [141.337166, 41.199849], [141.33011, 41.190838], [141.330123, 41.181776], [141.323242, 41.174248], [141.324303, 41.170569], [141.319367, 41.167652], [141.321155, 41.166067], [141.318434, 41.162179], [141.321201, 41.157238], [141.322954, 41.154108], [141.322229, 41.15396]]], [[[141.397797, 41.133017], [141.397675, 41.133138], [141.397488, 41.133031], [141.397606, 41.132907], [141.397797, 41.133017]]], [[[141.399478, 41.134683], [141.399156, 41.134637], [141.399521, 41.133333], [141.399555, 41.13321], [141.399478, 41.134683]]], [[[141.295646, 41.353226], [141.295551, 41.353171], [141.296411, 41.352114], [141.295646, 41.353226]]], [[[141.342351, 41.359676], [141.342328, 41.35976], [141.341228, 41.359399], [141.341667, 41.359457], [141.342351, 41.359676]]], [[[141.341287, 41.362721], [141.340477, 41.363035], [141.340429, 41.362966], [141.341244, 41.362642], [141.341287, 41.362721]]], [[[141.404481, 41.38548], [141.404438, 41.385569], [141.403508, 41.385033], [141.403562, 41.384952], [141.404481, 41.38548]]], [[[141.404663, 41.385669], [141.404727, 41.385597], [141.405625, 41.386116], [141.404663, 41.385669]]], [[[141.406627, 41.387048], [141.406547, 41.387103], [141.405891, 41.386429], [141.405969, 41.386377], [141.406627, 41.387048]]], [[[141.407509, 41.387923], [141.407423, 41.387986], [141.406869, 41.387272], [141.407509, 41.387923]]], [[[141.407601, 41.387998], [141.407522, 41.387965], [141.407531, 41.387933], [141.407623, 41.387941], [141.407601, 41.387998]]], [[[141.408426, 41.389032], [141.407722, 41.388288], [141.407803, 41.388232], [141.408336, 41.388802], [141.408426, 41.389032]]], [[[141.409023, 41.389025], [141.408988, 41.389058], [141.408924, 41.389015], [141.408976, 41.388975], [141.409023, 41.389025]]], [[[141.408747, 41.389284], [141.408769, 41.389341], [141.408684, 41.38932], [141.408684, 41.389291], [141.408747, 41.389284]]], [[[141.408592, 41.389349], [141.408618, 41.389386], [141.408554, 41.38938], [141.408554, 41.38935], [141.408592, 41.389349]]], [[[141.408646, 41.389472], [141.408697, 41.389485], [141.408639, 41.389527], [141.408621, 41.389486], [141.408646, 41.389472]]], [[[141.4094, 41.389944], [141.409322, 41.390006], [141.4088, 41.389359], [141.4094, 41.389944]]], [[[141.409929, 41.390196], [141.409973, 41.390237], [141.409882, 41.390235], [141.409882, 41.390213], [141.409929, 41.390196]]], [[[141.409917, 41.390445], [141.409954, 41.390501], [141.409875, 41.390518], [141.409857, 41.390454], [141.409917, 41.390445]]], [[[141.410365, 41.39075], [141.41041, 41.390685], [141.410454, 41.390714], [141.410448, 41.39075], [141.410365, 41.39075]]], [[[141.410761, 41.391102], [141.410805, 41.391147], [141.41077, 41.391183], [141.41071, 41.391152], [141.410761, 41.391102]]], [[[141.410948, 41.391407], [141.411001, 41.391462], [141.410929, 41.391503], [141.410891, 41.39145], [141.410948, 41.391407]]], [[[141.414923, 41.393936], [141.414973, 41.393975], [141.414913, 41.394008], [141.414876, 41.393963], [141.414923, 41.393936]]], [[[141.41511, 41.394118], [141.415126, 41.394156], [141.415062, 41.394185], [141.415031, 41.394132], [141.41511, 41.394118]]], [[[141.415591, 41.394216], [141.415663, 41.394208], [141.41568, 41.394246], [141.415601, 41.394271], [141.415591, 41.394216]]], [[[141.41487, 41.394246], [141.414952, 41.39423], [141.414977, 41.394254], [141.414917, 41.394285], [141.41487, 41.394246]]], [[[141.415277, 41.394377], [141.415306, 41.394401], [141.415281, 41.394446], [141.415198, 41.394435], [141.415277, 41.394377]]], [[[141.413929, 41.394537], [141.414449, 41.394503], [141.413242, 41.394708], [141.413934, 41.394547], [141.413929, 41.394537]]], [[[141.425213, 41.401824], [141.425232, 41.401776], [141.425295, 41.401812], [141.42525, 41.401833], [141.425213, 41.401824]]], [[[141.425269, 41.402043], [141.425174, 41.401998], [141.425263, 41.401974], [141.425285, 41.402007], [141.425269, 41.402043]]], [[[141.425203, 41.402179], [141.425118, 41.402206], [141.425077, 41.402139], [141.425184, 41.402141], [141.425203, 41.402179]]], [[[141.423702, 41.402153], [141.4238, 41.402222], [141.423733, 41.402296], [141.423617, 41.402237], [141.423702, 41.402153]]], [[[141.424087, 41.402335], [141.424182, 41.402312], [141.424185, 41.402373], [141.424103, 41.402411], [141.424087, 41.402335]]], [[[141.449994, 41.367983], [141.450594, 41.368106], [141.450437, 41.368404], [141.449832, 41.368263], [141.449994, 41.367983]]], [[[141.453724, 41.39642], [141.453694, 41.396344], [141.453819, 41.396301], [141.453849, 41.396386], [141.453724, 41.39642]]], [[[141.427515, 41.403341], [141.427436, 41.403325], [141.427436, 41.403277], [141.427519, 41.403296], [141.427515, 41.403341]]], [[[141.427759, 41.403458], [141.427693, 41.40348], [141.42767, 41.403437], [141.427749, 41.403422], [141.427759, 41.403458]]], [[[141.429565, 41.406831], [141.428318, 41.408582], [141.428253, 41.408554], [141.428421, 41.408333], [141.429565, 41.406831]]], [[[141.42734, 41.410125], [141.431601, 41.411848], [141.435724, 41.414323], [141.433336, 41.413117], [141.431555, 41.411914], [141.42734, 41.410125]]], [[[141.436265, 41.41496], [141.435981, 41.41433], [141.437012, 41.414081], [141.437072, 41.414645], [141.436265, 41.41496]]], [[[141.442546, 41.41581], [141.442619, 41.415838], [141.442597, 41.415955], [141.442492, 41.415936], [141.442546, 41.41581]]], [[[141.442847, 41.416195], [141.442789, 41.41616], [141.442857, 41.416136], [141.442878, 41.416162], [141.442847, 41.416195]]], [[[141.443632, 41.417133], [141.443537, 41.4172], [141.443452, 41.417173], [141.443551, 41.417004], [141.443632, 41.417133]]], [[[141.443739, 41.417152], [141.443816, 41.417166], [141.443813, 41.417206], [141.443731, 41.417209], [141.443739, 41.417152]]], [[[141.442914, 41.418015], [141.442913, 41.417921], [141.443011, 41.41794], [141.442994, 41.418016], [141.442914, 41.418015]]], [[[141.446548, 41.418488], [141.446505, 41.418492], [141.446463, 41.418435], [141.446565, 41.418421], [141.446548, 41.418488]]], [[[141.44631, 41.41861], [141.446303, 41.418655], [141.446209, 41.418647], [141.446259, 41.418579], [141.44631, 41.41861]]], [[[141.448436, 41.42024], [141.448393, 41.420183], [141.448463, 41.420164], [141.4485, 41.420193], [141.448436, 41.42024]]], [[[141.448703, 41.420307], [141.448703, 41.420364], [141.448646, 41.420355], [141.448646, 41.420288], [141.448703, 41.420307]]], [[[141.451066, 41.422037], [141.45113, 41.422089], [141.451117, 41.422133], [141.451028, 41.422084], [141.451066, 41.422037]]], [[[141.451472, 41.422552], [141.451503, 41.422609], [141.451389, 41.422599], [141.451427, 41.422552], [141.451472, 41.422552]]], [[[141.451721, 41.422911], [141.451531, 41.422902], [141.451543, 41.422873], [141.451671, 41.422849], [141.451721, 41.422911]]], [[[141.451892, 41.423521], [141.452393, 41.423631], [141.452164, 41.423855], [141.451829, 41.423802], [141.451892, 41.423521]]], [[[141.453318, 41.423803], [141.453407, 41.423803], [141.453426, 41.42385], [141.453324, 41.423864], [141.453318, 41.423803]]], [[[141.455933, 41.374714], [141.455847, 41.374726], [141.455822, 41.37465], [141.455901, 41.374626], [141.455933, 41.374714]]], [[[141.456875, 41.375751], [141.457039, 41.37588], [141.456927, 41.375914], [141.456785, 41.375835], [141.456875, 41.375751]]], [[[141.460191, 41.379883], [141.460146, 41.379714], [141.460259, 41.379703], [141.460334, 41.37986], [141.460191, 41.379883]]], [[[141.459967, 41.380119], [141.459982, 41.379978], [141.460176, 41.380158], [141.460049, 41.380147], [141.459967, 41.380119]]], [[[141.460883, 41.389076], [141.460886, 41.388965], [141.461101, 41.388926], [141.461044, 41.389093], [141.460883, 41.389076]]], [[[141.461263, 41.389124], [141.461189, 41.389151], [141.461152, 41.389102], [141.461202, 41.389076], [141.461263, 41.389124]]], [[[141.457801, 41.392362], [141.457782, 41.3923], [141.457947, 41.392305], [141.457949, 41.392374], [141.457801, 41.392362]]], [[[141.457528, 41.392493], [141.457474, 41.392422], [141.457474, 41.392391], [141.457617, 41.392436], [141.457528, 41.392493]]], [[[141.459081, 41.393813], [141.459018, 41.393873], [141.458926, 41.393825], [141.458998, 41.393758], [141.459081, 41.393813]]], [[[141.456753, 41.396267], [141.456968, 41.396338], [141.456881, 41.396396], [141.456709, 41.39636], [141.456753, 41.396267]]], [[[141.457206, 41.396601], [141.457162, 41.396677], [141.457038, 41.396591], [141.457089, 41.396572], [141.457206, 41.396601]]], [[[141.457494, 41.396608], [141.457443, 41.396694], [141.457354, 41.396665], [141.457383, 41.396584], [141.457494, 41.396608]]], [[[141.456093, 41.397023], [141.456043, 41.39708], [141.455967, 41.397032], [141.456039, 41.396992], [141.456093, 41.397023]]], [[[141.455967, 41.398908], [141.455923, 41.398943], [141.455834, 41.39891], [141.455926, 41.398846], [141.455967, 41.398908]]], [[[141.456182, 41.399034], [141.456107, 41.399079], [141.456006, 41.399068], [141.456103, 41.398987], [141.456182, 41.399034]]], [[[141.457256, 41.426799], [141.457308, 41.42678], [141.457371, 41.426837], [141.457326, 41.426876], [141.457256, 41.426799]]], [[[141.457289, 41.426909], [141.457283, 41.42698], [141.457186, 41.426952], [141.457219, 41.42689], [141.457289, 41.426909]]], [[[141.457592, 41.427166], [141.45765, 41.42719], [141.457656, 41.427237], [141.457561, 41.427228], [141.457592, 41.427166]]], [[[141.456996, 41.427195], [141.457029, 41.427228], [141.45701, 41.427267], [141.456953, 41.427223], [141.456996, 41.427195]]], [[[141.459019, 41.429225], [141.459081, 41.429177], [141.459114, 41.429245], [141.459044, 41.429263], [141.459019, 41.429225]]], [[[141.45886, 41.429282], [141.458771, 41.429259], [141.458752, 41.429182], [141.458936, 41.429159], [141.45886, 41.429282]]], [[[141.459075, 41.429506], [141.459157, 41.429492], [141.459202, 41.429535], [141.459126, 41.429573], [141.459075, 41.429506]]], [[[141.460397, 41.430789], [141.460296, 41.430798], [141.460232, 41.43067], [141.460397, 41.430723], [141.460397, 41.430789]]], [[[141.460974, 41.43159], [141.461012, 41.431666], [141.460961, 41.431676], [141.460911, 41.431613], [141.460974, 41.43159]]], [[[141.461348, 41.431747], [141.461101, 41.431604], [141.461202, 41.431566], [141.461309, 41.431613], [141.461348, 41.431747]]], [[[141.460981, 41.432053], [141.460954, 41.431885], [141.461082, 41.431904], [141.461138, 41.432109], [141.460981, 41.432053]]], [[[141.461142, 41.387153], [141.461193, 41.387033], [141.461361, 41.387118], [141.461237, 41.387185], [141.461142, 41.387153]]], [[[141.461892, 41.394943], [141.461848, 41.394923], [141.461882, 41.394871], [141.461931, 41.394883], [141.461892, 41.394943]]], [[[141.461466, 41.400399], [141.461748, 41.400365], [141.461644, 41.400504], [141.461428, 41.400494], [141.461466, 41.400399]]], [[[141.464951, 41.401908], [141.464866, 41.401869], [141.464897, 41.401814], [141.464957, 41.401838], [141.464951, 41.401908]]], [[[141.464136, 41.403685], [141.464051, 41.403709], [141.464047, 41.403585], [141.464123, 41.40358], [141.464136, 41.403685]]], [[[141.464168, 41.403909], [141.464047, 41.403936], [141.464003, 41.403883], [141.464104, 41.403842], [141.464168, 41.403909]]], [[[141.463447, 41.40394], [141.463646, 41.403983], [141.463636, 41.404038], [141.463491, 41.404061], [141.463447, 41.40394]]], [[[141.463605, 41.404226], [141.463636, 41.404305], [141.463522, 41.4043], [141.463555, 41.404226], [141.463605, 41.404226]]], [[[141.463117, 41.408403], [141.463129, 41.408286], [141.463272, 41.4083], [141.463281, 41.408405], [141.463117, 41.408403]]], [[[141.463686, 41.40853], [141.463677, 41.408455], [141.463778, 41.408431], [141.463803, 41.408515], [141.463686, 41.40853]]], [[[141.463439, 41.408581], [141.463506, 41.408613], [141.463477, 41.408698], [141.463388, 41.408648], [141.463439, 41.408581]]], [[[141.463078, 41.408774], [141.462658, 41.408865], [141.462506, 41.408774], [141.462911, 41.408588], [141.463078, 41.408774]]], [[[141.464887, 41.409046], [141.464868, 41.409096], [141.46475, 41.409087], [141.464775, 41.409008], [141.464887, 41.409046]]], [[[141.464363, 41.409643], [141.464518, 41.409626], [141.46455, 41.409728], [141.464389, 41.409771], [141.464363, 41.409643]]], [[[141.464447, 41.410146], [141.464379, 41.410107], [141.464394, 41.410033], [141.464498, 41.410083], [141.464447, 41.410146]]], [[[141.464911, 41.425327], [141.465018, 41.425351], [141.464987, 41.425427], [141.464822, 41.425379], [141.464911, 41.425327]]], [[[141.464676, 41.429845], [141.464607, 41.429812], [141.464702, 41.429755], [141.464733, 41.429821], [141.464676, 41.429845]]], [[[141.463058, 41.431004], [141.462957, 41.431223], [141.462736, 41.431104], [141.462957, 41.430965], [141.463058, 41.431004]]], [[[141.461386, 41.431342], [141.461456, 41.431438], [141.461474, 41.431513], [141.461259, 41.431337], [141.461386, 41.431342]]], [[[141.463021, 41.431389], [141.463109, 41.431456], [141.462996, 41.43148], [141.462989, 41.431404], [141.463021, 41.431389]]], [[[141.463578, 41.43149], [141.463572, 41.431561], [141.463483, 41.431561], [141.463477, 41.431508], [141.463578, 41.43149]]], [[[141.463236, 41.431762], [141.463351, 41.431795], [141.463337, 41.431833], [141.463256, 41.431809], [141.463236, 41.431762]]], [[[141.461183, 41.432172], [141.461227, 41.432128], [141.461272, 41.432148], [141.461266, 41.43219], [141.461183, 41.432172]]], [[[141.463153, 41.432596], [141.463217, 41.432543], [141.463236, 41.432581], [141.463204, 41.432615], [141.463153, 41.432596]]], [[[141.46378, 41.432772], [141.463711, 41.432786], [141.463691, 41.432715], [141.463743, 41.43271], [141.46378, 41.432772]]], [[[141.464009, 41.43302], [141.464085, 41.432963], [141.464123, 41.433001], [141.464059, 41.433048], [141.464009, 41.43302]]], [[[141.464586, 41.434536], [141.4646, 41.434469], [141.464688, 41.434511], [141.46465, 41.434583], [141.464586, 41.434536]]], [[[141.46465, 41.43517], [141.464846, 41.435112], [141.464821, 41.435375], [141.464708, 41.435293], [141.46465, 41.43517]]], [[[141.464048, 41.435675], [141.464111, 41.435708], [141.464099, 41.435742], [141.463998, 41.435722], [141.464048, 41.435675]]], [[[141.464498, 41.435922], [141.46453, 41.435904], [141.464613, 41.435922], [141.464586, 41.43598], [141.464498, 41.435922]]], [[[141.464568, 41.436509], [141.46465, 41.436537], [141.464593, 41.4366], [141.464524, 41.436547], [141.464568, 41.436509]]], [[[141.464809, 41.436952], [141.46491, 41.436933], [141.464904, 41.43701], [141.464846, 41.437029], [141.464809, 41.436952]]], [[[141.467184, 41.401415], [141.467226, 41.40147], [141.467192, 41.401513], [141.467116, 41.401451], [141.467184, 41.401415]]], [[[141.467409, 41.401232], [141.467932, 41.401141], [141.468112, 41.401659], [141.467676, 41.401828], [141.467409, 41.401232]]], [[[141.465033, 41.401678], [141.465027, 41.401757], [141.464938, 41.40174], [141.464942, 41.401654], [141.465033, 41.401678]]], [[[141.465866, 41.401793], [141.465881, 41.40189], [141.465748, 41.401893], [141.465808, 41.401789], [141.465866, 41.401793]]], [[[141.465574, 41.402103], [141.465463, 41.402124], [141.465451, 41.402058], [141.465562, 41.402033], [141.465574, 41.402103]]], [[[141.465327, 41.407869], [141.465257, 41.40789], [141.465215, 41.407831], [141.465273, 41.407812], [141.465327, 41.407869]]], [[[141.465035, 41.407976], [141.464887, 41.407924], [141.464909, 41.407848], [141.46507, 41.407848], [141.465035, 41.407976]]], [[[141.465149, 41.408625], [141.465058, 41.408586], [141.465112, 41.408531], [141.465187, 41.408575], [141.465149, 41.408625]]], [[[141.465105, 41.408875], [141.465143, 41.40877], [141.465215, 41.408822], [141.46518, 41.40894], [141.465105, 41.408875]]], [[[141.465003, 41.412691], [141.464916, 41.412706], [141.464919, 41.412641], [141.464998, 41.412629], [141.465003, 41.412691]]], [[[141.468041, 41.417716], [141.467966, 41.417663], [141.468086, 41.417592], [141.468183, 41.417721], [141.468041, 41.417716]]], [[[141.468431, 41.417713], [141.468352, 41.417678], [141.468364, 41.417613], [141.468474, 41.417642], [141.468431, 41.417713]]], [[[141.469503, 41.418319], [141.469301, 41.418333], [141.469288, 41.418235], [141.469446, 41.418204], [141.469503, 41.418319]]], [[[141.470138, 41.41966], [141.470087, 41.419679], [141.470012, 41.419641], [141.470107, 41.419613], [141.470138, 41.41966]]], [[[141.469279, 41.420298], [141.469108, 41.42037], [141.469026, 41.420313], [141.469463, 41.420194], [141.469279, 41.420298]]], [[[141.468614, 41.42038], [141.468582, 41.420351], [141.468621, 41.420327], [141.468678, 41.420366], [141.468614, 41.42038]]], [[[141.466738, 41.421829], [141.466954, 41.421681], [141.467144, 41.421924], [141.466846, 41.421957], [141.466738, 41.421829]]], [[[141.465171, 41.425537], [141.465144, 41.425603], [141.465076, 41.42557], [141.465076, 41.425537], [141.465171, 41.425537]]], [[[141.465012, 41.42578], [141.465107, 41.425784], [141.465012, 41.425851], [141.464954, 41.425794], [141.465012, 41.42578]]], [[[141.465392, 41.42935], [141.465322, 41.429378], [141.465278, 41.429297], [141.465424, 41.429245], [141.465392, 41.42935]]], [[[141.465633, 41.429355], [141.465709, 41.429397], [141.465798, 41.429512], [141.465481, 41.429474], [141.465633, 41.429355]]], [[[141.465132, 41.42966], [141.465241, 41.429645], [141.465221, 41.429765], [141.465164, 41.429774], [141.465132, 41.42966]]], [[[141.465398, 41.429836], [141.465354, 41.429888], [141.465309, 41.429812], [141.465348, 41.429788], [141.465398, 41.429836]]], [[[141.465436, 41.429945], [141.465493, 41.429888], [141.465531, 41.429903], [141.465525, 41.429979], [141.465436, 41.429945]]], [[[141.464999, 41.433968], [141.465088, 41.433954], [141.465075, 41.43403], [141.465024, 41.434049], [141.464999, 41.433968]]], [[[141.465278, 41.434245], [141.465335, 41.434264], [141.465341, 41.434292], [141.465226, 41.434287], [141.465278, 41.434245]]], [[[141.465315, 41.434526], [141.465391, 41.434531], [141.465373, 41.434588], [141.465296, 41.434564], [141.465315, 41.434526]]], [[[141.465893, 41.434774], [141.465975, 41.434807], [141.465975, 41.434841], [141.465893, 41.434841], [141.465893, 41.434774]]], [[[141.465449, 41.434807], [141.465626, 41.434736], [141.465703, 41.434907], [141.465581, 41.434955], [141.465449, 41.434807]]], [[[141.466044, 41.434988], [141.466178, 41.435012], [141.466171, 41.435051], [141.466089, 41.435055], [141.466044, 41.434988]]], [[[141.465899, 41.435065], [141.465975, 41.435065], [141.465969, 41.435093], [141.465936, 41.435107], [141.465899, 41.435065]]], [[[141.465321, 41.435217], [141.465303, 41.435346], [141.465125, 41.435461], [141.465081, 41.435198], [141.465321, 41.435217]]], [[[141.465525, 41.435422], [141.465626, 41.435426], [141.46562, 41.435475], [141.465538, 41.435489], [141.465525, 41.435422]]]]}, "properties": {"N03_001": "青森県", "N03_002": null, "N03_003": "下北郡", "N03_004": "東通村", "N03_005": null, "N03_007": "02424"}}, {"type": "Feature", "geometry": {"type": "MultiPolygon", "coordinates": [[[[141.115688, 41.455659], [141.111457, 41.459832], [141.112656, 41.462945], [141.108173, 41.464038], [141.108161, 41.464044], [141.108151, 41.464043], [141.107555, 41.464189], [141.107577, 41.464213], [141.1075, 41.464233], [141.107488, 41.464205], [141.094606, 41.467346], [141.095438, 41.468687], [141.093647, 41.471331], [141.094032, 41.467876], [141.092852, 41.468499], [141.092967, 41.468529], [141.092952, 41.46855], [141.092843, 41.468503], [141.083251, 41.473563], [141.083281, 41.473595], [141.083155, 41.473613], [141.066659, 41.482315], [141.051819, 41.483114], [141.051809, 41.483122], [141.0518, 41.483115], [141.050297, 41.483196], [141.050293, 41.483208], [141.050252, 41.483199], [141.049076, 41.483262], [141.049076, 41.483266], [141.049002, 41.483272], [141.049, 41.483266], [141.045528, 41.483453], [141.045494, 41.483468], [141.045477, 41.483456], [141.018554, 41.484907], [141.018735, 41.484994], [141.018645, 41.485039], [141.0186, 41.485028], [141.018549, 41.484907], [141.001757, 41.485812], [141.001973, 41.487694], [140.99811, 41.489859], [141.001862, 41.487666], [140.98392, 41.494793], [140.983908, 41.494801], [140.983904, 41.494799], [140.973171, 41.499063], [140.969765, 41.506335], [140.964588, 41.508283], [140.963241, 41.51404], [140.957382, 41.51581], [140.952584, 41.521979], [140.944916, 41.523511], [140.939962, 41.529623], [140.933889, 41.521367], [140.941858, 41.510683], [140.95724, 41.501394], [140.958718, 41.496711], [140.959134, 41.495222], [140.958986, 41.495067], [140.952575, 41.488357], [140.952366, 41.488139], [140.95242, 41.488033], [140.961363, 41.470536], [140.957426, 41.466399], [140.95658, 41.452538], [140.950733, 41.448672], [140.951669, 41.447191], [140.953761, 41.443879], [140.954819, 41.442204], [140.962294, 41.435731], [140.965939, 41.435335], [140.967594, 41.435155], [140.975232, 41.43905], [140.986803, 41.437026], [140.987438, 41.437169], [140.994778, 41.439984], [140.996218, 41.439137], [140.998805, 41.437616], [141.002605, 41.43538], [141.009338, 41.422518], [141.02783, 41.420754], [141.031023, 41.42498], [141.049448, 41.431688], [141.051274, 41.438438], [141.04761, 41.444755], [141.051128, 41.446365], [141.059546, 41.443861], [141.064648, 41.447252], [141.081957, 41.448718], [141.082988, 41.451305], [141.104827, 41.451246], [141.115688, 41.455659]]], [[[140.995004, 41.492082], [140.994926, 41.492063], [140.994984, 41.492005], [140.995032, 41.492048], [140.995004, 41.492082]]], [[[140.994736, 41.492218], [140.994794, 41.492135], [140.994864, 41.492224], [140.994794, 41.492276], [140.994736, 41.492218]]], [[[140.97958, 41.496562], [140.97961, 41.496522], [140.979716, 41.496547], [140.979662, 41.49663], [140.97958, 41.496562]]], [[[140.97685, 41.498604], [140.976834, 41.498898], [140.976698, 41.498808], [140.976714, 41.498672], [140.97685, 41.498604]]], [[[140.976566, 41.499089], [140.97657, 41.499204], [140.976405, 41.499222], [140.976418, 41.499118], [140.976566, 41.499089]]], [[[140.976373, 41.499312], [140.976459, 41.499423], [140.976344, 41.499516], [140.976249, 41.499358], [140.976373, 41.499312]]], [[[140.972675, 41.502158], [140.97254, 41.502201], [140.972466, 41.502109], [140.972651, 41.501919], [140.972675, 41.502158]]], [[[140.971614, 41.504475], [140.971925, 41.503969], [140.971685, 41.504495], [140.971671, 41.505394], [140.971573, 41.505392], [140.971614, 41.504475]]], [[[140.964216, 41.513824], [140.964348, 41.513891], [140.964152, 41.514073], [140.964146, 41.513949], [140.964216, 41.513824]]], [[[140.961094, 41.515627], [140.961215, 41.515569], [140.96124, 41.515598], [140.961139, 41.515713], [140.961094, 41.515627]]], [[[140.962001, 41.516015], [140.961855, 41.515982], [140.9619, 41.515858], [140.962052, 41.515896], [140.962001, 41.516015]]], [[[140.961582, 41.515938], [140.961512, 41.516038], [140.961386, 41.515932], [140.961506, 41.515863], [140.961582, 41.515938]]], [[[140.960212, 41.51678], [140.959819, 41.516584], [140.960116, 41.515812], [140.960714, 41.516375], [140.960212, 41.51678]]], [[[140.960605, 41.517367], [140.960479, 41.517467], [140.960427, 41.517324], [140.960567, 41.517257], [140.960605, 41.517367]]], [[[140.959984, 41.51762], [140.959717, 41.517501], [140.959742, 41.517462], [140.960027, 41.517443], [140.959984, 41.51762]]], [[[140.957979, 41.517772], [140.958061, 41.517863], [140.957877, 41.517946], [140.957756, 41.517849], [140.957979, 41.517772]]], [[[140.957325, 41.518199], [140.957585, 41.518251], [140.957471, 41.51837], [140.957344, 41.518299], [140.957325, 41.518199]]], [[[140.950873, 41.523756], [140.950721, 41.523989], [140.950593, 41.523942], [140.950689, 41.523789], [140.950873, 41.523756]]], [[[140.951133, 41.52429], [140.950949, 41.523961], [140.951241, 41.523994], [140.951342, 41.524104], [140.951133, 41.52429]]], [[[140.945211, 41.524347], [140.944984, 41.524557], [140.944837, 41.524268], [140.945085, 41.524254], [140.945211, 41.524347]]], [[[140.946112, 41.525258], [140.946213, 41.525267], [140.946213, 41.525401], [140.946042, 41.525415], [140.946112, 41.525258]]], [[[140.94485, 41.525496], [140.944716, 41.525424], [140.944819, 41.525377], [140.944914, 41.525496], [140.94485, 41.525496]]], [[[140.94459, 41.525587], [140.944647, 41.525496], [140.944805, 41.525572], [140.944704, 41.525663], [140.94459, 41.525587]]], [[[140.944336, 41.525887], [140.944444, 41.525968], [140.944342, 41.526111], [140.944107, 41.526006], [140.944336, 41.525887]]], [[[140.944095, 41.527255], [140.943967, 41.527192], [140.944064, 41.527155], [140.944126, 41.527192], [140.944095, 41.527255]]], [[[140.944146, 41.527464], [140.944, 41.527598], [140.943872, 41.527526], [140.943961, 41.527307], [140.944146, 41.527464]]], [[[140.943651, 41.52766], [140.943377, 41.52756], [140.943486, 41.52735], [140.943714, 41.52746], [140.943651, 41.52766]]], [[[140.939229, 41.529741], [140.939324, 41.529774], [140.93919, 41.529984], [140.939108, 41.529898], [140.939229, 41.529741]]], [[[140.938873, 41.529903], [140.938961, 41.529837], [140.938981, 41.529998], [140.938893, 41.530008], [140.938873, 41.529903]]], [[[140.938708, 41.530094], [140.93879, 41.530094], [140.938771, 41.530256], [140.938676, 41.530275], [140.938708, 41.530094]]], [[[141.055661, 41.48318], [141.055656, 41.483138], [141.055749, 41.483165], [141.055702, 41.483212], [141.055661, 41.48318]]], [[[141.056141, 41.483165], [141.056187, 41.483188], [141.056141, 41.483238], [141.056079, 41.483203], [141.056141, 41.483165]]], [[[141.058417, 41.483293], [141.058427, 41.483332], [141.058392, 41.483352], [141.058336, 41.483305], [141.058417, 41.483293]]], [[[141.056852, 41.483316], [141.056904, 41.483359], [141.056884, 41.483386], [141.056837, 41.483378], [141.056852, 41.483316]]], [[[141.049038, 41.483317], [141.049068, 41.483339], [141.049008, 41.483401], [141.048994, 41.483345], [141.049038, 41.483317]]], [[[141.04619, 41.483553], [141.04613, 41.483525], [141.04619, 41.483486], [141.046227, 41.483508], [141.04619, 41.483553]]], [[[141.057476, 41.483494], [141.057527, 41.483561], [141.057486, 41.48358], [141.05742, 41.483526], [141.057476, 41.483494]]], [[[141.047641, 41.483611], [141.047563, 41.483626], [141.047552, 41.483596], [141.047619, 41.48358], [141.047641, 41.483611]]], [[[141.047882, 41.483746], [141.047872, 41.483777], [141.047784, 41.483758], [141.047784, 41.483719], [141.047882, 41.483746]]], [[[140.995217, 41.491825], [140.995284, 41.491711], [140.995361, 41.491781], [140.995325, 41.491853], [140.995217, 41.491825]]], [[[141.070318, 41.480537], [141.070371, 41.480556], [141.070359, 41.480589], [141.070316, 41.480586], [141.070318, 41.480537]]], [[[141.07033, 41.480717], [141.070379, 41.480722], [141.070358, 41.480769], [141.07032, 41.480736], [141.07033, 41.480717]]], [[[141.070291, 41.480875], [141.070263, 41.480904], [141.070226, 41.480891], [141.070241, 41.48084], [141.070291, 41.480875]]], [[[141.07019, 41.480959], [141.070218, 41.480972], [141.070181, 41.480997], [141.070137, 41.480982], [141.07019, 41.480959]]], [[[141.070122, 41.481076], [141.070181, 41.481087], [141.070154, 41.481118], [141.07011, 41.481108], [141.070122, 41.481076]]], [[[141.069979, 41.481138], [141.069957, 41.481105], [141.070033, 41.481096], [141.070013, 41.481128], [141.069979, 41.481138]]], [[[141.070395, 41.481158], [141.070451, 41.481172], [141.070433, 41.481199], [141.070383, 41.481206], [141.070395, 41.481158]]], [[[141.070208, 41.48119], [141.070252, 41.481192], [141.070234, 41.481227], [141.070173, 41.481228], [141.070208, 41.48119]]], [[[141.069897, 41.4812], [141.069957, 41.481193], [141.069944, 41.481235], [141.069893, 41.48124], [141.069897, 41.4812]]], [[[141.070032, 41.481251], [141.070083, 41.481255], [141.070058, 41.481306], [141.070022, 41.48131], [141.070032, 41.481251]]], [[[141.069822, 41.481285], [141.069832, 41.481327], [141.069777, 41.481341], [141.069774, 41.481296], [141.069822, 41.481285]]], [[[141.069718, 41.481426], [141.069747, 41.481453], [141.069724, 41.481496], [141.069676, 41.481482], [141.069718, 41.481426]]], [[[141.069842, 41.481463], [141.069873, 41.481474], [141.069853, 41.481503], [141.069822, 41.481487], [141.069842, 41.481463]]], [[[141.069518, 41.481476], [141.069577, 41.481458], [141.069579, 41.481504], [141.069525, 41.481512], [141.069518, 41.481476]]], [[[141.070436, 41.481481], [141.070459, 41.481518], [141.070398, 41.481538], [141.070389, 41.481503], [141.070436, 41.481481]]], [[[141.06952, 41.48159], [141.06958, 41.48159], [141.069557, 41.481621], [141.069516, 41.481619], [141.06952, 41.48159]]], [[[141.069701, 41.481626], [141.069736, 41.481587], [141.069764, 41.481633], [141.069725, 41.481655], [141.069701, 41.481626]]], [[[141.069555, 41.481695], [141.069567, 41.481719], [141.069516, 41.481738], [141.069513, 41.481709], [141.069555, 41.481695]]], [[[141.069293, 41.481704], [141.069321, 41.481712], [141.069311, 41.481765], [141.069246, 41.481755], [141.069293, 41.481704]]], [[[141.068065, 41.481955], [141.068072, 41.481887], [141.06814, 41.481898], [141.068147, 41.481943], [141.068065, 41.481955]]], [[[141.065746, 41.482686], [141.065724, 41.482698], [141.065724, 41.482625], [141.065761, 41.482653], [141.065746, 41.482686]]], [[[141.063548, 41.48281], [141.063533, 41.482866], [141.063473, 41.48285], [141.06351, 41.482788], [141.063548, 41.48281]]], [[[141.064774, 41.482956], [141.064744, 41.482917], [141.064789, 41.482878], [141.064826, 41.482895], [141.064774, 41.482956]]], [[[141.059257, 41.48315], [141.05933, 41.483146], [141.05933, 41.483177], [141.059252, 41.483188], [141.059257, 41.48315]]], [[[141.059051, 41.48315], [141.059098, 41.483162], [141.059072, 41.483216], [141.059016, 41.483204], [141.059051, 41.48315]]], [[[141.10771, 41.464244], [141.107859, 41.464244], [141.107862, 41.464293], [141.107725, 41.464313], [141.10771, 41.464244]]], [[[141.107872, 41.465165], [141.10777, 41.465153], [141.107785, 41.465073], [141.107836, 41.465084], [141.107872, 41.465165]]], [[[141.10506, 41.465912], [141.104985, 41.465946], [141.104993, 41.465901], [141.105038, 41.465884], [141.10506, 41.465912]]], [[[141.104785, 41.465984], [141.10471, 41.465967], [141.104718, 41.465933], [141.104808, 41.465922], [141.104785, 41.465984]]], [[[141.105354, 41.466012], [141.105385, 41.466061], [141.105331, 41.466097], [141.105301, 41.466007], [141.105354, 41.466012]]], [[[141.104199, 41.466053], [141.104215, 41.466173], [141.10404, 41.466158], [141.103911, 41.465954], [141.104199, 41.466053]]], [[[141.10489, 41.46617], [141.104845, 41.466097], [141.104928, 41.466063], [141.104935, 41.466159], [141.10489, 41.46617]]], [[[141.102079, 41.466233], [141.101727, 41.46613], [141.101822, 41.466129], [141.102089, 41.466216], [141.102079, 41.466233]]], [[[141.101734, 41.466275], [141.101697, 41.466371], [141.101323, 41.466264], [141.101487, 41.466145], [141.101734, 41.466275]]], [[[141.102019, 41.466297], [141.102055, 41.46634], [141.101947, 41.466363], [141.10192, 41.466297], [141.102019, 41.466297]]], [[[141.104417, 41.466526], [141.104396, 41.466591], [141.103996, 41.46646], [141.104222, 41.4664], [141.104417, 41.466526]]], [[[141.088462, 41.47112], [141.088436, 41.471143], [141.08841, 41.47114], [141.088462, 41.47112]]], [[[141.088036, 41.471084], [141.088162, 41.471148], [141.0881, 41.471207], [141.08806, 41.471156], [141.088036, 41.471084]]], [[[141.088822, 41.47122], [141.088853, 41.471232], [141.088827, 41.47126], [141.088797, 41.47126], [141.088822, 41.47122]]], [[[141.088322, 41.47141], [141.088385, 41.471395], [141.088358, 41.471445], [141.088332, 41.471434], [141.088322, 41.47141]]], [[[141.088575, 41.471388], [141.088626, 41.471403], [141.088606, 41.471445], [141.08857, 41.471454], [141.088575, 41.471388]]], [[[141.087456, 41.471558], [141.087497, 41.471578], [141.087446, 41.471632], [141.087415, 41.471585], [141.087456, 41.471558]]], [[[141.087822, 41.471659], [141.087807, 41.471647], [141.087837, 41.471628], [141.087848, 41.471651], [141.087822, 41.471659]]], [[[141.092327, 41.472333], [141.094313, 41.472282], [141.092324, 41.472426], [141.091711, 41.47214], [141.092327, 41.472333]]], [[[141.086227, 41.473095], [141.086031, 41.473048], [141.086144, 41.472979], [141.086191, 41.473009], [141.086227, 41.473095]]], [[[141.086409, 41.473254], [141.086378, 41.473404], [141.085991, 41.473275], [141.086107, 41.473234], [141.086409, 41.473254]]], [[[141.086179, 41.473595], [141.086111, 41.473747], [141.086081, 41.47373], [141.086096, 41.473583], [141.086179, 41.473595]]], [[[141.08668, 41.473798], [141.08686, 41.473816], [141.086627, 41.47391], [141.08641, 41.473708], [141.08668, 41.473798]]], [[[141.086305, 41.474198], [141.086357, 41.474079], [141.086402, 41.474169], [141.086365, 41.474225], [141.086305, 41.474198]]], [[[141.086865, 41.474231], [141.087035, 41.474378], [141.086874, 41.474428], [141.086739, 41.474316], [141.086865, 41.474231]]], [[[141.086462, 41.474502], [141.086342, 41.474468], [141.086357, 41.474411], [141.086485, 41.474462], [141.086462, 41.474502]]], [[[141.08724, 41.474478], [141.087391, 41.474494], [141.087397, 41.474541], [141.087255, 41.474603], [141.08724, 41.474478]]]]}, "properties": {"N03_001": "青森県", "N03_002": null, "N03_003": "下北郡", "N03_004": "風間浦村", "N03_005": null, "N03_007": "02425"}}, {"type": "Feature", "geometry": {"type": "MultiPolygon", "coordinates": [[[[140.882387, 41.468213], [140.882165, 41.468195], [140.884951, 41.467119], [140.877577, 41.456866], [140.878316, 41.454065], [140.878312, 41.45406], [140.878317, 41.454059], [140.878619, 41.452915], [140.874815, 41.452098], [140.874801, 41.452103], [140.874804, 41.452096], [140.871213, 41.451326], [140.866421, 41.44704], [140.866402, 41.447059], [140.866317, 41.447017], [140.866373, 41.446997], [140.865134, 41.445889], [140.866226, 41.435643], [140.855413, 41.432008], [140.854903, 41.432916], [140.859641, 41.43497], [140.860718, 41.436491], [140.854024, 41.432874], [140.848875, 41.421877], [140.837743, 41.420366], [140.835266, 41.415913], [140.839008, 41.413414], [140.83151, 41.398554], [140.831893, 41.399732], [140.830706, 41.401032], [140.829218, 41.395076], [140.829169, 41.395089], [140.8292, 41.395003], [140.829054, 41.39442], [140.828869, 41.394478], [140.828907, 41.394308], [140.829024, 41.394298], [140.828892, 41.393771], [140.828822, 41.393786], [140.828787, 41.39371], [140.828876, 41.393705], [140.828802, 41.393411], [140.828775, 41.393374], [140.828793, 41.393372], [140.827132, 41.386723], [140.827307, 41.380403], [140.82727, 41.380414], [140.827157, 41.380368], [140.827255, 41.380284], [140.827308, 41.380377], [140.827571, 41.370907], [140.824141, 41.369057], [140.820328, 41.34601], [140.81514, 41.337514], [140.81513, 41.337516], [140.815015, 41.337376], [140.81505, 41.337365], [140.814049, 41.335727], [140.813282, 41.335276], [140.813292, 41.335288], [140.813275, 41.3353], [140.813195, 41.335261], [140.813232, 41.335246], [140.801008, 41.328047], [140.806361, 41.328557], [140.807195, 41.327135], [140.798742, 41.321359], [140.806254, 41.314155], [140.798515, 41.299244], [140.798513, 41.299262], [140.798413, 41.299288], [140.798436, 41.299196], [140.798505, 41.299225], [140.798375, 41.298974], [140.802076, 41.292619], [140.798402, 41.294304], [140.798118, 41.292641], [140.798064, 41.292624], [140.79808, 41.29259], [140.798111, 41.292597], [140.797997, 41.291931], [140.797915, 41.291895], [140.797977, 41.291814], [140.797751, 41.290487], [140.797658, 41.290536], [140.797393, 41.290417], [140.797727, 41.290344], [140.797525, 41.289158], [140.797467, 41.289181], [140.797377, 41.28905], [140.797499, 41.28901], [140.797158, 41.287009], [140.797083, 41.286967], [140.797142, 41.286932], [140.797146, 41.286936], [140.796786, 41.284825], [140.796767, 41.284828], [140.796745, 41.284757], [140.796773, 41.284748], [140.795783, 41.27894], [140.794226, 41.277954], [140.794161, 41.278006], [140.793953, 41.277967], [140.794112, 41.277903], [140.794167, 41.277917], [140.792139, 41.276634], [140.792023, 41.276638], [140.792048, 41.276576], [140.789363, 41.274876], [140.791576, 41.271104], [140.78532, 41.256007], [140.779685, 41.252918], [140.785593, 41.234715], [140.78463, 41.231429], [140.784514, 41.231497], [140.784464, 41.231428], [140.784537, 41.231384], [140.784628, 41.231423], [140.784129, 41.229721], [140.784136, 41.229755], [140.784034, 41.229785], [140.783954, 41.229674], [140.784115, 41.229673], [140.782113, 41.222841], [140.782075, 41.222839], [140.782093, 41.222771], [140.778871, 41.211778], [140.778691, 41.211653], [140.778826, 41.211623], [140.778431, 41.210276], [140.792574, 41.216978], [140.792714, 41.222841], [140.798278, 41.222841], [140.818257, 41.232997], [140.822819, 41.239446], [140.823605, 41.247572], [140.815922, 41.256186], [140.825764, 41.268874], [140.826336, 41.268905], [140.841818, 41.269756], [140.85242, 41.261581], [140.871272, 41.259651], [140.864634, 41.261129], [140.860052, 41.26824], [140.853511, 41.269885], [140.855722, 41.273673], [140.850002, 41.282494], [140.851618, 41.287741], [140.846321, 41.294196], [140.834736, 41.299098], [140.834153, 41.299345], [140.834827, 41.300515], [140.839225, 41.30815], [140.845634, 41.306919], [140.848863, 41.314183], [140.849314, 41.314229], [140.859292, 41.315246], [140.861332, 41.321717], [140.861362, 41.32181], [140.868915, 41.321108], [140.875905, 41.332879], [140.874101, 41.33541], [140.884573, 41.350911], [140.903507, 41.361799], [140.902482, 41.364544], [140.918328, 41.368394], [140.911781, 41.374362], [140.911619, 41.37451], [140.913892, 41.37846], [140.915096, 41.380553], [140.915189, 41.380714], [140.925212, 41.382027], [140.933146, 41.393131], [140.927628, 41.398553], [140.937361, 41.407784], [140.937729, 41.414722], [140.940367, 41.42106], [140.930171, 41.426492], [140.928551, 41.427356], [140.928492, 41.427307], [140.923232, 41.422999], [140.918345, 41.425759], [140.916455, 41.432192], [140.91643, 41.432275], [140.906843, 41.43476], [140.905818, 41.435857], [140.897329, 41.449998], [140.896739, 41.451323], [140.897655, 41.461279], [140.888072, 41.468667], [140.882387, 41.468213]]], [[[140.779709, 41.217565], [140.779772, 41.217552], [140.779814, 41.217592], [140.779752, 41.217634], [140.779709, 41.217565]]], [[[140.781279, 41.221163], [140.781165, 41.221235], [140.780935, 41.22111], [140.781115, 41.221015], [140.781279, 41.221163]]], [[[140.781856, 41.223724], [140.78177, 41.223801], [140.781711, 41.223712], [140.781849, 41.22366], [140.781856, 41.223724]]], [[[140.781089, 41.223758], [140.781191, 41.223743], [140.781214, 41.223825], [140.781054, 41.223818], [140.781089, 41.223758]]], [[[140.781482, 41.223941], [140.781306, 41.224134], [140.780736, 41.223999], [140.780965, 41.223884], [140.781482, 41.223941]]], [[[140.781915, 41.224152], [140.781967, 41.224095], [140.782049, 41.224154], [140.781989, 41.224192], [140.781915, 41.224152]]], [[[140.782576, 41.227196], [140.782701, 41.227419], [140.782382, 41.227516], [140.782288, 41.227196], [140.782576, 41.227196]]], [[[140.783658, 41.228547], [140.783713, 41.228523], [140.783772, 41.228601], [140.783703, 41.228631], [140.783658, 41.228547]]], [[[140.783678, 41.228725], [140.783743, 41.228694], [140.783777, 41.228723], [140.783737, 41.22875], [140.783678, 41.228725]]], [[[140.783538, 41.229325], [140.783648, 41.229299], [140.783687, 41.229385], [140.783583, 41.229394], [140.783538, 41.229325]]], [[[140.783776, 41.229794], [140.783852, 41.229805], [140.783888, 41.229858], [140.783741, 41.229897], [140.783776, 41.229794]]], [[[140.784216, 41.231288], [140.784276, 41.231233], [140.784351, 41.231334], [140.784312, 41.231353], [140.784216, 41.231288]]], [[[140.783779, 41.232169], [140.783671, 41.231737], [140.784103, 41.231751], [140.784218, 41.232059], [140.783779, 41.232169]]], [[[140.783981, 41.234333], [140.784258, 41.234311], [140.784298, 41.234457], [140.783937, 41.234381], [140.783981, 41.234333]]], [[[140.784222, 41.236029], [140.784273, 41.236137], [140.784058, 41.236052], [140.784153, 41.236022], [140.784222, 41.236029]]], [[[140.784022, 41.236291], [140.784125, 41.236229], [140.784159, 41.236275], [140.78412, 41.23632], [140.784022, 41.236291]]], [[[140.784012, 41.236391], [140.784054, 41.236448], [140.783917, 41.236474], [140.783933, 41.236412], [140.784012, 41.236391]]], [[[140.783845, 41.236646], [140.783829, 41.236795], [140.783612, 41.236709], [140.783678, 41.236665], [140.783845, 41.236646]]], [[[140.78373, 41.237626], [140.783763, 41.237625], [140.783845, 41.237706], [140.783765, 41.237716], [140.78373, 41.237626]]], [[[140.78385, 41.238432], [140.783917, 41.238441], [140.783919, 41.238559], [140.783787, 41.238534], [140.78385, 41.238432]]], [[[140.78208, 41.241796], [140.78194, 41.241747], [140.78194, 41.241682], [140.78209, 41.241731], [140.78208, 41.241796]]], [[[140.782564, 41.241807], [140.782535, 41.24192], [140.782335, 41.241874], [140.782392, 41.241759], [140.782564, 41.241807]]], [[[140.782163, 41.241949], [140.782078, 41.24206], [140.78189, 41.241993], [140.78203, 41.241922], [140.782163, 41.241949]]], [[[140.781654, 41.242702], [140.781723, 41.242756], [140.781699, 41.242829], [140.781646, 41.242791], [140.781654, 41.242702]]], [[[140.781244, 41.242877], [140.781288, 41.242832], [140.781375, 41.242882], [140.78131, 41.242926], [140.781244, 41.242877]]], [[[140.781594, 41.244033], [140.7816, 41.244004], [140.781681, 41.24401], [140.781633, 41.244077], [140.781594, 41.244033]]], [[[140.780706, 41.244103], [140.780674, 41.244191], [140.780468, 41.244132], [140.780569, 41.244026], [140.780706, 41.244103]]], [[[140.780961, 41.24418], [140.780965, 41.244299], [140.780791, 41.244248], [140.78087, 41.244138], [140.780961, 41.24418]]], [[[140.781341, 41.244355], [140.781321, 41.244351], [140.781326, 41.24429], [140.78139, 41.244312], [140.781341, 41.244355]]], [[[140.781178, 41.244444], [140.781135, 41.244491], [140.781109, 41.244479], [140.781104, 41.244419], [140.781178, 41.244444]]], [[[140.780549, 41.244419], [140.78076, 41.244481], [140.780743, 41.244639], [140.780528, 41.244536], [140.780549, 41.244419]]], [[[140.780874, 41.246065], [140.780776, 41.246026], [140.780769, 41.245962], [140.780916, 41.24598], [140.780874, 41.246065]]], [[[140.781048, 41.246685], [140.781106, 41.246599], [140.781175, 41.246634], [140.781146, 41.246678], [140.781048, 41.246685]]], [[[140.77968, 41.248532], [140.77965, 41.248659], [140.779521, 41.248614], [140.779569, 41.248507], [140.77968, 41.248532]]], [[[140.779541, 41.249474], [140.779614, 41.249497], [140.779591, 41.249557], [140.779505, 41.249542], [140.779541, 41.249474]]], [[[140.778825, 41.249837], [140.778796, 41.249974], [140.778648, 41.249922], [140.778675, 41.249839], [140.778825, 41.249837]]], [[[140.779651, 41.251931], [140.779615, 41.251897], [140.779638, 41.251836], [140.77972, 41.251893], [140.779651, 41.251931]]], [[[140.779398, 41.252216], [140.779434, 41.25217], [140.779498, 41.252203], [140.779428, 41.25226], [140.779398, 41.252216]]], [[[140.779739, 41.252306], [140.779731, 41.252262], [140.779785, 41.252241], [140.779801, 41.252299], [140.779739, 41.252306]]], [[[140.779559, 41.252944], [140.779458, 41.252909], [140.779423, 41.25282], [140.779496, 41.252798], [140.779559, 41.252944]]], [[[140.779673, 41.253614], [140.779736, 41.253604], [140.779775, 41.25368], [140.779714, 41.253675], [140.779673, 41.253614]]], [[[140.781113, 41.254134], [140.781028, 41.254254], [140.780889, 41.254114], [140.781039, 41.254064], [140.781113, 41.254134]]], [[[140.784491, 41.231167], [140.784539, 41.23124], [140.784469, 41.231266], [140.784452, 41.231173], [140.784491, 41.231167]]], [[[140.784362, 41.232193], [140.784566, 41.23231], [140.784546, 41.232653], [140.784059, 41.232374], [140.784362, 41.232193]]], [[[140.784957, 41.232779], [140.784861, 41.23274], [140.784931, 41.232673], [140.784999, 41.232693], [140.784957, 41.232779]]], [[[140.784583, 41.234388], [140.784602, 41.234487], [140.784438, 41.234445], [140.784451, 41.234388], [140.784583, 41.234388]]], [[[140.784898, 41.235247], [140.784983, 41.235333], [140.784668, 41.235298], [140.784773, 41.23523], [140.784898, 41.235247]]], [[[140.784327, 41.255535], [140.784291, 41.255596], [140.78424, 41.255519], [140.784275, 41.255516], [140.784327, 41.255535]]], [[[140.785127, 41.256872], [140.785205, 41.256798], [140.785275, 41.256869], [140.785195, 41.256912], [140.785127, 41.256872]]], [[[140.785091, 41.257205], [140.784975, 41.257222], [140.784943, 41.2571], [140.785066, 41.257097], [140.785091, 41.257205]]], [[[140.784685, 41.257499], [140.78473, 41.257392], [140.784858, 41.257441], [140.784791, 41.257562], [140.784685, 41.257499]]], [[[140.785001, 41.258346], [140.784911, 41.258287], [140.784995, 41.25819], [140.785127, 41.258319], [140.785001, 41.258346]]], [[[140.785175, 41.258736], [140.785133, 41.258708], [140.78514, 41.258665], [140.785182, 41.258684], [140.785175, 41.258736]]], [[[140.784494, 41.261304], [140.784713, 41.261334], [140.784797, 41.261451], [140.784662, 41.261454], [140.784494, 41.261304]]], [[[140.785265, 41.261592], [140.785278, 41.261784], [140.784984, 41.261465], [140.785104, 41.26146], [140.785265, 41.261592]]], [[[140.7861, 41.262198], [140.786188, 41.26219], [140.786214, 41.262247], [140.786114, 41.262244], [140.7861, 41.262198]]], [[[140.786561, 41.262464], [140.786704, 41.262502], [140.786726, 41.262555], [140.786539, 41.262534], [140.786561, 41.262464]]], [[[140.787443, 41.262838], [140.787408, 41.262864], [140.787355, 41.262816], [140.787381, 41.262779], [140.787443, 41.262838]]], [[[140.787608, 41.263234], [140.787594, 41.263274], [140.787524, 41.263234], [140.787533, 41.263198], [140.787608, 41.263234]]], [[[140.787646, 41.263847], [140.787691, 41.263942], [140.78762, 41.263947], [140.787565, 41.263865], [140.787646, 41.263847]]], [[[140.788142, 41.265758], [140.788007, 41.2657], [140.788104, 41.265653], [140.788204, 41.265711], [140.788142, 41.265758]]], [[[140.78865, 41.265909], [140.788785, 41.266176], [140.788297, 41.265821], [140.788536, 41.265794], [140.78865, 41.265909]]], [[[140.789387, 41.269591], [140.789312, 41.269535], [140.789377, 41.269467], [140.789487, 41.269586], [140.789387, 41.269591]]], [[[140.789634, 41.269927], [140.789587, 41.269822], [140.789603, 41.269793], [140.789719, 41.269854], [140.789634, 41.269927]]], [[[140.789874, 41.270255], [140.789793, 41.270279], [140.789736, 41.270189], [140.789836, 41.270155], [140.789874, 41.270255]]], [[[140.790109, 41.270423], [140.790038, 41.270423], [140.790038, 41.270379], [140.790071, 41.27036], [140.790109, 41.270423]]], [[[140.790719, 41.270652], [140.790481, 41.270702], [140.790413, 41.270622], [140.790603, 41.27052], [140.790719, 41.270652]]], [[[140.790851, 41.271457], [140.790935, 41.271584], [140.79087, 41.271616], [140.79077, 41.271494], [140.790851, 41.271457]]], [[[140.790754, 41.271893], [140.790644, 41.271966], [140.790476, 41.271772], [140.790686, 41.271796], [140.790754, 41.271893]]], [[[140.789209, 41.272696], [140.789189, 41.272783], [140.789066, 41.272735], [140.789128, 41.272661], [140.789209, 41.272696]]], [[[140.793169, 41.277446], [140.793128, 41.277502], [140.792976, 41.277373], [140.793082, 41.277329], [140.793169, 41.277446]]], [[[140.792627, 41.277414], [140.792563, 41.27749], [140.792482, 41.277424], [140.792563, 41.277378], [140.792627, 41.277414]]], [[[140.793192, 41.277575], [140.793318, 41.277529], [140.793369, 41.277619], [140.793196, 41.27768], [140.793192, 41.277575]]], [[[140.793553, 41.277957], [140.793724, 41.27794], [140.793761, 41.278159], [140.793589, 41.278196], [140.793553, 41.277957]]], [[[140.792989, 41.2785], [140.792833, 41.27841], [140.793116, 41.27841], [140.793176, 41.278477], [140.792989, 41.2785]]], [[[140.79495, 41.279926], [140.794728, 41.279955], [140.794593, 41.279911], [140.794793, 41.279726], [140.79495, 41.279926]]], [[[140.794412, 41.280405], [140.79435, 41.280412], [140.794328, 41.280311], [140.794418, 41.28032], [140.794412, 41.280405]]], [[[140.794683, 41.280583], [140.79484, 41.280539], [140.794932, 41.280675], [140.794747, 41.280702], [140.794683, 41.280583]]], [[[140.79486, 41.280933], [140.794911, 41.281142], [140.794593, 41.281067], [140.79465, 41.28094], [140.79486, 41.280933]]], [[[140.796112, 41.284682], [140.796271, 41.284658], [140.79631, 41.284777], [140.796135, 41.284733], [140.796112, 41.284682]]], [[[140.796151, 41.285604], [140.796112, 41.28555], [140.796312, 41.285592], [140.796257, 41.285631], [140.796151, 41.285604]]], [[[140.796579, 41.285711], [140.796483, 41.285665], [140.796487, 41.285626], [140.796579, 41.285636], [140.796579, 41.285711]]], [[[140.796457, 41.286903], [140.796528, 41.286952], [140.796528, 41.287008], [140.796438, 41.286918], [140.796457, 41.286903]]], [[[140.796477, 41.285307], [140.796516, 41.28521], [140.796632, 41.285287], [140.796596, 41.285346], [140.796477, 41.285307]]], [[[140.797051, 41.287064], [140.797061, 41.287139], [140.796977, 41.287125], [140.796973, 41.287086], [140.797051, 41.287064]]], [[[140.796796, 41.287215], [140.796706, 41.287215], [140.796657, 41.287157], [140.796773, 41.287107], [140.796796, 41.287215]]], [[[140.797351, 41.288757], [140.797406, 41.288794], [140.797336, 41.288865], [140.797306, 41.288847], [140.797351, 41.288757]]], [[[140.796793, 41.28896], [140.796726, 41.288991], [140.796573, 41.288908], [140.796596, 41.288867], [140.796793, 41.28896]]], [[[140.797683, 41.290919], [140.797622, 41.290933], [140.797622, 41.290865], [140.797689, 41.290872], [140.797683, 41.290919]]], [[[140.797428, 41.291388], [140.797251, 41.291208], [140.797238, 41.290975], [140.797651, 41.291075], [140.797428, 41.291388]]], [[[140.798009, 41.292299], [140.797825, 41.2924], [140.797793, 41.292154], [140.797893, 41.292145], [140.798009, 41.292299]]], [[[140.797276, 41.295327], [140.797108, 41.295333], [140.797109, 41.294245], [140.797309, 41.294245], [140.797276, 41.295327]]], [[[140.799001, 41.301839], [140.798952, 41.302019], [140.798742, 41.301721], [140.798891, 41.301705], [140.799001, 41.301839]]], [[[140.802396, 41.31135], [140.80225, 41.311432], [140.802247, 41.310853], [140.802453, 41.310887], [140.802396, 41.31135]]], [[[140.803877, 41.312225], [140.803951, 41.312191], [140.803996, 41.312254], [140.803947, 41.312279], [140.803877, 41.312225]]], [[[140.804951, 41.312999], [140.805041, 41.312946], [140.805169, 41.313036], [140.805037, 41.313097], [140.804951, 41.312999]]], [[[140.804489, 41.313948], [140.804557, 41.313929], [140.804673, 41.31399], [140.804614, 41.314019], [140.804489, 41.313948]]], [[[140.805599, 41.31406], [140.805747, 41.314084], [140.805769, 41.314174], [140.805563, 41.314199], [140.805599, 41.31406]]], [[[140.805302, 41.314228], [140.805347, 41.314289], [140.805276, 41.314323], [140.805214, 41.314267], [140.805302, 41.314228]]], [[[140.805224, 41.314758], [140.805267, 41.314802], [140.805202, 41.314805], [140.805224, 41.314758]]], [[[140.805083, 41.314887], [140.805153, 41.314924], [140.804969, 41.314937], [140.804979, 41.314885], [140.805083, 41.314887]]], [[[140.804692, 41.314963], [140.804782, 41.314956], [140.804824, 41.315007], [140.804673, 41.314982], [140.804692, 41.314963]]], [[[140.802569, 41.327913], [140.8026, 41.327877], [140.802668, 41.327932], [140.802623, 41.327962], [140.802569, 41.327913]]], [[[140.802851, 41.327911], [140.802968, 41.327997], [140.802929, 41.328066], [140.802805, 41.327922], [140.802851, 41.327911]]], [[[140.802991, 41.329379], [140.802953, 41.329412], [140.802883, 41.329394], [140.802846, 41.329337], [140.802991, 41.329379]]], [[[140.803414, 41.329685], [140.80354, 41.330038], [140.802903, 41.329555], [140.803141, 41.329482], [140.803414, 41.329685]]], [[[140.803496, 41.33047], [140.803671, 41.330444], [140.803741, 41.330624], [140.803642, 41.330626], [140.803496, 41.33047]]], [[[140.804015, 41.330826], [140.803965, 41.330861], [140.803916, 41.33082], [140.803939, 41.330798], [140.804015, 41.330826]]], [[[140.804172, 41.330888], [140.804257, 41.330879], [140.804269, 41.330914], [140.804216, 41.330943], [140.804172, 41.330888]]], [[[140.804505, 41.332189], [140.80461, 41.33222], [140.804557, 41.332358], [140.804431, 41.332279], [140.804505, 41.332189]]], [[[140.805265, 41.332382], [140.805328, 41.33234], [140.80539, 41.33238], [140.805306, 41.332398], [140.805265, 41.332382]]], [[[140.805037, 41.332453], [140.804962, 41.332435], [140.804971, 41.332409], [140.805061, 41.332406], [140.805037, 41.332453]]], [[[140.805372, 41.332481], [140.805344, 41.332677], [140.805181, 41.332675], [140.805142, 41.332598], [140.805372, 41.332481]]], [[[140.806348, 41.333422], [140.806556, 41.333506], [140.806747, 41.333615], [140.806276, 41.333449], [140.806348, 41.333422]]], [[[140.806858, 41.333485], [140.807121, 41.333632], [140.807155, 41.333665], [140.806987, 41.333697], [140.806858, 41.333485]]], [[[140.807751, 41.334342], [140.807745, 41.33449], [140.807427, 41.334295], [140.807505, 41.334235], [140.807751, 41.334342]]], [[[140.808395, 41.3339], [140.808518, 41.333846], [140.808635, 41.333934], [140.808565, 41.334015], [140.808395, 41.3339]]], [[[140.80819, 41.334204], [140.808267, 41.334038], [140.808377, 41.334153], [140.808326, 41.334244], [140.80819, 41.334204]]], [[[140.811113, 41.334358], [140.811062, 41.33437], [140.810967, 41.334341], [140.811018, 41.334295], [140.811113, 41.334358]]], [[[140.811667, 41.334711], [140.811734, 41.33461], [140.81188, 41.334632], [140.811794, 41.334759], [140.811667, 41.334711]]], [[[140.811177, 41.334692], [140.811107, 41.334723], [140.811059, 41.33468], [140.811132, 41.33466], [140.811177, 41.334692]]], [[[140.819078, 41.344498], [140.81928, 41.344431], [140.81933, 41.344608], [140.819226, 41.344634], [140.819078, 41.344498]]], [[[140.821144, 41.35473], [140.821284, 41.354714], [140.821361, 41.354848], [140.821144, 41.354837], [140.821144, 41.35473]]], [[[140.824108, 41.369389], [140.82395, 41.369378], [140.823933, 41.369316], [140.824135, 41.369287], [140.824108, 41.369389]]], [[[140.823784, 41.369371], [140.823664, 41.369405], [140.823641, 41.36932], [140.823776, 41.369309], [140.823784, 41.369371]]], [[[140.824921, 41.369846], [140.82478, 41.369677], [140.825041, 41.369626], [140.825084, 41.369902], [140.824921, 41.369846]]], [[[140.826316, 41.372177], [140.826353, 41.372115], [140.826481, 41.372177], [140.826341, 41.372239], [140.826316, 41.372177]]], [[[140.825826, 41.372876], [140.825853, 41.372802], [140.825965, 41.372861], [140.82588, 41.372966], [140.825826, 41.372876]]], [[[140.825952, 41.373176], [140.826037, 41.373138], [140.826126, 41.373215], [140.825968, 41.373269], [140.825952, 41.373176]]], [[[140.826638, 41.373426], [140.826547, 41.373473], [140.826493, 41.373409], [140.826582, 41.373363], [140.826638, 41.373426]]], [[[140.826205, 41.374152], [140.8263, 41.374069], [140.826392, 41.374107], [140.826347, 41.374193], [140.826205, 41.374152]]], [[[140.826556, 41.376761], [140.826616, 41.376717], [140.826692, 41.376775], [140.82655, 41.376853], [140.826556, 41.376761]]], [[[140.826602, 41.381837], [140.826625, 41.381719], [140.826811, 41.381764], [140.826786, 41.381867], [140.826602, 41.381837]]], [[[140.8266, 41.383096], [140.82666, 41.383044], [140.826763, 41.383065], [140.826637, 41.383132], [140.8266, 41.383096]]], [[[140.826677, 41.384633], [140.826615, 41.384607], [140.826687, 41.384535], [140.826737, 41.3846], [140.826677, 41.384633]]], [[[140.826611, 41.384817], [140.826687, 41.38475], [140.82675, 41.384781], [140.826662, 41.384826], [140.826611, 41.384817]]], [[[140.826617, 41.385027], [140.826516, 41.385038], [140.82649, 41.384967], [140.82658, 41.384941], [140.826617, 41.385027]]], [[[140.826772, 41.385317], [140.826817, 41.385343], [140.826844, 41.385453], [140.826677, 41.385367], [140.826772, 41.385317]]], [[[140.826748, 41.389293], [140.826897, 41.389241], [140.827032, 41.38936], [140.826827, 41.389405], [140.826748, 41.389293]]], [[[140.824433, 41.389468], [140.824433, 41.389321], [140.824638, 41.389321], [140.824705, 41.389372], [140.824433, 41.389468]]], [[[140.827089, 41.390774], [140.827191, 41.390637], [140.827336, 41.39067], [140.827371, 41.390737], [140.827089, 41.390774]]], [[[140.828872, 41.394951], [140.828865, 41.394868], [140.828942, 41.394839], [140.828945, 41.394934], [140.828872, 41.394951]]], [[[140.813593, 41.398762], [140.813712, 41.398753], [140.813836, 41.3989], [140.813396, 41.398853], [140.813593, 41.398762]]], [[[140.814673, 41.403189], [140.814595, 41.403189], [140.814578, 41.403143], [140.814717, 41.403145], [140.814673, 41.403189]]], [[[140.832485, 41.40433], [140.832649, 41.404323], [140.832646, 41.40443], [140.832472, 41.404457], [140.832485, 41.40433]]], [[[140.832681, 41.406029], [140.832577, 41.406276], [140.832266, 41.406129], [140.832396, 41.405889], [140.832681, 41.406029]]], [[[140.832415, 41.406723], [140.832384, 41.406642], [140.83248, 41.406625], [140.832475, 41.406713], [140.832415, 41.406723]]], [[[140.832817, 41.405877], [140.832804, 41.405748], [140.832861, 41.405718], [140.832987, 41.405753], [140.832817, 41.405877]]], [[[140.835177, 41.406888], [140.835357, 41.406957], [140.834967, 41.40703], [140.83499, 41.406973], [140.835177, 41.406888]]], [[[140.834841, 41.408803], [140.834925, 41.408727], [140.834979, 41.408877], [140.834902, 41.408913], [140.834841, 41.408803]]], [[[140.83513, 41.408901], [140.835177, 41.408758], [140.835289, 41.408818], [140.835221, 41.40895], [140.83513, 41.408901]]], [[[140.835642, 41.408727], [140.835801, 41.409016], [140.835719, 41.409226], [140.835566, 41.408868], [140.835642, 41.408727]]], [[[140.835396, 41.40913], [140.835431, 41.409028], [140.835506, 41.409218], [140.835427, 41.40924], [140.835396, 41.40913]]], [[[140.835405, 41.409392], [140.835266, 41.409377], [140.835506, 41.409295], [140.835519, 41.409337], [140.835405, 41.409392]]], [[[140.834982, 41.409456], [140.835114, 41.409428], [140.835155, 41.409485], [140.83502, 41.409575], [140.834982, 41.409456]]], [[[140.835162, 41.409591], [140.835342, 41.409495], [140.835535, 41.409688], [140.835161, 41.409741], [140.835162, 41.409591]]], [[[140.835454, 41.410788], [140.835401, 41.410689], [140.835467, 41.41068], [140.835467, 41.410788], [140.835454, 41.410788]]], [[[140.83612, 41.41104], [140.835697, 41.410917], [140.83555, 41.410573], [140.835972, 41.410552], [140.83612, 41.41104]]], [[[140.835555, 41.410861], [140.835506, 41.410813], [140.835514, 41.410757], [140.835551, 41.410779], [140.835555, 41.410861]]], [[[140.83567, 41.410922], [140.835644, 41.411016], [140.8356, 41.411036], [140.83558, 41.410876], [140.83567, 41.410922]]], [[[140.837081, 41.411703], [140.837124, 41.411589], [140.837241, 41.411666], [140.837224, 41.41168], [140.837081, 41.411703]]], [[[140.836636, 41.411749], [140.836741, 41.411697], [140.83657, 41.411888], [140.836547, 41.411852], [140.836636, 41.411749]]], [[[140.837857, 41.412214], [140.837781, 41.412248], [140.837709, 41.412209], [140.837813, 41.412169], [140.837857, 41.412214]]], [[[140.837997, 41.412338], [140.837968, 41.41225], [140.838003, 41.412224], [140.838059, 41.412295], [140.837997, 41.412338]]], [[[140.837826, 41.412639], [140.837828, 41.412404], [140.837958, 41.41245], [140.837939, 41.412653], [140.837826, 41.412639]]], [[[140.83744, 41.412831], [140.83751, 41.4127], [140.837661, 41.412755], [140.837683, 41.412884], [140.83744, 41.412831]]], [[[140.836316, 41.418832], [140.836678, 41.419212], [140.836681, 41.419537], [140.835964, 41.419017], [140.836316, 41.418832]]], [[[140.837943, 41.420466], [140.837824, 41.420577], [140.837734, 41.420571], [140.837748, 41.420521], [140.837943, 41.420466]]], [[[140.844325, 41.421369], [140.844412, 41.421291], [140.844502, 41.421366], [140.844335, 41.421509], [140.844325, 41.421369]]], [[[140.84744, 41.421926], [140.847515, 41.421843], [140.847673, 41.421907], [140.847566, 41.421955], [140.84744, 41.421926]]], [[[140.850192, 41.42596], [140.850231, 41.426038], [140.850197, 41.42607], [140.850145, 41.42601], [140.850192, 41.42596]]], [[[140.849466, 41.426235], [140.849332, 41.426278], [140.849275, 41.426167], [140.849442, 41.426127], [140.849466, 41.426235]]], [[[140.850012, 41.426269], [140.850041, 41.426311], [140.849997, 41.42644], [140.849955, 41.42629], [140.850012, 41.426269]]], [[[140.850131, 41.42669], [140.850131, 41.426615], [140.85025, 41.426619], [140.850207, 41.426709], [140.850131, 41.42669]]], [[[140.850582, 41.427166], [140.850554, 41.427034], [140.850701, 41.427098], [140.850716, 41.427155], [140.850582, 41.427166]]], [[[140.850265, 41.428275], [140.850112, 41.428318], [140.850075, 41.428193], [140.85017, 41.428203], [140.850265, 41.428275]]], [[[140.850304, 41.429115], [140.850189, 41.429151], [140.850075, 41.429097], [140.850146, 41.429026], [140.850304, 41.429115]]], [[[140.850046, 41.42929], [140.850127, 41.429262], [140.850227, 41.42934], [140.85007, 41.429415], [140.850046, 41.42929]]], [[[140.851979, 41.430003], [140.852051, 41.429935], [140.852145, 41.430034], [140.852119, 41.43006], [140.851979, 41.430003]]], [[[140.850116, 41.430286], [140.850065, 41.430121], [140.850311, 41.430149], [140.850329, 41.430338], [140.850116, 41.430286]]], [[[140.850562, 41.431694], [140.85063, 41.431537], [140.850715, 41.431537], [140.850856, 41.431669], [140.850562, 41.431694]]], [[[140.8642, 41.439154], [140.864317, 41.439174], [140.864338, 41.439255], [140.864268, 41.439248], [140.8642, 41.439154]]], [[[140.864902, 41.438897], [140.864844, 41.43893], [140.864888, 41.438877], [140.864902, 41.438897]]], [[[140.864715, 41.438957], [140.864715, 41.43901], [140.864684, 41.439], [140.86467, 41.43896], [140.864715, 41.438957]]], [[[140.864547, 41.439097], [140.864609, 41.439117], [140.864649, 41.439147], [140.864595, 41.439167], [140.864547, 41.439097]]], [[[140.864822, 41.439221], [140.864769, 41.439228], [140.864729, 41.439197], [140.864813, 41.43914], [140.864822, 41.439221]]], [[[140.864604, 41.439361], [140.864684, 41.439368], [140.864729, 41.439401], [140.864543, 41.439408], [140.864604, 41.439361]]], [[[140.865053, 41.439425], [140.865044, 41.439491], [140.865008, 41.439488], [140.864982, 41.439418], [140.865053, 41.439425]]], [[[140.865487, 41.440052], [140.865532, 41.440192], [140.865234, 41.440329], [140.865145, 41.440062], [140.865487, 41.440052]]], [[[140.864867, 41.440432], [140.864813, 41.440489], [140.864747, 41.440482], [140.864738, 41.440409], [140.864867, 41.440432]]], [[[140.866797, 41.447435], [140.866694, 41.447426], [140.86669, 41.44741], [140.866839, 41.447416], [140.866797, 41.447435]]], [[[140.866269, 41.448592], [140.86626, 41.448506], [140.866435, 41.448586], [140.866367, 41.448634], [140.866269, 41.448592]]], [[[140.866733, 41.448947], [140.866782, 41.448888], [140.866872, 41.448883], [140.866875, 41.44892], [140.866733, 41.448947]]], [[[140.867583, 41.449627], [140.867495, 41.449543], [140.867553, 41.449466], [140.867649, 41.449527], [140.867583, 41.449627]]], [[[140.868999, 41.450801], [140.8691, 41.450734], [140.869139, 41.450763], [140.869037, 41.450844], [140.868999, 41.450801]]], [[[140.869231, 41.450904], [140.869324, 41.450828], [140.869405, 41.450878], [140.86931, 41.450968], [140.869231, 41.450904]]], [[[140.870131, 41.451304], [140.870207, 41.451202], [140.870284, 41.451286], [140.870245, 41.451319], [140.870131, 41.451304]]], [[[140.86995, 41.451719], [140.869947, 41.451888], [140.869811, 41.451934], [140.869894, 41.451733], [140.86995, 41.451719]]], [[[140.869925, 41.452103], [140.869941, 41.452003], [140.870036, 41.452015], [140.870039, 41.452037], [140.869925, 41.452103]]], [[[140.869602, 41.452129], [140.869596, 41.452046], [140.869687, 41.452084], [140.869675, 41.452143], [140.869602, 41.452129]]], [[[140.869739, 41.452251], [140.869817, 41.45226], [140.869824, 41.452292], [140.86976, 41.452318], [140.869739, 41.452251]]], [[[140.874746, 41.452383], [140.874512, 41.452514], [140.874382, 41.452422], [140.8745, 41.452253], [140.874746, 41.452383]]], [[[140.875384, 41.452464], [140.875431, 41.452259], [140.875592, 41.452536], [140.875465, 41.452686], [140.875384, 41.452464]]], [[[140.875722, 41.456049], [140.875539, 41.45613], [140.875475, 41.45609], [140.875646, 41.456035], [140.875722, 41.456049]]], [[[140.876117, 41.456085], [140.876162, 41.456149], [140.876004, 41.456111], [140.876055, 41.456075], [140.876117, 41.456085]]], [[[140.877248, 41.456221], [140.877086, 41.456259], [140.876991, 41.456209], [140.877121, 41.456154], [140.877248, 41.456221]]], [[[140.87678, 41.456259], [140.876782, 41.456315], [140.876662, 41.45622], [140.876687, 41.456194], [140.87678, 41.456259]]], [[[140.875615, 41.45637], [140.875339, 41.456445], [140.875279, 41.456404], [140.875586, 41.45631], [140.875615, 41.45637]]], [[[140.875969, 41.456578], [140.875874, 41.456637], [140.875849, 41.456463], [140.87595, 41.456456], [140.875969, 41.456578]]], [[[140.877222, 41.460241], [140.877147, 41.460334], [140.876811, 41.4604], [140.877125, 41.459914], [140.877222, 41.460241]]], [[[140.877606, 41.460486], [140.877732, 41.460641], [140.877309, 41.460594], [140.877429, 41.460403], [140.877606, 41.460486]]], [[[140.878005, 41.460467], [140.878151, 41.460494], [140.878185, 41.460644], [140.877885, 41.460563], [140.878005, 41.460467]]], [[[140.878932, 41.461427], [140.878998, 41.461527], [140.87887, 41.461579], [140.878837, 41.461479], [140.878932, 41.461427]]], [[[140.879496, 41.461722], [140.879597, 41.461703], [140.879585, 41.461825], [140.87949, 41.461803], [140.879496, 41.461722]]], [[[140.880231, 41.462785], [140.880148, 41.462811], [140.880002, 41.462777], [140.880165, 41.462703], [140.880231, 41.462785]]], [[[140.879927, 41.462899], [140.879857, 41.462932], [140.879793, 41.462853], [140.879847, 41.46283], [140.879927, 41.462899]]], [[[140.880728, 41.463582], [140.880857, 41.463692], [140.880871, 41.463759], [140.88064, 41.463735], [140.880728, 41.463582]]], [[[140.881383, 41.464215], [140.881305, 41.464273], [140.881263, 41.464237], [140.881278, 41.46413], [140.881383, 41.464215]]], [[[140.883577, 41.466674], [140.883336, 41.466674], [140.883197, 41.466521], [140.883746, 41.466512], [140.883577, 41.466674]]]]}, "properties": {"N03_001": "青森県", "N03_002": null, "N03_003": "下北郡", "N03_004": "佐井村", "N03_005": null, "N03_007": "02426"}}, {"type": "Feature", "geometry": {"type": "Polygon", "coordinates": [[[141.162928, 40.314948], [141.159128, 40.305757], [141.15913, 40.305733], [141.168689, 40.306665], [141.172783, 40.310102], [141.197672, 40.307698], [141.218656, 40.315324], [141.226161, 40.327834], [141.232432, 40.328347], [141.247696, 40.340689], [141.26013, 40.341872], [141.262429, 40.349475], [141.276664, 40.344177], [141.289156, 40.349355], [141.292623, 40.352205], [141.29195, 40.357881], [141.295847, 40.360372], [141.29349, 40.363231], [141.310373, 40.366833], [141.317015, 40.372584], [141.316384, 40.372989], [141.31593, 40.374143], [141.313846, 40.379438], [141.311523, 40.38534], [141.309458, 40.387226], [141.304949, 40.386502], [141.301773, 40.385992], [141.30109, 40.385882], [141.300317, 40.386459], [141.288605, 40.395198], [141.286579, 40.396709], [141.277921, 40.394394], [141.271214, 40.392505], [141.271159, 40.392585], [141.263784, 40.403259], [141.255863, 40.401528], [141.254185, 40.406252], [141.252138, 40.403172], [141.224634, 40.399859], [141.211016, 40.414059], [141.204471, 40.418763], [141.198475, 40.415994], [141.175971, 40.416036], [141.172714, 40.42128], [141.16596, 40.419439], [141.150269, 40.421826], [141.132516, 40.41485], [141.12071, 40.416756], [141.120006, 40.416557], [141.118935, 40.416253], [141.112767, 40.414506], [141.095895, 40.405316], [141.084584, 40.41241], [141.07076, 40.411828], [141.051059, 40.407856], [141.041316, 40.400882], [141.030299, 40.406981], [141.01501, 40.406471], [141.004532, 40.410129], [140.990801, 40.402514], [140.982005, 40.411478], [140.981404, 40.405646], [140.985758, 40.403193], [140.987282, 40.395034], [140.998032, 40.396203], [140.999888, 40.389158], [141.009951, 40.386776], [141.012738, 40.383263], [141.02614, 40.38561], [141.033976, 40.387074], [141.034205, 40.387023], [141.036282, 40.386565], [141.040434, 40.385648], [141.040614, 40.385288], [141.042731, 40.381039], [141.052096, 40.375988], [141.080434, 40.375597], [141.09022, 40.372081], [141.102193, 40.377128], [141.12191, 40.370729], [141.138873, 40.369257], [141.14342, 40.364685], [141.164204, 40.367388], [141.164233, 40.36719], [141.165302, 40.359875], [141.181708, 40.357021], [141.177906, 40.35536], [141.183357, 40.351588], [141.177002, 40.345862], [141.182504, 40.333092], [141.182533, 40.333025], [141.172463, 40.328348], [141.169838, 40.324231], [141.172444, 40.319254], [141.162928, 40.314948]]]}, "properties": {"N03_001": "青森県", "N03_002": null, "N03_003": "三戸郡", "N03_004": "三戸町", "N03_005": null, "N03_007": "02441"}}, {"type": "Feature", "geometry": {"type": "Polygon", "coordinates": [[[141.410276, 40.581908], [141.410111, 40.582034], [141.410609, 40.583404], [141.408407, 40.583339], [141.39608, 40.582973], [141.391517, 40.586476], [141.389622, 40.581449], [141.390839, 40.587088], [141.38988, 40.587107], [141.382197, 40.587254], [141.384873, 40.583609], [141.384913, 40.583554], [141.383189, 40.581074], [141.383161, 40.581033], [141.381277, 40.583996], [141.38125, 40.583842], [141.380242, 40.585478], [141.377243, 40.57497], [141.374613, 40.571161], [141.366084, 40.56645], [141.36545, 40.566193], [141.352471, 40.585815], [141.352267, 40.585658], [141.346582, 40.581278], [141.334127, 40.57908], [141.333808, 40.579024], [141.337083, 40.568106], [141.326719, 40.564351], [141.320965, 40.562978], [141.303901, 40.567995], [141.303898, 40.56799], [141.298975, 40.558539], [141.290441, 40.557839], [141.287473, 40.552518], [141.284616, 40.552728], [141.274459, 40.535824], [141.270682, 40.541086], [141.225844, 40.531246], [141.21945, 40.527461], [141.217818, 40.517537], [141.19784, 40.504048], [141.194809, 40.499837], [141.186149, 40.496154], [141.185177, 40.49574], [141.184965, 40.495354], [141.175747, 40.48913], [141.175901, 40.488975], [141.176634, 40.488237], [141.182261, 40.482576], [141.187577, 40.477227], [141.194452, 40.470311], [141.195339, 40.46126], [141.192327, 40.45669], [141.192272, 40.456607], [141.206278, 40.456377], [141.212559, 40.458761], [141.222594, 40.459788], [141.23165, 40.453432], [141.233326, 40.44439], [141.233378, 40.444386], [141.238386, 40.444025], [141.222268, 40.430436], [141.226585, 40.423438], [141.231604, 40.422909], [141.229656, 40.420663], [141.230141, 40.42015], [141.230487, 40.419784], [141.230612, 40.419651], [141.231716, 40.418483], [141.233177, 40.418741], [141.242419, 40.42037], [141.251785, 40.4272], [141.264337, 40.428166], [141.271452, 40.43594], [141.283576, 40.426774], [141.293315, 40.425851], [141.29335, 40.425895], [141.296078, 40.429351], [141.293661, 40.435038], [141.285905, 40.442931], [141.295141, 40.447734], [141.302621, 40.458361], [141.3112, 40.460591], [141.319055, 40.468121], [141.323857, 40.46509], [141.319852, 40.476032], [141.337216, 40.481129], [141.365364, 40.49591], [141.365496, 40.496302], [141.366538, 40.499405], [141.354753, 40.505663], [141.354484, 40.505806], [141.358407, 40.510384], [141.354763, 40.517066], [141.377129, 40.524235], [141.384729, 40.523891], [141.391059, 40.531281], [141.40266, 40.537188], [141.423104, 40.540205], [141.418018, 40.540246], [141.413912, 40.542397], [141.416871, 40.544027], [141.410441, 40.546692], [141.413859, 40.54957], [141.417948, 40.546796], [141.415473, 40.550231], [141.418489, 40.553284], [141.423271, 40.547727], [141.422118, 40.544665], [141.422183, 40.544675], [141.424065, 40.547396], [141.424418, 40.551484], [141.419846, 40.554092], [141.419834, 40.557816], [141.423317, 40.554537], [141.42673, 40.554173], [141.421931, 40.556389], [141.423509, 40.562461], [141.420329, 40.572966], [141.412187, 40.57411], [141.409251, 40.573613], [141.408489, 40.572049], [141.407982, 40.573398], [141.407468, 40.574764], [141.406532, 40.577251], [141.409891, 40.581428], [141.410276, 40.581908]]]}, "properties": {"N03_001": "青森県", "N03_002": null, "N03_003": "三戸郡", "N03_004": "五戸町", "N03_005": null, "N03_007": "02442"}}, {"type": "Feature", "geometry": {"type": "Polygon", "coordinates": [[[140.987282, 40.395034], [140.984409, 40.388427], [140.99406, 40.376546], [140.995013, 40.37017], [140.990961, 40.366989], [140.991183, 40.361064], [140.995432, 40.353365], [140.980899, 40.343268], [140.971859, 40.343709], [140.968354, 40.350866], [140.962081, 40.347134], [140.968171, 40.338722], [140.967417, 40.333662], [140.96255, 40.32817], [140.962578, 40.323162], [140.95734, 40.324516], [140.956896, 40.304718], [140.943974, 40.296259], [140.944598, 40.288138], [140.952393, 40.287419], [140.957582, 40.282038], [140.94571, 40.258075], [140.954242, 40.250549], [140.955365, 40.244475], [140.967039, 40.238016], [140.968588, 40.226396], [140.975961, 40.225763], [140.979822, 40.219657], [140.991046, 40.222807], [141.005809, 40.217898], [141.025978, 40.221681], [141.026839, 40.22657], [141.041553, 40.2342], [141.041882, 40.23686], [141.05972, 40.238158], [141.072402, 40.249869], [141.10406, 40.255734], [141.110055, 40.261052], [141.099849, 40.280958], [141.134391, 40.294745], [141.138373, 40.300497], [141.152238, 40.300871], [141.159194, 40.304788], [141.15913, 40.305733], [141.159128, 40.305757], [141.162928, 40.314948], [141.172444, 40.319254], [141.169838, 40.324231], [141.172463, 40.328348], [141.182533, 40.333025], [141.182504, 40.333092], [141.177002, 40.345862], [141.183357, 40.351588], [141.177906, 40.35536], [141.181708, 40.357021], [141.165302, 40.359875], [141.164233, 40.36719], [141.164204, 40.367388], [141.14342, 40.364685], [141.138873, 40.369257], [141.12191, 40.370729], [141.102193, 40.377128], [141.09022, 40.372081], [141.080434, 40.375597], [141.052096, 40.375988], [141.042731, 40.381039], [141.040614, 40.385288], [141.040434, 40.385648], [141.036282, 40.386565], [141.034205, 40.387023], [141.033976, 40.387074], [141.02614, 40.38561], [141.012738, 40.383263], [141.009951, 40.386776], [140.999888, 40.389158], [140.998032, 40.396203], [140.987282, 40.395034]]]}, "properties": {"N03_001": "青森県", "N03_002": null, "N03_003": "三戸郡", "N03_004": "田子町", "N03_005": null, "N03_007": "02443"}}, {"type": "Feature", "geometry": {"type": "Polygon", "coordinates": [[[141.365364, 40.49591], [141.337216, 40.481129], [141.319852, 40.476032], [141.323857, 40.46509], [141.319055, 40.468121], [141.3112, 40.460591], [141.302621, 40.458361], [141.295141, 40.447734], [141.285905, 40.442931], [141.293661, 40.435038], [141.296078, 40.429351], [141.29335, 40.425895], [141.293315, 40.425851], [141.283576, 40.426774], [141.271452, 40.43594], [141.264337, 40.428166], [141.251785, 40.4272], [141.242419, 40.42037], [141.233177, 40.418741], [141.231716, 40.418483], [141.230612, 40.419651], [141.225655, 40.418237], [141.211016, 40.414059], [141.224634, 40.399859], [141.252138, 40.403172], [141.254185, 40.406252], [141.255863, 40.401528], [141.263784, 40.403259], [141.271159, 40.392585], [141.271214, 40.392505], [141.277921, 40.394394], [141.286579, 40.396709], [141.288605, 40.395198], [141.300317, 40.386459], [141.30109, 40.385882], [141.301773, 40.385992], [141.304949, 40.386502], [141.309458, 40.387226], [141.311523, 40.38534], [141.313846, 40.379438], [141.31593, 40.374143], [141.316384, 40.372989], [141.317015, 40.372584], [141.336338, 40.360197], [141.334005, 40.345601], [141.346883, 40.340149], [141.346133, 40.335731], [141.350861, 40.334738], [141.350997, 40.331073], [141.35564, 40.332839], [141.370103, 40.338537], [141.373296, 40.34317], [141.376646, 40.338926], [141.389793, 40.353041], [141.389119, 40.359224], [141.393098, 40.360686], [141.387048, 40.364623], [141.37497, 40.364204], [141.372963, 40.363951], [141.373453, 40.364151], [141.381909, 40.367603], [141.38373, 40.375082], [141.372932, 40.377969], [141.363886, 40.380388], [141.363595, 40.380466], [141.371444, 40.38143], [141.384878, 40.377656], [141.387023, 40.38735], [141.38401, 40.392727], [141.389216, 40.392991], [141.382845, 40.399509], [141.388534, 40.400344], [141.387581, 40.406353], [141.401229, 40.414939], [141.395948, 40.423397], [141.440124, 40.429405], [141.444048, 40.438978], [141.453496, 40.448347], [141.427671, 40.459217], [141.4186, 40.476566], [141.412373, 40.470167], [141.408043, 40.472343], [141.40848, 40.47521], [141.401141, 40.473328], [141.393136, 40.480163], [141.39149, 40.487797], [141.381434, 40.493227], [141.381239, 40.504246], [141.364934, 40.494629], [141.365364, 40.49591]]]}, "properties": {"N03_001": "青森県", "N03_002": null, "N03_003": "三戸郡", "N03_004": "南部町", "N03_005": null, "N03_007": "02445"}}, {"type": "Feature", "geometry": {"type": "MultiPolygon", "coordinates": [[[[141.553699, 40.358658], [141.563689, 40.361452], [141.585814, 40.378691], [141.58124, 40.398426], [141.586922, 40.406961], [141.597911, 40.413152], [141.612551, 40.415441], [141.616138, 40.420197], [141.631336, 40.420254], [141.646894, 40.42824], [141.654955, 40.428588], [141.669947, 40.437244], [141.676032, 40.448535], [141.682827, 40.451448], [141.679079, 40.452725], [141.679102, 40.45276], [141.679068, 40.452793], [141.679048, 40.45276], [141.679078, 40.452726], [141.668404, 40.456364], [141.666316, 40.459116], [141.666319, 40.459137], [141.6663, 40.459137], [141.661703, 40.465196], [141.659341, 40.466141], [141.659169, 40.466386], [141.659039, 40.466262], [141.655118, 40.467832], [141.65513, 40.467842], [141.655114, 40.467855], [141.655093, 40.467843], [141.655098, 40.467839], [141.649178, 40.470209], [141.647204, 40.474612], [141.645179, 40.474599], [141.643542, 40.473492], [141.631389, 40.474513], [141.62312, 40.467274], [141.604162, 40.463108], [141.59327, 40.46793], [141.594724, 40.477321], [141.586282, 40.475805], [141.570388, 40.479574], [141.556726, 40.474114], [141.558513, 40.465869], [141.552908, 40.464484], [141.552616, 40.457374], [141.547821, 40.451325], [141.545171, 40.454461], [141.537989, 40.452688], [141.533302, 40.460036], [141.518801, 40.456947], [141.522145, 40.425607], [141.519354, 40.411388], [141.519747, 40.407727], [141.522006, 40.401469], [141.52846, 40.393289], [141.538486, 40.380583], [141.538608, 40.380549], [141.542756, 40.379391], [141.553699, 40.358658]]], [[[141.652503, 40.469277], [141.652511, 40.469328], [141.652391, 40.469364], [141.652353, 40.46928], [141.652503, 40.469277]]], [[[141.652053, 40.469475], [141.652263, 40.469447], [141.652332, 40.469475], [141.652226, 40.469525], [141.652053, 40.469475]]], [[[141.652358, 40.469556], [141.652361, 40.469498], [141.652455, 40.469532], [141.652413, 40.469558], [141.652358, 40.469556]]], [[[141.652172, 40.469569], [141.652043, 40.469686], [141.652044, 40.469612], [141.651992, 40.469562], [141.652172, 40.469569]]], [[[141.651904, 40.469793], [141.651743, 40.469866], [141.651746, 40.469785], [141.651859, 40.469702], [141.651904, 40.469793]]], [[[141.652594, 40.469904], [141.651814, 40.470329], [141.651646, 40.470212], [141.652223, 40.469882], [141.652594, 40.469904]]], [[[141.651014, 40.470298], [141.651033, 40.470421], [141.650765, 40.470393], [141.651072, 40.470102], [141.651014, 40.470298]]], [[[141.653286, 40.470357], [141.653404, 40.470225], [141.653519, 40.470298], [141.653411, 40.470412], [141.653286, 40.470357]]], [[[141.649672, 40.472077], [141.65066, 40.471835], [141.650665, 40.471847], [141.65123, 40.471778], [141.649672, 40.472077]]], [[[141.651283, 40.471889], [141.651387, 40.471854], [141.651462, 40.471986], [141.651359, 40.47202], [141.651283, 40.471889]]], [[[141.648786, 40.472628], [141.648954, 40.472704], [141.648899, 40.472763], [141.648779, 40.472695], [141.648786, 40.472628]]], [[[141.649132, 40.472684], [141.649261, 40.472729], [141.649227, 40.472792], [141.649117, 40.472726], [141.649132, 40.472684]]], [[[141.647814, 40.47364], [141.647821, 40.473548], [141.647873, 40.473551], [141.647866, 40.473638], [141.647814, 40.47364]]], [[[141.649687, 40.47397], [141.64963, 40.473881], [141.649696, 40.473844], [141.649736, 40.473878], [141.649687, 40.47397]]], [[[141.647462, 40.474226], [141.647534, 40.474103], [141.647751, 40.474143], [141.647673, 40.474303], [141.647462, 40.474226]]], [[[141.648409, 40.474169], [141.648416, 40.474261], [141.648336, 40.474231], [141.648327, 40.474154], [141.648409, 40.474169]]], [[[141.648542, 40.4742], [141.648635, 40.474269], [141.648613, 40.474316], [141.648543, 40.474333], [141.648542, 40.4742]]], [[[141.647955, 40.474267], [141.648115, 40.474257], [141.648216, 40.474399], [141.647978, 40.474344], [141.647955, 40.474267]]], [[[141.647585, 40.474576], [141.647733, 40.474517], [141.647803, 40.474601], [141.647706, 40.474657], [141.647585, 40.474576]]], [[[141.659117, 40.466503], [141.659049, 40.46654], [141.658995, 40.466512], [141.659, 40.466421], [141.659117, 40.466503]]], [[[141.659178, 40.466692], [141.659387, 40.466574], [141.659472, 40.466613], [141.65929, 40.466718], [141.659178, 40.466692]]], [[[141.659067, 40.466764], [141.659148, 40.466733], [141.659127, 40.466806], [141.659067, 40.466792], [141.659067, 40.466764]]], [[[141.655121, 40.467877], [141.655145, 40.467871], [141.655154, 40.467882], [141.65513, 40.467893], [141.655121, 40.467877]]], [[[141.654465, 40.468149], [141.654456, 40.468186], [141.654408, 40.468183], [141.654447, 40.468147], [141.654465, 40.468149]]], [[[141.654103, 40.468927], [141.654169, 40.468798], [141.654239, 40.468857], [141.654306, 40.468986], [141.654103, 40.468927]]], [[[141.654276, 40.469061], [141.654176, 40.469113], [141.654018, 40.469051], [141.654028, 40.468976], [141.654276, 40.469061]]], [[[141.653859, 40.469829], [141.653718, 40.469858], [141.653646, 40.469743], [141.653831, 40.469765], [141.653859, 40.469829]]], [[[141.654244, 40.470067], [141.654615, 40.469825], [141.654504, 40.470054], [141.654364, 40.470174], [141.654244, 40.470067]]], [[[141.654101, 40.470128], [141.654056, 40.470288], [141.653807, 40.470393], [141.653693, 40.470173], [141.654101, 40.470128]]], [[[141.653659, 40.47059], [141.653706, 40.470486], [141.653898, 40.470462], [141.65388, 40.470545], [141.653659, 40.47059]]], [[[141.68054, 40.452783], [141.680497, 40.45282], [141.680466, 40.452809], [141.6805, 40.452769], [141.68054, 40.452783]]], [[[141.680137, 40.45283], [141.680087, 40.452886], [141.680059, 40.452854], [141.680107, 40.452798], [141.680137, 40.45283]]], [[[141.679018, 40.453273], [141.679014, 40.453304], [141.678917, 40.453311], [141.678948, 40.453224], [141.679018, 40.453273]]], [[[141.672502, 40.455195], [141.672626, 40.455269], [141.672543, 40.455331], [141.67247, 40.455302], [141.672502, 40.455195]]], [[[141.672592, 40.455461], [141.672498, 40.455474], [141.672493, 40.45545], [141.672491, 40.455407], [141.672592, 40.455461]]], [[[141.672619, 40.455534], [141.672578, 40.45562], [141.672312, 40.45559], [141.672374, 40.45543], [141.672619, 40.455534]]], [[[141.672343, 40.455644], [141.672308, 40.455659], [141.672256, 40.455645], [141.672263, 40.455604], [141.672343, 40.455644]]], [[[141.672127, 40.455823], [141.673555, 40.456122], [141.673534, 40.456237], [141.672935, 40.456181], [141.672127, 40.455823]]], [[[141.675192, 40.455727], [141.675, 40.45589], [141.674538, 40.456283], [141.673952, 40.456524], [141.675192, 40.455727]]], [[[141.670772, 40.456156], [141.670804, 40.456165], [141.670791, 40.456224], [141.67075, 40.456213], [141.670772, 40.456156]]], [[[141.668596, 40.456906], [141.668605, 40.456834], [141.668661, 40.456862], [141.668654, 40.456909], [141.668596, 40.456906]]], [[[141.668503, 40.457119], [141.668638, 40.457025], [141.668854, 40.45711], [141.668991, 40.457277], [141.668503, 40.457119]]], [[[141.668342, 40.457188], [141.66845, 40.457122], [141.668514, 40.457157], [141.668471, 40.457206], [141.668342, 40.457188]]], [[[141.668726, 40.457244], [141.668717, 40.457254], [141.66864, 40.457237], [141.668688, 40.457194], [141.668726, 40.457244]]], [[[141.666568, 40.459096], [141.666562, 40.459122], [141.666508, 40.459142], [141.666502, 40.459087], [141.666568, 40.459096]]], [[[141.666722, 40.4591], [141.666737, 40.459162], [141.666671, 40.459223], [141.666601, 40.459179], [141.666722, 40.4591]]], [[[141.666448, 40.460058], [141.666453, 40.460024], [141.666534, 40.460019], [141.666573, 40.460053], [141.666448, 40.460058]]]]}, "properties": {"N03_001": "青森県", "N03_002": null, "N03_003": "三戸郡", "N03_004": "階上町", "N03_005": null, "N03_007": "02446"}}, {"type": "Feature", "geometry": {"type": "Polygon", "coordinates": [[[140.985947, 40.427622], [140.985452, 40.421523], [140.978759, 40.41598], [140.990801, 40.402514], [141.004532, 40.410129], [141.01501, 40.406471], [141.030299, 40.406981], [141.041316, 40.400882], [141.051059, 40.407856], [141.07076, 40.411828], [141.084584, 40.41241], [141.095895, 40.405316], [141.112767, 40.414506], [141.118935, 40.416253], [141.120006, 40.416557], [141.12071, 40.416756], [141.132516, 40.41485], [141.150269, 40.421826], [141.16596, 40.419439], [141.172714, 40.42128], [141.175971, 40.416036], [141.198475, 40.415994], [141.204471, 40.418763], [141.211016, 40.414059], [141.225655, 40.418237], [141.230612, 40.419651], [141.230487, 40.419784], [141.230141, 40.42015], [141.229656, 40.420663], [141.231604, 40.422909], [141.226585, 40.423438], [141.222268, 40.430436], [141.238386, 40.444025], [141.233378, 40.444386], [141.233326, 40.44439], [141.23165, 40.453432], [141.222594, 40.459788], [141.212559, 40.458761], [141.206278, 40.456377], [141.192272, 40.456607], [141.192327, 40.45669], [141.195339, 40.46126], [141.194452, 40.470311], [141.187577, 40.477227], [141.182261, 40.482576], [141.176634, 40.488237], [141.175901, 40.488975], [141.175747, 40.48913], [141.184965, 40.495354], [141.185177, 40.49574], [141.183347, 40.494962], [141.180761, 40.494764], [141.168577, 40.49383], [141.16425, 40.493498], [141.147703, 40.497748], [141.134429, 40.494993], [141.132759, 40.494646], [141.112053, 40.498691], [141.104015, 40.492581], [141.087863, 40.493579], [141.067819, 40.482965], [141.068249, 40.480027], [141.032694, 40.474749], [141.029097, 40.473194], [141.001165, 40.454707], [141.001154, 40.445158], [140.994969, 40.433945], [140.985947, 40.427622]]]}, "properties": {"N03_001": "青森県", "N03_002": null, "N03_003": "三戸郡", "N03_004": "新郷村", "N03_005": null, "N03_007": "02450"}}]}