{"type": "FeatureCollection", "features": [{"type": "Feature", "geometry": {"type": "Polygon", "coordinates": [[[133.436574, 33.510056], [133.441668, 33.513579], [133.44907, 33.514393], [133.458008, 33.523702], [133.455979, 33.532641], [133.463111, 33.535607], [133.464847, 33.538528], [133.463144, 33.544332], [133.465745, 33.545275], [133.467859, 33.553921], [133.471471, 33.556873], [133.474502, 33.562734], [133.469023, 33.56601], [133.463108, 33.573261], [133.458138, 33.573984], [133.452473, 33.572067], [133.44659, 33.567257], [133.442634, 33.571434], [133.438474, 33.572111], [133.433456, 33.57582], [133.42914, 33.574702], [133.418237, 33.576161], [133.412908, 33.581735], [133.413154, 33.587029], [133.401959, 33.592091], [133.401369, 33.595361], [133.406127, 33.599361], [133.409003, 33.604923], [133.415738, 33.608263], [133.412803, 33.614741], [133.409277, 33.61874], [133.406196, 33.617477], [133.398981, 33.619663], [133.395746, 33.629134], [133.39501, 33.63989], [133.399546, 33.643028], [133.400641, 33.650694], [133.412682, 33.660526], [133.427659, 33.664908], [133.436487, 33.670514], [133.449434, 33.672271], [133.455774, 33.666323], [133.464688, 33.661644], [133.473425, 33.671194], [133.4878, 33.669654], [133.494588, 33.671025], [133.499298, 33.668859], [133.505802, 33.669816], [133.51538, 33.679167], [133.515525, 33.681886], [133.530512, 33.678039], [133.535615, 33.677921], [133.53857, 33.673493], [133.540438, 33.664925], [133.550254, 33.66318], [133.554737, 33.666314], [133.563395, 33.666008], [133.568436, 33.660446], [133.572918, 33.658339], [133.57836, 33.652972], [133.581322, 33.647306], [133.584924, 33.635377], [133.578261, 33.630302], [133.573871, 33.630383], [133.571992, 33.625302], [133.577468, 33.615202], [133.576027, 33.609645], [133.58629, 33.596242], [133.59594, 33.590453], [133.608288, 33.590954], [133.610049, 33.588702], [133.608406, 33.580476], [133.624371, 33.576774], [133.612029, 33.573036], [133.614539, 33.567993], [133.619495, 33.569678], [133.625351, 33.567915], [133.623287, 33.558097], [133.615846, 33.552317], [133.616732, 33.548083], [133.609397, 33.545907], [133.606473, 33.541891], [133.606876, 33.535977], [133.602635, 33.532555], [133.601431, 33.519565], [133.590803, 33.515952], [133.592357, 33.513369], [133.588231, 33.508867], [133.584134, 33.512962], [133.577224, 33.510148], [133.570524, 33.501859], [133.564327, 33.501171], [133.562599, 33.504111], [133.569191, 33.511818], [133.564785, 33.514627], [133.565378, 33.531148], [133.56685, 33.535594], [133.57144, 33.539059], [133.569401, 33.542728], [133.560529, 33.542129], [133.561006, 33.530177], [133.548203, 33.525229], [133.547619, 33.517557], [133.55355, 33.510006], [133.559666, 33.508476], [133.556974, 33.505173], [133.562996, 33.496509], [133.567964, 33.499147], [133.577235, 33.500842], [133.572753, 33.495459], [133.544616, 33.487076], [133.514334, 33.475567], [133.504742, 33.467966], [133.498702, 33.466714], [133.48454, 33.461266], [133.479513, 33.457934], [133.470762, 33.46796], [133.460954, 33.475626], [133.461603, 33.483556], [133.456722, 33.49083], [133.444727, 33.496554], [133.442161, 33.499382], [133.436574, 33.510056]]]}, "properties": {"N03_001": "高知県", "N03_002": null, "N03_003": null, "N03_004": "高知市", "N03_005": null, "N03_007": "39201"}}, {"type": "Feature", "geometry": {"type": "Polygon", "coordinates": [[[134.033767, 33.378411], [134.037586, 33.382147], [134.04763, 33.386169], [134.052549, 33.391698], [134.066016, 33.396139], [134.070609, 33.404747], [134.068574, 33.407609], [134.075888, 33.413598], [134.086839, 33.41662], [134.088411, 33.422554], [134.087216, 33.427454], [134.095684, 33.432732], [134.095712, 33.440077], [134.107241, 33.443088], [134.108405, 33.446792], [134.112719, 33.457774], [134.125727, 33.465989], [134.131867, 33.474616], [134.137581, 33.470774], [134.144201, 33.46828], [134.155423, 33.47737], [134.169476, 33.479422], [134.175724, 33.48447], [134.192096, 33.485887], [134.195064, 33.487687], [134.201929, 33.484227], [134.206848, 33.479197], [134.208984, 33.471713], [134.220162, 33.462976], [134.226687, 33.460919], [134.229256, 33.455351], [134.22777, 33.450859], [134.235311, 33.442109], [134.234646, 33.437686], [134.223603, 33.422179], [134.211898, 33.4006], [134.210798, 33.392766], [134.214065, 33.38852], [134.211907, 33.377327], [134.205417, 33.367964], [134.205251, 33.36212], [134.201654, 33.355586], [134.198657, 33.343378], [134.198503, 33.329685], [134.194059, 33.320365], [134.192449, 33.307149], [134.188686, 33.301222], [134.186533, 33.292353], [134.18744, 33.282162], [134.185599, 33.274248], [134.185017, 33.264065], [134.181456, 33.249219], [134.176352, 33.243154], [134.172723, 33.246292], [134.167594, 33.260391], [134.154466, 33.276872], [134.150098, 33.284003], [134.144786, 33.286845], [134.143411, 33.290662], [134.138287, 33.293056], [134.136054, 33.29717], [134.129576, 33.298983], [134.120584, 33.29906], [134.11853, 33.295952], [134.111588, 33.293926], [134.107277, 33.298647], [134.109326, 33.303467], [134.105492, 33.32291], [134.099452, 33.329727], [134.083266, 33.336735], [134.075791, 33.342648], [134.073489, 33.348004], [134.066687, 33.357648], [134.053658, 33.368447], [134.041345, 33.372099], [134.039042, 33.37061], [134.033767, 33.378411]]]}, "properties": {"N03_001": "高知県", "N03_002": null, "N03_003": null, "N03_004": "室戸市", "N03_005": null, "N03_007": "39202"}}, {"type": "Feature", "geometry": {"type": "Polygon", "coordinates": [[[133.820061, 33.515299], [133.825121, 33.525438], [133.827761, 33.524043], [133.836004, 33.528465], [133.837122, 33.521483], [133.846456, 33.527709], [133.851164, 33.528416], [133.85653, 33.536419], [133.856006, 33.544452], [133.859341, 33.557886], [133.868696, 33.564086], [133.869396, 33.570943], [133.872101, 33.572725], [133.869579, 33.578843], [133.869802, 33.584468], [133.864577, 33.593415], [133.856503, 33.600867], [133.861168, 33.606541], [133.870816, 33.607848], [133.875974, 33.612178], [133.876036, 33.616207], [133.872591, 33.617999], [133.874413, 33.624067], [133.879944, 33.627986], [133.879766, 33.63422], [133.876487, 33.641565], [133.880709, 33.6434], [133.886447, 33.653009], [133.893877, 33.65422], [133.898288, 33.658157], [133.900813, 33.652712], [133.900969, 33.647241], [133.909143, 33.648711], [133.916212, 33.644172], [133.925774, 33.647794], [133.931926, 33.651902], [133.934766, 33.650757], [133.941994, 33.655396], [133.944648, 33.660194], [133.96016, 33.666092], [133.9638, 33.673541], [133.968123, 33.673782], [133.967994, 33.67909], [133.973721, 33.682252], [133.977624, 33.688643], [133.981007, 33.688148], [133.990587, 33.693533], [133.994601, 33.699184], [133.996048, 33.708452], [134.001843, 33.71248], [134.014737, 33.713868], [134.019549, 33.712407], [134.027192, 33.718776], [134.035279, 33.711989], [134.041838, 33.714123], [134.052569, 33.715233], [134.061627, 33.7203], [134.065037, 33.719452], [134.070102, 33.711196], [134.066423, 33.709513], [134.063524, 33.700142], [134.064774, 33.698538], [134.0566, 33.693912], [134.058057, 33.691033], [134.052627, 33.683369], [134.047167, 33.679596], [134.052291, 33.672854], [134.062866, 33.671825], [134.068809, 33.668134], [134.070509, 33.663577], [134.060976, 33.655096], [134.054868, 33.651831], [134.055662, 33.646479], [134.050963, 33.644329], [134.044882, 33.645608], [134.034671, 33.638161], [134.031022, 33.640364], [134.026766, 33.635722], [134.026487, 33.632286], [134.022692, 33.628036], [134.022763, 33.624671], [134.0191, 33.620708], [134.017214, 33.611746], [134.013014, 33.607914], [134.022615, 33.602876], [134.019866, 33.597087], [134.021232, 33.59098], [134.019198, 33.587834], [134.013799, 33.588959], [134.009992, 33.586539], [134.009325, 33.578994], [134.006928, 33.576973], [134.012311, 33.568111], [134.02084, 33.570039], [134.027454, 33.563061], [134.027114, 33.559723], [134.030428, 33.555174], [134.025674, 33.547069], [134.014181, 33.538588], [134.001672, 33.517707], [133.997015, 33.516954], [133.990776, 33.511801], [133.987653, 33.504351], [133.989668, 33.497981], [133.9857, 33.495514], [133.982846, 33.489556], [133.984267, 33.48773], [133.978666, 33.483069], [133.981605, 33.478191], [133.976465, 33.470484], [133.968268, 33.469026], [133.959919, 33.4574], [133.959604, 33.451007], [133.955867, 33.446205], [133.949694, 33.450311], [133.941629, 33.463412], [133.944298, 33.475251], [133.93667, 33.485637], [133.931899, 33.48862], [133.922546, 33.491913], [133.904738, 33.496587], [133.891469, 33.499092], [133.880644, 33.502622], [133.856817, 33.505842], [133.843576, 33.506192], [133.837982, 33.508], [133.83565, 33.512455], [133.820061, 33.515299]]]}, "properties": {"N03_001": "高知県", "N03_002": null, "N03_003": null, "N03_004": "安芸市", "N03_005": null, "N03_007": "39203"}}, {"type": "Feature", "geometry": {"type": "Polygon", "coordinates": [[[133.602635, 33.532555], [133.606876, 33.535977], [133.606473, 33.541891], [133.609397, 33.545907], [133.616732, 33.548083], [133.615846, 33.552317], [133.623287, 33.558097], [133.625351, 33.567915], [133.619495, 33.569678], [133.614539, 33.567993], [133.612029, 33.573036], [133.624371, 33.576774], [133.608406, 33.580476], [133.610049, 33.588702], [133.608288, 33.590954], [133.59594, 33.590453], [133.58629, 33.596242], [133.576027, 33.609645], [133.577468, 33.615202], [133.571992, 33.625302], [133.573871, 33.630383], [133.578261, 33.630302], [133.584924, 33.635377], [133.581322, 33.647306], [133.57836, 33.652972], [133.572918, 33.658339], [133.568436, 33.660446], [133.563395, 33.666008], [133.565305, 33.669715], [133.56395, 33.679036], [133.565934, 33.681941], [133.559866, 33.692536], [133.568118, 33.694226], [133.578591, 33.699682], [133.583379, 33.705644], [133.589143, 33.706158], [133.59669, 33.701807], [133.601205, 33.691186], [133.606842, 33.688591], [133.614987, 33.677569], [133.617356, 33.67069], [133.6175386670534, 33.668196544812105], [133.61742834, 33.66834972], [133.61732056, 33.66845667], [133.61721278, 33.66851861], [133.61707805, 33.66856389], [133.61700861, 33.66857889], [133.61689639, 33.66860333], [133.61612194, 33.66867639], [133.61599389, 33.66871611], [133.61591306, 33.66876111], [133.61566416, 33.66898083], [133.61556305, 33.66904862], [133.61546889, 33.66905417], [133.61546222, 33.66901472], [133.61558334, 33.66875556], [133.61559, 33.66863139], [133.6155025, 33.66854694], [133.61532083, 33.66845111], [133.61503111, 33.66832695], [133.61427694, 33.66806223], [133.6135225, 33.66781972], [133.61299055, 33.66768444], [133.61274806, 33.66768444], [133.61262722, 33.66772389], [133.61255972, 33.66746472], [133.612755, 33.66741388], [133.61307805, 33.66736888], [133.61339472, 33.66736333], [133.61369778, 33.66740278], [133.61394028, 33.66746472], [133.61445195, 33.66767334], [133.61486945, 33.66780861], [133.61526694, 33.66790444], [133.61559695, 33.667955], [133.61572444, 33.66796083], [133.61583889, 33.6679775], [133.61604111, 33.66799444], [133.61681556, 33.66799444], [133.61699723, 33.667955], [133.61711861, 33.6678875], [133.61719278, 33.66781972], [133.61729361, 33.66766194], [133.61730028, 33.66757167], [133.61727362, 33.66750417], [133.61724667, 33.66737472], [133.61723306, 33.66735778], [133.61724667, 33.66725638], [133.6173475, 33.667155], [133.61742834, 33.66704778], [133.61742834, 33.66677722], [133.61756305, 33.66663083], [133.61763723, 33.66651805], [133.6176656251161, 33.66646353256806], [133.617905, 33.663196], [133.619711, 33.661322], [133.634663, 33.664713], [133.639473, 33.663642], [133.642741, 33.656787], [133.650772, 33.654791], [133.660338, 33.658559], [133.664851, 33.65914], [133.666637, 33.634222], [133.662971, 33.629308], [133.664963, 33.623575], [133.662373, 33.610332], [133.667987, 33.608245], [133.672342, 33.5926], [133.670894, 33.588904], [133.676799, 33.587829], [133.676272, 33.584764], [133.683812, 33.585072], [133.684454, 33.579678], [133.679697, 33.565814], [133.680414, 33.558191], [133.685206, 33.544354], [133.680777, 33.541517], [133.681881, 33.534], [133.657665, 33.530745], [133.642229, 33.527285], [133.631935, 33.52576], [133.601431, 33.519565], [133.602635, 33.532555]]]}, "properties": {"N03_001": "高知県", "N03_002": null, "N03_003": null, "N03_004": "南国市", "N03_005": null, "N03_007": "39204"}}, {"type": "Feature", "geometry": {"type": "MultiPolygon", "coordinates": [[[[133.436574, 33.510056], [133.442161, 33.499382], [133.444727, 33.496554], [133.456722, 33.49083], [133.461603, 33.483556], [133.460954, 33.475626], [133.470762, 33.46796], [133.479513, 33.457934], [133.478155, 33.458592], [133.467086, 33.453706], [133.459217, 33.448553], [133.451277, 33.44928], [133.4472, 33.451722], [133.441208, 33.449154], [133.438596, 33.445499], [133.437287, 33.439292], [133.432235, 33.437211], [133.429055, 33.442262], [133.431889, 33.44831], [133.428906, 33.454657], [133.431214, 33.458055], [133.429481, 33.463726], [133.422813, 33.463391], [133.414627, 33.466822], [133.408222, 33.468055], [133.400714, 33.465175], [133.399229, 33.459551], [133.392666, 33.456431], [133.38627, 33.456844], [133.384079, 33.453727], [133.373147, 33.445147], [133.365183, 33.452343], [133.360161, 33.453082], [133.354685, 33.450418], [133.354842, 33.445881], [133.349895, 33.441208], [133.330555, 33.439971], [133.324183, 33.433349], [133.314359, 33.432139], [133.310349, 33.435585], [133.311684, 33.438107], [133.308186, 33.449866], [133.306127, 33.451843], [133.30559, 33.459149], [133.308396, 33.470044], [133.319528, 33.474572], [133.327174, 33.481761], [133.322932, 33.489605], [133.329867, 33.498228], [133.335983, 33.501595], [133.337139, 33.498705], [133.344115, 33.497876], [133.358202, 33.502147], [133.363342, 33.505137], [133.380455, 33.510904], [133.385435, 33.5097], [133.395661, 33.511229], [133.392165, 33.515994], [133.393846, 33.518958], [133.408113, 33.521092], [133.410738, 33.520367], [133.430127, 33.522817], [133.431644, 33.518069], [133.436574, 33.510056]]], [[[133.442886, 33.419635], [133.437491, 33.423731], [133.434393, 33.428208], [133.435435, 33.433398], [133.439456, 33.433179], [133.441638, 33.439355], [133.44483, 33.439238], [133.448744, 33.434655], [133.454977, 33.431492], [133.457535, 33.433367], [133.462389, 33.429444], [133.458255, 33.427662], [133.456983, 33.419844], [133.445645, 33.421221], [133.442886, 33.419635]]]]}, "properties": {"N03_001": "高知県", "N03_002": null, "N03_003": null, "N03_004": "土佐市", "N03_005": null, "N03_007": "39205"}}, {"type": "Feature", "geometry": {"type": "Polygon", "coordinates": [[[133.434393, 33.428208], [133.437491, 33.423731], [133.442886, 33.419635], [133.438925, 33.413881], [133.435847, 33.415671], [133.411493, 33.410539], [133.412174, 33.406174], [133.407475, 33.404769], [133.405008, 33.400461], [133.400684, 33.404789], [133.394727, 33.401169], [133.390896, 33.406035], [133.384806, 33.403082], [133.379859, 33.403861], [133.376467, 33.401875], [133.365561, 33.400631], [133.358881, 33.402634], [133.353949, 33.400008], [133.345707, 33.400909], [133.340388, 33.396319], [133.338591, 33.392403], [133.331614, 33.390364], [133.329598, 33.38736], [133.33208, 33.371606], [133.32803, 33.371519], [133.32789, 33.36533], [133.321537, 33.368645], [133.324466, 33.379174], [133.320226, 33.383017], [133.315793, 33.3785], [133.310417, 33.37601], [133.309169, 33.380065], [133.299494, 33.378824], [133.290016, 33.383134], [133.29577, 33.385564], [133.300463, 33.390365], [133.2985, 33.396388], [133.294139, 33.403319], [133.288204, 33.40248], [133.295672, 33.393115], [133.292454, 33.387332], [133.282673, 33.386263], [133.279313, 33.383501], [133.281418, 33.377063], [133.273876, 33.375209], [133.271799, 33.372433], [133.261588, 33.369182], [133.258827, 33.363292], [133.264692, 33.359137], [133.260225, 33.34764], [133.263827, 33.340569], [133.254093, 33.347731], [133.249557, 33.353909], [133.243755, 33.357977], [133.240991, 33.36479], [133.231223, 33.369413], [133.228651, 33.373604], [133.228009, 33.379126], [133.225216, 33.380072], [133.21423, 33.378475], [133.209063, 33.382189], [133.200657, 33.380866], [133.19525, 33.377768], [133.183715, 33.378295], [133.177155, 33.376363], [133.175986, 33.379346], [133.179126, 33.383127], [133.175233, 33.393663], [133.175476, 33.398646], [133.18372, 33.399945], [133.195512, 33.397816], [133.203222, 33.402856], [133.209593, 33.404714], [133.206523, 33.410389], [133.208027, 33.418108], [133.208072, 33.428686], [133.217148, 33.430582], [133.224449, 33.428898], [133.231983, 33.428767], [133.236333, 33.431348], [133.242834, 33.432649], [133.245404, 33.431071], [133.251203, 33.433262], [133.258239, 33.441401], [133.271416, 33.440291], [133.287081, 33.446614], [133.293813, 33.452033], [133.30559, 33.459149], [133.306127, 33.451843], [133.308186, 33.449866], [133.311684, 33.438107], [133.310349, 33.435585], [133.314359, 33.432139], [133.324183, 33.433349], [133.330555, 33.439971], [133.349895, 33.441208], [133.354842, 33.445881], [133.354685, 33.450418], [133.360161, 33.453082], [133.365183, 33.452343], [133.373147, 33.445147], [133.384079, 33.453727], [133.38627, 33.456844], [133.392666, 33.456431], [133.399229, 33.459551], [133.400714, 33.465175], [133.408222, 33.468055], [133.414627, 33.466822], [133.422813, 33.463391], [133.429481, 33.463726], [133.431214, 33.458055], [133.428906, 33.454657], [133.431889, 33.44831], [133.429055, 33.442262], [133.432235, 33.437211], [133.423551, 33.439812], [133.423371, 33.44913], [133.420633, 33.449737], [133.417844, 33.443781], [133.410101, 33.443367], [133.40569, 33.447595], [133.397852, 33.445283], [133.406133, 33.436704], [133.406015, 33.432609], [133.400392, 33.433101], [133.396977, 33.429628], [133.387229, 33.427607], [133.38341, 33.430208], [133.369851, 33.430481], [133.364096, 33.426006], [133.360611, 33.421259], [133.355504, 33.420228], [133.351084, 33.416062], [133.361969, 33.415298], [133.366328, 33.407141], [133.369879, 33.411491], [133.368707, 33.419283], [133.3783, 33.422146], [133.378253, 33.415007], [133.384264, 33.411047], [133.386701, 33.420918], [133.391806, 33.417306], [133.398213, 33.423578], [133.399721, 33.419445], [133.41156, 33.432429], [133.416477, 33.439167], [133.421397, 33.436313], [133.424257, 33.429078], [133.428982, 33.430364], [133.434393, 33.428208]]]}, "properties": {"N03_001": "高知県", "N03_002": null, "N03_003": null, "N03_004": "須崎市", "N03_005": null, "N03_007": "39206"}}, {"type": "Feature", "geometry": {"type": "MultiPolygon", "coordinates": [[[[132.750193, 32.837226], [132.749439, 32.838038], [132.748753, 32.838548], [132.747726, 32.83926], [132.747485, 32.838992], [132.747436, 32.838956], [132.747022, 32.839142], [132.746286, 32.839373], [132.746408, 32.83909], [132.746409, 32.839088], [132.746367, 32.838853], [132.745915, 32.838772], [132.745589, 32.838713], [132.745037, 32.838497], [132.744821, 32.838438], [132.744736, 32.838103], [132.74462, 32.837977], [132.744257, 32.837833], [132.743898, 32.837777], [132.743485, 32.837758], [132.743275, 32.837805], [132.742746, 32.838049], [132.74216, 32.838237], [132.741623, 32.838225], [132.741108, 32.838271], [132.740649, 32.838465], [132.740417, 32.838541], [132.740058, 32.838691], [132.739356, 32.838641], [132.739027, 32.838634], [132.738595, 32.838976], [132.738907, 32.839609], [132.739108, 32.840123], [132.739289, 32.840251], [132.73935, 32.840369], [132.739199, 32.840692], [132.739168, 32.841011], [132.739219, 32.841589], [132.739377, 32.841742], [132.739497, 32.841902], [132.739682, 32.842501], [132.739783, 32.842886], [132.739829, 32.843295], [132.739902, 32.843602], [132.740469, 32.843995], [132.740859, 32.844524], [132.740774, 32.845131], [132.7406, 32.845297], [132.740604, 32.845563], [132.740604, 32.845934], [132.740553, 32.846109], [132.740241, 32.846422], [132.739886, 32.846656], [132.73979, 32.846722], [132.738686, 32.847623], [132.738674, 32.847649], [132.738802, 32.847985], [132.738933, 32.848101], [132.739492, 32.848467], [132.739318, 32.84864], [132.738951, 32.848928], [132.738762, 32.849197], [132.738836, 32.849282], [132.739244, 32.849819], [132.739387, 32.849994], [132.73939, 32.85], [132.739584, 32.850521], [132.739664, 32.850683], [132.73976, 32.851019], [132.739864, 32.851266], [132.74027, 32.851905], [132.739742, 32.852235], [132.739561, 32.852717], [132.739626, 32.852946], [132.739344, 32.853373], [132.738935, 32.85364], [132.738437, 32.853962], [132.738216, 32.854106], [132.736946, 32.854074], [132.736491, 32.853905], [132.736228, 32.853846], [132.735584, 32.853789], [132.734934, 32.853623], [132.73414, 32.853052], [132.733236, 32.852739], [132.732785, 32.852685], [132.732094, 32.852969], [132.731708, 32.853007], [132.731131, 32.852872], [132.730712, 32.85352], [132.730059, 32.8561], [132.72935, 32.85653], [132.729196, 32.856727], [132.729462, 32.857153], [132.729636, 32.857983], [132.729691, 32.858333], [132.729752, 32.858591], [132.729724, 32.859405], [132.729578, 32.859872], [132.729219, 32.860405], [132.729196, 32.860743], [132.729138, 32.860972], [132.728937, 32.86143], [132.728629, 32.861696], [132.72846, 32.861832], [132.728236, 32.862011], [132.727991, 32.862326], [132.727862, 32.862502], [132.727461, 32.862953], [132.727047, 32.863207], [132.726693, 32.863401], [132.726561, 32.863495], [132.726391, 32.863733], [132.726287, 32.864464], [132.726472, 32.864854], [132.726441, 32.86517], [132.726131, 32.865631], [132.725701, 32.866486], [132.725342, 32.866934], [132.725111, 32.867371], [132.725061, 32.867571], [132.724991, 32.867784], [132.724659, 32.868247], [132.724386, 32.868753], [132.724136, 32.869185], [132.724244, 32.86932], [132.724147, 32.869531], [132.723961, 32.869697], [132.723626, 32.869972], [132.723307, 32.87015], [132.722658, 32.87046], [132.722282, 32.870653], [132.721799, 32.87095], [132.721371, 32.871338], [132.720889, 32.871671], [132.720813, 32.871626], [132.720752, 32.871379], [132.720502, 32.871215], [132.720303, 32.871154], [132.720103, 32.871041], [132.720226, 32.870963], [132.720306, 32.870896], [132.72046, 32.870702], [132.720569, 32.870282], [132.720641, 32.869992], [132.720291, 32.869663], [132.720534, 32.869273], [132.720488, 32.868994], [132.720334, 32.868681], [132.72016, 32.868299], [132.720041, 32.867861], [132.720123, 32.867553], [132.720216, 32.867452], [132.720473, 32.867172], [132.720604, 32.866871], [132.720503, 32.866667], [132.720442, 32.866548], [132.720134, 32.865837], [132.719988, 32.865492], [132.71968, 32.865224], [132.719401, 32.865414], [132.719077, 32.865783], [132.718792, 32.86598], [132.717239, 32.866551], [132.716922, 32.866731], [132.716667, 32.866836], [132.716379, 32.866937], [132.715617, 32.866667], [132.715483, 32.866411], [132.714881, 32.866111], [132.714723, 32.866101], [132.71441, 32.866151], [132.714024, 32.866048], [132.713491, 32.865716], [132.713221, 32.865381], [132.713061, 32.865174], [132.71297, 32.865067], [132.712623, 32.864892], [132.71216, 32.864548], [132.710979, 32.863517], [132.710415, 32.863136], [132.709809, 32.863021], [132.709655, 32.86312], [132.709281, 32.863254], [132.708808, 32.863492], [132.708613, 32.863638], [132.707902, 32.864329], [132.707624, 32.864629], [132.707408, 32.864867], [132.707142, 32.865199], [132.707014, 32.865462], [132.706536, 32.866286], [132.706358, 32.866621], [132.706266, 32.866827], [132.705945, 32.867156], [132.704784, 32.867939], [132.704899, 32.868111], [132.704976, 32.868418], [132.704934, 32.868809], [132.70493, 32.868985], [132.704953, 32.869113], [132.704922, 32.869642], [132.70476, 32.870069], [132.704363, 32.871011], [132.704015, 32.871365], [132.70371, 32.871734], [132.703286, 32.871797], [132.703104, 32.871571], [132.703263, 32.871042], [132.703043, 32.870673], [132.702684, 32.870557], [132.702553, 32.870588], [132.702124, 32.870748], [132.701522, 32.870842], [132.700935, 32.870438], [132.700634, 32.870642], [132.700221, 32.87107], [132.7, 32.871203], [132.699665, 32.871418], [132.699291, 32.871565], [132.698928, 32.871919], [132.698361, 32.872376], [132.698017, 32.872539], [132.697585, 32.872752], [132.697133, 32.872943], [132.696855, 32.873175], [132.696727, 32.873359], [132.696755, 32.873651], [132.696878, 32.873745], [132.697163, 32.874109], [132.697248, 32.874513], [132.697267, 32.874613], [132.697461, 32.874979], [132.697476, 32.875206], [132.697518, 32.875463], [132.697607, 32.875485], [132.697935, 32.875673], [132.698051, 32.876001], [132.698128, 32.876124], [132.698647, 32.876669], [132.698756, 32.876785], [132.699765, 32.877673], [132.699811, 32.877754], [132.699838, 32.877998], [132.700039, 32.878258], [132.700124, 32.87839], [132.700213, 32.878647], [132.700417, 32.879046], [132.700726, 32.879212], [132.701061, 32.879537], [132.701207, 32.879852], [132.7013, 32.880093], [132.701511, 32.880631], [132.702086, 32.880906], [132.702727, 32.881101], [132.702901, 32.881417], [132.702703, 32.882659], [132.702919, 32.883017], [132.702938, 32.883117], [132.703135, 32.883335], [132.703252, 32.883333], [132.70335, 32.883332], [132.703596, 32.883333], [132.703717, 32.883344], [132.704223, 32.883676], [132.704389, 32.88383], [132.704736, 32.884243], [132.70489, 32.884751], [132.704914, 32.884898], [132.704967, 32.885465], [132.705152, 32.886008], [132.705156, 32.886412], [132.705059, 32.887199], [132.704804, 32.888131], [132.71161, 32.881036], [132.720975, 32.877579], [132.718229, 32.88449], [132.714592, 32.885226], [132.711124, 32.893522], [132.720429, 32.894473], [132.721163, 32.901384], [132.714801, 32.899417], [132.712937, 32.907592], [132.716997, 32.908609], [132.715627, 32.913046], [132.711466, 32.918201], [132.710886, 32.923959], [132.708257, 32.92596], [132.701765, 32.922237], [132.698182, 32.918398], [132.694149, 32.920576], [132.696254, 32.928475], [132.689447, 32.926577], [132.690794, 32.922767], [132.686147, 32.919751], [132.683702, 32.92304], [132.678529, 32.919901], [132.666677, 32.91914], [132.66392, 32.922106], [132.656787, 32.924114], [132.655103, 32.92687], [132.656271, 32.932307], [132.652473, 32.939154], [132.660667, 32.942485], [132.665674, 32.94176], [132.675877, 32.943943], [132.678251, 32.942964], [132.684512, 32.949569], [132.682048, 32.955862], [132.683467, 32.963136], [132.691516, 32.973571], [132.68744, 32.975811], [132.687065, 32.982202], [132.681381, 32.993816], [132.686717, 32.997348], [132.683902, 33.004046], [132.677005, 33.011058], [132.675517, 33.022395], [132.678673, 33.029399], [132.677959, 33.037995], [132.671221, 33.045909], [132.666191, 33.048712], [132.661069, 33.055339], [132.657674, 33.057057], [132.662331, 33.063468], [132.666638, 33.066226], [132.669502, 33.071183], [132.666677, 33.08048], [132.670051, 33.085507], [132.669311, 33.092392], [132.66595, 33.099478], [132.663271, 33.109142], [132.669236, 33.107194], [132.673129, 33.103852], [132.685746, 33.096098], [132.69484, 33.094689], [132.69644, 33.092129], [132.704011, 33.088896], [132.709935, 33.089489], [132.717685, 33.08587], [132.718119, 33.080594], [132.72135, 33.075254], [132.729928, 33.074845], [132.73549, 33.070487], [132.744249, 33.070175], [132.751966, 33.065395], [132.746648, 33.056575], [132.745622, 33.051504], [132.742041, 33.047419], [132.747279, 33.042499], [132.751099, 33.041576], [132.75859, 33.036655], [132.760801, 33.040527], [132.768267, 33.043891], [132.779554, 33.042969], [132.781166, 33.040215], [132.787494, 33.038688], [132.792539, 33.042932], [132.79832, 33.043491], [132.804063, 33.036807], [132.807262, 33.035056], [132.806288, 33.027407], [132.814828, 33.021806], [132.821907, 33.015756], [132.829533, 33.015498], [132.828238, 33.01076], [132.823542, 33.011696], [132.817481, 33.003112], [132.821993, 32.998212], [132.821492, 32.984753], [132.82481, 32.976971], [132.823424, 32.96551], [132.821487, 32.957644], [132.826703, 32.952632], [132.827484, 32.943484], [132.829778, 32.940254], [132.824636, 32.936462], [132.822592, 32.924137], [132.816501, 32.923056], [132.806302, 32.918087], [132.800053, 32.913384], [132.799824, 32.910365], [132.804854, 32.90566], [132.804843, 32.899504], [132.796901, 32.898869], [132.794455, 32.901228], [132.782854, 32.903528], [132.780136, 32.907809], [132.772681, 32.900178], [132.767258, 32.899004], [132.766178, 32.894796], [132.768909, 32.889586], [132.772217, 32.887976], [132.780356, 32.876199], [132.779613, 32.87013], [132.783839, 32.867441], [132.782305, 32.855232], [132.779045, 32.850576], [132.785045, 32.839294], [132.777554, 32.838019], [132.774015, 32.835123], [132.766023, 32.833385], [132.765974, 32.833333], [132.765701, 32.833032], [132.765511, 32.832726], [132.765418, 32.832435], [132.765367, 32.832356], [132.764978, 32.83214], [132.764797, 32.831872], [132.764814, 32.831639], [132.76459, 32.830767], [132.764391, 32.830599], [132.763979, 32.830474], [132.76362, 32.830415], [132.763053, 32.830343], [132.762875, 32.830286], [132.750193, 32.837226]]], [[[132.687915, 32.91692], [132.696813, 32.9185], [132.704325, 32.914065], [132.695181, 32.910304], [132.689296, 32.912792], [132.687915, 32.91692]]], [[[132.544035, 32.750306], [132.544473, 32.754058], [132.550306, 32.752328], [132.552703, 32.747142], [132.558336, 32.748003], [132.558235, 32.742655], [132.567603, 32.740391], [132.570129, 32.736284], [132.567131, 32.729686], [132.567011, 32.725196], [132.571877, 32.71743], [132.570113, 32.713701], [132.55396, 32.707669], [132.543094, 32.702508], [132.540184, 32.705772], [132.545026, 32.711356], [132.548355, 32.71147], [132.550546, 32.716603], [132.541593, 32.7237], [132.540002, 32.730281], [132.545293, 32.740053], [132.544063, 32.742641], [132.547241, 32.746666], [132.544035, 32.750306]]], [[[132.500148, 32.804492], [132.493773, 32.800191], [132.493867, 32.797737], [132.480805, 32.796564], [132.480032, 32.7999], [132.488384, 32.806725], [132.500148, 32.804492]]], [[[132.48338, 32.734794], [132.489568, 32.743586], [132.494147, 32.739766], [132.492773, 32.737429], [132.48338, 32.734794]]]]}, "properties": {"N03_001": "高知県", "N03_002": null, "N03_003": null, "N03_004": "宿毛市", "N03_005": null, "N03_007": "39208"}}, {"type": "Feature", "geometry": {"type": "Polygon", "coordinates": [[[132.762875, 32.830286], [132.763053, 32.830343], [132.76362, 32.830415], [132.763979, 32.830474], [132.764391, 32.830599], [132.76459, 32.830767], [132.764814, 32.831639], [132.764797, 32.831872], [132.764978, 32.83214], [132.765367, 32.832356], [132.765418, 32.832435], [132.765511, 32.832726], [132.765701, 32.833032], [132.765974, 32.833333], [132.766023, 32.833385], [132.774015, 32.835123], [132.777554, 32.838019], [132.785045, 32.839294], [132.779045, 32.850576], [132.782305, 32.855232], [132.783839, 32.867441], [132.785894, 32.87713], [132.794417, 32.874613], [132.794995, 32.877751], [132.799524, 32.880924], [132.809655, 32.87542], [132.81719, 32.864916], [132.826702, 32.865079], [132.830257, 32.862142], [132.834849, 32.863013], [132.845246, 32.859273], [132.849107, 32.865628], [132.856466, 32.865196], [132.859116, 32.868231], [132.869292, 32.866787], [132.874853, 32.871462], [132.875, 32.871529], [132.875176, 32.871606], [132.875309, 32.871727], [132.875342, 32.872317], [132.875413, 32.872528], [132.875765, 32.872702], [132.876966, 32.873092], [132.878534, 32.873211], [132.878702, 32.873174], [132.87909, 32.872906], [132.879321, 32.872732], [132.879537, 32.872689], [132.879642, 32.872704], [132.87974, 32.87271], [132.879963, 32.872676], [132.880091, 32.872639], [132.8802, 32.872597], [132.880545, 32.872562], [132.880651, 32.872586], [132.881152, 32.87281], [132.881736, 32.873276], [132.881905, 32.873342], [132.882197, 32.873422], [132.882323, 32.873436], [132.882537, 32.873422], [132.883344, 32.873422], [132.88359, 32.87343], [132.883707, 32.8734], [132.88394, 32.873332], [132.884297, 32.873209], [132.884466, 32.87314], [132.884793, 32.873092], [132.884953, 32.873061], [132.885286, 32.872945], [132.885384, 32.872827], [132.885881, 32.872502], [132.886355, 32.872414], [132.887136, 32.872189], [132.887355, 32.8721], [132.888101, 32.871539], [132.888408, 32.871426], [132.88886, 32.871263], [132.889858, 32.87103], [132.890031, 32.871001], [132.890373, 32.870976], [132.890572, 32.871259], [132.890821, 32.871695], [132.890918, 32.871901], [132.89121, 32.872704], [132.891436, 32.872968], [132.891667, 32.873207], [132.892103, 32.873725], [132.892182, 32.87376], [132.8926, 32.87375], [132.893321, 32.873498], [132.893605, 32.873348], [132.893978, 32.873159], [132.894783, 32.873562], [132.895037, 32.873631], [132.895325, 32.873772], [132.895664, 32.873884], [132.896066, 32.8739], [132.896137, 32.8739], [132.896725, 32.873906], [132.897052, 32.873914], [132.89765, 32.874072], [132.897752, 32.8742], [132.897833, 32.874432], [132.897908, 32.874564], [132.898001, 32.874706], [132.898173, 32.874842], [132.898422, 32.874939], [132.899099, 32.875184], [132.899221, 32.875268], [132.899293, 32.875349], [132.899504, 32.87574], [132.899788, 32.876762], [132.899925, 32.877021], [132.9, 32.877134], [132.900337, 32.87771], [132.900594, 32.87843], [132.900896, 32.878864], [132.901203, 32.879617], [132.901666, 32.880031], [132.901972, 32.88019], [132.902277, 32.880401], [132.902743, 32.88063], [132.902857, 32.880656], [132.903428, 32.880724], [132.903735, 32.880705], [132.903961, 32.880721], [132.904783, 32.880559], [132.904932, 32.880565], [132.905311, 32.880635], [132.905514, 32.880549], [132.905618, 32.880476], [132.906229, 32.88039], [132.908333, 32.880227], [132.908696, 32.880167], [132.908915, 32.8801], [132.908973, 32.880009], [132.909095, 32.879724], [132.909114, 32.87969], [132.909387, 32.879379], [132.910202, 32.878594], [132.911273, 32.877517], [132.91132, 32.877475], [132.911395, 32.877408], [132.911584, 32.877255], [132.911687, 32.87714], [132.911741, 32.87712], [132.911883, 32.877121], [132.912007, 32.877159], [132.912613, 32.877358], [132.913184, 32.877366], [132.91353, 32.877236], [132.913135, 32.878026], [132.913087, 32.878206], [132.91312, 32.878383], [132.913338, 32.878734], [132.913421, 32.878977], [132.913423, 32.879112], [132.913449, 32.879467], [132.913449, 32.879507], [132.913338, 32.879768], [132.913199, 32.879982], [132.912867, 32.88072], [132.912793, 32.881073], [132.912551, 32.881639], [132.912437, 32.88209], [132.912536, 32.882301], [132.91265, 32.882426], [132.912691, 32.882528], [132.912661, 32.882657], [132.912656, 32.882925], [132.913017, 32.883263], [132.91316, 32.883333], [132.914065, 32.88384], [132.914276, 32.883951], [132.914444, 32.884074], [132.914502, 32.884262], [132.914504, 32.884404], [132.914512, 32.884749], [132.914369, 32.884872], [132.913893, 32.885287], [132.913911, 32.885359], [132.913949, 32.886145], [132.913962, 32.886437], [132.914359, 32.887016], [132.914431, 32.887115], [132.914339, 32.887368], [132.914092, 32.887591], [132.913966, 32.887825], [132.914049, 32.888482], [132.914107, 32.888927], [132.913891, 32.889635], [132.913649, 32.890195], [132.913556, 32.890887], [132.913605, 32.891637], [132.913598, 32.891667], [132.913524, 32.891746], [132.913444, 32.891779], [132.913147, 32.891963], [132.913027, 32.892333], [132.912952, 32.892861], [132.912815, 32.893114], [132.911825, 32.89333], [132.9116, 32.893512], [132.911575, 32.893619], [132.911612, 32.893787], [132.911669, 32.893877], [132.911931, 32.894141], [132.912209, 32.894393], [132.912269, 32.894557], [132.912159, 32.894952], [132.91196, 32.895286], [132.911825, 32.895459], [132.911514, 32.895628], [132.910997, 32.895644], [132.910786, 32.895619], [132.909937, 32.89586], [132.909905, 32.895924], [132.90987, 32.896209], [132.9098, 32.89636], [132.908863, 32.896934], [132.908567, 32.897467], [132.908453, 32.897561], [132.908333, 32.897608], [132.907862, 32.897788], [132.907596, 32.89787], [132.907219, 32.897882], [132.906686, 32.897805], [132.906543, 32.897837], [132.90621, 32.898272], [132.906143, 32.898351], [132.906065, 32.898491], [132.906049, 32.898786], [132.906092, 32.898967], [132.906208, 32.899055], [132.906303, 32.899183], [132.906268, 32.899313], [132.905738, 32.899771], [132.905575, 32.9], [132.905528, 32.900269], [132.905373, 32.900555], [132.904965, 32.900755], [132.904517, 32.901028], [132.904279, 32.901119], [132.904044, 32.901304], [132.903967, 32.901547], [132.90387, 32.901911], [132.903872, 32.901975], [132.903967, 32.902133], [132.903884, 32.902444], [132.903635, 32.902752], [132.903385, 32.903074], [132.903141, 32.903507], [132.903165, 32.903754], [132.903267, 32.903976], [132.903307, 32.904047], [132.903553, 32.904286], [132.903694, 32.904386], [132.903868, 32.904472], [132.904463, 32.904681], [132.904748, 32.904812], [132.905034, 32.904862], [132.905585, 32.904919], [132.905628, 32.905333], [132.90534, 32.906201], [132.905268, 32.90646], [132.905321, 32.906694], [132.905529, 32.907059], [132.905867, 32.907484], [132.906405, 32.907609], [132.907352, 32.907651], [132.907523, 32.907684], [132.907872, 32.907864], [132.908717, 32.908084], [132.909097, 32.908158], [132.90939, 32.9082], [132.909569, 32.908248], [132.910016, 32.908273], [132.910021, 32.908333], [132.909997, 32.908417], [132.909857, 32.908829], [132.909817, 32.909366], [132.910314, 32.909354], [132.910801, 32.909302], [132.911404, 32.90923], [132.911528, 32.909239], [132.911988, 32.909327], [132.912481, 32.909469], [132.912706, 32.909507], [132.912921, 32.909576], [132.912814, 32.909946], [132.912756, 32.910242], [132.912518, 32.911362], [132.912262, 32.911568], [132.911931, 32.911785], [132.910684, 32.913141], [132.909582, 32.913848], [132.909527, 32.913909], [132.909477, 32.914015], [132.909444, 32.914247], [132.909311, 32.914537], [132.909147, 32.914927], [132.90892, 32.915614], [132.908845, 32.91581], [132.908911, 32.915882], [132.908957, 32.915922], [132.909059, 32.916164], [132.909052, 32.916363], [132.909021, 32.916667], [132.908992, 32.916848], [132.912905, 32.919839], [132.918257, 32.927165], [132.917903, 32.935265], [132.920683, 32.936516], [132.929406, 32.935776], [132.93175, 32.927785], [132.937041, 32.921897], [132.940329, 32.921615], [132.943729, 32.916688], [132.943753, 32.916667], [132.94454, 32.915303], [132.944669, 32.915106], [132.944822, 32.914756], [132.944825, 32.914581], [132.944717, 32.914367], [132.944686, 32.913898], [132.944808, 32.913402], [132.944785, 32.913171], [132.945127, 32.911917], [132.9453, 32.911532], [132.945536, 32.911287], [132.945653, 32.911367], [132.945744, 32.9115], [132.946071, 32.911907], [132.946848, 32.912154], [132.947131, 32.912159], [132.947558, 32.912281], [132.947854, 32.912479], [132.947959, 32.912656], [132.948092, 32.913134], [132.948217, 32.91341], [132.948662, 32.914104], [132.948966, 32.913976], [132.949329, 32.91376], [132.949477, 32.913621], [132.949608, 32.913556], [132.949778, 32.913509], [132.95, 32.913329], [132.950216, 32.913202], [132.950622, 32.913199], [132.951344, 32.913067], [132.952109, 32.912644], [132.952631, 32.912147], [132.952982, 32.911544], [132.952829, 32.910994], [132.952741, 32.910656], [132.952962, 32.910083], [132.95351, 32.909346], [132.953713, 32.909343], [132.95421, 32.909431], [132.954934, 32.909377], [132.955336, 32.9093], [132.955632, 32.909158], [132.955971, 32.908914], [132.95614, 32.908896], [132.956406, 32.909025], [132.956801, 32.909046], [132.957248, 32.909003], [132.957879, 32.909004], [132.958333, 32.909161], [132.959221, 32.909492], [132.959635, 32.909682], [132.960042, 32.909821], [132.960657, 32.909876], [132.960846, 32.909861], [132.961518, 32.909806], [132.962434, 32.909606], [132.962853, 32.909477], [132.962953, 32.909445], [132.963, 32.909487], [132.963042, 32.91013], [132.963079, 32.910287], [132.963083, 32.910647], [132.963094, 32.910806], [132.963163, 32.910974], [132.96329, 32.911179], [132.963368, 32.911432], [132.963347, 32.911756], [132.963283, 32.912119], [132.963213, 32.912587], [132.963326, 32.913541], [132.963153, 32.913883], [132.963099, 32.914317], [132.963038, 32.914708], [132.962847, 32.915109], [132.962767, 32.91546], [132.962947, 32.915588], [132.963191, 32.9157], [132.963531, 32.915839], [132.964138, 32.91607], [132.964553, 32.91626], [132.964993, 32.916667], [132.965116, 32.91677], [132.972838, 32.916785], [132.981676, 32.919285], [132.99023, 32.916714], [132.99042, 32.916379], [132.990565, 32.915622], [132.990762, 32.915479], [132.990912, 32.915468], [132.991406, 32.915355], [132.991629, 32.915231], [132.991818, 32.914755], [132.99182, 32.914612], [132.991671, 32.913955], [132.991774, 32.913753], [132.9924, 32.912912], [132.992617, 32.912574], [132.992906, 32.912262], [132.993156, 32.911975], [132.993261, 32.9119], [132.993905, 32.912153], [132.994802, 32.912192], [132.995294, 32.912117], [132.995959, 32.912101], [132.996499, 32.912146], [132.997071, 32.912287], [132.997288, 32.912296], [132.997559, 32.912158], [132.997806, 32.912188], [132.998087, 32.912337], [132.998251, 32.91243], [132.998433, 32.912369], [132.998543, 32.91243], [132.998583, 32.912463], [132.998763, 32.912446], [132.999108, 32.912377], [132.999338, 32.91236], [133.000099, 32.912391], [133.008836, 32.911954], [133.006224, 32.905459], [133.006297, 32.895896], [133.008632, 32.889866], [133.009374, 32.881206], [133.002005, 32.879752], [132.999037, 32.874289], [132.993751, 32.868346], [132.996422, 32.864027], [132.993328, 32.862445], [132.98669, 32.867692], [132.981843, 32.86457], [132.966796, 32.865935], [132.960341, 32.864213], [132.956667, 32.861087], [132.95099, 32.860087], [132.949506, 32.855577], [132.953592, 32.853529], [132.9566, 32.8399], [132.953498, 32.836396], [132.959011, 32.83071], [132.959452, 32.827756], [132.952757, 32.825986], [132.950361, 32.820603], [132.951865, 32.812959], [132.956457, 32.809236], [132.95794, 32.805041], [132.9624, 32.803964], [132.965497, 32.799035], [132.975424, 32.798047], [132.978835, 32.793899], [132.991359, 32.790409], [132.995942, 32.787313], [133.001612, 32.787246], [133.001418, 32.782707], [133.007699, 32.773983], [133.010354, 32.76735], [133.017463, 32.761486], [133.013958, 32.754226], [133.014779, 32.750205], [133.018753, 32.744305], [133.018585, 32.738904], [133.022113, 32.728995], [133.019567, 32.723568], [133.008284, 32.723856], [133.005223, 32.721707], [132.995936, 32.727127], [132.993837, 32.73125], [132.985011, 32.733409], [132.979732, 32.730794], [132.973541, 32.732077], [132.966061, 32.729281], [132.965538, 32.738015], [132.971463, 32.745108], [132.969188, 32.751472], [132.965167, 32.751024], [132.963919, 32.757937], [132.953652, 32.757344], [132.95368, 32.765201], [132.957504, 32.771836], [132.965554, 32.775077], [132.958899, 32.778177], [132.95474, 32.771981], [132.948016, 32.766286], [132.939586, 32.773776], [132.939768, 32.777983], [132.943512, 32.783256], [132.935238, 32.786926], [132.930914, 32.781469], [132.923478, 32.782557], [132.912718, 32.787998], [132.901905, 32.788584], [132.887375, 32.790753], [132.883672, 32.788], [132.879456, 32.789667], [132.87504, 32.787534], [132.880282, 32.783115], [132.875776, 32.775109], [132.879135, 32.770663], [132.872472, 32.768506], [132.865948, 32.773391], [132.87154, 32.776854], [132.871492, 32.785986], [132.861636, 32.790727], [132.859984, 32.787117], [132.852367, 32.786898], [132.845, 32.780955], [132.839111, 32.780845], [132.835444, 32.768986], [132.832759, 32.766172], [132.826689, 32.765195], [132.823768, 32.760741], [132.814412, 32.761206], [132.81668, 32.757338], [132.815546, 32.753339], [132.803903, 32.752819], [132.801888, 32.747887], [132.789309, 32.749648], [132.78632, 32.757363], [132.786283, 32.757597], [132.786215, 32.757941], [132.786107, 32.758333], [132.785968, 32.758706], [132.785852, 32.759081], [132.785736, 32.759908], [132.785697, 32.760227], [132.785731, 32.76099], [132.785507, 32.76157], [132.785405, 32.761727], [132.785385, 32.761938], [132.785768, 32.762644], [132.785834, 32.762909], [132.785806, 32.763274], [132.785784, 32.763524], [132.78579, 32.764384], [132.785676, 32.764951], [132.785581, 32.765301], [132.785589, 32.765814], [132.78556, 32.766081], [132.785352, 32.766527], [132.784928, 32.767289], [132.784677, 32.767928], [132.784593, 32.768152], [132.784595, 32.768496], [132.784753, 32.768766], [132.784908, 32.768927], [132.785199, 32.769184], [132.785868, 32.769698], [132.786093, 32.770134], [132.786107, 32.770396], [132.786068, 32.770757], [132.785968, 32.771089], [132.785975, 32.771252], [132.786075, 32.771441], [132.786322, 32.771722], [132.786447, 32.772089], [132.786417, 32.772275], [132.786337, 32.77251], [132.786292, 32.772848], [132.786114, 32.773282], [132.785823, 32.773652], [132.785391, 32.774059], [132.785238, 32.774442], [132.785011, 32.774741], [132.784753, 32.774863], [132.784238, 32.774988], [132.784205, 32.775], [132.783831, 32.775119], [132.783672, 32.775224], [132.783656, 32.775355], [132.783692, 32.775568], [132.783923, 32.776461], [132.783857, 32.777042], [132.783809, 32.777561], [132.783834, 32.777668], [132.784081, 32.778035], [132.78419, 32.778341], [132.783752, 32.778923], [132.783506, 32.779173], [132.783333, 32.779332], [132.783207, 32.779456], [132.78307, 32.779604], [132.782942, 32.780034], [132.782853, 32.780464], [132.782716, 32.781067], [132.782639, 32.781264], [132.782288, 32.781607], [132.781954, 32.782013], [132.781437, 32.782593], [132.781203, 32.782778], [132.780983, 32.782934], [132.780798, 32.782978], [132.780465, 32.782915], [132.78021, 32.782949], [132.780028, 32.783105], [132.779847, 32.783397], [132.779365, 32.783449], [132.779064, 32.783333], [132.778778, 32.783196], [132.777896, 32.783133], [132.777597, 32.783373], [132.777276, 32.783964], [132.776502, 32.784891], [132.776421, 32.785347], [132.776101, 32.785956], [132.775766, 32.786214], [132.775367, 32.786496], [132.775, 32.786546], [132.774065, 32.786679], [132.773624, 32.786744], [132.773398, 32.786792], [132.773086, 32.787021], [132.772949, 32.787147], [132.77257, 32.787632], [132.771939, 32.788311], [132.771724, 32.788576], [132.771736, 32.788631], [132.771895, 32.788763], [132.772177, 32.788879], [132.772598, 32.789053], [132.773051, 32.789289], [132.773311, 32.789358], [132.773603, 32.789527], [132.773811, 32.789692], [132.774034, 32.790398], [132.774009, 32.790484], [132.773977, 32.790563], [132.773827, 32.790714], [132.773601, 32.790933], [132.77358, 32.791019], [132.773801, 32.791421], [132.774018, 32.791693], [132.77402, 32.791986], [132.774025, 32.792236], [132.774287, 32.793111], [132.774196, 32.793415], [132.773717, 32.793806], [132.773484, 32.794184], [132.77332, 32.794849], [132.773004, 32.795085], [132.772607, 32.795311], [132.771164, 32.795527], [132.77018, 32.795736], [132.769727, 32.795754], [132.769357, 32.795764], [132.769111, 32.795851], [132.768779, 32.796141], [132.768502, 32.796399], [132.766681, 32.797335], [132.766493, 32.797302], [132.76612, 32.797352], [132.765531, 32.797535], [132.765235, 32.797744], [132.764546, 32.798439], [132.7644, 32.798534], [132.764336, 32.798643], [132.764289, 32.79889], [132.763967, 32.799319], [132.762729, 32.800158], [132.762606, 32.800201], [132.762152, 32.800267], [132.761703, 32.800646], [132.761593, 32.800706], [132.761723, 32.801628], [132.762516, 32.801939], [132.763414, 32.802009], [132.76382, 32.802026], [132.763904, 32.802048], [132.763918, 32.802196], [132.763693, 32.802452], [132.763371, 32.802734], [132.763294, 32.802956], [132.763487, 32.803417], [132.763704, 32.803967], [132.763768, 32.804039], [132.764019, 32.80429], [132.764258, 32.805096], [132.764502, 32.805795], [132.764552, 32.805925], [132.764739, 32.806231], [132.765093, 32.806645], [132.765442, 32.80715], [132.765635, 32.807524], [132.765943, 32.808059], [132.765968, 32.808262], [132.765986, 32.808333], [132.7661, 32.808535], [132.766479, 32.808917], [132.766725, 32.809199], [132.766932, 32.80949], [132.766932, 32.809941], [132.767071, 32.810294], [132.767306, 32.810679], [132.767525, 32.810775], [132.767794, 32.810906], [132.767883, 32.81107], [132.768091, 32.811593], [132.768171, 32.811799], [132.768312, 32.812096], [132.768485, 32.812779], [132.768481, 32.813095], [132.768405, 32.81342], [132.768501, 32.81383], [132.76867, 32.814193], [132.768665, 32.814311], [132.76888, 32.814428], [132.769581, 32.814465], [132.769615, 32.814491], [132.769782, 32.814827], [132.76978, 32.814916], [132.769771, 32.815297], [132.769892, 32.815689], [132.769966, 32.815839], [132.770286, 32.81661], [132.770314, 32.816782], [132.770321, 32.817005], [132.770191, 32.817329], [132.769871, 32.81771], [132.769329, 32.818387], [132.769027, 32.81879], [132.768982, 32.818882], [132.768656, 32.819895], [132.768459, 32.820205], [132.768214, 32.820392], [132.767888, 32.820521], [132.767441, 32.82115], [132.767378, 32.821327], [132.767261, 32.821413], [132.76662, 32.821633], [132.766221, 32.821834], [132.765761, 32.822148], [132.765455, 32.822365], [132.765247, 32.822498], [132.764831, 32.822551], [132.764555, 32.822609], [132.764263, 32.822759], [132.763879, 32.823026], [132.763574, 32.823364], [132.763507, 32.823727], [132.763433, 32.824018], [132.763749, 32.824411], [132.763751, 32.824463], [132.763587, 32.824739], [132.76364, 32.825], [132.763799, 32.825116], [132.764057, 32.825308], [132.7641, 32.825724], [132.764031, 32.826057], [132.764161, 32.826477], [132.764145, 32.826697], [132.764013, 32.827057], [132.762875, 32.827636], [132.762661, 32.827865], [132.76254, 32.828128], [132.76251, 32.828691], [132.762535, 32.829051], [132.76262, 32.829363], [132.762724, 32.829754], [132.762832, 32.830069], [132.762875, 32.830286]]]}, "properties": {"N03_001": "高知県", "N03_002": null, "N03_003": null, "N03_004": "土佐清水市", "N03_005": null, "N03_007": "39209"}}, {"type": "Feature", "geometry": {"type": "Polygon", "coordinates": [[[132.829778, 32.940254], [132.827484, 32.943484], [132.826703, 32.952632], [132.821487, 32.957644], [132.823424, 32.96551], [132.82481, 32.976971], [132.821492, 32.984753], [132.821993, 32.998212], [132.817481, 33.003112], [132.823542, 33.011696], [132.828238, 33.01076], [132.829533, 33.015498], [132.821907, 33.015756], [132.814828, 33.021806], [132.806288, 33.027407], [132.807262, 33.035056], [132.804063, 33.036807], [132.79832, 33.043491], [132.792539, 33.042932], [132.787494, 33.038688], [132.781166, 33.040215], [132.779554, 33.042969], [132.768267, 33.043891], [132.760801, 33.040527], [132.75859, 33.036655], [132.751099, 33.041576], [132.747279, 33.042499], [132.742041, 33.047419], [132.745622, 33.051504], [132.746648, 33.056575], [132.751966, 33.065395], [132.744249, 33.070175], [132.73549, 33.070487], [132.729928, 33.074845], [132.72135, 33.075254], [132.718119, 33.080594], [132.717685, 33.08587], [132.709935, 33.089489], [132.704011, 33.088896], [132.69644, 33.092129], [132.69484, 33.094689], [132.685746, 33.096098], [132.673129, 33.103852], [132.669236, 33.107194], [132.663271, 33.109142], [132.653891, 33.110411], [132.646636, 33.115566], [132.644403, 33.122187], [132.638281, 33.12791], [132.637476, 33.132392], [132.629816, 33.132294], [132.628216, 33.134757], [132.632295, 33.149244], [132.627574, 33.153446], [132.624789, 33.15935], [132.619334, 33.162684], [132.614865, 33.169289], [132.619485, 33.173466], [132.619444, 33.180879], [132.626004, 33.183864], [132.635659, 33.1864], [132.637247, 33.184602], [132.63442, 33.178792], [132.638733, 33.17361], [132.646679, 33.171864], [132.659665, 33.160008], [132.66238, 33.154419], [132.67356, 33.149982], [132.680358, 33.144198], [132.686888, 33.134848], [132.695835, 33.137587], [132.695853, 33.142612], [132.698602, 33.146412], [132.710561, 33.153157], [132.717178, 33.159877], [132.719551, 33.166787], [132.725813, 33.168276], [132.731309, 33.17395], [132.731589, 33.176403], [132.737837, 33.182158], [132.737216, 33.186331], [132.741911, 33.189743], [132.738416, 33.195844], [132.740643, 33.201284], [132.74848, 33.203487], [132.75944, 33.201704], [132.767957, 33.203284], [132.775943, 33.208409], [132.773161, 33.212437], [132.773587, 33.217969], [132.770859, 33.221042], [132.771143, 33.226308], [132.774598, 33.228354], [132.774909, 33.233994], [132.771922, 33.241063], [132.777606, 33.24614], [132.777732, 33.251525], [132.786893, 33.26224], [132.794823, 33.251744], [132.799951, 33.247572], [132.800313, 33.243837], [132.804668, 33.235789], [132.822406, 33.239604], [132.827457, 33.237756], [132.825763, 33.229319], [132.822998, 33.222706], [132.819072, 33.222944], [132.817647, 33.213892], [132.824512, 33.206582], [132.82453, 33.20193], [132.818798, 33.19205], [132.826447, 33.190893], [132.833703, 33.187435], [132.838891, 33.188668], [132.84552, 33.184526], [132.861198, 33.177257], [132.867784, 33.179993], [132.877624, 33.17956], [132.880084, 33.167009], [132.876025, 33.160924], [132.884146, 33.153593], [132.890509, 33.152707], [132.893154, 33.148572], [132.899176, 33.144177], [132.901689, 33.145159], [132.911643, 33.143819], [132.923849, 33.138973], [132.935453, 33.137548], [132.940281, 33.145291], [132.946353, 33.146293], [132.951439, 33.149256], [132.958539, 33.146584], [132.96318, 33.147969], [132.965704, 33.154681], [132.969233, 33.155884], [132.972752, 33.160905], [132.978971, 33.160121], [132.984675, 33.157336], [132.989377, 33.157416], [132.994037, 33.160136], [133.002526, 33.155907], [133.000398, 33.151072], [133.003441, 33.147242], [133.010891, 33.146079], [133.016952, 33.149931], [133.022186, 33.150198], [133.027346, 33.145094], [133.030577, 33.144771], [133.034458, 33.140479], [133.047813, 33.13561], [133.056838, 33.133444], [133.056853, 33.129767], [133.051345, 33.122666], [133.043643, 33.110669], [133.039269, 33.111649], [133.02984, 33.110169], [133.021893, 33.113897], [133.006529, 33.110417], [132.996881, 33.099179], [132.988721, 33.098759], [132.984799, 33.093916], [132.983102, 33.088329], [132.973944, 33.08764], [132.97105, 33.082649], [132.973999, 33.076751], [132.970524, 33.073157], [132.970144, 33.066864], [132.963937, 33.056343], [132.965579, 33.05376], [132.961625, 33.046877], [132.961015, 33.041012], [132.964721, 33.0336], [132.964224, 33.030266], [132.953392, 33.019672], [132.956682, 33.015034], [132.961819, 33.003845], [132.969225, 33.003243], [132.97564, 32.999644], [132.977581, 32.992282], [132.979995, 32.988903], [132.976433, 32.985097], [132.980247, 32.981965], [132.985462, 32.981906], [132.990972, 32.977059], [132.994474, 32.979832], [132.999296, 32.980301], [133.00391, 32.976436], [132.999716, 32.97162], [132.995274, 32.962419], [132.993007, 32.952332], [132.994655, 32.948719], [132.999963, 32.946079], [132.995852, 32.939654], [132.994699, 32.931725], [132.997881, 32.922536], [133.002573, 32.920718], [133.008836, 32.911954], [133.000099, 32.912391], [132.999338, 32.91236], [132.999108, 32.912377], [132.998763, 32.912446], [132.998583, 32.912463], [132.998543, 32.91243], [132.998433, 32.912369], [132.998251, 32.91243], [132.998087, 32.912337], [132.997806, 32.912188], [132.997559, 32.912158], [132.997288, 32.912296], [132.997071, 32.912287], [132.996499, 32.912146], [132.995959, 32.912101], [132.995294, 32.912117], [132.994802, 32.912192], [132.993905, 32.912153], [132.993261, 32.9119], [132.993156, 32.911975], [132.992906, 32.912262], [132.992617, 32.912574], [132.9924, 32.912912], [132.991774, 32.913753], [132.991671, 32.913955], [132.99182, 32.914612], [132.991818, 32.914755], [132.991629, 32.915231], [132.991406, 32.915355], [132.990912, 32.915468], [132.990762, 32.915479], [132.990565, 32.915622], [132.99042, 32.916379], [132.99023, 32.916714], [132.981676, 32.919285], [132.972838, 32.916785], [132.965116, 32.91677], [132.964993, 32.916667], [132.964553, 32.91626], [132.964138, 32.91607], [132.963531, 32.915839], [132.963191, 32.9157], [132.962947, 32.915588], [132.962767, 32.91546], [132.962847, 32.915109], [132.963038, 32.914708], [132.963099, 32.914317], [132.963153, 32.913883], [132.963326, 32.913541], [132.963213, 32.912587], [132.963283, 32.912119], [132.963347, 32.911756], [132.963368, 32.911432], [132.96329, 32.911179], [132.963163, 32.910974], [132.963094, 32.910806], [132.963083, 32.910647], [132.963079, 32.910287], [132.963042, 32.91013], [132.963, 32.909487], [132.962953, 32.909445], [132.962853, 32.909477], [132.962434, 32.909606], [132.961518, 32.909806], [132.960846, 32.909861], [132.960657, 32.909876], [132.960042, 32.909821], [132.959635, 32.909682], [132.959221, 32.909492], [132.958333, 32.909161], [132.957879, 32.909004], [132.957248, 32.909003], [132.956801, 32.909046], [132.956406, 32.909025], [132.95614, 32.908896], [132.955971, 32.908914], [132.955632, 32.909158], [132.955336, 32.9093], [132.954934, 32.909377], [132.95421, 32.909431], [132.953713, 32.909343], [132.95351, 32.909346], [132.952962, 32.910083], [132.952741, 32.910656], [132.952829, 32.910994], [132.952982, 32.911544], [132.952631, 32.912147], [132.952109, 32.912644], [132.951344, 32.913067], [132.950622, 32.913199], [132.950216, 32.913202], [132.95, 32.913329], [132.949778, 32.913509], [132.949608, 32.913556], [132.949477, 32.913621], [132.949329, 32.91376], [132.948966, 32.913976], [132.948662, 32.914104], [132.948217, 32.91341], [132.948092, 32.913134], [132.947959, 32.912656], [132.947854, 32.912479], [132.947558, 32.912281], [132.947131, 32.912159], [132.946848, 32.912154], [132.946071, 32.911907], [132.945744, 32.9115], [132.945653, 32.911367], [132.945536, 32.911287], [132.9453, 32.911532], [132.945127, 32.911917], [132.944785, 32.913171], [132.944808, 32.913402], [132.944686, 32.913898], [132.944717, 32.914367], [132.944825, 32.914581], [132.944822, 32.914756], [132.944669, 32.915106], [132.94454, 32.915303], [132.943753, 32.916667], [132.943729, 32.916688], [132.940329, 32.921615], [132.937041, 32.921897], [132.93175, 32.927785], [132.929406, 32.935776], [132.920683, 32.936516], [132.917903, 32.935265], [132.912507, 32.935021], [132.892776, 32.944967], [132.883239, 32.942639], [132.876489, 32.939743], [132.868722, 32.943502], [132.860717, 32.945198], [132.853822, 32.942294], [132.853607, 32.939929], [132.846024, 32.938591], [132.843252, 32.940417], [132.829778, 32.940254]]]}, "properties": {"N03_001": "高知県", "N03_002": null, "N03_003": null, "N03_004": "四万十市", "N03_005": null, "N03_007": "39210"}}, {"type": "Feature", "geometry": {"type": "Polygon", "coordinates": [[[133.886447, 33.653009], [133.880709, 33.6434], [133.876487, 33.641565], [133.879766, 33.63422], [133.879944, 33.627986], [133.874413, 33.624067], [133.872591, 33.617999], [133.876036, 33.616207], [133.875974, 33.612178], [133.870816, 33.607848], [133.861168, 33.606541], [133.856503, 33.600867], [133.864577, 33.593415], [133.859435, 33.59072], [133.848144, 33.581755], [133.843461, 33.576783], [133.835017, 33.579952], [133.829426, 33.583517], [133.827016, 33.580495], [133.820543, 33.579991], [133.817258, 33.574793], [133.820191, 33.566934], [133.813182, 33.557089], [133.80822, 33.555548], [133.80188, 33.550169], [133.794076, 33.549449], [133.781887, 33.534605], [133.778344, 33.524729], [133.770378, 33.518187], [133.769999, 33.515772], [133.758597, 33.520314], [133.754356, 33.520499], [133.753865, 33.526156], [133.755912, 33.531496], [133.749042, 33.536087], [133.738188, 33.538131], [133.713438, 33.537925], [133.699599, 33.536706], [133.681881, 33.534], [133.680777, 33.541517], [133.685206, 33.544354], [133.680414, 33.558191], [133.679697, 33.565814], [133.684454, 33.579678], [133.691637, 33.587595], [133.694269, 33.594161], [133.703621, 33.600322], [133.705159, 33.598231], [133.715835, 33.597094], [133.720863, 33.599602], [133.731001, 33.59315], [133.73747, 33.594231], [133.741384, 33.597559], [133.745977, 33.596888], [133.758947, 33.605407], [133.766933, 33.605647], [133.768194, 33.610701], [133.776231, 33.612656], [133.786079, 33.616761], [133.790226, 33.611002], [133.794029, 33.600839], [133.805859, 33.610319], [133.814124, 33.614673], [133.817911, 33.622149], [133.827474, 33.630276], [133.832716, 33.629981], [133.838311, 33.635053], [133.83546, 33.640457], [133.837222, 33.645318], [133.84422, 33.646606], [133.851079, 33.65405], [133.856955, 33.658238], [133.86532, 33.661393], [133.875658, 33.662663], [133.886447, 33.653009]]]}, "properties": {"N03_001": "高知県", "N03_002": null, "N03_003": null, "N03_004": "香南市", "N03_005": null, "N03_007": "39211"}}, {"type": "Feature", "geometry": {"type": "Polygon", "coordinates": [[[134.061627, 33.7203], [134.052569, 33.715233], [134.041838, 33.714123], [134.035279, 33.711989], [134.027192, 33.718776], [134.019549, 33.712407], [134.014737, 33.713868], [134.001843, 33.71248], [133.996048, 33.708452], [133.994601, 33.699184], [133.990587, 33.693533], [133.981007, 33.688148], [133.977624, 33.688643], [133.973721, 33.682252], [133.967994, 33.67909], [133.968123, 33.673782], [133.9638, 33.673541], [133.96016, 33.666092], [133.944648, 33.660194], [133.941994, 33.655396], [133.934766, 33.650757], [133.931926, 33.651902], [133.925774, 33.647794], [133.916212, 33.644172], [133.909143, 33.648711], [133.900969, 33.647241], [133.900813, 33.652712], [133.898288, 33.658157], [133.893877, 33.65422], [133.886447, 33.653009], [133.875658, 33.662663], [133.86532, 33.661393], [133.856955, 33.658238], [133.851079, 33.65405], [133.84422, 33.646606], [133.837222, 33.645318], [133.83546, 33.640457], [133.838311, 33.635053], [133.832716, 33.629981], [133.827474, 33.630276], [133.817911, 33.622149], [133.814124, 33.614673], [133.805859, 33.610319], [133.794029, 33.600839], [133.790226, 33.611002], [133.786079, 33.616761], [133.776231, 33.612656], [133.768194, 33.610701], [133.766933, 33.605647], [133.758947, 33.605407], [133.745977, 33.596888], [133.741384, 33.597559], [133.73747, 33.594231], [133.731001, 33.59315], [133.720863, 33.599602], [133.715835, 33.597094], [133.705159, 33.598231], [133.703621, 33.600322], [133.694269, 33.594161], [133.691637, 33.587595], [133.684454, 33.579678], [133.683812, 33.585072], [133.676272, 33.584764], [133.676799, 33.587829], [133.670894, 33.588904], [133.672342, 33.5926], [133.667987, 33.608245], [133.662373, 33.610332], [133.664963, 33.623575], [133.662971, 33.629308], [133.666637, 33.634222], [133.664851, 33.65914], [133.660338, 33.658559], [133.650772, 33.654791], [133.642741, 33.656787], [133.639473, 33.663642], [133.634663, 33.664713], [133.619711, 33.661322], [133.617905, 33.663196], [133.6176656251161, 33.66646353256806], [133.61775167, 33.66629833], [133.61784583, 33.66623056], [133.61790639, 33.66616861], [133.61793334, 33.66610111], [133.61793334, 33.66598834], [133.61785278, 33.66578528], [133.61785278, 33.66567167], [133.61785278, 33.66562195], [133.61795361, 33.66570639], [133.61806805, 33.66583055], [133.61810861, 33.66589805], [133.61824333, 33.66599389], [133.61833056, 33.66601639], [133.61864028, 33.66602195], [133.6190175, 33.665915], [133.619105, 33.66590361], [133.61915889, 33.66594305], [133.61924638, 33.66611222], [133.61954944, 33.66644473], [133.61960333, 33.66656889], [133.61965055, 33.66664195], [133.61973806, 33.66672667], [133.61984583, 33.66678861], [133.6200275, 33.66683944], [133.62001416, 33.66700278], [133.62004111, 33.66704778], [133.62016222, 33.667155], [133.62022305, 33.66718888], [133.62031722, 33.66726778], [133.62045861, 33.66745362], [133.62058, 33.66754389], [133.6206875, 33.66760584], [133.62091667, 33.66773556], [133.62107139, 33.66785944], [133.62128694, 33.66804555], [133.62144195, 33.66822583], [133.62177833, 33.6688625], [133.62183222, 33.66904278], [133.62183889, 33.66930778], [133.62181861, 33.66939222], [133.62168444, 33.66961778], [133.62167083, 33.66991084], [133.62166472, 33.67001806], [133.62173084, 33.67013639], [133.621805, 33.67020416], [133.62209472, 33.6703675], [133.62224277, 33.67044083], [133.62234083, 33.67046084], [133.62238445, 33.67043778], [133.62255612, 33.67036278], [133.62270139, 33.67031666], [133.62294389, 33.67023223], [133.62303833, 33.67022666], [133.62324722, 33.67026611], [133.62338889, 33.67030555], [133.62349666, 33.67031111], [133.62359111, 33.6703], [133.62378667, 33.67024361], [133.62386139, 33.67019667], [133.62399527, 33.67011305], [133.62409361, 33.67001806], [133.62431056, 33.66991639], [133.62471472, 33.6698375], [133.62480888, 33.66982639], [133.62487611, 33.66980389], [133.62499084, 33.66973055], [133.62511167, 33.66961222], [133.62527333, 33.669505], [133.62540111, 33.66939806], [133.62555612, 33.66915], [133.62555612, 33.66898112], [133.62553583, 33.66892472], [133.62537445, 33.66859778], [133.62532056, 33.66851333], [133.62507805, 33.66832167], [133.62505112, 33.66828777], [133.62505112, 33.66823139], [133.62511167, 33.66816945], [133.62517222, 33.66818055], [133.62527333, 33.66822583], [133.62530027, 33.66824833], [133.62542139, 33.66830472], [133.62554944, 33.66833277], [133.62568417, 33.66832722], [133.62580527, 33.66830472], [133.62586584, 33.66825389], [133.62608806, 33.6681075], [133.62625667, 33.66803417], [133.62639111, 33.66800028], [133.62662028, 33.66799473], [133.62689639, 33.66800583], [133.62699055, 33.66802861], [133.62705805, 33.66810167], [133.62717917, 33.66828222], [133.6275025, 33.66855278], [133.62775167, 33.66880083], [133.6278525, 33.66893028], [133.62810167, 33.66924611], [133.62838472, 33.66961778], [133.62858639, 33.66978111], [133.62865389, 33.66980945], [133.62873445, 33.66982055], [133.62880195, 33.66987139], [133.62880861, 33.66988834], [133.62881416, 33.67001806], [133.62886889, 33.67011389], [133.6289025, 33.67014194], [133.62899028, 33.67027723], [133.62907111, 33.67036195], [133.62917222, 33.67043528], [133.62928, 33.67048583], [133.62946889, 33.67052528], [133.62946889, 33.67062111], [133.62944861, 33.67073389], [133.62945528, 33.67088028], [133.6295025, 33.67097056], [133.62968444, 33.67117361], [133.62985306, 33.67124667], [133.62983278, 33.67138777], [133.62984639, 33.67156806], [133.62986639, 33.67163], [133.63007556, 33.67194555], [133.63027777, 33.67214278], [133.63036528, 33.67246389], [133.63043944, 33.67267806], [133.63050028, 33.67280778], [133.63056083, 33.67289222], [133.63060139, 33.67292612], [133.63066862, 33.67296], [133.63077667, 33.67297694], [133.63093833, 33.67297694], [133.63099889, 33.67295444], [133.63112695, 33.67284722], [133.63118111, 33.67272333], [133.63124834, 33.67245278], [133.63124834, 33.67235111], [133.63128222, 33.67219917], [133.63132945, 33.67212611], [133.6314575, 33.67206417], [133.63159889, 33.67205278], [133.63178083, 33.67208083], [133.63192917, 33.67208083], [133.6320775, 33.67205278], [133.63226611, 33.67206417], [133.63248861, 33.67206417], [133.63263694, 33.67202472], [133.63272445, 33.67197945], [133.63283917, 33.6719625], [133.63292666, 33.6719175], [133.63309528, 33.67180473], [133.63318278, 33.67165833], [133.63329056, 33.67138194], [133.63333111, 33.67132], [133.633385, 33.671275], [133.63341194, 33.67130889], [133.63337167, 33.67146084], [133.63337167, 33.67166389], [133.63341889, 33.67178223], [133.63346944, 33.67184361], [133.63355361, 33.67194555], [133.63355361, 33.67199083], [133.63349306, 33.67206972], [133.63342556, 33.672205], [133.63343888, 33.67231778], [133.63339861, 33.67235722], [133.63331778, 33.67237416], [133.63287277, 33.67239084], [133.63256944, 33.67241889], [133.63227944, 33.67251472], [133.63220555, 33.67257111], [133.63212472, 33.67265], [133.63199667, 33.67283028], [133.63198333, 33.67289805], [133.63199667, 33.67294862], [133.63212472, 33.67306694], [133.63204389, 33.67310639], [133.63190917, 33.67319667], [133.63186861, 33.67325306], [133.63186861, 33.67337139], [133.63189556, 33.67343917], [133.63197639, 33.67354055], [133.63213139, 33.67364195], [133.6320775, 33.67367583], [133.63188195, 33.67369277], [133.63171361, 33.67375472], [133.63157861, 33.67383917], [133.63153833, 33.67383917], [133.63140333, 33.67374917], [133.63134278, 33.67372639], [133.63126861, 33.67372639], [133.63105306, 33.67389556], [133.63091806, 33.67395194], [133.63078333, 33.67400278], [133.63072944, 33.67403083], [133.63068889, 33.67406473], [133.63064167, 33.67419445], [133.63054055, 33.67421111], [133.63042611, 33.67426723], [133.63036528, 33.67435195], [133.63031805, 33.67447028], [133.63018333, 33.67467305], [133.62999445, 33.67483084], [133.62992722, 33.67490416], [133.62990028, 33.67497194], [133.62991361, 33.6750225], [133.62998778, 33.67511278], [133.63000806, 33.67516361], [133.62984639, 33.67530445], [133.62971806, 33.67546222], [133.62969805, 33.67553556], [133.62971139, 33.67560889], [133.62974528, 33.67569889], [133.62980583, 33.67578916], [133.62988, 33.67582861], [133.63011583, 33.67589611], [133.63008889, 33.675975], [133.62994056, 33.67616667], [133.62987333, 33.67631305], [133.62985306, 33.67648222], [133.62986639, 33.67656666], [133.62991361, 33.67665111], [133.63002167, 33.67672445], [133.63019695, 33.67673], [133.63023722, 33.67675833], [133.63027777, 33.67687667], [133.630345, 33.67696111], [133.63054055, 33.67707945], [133.63074944, 33.67718111], [133.63086417, 33.67718667], [133.63099889, 33.67716417], [133.63105972, 33.67713027], [133.63122139, 33.676995], [133.63127528, 33.676995], [133.63130916, 33.67702889], [133.63131778, 33.67707583], [133.63135639, 33.67728806], [133.63138334, 33.67734444], [133.63146416, 33.67745166], [133.63162583, 33.6775475], [133.63179444, 33.67759805], [133.63191583, 33.67762055], [133.63207083, 33.67762055], [133.63212472, 33.67759805], [133.63222584, 33.67749666], [133.63225278, 33.67733889], [133.63232028, 33.67747973], [133.63239444, 33.67755305], [133.63247528, 33.67758111], [133.63261, 33.67758111], [133.63265722, 33.67755305], [133.63285278, 33.67733333], [133.63295361, 33.67737278], [133.63305473, 33.67737278], [133.63313555, 33.67734444], [133.63328389, 33.67718667], [133.63334472, 33.67707945], [133.63339194, 33.67693861], [133.63344583, 33.6768375], [133.63358722, 33.67675305], [133.63364111, 33.67669083], [133.63370195, 33.67658945], [133.63375584, 33.67654445], [133.63385027, 33.67651611], [133.63388389, 33.67649916], [133.63401194, 33.67640361], [133.63403223, 33.67636972], [133.6340525, 33.67635278], [133.63413333, 33.67624], [133.63424805, 33.67625139], [133.63443667, 33.67625139], [133.63461861, 33.67618361], [133.63476695, 33.67609917], [133.63491889, 33.67598028], [133.63498278, 33.6759075], [133.63507028, 33.67576666], [133.63510417, 33.67554111], [133.63522528, 33.67562], [133.63536028, 33.67567083], [133.63567695, 33.67573278], [133.63586584, 33.67574389], [133.63595333, 33.67573278], [133.63604083, 33.67569889], [133.63622945, 33.67554667], [133.63632389, 33.67554667], [133.6364925, 33.67559194], [133.63672833, 33.67559194], [133.63677834, 33.67559472], [133.63670139, 33.67563694], [133.63661389, 33.6756425], [133.63654639, 33.67565944], [133.63636445, 33.67570444], [133.63617556, 33.67581723], [133.63610138, 33.67589055], [133.63606778, 33.67599778], [133.63600722, 33.67604278], [133.63581861, 33.67604278], [133.63566361, 33.67602583], [133.63545445, 33.67602583], [133.63534667, 33.67607667], [133.63527944, 33.67612722], [133.63520528, 33.67620611], [133.63515111, 33.67630778], [133.63513778, 33.67643722], [133.6351175, 33.67647111], [133.63498278, 33.6764825], [133.63486139, 33.67653861], [133.63469945, 33.67666833], [133.6346725, 33.67670222], [133.63460527, 33.67684305], [133.63447722, 33.67695027], [133.63440194, 33.67697917], [133.63438945, 33.67698389], [133.63426139, 33.67701222], [133.63410639, 33.67706834], [133.63387056, 33.67729944], [133.63380306, 33.67740083], [133.63380306, 33.67756416], [133.63381639, 33.67760945], [133.63390416, 33.67774472], [133.63403223, 33.6778575], [133.63416028, 33.677925], [133.63430861, 33.67797583], [133.63453777, 33.67806584], [133.63462556, 33.67813361], [133.63457833, 33.67817306], [133.63447027, 33.67819556], [133.634275, 33.67820111], [133.63400528, 33.67816166], [133.63374917, 33.67816166], [133.63364111, 33.67822361], [133.63360083, 33.67828], [133.63359417, 33.67834778], [133.63361417, 33.67841528], [133.63372222, 33.67855055], [133.63380306, 33.67862389], [133.6339175, 33.67873111], [133.63395139, 33.67879861], [133.63395805, 33.67886639], [133.63397834, 33.67891694], [133.633985, 33.67902973], [133.63397166, 33.67912], [133.6339175, 33.67922111], [133.63392445, 33.67932805], [133.63392445, 33.67945222], [133.63390416, 33.67948611], [133.6337625, 33.67961556], [133.63368167, 33.67976223], [133.63368834, 33.67981861], [133.63369527, 33.67994806], [133.63368167, 33.6799875], [133.63353333, 33.68012862], [133.63351306, 33.68017362], [133.63343888, 33.68040472], [133.633385, 33.68044416], [133.63331778, 33.6805175], [133.63331778, 33.68057944], [133.63332444, 33.68066972], [133.63323028, 33.68086139], [133.63323028, 33.68095139], [133.63326389, 33.68105277], [133.63333778, 33.68113194], [133.63352667, 33.68120472], [133.63358056, 33.68121611], [133.63376945, 33.68122194], [133.63386361, 33.68119944], [133.63397834, 33.68117694], [133.63406583, 33.68114861], [133.63430861, 33.68107556], [133.63447722, 33.68100777], [133.63479389, 33.68090084], [133.63486805, 33.68086139], [133.63493555, 33.68076555], [133.63499612, 33.68076555], [133.63505, 33.68079917], [133.63512417, 33.68082195], [133.63527944, 33.68083305], [133.63552861, 33.68082195], [133.63566361, 33.68078805], [133.63585916, 33.68075972], [133.636405, 33.68077111], [133.63651972, 33.68078222], [133.63677556, 33.68084445], [133.63697778, 33.68085555], [133.63702861, 33.68081], [133.63707222, 33.68077111], [133.63710583, 33.68077111], [133.63712611, 33.68083305], [133.63720695, 33.68093445], [133.63730139, 33.68098527], [133.63756417, 33.68106417], [133.63766528, 33.68112056], [133.63775972, 33.68121639], [133.63780028, 33.68128973], [133.63782056, 33.68147], [133.63784056, 33.68150945], [133.63792167, 33.68157139], [133.6380025, 33.68160528], [133.63806306, 33.68165028], [133.63821139, 33.68181917], [133.63825861, 33.68193194], [133.63829223, 33.68197139], [133.63833278, 33.68204472], [133.63837334, 33.68215166], [133.6384675, 33.6822925], [133.63851472, 33.68234333], [133.63863612, 33.68244472], [133.63869667, 33.68259139], [133.63873056, 33.68265334], [133.63883167, 33.68273777], [133.63889889, 33.68276056], [133.63902027, 33.68276056], [133.63907416, 33.68271527], [133.63923611, 33.6826025], [133.63925639, 33.68275472], [133.63929, 33.68283361], [133.63937083, 33.68296333], [133.63941139, 33.68300833], [133.63947861, 33.68304778], [133.63958667, 33.68306473], [133.63956639, 33.68311], [133.63950583, 33.68327889], [133.63951917, 33.68336917], [133.63962028, 33.6834425], [133.63978166, 33.68349306], [133.63985584, 33.68356083], [133.63993, 33.68366778], [133.63999084, 33.68372416], [133.64003111, 33.68374111], [133.64013222, 33.6837525], [133.64024028, 33.68374111], [133.64033444, 33.68374666], [133.64046944, 33.68382], [133.64064472, 33.68387638], [133.6407525, 33.68387638], [133.64084695, 33.68380306], [133.64088055, 33.68380888], [133.64100194, 33.68385945], [133.64116361, 33.68387083], [133.641285, 33.68385388], [133.64139306, 33.68379195], [133.64148722, 33.68371306], [133.64154806, 33.68362834], [133.64156806, 33.68356639], [133.641575, 33.6834425], [133.64154806, 33.68332417], [133.64148056, 33.68324528], [133.64137944, 33.6832225], [133.64137944, 33.68318889], [133.64139972, 33.68312111], [133.64142, 33.68295778], [133.64146695, 33.68291833], [133.64150694, 33.68280222], [133.6415575, 33.68272222], [133.64156806, 33.6828225], [133.64158834, 33.6828675], [133.64179055, 33.68307611], [133.64191194, 33.683155], [133.64202667, 33.68320583], [133.64208722, 33.68325639], [133.64211417, 33.68335778], [133.64221528, 33.6834425], [133.64215472, 33.68352694], [133.64215472, 33.68361139], [133.6422625, 33.6837525], [133.64235694, 33.68381445], [133.64244445, 33.68384833], [133.64262639, 33.68388195], [133.64290278, 33.68390472], [133.64308472, 33.68389333], [133.64316556, 33.68385388], [133.64317777, 33.68384361], [133.64325305, 33.68378056], [133.64333416, 33.68365666], [133.64338139, 33.68349889], [133.64339472, 33.68341417], [133.64343528, 33.68338611], [133.64346889, 33.68341417], [133.64355666, 33.68358333], [133.64362389, 33.68368472], [133.64369139, 33.68376945], [133.6437925, 33.6837975], [133.64388, 33.68384833], [133.64398111, 33.68384833], [133.64410916, 33.68376945], [133.64421056, 33.68384833], [133.64424416, 33.68385945], [133.64443972, 33.68385945], [133.6445475, 33.68383695], [133.6447025, 33.68379195], [133.64482389, 33.68372416], [133.64493167, 33.68363972], [133.64496556, 33.68369056], [133.64499917, 33.68380888], [133.64502611, 33.6838425], [133.64512056, 33.68388778], [133.64532278, 33.68391028], [133.64547111, 33.68401167], [133.64562583, 33.68410194], [133.64567306, 33.68411305], [133.64574722, 33.68411889], [133.64579416, 33.684085], [133.6459225, 33.68393278], [133.64601, 33.68388195], [133.64601, 33.68407362], [133.64603028, 33.68414694], [133.64611778, 33.68422027], [133.6463, 33.68429361], [133.64652222, 33.68435556], [133.64654917, 33.68437806], [133.64654917, 33.68441194], [133.64648194, 33.68449083], [133.64646167, 33.68457528], [133.64636056, 33.68463723], [133.64627305, 33.68473305], [133.64626611, 33.68481777], [133.64642111, 33.68497], [133.64643472, 33.685015], [133.64637417, 33.6850825], [133.64634028, 33.68513333], [133.64634028, 33.6852175], [133.64656278, 33.68535861], [133.64657639, 33.68544861], [133.6466775, 33.68554445], [133.64667056, 33.68562917], [133.64665056, 33.68566278], [133.64658972, 33.68575305], [133.64652222, 33.68590528], [133.64651556, 33.686035], [133.64653583, 33.68615333], [133.64656278, 33.68619278], [133.64669083, 33.68626028], [133.64686611, 33.68628861], [133.64712916, 33.686345], [133.64739194, 33.68647445], [133.64803889, 33.68658722], [133.64820056, 33.68662667], [133.64837584, 33.68662111], [133.64844334, 33.68660417], [133.64855111, 33.68659861], [133.64886111, 33.68662667], [133.64896917, 33.68662111], [133.64915111, 33.68659861], [133.64932639, 33.68659277], [133.64956223, 33.68663222], [133.64979139, 33.68663222], [133.64988833, 33.68658306], [133.64994667, 33.68655334], [133.65001388, 33.68649139], [133.65007472, 33.68645195], [133.65027666, 33.68644055], [133.65040473, 33.68640695], [133.65055305, 33.68635055], [133.65065417, 33.68629972], [133.65085638, 33.68612528], [133.6509575, 33.6859675], [133.65099111, 33.68582111], [133.65099778, 33.68548278], [133.65097777, 33.68536445], [133.65093722, 33.68528556], [133.65089, 33.68516723], [133.65077527, 33.68503194], [133.65074833, 33.68496417], [133.65084945, 33.68490222], [133.65093056, 33.68477833], [133.65093056, 33.68460361], [133.65086306, 33.68448528], [133.6508225, 33.68442889], [133.65074833, 33.68433306], [133.65061361, 33.68423139], [133.65032416, 33.68410194], [133.65009472, 33.68401167], [133.64997361, 33.68394417], [133.64996667, 33.68391028], [133.64999361, 33.68385388], [133.650115, 33.68369611], [133.65033084, 33.68351028], [133.65037806, 33.68344278], [133.650405, 33.6833525], [133.65039805, 33.68324556], [133.6503375, 33.68314389], [133.65023639, 33.68305945], [133.64993306, 33.68284528], [133.64995333, 33.68281139], [133.64995333, 33.682755], [133.64991278, 33.6826875], [133.64991278, 33.68265917], [133.64994667, 33.68263111], [133.65013527, 33.68263111], [133.65020945, 33.68260277], [133.65032416, 33.68251834], [133.65037806, 33.68243944], [133.65041834, 33.682355], [133.65041834, 33.68220833], [133.650405, 33.68216889], [133.65033084, 33.68188694], [133.65028361, 33.68180805], [133.65010833, 33.68165611], [133.64990611, 33.68156028], [133.64979833, 33.68144195], [133.64978472, 33.68137416], [133.64973083, 33.68128973], [133.64963639, 33.68122194], [133.64954889, 33.68117139], [133.64936, 33.68110917], [133.64918472, 33.68108667], [133.64910388, 33.68104722], [133.64905667, 33.68096277], [133.64884805, 33.68081084], [133.64888167, 33.6807375], [133.64890861, 33.68072639], [133.64907028, 33.68070361], [133.64917806, 33.68067], [133.64923195, 33.68063611], [133.64929945, 33.68063055], [133.64941389, 33.68070945], [133.649495, 33.68073195], [133.64969723, 33.68076584], [133.64986556, 33.68079389], [133.64999361, 33.68080527], [133.65001334, 33.68080306], [133.65014888, 33.68078834], [133.65031056, 33.68069805], [133.65038472, 33.68058528], [133.65039139, 33.68046694], [133.65031722, 33.68031472], [133.65030389, 33.68022472], [133.65039139, 33.68023584], [133.65049917, 33.68027528], [133.65066112, 33.68026972], [133.65080278, 33.68021334], [133.65088361, 33.68014584], [133.65095778, 33.6800275], [133.651005, 33.67998778], [133.65118027, 33.67998222], [133.65134195, 33.67991472], [133.65145639, 33.67983583], [133.6515775, 33.67984695], [133.65173278, 33.67984695], [133.65185389, 33.679785], [133.65197528, 33.67964973], [133.65209, 33.67974], [133.65219111, 33.67977945], [133.65232583, 33.67981306], [133.65280445, 33.67981888], [133.6529325, 33.67979667], [133.65302028, 33.67979667], [133.65314833, 33.67984167], [133.65347861, 33.67992611], [133.65366722, 33.67992611], [133.65376139, 33.67988111], [133.65385583, 33.67979083], [133.65388278, 33.67972333], [133.65390972, 33.67962195], [133.65392333, 33.67948666], [133.65395028, 33.67937944], [133.65397028, 33.67934], [133.65400417, 33.67913722], [133.65397722, 33.67899611], [133.65403111, 33.67882722], [133.65403111, 33.67852277], [133.65410528, 33.67826333], [133.65411861, 33.67815638], [133.65410528, 33.67797638], [133.65408501, 33.67790861], [133.65401083, 33.67778473], [133.65400417, 33.67771139], [133.65409861, 33.67776223], [133.65428722, 33.6779425], [133.65435472, 33.67805528], [133.65457028, 33.67831972], [133.65483333, 33.67855667], [133.65502194, 33.67868611], [133.65526472, 33.67877639], [133.65537916, 33.67878778], [133.65544, 33.67882722], [133.65546027, 33.67892861], [133.65550055, 33.678985], [133.65563555, 33.6790525], [133.65564223, 33.67911445], [133.65549389, 33.67930056], [133.65522417, 33.67948666], [133.65502889, 33.67973445], [133.65502194, 33.67980778], [133.65504222, 33.67986972], [133.65513667, 33.67998805], [133.65534139, 33.68013194], [133.65494056, 33.68102499], [133.65461917, 33.68174084], [133.65445584, 33.68174639], [133.65434777, 33.681645], [133.65428722, 33.68156056], [133.65415249, 33.68141945], [133.65404444, 33.68135195], [133.65395694, 33.6813575], [133.65383555, 33.68140833], [133.653775, 33.68147583], [133.65372111, 33.68155472], [133.65363334, 33.68162806], [133.65357945, 33.68165055], [133.65344472, 33.681645], [133.65335056, 33.6816675], [133.65331, 33.6816675], [133.65316167, 33.6816225], [133.65302028, 33.68155472], [133.65289889, 33.68151528], [133.65279777, 33.68147028], [133.65260889, 33.68141945], [133.65250111, 33.68144778], [133.65241362, 33.68148167], [133.65227194, 33.68161111], [133.6521775, 33.68179722], [133.65215723, 33.68190416], [133.65213722, 33.68192666], [133.65210333, 33.68194334], [133.65202916, 33.68196028], [133.65191472, 33.68201111], [133.65185389, 33.68205611], [133.65180666, 33.682135], [133.65181361, 33.682445], [133.65184722, 33.68256334], [133.65189445, 33.682665], [133.65203611, 33.68281694], [133.65227862, 33.68303695], [133.65242028, 33.68312695], [133.65258889, 33.68321722], [133.65270333, 33.68329611], [133.65274389, 33.68334694], [133.65274389, 33.68358361], [133.65283139, 33.683685], [133.65282472, 33.68376972], [133.65279111, 33.68388805], [133.65279777, 33.68396694], [133.65289222, 33.68405139], [133.65306028, 33.68413611], [133.65308056, 33.68416417], [133.65303333, 33.68428806], [133.65283805, 33.68445167], [133.65278416, 33.68454722], [133.65276417, 33.68466], [133.65277083, 33.68488527], [133.65283778, 33.685015], [133.65280416, 33.68506], [133.65271, 33.68515583], [133.65266972, 33.68523473], [133.65268306, 33.68531945], [133.65275028, 33.68546028], [133.65275028, 33.68549972], [133.65270973, 33.68554472], [133.65249444, 33.6857025], [133.65244722, 33.68577028], [133.65242028, 33.68583222], [133.65241362, 33.68588306], [133.65245389, 33.68602389], [133.65253472, 33.68618722], [133.652575, 33.68623805], [133.65261556, 33.68633945], [133.65259527, 33.68642417], [133.65252944, 33.68656666], [133.65252777, 33.68657056], [133.6524875, 33.6867675], [133.6524675, 33.68680694], [133.65234612, 33.68698166], [133.65231917, 33.6870775], [133.6523125, 33.68717333], [133.6523325, 33.68721861], [133.65242028, 33.68732555], [133.65246027, 33.68743278], [133.65259527, 33.68757916], [133.65267611, 33.68764111], [133.65270305, 33.6876525], [133.65293889, 33.68765806], [133.65300639, 33.68776528], [133.65308056, 33.68784417], [133.65315472, 33.68790055], [133.65331639, 33.68795111], [133.65343111, 33.68795694], [133.65347833, 33.68800194], [133.65349166, 33.68803027], [133.65349861, 33.68809777], [133.65353222, 33.68823861], [133.65354583, 33.68857111], [133.65358611, 33.68877972], [133.65369389, 33.68899361], [133.65388278, 33.68927556], [133.65413222, 33.68957417], [133.65409167, 33.68961362], [133.65394333, 33.68965305], [133.653775, 33.68965305], [133.65372778, 33.68963612], [133.65366694, 33.68959667], [133.65360639, 33.68957972], [133.653485, 33.68958555], [133.65342445, 33.68960805], [133.65328945, 33.68972084], [133.65318833, 33.68984472], [133.65314806, 33.68994611], [133.65310083, 33.69011528], [133.65304694, 33.69019973], [133.65296611, 33.69023945], [133.65281083, 33.69027305], [133.65269639, 33.690335], [133.65252111, 33.69048722], [133.6524875, 33.69056056], [133.6524875, 33.69069583], [133.65254806, 33.69105056], [133.65254806, 33.6913325], [133.65258166, 33.69154111], [133.65262222, 33.69172139], [133.65263555, 33.69203139], [133.65260833, 33.69229584], [133.65262889, 33.69266833], [133.65265584, 33.69279806], [133.65268278, 33.69284306], [133.65273666, 33.69294417], [133.65286195, 33.69306723], [133.65289028, 33.69311778], [133.65283389, 33.69311194], [133.65269639, 33.6930175], [133.65262222, 33.692995], [133.65246027, 33.69301194], [133.65231222, 33.69297805], [133.65222444, 33.69298361], [133.65209555, 33.69307445], [133.65205362, 33.69305917], [133.6520225, 33.69302861], [133.65200223, 33.69296111], [133.65223806, 33.69266833], [133.65227167, 33.6925725], [133.652285, 33.69245416], [133.652285, 33.69236389], [133.65225139, 33.69220611], [133.65217722, 33.69209889], [133.65210333, 33.69202584], [133.65207639, 33.69191305], [133.65200889, 33.69183972], [133.65201584, 33.69171583], [133.65202916, 33.69163694], [133.65199555, 33.69146778], [133.6518675, 33.69127055], [133.6518675, 33.69109], [133.65189445, 33.69097166], [133.65194166, 33.69081944], [133.651955, 33.69071806], [133.65194166, 33.69053806], [133.65203611, 33.69043083], [133.65210333, 33.69032389], [133.65212361, 33.69023945], [133.65212361, 33.69013778], [133.65207639, 33.68998556], [133.65188084, 33.689625], [133.65185389, 33.68952362], [133.65195583, 33.68944667], [133.65206305, 33.68936556], [133.65214389, 33.68925306], [133.65216416, 33.68920222], [133.65216416, 33.68910083], [133.65207639, 33.68894306], [133.65205611, 33.68891472], [133.65196195, 33.68883583], [133.6518675, 33.68879083], [133.65169889, 33.68872889], [133.6515575, 33.68866666], [133.65134833, 33.68863861], [133.65124723, 33.68863861], [133.65117305, 33.68865], [133.65109222, 33.68863861], [133.65092361, 33.68852583], [133.65085638, 33.68848639], [133.65067417, 33.68843556], [133.65051917, 33.68842444], [133.65045194, 33.68839056], [133.65033723, 33.68830056], [133.65021584, 33.68824444], [133.65014861, 33.68822167], [133.65003389, 33.68821056], [133.64995333, 33.68822167], [133.64975778, 33.68830027], [133.64962973, 33.68830027], [133.64943416, 33.68824417], [133.64928584, 33.68819889], [133.64916445, 33.68818194], [133.64888139, 33.68818194], [133.64875333, 33.68822722], [133.64848361, 33.6884075], [133.64827472, 33.68846389], [133.64818722, 33.68852028], [133.64789055, 33.68876833], [133.64772861, 33.68877945], [133.647695, 33.68873445], [133.64780973, 33.68855416], [133.64780973, 33.68844139], [133.6477625, 33.68830611], [133.64777583, 33.68818194], [133.6477625, 33.68813139], [133.64771528, 33.6880525], [133.64764111, 33.68799611], [133.64757361, 33.68795667], [133.64735139, 33.68789472], [133.64725722, 33.687855], [133.64713583, 33.68784389], [133.64683916, 33.68791139], [133.64670445, 33.68792833], [133.64662334, 33.68795083], [133.64650222, 33.68801861], [133.64639417, 33.68811444], [133.64634028, 33.68808611], [133.64623917, 33.68787778], [133.64609778, 33.68775945], [133.64605723, 33.68773111], [133.64588861, 33.68766361], [133.64575389, 33.68757889], [133.64558528, 33.68743834], [133.64551778, 33.68739889], [133.64530222, 33.68734805], [133.64498528, 33.687275], [133.64484417, 33.68725222], [133.644615, 33.68726361], [133.64450028, 33.68728028], [133.64422389, 33.68729722], [133.64413638, 33.68732528], [133.64398806, 33.68744361], [133.64393417, 33.6875225], [133.64384639, 33.68759028], [133.64376555, 33.68764666], [133.64371833, 33.68769166], [133.64358361, 33.68786083], [133.64357667, 33.68795667], [133.64363055, 33.68805805], [133.64360362, 33.68809194], [133.64356334, 33.6880975], [133.64345555, 33.68805805], [133.64328695, 33.68803], [133.643125, 33.68802417], [133.64305083, 33.68804111], [133.64290278, 33.68811444], [133.64270723, 33.6881425], [133.64251834, 33.68820472], [133.6424375, 33.68824972], [133.64239695, 33.68823834], [133.64230945, 33.68813694], [133.64224195, 33.68810305], [133.64203333, 33.68810305], [133.64195917, 33.6881425], [133.64173666, 33.68823834], [133.64160195, 33.68827222], [133.64146027, 33.68828917], [133.64139972, 33.68828361], [133.64099528, 33.68813694], [133.64073222, 33.68804111], [133.64048278, 33.68803], [133.64024694, 33.68806944], [133.63998416, 33.68808055], [133.63988972, 33.6880975], [133.63980195, 33.68814834], [133.63978166, 33.68817639], [133.63970778, 33.68823277], [133.63958639, 33.68823834], [133.63946944, 33.68820583], [133.63956611, 33.68812], [133.63972111, 33.68805805], [133.63986945, 33.68802417], [133.63995694, 33.68801305], [133.64022, 33.68793972], [133.64039528, 33.68791139], [133.64070527, 33.6878325], [133.64108278, 33.6878325], [133.64127833, 33.687855], [133.64160861, 33.68786639], [133.64183778, 33.68784945], [133.64215445, 33.68775945], [133.64254528, 33.68775361], [133.64269362, 33.68770306], [133.64283528, 33.68762416], [133.64306445, 33.68757334], [133.64323306, 33.6875], [133.64336111, 33.68742667], [133.64346889, 33.68733083], [133.64354973, 33.68722945], [133.64357667, 33.68713945], [133.64357, 33.68706055], [133.64354305, 33.68701555], [133.64343528, 33.68692555], [133.64308472, 33.68672806], [133.64297, 33.68663222], [133.6428825, 33.68653084], [133.642815, 33.6864125], [133.64266, 33.68625472], [133.64253195, 33.68598416], [133.64242416, 33.68580389], [133.64240389, 33.68567417], [133.64233, 33.68551083], [133.64218833, 33.68538666], [133.64207389, 33.68532473], [133.64200639, 33.68530223], [133.64184444, 33.68526833], [133.64149417, 33.68524028], [133.64144694, 33.68522333], [133.64133888, 33.68516694], [133.64120417, 33.68513306], [133.64108278, 33.68515], [133.64086028, 33.68525139], [133.64082, 33.68522333], [133.64078611, 33.68513306], [133.64072556, 33.68507667], [133.64061778, 33.68499777], [133.64043556, 33.68491889], [133.64034139, 33.68489639], [133.63996389, 33.68477223], [133.63972111, 33.68465973], [133.63950583, 33.6845525], [133.63926305, 33.68443972], [133.63909445, 33.68441722], [133.63886528, 33.68441167], [133.63873056, 33.68435527], [133.63862944, 33.6842875], [133.63834611, 33.68405638], [133.63829223, 33.68402833], [133.63802278, 33.68387083], [133.63788111, 33.68382583], [133.63781361, 33.68378056], [133.63775306, 33.68370166], [133.63761806, 33.68358333], [133.63752389, 33.68353833], [133.63736889, 33.68345361], [133.63700472, 33.6832], [133.63685639, 33.68311555], [133.636735, 33.68305916], [133.63650611, 33.68297473], [133.63626361, 33.68293528], [133.63596028, 33.68291833], [133.63588611, 33.68293528], [133.6358275, 33.68295916], [133.63560972, 33.68304778], [133.63546806, 33.68304223], [133.63545445, 33.68294639], [133.63541417, 33.68285056], [133.63536028, 33.68277167], [133.63521861, 33.68263084], [133.63514444, 33.68257444], [133.63493555, 33.68246722], [133.63484111, 33.68244472], [133.63471306, 33.68244472], [133.63443, 33.68252361], [133.63428833, 33.68260834], [133.63403223, 33.68273777], [133.63395139, 33.68275472], [133.63358722, 33.68277167], [133.63312916, 33.68277167], [133.63304834, 33.68273777], [133.63299445, 33.68269277], [133.63292028, 33.68258584], [133.63280556, 33.68246167], [133.63260333, 33.68234889], [133.63242805, 33.6822925], [133.63212472, 33.68228695], [133.63202361, 33.68229833], [133.63196972, 33.68226445], [133.63194278, 33.68221361], [133.63175389, 33.68204472], [133.63172028, 33.68199389], [133.63170694, 33.68185861], [133.63164611, 33.68170639], [133.63153833, 33.68156], [133.63147083, 33.68149223], [133.63137639, 33.68144166], [133.6310125, 33.68126694], [133.63083722, 33.68121611], [133.63068889, 33.68118777], [133.63045305, 33.68114834], [133.63021695, 33.68111472], [133.63002194, 33.68109777], [133.62986, 33.68106945], [133.62955, 33.680985], [133.62935445, 33.6809625], [133.62868722, 33.6809625], [133.62835667, 33.68092305], [133.62818833, 33.68088917], [133.62784445, 33.68083833], [133.62705584, 33.68083833], [133.62684027, 33.68088361], [133.62674583, 33.68093417], [133.62659083, 33.68103584], [133.62651667, 33.68113167], [133.62651667, 33.68122722], [133.62656472, 33.6813175], [133.6266, 33.68142083], [133.62654694, 33.68147722], [133.62650277, 33.68155111], [133.6265175, 33.68159277], [133.62656472, 33.68163445], [133.62664111, 33.68164694], [133.62665889, 33.68173278], [133.62669112, 33.68177223], [133.62679694, 33.68179195], [133.62679111, 33.68185334], [133.62680888, 33.68187778], [133.62690306, 33.6819], [133.62685889, 33.68196139], [133.62685, 33.68203778], [133.62690306, 33.68209917], [133.62696778, 33.68211639], [133.62697945, 33.68213111], [133.62696778, 33.6821875], [133.62692361, 33.68224417], [133.6268875, 33.68232639], [133.62686056, 33.68246139], [133.62684027, 33.68272639], [133.62676611, 33.68276584], [133.62669861, 33.68276584], [133.62657056, 33.68272084], [133.62648972, 33.682715], [133.62629417, 33.68277139], [133.62617306, 33.68279389], [133.62607861, 33.68282222], [133.62586278, 33.68288972], [133.62574833, 33.68296306], [133.62570111, 33.683025], [133.62565389, 33.68305889], [133.62541111, 33.68307028], [133.6252225, 33.68312083], [133.62510111, 33.68318278], [133.62505389, 33.68325611], [133.62504056, 33.68348167], [133.62501334, 33.68352667], [133.62483833, 33.68361694], [133.62473028, 33.68363389], [133.62468444, 33.68360945], [133.62455694, 33.68361527], [133.62451028, 33.68364139], [133.62444639, 33.68370333], [133.62435861, 33.68370028], [133.62427917, 33.68371195], [133.62424638, 33.68373639], [133.62422916, 33.68378972], [133.62418445, 33.68379722], [133.62413056, 33.68375972], [133.62413722, 33.68369584], [133.624155, 33.68365722], [133.62422056, 33.68364278], [133.62426888, 33.68357056], [133.62436528, 33.68361389], [133.62442056, 33.68357222], [133.62448972, 33.68359361], [133.62453111, 33.68359083], [133.6245775, 33.68355612], [133.62462917, 33.68354917], [133.62470333, 33.68347611], [133.62482472, 33.68335195], [133.624845, 33.68329555], [133.62485167, 33.68319973], [133.62486528, 33.68317166], [133.62494611, 33.68303639], [133.62496639, 33.68292361], [133.62501334, 33.68286722], [133.62513472, 33.68278834], [133.6252225, 33.68269805], [133.62528305, 33.68265305], [133.62537084, 33.682625], [133.62549889, 33.68259111], [133.62608527, 33.68255722], [133.6262875, 33.68253472], [133.62639528, 33.68250083], [133.62651667, 33.68239945], [133.62655722, 33.68231528], [133.62656389, 33.68214611], [133.62653028, 33.68201639], [133.62648972, 33.68194305], [133.62636833, 33.68179667], [133.62629417, 33.68170083], [133.6262, 33.68152611], [133.62617972, 33.68137389], [133.62615945, 33.68127806], [133.62603139, 33.68099639], [133.62596389, 33.68091167], [133.62588306, 33.68085528], [133.62571444, 33.68079889], [133.62556611, 33.68078194], [133.62551222, 33.68074833], [133.62555944, 33.6806975], [133.62567417, 33.68065806], [133.62580222, 33.68057361], [133.62593028, 33.68052278], [133.62599084, 33.68051166], [133.62613916, 33.68045528], [133.62620666, 33.68039889], [133.62622, 33.68034805], [133.62622, 33.68019583], [133.62618639, 33.68015083], [133.62598417, 33.6799875], [133.62597083, 33.6799425], [133.62597083, 33.67986916], [133.62611889, 33.67997083], [133.62619305, 33.67998195], [133.62623361, 33.67997638], [133.62631444, 33.67994806], [133.62646278, 33.67995945], [133.62653028, 33.67993138], [133.62655722, 33.679875], [133.6265775, 33.67974528], [133.62660444, 33.67972833], [133.62675278, 33.67972833], [133.62687389, 33.67969444], [133.62701528, 33.67960444], [133.62713, 33.679565], [133.6272175, 33.67951417], [133.62729167, 33.67944083], [133.62733889, 33.67942389], [133.62754777, 33.67943527], [133.6276625, 33.67942972], [133.62779722, 33.67939027], [133.62795916, 33.67932805], [133.62822194, 33.67933389], [133.62838361, 33.67938445], [133.62842945, 33.67938445], [133.62849833, 33.67938445], [133.62857916, 33.67936195], [133.62868722, 33.67937889], [133.62888945, 33.67943527], [133.62901055, 33.67944083], [133.62914555, 33.67941277], [133.62942195, 33.67958194], [133.62958361, 33.67962139], [133.62965778, 33.679655], [133.62996112, 33.67988056], [133.63025083, 33.67997638], [133.63045305, 33.67999888], [133.63066862, 33.68003833], [133.63081694, 33.68005528], [133.6310125, 33.68000445], [133.63113389, 33.68001583], [133.63122833, 33.68003278], [133.63135639, 33.68002722], [133.63155861, 33.67997083], [133.63167306, 33.67990861], [133.63186861, 33.67968889], [133.63195611, 33.67955361], [133.63197639, 33.67950861], [133.63197639, 33.67932805], [133.63192917, 33.67916473], [133.63190917, 33.67902389], [133.631835, 33.67887167], [133.63171361, 33.67876444], [133.63157194, 33.67869167], [133.6314575, 33.67865777], [133.63129555, 33.67863527], [133.63104611, 33.67859], [133.63095861, 33.678545], [133.63088444, 33.67848862], [133.63073612, 33.67839833], [133.63061472, 33.67834778], [133.63045973, 33.67830278], [133.63025083, 33.67827445], [133.63013611, 33.67824056], [133.630035, 33.67818416], [133.6297925, 33.67800944], [133.62964445, 33.67795889], [133.62951611, 33.67793056], [133.62926694, 33.67791361], [133.62922639, 33.6779025], [133.62916583, 33.67786306], [133.62896333, 33.67764889], [133.62868028, 33.67729361], [133.62857916, 33.67711334], [133.62851195, 33.67689361], [133.62842417, 33.6767075], [133.62835, 33.67660056], [133.62824889, 33.67651584], [133.62814778, 33.67649889], [133.62801973, 33.67649889], [133.62783778, 33.67647084], [133.62783778, 33.67645389], [133.627905, 33.67640334], [133.62815444, 33.6763525], [133.62832306, 33.67622278], [133.62836361, 33.67613833], [133.62836028, 33.67606528], [133.62835667, 33.67598083], [133.62832972, 33.67589611], [133.62825556, 33.67574389], [133.62836361, 33.6755975], [133.62836361, 33.67551861], [133.62833667, 33.67540584], [133.62841083, 33.6752875], [133.62842417, 33.67514667], [133.62860611, 33.67496056], [133.62876111, 33.67485916], [133.62892305, 33.6746225], [133.62904444, 33.67438], [133.62907805, 33.67428416], [133.62906473, 33.67407], [133.62903083, 33.67396889], [133.62897694, 33.67387306], [133.62892305, 33.67382222], [133.62878834, 33.67373222], [133.62872084, 33.67367], [133.62870055, 33.67361945], [133.62870722, 33.67352917], [133.6287275, 33.67344473], [133.6287275, 33.67324167], [133.62867361, 33.67306139], [133.62861306, 33.67292612], [133.62851195, 33.67277388], [133.62832306, 33.6726275], [133.62818833, 33.67260472], [133.62795223, 33.67258806], [133.62763556, 33.67259916], [133.62751417, 33.67261611], [133.62729833, 33.67261611], [133.62728111, 33.67260056], [133.62730528, 33.67255972], [133.62734556, 33.67252584], [133.62752083, 33.67243], [133.62776361, 33.67228917], [133.62782278, 33.67223916], [133.62783778, 33.67219917], [133.62783778, 33.67215389], [133.62773666, 33.67204695], [133.62769611, 33.67202445], [133.62760112, 33.67193944], [133.62772972, 33.67195111], [133.627885, 33.67202445], [133.62809389, 33.67215972], [133.62816139, 33.67217083], [133.62830278, 33.67217083], [133.62836361, 33.67214833], [133.62839722, 33.67211445], [133.62839722, 33.6720075], [133.62832972, 33.67183833], [133.62822861, 33.67170333], [133.62803334, 33.67155111], [133.62801305, 33.67148917], [133.62804, 33.67133139], [133.62803334, 33.67119028], [133.62798611, 33.67111139], [133.62785111, 33.67101], [133.62764222, 33.67100445], [133.62756138, 33.67091416], [133.627595, 33.67089166], [133.62769611, 33.67085778], [133.62777028, 33.67081278], [133.62783084, 33.67067194], [133.62783084, 33.6703675], [133.62779055, 33.67024361], [133.62768277, 33.67009139], [133.62761389, 33.67001806], [133.62758334, 33.66983195], [133.62755639, 33.66973055], [133.62732722, 33.66952194], [133.62713194, 33.66931361], [133.62687611, 33.66893028], [133.626775, 33.66881195], [133.62666056, 33.66874445], [133.62656639, 33.6687275], [133.62643166, 33.6687275], [133.62637111, 33.668795], [133.62632389, 33.66890778], [133.62629695, 33.669015], [133.62626333, 33.66925694], [133.62620944, 33.66958972], [133.62598306, 33.67001806], [133.62593, 33.67014778], [133.62592334, 33.67027723], [133.62587611, 33.67033945], [133.625775, 33.67042945], [133.62560638, 33.67053083], [133.62549861, 33.67061], [133.62526278, 33.67081278], [133.62520222, 33.67084666], [133.62487194, 33.67084666], [133.62473028, 33.67082416], [133.62451473, 33.67083528], [133.62444723, 33.67080722], [133.62438666, 33.67076778], [133.62415056, 33.67072834], [133.62404278, 33.67074528], [133.62393194, 33.67077], [133.62388611, 33.67080222], [133.62373278, 33.67084666], [133.62359778, 33.67083528], [133.62340916, 33.67076194], [133.62319333, 33.67076194], [133.62312583, 33.67078472], [133.6228225, 33.67093084], [133.62270805, 33.67095334], [133.62238445, 33.67096333], [133.62220917, 33.67099861], [133.62212167, 33.67102666], [133.62191972, 33.67113389], [133.62182528, 33.67117889], [133.62176111, 33.67120167], [133.62170389, 33.67119], [133.62171055, 33.67103806], [133.62173084, 33.67094222], [133.6217375, 33.67082944], [133.62168361, 33.67067194], [133.62161638, 33.67057028], [133.62145445, 33.67043528], [133.62139389, 33.67039555], [133.62116473, 33.67031666], [133.62105667, 33.6703], [133.62084111, 33.67030555], [133.62071972, 33.67035055], [133.62062527, 33.67035055], [133.62056472, 33.6703], [133.62056472, 33.67020416], [133.62059833, 33.67013083], [133.62062028, 33.67001806], [133.62062028, 33.66994472], [133.62064361, 33.66989112], [133.62066056, 33.66985445], [133.62088306, 33.6697475], [133.62093666, 33.66969667], [133.62101084, 33.66956694], [133.62101084, 33.669415], [133.62101084, 33.66934166], [133.62095695, 33.66917805], [133.62088972, 33.66908805], [133.62084917, 33.66907667], [133.62058, 33.66894695], [133.62055973, 33.66892445], [133.62055973, 33.6689075], [133.62063362, 33.6688175], [133.62066056, 33.66877223], [133.6206675, 33.66877806], [133.62065389, 33.66873861], [133.62058666, 33.66862583], [133.6205125, 33.66854139], [133.62029028, 33.66832139], [133.61977833, 33.66792167], [133.61948222, 33.66767361], [133.61927333, 33.66745362], [133.61884917, 33.66691834], [133.61872778, 33.66682806], [133.61862, 33.66678306], [133.61847861, 33.66678306], [133.61839806, 33.66681694], [133.61828361, 33.66690694], [133.61818944, 33.66704222], [133.61783917, 33.66774084], [133.61770444, 33.66796639], [133.6175386670534, 33.668196544812105], [133.617356, 33.67069], [133.614987, 33.677569], [133.606842, 33.688591], [133.601205, 33.691186], [133.59669, 33.701807], [133.604338, 33.703035], [133.612302, 33.707981], [133.618649, 33.710438], [133.621486, 33.714406], [133.629037, 33.714871], [133.634376, 33.716982], [133.639599, 33.721404], [133.646326, 33.716907], [133.649172, 33.713112], [133.653494, 33.712475], [133.65697, 33.706963], [133.665471, 33.701026], [133.674434, 33.697266], [133.679588, 33.692528], [133.685684, 33.684412], [133.691075, 33.683755], [133.7019, 33.690427], [133.703555, 33.694568], [133.712417, 33.696925], [133.722305, 33.702434], [133.730296, 33.709429], [133.735647, 33.712026], [133.736654, 33.72181], [133.744135, 33.725477], [133.754686, 33.732289], [133.771287, 33.733388], [133.776076, 33.725322], [133.78443, 33.724398], [133.786558, 33.731587], [133.791121, 33.733606], [133.798804, 33.742661], [133.810582, 33.749256], [133.815955, 33.74417], [133.823584, 33.754277], [133.832167, 33.75563], [133.831554, 33.762459], [133.842596, 33.773677], [133.854443, 33.775089], [133.853762, 33.78434], [133.860984, 33.786907], [133.869101, 33.796929], [133.870556, 33.804031], [133.873514, 33.805923], [133.882671, 33.805355], [133.884936, 33.803412], [133.895975, 33.80238], [133.90106, 33.79438], [133.907999, 33.795225], [133.912778, 33.791405], [133.919296, 33.797634], [133.924878, 33.800609], [133.941261, 33.799158], [133.947474, 33.803744], [133.95273, 33.815493], [133.953074, 33.823661], [133.951105, 33.828686], [133.959783, 33.83466], [133.979094, 33.837493], [133.983116, 33.840798], [133.987147, 33.836669], [133.989949, 33.828583], [133.995932, 33.82193], [134.012331, 33.821787], [134.023407, 33.824693], [134.026707, 33.827435], [134.032677, 33.828438], [134.03688, 33.820339], [134.036978, 33.81498], [134.033311, 33.809278], [134.040738, 33.801887], [134.04658, 33.799071], [134.045869, 33.789997], [134.050272, 33.785637], [134.055322, 33.784691], [134.058788, 33.776667], [134.058954, 33.761], [134.056096, 33.751949], [134.061494, 33.74044], [134.061781, 33.735215], [134.066193, 33.734067], [134.068417, 33.728352], [134.065037, 33.719452], [134.061627, 33.7203]], [[133.86360139, 33.70363055], [133.86351389, 33.703315], [133.86353417, 33.70282472], [133.86355417, 33.702695], [133.86358111, 33.70240778], [133.86362833, 33.70200194], [133.86366889, 33.70141583], [133.8637025, 33.70124111], [133.86376333, 33.70115083], [133.86379028, 33.70113389], [133.86379028, 33.7011225], [133.86388472, 33.70113945], [133.86407334, 33.70122972], [133.86416111, 33.70125778], [133.86424195, 33.70124666], [133.86428917, 33.70121833], [133.86431611, 33.70116778], [133.8643025, 33.70101], [133.86432278, 33.70096473], [133.86441722, 33.70096473], [133.86472723, 33.701055], [133.86482167, 33.701055], [133.86489584, 33.70102111], [133.86492944, 33.70092528], [133.86503055, 33.70071139], [133.86515194, 33.70054222], [133.86532056, 33.70037333], [133.86544194, 33.70029416], [133.86562389, 33.70023806], [133.86573861, 33.70023223], [133.86606861, 33.70023223], [133.86617639, 33.70025472], [133.86631139, 33.70026056], [133.86633834, 33.70024916], [133.86660111, 33.70022666], [133.86671583, 33.70018722], [133.86684389, 33.70009694], [133.86690444, 33.70000111], [133.86693139, 33.69987167], [133.86695833, 33.69975306], [133.86699889, 33.69968555], [133.86713361, 33.69960111], [133.86744389, 33.69958972], [133.86762584, 33.69954472], [133.8677875, 33.6994825], [133.86798305, 33.69938111], [133.86809111, 33.69934167], [133.86820555, 33.69931916], [133.86838084, 33.69930778], [133.86848861, 33.69929666], [133.86859, 33.69926278], [133.86877167, 33.69913917], [133.86886222, 33.69910139], [133.86886611, 33.69909972], [133.86906139, 33.69908278], [133.8691425, 33.69906], [133.86933111, 33.69895305], [133.86941195, 33.69892472], [133.86955361, 33.69889667], [133.86980306, 33.69889111], [133.8698975, 33.69890222], [133.86992445, 33.69891361], [133.8700525, 33.69893055], [133.87044361, 33.69897555], [133.87049055, 33.6989925], [133.87059166, 33.69900944], [133.87068611, 33.6990375], [133.87088166, 33.69908278], [133.87097611, 33.69912777], [133.87106361, 33.69913333], [133.87115806, 33.69911084], [133.87136028, 33.69902056], [133.87148805, 33.69889667], [133.8715825, 33.69877833], [133.87162972, 33.69867111], [133.87164305, 33.69835], [133.87167695, 33.69827666], [133.87177139, 33.69816944], [133.87179834, 33.69812444], [133.87178472, 33.69802306], [133.87177139, 33.69799472], [133.87159611, 33.69792722], [133.87156222, 33.69788778], [133.87159611, 33.69783694], [133.8717375, 33.69769639], [133.87174445, 33.69758361], [133.87164305, 33.69743139], [133.87163639, 33.69738056], [133.87173083, 33.69731306], [133.87197361, 33.69731861], [133.87208806, 33.69729056], [133.87213528, 33.69725111], [133.87222416, 33.69716139], [133.87222416, 33.69708556], [133.87220278, 33.69695167], [133.87222416, 33.69683111], [133.87218667, 33.69675528], [133.87214417, 33.69671055], [133.87212805, 33.69666139], [133.87214417, 33.69657222], [133.87209611, 33.69645167], [133.87199361, 33.69629278], [133.87193305, 33.69619694], [133.87193305, 33.69611806], [133.87201389, 33.69604472], [133.872095, 33.69598833], [133.87214889, 33.69592111], [133.87216278, 33.69582944], [133.87218945, 33.69574917], [133.87217861, 33.69568222], [133.87221611, 33.6955975], [133.8721825, 33.69548695], [133.8721825, 33.6954475], [133.87225667, 33.69536861], [133.87235778, 33.69530528], [133.87240639, 33.69530389], [133.87243195, 33.69529694], [133.87253972, 33.69526889], [133.87264778, 33.69519556], [133.87269472, 33.69510528], [133.872715, 33.69493055], [133.87276222, 33.69486305], [133.87280278, 33.69482361], [133.87295111, 33.69472778], [133.87313306, 33.6945925], [133.87325445, 33.69449083], [133.87339583, 33.69444583], [133.87346333, 33.69438945], [133.87351722, 33.69429916], [133.87351722, 33.69423166], [133.87345667, 33.69414167], [133.87334194, 33.69405167], [133.87322055, 33.69398389], [133.87304528, 33.69383722], [133.87301833, 33.69382611], [133.87277583, 33.69382611], [133.87265444, 33.69377528], [133.87259361, 33.69373583], [133.87245889, 33.69366833], [133.87235778, 33.69365695], [133.87202083, 33.69345806], [133.871785, 33.69329472], [133.87164333, 33.69321], [133.87144805, 33.69313667], [133.87121195, 33.69305778], [133.87115806, 33.69300722], [133.87116472, 33.6929225], [133.8712525, 33.69286055], [133.87129972, 33.69278167], [133.87125917, 33.69265778], [133.87121195, 33.69255611], [133.87121195, 33.69236445], [133.87138056, 33.69206027], [133.87143445, 33.69193056], [133.871475, 33.69175584], [133.87152222, 33.69158695], [133.87151528, 33.69144028], [133.87148833, 33.69133333], [133.87146139, 33.69120916], [133.87142778, 33.69113611], [133.87136694, 33.69095], [133.87130639, 33.69084861], [133.87124583, 33.69080334], [133.87119306, 33.69075223], [133.87106334, 33.69068], [133.87096222, 33.69071611], [133.87088278, 33.69070417], [133.87074584, 33.69072834], [133.87068083, 33.69084889], [133.87060139, 33.6909575], [133.87047861, 33.69111444], [133.87034167, 33.69116861], [133.87024778, 33.69121083], [133.87006, 33.69124111], [133.86998083, 33.69128333], [133.86985083, 33.69129556], [133.86973528, 33.69136778], [133.86959833, 33.69144611], [133.86951889, 33.69142777], [133.86937861, 33.69142889], [133.86935166, 33.69138361], [133.86931556, 33.69134944], [133.86922361, 33.69124306], [133.86910222, 33.69114167], [133.86914278, 33.690905], [133.86917639, 33.69091611], [133.86937861, 33.690905], [133.8694325, 33.69086555], [133.86950667, 33.69069639], [133.86950667, 33.6906175], [133.86945945, 33.69055556], [133.86941916, 33.69048222], [133.86941916, 33.69022278], [133.86943917, 33.69016639], [133.8695, 33.69010444], [133.8695675, 33.6900875], [133.86970861, 33.69017222], [133.86990417, 33.69017778], [133.87003889, 33.69013833], [133.87072, 33.68979444], [133.87120528, 33.68964777], [133.87152222, 33.68959167], [133.8716975, 33.68956361], [133.87189972, 33.689575], [133.87197389, 33.68959194], [133.87214916, 33.68960861], [133.87235778, 33.6897125], [133.87243861, 33.68975083], [133.872555, 33.68985], [133.87267472, 33.6899875], [133.87276889, 33.69013972], [133.87280278, 33.69024111], [133.87281611, 33.69030305], [133.87285, 33.69045528], [133.87289028, 33.69054], [133.87289722, 33.69057945], [133.87288361, 33.69081056], [133.87289722, 33.69090056], [133.87295111, 33.69102472], [133.87293083, 33.69132333], [133.87291722, 33.69139667], [133.87285, 33.691515], [133.87269472, 33.69165611], [133.87268805, 33.69169555], [133.872715, 33.69181944], [133.87270167, 33.69189834], [133.87264083, 33.69205028], [133.87255334, 33.69236028], [133.87251944, 33.69243361], [133.87254667, 33.69247889], [133.87264778, 33.69256889], [133.87285666, 33.69267611], [133.87295778, 33.69270417], [133.87318695, 33.6927325], [133.87332166, 33.6927325], [133.8733825, 33.69274361], [133.87366555, 33.69273805], [133.87390833, 33.69270417], [133.87415111, 33.69265361], [133.87435334, 33.69265361], [133.87441389, 33.69266472], [133.87461611, 33.69272111], [133.87471055, 33.6927775], [133.87498667, 33.69298611], [133.87514639, 33.69309028], [133.87532361, 33.69320583], [133.87555306, 33.69333556], [133.87559333, 33.69334694], [133.87572139, 33.69334694], [133.87590361, 33.69329056], [133.87601806, 33.69323417], [133.87626083, 33.69308194], [133.87634166, 33.693065], [133.87666528, 33.69305389], [133.87683389, 33.69302], [133.87699555, 33.69296361], [133.87715055, 33.69283944], [133.8774, 33.69258056], [133.87751472, 33.69248473], [133.87758889, 33.69246222], [133.87768972, 33.69245639], [133.87783139, 33.69247917], [133.8779525, 33.69247917], [133.87805361, 33.69245083], [133.87848528, 33.69219722], [133.87851889, 33.69219167], [133.87881556, 33.69205639], [133.87898417, 33.69200555], [133.87915945, 33.69197167], [133.87953, 33.69184194], [133.87967167, 33.69181389], [133.88003583, 33.69181389], [133.88039306, 33.69185334], [133.88051444, 33.69185889], [133.8806625, 33.69187584], [133.880905, 33.69185334], [133.88101972, 33.69182528], [133.88125556, 33.691735], [133.88153194, 33.69168417], [133.88182194, 33.69156583], [133.88208472, 33.691425], [133.88219277, 33.69138556], [133.88230722, 33.69139111], [133.88267139, 33.69145861], [133.8832175, 33.69147028], [133.88328472, 33.69149278], [133.88334556, 33.69152639], [133.88356083, 33.69164472], [133.88371611, 33.69171805], [133.88394527, 33.69180833], [133.8841475, 33.69185889], [133.88425528, 33.69187028], [133.88434972, 33.69185889], [133.88447111, 33.69183639], [133.88459917, 33.6918025], [133.88472722, 33.69181944], [133.88470695, 33.69187028], [133.88462611, 33.69197722], [133.88462611, 33.69208444], [133.88467333, 33.69221417], [133.88468667, 33.69238333], [133.88472055, 33.69244528], [133.88480806, 33.69254111], [133.88499028, 33.69265389], [133.88524639, 33.69278916], [133.88556306, 33.69302028], [133.8858125, 33.69315555], [133.8859475, 33.69326833], [133.886035, 33.69341472], [133.88622361, 33.69377556], [133.886345, 33.69386583], [133.88650666, 33.69395028], [133.88700556, 33.69431639], [133.88727528, 33.69459833], [133.88736972, 33.69466028], [133.88748417, 33.69470556], [133.88759889, 33.69469416], [133.88771333, 33.69471666], [133.88774722, 33.69473916], [133.88789555, 33.69494222], [133.88805722, 33.69517333], [133.88823917, 33.69538195], [133.8885225, 33.69561305], [133.88858972, 33.69571444], [133.88858972, 33.69582167], [133.88850889, 33.69603583], [133.88848194, 33.6961825], [133.88846167, 33.69640194], [133.88840111, 33.69649222], [133.88832028, 33.69657111], [133.8880775, 33.69670639], [133.88797639, 33.69676833], [133.88778084, 33.69685278], [133.88745055, 33.69693194], [133.88732917, 33.69697139], [133.8870325, 33.69696556], [133.88697861, 33.69698806], [133.88691805, 33.69699944], [133.88682361, 33.69699944], [133.88666167, 33.69697139], [133.88647972, 33.69697139], [133.88625056, 33.69697139], [133.88587305, 33.69693194], [133.88563722, 33.69692611], [133.88551611, 33.69690361], [133.88533389, 33.69684722], [133.88517889, 33.69676278], [133.88509806, 33.6967175], [133.88493611, 33.6966725], [133.88478778, 33.69660056], [133.88442389, 33.69575944], [133.8844575, 33.69575944], [133.88453166, 33.69582139], [133.88459917, 33.69582167], [133.8847475, 33.69584389], [133.884815, 33.69582167], [133.88486195, 33.69582167], [133.88500361, 33.69584972], [133.88536778, 33.69595666], [133.88542833, 33.69601306], [133.88552944, 33.69608639], [133.8856575, 33.69612583], [133.88586639, 33.6961425], [133.88608861, 33.69620472], [133.88626389, 33.69626111], [133.88648639, 33.69626667], [133.88657416, 33.69624972], [133.88676972, 33.69625528], [133.88707306, 33.69624417], [133.88740333, 33.69614861], [133.88746389, 33.69609778], [133.88747083, 33.69603583], [133.88745722, 33.6960075], [133.88738973, 33.69594], [133.88731556, 33.69590056], [133.88699889, 33.69573139], [133.8867225, 33.6956075], [133.88666861, 33.69559611], [133.88625722, 33.69541], [133.88614278, 33.69537055], [133.88575834, 33.6951225], [133.88539472, 33.69488583], [133.88525306, 33.69480139], [133.88492945, 33.69451389], [133.88472055, 33.69429389], [133.88460583, 33.69413055], [133.88437, 33.69375861], [133.88427556, 33.69363472], [133.88422833, 33.69358389], [133.88406666, 33.69338111], [133.88375639, 33.69300889], [133.88364861, 33.69290195], [133.8836, 33.69281222], [133.8835475, 33.69278333], [133.8833525, 33.6926975], [133.883305, 33.69267639], [133.88305556, 33.69256361], [133.88288722, 33.69253556], [133.88259056, 33.69253556], [133.88250944, 33.69255806], [133.88236139, 33.69259167], [133.88214555, 33.6925975], [133.88202417, 33.69260861], [133.88180834, 33.69265389], [133.88147139, 33.69276666], [133.88102639, 33.69278333], [133.88091861, 33.69280611], [133.8806825, 33.69286805], [133.88050722, 33.69294139], [133.88014361, 33.69293], [133.88007611, 33.69294139], [133.87982666, 33.6929525], [133.87967167, 33.692975], [133.87926056, 33.69314972], [133.8791325, 33.69318333], [133.87889639, 33.69320028], [133.87875472, 33.69322278], [133.87837722, 33.69323417], [133.87805361, 33.69331306], [133.87783139, 33.69338639], [133.87752778, 33.69351611], [133.87727889, 33.69371333], [133.87719111, 33.69374139], [133.87718445, 33.69375278], [133.87715055, 33.69375833], [133.87699555, 33.69382611], [133.87688111, 33.69384861], [133.87665861, 33.69395], [133.87651028, 33.69400083], [133.87638889, 33.69400639], [133.87632139, 33.69402889], [133.87618667, 33.69414167], [133.87612583, 33.69420361], [133.87590361, 33.69438417], [133.87580916, 33.69449694], [133.87575528, 33.69458694], [133.87575528, 33.69473333], [133.87579556, 33.69482361], [133.87583611, 33.69491945], [133.87585639, 33.69496444], [133.87587666, 33.69504889], [133.87593723, 33.69517861], [133.87593055, 33.69529139], [133.87578222, 33.69535917], [133.87563389, 33.69538722], [133.8752025, 33.69542111], [133.87495305, 33.69547194], [133.8747575, 33.6954775], [133.87466305, 33.695455], [133.87450806, 33.69539861], [133.87439361, 33.69538167], [133.87429944, 33.69539861], [133.87421167, 33.695455], [133.87404306, 33.69568611], [133.87395555, 33.69581], [133.87384084, 33.69593416], [133.87363861, 33.69620444], [133.87363194, 33.6962775], [133.87368583, 33.69637333], [133.87385444, 33.69653694], [133.87388806, 33.69660472], [133.87389472, 33.69687528], [133.87385444, 33.69705], [133.8738475, 33.69729805], [133.87379361, 33.69738806], [133.87372639, 33.69743334], [133.87367222, 33.69748389], [133.87365889, 33.69752917], [133.87367917, 33.69756861], [133.87376667, 33.69765306], [133.87382056, 33.69773194], [133.87381389, 33.69783917], [133.87371278, 33.697935], [133.87366555, 33.69799667], [133.87365889, 33.69804167], [133.87368583, 33.69809805], [133.87386778, 33.69830667], [133.87390167, 33.69837444], [133.87393528, 33.69845889], [133.87395555, 33.69861111], [133.8739825, 33.69867889], [133.87400945, 33.69888166], [133.87396889, 33.69905639], [133.87388806, 33.69922555], [133.87389472, 33.69927055], [133.87393528, 33.69929333], [133.87411722, 33.69930445], [133.87415111, 33.69934944], [133.87415778, 33.69953], [133.87421167, 33.69962584], [133.87433278, 33.6997725], [133.87462944, 33.69998639], [133.87487194, 33.70018361], [133.87520917, 33.70030194], [133.87529, 33.70030194], [133.87553278, 33.70014972], [133.87569445, 33.70008222], [133.87579556, 33.70008222], [133.87595055, 33.70013861], [133.8761125, 33.70022861], [133.87617305, 33.70035278], [133.87618667, 33.70036389], [133.87625417, 33.70051055], [133.87632139, 33.70056694], [133.87646305, 33.70062334], [133.8768675, 33.70069667], [133.87698222, 33.70074167], [133.87710333, 33.70073028], [133.87716389, 33.70073611], [133.87720445, 33.70075861], [133.87732556, 33.70088834], [133.87752111, 33.70105166], [133.87759528, 33.70113639], [133.87762917, 33.70120389], [133.8776425, 33.70128278], [133.87761556, 33.70138417], [133.87763583, 33.701435], [133.87775722, 33.70153083], [133.87781111, 33.70161555], [133.87781778, 33.7017], [133.87784472, 33.70180722], [133.87787833, 33.70201556], [133.87789861, 33.70207167], [133.87789195, 33.70228028], [133.877865, 33.70237611], [133.87769639, 33.70266917], [133.87759528, 33.70286083], [133.87758861, 33.70295111], [133.87759528, 33.70301889], [133.87760194, 33.70315417], [133.877575, 33.70323306], [133.87747389, 33.70334], [133.87744695, 33.70338528], [133.87747389, 33.70342473], [133.87756667, 33.70345611], [133.87759195, 33.70347917], [133.87761556, 33.70353167], [133.87763583, 33.70366695], [133.87764917, 33.70377417], [133.87770305, 33.70390361], [133.87785139, 33.70405583], [133.87804028, 33.70415167], [133.87811528, 33.70424], [133.878155, 33.70428694], [133.87824917, 33.70438278], [133.87833694, 33.70443916], [133.87857944, 33.70450667], [133.87864695, 33.70458], [133.87867389, 33.70478305], [133.87870083, 33.70489556], [133.87876167, 33.70499722], [133.8789975, 33.70529028], [133.87914583, 33.70552695], [133.87924028, 33.70562861], [133.87938861, 33.7057525], [133.87946945, 33.70580889], [133.87953, 33.70587639], [133.87953694, 33.70594944], [133.87948972, 33.70605667], [133.87951, 33.7061525], [133.87955028, 33.70619194], [133.87967139, 33.70626528], [133.87976584, 33.70634973], [133.87980611, 33.70640611], [133.87994111, 33.70662611], [133.88010278, 33.70697555], [133.88010972, 33.70702611], [133.88012973, 33.707105], [133.88012973, 33.70716139], [133.88015, 33.70720667], [133.88018389, 33.70738139], [133.88021083, 33.70745472], [133.88024444, 33.70747722], [133.88032528, 33.70748278], [133.88046027, 33.70743777], [133.88056806, 33.70742639], [133.88063555, 33.70744333], [133.88095917, 33.70769694], [133.88127584, 33.70790556], [133.88147139, 33.70809139], [133.88178834, 33.70850861], [133.88209166, 33.70899889], [133.88223306, 33.709185], [133.88264417, 33.70955694], [133.88284639, 33.70972611], [133.88296083, 33.70984444], [133.88309583, 33.71003583], [133.88316333, 33.71016], [133.88325084, 33.71040805], [133.88327111, 33.710515], [133.88327111, 33.71072916], [133.88328444, 33.71080806], [133.88331139, 33.71110695], [133.88331139, 33.71134945], [133.883255, 33.71151195], [133.88325084, 33.71152417], [133.88325084, 33.71162], [133.88329139, 33.71168194], [133.88348, 33.71174389], [133.88358111, 33.71181167], [133.88368222, 33.71191306], [133.88384417, 33.71204806], [133.88408, 33.71227361], [133.88424194, 33.71250472], [133.88433611, 33.71262305], [133.88441723, 33.71269056], [133.88470695, 33.71281472], [133.88494972, 33.7130175], [133.88509139, 33.7130175], [133.88489583, 33.71406028], [133.88478778, 33.71402639], [133.88463972, 33.71396444], [133.88443722, 33.71390806], [133.88427556, 33.71383472], [133.88409361, 33.71376694], [133.88388445, 33.71374444], [133.88374972, 33.71367722], [133.88351389, 33.71363778], [133.88319027, 33.71361528], [133.883015, 33.7135475], [133.88292055, 33.71351945], [133.88261028, 33.71351361], [133.88253639, 33.71349111], [133.88242833, 33.71336723], [133.88226666, 33.71308528], [133.88207806, 33.71287111], [133.88197028, 33.71280333], [133.88188945, 33.71273584], [133.88164, 33.7123975], [133.88161306, 33.71233], [133.8815725, 33.71198611], [133.88144167, 33.71166223], [133.88139055, 33.71153528], [133.88139055, 33.71141139], [133.88147806, 33.71116889], [133.88149833, 33.71106194], [133.88147806, 33.71099972], [133.88140389, 33.71087028], [133.88116139, 33.71065028], [133.88108028, 33.71045861], [133.88103306, 33.71040222], [133.88091195, 33.71033472], [133.88083778, 33.71028389], [133.88070972, 33.71011472], [133.88064222, 33.71005278], [133.88055444, 33.71002472], [133.88020389, 33.7099625], [133.88002194, 33.70994], [133.87988028, 33.709895], [133.87963778, 33.70979361], [133.87944889, 33.70969195], [133.87933444, 33.70965833], [133.87913917, 33.70964167], [133.87907166, 33.70962472], [133.87884917, 33.70952306], [133.87872778, 33.70950056], [133.87859306, 33.70946111], [133.87835028, 33.70931472], [133.87775028, 33.70901028], [133.87768305, 33.70895945], [133.87746055, 33.70872833], [133.87733916, 33.70869445], [133.87722444, 33.7086775], [133.87712333, 33.70868889], [133.87691445, 33.7086775], [133.87681334, 33.7086325], [133.8767325, 33.70857611], [133.87663139, 33.70848583], [133.87630806, 33.70792222], [133.8762, 33.70778695], [133.87615306, 33.70777], [133.87609889, 33.70774195], [133.8758225, 33.70773611], [133.87563389, 33.70768556], [133.87547195, 33.70768556], [133.87541139, 33.7077025], [133.87529, 33.70771917], [133.87502028, 33.70773055], [133.87493945, 33.70778695], [133.87491917, 33.70786583], [133.87498667, 33.70800111], [133.87508778, 33.70849167], [133.87504056, 33.70862111], [133.87497305, 33.70871695], [133.87489222, 33.70876778], [133.87457556, 33.70884111], [133.87452139, 33.70885222], [133.87444722, 33.70886917], [133.87429222, 33.70889194], [133.87418445, 33.70899333], [133.87408334, 33.70913417], [133.87401584, 33.70919055], [133.87355084, 33.70940444], [133.87343611, 33.70943833], [133.87329444, 33.70943833], [133.87315973, 33.70941027], [133.87298472, 33.70941583], [133.87280278, 33.70949472], [133.872715, 33.70949084], [133.87266361, 33.7094875], [133.87261, 33.70950083], [133.87257445, 33.70953889], [133.87254667, 33.70957694], [133.87250722, 33.70958528], [133.87247556, 33.70958028], [133.87243583, 33.70957861], [133.87235778, 33.70961167], [133.87228667, 33.70960055], [133.87225667, 33.70961028], [133.87216222, 33.70965555], [133.87215556, 33.70965555], [133.872115, 33.70966667], [133.87210166, 33.70967805], [133.87210166, 33.70968945], [133.87206778, 33.70970611], [133.87205444, 33.70972889], [133.87204084, 33.70974556], [133.87199361, 33.70977944], [133.87195333, 33.70979083], [133.87190611, 33.70979639], [133.87189944, 33.70981334], [133.8718725, 33.70983028], [133.87179834, 33.70988667], [133.87177139, 33.70995417], [133.87175111, 33.7099825], [133.87169028, 33.71001056], [133.87167695, 33.71001639], [133.87166333, 33.7100275], [133.87167695, 33.71011194], [133.87167695, 33.71015722], [133.87169028, 33.71016833], [133.87168361, 33.71023611], [133.87163639, 33.71027], [133.87162306, 33.71032056], [133.87162972, 33.71044472], [133.87164305, 33.71046723], [133.87164305, 33.71049528], [133.87164305, 33.71055167], [133.87163639, 33.71055167], [133.87165, 33.71056306], [133.87162972, 33.71058], [133.87162972, 33.71059694], [133.87161611, 33.710625], [133.87162306, 33.71071528], [133.87165667, 33.71078861], [133.87165667, 33.71079972], [133.87162306, 33.71082222], [133.87159611, 33.71088417], [133.87160278, 33.71096861], [133.87164305, 33.711025], [133.87167028, 33.71104194], [133.87169723, 33.71106444], [133.87169723, 33.71107], [133.87177139, 33.71107556], [133.87179834, 33.71109833], [133.87183861, 33.71116583], [133.87189944, 33.71122223], [133.87201389, 33.7113125], [133.8721825, 33.71143083], [133.87226139, 33.71146111], [133.87235778, 33.71152444], [133.87241028, 33.71154167], [133.87246777, 33.7115725], [133.87250084, 33.71162777], [133.87247611, 33.71170695], [133.87248861, 33.71179278], [133.87255833, 33.71185139], [133.872575, 33.71191], [133.87255833, 33.71203028], [133.87259528, 33.71211972], [133.87263222, 33.71218528], [133.87261166, 33.71226444], [133.87261583, 33.71236778], [133.87265694, 33.71242972], [133.87262, 33.71251556], [133.87258694, 33.71262916], [133.87258694, 33.71271861], [133.87259528, 33.71278417], [133.87255806, 33.71281167], [133.87252111, 33.71288028], [133.87248861, 33.71298694], [133.87248833, 33.71304528], [133.87245556, 33.71309361], [133.87235778, 33.71323833], [133.87225889, 33.71324972], [133.87219889, 33.71329972], [133.87211472, 33.71340861], [133.87206584, 33.71342916], [133.87199778, 33.71345861], [133.87187833, 33.71353361], [133.8718375, 33.71361556], [133.87160639, 33.71374278], [133.87145417, 33.71378833], [133.8713725, 33.71383833], [133.87136444, 33.71388611], [133.87132361, 33.71391555], [133.8712475, 33.71396111], [133.87117805, 33.71401777], [133.87106334, 33.71401777], [133.87106334, 33.71396139], [133.87113889, 33.713895], [133.87119056, 33.71382917], [133.87121778, 33.71379278], [133.87133195, 33.71376111], [133.87141194, 33.71369861], [133.87148, 33.71362805], [133.87153972, 33.7135825], [133.87176556, 33.71344611], [133.87183333, 33.7134325], [133.87186861, 33.7134075], [133.87193389, 33.71336222], [133.87197194, 33.71326667], [133.87202083, 33.71326444], [133.8720725, 33.71324611], [133.87212972, 33.71318944], [133.87216222, 33.71313472], [133.87216778, 33.71308722], [133.87220583, 33.71307806], [133.87223306, 33.71305084], [133.87235778, 33.71297111], [133.87241861, 33.71290083], [133.87242667, 33.71282861], [133.87246389, 33.71277028], [133.87247611, 33.71266695], [133.87247611, 33.71258445], [133.87246389, 33.71250861], [133.87248028, 33.71243305], [133.87247611, 33.71233333], [133.87245556, 33.71225056], [133.87248028, 33.71217139], [133.87247611, 33.7121025], [133.87244722, 33.71203389], [133.87235778, 33.71197528], [133.87228917, 33.71164972], [133.87229722, 33.71161667], [133.87229722, 33.71159417], [133.87226333, 33.71157722], [133.87223639, 33.71156611], [133.87220945, 33.71153778], [133.87219611, 33.71156056], [133.87212194, 33.71154361], [133.872095, 33.71154361], [133.87207472, 33.71152111], [133.87206778, 33.71150972], [133.87205444, 33.71151528], [133.87203417, 33.71151528], [133.87200722, 33.71147028], [133.87197361, 33.71144195], [133.87185222, 33.71137445], [133.87182528, 33.71136305], [133.87177806, 33.7113575], [133.8717375, 33.71131806], [133.87169028, 33.71125056], [133.87164305, 33.71120528], [133.87162306, 33.71118833], [133.87158916, 33.71116028], [133.87156222, 33.71114889], [133.87154194, 33.71110389], [133.87152194, 33.71099111], [133.87150167, 33.71092361], [133.87146778, 33.71089528], [133.87146111, 33.71088417], [133.87147472, 33.71087277], [133.871495, 33.71080528], [133.871495, 33.71076583], [133.87148139, 33.71074333], [133.87148139, 33.71071528], [133.87146778, 33.71067], [133.87145445, 33.7106475], [133.87146778, 33.7106025], [133.87148805, 33.71054056], [133.87147472, 33.71045583], [133.87146111, 33.71044472], [133.87146111, 33.71042222], [133.87144083, 33.71039945], [133.87147472, 33.71030944], [133.871495, 33.71025861], [133.87150167, 33.71014583], [133.87152861, 33.71012333], [133.87154194, 33.71011777], [133.87156916, 33.71007834], [133.87158916, 33.70999944], [133.87157584, 33.70995417], [133.87159611, 33.70988084], [133.87165, 33.70981334], [133.87167028, 33.70970611], [133.87171055, 33.70968361], [133.87171055, 33.7096725], [133.87177806, 33.70951472], [133.87186556, 33.70943555], [133.8718925, 33.70937917], [133.87191278, 33.70933972], [133.87199361, 33.70933972], [133.872095, 33.70920445], [133.87210833, 33.70913694], [133.87213528, 33.70910861], [133.87219611, 33.70908056], [133.87225, 33.70904111], [133.87229722, 33.7089625], [133.87235778, 33.70898944], [133.87241805, 33.70902583], [133.8724775, 33.70900584], [133.87254667, 33.70896278], [133.87261, 33.70890972], [133.87264194, 33.70889333], [133.8726875, 33.708905], [133.87273694, 33.70892139], [133.87278055, 33.70891306], [133.87290389, 33.708875], [133.87294417, 33.70886361], [133.87310611, 33.70885222], [133.87335528, 33.70877333], [133.87343611, 33.70874528], [133.87371917, 33.7086325], [133.87380694, 33.70858166], [133.87383389, 33.70857611], [133.87389306, 33.70846], [133.87392833, 33.70840139], [133.87396861, 33.70829417], [133.87397555, 33.70817028], [133.87396195, 33.70810833], [133.87396195, 33.70799], [133.87408334, 33.7077025], [133.87408334, 33.70748805], [133.87406306, 33.70738666], [133.87411028, 33.70732473], [133.87417083, 33.70728], [133.87421139, 33.70727417], [133.87442723, 33.70717834], [133.87455528, 33.70708833], [133.87477778, 33.70686833], [133.87480472, 33.70678945], [133.87483166, 33.70659223], [133.87487889, 33.70653028], [133.87491917, 33.7065075], [133.87500694, 33.70649639], [133.87511472, 33.70651333], [133.87522945, 33.7065075], [133.87536417, 33.70644], [133.87547195, 33.70640611], [133.87560694, 33.70639472], [133.87568778, 33.70634973], [133.87572833, 33.70627639], [133.875735, 33.70619194], [133.87569445, 33.70611306], [133.8756675, 33.70609056], [133.87564722, 33.70602833], [133.87563389, 33.70587056], [133.87559333, 33.70578611], [133.87559333, 33.70563389], [133.87571472, 33.70537473], [133.87582944, 33.70512667], [133.87593723, 33.70500834], [133.87608556, 33.704845], [133.87611917, 33.70468722], [133.87615306, 33.70460805], [133.87622722, 33.70452917], [133.87624055, 33.70450111], [133.87624055, 33.70435445], [133.87615306, 33.70408945], [133.87611917, 33.70396], [133.87612583, 33.70380777], [133.87615306, 33.70368361], [133.87615972, 33.70344166], [133.87608556, 33.70310889], [133.87608556, 33.70288361], [133.87611917, 33.70281028], [133.87612639, 33.70271444], [133.87613278, 33.70262972], [133.8761125, 33.70252278], [133.87605861, 33.70237611], [133.87602222, 33.70230806], [133.8759825, 33.70223389], [133.87583611, 33.70195889], [133.87577528, 33.7018575], [133.87577528, 33.70185194], [133.87568778, 33.70182361], [133.87549889, 33.70186306], [133.87508111, 33.70203222], [133.87479778, 33.70215639], [133.87469667, 33.70217889], [133.87447445, 33.70217889], [133.87421139, 33.70215639], [133.8738475, 33.702145], [133.87363194, 33.7020775], [133.87355111, 33.70202111], [133.87329472, 33.70163777], [133.87319361, 33.70142389], [133.87313972, 33.70123223], [133.87313972, 33.70104056], [133.87316667, 33.70095028], [133.87316667, 33.70083194], [133.87311278, 33.70080361], [133.87301833, 33.70080361], [133.87287694, 33.70089389], [133.87281611, 33.70090528], [133.87246555, 33.70105166], [133.87241167, 33.70106306], [133.87235778, 33.70106889], [133.87222305, 33.70104972], [133.872095, 33.70110611], [133.87194667, 33.701185], [133.87171722, 33.7012525], [133.87157584, 33.70126389], [133.87138695, 33.70132027], [133.87104361, 33.70144945], [133.87088166, 33.70144945], [133.87085583, 33.70142806], [133.8708075, 33.7013875], [133.87071305, 33.70115111], [133.87062556, 33.70106639], [133.87047722, 33.70102139], [133.87029528, 33.70100444], [133.8700525, 33.70095944], [133.86997833, 33.70095389], [133.86992445, 33.70093695], [133.86975583, 33.70091445], [133.86956722, 33.70091445], [133.86943889, 33.7009425], [133.86931084, 33.70100444], [133.86886611, 33.70135361], [133.86864361, 33.70144945], [133.86856944, 33.70147222], [133.86834056, 33.70153972], [133.86816528, 33.70160167], [133.86792917, 33.70168055], [133.867855, 33.70174278], [133.867855, 33.70186111], [133.86789556, 33.70203584], [133.86778083, 33.70206944], [133.86714722, 33.70209222], [133.86651361, 33.70209222], [133.86629111, 33.70215972], [133.86624389, 33.70219361], [133.86618305, 33.70226694], [133.8661225, 33.70240778], [133.86609556, 33.70253167], [133.86609556, 33.70277389], [133.86614278, 33.70292056], [133.86621695, 33.70299361], [133.86631806, 33.70310083], [133.86645278, 33.70329805], [133.86652694, 33.70342778], [133.8665675, 33.70354055], [133.86658084, 33.70363639], [133.86656056, 33.70369278], [133.8665675, 33.70379417], [133.86677639, 33.703935], [133.86687084, 33.70398028], [133.86692472, 33.70401972], [133.86697861, 33.70408722], [133.8670125, 33.70417166], [133.86698527, 33.70423944], [133.8668775, 33.70438611], [133.86681694, 33.70443666], [133.86660778, 33.70452139], [133.86654055, 33.70454945], [133.86648667, 33.70461139], [133.86643945, 33.70471834], [133.86643945, 33.70480861], [133.8665, 33.705], [133.86660111, 33.70522], [133.86659444, 33.70532695], [133.86652694, 33.70543972], [133.86635834, 33.70562028], [133.86625055, 33.70568778], [133.86620333, 33.70574417], [133.86611584, 33.7058175], [133.86597972, 33.70584472], [133.86532694, 33.70557889], [133.86524139, 33.70554417], [133.86434667, 33.70517973], [133.86419472, 33.70496334], [133.863965, 33.704575], [133.86380361, 33.70421139], [133.86378361, 33.70410972], [133.86374305, 33.70392389], [133.86369583, 33.70380528], [133.86360139, 33.70363055]]]}, "properties": {"N03_001": "高知県", "N03_002": null, "N03_003": null, "N03_004": "香美市", "N03_005": null, "N03_007": "39212"}}, {"type": "Feature", "geometry": {"type": "Polygon", "coordinates": [[[134.235311, 33.442109], [134.22777, 33.450859], [134.229256, 33.455351], [134.226687, 33.460919], [134.220162, 33.462976], [134.208984, 33.471713], [134.206848, 33.479197], [134.201929, 33.484227], [134.195064, 33.487687], [134.199015, 33.492858], [134.193864, 33.498904], [134.197604, 33.502027], [134.205233, 33.496606], [134.21007, 33.49694], [134.211081, 33.505662], [134.214326, 33.506708], [134.215866, 33.512793], [134.212946, 33.515991], [134.204943, 33.520337], [134.201284, 33.525494], [134.201117, 33.533974], [134.193132, 33.53726], [134.194759, 33.546889], [134.198435, 33.551861], [134.195788, 33.560817], [134.202271, 33.562477], [134.211704, 33.566959], [134.218706, 33.567537], [134.228716, 33.561012], [134.232231, 33.555652], [134.238507, 33.552921], [134.243351, 33.555916], [134.249179, 33.552899], [134.258206, 33.553273], [134.262905, 33.556418], [134.270009, 33.554862], [134.273746, 33.560624], [134.287237, 33.559796], [134.295676, 33.557728], [134.296998, 33.553421], [134.303694, 33.553907], [134.305529, 33.55021], [134.300686, 33.546699], [134.299839, 33.53776], [134.293439, 33.537637], [134.290656, 33.532887], [134.285579, 33.530976], [134.283677, 33.521389], [134.289877, 33.520417], [134.279042, 33.511774], [134.270359, 33.502846], [134.267855, 33.49578], [134.261197, 33.489976], [134.252263, 33.478742], [134.242085, 33.463917], [134.240546, 33.459352], [134.241605, 33.45074], [134.235311, 33.442109]]]}, "properties": {"N03_001": "高知県", "N03_002": null, "N03_003": "安芸郡", "N03_004": "東洋町", "N03_005": null, "N03_007": "39301"}}, {"type": "Feature", "geometry": {"type": "Polygon", "coordinates": [[[134.108405, 33.446792], [134.107241, 33.443088], [134.095712, 33.440077], [134.095684, 33.432732], [134.087216, 33.427454], [134.088411, 33.422554], [134.086839, 33.41662], [134.075888, 33.413598], [134.068574, 33.407609], [134.070609, 33.404747], [134.066016, 33.396139], [134.052549, 33.391698], [134.04763, 33.386169], [134.037586, 33.382147], [134.033767, 33.378411], [134.037264, 33.384032], [134.035847, 33.386032], [134.037826, 33.392506], [134.031924, 33.408368], [134.028674, 33.41436], [134.017067, 33.419131], [134.015281, 33.42395], [134.011163, 33.422407], [134.015806, 33.428352], [134.024231, 33.434876], [134.029911, 33.440637], [134.033557, 33.438296], [134.049573, 33.435821], [134.064091, 33.435497], [134.06968, 33.441225], [134.077341, 33.441814], [134.079567, 33.44593], [134.086048, 33.446167], [134.089957, 33.448377], [134.097043, 33.448837], [134.108405, 33.446792]]]}, "properties": {"N03_001": "高知県", "N03_002": null, "N03_003": "安芸郡", "N03_004": "奈半利町", "N03_005": null, "N03_007": "39302"}}, {"type": "Feature", "geometry": {"type": "Polygon", "coordinates": [[[134.029911, 33.440637], [134.024231, 33.434876], [134.015806, 33.428352], [134.011163, 33.422407], [133.997481, 33.427209], [133.992976, 33.427935], [133.993629, 33.435506], [134.005872, 33.437353], [134.008019, 33.442382], [134.005815, 33.445987], [134.009879, 33.448702], [134.01159, 33.455766], [134.014285, 33.457811], [134.024651, 33.459496], [134.0242, 33.456381], [134.018834, 33.452382], [134.017997, 33.449549], [134.021849, 33.446094], [134.030174, 33.44583], [134.029911, 33.440637]]]}, "properties": {"N03_001": "高知県", "N03_002": null, "N03_003": "安芸郡", "N03_004": "田野町", "N03_005": null, "N03_007": "39303"}}, {"type": "Feature", "geometry": {"type": "Polygon", "coordinates": [[[133.955867, 33.446205], [133.959604, 33.451007], [133.959919, 33.4574], [133.968268, 33.469026], [133.976465, 33.470484], [133.981605, 33.478191], [133.978666, 33.483069], [133.984267, 33.48773], [133.982846, 33.489556], [133.9857, 33.495514], [133.989668, 33.497981], [133.987653, 33.504351], [133.990776, 33.511801], [133.997015, 33.516954], [134.001672, 33.517707], [134.014181, 33.538588], [134.025674, 33.547069], [134.030794, 33.544573], [134.034188, 33.539396], [134.04104, 33.538856], [134.053112, 33.535409], [134.060128, 33.53133], [134.064442, 33.531341], [134.069116, 33.526888], [134.066803, 33.522584], [134.056434, 33.520461], [134.045778, 33.51175], [134.040747, 33.512672], [134.035723, 33.510077], [134.028623, 33.503578], [134.026502, 33.49635], [134.026565, 33.487011], [134.023981, 33.481376], [134.025563, 33.474191], [134.0231, 33.467167], [134.024651, 33.459496], [134.014285, 33.457811], [134.01159, 33.455766], [134.009879, 33.448702], [134.005815, 33.445987], [134.008019, 33.442382], [134.005872, 33.437353], [133.993629, 33.435506], [133.992976, 33.427935], [133.986539, 33.430965], [133.982801, 33.434691], [133.973158, 33.438876], [133.95859, 33.442546], [133.955867, 33.446205]]]}, "properties": {"N03_001": "高知県", "N03_002": null, "N03_003": "安芸郡", "N03_004": "安田町", "N03_005": null, "N03_007": "39304"}}, {"type": "Feature", "geometry": {"type": "Polygon", "coordinates": [[[134.192096, 33.485887], [134.175724, 33.48447], [134.169476, 33.479422], [134.155423, 33.47737], [134.144201, 33.46828], [134.137581, 33.470774], [134.131867, 33.474616], [134.125727, 33.465989], [134.112719, 33.457774], [134.108405, 33.446792], [134.097043, 33.448837], [134.089957, 33.448377], [134.086048, 33.446167], [134.079567, 33.44593], [134.077341, 33.441814], [134.06968, 33.441225], [134.064091, 33.435497], [134.049573, 33.435821], [134.033557, 33.438296], [134.029911, 33.440637], [134.030174, 33.44583], [134.021849, 33.446094], [134.017997, 33.449549], [134.018834, 33.452382], [134.0242, 33.456381], [134.024651, 33.459496], [134.0231, 33.467167], [134.025563, 33.474191], [134.023981, 33.481376], [134.026565, 33.487011], [134.026502, 33.49635], [134.028623, 33.503578], [134.035723, 33.510077], [134.040747, 33.512672], [134.045778, 33.51175], [134.056434, 33.520461], [134.066803, 33.522584], [134.069116, 33.526888], [134.076866, 33.531819], [134.077869, 33.539284], [134.082075, 33.546888], [134.090082, 33.551267], [134.083216, 33.561009], [134.084147, 33.567582], [134.092209, 33.571465], [134.095803, 33.584208], [134.093833, 33.590553], [134.102008, 33.593089], [134.106004, 33.59808], [134.106184656554, 33.59808282073227], [134.10619139, 33.5980325], [134.10630583, 33.59794806], [134.10638667, 33.59790861], [134.10637333, 33.59785223], [134.10617778, 33.59770556], [134.10615083, 33.59765472], [134.10615083, 33.59753083], [134.10620472, 33.59745195], [134.10627222, 33.59738417], [134.10640695, 33.59728278], [134.10665611, 33.59715917], [134.10681778, 33.59708], [134.106885, 33.59704056], [134.10704666, 33.59687167], [134.10715444, 33.59673639], [134.10724889, 33.59665167], [134.10726889, 33.59661778], [134.10726778, 33.5965425], [134.10723528, 33.5964825], [134.10708722, 33.59629666], [134.10708722, 33.59625139], [134.10712084, 33.59622334], [134.10734306, 33.59621778], [134.10744111, 33.59618416], [134.10743694, 33.59613916], [134.10737, 33.59607667], [134.10722194, 33.59591333], [134.10720833, 33.59587945], [134.10730278, 33.59580055], [134.10749138, 33.59568223], [134.10765973, 33.59554111], [134.10777417, 33.59553556], [134.10792917, 33.59562], [134.10807333, 33.59571556], [134.10821833, 33.59584], [134.10839361, 33.59590195], [134.10854834, 33.59590195], [134.10871, 33.59587945], [134.10890527, 33.595885], [134.10905361, 33.59592445], [134.10932972, 33.59595833], [134.10948472, 33.59595278], [134.10959916, 33.59590195], [134.10981472, 33.59572166], [134.10990222, 33.59563139], [134.11001, 33.59540027], [134.11004361, 33.59534389], [134.110185, 33.59525389], [134.11026583, 33.59523139], [134.11036694, 33.59522027], [134.11054222, 33.59509611], [134.11060945, 33.59499472], [134.11061611, 33.59481416], [134.11066334, 33.59472416], [134.1107375, 33.59465639], [134.11089917, 33.59457194], [134.11095278, 33.59448722], [134.11097277, 33.59442528], [134.11096611, 33.59434639], [134.11089222, 33.59420556], [134.11089889, 33.59408139], [134.11097277, 33.59392361], [134.11093917, 33.59385027], [134.11088834, 33.59377833], [134.11081834, 33.59373195], [134.11066334, 33.5936475], [134.11059584, 33.59355722], [134.11060277, 33.59347278], [134.11065667, 33.59343889], [134.11076445, 33.5933825], [134.1107775, 33.59334861], [134.11077083, 33.59324167], [134.11070361, 33.59311194], [134.11070361, 33.59306667], [134.11075722, 33.59299917], [134.11090556, 33.59291472], [134.11111445, 33.59289195], [134.11120861, 33.59284167], [134.11227445, 33.59311973], [134.11305333, 33.59332333], [134.11321862, 33.59336917], [134.11334583, 33.59340444], [134.11329334, 33.59356695], [134.11323945, 33.59376639], [134.11331778, 33.59379166], [134.11333028, 33.59398556], [134.11338416, 33.59418861], [134.11345139, 33.59433528], [134.11355917, 33.59448167], [134.11371417, 33.59466778], [134.11376806, 33.59479166], [134.11376806, 33.59487056], [134.11373445, 33.59494972], [134.11359972, 33.59516945], [134.11350528, 33.59527055], [134.11329666, 33.59554694], [134.11324945, 33.59563694], [134.11324945, 33.59571583], [134.11326278, 33.59577805], [134.113485, 33.59620084], [134.11349194, 33.59626278], [134.11345806, 33.59631916], [134.11335722, 33.59635306], [134.113135, 33.59636972], [134.1128925, 33.59635861], [134.11269722, 33.59640361], [134.1125625, 33.59645445], [134.11248167, 33.59651083], [134.11242083, 33.59658417], [134.11238055, 33.59677], [134.11223916, 33.59697306], [134.11214472, 33.59707444], [134.11203695, 33.59714778], [134.11185528, 33.59723223], [134.11168666, 33.59733389], [134.1115925, 33.59742972], [134.11153861, 33.59755361], [134.11145778, 33.5976325], [134.11128305, 33.59768333], [134.11113472, 33.59775083], [134.11087889, 33.59795945], [134.1107575, 33.59802722], [134.11062277, 33.59807778], [134.11053570305108, 33.598150757028975], [134.111576, 33.598167], [134.121104, 33.595908], [134.126255, 33.592903], [134.137845, 33.589447], [134.145934, 33.592325], [134.150962, 33.603666], [134.154879, 33.605066], [134.156139, 33.611701], [134.160614, 33.612813], [134.164794, 33.610486], [134.172525, 33.609603], [134.175955, 33.607101], [134.17024, 33.602115], [134.170577, 33.596972], [134.178779, 33.594147], [134.184719, 33.588686], [134.188537, 33.581063], [134.187767, 33.575768], [134.192471, 33.573982], [134.195356, 33.568731], [134.19317, 33.561627], [134.195788, 33.560817], [134.198435, 33.551861], [134.194759, 33.546889], [134.193132, 33.53726], [134.201117, 33.533974], [134.201284, 33.525494], [134.204943, 33.520337], [134.212946, 33.515991], [134.215866, 33.512793], [134.214326, 33.506708], [134.211081, 33.505662], [134.21007, 33.49694], [134.205233, 33.496606], [134.197604, 33.502027], [134.193864, 33.498904], [134.199015, 33.492858], [134.195064, 33.487687], [134.192096, 33.485887]]]}, "properties": {"N03_001": "高知県", "N03_002": null, "N03_003": "安芸郡", "N03_004": "北川村", "N03_005": null, "N03_007": "39305"}}, {"type": "Feature", "geometry": {"type": "MultiPolygon", "coordinates": [[[[134.030428, 33.555174], [134.027114, 33.559723], [134.027454, 33.563061], [134.02084, 33.570039], [134.012311, 33.568111], [134.006928, 33.576973], [134.009325, 33.578994], [134.009992, 33.586539], [134.013799, 33.588959], [134.019198, 33.587834], [134.021232, 33.59098], [134.019866, 33.597087], [134.022615, 33.602876], [134.013014, 33.607914], [134.017214, 33.611746], [134.0191, 33.620708], [134.022763, 33.624671], [134.022692, 33.628036], [134.026487, 33.632286], [134.026766, 33.635722], [134.031022, 33.640364], [134.034671, 33.638161], [134.044882, 33.645608], [134.050963, 33.644329], [134.055662, 33.646479], [134.054868, 33.651831], [134.060976, 33.655096], [134.070509, 33.663577], [134.068809, 33.668134], [134.062866, 33.671825], [134.052291, 33.672854], [134.047167, 33.679596], [134.052627, 33.683369], [134.058057, 33.691033], [134.066335, 33.688625], [134.076398, 33.690614], [134.0814, 33.690469], [134.090441, 33.69307], [134.095093, 33.69242], [134.099899, 33.694621], [134.10602, 33.693587], [134.111991, 33.695659], [134.119912, 33.694952], [134.126263, 33.695885], [134.133383, 33.693961], [134.135784, 33.690933], [134.148551, 33.685706], [134.160966, 33.686835], [134.163845, 33.688124], [134.174782, 33.683991], [134.175465, 33.675931], [134.168965, 33.670768], [134.17535, 33.661594], [134.171334, 33.657686], [134.184173, 33.649023], [134.174825, 33.643292], [134.170547, 33.641958], [134.163985, 33.635447], [134.150225, 33.630552], [134.149251, 33.627141], [134.154892, 33.622985], [134.152143, 33.618181], [134.156139, 33.611701], [134.154879, 33.605066], [134.150962, 33.603666], [134.145934, 33.592325], [134.137845, 33.589447], [134.126255, 33.592903], [134.121104, 33.595908], [134.111576, 33.598167], [134.11053570305108, 33.598150757028975], [134.11053527, 33.59815112], [134.11053527, 33.59819111], [134.11053527, 33.59823], [134.11056222, 33.59827528], [134.11088555, 33.5985625], [134.11093278, 33.59861889], [134.11094611, 33.59868083], [134.11090583, 33.59874278], [134.11083833, 33.59878222], [134.11070361, 33.59878778], [134.11037361, 33.59875417], [134.11024584, 33.59873167], [134.10996278, 33.59872028], [134.10980112, 33.59874278], [134.10975416, 33.59875972], [134.10938361, 33.59876528], [134.10918166, 33.59879917], [134.10898611, 33.59884417], [134.10884472, 33.59891195], [134.1087775, 33.59899639], [134.10875861, 33.59904388], [134.10874389, 33.59908111], [134.10873694, 33.599205], [134.10876389, 33.59929528], [134.10882472, 33.59936278], [134.10916139, 33.59957139], [134.10935, 33.59965611], [134.10955195, 33.59972361], [134.10979444, 33.599825], [134.10988889, 33.59989278], [134.11000333, 33.59995472], [134.11026583, 33.60018028], [134.11038055, 33.60030417], [134.11054222, 33.60052972], [134.11062277, 33.60059167], [134.1107575, 33.60063694], [134.11081834, 33.60069333], [134.11083167, 33.60074389], [134.11081139, 33.60087917], [134.11081139, 33.60102583], [134.11083833, 33.60109361], [134.11100694, 33.60137528], [134.11108083, 33.60144833], [134.11116834, 33.60148778], [134.11151861, 33.60148778], [134.11166666, 33.60147083], [134.11190917, 33.60147083], [134.11196306, 33.60151611], [134.11196306, 33.60158361], [134.11190222, 33.60166806], [134.11180139, 33.60184305], [134.11170056, 33.60196139], [134.111485, 33.60212472], [134.11143112, 33.60220944], [134.11143112, 33.60231083], [134.111485, 33.60240111], [134.11159945, 33.60248555], [134.11180805, 33.60267167], [134.11186861, 33.60268861], [134.11201, 33.60268861], [134.11209084, 33.60267167], [134.11230639, 33.60255889], [134.11239389, 33.60255889], [134.11244111, 33.60259834], [134.11244111, 33.60268277], [134.11235361, 33.60289139], [134.11227278, 33.60317333], [134.11219861, 33.60331972], [134.11211777, 33.60339305], [134.11195611, 33.60347778], [134.11173416, 33.60359611], [134.11144473, 33.60379889], [134.11128972, 33.6039625], [134.11128972, 33.60406972], [134.11130305, 33.60413167], [134.11128305, 33.604205], [134.11117527, 33.60435694], [134.11117527, 33.60445861], [134.11120222, 33.60454278], [134.1112425, 33.60461055], [134.11133, 33.60467805], [134.11166695, 33.60481917], [134.11178805, 33.60485278], [134.11184556, 33.60486139], [134.1119025, 33.60486972], [134.11202389, 33.60486972], [134.11218527, 33.60483028], [134.11227944, 33.60479083], [134.11242778, 33.60470639], [134.112495, 33.60471195], [134.112495, 33.60476833], [134.11218527, 33.60524195], [134.11207778, 33.60533778], [134.11202389, 33.60536583], [134.11186223, 33.60541083], [134.11157944, 33.60563084], [134.11156583, 33.60566472], [134.11157944, 33.60571527], [134.11163333, 33.60578861], [134.11170056, 33.60583944], [134.111815, 33.60587889], [134.11204417, 33.60591278], [134.11217195, 33.60592389], [134.1124075, 33.60595222], [134.11263639, 33.60601417], [134.11298, 33.606155], [134.11310806, 33.60618889], [134.11328305, 33.60625083], [134.11345806, 33.60629027], [134.11354306, 33.60632722], [134.11361972, 33.60639167], [134.11366028, 33.60645944], [134.11368722, 33.60683138], [134.11371417, 33.60692167], [134.11377472, 33.60701194], [134.11392973, 33.60713584], [134.11411833, 33.60731056], [134.11414528, 33.60736139], [134.11415194, 33.60742889], [134.11410472, 33.60749111], [134.11404417, 33.60751361], [134.11393639, 33.60752472], [134.1137275, 33.60757555], [134.11349862, 33.60771639], [134.11320222, 33.6079475], [134.11309445, 33.60805444], [134.11293278, 33.60829695], [134.11284528, 33.60850556], [134.11276445, 33.60864084], [134.11233361, 33.60906362], [134.11215194, 33.60919305], [134.11213167, 33.60925527], [134.11216528, 33.60928889], [134.1122125, 33.60930584], [134.11250194, 33.60930584], [134.11256278, 33.60928889], [134.11265694, 33.6092325], [134.1129125, 33.60913112], [134.11317527, 33.60906362], [134.11340417, 33.60905222], [134.11359278, 33.60909722], [134.11380166, 33.60909722], [134.11394278, 33.60909389], [134.11404417, 33.60909167], [134.11411138, 33.60910862], [134.11433389, 33.60924389], [134.11441472, 33.60926639], [134.11472444, 33.60930027], [134.11477167, 33.60931722], [134.11485916, 33.60937361], [134.11491972, 33.60944111], [134.11504111, 33.609695], [134.11512862, 33.60981333], [134.11523639, 33.60993722], [134.11539806, 33.61013444], [134.11552583, 33.61037695], [134.11552583, 33.61047833], [134.11550584, 33.61053472], [134.11537777, 33.61065305], [134.11494, 33.61103056], [134.1146975, 33.61120528], [134.11383528, 33.61187611], [134.11359278, 33.61212972], [134.11357278, 33.61216361], [134.11356583, 33.61223694], [134.11364, 33.61229334], [134.11389611, 33.61236084], [134.11404417, 33.61241722], [134.11417889, 33.61243972], [134.11446167, 33.61241722], [134.11473777, 33.61237222], [134.11503417, 33.61231028], [134.11510167, 33.61227084], [134.11528333, 33.61218611], [134.11543166, 33.61214111], [134.11564723, 33.61212972], [134.11570112, 33.61209028], [134.11582195, 33.61190445], [134.11591639, 33.61184805], [134.11604417, 33.61178028], [134.11623945, 33.61161694], [134.11641472, 33.6114025], [134.116435, 33.61135195], [134.116435, 33.61113778], [134.11647528, 33.6110475], [134.11650889, 33.6110025], [134.11664361, 33.61091222], [134.11691305, 33.61074889], [134.11707473, 33.61064194], [134.11714889, 33.61055722], [134.11727694, 33.61028666], [134.11743166, 33.61017973], [134.11764722, 33.61010639], [134.11766806, 33.61009222], [134.11776167, 33.6100275], [134.11778861, 33.60999917], [134.11801777, 33.60970611], [134.11824, 33.60952], [134.11828722, 33.60945806], [134.11829389, 33.60928889], [134.11833417, 33.60922694], [134.118435, 33.60915362], [134.11849555, 33.60906917], [134.11849555, 33.60895083], [134.11842139, 33.60880416], [134.11831417, 33.60868584], [134.11829389, 33.608635], [134.1183275, 33.60852806], [134.11834111, 33.60838139], [134.11840806, 33.60831389], [134.118435, 33.6083025], [134.11846861, 33.60826305], [134.11849555, 33.60821223], [134.11849555, 33.60811083], [134.11846861, 33.60805444], [134.11838778, 33.60795306], [134.11837445, 33.60791917], [134.11839472, 33.60790777], [134.11850223, 33.60791917], [134.11873139, 33.60798111], [134.11890639, 33.60797], [134.11896028, 33.6079475], [134.11896028, 33.60788556], [134.11880556, 33.60769389], [134.11879861, 33.60747417], [134.11875833, 33.60738389], [134.11867083, 33.60727695], [134.11868417, 33.6072375], [134.11877167, 33.60716416], [134.11887277, 33.60711889], [134.11894695, 33.6070625], [134.11899389, 33.60701194], [134.11904778, 33.60690472], [134.11906805, 33.60676945], [134.11912194, 33.60672445], [134.11917583, 33.60673556], [134.11923639, 33.6067525], [134.11930389, 33.60676389], [134.11935111, 33.60674139], [134.11939139, 33.60667361], [134.119405, 33.60651028], [134.11944527, 33.60643694], [134.11952611, 33.60639167], [134.11972139, 33.60639167], [134.11976194, 33.606375], [134.11976861, 33.60629583], [134.11972806, 33.60611555], [134.11974167, 33.60604223], [134.11975501, 33.60602528], [134.11979277, 33.60598472], [134.11981972, 33.60597723], [134.11989805, 33.60600556], [134.11996056, 33.60606834], [134.12008527, 33.60626222], [134.12029389, 33.60643694], [134.12033444, 33.60648194], [134.12037472, 33.60657223], [134.12038833, 33.60669611], [134.12041528, 33.60679778], [134.1204825, 33.60693861], [134.12054306, 33.606995], [134.12060389, 33.60700612], [134.1206575, 33.60695], [134.12074528, 33.60671306], [134.12079917, 33.60661723], [134.12088667, 33.60657223], [134.12101472, 33.60657223], [134.12117362, 33.6065825], [134.12132722, 33.60657334], [134.12143861, 33.60658916], [134.12158, 33.60664556], [134.12166083, 33.60669611], [134.12176861, 33.60684278], [134.12181583, 33.60704], [134.12184944, 33.60711334], [134.12189667, 33.60713584], [134.12208527, 33.60710778], [134.12233444, 33.60697805], [134.12268472, 33.60686112], [134.12288667, 33.60684417], [134.12294056, 33.60681583], [134.12308222, 33.60675388], [134.12321, 33.60670888], [134.12325723, 33.606675], [134.12331194, 33.60699055], [134.12337167, 33.60733473], [134.12331111, 33.60731194], [134.12319, 33.607295], [134.1231225, 33.60731194], [134.12300139, 33.60734583], [134.12287333, 33.60735723], [134.12266445, 33.60741917], [134.12233444, 33.60749056], [134.1221525, 33.60755305], [134.12192361, 33.60762055], [134.12181583, 33.60762639], [134.12162723, 33.60752472], [134.12151945, 33.60741222], [134.1214925, 33.60734445], [134.12142528, 33.6072825], [134.12125667, 33.60720916], [134.12114916, 33.60720916], [134.12110222, 33.6072375], [134.12082612, 33.60753611], [134.12075194, 33.60758695], [134.12060389, 33.60758695], [134.12044888, 33.60751917], [134.12028055, 33.60741778], [134.12003139, 33.60718111], [134.11991, 33.60710778], [134.11981583, 33.60712472], [134.11958, 33.60727695], [134.11953278, 33.60732195], [134.11945195, 33.60744583], [134.11945889, 33.60753055], [134.1194925, 33.6075925], [134.11956639, 33.60767695], [134.11962028, 33.60776167], [134.1196675, 33.60795861], [134.11969444, 33.60808833], [134.119735, 33.60833055], [134.119735, 33.60844917], [134.11969444, 33.60851111], [134.11947222, 33.60864084], [134.119405, 33.60869722], [134.11936445, 33.60879306], [134.11935778, 33.60889445], [134.11937111, 33.60893388], [134.11937111, 33.60905778], [134.11930389, 33.60918194], [134.11925, 33.60931167], [134.11920278, 33.60948639], [134.11910167, 33.60961028], [134.11896028, 33.60973695], [134.11890639, 33.609785], [134.11883917, 33.60990333], [134.11879195, 33.61010083], [134.11869778, 33.61019083], [134.11851584, 33.61027556], [134.11847556, 33.610315], [134.11849584, 33.61039388], [134.11849584, 33.61047278], [134.11846222, 33.61053472], [134.118395, 33.61058], [134.11819944, 33.61063639], [134.11811861, 33.61068139], [134.11803111, 33.61075472], [134.11793, 33.6108675], [134.11786278, 33.61100806], [134.11779556, 33.61107556], [134.11762028, 33.61114333], [134.11756639, 33.61119417], [134.11755973, 33.61119417], [134.11755305, 33.61126167], [134.11761361, 33.61138], [134.11761361, 33.61145889], [134.11755973, 33.61149277], [134.11749223, 33.61151527], [134.11738445, 33.6115775], [134.11727694, 33.61172944], [134.11713528, 33.611865], [134.11711528, 33.61196639], [134.117095, 33.61200028], [134.11697361, 33.61207917], [134.11689972, 33.61220861], [134.11675806, 33.61234389], [134.11665055, 33.61242861], [134.11661667, 33.61257528], [134.11658972, 33.61263139], [134.11648194, 33.61273861], [134.11641472, 33.61286834], [134.11638111, 33.61291889], [134.11628, 33.61299806], [134.11611167, 33.61305417], [134.11562667, 33.61331361], [134.11552556, 33.61340945], [134.1155325, 33.61352778], [134.11557278, 33.61358417], [134.1158825, 33.61379278], [134.11592305, 33.61383778], [134.11592305, 33.6139225], [134.11585555, 33.61405778], [134.11566028, 33.61435055], [134.11565361, 33.61444639], [134.11566695, 33.61447444], [134.11576139, 33.61453667], [134.11595667, 33.61457027], [134.11599723, 33.61459861], [134.11603083, 33.6146775], [134.11615194, 33.61481278], [134.11611167, 33.61484667], [134.11605111, 33.61485778], [134.11564, 33.61485778], [134.11551889, 33.61486917], [134.11545833, 33.61491417], [134.11543139, 33.61497639], [134.11545166, 33.61503277], [134.11560639, 33.61516806], [134.11583556, 33.61529194], [134.1158825, 33.61534833], [134.1158825, 33.61543861], [134.11572083, 33.61565278], [134.11570083, 33.61572611], [134.11571417, 33.61579361], [134.11573445, 33.61585], [134.11588945, 33.61604722], [134.11609111, 33.61625861], [134.11615889, 33.61632917], [134.11635417, 33.61649834], [134.11674472, 33.61675194], [134.11694666, 33.61687028], [134.11743166, 33.61725361], [134.11763361, 33.61737194], [134.1178625, 33.617575], [134.11799055, 33.61767056], [134.11820611, 33.61777195], [134.11826667, 33.61778333], [134.11873806, 33.61780583], [134.119095, 33.61785083], [134.11939139, 33.61789612], [134.11970111, 33.61791862], [134.11983583, 33.61794112], [134.12003806, 33.6179525], [134.12011194, 33.61796362], [134.12059667, 33.61796917], [134.12069778, 33.61799194], [134.12085945, 33.618065], [134.12097389, 33.61816084], [134.12116917, 33.6183525], [134.12134444, 33.61847667], [134.12162055, 33.61863445], [134.12185611, 33.61876417], [134.12209861, 33.61891083], [134.1221325, 33.61897278], [134.12216611, 33.61906861], [134.12221334, 33.61920388], [134.12233444, 33.61935777], [134.12249611, 33.61951611], [134.12275167, 33.61973027], [134.12289333, 33.61980917], [134.12299416, 33.6198375], [134.12316278, 33.61984861], [134.12333778, 33.619905], [134.12354667, 33.62002916], [134.12358027, 33.62007973], [134.12358027, 33.62015889], [134.12350611, 33.62023195], [134.12343889, 33.62031111], [134.12343195, 33.62035611], [134.12346583, 33.62045194], [134.12377555, 33.62072806], [134.12382944, 33.62081833], [134.12382944, 33.62090278], [134.12369473, 33.62104389], [134.12369473, 33.62110584], [134.12376889, 33.62123556], [134.12379583, 33.62126361], [134.12383611, 33.62135944], [134.12387667, 33.62152833], [134.12392389, 33.62158473], [134.12405861, 33.62170305], [134.1241125, 33.62173695], [134.12430111, 33.62191167], [134.12438167, 33.62202444], [134.12438167, 33.62257694], [134.12434139, 33.62268972], [134.12414611, 33.62302805], [134.12412584, 33.62308445], [134.12414611, 33.62316333], [134.12423361, 33.6233325], [134.12455028, 33.62373278], [134.12467805, 33.62384528], [134.12473889, 33.62384528], [134.12525195, 33.62392611], [134.12570834, 33.6239975], [134.12589028, 33.62415556], [134.1261125, 33.62431861], [134.12631472, 33.62451611], [134.126355, 33.62457222], [134.12640223, 33.62469639], [134.12639555, 33.62496139], [134.126355, 33.62513611], [134.12624056, 33.62538417], [134.12613945, 33.62553639], [134.1259375, 33.62571111], [134.12578917, 33.62577888], [134.12561417, 33.62581833], [134.12545917, 33.62580695], [134.12531778, 33.6257675], [134.12513584, 33.62575611], [134.12499472, 33.62572806], [134.12484666, 33.62567166], [134.12471195, 33.62559278], [134.12438167, 33.62537278], [134.12432112, 33.62533917], [134.12406527, 33.6251475], [134.1239575, 33.62501778], [134.12385639, 33.62482611], [134.12376223, 33.624685], [134.12373528, 33.62465695], [134.12354667, 33.6243525], [134.12339833, 33.62411028], [134.12320972, 33.62389055], [134.12288639, 33.62360861], [134.12263944, 33.62345778], [134.12261278, 33.62312222], [134.12258334, 33.62275167], [134.12267778, 33.62268972], [134.12275862, 33.62260527], [134.12283944, 33.62246972], [134.12287972, 33.62243612], [134.12296722, 33.62239083], [134.12300777, 33.62234028], [134.12302806, 33.62228388], [134.12302111, 33.62218806], [134.12297417, 33.62210334], [134.12278555, 33.6219175], [134.12269778, 33.62177083], [134.12263055, 33.62161305], [134.12254305, 33.62147805], [134.12242195, 33.62137083], [134.12233444, 33.62126917], [134.1221525, 33.6211825], [134.12205167, 33.62113722], [134.12156, 33.62073139], [134.12123667, 33.62042694], [134.12105473, 33.62022417], [134.12096056, 33.62009445], [134.12090667, 33.61997055], [134.12085945, 33.6198125], [134.12079195, 33.61968306], [134.12075167, 33.61964361], [134.12070444, 33.61963778], [134.12057666, 33.61971111], [134.12036777, 33.61980139], [134.12028695, 33.61986333], [134.12023306, 33.61995361], [134.12015889, 33.62020167], [134.12005805, 33.62030306], [134.12000416, 33.62022417], [134.11999723, 33.62001], [134.11995695, 33.61979], [134.11995695, 33.61960972], [134.11999055, 33.61948], [134.12003111, 33.61942362], [134.12007805, 33.61932778], [134.120085, 33.619215], [134.12003111, 33.619125], [134.11996389, 33.61907973], [134.11987639, 33.61905723], [134.11972139, 33.61904028], [134.11962723, 33.61901223], [134.11937806, 33.61887694], [134.11925, 33.61880917], [134.11910861, 33.61880361], [134.11900084, 33.6188375], [134.11873139, 33.6188375], [134.11853611, 33.61888806], [134.11846861, 33.61894444], [134.11832056, 33.61894444], [134.11820611, 33.6188825], [134.1180175, 33.61879806], [134.11780861, 33.61879806], [134.11753917, 33.618815], [134.11745166, 33.61879222], [134.11737084, 33.61872472], [134.11734389, 33.61865695], [134.11726333, 33.61856111], [134.11710167, 33.61846528], [134.11683222, 33.61830194], [134.11665055, 33.61812722], [134.11641472, 33.61786222], [134.11631361, 33.61777195], [134.11613194, 33.61767056], [134.11588945, 33.61758028], [134.11566028, 33.61757472], [134.11562, 33.61753528], [134.11560639, 33.61750139], [134.11559972, 33.61740556], [134.11556612, 33.61736056], [134.11540444, 33.61720861], [134.11529, 33.61713528], [134.11516195, 33.61702805], [134.11506083, 33.61690416], [134.11498694, 33.61682528], [134.11483889, 33.61661111], [134.11477167, 33.61649277], [134.11470417, 33.616425], [134.11463694, 33.61638], [134.11449528, 33.61628972], [134.11439445, 33.61614889], [134.11429334, 33.61605306], [134.11415861, 33.61598528], [134.11405083, 33.61592334], [134.11402389, 33.61587834], [134.11401722, 33.61572028], [134.11398361, 33.61561889], [134.11389611, 33.61551166], [134.11380166, 33.61537083], [134.113795, 33.61518472], [134.11383528, 33.61495945], [134.11386223, 33.61491417], [134.11394305, 33.6147225], [134.11398361, 33.61451972], [134.11399028, 33.6143675], [134.11397667, 33.61429417], [134.11389611, 33.61413638], [134.11380834, 33.614035], [134.11364, 33.61392806], [134.11352556, 33.61388861], [134.11344473, 33.61387723], [134.11314167, 33.61379833], [134.11304056, 33.61375889], [134.11297333, 33.61370833], [134.11276445, 33.61349972], [134.11265028, 33.613415], [134.11252222, 33.61335861], [134.11236055, 33.61330223], [134.11208444, 33.61309389], [134.11203056, 33.61301472], [134.11192278, 33.61286834], [134.1117275, 33.61264833], [134.11170056, 33.61256389], [134.11169389, 33.61241722], [134.11179473, 33.61210167], [134.11190944, 33.61189861], [134.11199028, 33.61178583], [134.11219889, 33.61158861], [134.11235389, 33.61148722], [134.11242111, 33.61141945], [134.11244805, 33.61129], [134.11249528, 33.61122222], [134.11252889, 33.61120528], [134.11261667, 33.61113194], [134.11263, 33.61108139], [134.11255583, 33.61105306], [134.11236723, 33.61105889], [134.11144473, 33.6110475], [134.11133, 33.61103056], [134.11107417, 33.61099111], [134.11093944, 33.61093472], [134.11081834, 33.61085028], [134.11063639, 33.61067584], [134.11054888, 33.61056305], [134.11041417, 33.61028111], [134.1104075, 33.61021916], [134.11043444, 33.61012889], [134.11050833, 33.61003306], [134.11054888, 33.60996556], [134.11050833, 33.60992027], [134.11040056, 33.60989777], [134.11027944, 33.60990917], [134.10979473, 33.61010639], [134.10961277, 33.61014028], [134.10900667, 33.61016278], [134.10820528, 33.61015139], [134.10814472, 33.61014028], [134.10796945, 33.61013444], [134.10780778, 33.61018528], [134.10773389, 33.61023028], [134.10770694, 33.6102925], [134.10772028, 33.61037138], [134.1077675, 33.61045028], [134.10797611, 33.61065278], [134.10817166, 33.61081084], [134.10854195, 33.61118833], [134.10862945, 33.61134055], [134.10866334, 33.61144222], [134.10867, 33.6116225], [134.10863639, 33.61178583], [134.10856889, 33.61187611], [134.10854195, 33.6119775], [134.10846778, 33.61210722], [134.10846778, 33.61225389], [134.10856222, 33.61234389], [134.10864306, 33.61237222], [134.10871722, 33.61236666], [134.108825, 33.61230444], [134.10893944, 33.61218611], [134.10902028, 33.61209028], [134.10912806, 33.61202278], [134.10935694, 33.61201139], [134.10959945, 33.61198333], [134.10977444, 33.61194389], [134.11002361, 33.61187611], [134.1102325, 33.61185916], [134.11031972, 33.61187055], [134.11045444, 33.61192695], [134.11057583, 33.61203389], [134.11080473, 33.61249611], [134.11093944, 33.61294167], [134.11098, 33.61312194], [134.10997194, 33.61323444], [134.11000333, 33.61271167], [134.10997584, 33.61263666], [134.10991723, 33.6125875], [134.10983917, 33.61257778], [134.10972972, 33.61261362], [134.10948361, 33.61275111], [134.10922555, 33.612965], [134.10899111, 33.61322638], [134.10879972, 33.61350417], [134.10873333, 33.61368389], [134.10869027, 33.61373111], [134.10825667, 33.61405111], [134.10803, 33.61406083], [134.10779167, 33.61410027], [134.10769, 33.61412945], [134.10759223, 33.61417861], [134.10747889, 33.61429139], [134.10742417, 33.61438611], [134.10742417, 33.61445138], [134.10744778, 33.61453305], [134.10772527, 33.61479445], [134.10774472, 33.61485667], [134.10771722, 33.61504444], [134.10773694, 33.61512611], [134.10783055, 33.61523722], [134.10807694, 33.61548889], [134.10827611, 33.61571583], [134.1083075, 33.61579111], [134.10829556, 33.61601972], [134.10831139, 33.61619611], [134.1083425, 33.61630722], [134.108405, 33.6163825], [134.10821861, 33.61654334], [134.10779444, 33.61678556], [134.10763278, 33.61678556], [134.10739695, 33.61672361], [134.10722194, 33.61665584], [134.10705361, 33.61656584], [134.10683111, 33.61648139], [134.10661584, 33.61644195], [134.10643389, 33.6164475], [134.10636639, 33.61647], [134.10631944, 33.61653195], [134.1063125, 33.61663334], [134.10636639, 33.61679111], [134.10640028, 33.6168475], [134.10664944, 33.61714639], [134.10671667, 33.61730417], [134.10674361, 33.61734361], [134.10683806, 33.61758611], [134.10683806, 33.61767611], [134.10681111, 33.61771556], [134.10677722, 33.6177325], [134.10664667, 33.61771694], [134.10658417, 33.61773472], [134.10654834, 33.61777778], [134.10654834, 33.61796917], [134.10651472, 33.61804834], [134.10641361, 33.61817777], [134.10638, 33.61824556], [134.10635972, 33.61834139], [134.10627888, 33.61840889], [134.10621167, 33.61843167], [134.10605666, 33.61844833], [134.10598945, 33.61848223], [134.10592861, 33.61853861], [134.10582778, 33.61866833], [134.10576695, 33.61869083], [134.10562556, 33.61869639], [134.10557167, 33.61874722], [134.10557167, 33.61880361], [134.10563917, 33.61891083], [134.10575361, 33.61901778], [134.10581417, 33.61906278], [134.10585472, 33.619125], [134.10599611, 33.61923195], [134.10609694, 33.61927722], [134.10621167, 33.61930528], [134.10642722, 33.61942944], [134.10654834, 33.61949667], [134.10671306, 33.61956584], [134.10687833, 33.61967694], [134.10716139, 33.61991944], [134.10735667, 33.62012805], [134.107525, 33.62038722], [134.1077675, 33.62093417], [134.10786833, 33.62110889], [134.10797611, 33.62121611], [134.10809723, 33.62127806], [134.10819139, 33.62130611], [134.10838, 33.62133445], [134.10866973, 33.62135138], [134.10872362, 33.62137388], [134.10874389, 33.62140778], [134.10873694, 33.62144722], [134.10864278, 33.62153167], [134.10864278, 33.62159362], [134.10864944, 33.62161612], [134.10869667, 33.62165555], [134.10889195, 33.62174027], [134.10894583, 33.62179111], [134.10904695, 33.62193194], [134.10910639, 33.62205333], [134.10915472, 33.62215167], [134.10924223, 33.62238861], [134.10929612, 33.62251222], [134.10945778, 33.62271528], [134.10946445, 33.62274889], [134.10943083, 33.62277166], [134.10916805, 33.62277723], [134.10904695, 33.62281666], [134.10897694, 33.62287139], [134.10892055, 33.62287389], [134.10889056, 33.62283555], [134.10891222, 33.62258556], [134.10889861, 33.62254611], [134.10883806, 33.62248972], [134.10869667, 33.62241667], [134.10861584, 33.62233222], [134.10855527, 33.62221945], [134.10848777, 33.62214611], [134.10842722, 33.62210111], [134.10824528, 33.62202778], [134.10809055, 33.62202778], [134.10794889, 33.62207861], [134.10786806, 33.62211805], [134.10776083, 33.62211223], [134.10747111, 33.62196], [134.10734972, 33.62195444], [134.10722862, 33.62199389], [134.1069525, 33.62223639], [134.10687833, 33.62225889], [134.10684472, 33.62226445], [134.10679083, 33.62225333], [134.10672333, 33.62219111], [134.10668972, 33.62211805], [134.10665611, 33.62198833], [134.10662917, 33.62184167], [134.10658194, 33.62176834], [134.106535, 33.62175139], [134.10615778, 33.62198833], [134.10601639, 33.62201083], [134.10582083, 33.62199389], [134.10569972, 33.62203889], [134.10557833, 33.62212917], [134.10549083, 33.62221389], [134.10528222, 33.62236555], [134.10519445, 33.62239945], [134.10511361, 33.62241639], [134.1049925, 33.62242195], [134.10494528, 33.62243333], [134.10488472, 33.62247278], [134.10486445, 33.62252917], [134.10495222, 33.622625], [134.10494528, 33.62267583], [134.10487139, 33.62272639], [134.10477695, 33.62275473], [134.10466917, 33.62277166], [134.10460861, 33.62280528], [134.104595, 33.62285056], [134.10468944, 33.62291806], [134.10497889, 33.62301972], [134.10511361, 33.62308167], [134.10520139, 33.62313805], [134.10531583, 33.6231775], [134.10543694, 33.6231775], [134.10553139, 33.62319444], [134.10569306, 33.62325084], [134.10575361, 33.62329584], [134.10596916, 33.62353833], [134.10605666, 33.62362833], [134.10613083, 33.62371861], [134.10615083, 33.62376945], [134.10614417, 33.62385945], [134.10602973, 33.62402306], [134.10573333, 33.62447389], [134.10563917, 33.62457722], [134.10562556, 33.62459222], [134.10555139, 33.62464861], [134.10543694, 33.62469944], [134.10537639, 33.62474444], [134.10534945, 33.62480666], [134.10536972, 33.62485166], [134.10545055, 33.62496445], [134.10548416, 33.62503778], [134.1054775, 33.62509972], [134.10544389, 33.62512778], [134.10520139, 33.62517305], [134.10498584, 33.62519], [134.10482416, 33.62521805], [134.10472972, 33.62522944], [134.10437972, 33.625235], [134.10416417, 33.62520111], [134.10398889, 33.62515611], [134.10390805, 33.62515611], [134.10384084, 33.62520667], [134.10384084, 33.625325], [134.10397555, 33.62555611], [134.10396861, 33.62562361], [134.10391472, 33.62566889], [134.10379361, 33.6257025], [134.10374639, 33.62574194], [134.10367917, 33.62597305], [134.10361861, 33.62606333], [134.10356472, 33.62608583], [134.10344333, 33.62609167], [134.10332222, 33.62610833], [134.10340973, 33.62638472], [134.1035175, 33.6265875], [134.10350389, 33.62664388], [134.10345694, 33.62666638], [134.1033625, 33.62666638], [134.10326166, 33.62664388], [134.10297861, 33.62652], [134.10282362, 33.62651445], [134.10273639, 33.62652556], [134.10268944, 33.6265425], [134.10260861, 33.62660445], [134.1025075, 33.62675667], [134.10247389, 33.626785], [134.10225833, 33.62679612], [134.10220445, 33.62683], [134.10204278, 33.62701027], [134.10191472, 33.62706667], [134.10180028, 33.627095], [134.10175305, 33.62713444], [134.10175305, 33.62720194], [134.10186083, 33.62736555], [134.1018475, 33.6274275], [134.10180694, 33.62747834], [134.10167889, 33.62747834], [134.10161833, 33.62746695], [134.10136917, 33.62746695], [134.10120084, 33.62748389], [134.10095167, 33.62745584], [134.10082362, 33.62742195], [134.10079, 33.62741639], [134.10071584, 33.62739361], [134.10060139, 33.62733722], [134.10043306, 33.62729222], [134.10024444, 33.62726417], [134.10017694, 33.62723583], [134.10010972, 33.62721889], [134.09996833, 33.62713444], [134.09989417, 33.62707806], [134.09981333, 33.62699361], [134.09955055, 33.62677362], [134.09942278, 33.62669472], [134.09916, 33.62658195], [134.09901195, 33.62643528], [134.09893777, 33.62634528], [134.0987225, 33.6261875], [134.09865222, 33.62614556], [134.098325, 33.62595055], [134.09814334, 33.62580416], [134.09798167, 33.6256575], [134.09784694, 33.62557306], [134.09759111, 33.6254375], [134.09730806, 33.62520111], [134.09703195, 33.62499833], [134.09693084, 33.62493611], [134.09658055, 33.62480084], [134.09642584, 33.62475584], [134.09631806, 33.62471639], [134.09609583, 33.62460917], [134.09602166, 33.624615], [134.09598805, 33.62466555], [134.0959475, 33.62481778], [134.09590722, 33.62488556], [134.09583972, 33.6249475], [134.09579278, 33.62503195], [134.09582639, 33.62508806], [134.09596111, 33.62517278], [134.09609583, 33.62521222], [134.09617667, 33.62522333], [134.09623056, 33.62526278], [134.09640556, 33.62548834], [134.09658055, 33.62571944], [134.09679611, 33.62592805], [134.097335, 33.62637916], [134.09752361, 33.626565], [134.09763805, 33.62672278], [134.09782667, 33.62688084], [134.09784694, 33.62693139], [134.09785361, 33.62704972], [134.09782667, 33.62712889], [134.09771889, 33.62728083], [134.09767861, 33.62751222], [134.09767861, 33.62767], [134.09784694, 33.62782223], [134.09794111, 33.62787278], [134.09810278, 33.62795166], [134.09818361, 33.628025], [134.09828444, 33.62814333], [134.098345, 33.62819972], [134.09846639, 33.62828444], [134.09881638, 33.62849861], [134.09891083, 33.62856584], [134.09895806, 33.62862806], [134.09895111, 33.62870695], [134.09891083, 33.62876889], [134.09890417, 33.62881389], [134.09893777, 33.62886472], [134.09918694, 33.62898861], [134.09928805, 33.62908445], [134.09934194, 33.62919722], [134.09939583, 33.62924806], [134.0995775, 33.62934944], [134.09968722, 33.6294275], [134.09971222, 33.62944528], [134.09979306, 33.62952416], [134.09986722, 33.62965945], [134.0998875, 33.62980611], [134.10000861, 33.63008806], [134.10034555, 33.630415], [134.10038583, 33.630505], [134.10041278, 33.63069111], [134.10046, 33.63083194], [134.10052722, 33.63091111], [134.10062167, 33.63096694], [134.10083723, 33.63105167], [134.1008775, 33.63109667], [134.1008775, 33.6311475], [134.10078334, 33.63122639], [134.10076973, 33.63125445], [134.10076973, 33.63137306], [134.10085055, 33.63154194], [134.10087083, 33.63162111], [134.10087083, 33.63190278], [134.10089111, 33.63202694], [134.10089111, 33.63233139], [134.10085722, 33.63248917], [134.10082362, 33.63257917], [134.10067556, 33.63278222], [134.1005475, 33.63288944], [134.10024444, 33.63297389], [134.10016361, 33.63303583], [134.10002222, 33.63306416], [134.09972583, 33.63305833], [134.0995575, 33.6329625], [134.09938222, 33.63280472], [134.09932833, 33.63274834], [134.09925444, 33.63270334], [134.09902528, 33.63263555], [134.09890417, 33.63263555], [134.09885695, 33.63266945], [134.09876278, 33.63285], [134.09872222, 33.63301333], [134.09872222, 33.63310916], [134.09872889, 33.63314861], [134.09889722, 33.63328945], [134.09885695, 33.63336861], [134.09878278, 33.63346972], [134.0987425, 33.63358805], [134.0987425, 33.63377972], [134.09875583, 33.63395445], [134.09872889, 33.63401083], [134.09862805, 33.63411222], [134.09844611, 33.63423639], [134.09829111, 33.63432084], [134.09794777, 33.63443361], [134.09784, 33.63448444], [134.09743584, 33.63463083], [134.0972875, 33.63470973], [134.09719362, 33.63479445], [134.09715305, 33.63487889], [134.09712612, 33.63516083], [134.09708584, 33.63526222], [134.09705222, 33.63531861], [134.09698472, 33.63543695], [134.09695111, 33.63557222], [134.09694445, 33.63574694], [134.09697139, 33.63582611], [134.09705889, 33.63592167], [134.09705083, 33.63598417], [134.09704167, 33.6360575], [134.09693777, 33.63610194], [134.09679695, 33.63608083], [134.096675, 33.6360625], [134.096675, 33.63589334], [134.09673556, 33.63562305], [134.09680972, 33.63547083], [134.09685, 33.63538056], [134.0969175, 33.63526222], [134.09697806, 33.63504806], [134.09697139, 33.6348225], [134.09693777, 33.63462528], [134.09697806, 33.63451806], [134.09702528, 33.63446194], [134.09707916, 33.63441667], [134.09724083, 33.63436611], [134.09738195, 33.63433777], [134.09767167, 33.634225], [134.09777917, 33.63416861], [134.09784, 33.63412917], [134.09825083, 33.63376834], [134.09833167, 33.63366694], [134.09835861, 33.63359944], [134.09835861, 33.63346417], [134.09833167, 33.63327833], [134.09833833, 33.63300778], [134.09837195, 33.63283306], [134.09843945, 33.6326525], [134.09852695, 33.63250611], [134.098655, 33.63237083], [134.09879639, 33.63224111], [134.09894445, 33.63214528], [134.09901861, 33.63211694], [134.09911278, 33.63212834], [134.09932833, 33.63224111], [134.09943611, 33.63226361], [134.09957084, 33.63223556], [134.099645, 33.63219028], [134.09969889, 33.63211139], [134.09969889, 33.63199862], [134.09961139, 33.63175056], [134.09950361, 33.63152528], [134.09942945, 33.63141806], [134.09913305, 33.63117], [134.09895111, 33.63096723], [134.09891083, 33.63089417], [134.09886361, 33.63075889], [134.0987425, 33.63059527], [134.09860778, 33.63044862], [134.09849334, 33.63025695], [134.09842584, 33.63012166], [134.09837362, 33.63006222], [134.0982575, 33.62993], [134.09819694, 33.62975528], [134.09809583, 33.62968222], [134.09809583, 33.62955805], [134.09810944, 33.62954111], [134.09812278, 33.62935528], [134.09807555, 33.62915777], [134.09800195, 33.62905639], [134.09786028, 33.62891555], [134.09761805, 33.6287125], [134.09738222, 33.62853806], [134.09711278, 33.62841389], [134.09699166, 33.62832944], [134.09664805, 33.62801389], [134.09647972, 33.62792361], [134.09635167, 33.62785028], [134.09630445, 33.62782778], [134.09626417, 33.62778833], [134.09621028, 33.627715], [134.09611583, 33.62764167], [134.09584667, 33.62751222], [134.09573195, 33.62743305], [134.09573195, 33.6273825], [134.09580611, 33.62731472], [134.096035, 33.62715694], [134.09609583, 33.62706111], [134.09612944, 33.62691444], [134.09618333, 33.62684694], [134.09633139, 33.62676805], [134.09644611, 33.62673417], [134.09647972, 33.62670028], [134.09645945, 33.62666638], [134.09644611, 33.62665528], [134.09629111, 33.62664388], [134.09621694, 33.62662695], [134.09612278, 33.62657638], [134.09599473, 33.62643528], [134.09590056, 33.62640166], [134.09581277, 33.62632278], [134.09579278, 33.62624944], [134.09576583, 33.62622694], [134.09558389, 33.62622111], [134.09553, 33.62617056], [134.09548944, 33.62607472], [134.09550973, 33.625945], [134.09549639, 33.62591111], [134.09545583, 33.62586055], [134.09526083, 33.62578723], [134.09518, 33.62574194], [134.09510583, 33.6256575], [134.09506555, 33.62558417], [134.09499805, 33.62542084], [134.09496445, 33.62537], [134.09490389, 33.62533055], [134.09487695, 33.62531917], [134.09474888, 33.62530222], [134.09457389, 33.62529667], [134.09441889, 33.62527417], [134.09429111, 33.62526861], [134.09414944, 33.62530805], [134.09407555, 33.62531361], [134.0939475, 33.62519528], [134.09386416, 33.62513444], [134.09388223, 33.62511444], [134.09400805, 33.62509389], [134.09410917, 33.62506], [134.0942775, 33.62493584], [134.09440556, 33.62492472], [134.0944525, 33.62490222], [134.09451334, 33.62485722], [134.09453333, 33.62480666], [134.09453333, 33.62468805], [134.09449973, 33.62459805], [134.094365, 33.62450222], [134.09435167, 33.62445695], [134.094365, 33.62435555], [134.09435167, 33.62429916], [134.09423917, 33.62416028], [134.09422361, 33.62414139], [134.09423028, 33.62403417], [134.09433806, 33.62390472], [134.09438527, 33.62382], [134.09441222, 33.62369611], [134.09452667, 33.623555], [134.09464805, 33.62336916], [134.094695, 33.6232675], [134.09472194, 33.62325084], [134.09496445, 33.62323944], [134.09504528, 33.6231775], [134.09510583, 33.62310417], [134.0952675, 33.62280528], [134.09528778, 33.62278278], [134.09532138, 33.62278278], [134.09537527, 33.62287306], [134.09544277, 33.62319444], [134.09547639, 33.6232675], [134.09582639, 33.62354944], [134.09590722, 33.62362278], [134.09598805, 33.62362278], [134.09602166, 33.62358889], [134.09605528, 33.623465], [134.09610917, 33.62342556], [134.09614972, 33.62342556], [134.09623056, 33.62345917], [134.09627083, 33.62348194], [134.096345, 33.62354944], [134.09646611, 33.62372417], [134.0965875, 33.62382584], [134.09696472, 33.62404556], [134.09712612, 33.62417528], [134.09725417, 33.62423723], [134.09741583, 33.62427666], [134.09747639, 33.62428223], [134.09755723, 33.62433861], [134.09770555, 33.62451917], [134.09782667, 33.62462611], [134.09792778, 33.62467139], [134.09804889, 33.62469389], [134.09843278, 33.624705], [134.09857445, 33.62475028], [134.09872917, 33.62482334], [134.09911305, 33.62511667], [134.09946306, 33.62535305], [134.0995775, 33.625415], [134.09965833, 33.62551084], [134.09971916, 33.62565194], [134.09977305, 33.62582666], [134.09982694, 33.6259225], [134.09996833, 33.62603528], [134.10002222, 33.62604639], [134.10023083, 33.62606333], [134.10034555, 33.62609167], [134.10083028, 33.62628333], [134.100945, 33.62632278], [134.10109306, 33.62635083], [134.1012075, 33.62634528], [134.10134889, 33.62630583], [134.10153083, 33.6262325], [134.10161167, 33.62621], [134.10187417, 33.62619889], [134.10201583, 33.62619306], [134.10214389, 33.62615361], [134.10221777, 33.62611972], [134.10237944, 33.62602945], [134.10248055, 33.62595055], [134.10256139, 33.62575889], [134.10255472, 33.6256575], [134.10250083, 33.62553334], [134.10236611, 33.62536444], [134.10236611, 33.62530805], [134.1025075, 33.62519555], [134.1025075, 33.62512222], [134.10241305, 33.62481778], [134.10237278, 33.62475584], [134.10229195, 33.62466555], [134.10227834, 33.62455278], [134.10220445, 33.62436695], [134.10222445, 33.62431055], [134.10225833, 33.62429361], [134.10231222, 33.62429916], [134.10241305, 33.62436111], [134.10250083, 33.62438945], [134.10261528, 33.62437805], [134.1026625, 33.62435], [134.10274306, 33.62425416], [134.1028375, 33.62411889], [134.10284416, 33.62402306], [134.10282389, 33.62398361], [134.10233916, 33.623555], [134.10222445, 33.62342556], [134.10219084, 33.62339166], [134.10215056, 33.62331278], [134.10217056, 33.62321139], [134.10225139, 33.62310972], [134.10229195, 33.62303638], [134.10238611, 33.62274889], [134.10238611, 33.6226025], [134.10232555, 33.62244472], [134.1023525, 33.6223825], [134.10240639, 33.62234889], [134.102595, 33.62234305], [134.10277695, 33.62237139], [134.10302612, 33.62239389], [134.10329556, 33.62238833], [134.10349084, 33.62235445], [134.10359862, 33.622315], [134.10369278, 33.62221389], [134.10370639, 33.62201083], [134.1038075, 33.62172889], [134.10382083, 33.62162194], [134.10387472, 33.62152612], [134.10396889, 33.62144138], [134.10404305, 33.62130056], [134.10409694, 33.62126666], [134.10421111, 33.62126666], [134.10425834, 33.62127806], [134.10437278, 33.62127806], [134.10446723, 33.62125556], [134.10462194, 33.62118222], [134.10472306, 33.62114834], [134.10477695, 33.62111444], [134.10488472, 33.620985], [134.10493861, 33.62093972], [134.10515417, 33.62086083], [134.10526195, 33.62077639], [134.1053225, 33.62069166], [134.10541695, 33.62059583], [134.105565, 33.62051694], [134.10562556, 33.62045499], [134.10562556, 33.62033111], [134.10557833, 33.62028584], [134.10554278, 33.62025777], [134.10543139, 33.62021361], [134.10517444, 33.62021834], [134.10501944, 33.620145], [134.10491166, 33.62011111], [134.10463556, 33.62009972], [134.10438, 33.62003222], [134.10423167, 33.62001528], [134.10390834, 33.61991389], [134.10382083, 33.61986306], [134.10371306, 33.61968834], [134.1036525, 33.61963194], [134.10361889, 33.61962084], [134.10357833, 33.61963194], [134.10350167, 33.61967333], [134.10344694, 33.6196775], [134.10343028, 33.6196375], [134.10345028, 33.61943472], [134.10346389, 33.61936695], [134.10345028, 33.61929945], [134.10322138, 33.61904028], [134.10318111, 33.61896139], [134.10311361, 33.61887694], [134.10298555, 33.61875861], [134.10279695, 33.61865139], [134.10275667, 33.61860639], [134.10276334, 33.61855], [134.10279695, 33.61852167], [134.10291834, 33.61847111], [134.10294528, 33.61837528], [134.10302612, 33.61831306], [134.10309333, 33.61825667], [134.10310694, 33.61807084], [134.10314056, 33.61803694], [134.10338305, 33.61793555], [134.10350417, 33.61785083], [134.10370639, 33.61777778], [134.10394194, 33.617665], [134.10407, 33.61763666], [134.10411777, 33.617635], [134.10441361, 33.61762556], [134.1044875, 33.61759722], [134.10450111, 33.61755778], [134.1044875, 33.61749584], [134.10441361, 33.61741111], [134.10427889, 33.61733222], [134.10407667, 33.61727028], [134.10394194, 33.61726472], [134.10377361, 33.61723639], [134.10363222, 33.61719139], [134.10351778, 33.61712945], [134.10333584, 33.61697723], [134.10327527, 33.61693778], [134.10311361, 33.6168475], [134.10298555, 33.61681944], [134.10264888, 33.61681944], [134.10243333, 33.61677417], [134.10219084, 33.61670084], [134.10204944, 33.616605], [134.10194167, 33.61656], [134.10177334, 33.61656], [134.10168583, 33.616605], [134.10149722, 33.61676861], [134.1013625, 33.61686444], [134.10115361, 33.61696583], [134.10094528, 33.61704473], [134.10081056, 33.61709], [134.10058138, 33.61712945], [134.10035917, 33.61715195], [134.10023111, 33.61718], [134.10017056, 33.61720833], [134.09990805, 33.61741111], [134.09981361, 33.61747334], [134.09961167, 33.61756334], [134.09942305, 33.61762556], [134.099295, 33.61768195], [134.09917389, 33.61776083], [134.09898528, 33.61791862], [134.09886389, 33.61791862], [134.09870916, 33.61777778], [134.09861472, 33.61772695], [134.09850028, 33.61772695], [134.09837888, 33.61778333], [134.09831167, 33.61778888], [134.09827111, 33.61771556], [134.09818361, 33.61753528], [134.097995, 33.6173775], [134.097975, 33.61733806], [134.09793445, 33.61721389], [134.09776612, 33.61673472], [134.09770555, 33.61661639], [134.09759111, 33.61643028], [134.09753028, 33.61635722], [134.09739556, 33.61630639], [134.09703195, 33.61630639], [134.09693111, 33.61633445], [134.09677639, 33.61646417], [134.09666861, 33.61663334], [134.09660111, 33.61670667], [134.09657416, 33.61671777], [134.09649334, 33.61670084], [134.0963925, 33.61661639], [134.09636556, 33.61659389], [134.09635861, 33.61645305], [134.09637889, 33.61641917], [134.09646639, 33.61636278], [134.09652027, 33.61630639], [134.09653389, 33.61605834], [134.09660778, 33.61601334], [134.0967425, 33.61592889], [134.09680333, 33.61586139], [134.09681, 33.61574861], [134.09678305, 33.61570333], [134.09672917, 33.61565278], [134.09660778, 33.61561333], [134.09649416, 33.6155525], [134.09649695, 33.6155375], [134.09652722, 33.6155175], [134.09668861, 33.61548361], [134.0967225, 33.61544416], [134.0967225, 33.61539916], [134.09664834, 33.6152525], [134.09660111, 33.61510584], [134.09658777, 33.6149425], [134.09656084, 33.61490305], [134.09645972, 33.61485222], [134.09633862, 33.61477889], [134.09622389, 33.61466056], [134.09610278, 33.61471139], [134.09597472, 33.61480139], [134.09573222, 33.61490861], [134.09563805, 33.61502695], [134.09567833, 33.61512277], [134.09567833, 33.61517917], [134.09563805, 33.61522444], [134.09538888, 33.61536528], [134.09511944, 33.61548361], [134.09482972, 33.6155625], [134.09451334, 33.61557945], [134.09431111, 33.61561889], [134.09417639, 33.61566389], [134.09412944, 33.61570333], [134.09406861, 33.61581055], [134.09401472, 33.61587834], [134.09367806, 33.61617111], [134.09362417, 33.61617666], [134.09355, 33.61612584], [134.09342222, 33.61597972], [134.09336139, 33.61595139], [134.09314611, 33.61595139], [134.09286973, 33.61604166], [134.09252639, 33.61616556], [134.0922775, 33.61622166], [134.09202139, 33.6162725], [134.09171833, 33.61631195], [134.09152305, 33.61628389], [134.09136805, 33.6162275], [134.09115944, 33.61612611], [134.09086305, 33.61588389], [134.09080916, 33.61582194], [134.09072361, 33.61574361], [134.09059833, 33.61572416], [134.09048583, 33.61577111], [134.09036473, 33.61585], [134.09017611, 33.61592889], [134.09000083, 33.61593472], [134.08978528, 33.61588389], [134.08967445, 33.61582583], [134.08978528, 33.615805], [134.08998056, 33.61579917], [134.09010195, 33.6157825], [134.09020306, 33.61574861], [134.09028389, 33.61569222], [134.09032416, 33.61564722], [134.09033778, 33.61561333], [134.09038055, 33.61552972], [134.09041833, 33.61545556], [134.0904925, 33.61539333], [134.09053972, 33.61533694], [134.09055444, 33.615205], [134.09074861, 33.61538223], [134.0908025, 33.61546666], [134.09095055, 33.61564139], [134.09107861, 33.61574861], [134.09115944, 33.615805], [134.09128722, 33.61585555], [134.09153639, 33.61591194], [134.0917925, 33.61591778], [134.09204167, 33.61588944], [134.09230611, 33.61582138], [134.09254667, 33.61572028], [134.09270139, 33.61562445], [134.09284972, 33.61555139], [134.0929775, 33.61550611], [134.09355, 33.61548361], [134.09377917, 33.61544973], [134.09390028, 33.61538778], [134.09409556, 33.61530889], [134.09456028, 33.61524694], [134.09477583, 33.61519611], [134.09487027, 33.61515667], [134.09495111, 33.61508889], [134.095005, 33.61499889], [134.09503195, 33.61485222], [134.09507223, 33.61472833], [134.09513278, 33.614655], [134.09519362, 33.6146325], [134.0952475, 33.61459861], [134.09522722, 33.61451417], [134.09524056, 33.61445778], [134.09530139, 33.61440694], [134.09536195, 33.61438444], [134.09553028, 33.61437305], [134.09555722, 33.61435055], [134.0955775, 33.6143225], [134.0955775, 33.61419833], [134.09555055, 33.61413083], [134.09536861, 33.61392222], [134.09537527, 33.61388278], [134.09541583, 33.61384333], [134.09553694, 33.61382639], [134.09565834, 33.61377], [134.09584694, 33.61361778], [134.09614305, 33.61342611], [134.09621055, 33.61334723], [134.09625778, 33.61318361], [134.09633862, 33.61309917], [134.09644528, 33.61303584], [134.09654722, 33.61299806], [134.09662139, 33.61291889], [134.09663473, 33.61285694], [134.096655, 33.61262583], [134.09667528, 33.61255833], [134.09676278, 33.61242306], [134.09678305, 33.61236666], [134.09678305, 33.61231028], [134.09671555, 33.61218611], [134.09670778, 33.61196], [134.09672222, 33.61184861], [134.09685666, 33.61197389], [134.09705917, 33.61212945], [134.097115, 33.61221584], [134.09710639, 33.61230444], [134.09703222, 33.6124625], [134.09699194, 33.61263139], [134.09695806, 33.61270472], [134.09684361, 33.6128175], [134.09678972, 33.61289639], [134.09675611, 33.61300917], [134.09673583, 33.6132175], [134.096655, 33.61361222], [134.09664834, 33.61382056], [134.09668861, 33.61395583], [134.09679639, 33.61408556], [134.09735528, 33.61453667], [134.09743611, 33.61461556], [134.09750334, 33.61472833], [134.09751695, 33.61477333], [134.09751695, 33.61489167], [134.09753722, 33.61497639], [134.09752361, 33.61505527], [134.09752361, 33.61515667], [134.09757084, 33.61526389], [134.09761111, 33.61531444], [134.09774583, 33.61540473], [134.0979075, 33.61544416], [134.0982375, 33.61552861], [134.09837222, 33.61559639], [134.09844638, 33.61564722], [134.09854056, 33.61573722], [134.09859445, 33.61581055], [134.09877639, 33.61608639], [134.0988775, 33.61621611], [134.09899861, 33.61630639], [134.0990525, 33.6163175], [134.09917389, 33.6163175], [134.09934889, 33.61625], [134.099625, 33.61611472], [134.09994167, 33.61602472], [134.10001556, 33.61598528], [134.10013695, 33.615805], [134.10029195, 33.61562445], [134.10030528, 33.61553445], [134.10027834, 33.61546111], [134.10018417, 33.61532028], [134.10016389, 33.61526944], [134.10021111, 33.61519056], [134.10030528, 33.61515111], [134.10046694, 33.61506084], [134.10073639, 33.61480139], [134.10090277, 33.61461778], [134.10090473, 33.61461556], [134.10099917, 33.61449139], [134.10102611, 33.61448584], [134.10106639, 33.61448584], [134.1011675, 33.61457027], [134.10123472, 33.61457611], [134.10131528, 33.61455917], [134.10159806, 33.61454222], [134.10167889, 33.61452528], [134.10176666, 33.61446889], [134.10178388, 33.61442805], [134.10177334, 33.61439555], [134.10175305, 33.61437305], [134.1016925, 33.61433917], [134.10152417, 33.61428278], [134.10145667, 33.61424333], [134.10139612, 33.61417028], [134.10133555, 33.61396722], [134.10127361, 33.61384472], [134.1011675, 33.61370806], [134.1011675, 33.61364583], [134.10119445, 33.61361778], [134.1015175, 33.61353305], [134.10158472, 33.61349361], [134.10161833, 33.61345416], [134.10163195, 33.61339778], [134.10155111, 33.61333583], [134.10141, 33.61326861], [134.10123472, 33.61322333], [134.10117417, 33.61319528], [134.1011875, 33.61316139], [134.10133584, 33.61313333], [134.10147694, 33.61309389], [134.10155111, 33.61302611], [134.10165195, 33.61288527], [134.10173278, 33.612795], [134.10178666, 33.61275], [134.10184055, 33.61275], [134.10188778, 33.6127725], [134.10190583, 33.61281222], [134.10191472, 33.61301472], [134.10198222, 33.61306556], [134.10214389, 33.61308806], [134.10220445, 33.61311639], [134.10226556, 33.61315944], [134.10229195, 33.61319528], [134.10234584, 33.61321223], [134.10252778, 33.61320639], [134.10258167, 33.61317833], [134.10269611, 33.61302611], [134.10277, 33.61295834], [134.10282389, 33.61293584], [134.10291166, 33.61293584], [134.10309333, 33.61309944], [134.10315417, 33.61313333], [134.10322806, 33.61313333], [134.10326861, 33.61311056], [134.10336944, 33.61298111], [134.10343694, 33.61293584], [134.10348416, 33.61292472], [134.10363222, 33.61291889], [134.10379389, 33.61295834], [134.10388805, 33.61302056], [134.1039825, 33.61317278], [134.10407667, 33.61324028], [134.10417111, 33.61326861], [134.1044675, 33.61327417], [134.1047975, 33.61329111], [134.10497916, 33.61329111], [134.10520833, 33.61326861], [134.10534306, 33.61318389], [134.10539028, 33.61305417], [134.10553166, 33.61285139], [134.10555861, 33.61278944], [134.10553166, 33.61269917], [134.105545, 33.61260889], [134.10565278, 33.61252445], [134.10580112, 33.61244556], [134.10589528, 33.61234972], [134.10596945, 33.61220861], [134.10607694, 33.61208472], [134.1061375, 33.61204528], [134.10642027, 33.61190445], [134.10660223, 33.61177473], [134.10666278, 33.61166194], [134.10658194, 33.61154917], [134.10633278, 33.61134055], [134.10620472, 33.61129555], [134.10613083, 33.61125611], [134.10598972, 33.61107556], [134.10592222, 33.61095166], [134.10590889, 33.61063028], [134.105875, 33.61050638], [134.10579417, 33.61035445], [134.10569334, 33.61023611], [134.10566639, 33.61018528], [134.10568639, 33.610095], [134.1057, 33.60988639], [134.10570667, 33.60988639], [134.10574723, 33.60984695], [134.10590166, 33.60983583], [134.10593556, 33.60980195], [134.10592861, 33.60970611], [134.10588833, 33.60958778], [134.10588833, 33.60950889], [134.1059625, 33.60938472], [134.10621167, 33.60918194], [134.10637333, 33.60899583], [134.10642722, 33.60897888], [134.10651056, 33.60896889], [134.10656861, 33.60896195], [134.10666278, 33.60892833], [134.10679083, 33.60884361], [134.10706028, 33.60857306], [134.10710055, 33.60853917], [134.10724194, 33.60842639], [134.1072825, 33.60840972], [134.10733639, 33.60836445], [134.10732972, 33.60830805], [134.1072825, 33.60825166], [134.10714778, 33.60815583], [134.10708056, 33.60809389], [134.10704666, 33.60802056], [134.10697277, 33.60793611], [134.10689194, 33.60789111], [134.1067975, 33.60788527], [134.10644056, 33.6079475], [134.10631944, 33.60794167], [134.10629917, 33.60791917], [134.10629251, 33.60790222], [134.10632611, 33.60778945], [134.10635972, 33.60771611], [134.10642722, 33.60765417], [134.10660223, 33.60759778], [134.10676389, 33.60752444], [134.10693222, 33.60746833], [134.10718139, 33.60746833], [134.10729583, 33.60744], [134.10731611, 33.60742306], [134.10730278, 33.60733306], [134.10726889, 33.60725389], [134.10726222, 33.60702305], [134.10722862, 33.606995], [134.10717473, 33.60698944], [134.10710055, 33.6070175], [134.10695916, 33.60701194], [134.10683111, 33.60697805], [134.10664944, 33.60697805], [134.10652805, 33.60700612], [134.10643389, 33.60700055], [134.10634639, 33.60696111], [134.10621833, 33.60688778], [134.10609028, 33.60686528], [134.10596916, 33.60685972], [134.10588167, 33.60683138], [134.10574694, 33.60674695], [134.10536333, 33.60642556], [134.10504666, 33.60621139], [134.10499945, 33.60614389], [134.10499945, 33.60600861], [134.10501306, 33.60592389], [134.10500611, 33.60589583], [134.104885, 33.60581111], [134.10475694, 33.60566472], [134.10471667, 33.60558], [134.10471667, 33.60549], [134.10478388, 33.60539972], [134.10479083, 33.60533195], [134.10474361, 33.60521361], [134.10473694, 33.60514028], [134.10475028, 33.6049825], [134.10493222, 33.60497111], [134.10494556, 33.60496], [134.10493222, 33.60490361], [134.10486472, 33.60476278], [134.104885, 33.60471195], [134.10491195, 33.60468389], [134.10526889, 33.60458223], [134.10532945, 33.60453166], [134.10543694, 33.60441306], [134.10561223, 33.60428361], [134.10571306, 33.60426667], [134.1059825, 33.60424972], [134.10605, 33.60423277], [134.10615778, 33.60417084], [134.10635306, 33.6040975], [134.10643389, 33.60408055], [134.10660889, 33.60406945], [134.10661805, 33.60406527], [134.10669639, 33.60402972], [134.10674361, 33.60400167], [134.10685138, 33.60399611], [134.10691195, 33.60402417], [134.10697277, 33.60402417], [134.10705361, 33.60397361], [134.10712084, 33.60389445], [134.10718139, 33.6037425], [134.10718139, 33.60362416], [134.10714111, 33.60352834], [134.10714778, 33.6034325], [134.10722194, 33.60337055], [134.10733639, 33.60332555], [134.10736333, 33.60328028], [134.10735667, 33.60320139], [134.10730944, 33.6030775], [134.10729583, 33.60293666], [134.10731611, 33.60285194], [134.10730278, 33.60277861], [134.10716139, 33.60271667], [134.10705361, 33.60269417], [134.10698611, 33.60263777], [134.10695916, 33.60255889], [134.10683806, 33.60248555], [134.10683111, 33.60246305], [134.10689194, 33.60240667], [134.10698611, 33.60235028], [134.10698611, 33.60228833], [134.10690527, 33.60218111], [134.106885, 33.60209666], [134.106865, 33.60191612], [134.10672333, 33.6016175], [134.10671, 33.60144833], [134.10667639, 33.60133556], [134.10668305, 33.60119472], [134.10672333, 33.60109889], [134.10671, 33.60103695], [134.10666278, 33.60095778], [134.1066425, 33.60090167], [134.10667639, 33.60083389], [134.10658194, 33.60067611], [134.10656861, 33.60058584], [134.10660889, 33.60047334], [134.10660889, 33.60041139], [134.10642722, 33.60013528], [134.10639334, 33.60010695], [134.10633278, 33.60012388], [134.10623861, 33.60025917], [134.10607028, 33.60039417], [134.10603639, 33.60043917], [134.10601639, 33.60055194], [134.10591527, 33.60072111], [134.10591556, 33.60094194], [134.10588833, 33.60107055], [134.10590861, 33.60114945], [134.10603639, 33.60127361], [134.10608361, 33.60139194], [134.10607028, 33.60153861], [134.10602973, 33.60170778], [134.10603639, 33.60187667], [134.10607694, 33.60203472], [134.10605666, 33.60210778], [134.10569972, 33.60233333], [134.10561223, 33.60244611], [134.1054775, 33.60266584], [134.10525555, 33.6028575], [134.10515444, 33.6028575], [134.1049525, 33.60277306], [134.10489861, 33.60276167], [134.10464917, 33.6027675], [134.10458194, 33.60279], [134.10434611, 33.60298723], [134.10427222, 33.60302666], [134.10416722, 33.60303167], [134.10414639, 33.60298667], [134.10415749, 33.60289694], [134.10423833, 33.60278444], [134.10442027, 33.60260945], [134.10445389, 33.60255889], [134.10442695, 33.60237278], [134.10439334, 33.6022825], [134.10426528, 33.60218111], [134.104225, 33.60212472], [134.10421139, 33.60193305], [134.10419139, 33.60188805], [134.104105, 33.60180111], [134.104105, 33.60176639], [134.10426528, 33.60165138], [134.10430583, 33.60160056], [134.10427889, 33.60155556], [134.10407667, 33.60141444], [134.10403639, 33.60136389], [134.10401611, 33.60120583], [134.10399583, 33.60114945], [134.10400944, 33.60109333], [134.10402973, 33.60107639], [134.10405666, 33.601065], [134.10425861, 33.60105945], [134.10435972, 33.60097473], [134.10438667, 33.60091278], [134.10438, 33.60086778], [134.10416444, 33.60064777], [134.10412389, 33.60057472], [134.10412389, 33.60048444], [134.10415584, 33.6004175], [134.10417778, 33.60037167], [134.10417778, 33.60029278], [134.10408361, 33.60011222], [134.10401611, 33.60006722], [134.10384111, 33.60005028], [134.10380056, 33.60002778], [134.10375361, 33.59994889], [134.10369972, 33.59980222], [134.10364583, 33.59975722], [134.10353112, 33.59971222], [134.10336944, 33.59967278], [134.10320111, 33.59965], [134.10269611, 33.59965], [134.10262194, 33.59962195], [134.10251417, 33.59952055], [134.10243333, 33.59933444], [134.10236611, 33.59928944], [134.102265, 33.59927806], [134.10218417, 33.59928944], [134.10204278, 33.5993625], [134.10190805, 33.59941333], [134.10182083, 33.59943583], [134.10156472, 33.59952055], [134.10136945, 33.599605], [134.1011675, 33.59974028], [134.10108667, 33.59976278], [134.10105278, 33.59976278], [134.10101917, 33.59974583], [134.10102611, 33.59955416], [134.10098555, 33.59950916], [134.10079695, 33.59940194], [134.10077666, 33.59936833], [134.10079695, 33.59932306], [134.10091834, 33.59932889], [134.10107972, 33.59940194], [134.10114056, 33.59939639], [134.10120111, 33.59935694], [134.10134916, 33.59921611], [134.10145028, 33.59914277], [134.10177361, 33.59900222], [134.10195528, 33.598895], [134.10202917, 33.59879361], [134.10211, 33.59872583], [134.10223139, 33.59869194], [134.10235917, 33.59868083], [134.10242, 33.59865833], [134.10251417, 33.59859611], [134.10256139, 33.59857944], [134.10272972, 33.59857944], [134.10283084, 33.59861306], [134.10294528, 33.59873167], [134.10299917, 33.59875417], [134.10309333, 33.59876528], [134.10326195, 33.59874833], [134.10368611, 33.59875417], [134.10396223, 33.59877667], [134.10423833, 33.59882167], [134.10435972, 33.59886111], [134.10443361, 33.59885555], [134.1044875, 33.59883305], [134.10460223, 33.59872583], [134.10465611, 33.59861306], [134.10468972, 33.59847778], [134.10474361, 33.59839889], [134.10480417, 33.598365], [134.10485138, 33.59835389], [134.10528888, 33.598365], [134.10548416, 33.59832555], [134.10555833, 33.5982975], [134.10586806, 33.5982975], [134.10601639, 33.59826917], [134.10614417, 33.59821278], [134.10617111, 33.59818472], [134.10617195, 33.59817778], [134.106184656554, 33.59808282073227], [134.106004, 33.59808], [134.102008, 33.593089], [134.093833, 33.590553], [134.095803, 33.584208], [134.092209, 33.571465], [134.084147, 33.567582], [134.083216, 33.561009], [134.090082, 33.551267], [134.082075, 33.546888], [134.077869, 33.539284], [134.076866, 33.531819], [134.069116, 33.526888], [134.064442, 33.531341], [134.060128, 33.53133], [134.053112, 33.535409], [134.04104, 33.538856], [134.034188, 33.539396], [134.030794, 33.544573], [134.025674, 33.547069], [134.030428, 33.555174]]], [[[134.10947777, 33.60656666], [134.109405, 33.60663472], [134.10936333, 33.60672445], [134.10933667, 33.60691028], [134.10934361, 33.6070625], [134.10939055, 33.60713028], [134.10965973, 33.6073275], [134.10982806, 33.60754167], [134.10990889, 33.60764861], [134.10997639, 33.60769361], [134.110185, 33.607705], [134.11023223, 33.60771611], [134.11027944, 33.6077725], [134.11034667, 33.60798694], [134.11039389, 33.60811639], [134.11056222, 33.60829695], [134.11071056, 33.60835889], [134.11078444, 33.60837583], [134.11091917, 33.60836445], [134.11107417, 33.60829111], [134.11112138, 33.60822916], [134.11112138, 33.60811083], [134.11110111, 33.60802639], [134.11111472, 33.60791917], [134.11118861, 33.60786277], [134.11134361, 33.60778945], [134.11143112, 33.60776695], [134.11154556, 33.60771055], [134.11160639, 33.60765445], [134.1115725, 33.60759805], [134.11150528, 33.60755305], [134.11114833, 33.60741778], [134.1109125, 33.60736139], [134.11077111, 33.607305], [134.11064972, 33.60724861], [134.11027278, 33.6069725], [134.10994944, 33.60676945], [134.10978778, 33.60663973], [134.10972278, 33.60655389], [134.10964639, 33.60651028], [134.10957222, 33.60651028], [134.10947777, 33.60656666]]]]}, "properties": {"N03_001": "高知県", "N03_002": null, "N03_003": "安芸郡", "N03_004": "馬路村", "N03_005": null, "N03_007": "39306"}}, {"type": "Feature", "geometry": {"type": "Polygon", "coordinates": [[[133.864577, 33.593415], [133.869802, 33.584468], [133.869579, 33.578843], [133.872101, 33.572725], [133.869396, 33.570943], [133.868696, 33.564086], [133.859341, 33.557886], [133.856006, 33.544452], [133.85653, 33.536419], [133.851164, 33.528416], [133.846456, 33.527709], [133.837122, 33.521483], [133.836004, 33.528465], [133.827761, 33.524043], [133.825121, 33.525438], [133.820061, 33.515299], [133.814536, 33.51583], [133.779834, 33.516975], [133.769999, 33.515772], [133.770378, 33.518187], [133.778344, 33.524729], [133.781887, 33.534605], [133.794076, 33.549449], [133.80188, 33.550169], [133.80822, 33.555548], [133.813182, 33.557089], [133.820191, 33.566934], [133.817258, 33.574793], [133.820543, 33.579991], [133.827016, 33.580495], [133.829426, 33.583517], [133.835017, 33.579952], [133.843461, 33.576783], [133.848144, 33.581755], [133.859435, 33.59072], [133.864577, 33.593415]]]}, "properties": {"N03_001": "高知県", "N03_002": null, "N03_003": "安芸郡", "N03_004": "芸西村", "N03_005": null, "N03_007": "39307"}}, {"type": "Feature", "geometry": {"type": "Polygon", "coordinates": [[[133.589143, 33.706158], [133.583379, 33.705644], [133.583932, 33.71196], [133.576979, 33.723166], [133.57229, 33.726947], [133.572426, 33.734606], [133.57631, 33.737869], [133.568735, 33.74841], [133.562888, 33.748523], [133.5508301174098, 33.756536720180165], [133.55097055, 33.75671055], [133.55138444, 33.75717861], [133.55097444, 33.75815222], [133.55084833, 33.7581975], [133.55075389, 33.75827639], [133.55057861, 33.75838916], [133.55049083, 33.75843417], [133.55038278, 33.75846222], [133.55028833, 33.75850167], [133.5501625, 33.75852695], [133.55023222, 33.75859222], [133.55032223, 33.75867639], [133.55040972, 33.75882306], [133.55051778, 33.75891889], [133.55053139, 33.75897528], [133.55052445, 33.75900333], [133.55048389, 33.75906528], [133.55048389, 33.75913306], [133.55049083, 33.759195], [133.55038278, 33.75930223], [133.55027473, 33.75929639], [133.55014667, 33.75925695], [133.54986334, 33.75915], [133.549735, 33.75913306], [133.5496675, 33.7591725], [133.54962722, 33.75921194], [133.54958, 33.75931916], [133.54947889, 33.75951055], [133.54926972, 33.75985972], [133.54923611, 33.75994444], [133.54921583, 33.76011916], [133.54917528, 33.76015306], [133.54909444, 33.76014167], [133.5489325, 33.76001778], [133.548865, 33.7599725], [133.54873, 33.75991056], [133.54854778, 33.75991056], [133.54850056, 33.75991611], [133.54850056, 33.76004583], [133.5483725, 33.76018111], [133.54835889, 33.76020361], [133.54834528, 33.76036139], [133.54829806, 33.76043472], [133.54823084, 33.76048555], [133.54805528, 33.76049111], [133.54798778, 33.76051361], [133.54795417, 33.76057], [133.54792028, 33.76068833], [133.54788667, 33.76075611], [133.54778528, 33.76089694], [133.54771806, 33.76109416], [133.5476775, 33.76116194], [133.54757611, 33.76128583], [133.54770444, 33.76144361], [133.54772472, 33.76147195], [133.54769778, 33.76155639], [133.54764361, 33.76161278], [133.54756945, 33.76165777], [133.547475, 33.76168611], [133.54723222, 33.76173111], [133.547205, 33.7617425], [133.5471175, 33.76175361], [133.54700945, 33.76172555], [133.54698917, 33.76184389], [133.546915, 33.76193945], [133.54687444, 33.7619675], [133.54680028, 33.76198445], [133.54676667, 33.76200695], [133.5468475, 33.76208583], [133.54703639, 33.76222111], [133.54699583, 33.76227195], [133.54688806, 33.76232833], [133.54684084, 33.76239028], [133.54675972, 33.76275666], [133.54670583, 33.76289194], [133.54669917, 33.76300472], [133.54665861, 33.76311167], [133.54656416, 33.76321889], [133.54654389, 33.76326389], [133.54655056, 33.76333722], [133.54665194, 33.76352333], [133.546645, 33.76365278], [133.54662472, 33.76377111], [133.54658444, 33.76387278], [133.54644945, 33.76403056], [133.54642917, 33.76406389], [133.54624694, 33.76421611], [133.54600417, 33.76437972], [133.54593528, 33.76440611], [133.54591639, 33.76441333], [133.54580833, 33.76440778], [133.54575444, 33.76439083], [133.54567361, 33.76435139], [133.54560611, 33.76435139], [133.54549806, 33.76441917], [133.54544417, 33.76443028], [133.54536305, 33.76443028], [133.5452310384812, 33.76435678602072], [133.549097, 33.772814], [133.545819, 33.781286], [133.538804, 33.791382], [133.534363, 33.794076], [133.532978, 33.806617], [133.52914, 33.808538], [133.529764, 33.813848], [133.523769, 33.819347], [133.522744, 33.823036], [133.515517, 33.825652], [133.507931, 33.835872], [133.506532, 33.839903], [133.509689, 33.848259], [133.518105, 33.847335], [133.522518, 33.852235], [133.526354, 33.853661], [133.526391, 33.862111], [133.53624, 33.866095], [133.535918, 33.871482], [133.543926, 33.878824], [133.549906, 33.88199], [133.557114, 33.882156], [133.562183, 33.875335], [133.565699, 33.875029], [133.571111, 33.87028], [133.583034, 33.86765], [133.580043, 33.855927], [133.583755, 33.851866], [133.581946, 33.844072], [133.586219, 33.837049], [133.599707, 33.828925], [133.60788, 33.830383], [133.613295, 33.829082], [133.623279, 33.822608], [133.625976, 33.816468], [133.633406, 33.813963], [133.635598, 33.809049], [133.634468, 33.804636], [133.636892, 33.799778], [133.633265, 33.792233], [133.629053, 33.790915], [133.627166, 33.787345], [133.630295, 33.782662], [133.631466, 33.775625], [133.636291, 33.773451], [133.635936, 33.770337], [133.641492, 33.764497], [133.640422, 33.759244], [133.643231, 33.7564], [133.638217, 33.744415], [133.642776, 33.739754], [133.642533, 33.736076], [133.637527, 33.731325], [133.637147, 33.72672], [133.639599, 33.721404], [133.634376, 33.716982], [133.629037, 33.714871], [133.621486, 33.714406], [133.618649, 33.710438], [133.612302, 33.707981], [133.604338, 33.703035], [133.59669, 33.701807], [133.589143, 33.706158]]]}, "properties": {"N03_001": "高知県", "N03_002": null, "N03_003": "長岡郡", "N03_004": "本山町", "N03_005": null, "N03_007": "39341"}}, {"type": "Feature", "geometry": {"type": "Polygon", "coordinates": [[[133.873514, 33.805923], [133.870556, 33.804031], [133.869101, 33.796929], [133.860984, 33.786907], [133.853762, 33.78434], [133.854443, 33.775089], [133.842596, 33.773677], [133.831554, 33.762459], [133.832167, 33.75563], [133.823584, 33.754277], [133.815955, 33.74417], [133.810582, 33.749256], [133.798804, 33.742661], [133.791121, 33.733606], [133.786558, 33.731587], [133.78443, 33.724398], [133.776076, 33.725322], [133.771287, 33.733388], [133.754686, 33.732289], [133.744135, 33.725477], [133.736654, 33.72181], [133.735647, 33.712026], [133.730296, 33.709429], [133.722305, 33.702434], [133.712417, 33.696925], [133.703555, 33.694568], [133.7019, 33.690427], [133.691075, 33.683755], [133.685684, 33.684412], [133.679588, 33.692528], [133.674434, 33.697266], [133.665471, 33.701026], [133.65697, 33.706963], [133.653494, 33.712475], [133.649172, 33.713112], [133.646326, 33.716907], [133.639599, 33.721404], [133.637147, 33.72672], [133.637527, 33.731325], [133.642533, 33.736076], [133.642776, 33.739754], [133.638217, 33.744415], [133.643231, 33.7564], [133.640422, 33.759244], [133.641492, 33.764497], [133.635936, 33.770337], [133.636291, 33.773451], [133.631466, 33.775625], [133.630295, 33.782662], [133.627166, 33.787345], [133.629053, 33.790915], [133.633265, 33.792233], [133.636892, 33.799778], [133.634468, 33.804636], [133.635598, 33.809049], [133.633406, 33.813963], [133.625976, 33.816468], [133.623279, 33.822608], [133.613295, 33.829082], [133.60788, 33.830383], [133.599707, 33.828925], [133.586219, 33.837049], [133.581946, 33.844072], [133.583755, 33.851866], [133.580043, 33.855927], [133.583034, 33.86765], [133.585494, 33.870978], [133.592888, 33.875362], [133.596227, 33.879821], [133.611092, 33.880751], [133.617364, 33.8766], [133.627308, 33.872031], [133.629543, 33.872737], [133.635252, 33.880199], [133.644069, 33.883026], [133.661388, 33.881251], [133.66291, 33.870345], [133.666411, 33.866011], [133.671774, 33.864989], [133.677695, 33.858539], [133.680811, 33.859512], [133.687302, 33.856528], [133.694859, 33.856277], [133.701736, 33.849791], [133.707598, 33.851682], [133.719469, 33.849279], [133.728951, 33.85108], [133.740184, 33.847779], [133.740817, 33.842872], [133.748236, 33.836771], [133.756226, 33.83643], [133.766843, 33.840282], [133.773281, 33.839883], [133.775773, 33.842297], [133.786713, 33.840843], [133.78858, 33.836244], [133.809024, 33.838031], [133.817773, 33.837321], [133.828488, 33.844749], [133.838695, 33.845167], [133.843912, 33.838132], [133.853523, 33.834602], [133.856869, 33.827907], [133.866367, 33.819217], [133.872496, 33.810158], [133.873514, 33.805923]]]}, "properties": {"N03_001": "高知県", "N03_002": null, "N03_003": "長岡郡", "N03_004": "大豊町", "N03_005": null, "N03_007": "39344"}}, {"type": "Feature", "geometry": {"type": "MultiPolygon", "coordinates": [[[[133.554737, 33.666314], [133.550254, 33.66318], [133.540438, 33.664925], [133.53857, 33.673493], [133.535615, 33.677921], [133.530512, 33.678039], [133.515525, 33.681886], [133.51538, 33.679167], [133.505802, 33.669816], [133.499298, 33.668859], [133.494588, 33.671025], [133.4878, 33.669654], [133.473425, 33.671194], [133.464688, 33.661644], [133.455774, 33.666323], [133.449434, 33.672271], [133.44952, 33.678261], [133.445782, 33.68486], [133.435222, 33.693896], [133.426615, 33.691322], [133.414076, 33.685662], [133.404746, 33.684732], [133.398507, 33.680206], [133.396121, 33.68068], [133.400801, 33.694396], [133.396476, 33.700097], [133.382848, 33.703183], [133.385464, 33.707563], [133.381667, 33.709362], [133.380585, 33.713792], [133.368933, 33.719054], [133.36909, 33.726341], [133.361901, 33.728126], [133.359893, 33.733953], [133.363425, 33.741936], [133.359531, 33.74691], [133.362881, 33.751938], [133.368306, 33.755039], [133.378345, 33.755635], [133.381738, 33.757027], [133.388843, 33.756545], [133.394014, 33.76072], [133.402339, 33.762186], [133.405711, 33.761177], [133.416854, 33.768191], [133.423039, 33.765106], [133.428813, 33.766605], [133.434445, 33.765698], [133.439908, 33.767471], [133.449008, 33.768265], [133.452689, 33.770814], [133.457647, 33.770778], [133.481107, 33.782064], [133.484727, 33.788996], [133.49007667144716, 33.79189869210003], [133.49047195, 33.79165278], [133.49082278, 33.79173723], [133.49099167, 33.79175416], [133.49124805, 33.79174861], [133.491565, 33.79168695], [133.49177417, 33.79163055], [133.49199694, 33.79153472], [133.49223306, 33.79137695], [133.49253666, 33.79114028], [133.49265139, 33.79103306], [133.49281972, 33.79085278], [133.49314361, 33.79055972], [133.49351472, 33.79003], [133.49355528, 33.78992278], [133.49356861, 33.78986111], [133.49354167, 33.78976528], [133.493535, 33.78947778], [133.49347417, 33.7893425], [133.49347417, 33.78928056], [133.49350139, 33.78922417], [133.49352139, 33.78920722], [133.49357556, 33.78921305], [133.49358889, 33.78921861], [133.49365639, 33.78931444], [133.49374417, 33.78937083], [133.49384528, 33.78940444], [133.49400055, 33.78940444], [133.49414889, 33.78934834], [133.49437833, 33.78918472], [133.49454722, 33.78903833], [133.49464167, 33.78892], [133.49473611, 33.78884084], [133.49504639, 33.78876778], [133.49515445, 33.78873389], [133.49535, 33.7886325], [133.49556584, 33.78848028], [133.49578194, 33.78826056], [133.49586944, 33.78819861], [133.49596389, 33.78815334], [133.49603833, 33.7881425], [133.49613278, 33.78820972], [133.4962675, 33.78825472], [133.49642944, 33.78824917], [133.49647667, 33.78823833], [133.49657778, 33.7881875], [133.49685444, 33.7879225], [133.49713111, 33.78769139], [133.49724584, 33.78748861], [133.49734695, 33.78740972], [133.49739417, 33.78738944], [133.49769111, 33.78738944], [133.49779222, 33.78735], [133.49783278, 33.78732194], [133.49800806, 33.787085], [133.49807556, 33.78695555], [133.4980825, 33.78663972], [133.49815667, 33.78647639], [133.49821055, 33.78638611], [133.49823083, 33.78626222], [133.49824445, 33.78614972], [133.49823083, 33.78610472], [133.49823083, 33.7859075], [133.49825111, 33.78586222], [133.49832528, 33.78578333], [133.49832528, 33.78571], [133.49829834, 33.78564806], [133.49821055, 33.78554667], [133.49817139, 33.78551861], [133.498015, 33.78540583], [133.49785306, 33.78534945], [133.49783278, 33.7853325], [133.49783278, 33.78525361], [133.49785972, 33.78512389], [133.49788, 33.78509583], [133.49791361, 33.78507333], [133.49797444, 33.78506195], [133.49817, 33.78509583], [133.4983725, 33.78514639], [133.49843333, 33.78513528], [133.49858166, 33.78507889], [133.49869639, 33.7850675], [133.49912139, 33.7850675], [133.49934417, 33.78507889], [133.49945222, 33.78503389], [133.499715, 33.78489278], [133.50018722, 33.78469], [133.50038972, 33.78452639], [133.50055833, 33.78436861], [133.50082139, 33.78403639], [133.50099028, 33.78387861], [133.50144222, 33.78364194], [133.50150305, 33.78361945], [133.50150972, 33.78360805], [133.50160417, 33.78358555], [133.50200889, 33.78345028], [133.502225, 33.78339389], [133.50249472, 33.78330361], [133.50262305, 33.78323611], [133.50266361, 33.78319666], [133.5027175, 33.78306139], [133.50273111, 33.78293722], [133.50276472, 33.78289778], [133.50285223, 33.78290361], [133.5030275, 33.78296], [133.50308833, 33.78297111], [133.50326361, 33.78296556], [133.50352, 33.78292611], [133.50360194, 33.78292722], [133.50388444, 33.78293166], [133.50423528, 33.7829825], [133.5044175, 33.7829825], [133.50462, 33.78289778], [133.50510583, 33.78266667], [133.50541611, 33.78252055], [133.50546334, 33.78248111], [133.50545667, 33.78241916], [133.50537555, 33.78232889], [133.50513944, 33.78217666], [133.50488972, 33.78205278], [133.50470083, 33.78192306], [133.50451861, 33.78175389], [133.50452555, 33.78171444], [133.50454583, 33.78170333], [133.50476833, 33.78168639], [133.50485611, 33.78166389], [133.50498417, 33.78160167], [133.50511917, 33.78149472], [133.50532167, 33.78125222], [133.50552416, 33.78139889], [133.50565889, 33.78143833], [133.50582083, 33.78146083], [133.50588833, 33.78150028], [133.50593528, 33.78155667], [133.50595556, 33.78164695], [133.50604334, 33.7816975], [133.5061175, 33.7816975], [133.50616472, 33.78164695], [133.506185, 33.78155111], [133.50613778, 33.78141028], [133.50614445, 33.78130306], [133.50619167, 33.78121861], [133.50630639, 33.78109445], [133.50635361, 33.78099306], [133.50632, 33.78090278], [133.50621194, 33.78078444], [133.50621194, 33.78069444], [133.5062525, 33.78064361], [133.50647527, 33.78063805], [133.50654944, 33.78058167], [133.50652917, 33.78049166], [133.50649528, 33.78043528], [133.50648861, 33.78040139], [133.50642805, 33.78016472], [133.50636056, 33.78004084], [133.50615139, 33.77975333], [133.50612445, 33.77973083], [133.5059825, 33.77955056], [133.50595556, 33.77942639], [133.50603666, 33.77942083], [133.50613778, 33.77947722], [133.50622555, 33.77947722], [133.50629306, 33.77937583], [133.5063875, 33.77918972], [133.50644805, 33.77914472], [133.50658306, 33.77914472], [133.50658306, 33.77905444], [133.50650222, 33.77889667], [133.50648861, 33.77875583], [133.50648195, 33.77865417], [133.50644139, 33.77853028], [133.50639417, 33.77844583], [133.50639417, 33.77828778], [133.5064475, 33.77805916], [133.50649528, 33.77785417], [133.50654944, 33.77778083], [133.50662361, 33.77771889], [133.50671805, 33.77771889], [133.50682611, 33.77769639], [133.50686639, 33.77767945], [133.50690028, 33.77762861], [133.5069475, 33.77751028], [133.50700833, 33.77742583], [133.50713639, 33.77731306], [133.50715, 33.77729056], [133.50714306, 33.77725111], [133.50706222, 33.77711584], [133.50704861, 33.77703139], [133.50706222, 33.77699195], [133.50713639, 33.77687334], [133.50718361, 33.77682278], [133.5072175, 33.77680583], [133.50732528, 33.77665361], [133.50737916, 33.77632111], [133.50744, 33.77618583], [133.50755472, 33.77603917], [133.50773028, 33.77589861], [133.5080875, 33.77565639], [133.50831695, 33.77543639], [133.50845194, 33.77532944], [133.50856667, 33.77512639], [133.50868111, 33.77500805], [133.50870139, 33.77496861], [133.50870139, 33.77491222], [133.50867445, 33.77482222], [133.50868805, 33.77472055], [133.50872861, 33.77463611], [133.508715, 33.77456861], [133.50855972, 33.77449528], [133.50853278, 33.77447833], [133.50853278, 33.77438806], [133.50875556, 33.77429806], [133.50880944, 33.77425278], [133.50876889, 33.77419639], [133.50866777, 33.77412889], [133.5085125, 33.77410056], [133.50818194, 33.77408944], [133.50808083, 33.77405], [133.507885, 33.77391472], [133.50749361, 33.77384695], [133.50697445, 33.77382445], [133.50692056, 33.77379055], [133.50722417, 33.77356528], [133.50737916, 33.77350333], [133.50745333, 33.77348056], [133.5076625, 33.77345834], [133.50833028, 33.77331195], [133.50851944, 33.77328917], [133.50876222, 33.773295], [133.50886333, 33.77331195], [133.50897139, 33.77334], [133.509005, 33.7733175], [133.509005, 33.77323305], [133.50897806, 33.77313139], [133.50899167, 33.77295111], [133.50881611, 33.77278195], [133.5087825, 33.77270306], [133.50878083, 33.77266861], [133.50877584, 33.77255667], [133.50873528, 33.772455], [133.50873528, 33.77232555], [133.50880944, 33.77225222], [133.50901194, 33.77226361], [133.50902528, 33.77221834], [133.50897806, 33.772145], [133.50881611, 33.77195917], [133.50880278, 33.77191972], [133.50880278, 33.77181833], [133.50878916, 33.77177889], [133.50874194, 33.77169972], [133.50868111, 33.77163223], [133.5083775, 33.77101805], [133.50836417, 33.77095611], [133.50839111, 33.77088861], [133.50841806, 33.77086583], [133.50849916, 33.77087167], [133.50887695, 33.77102389], [133.50907944, 33.77116472], [133.50921417, 33.77120417], [133.50934916, 33.77120417], [133.50945723, 33.77115333], [133.50953139, 33.77113083], [133.50957861, 33.77109139], [133.50945055, 33.77102945], [133.50943695, 33.77097861], [133.50943695, 33.77078694], [133.50949777, 33.77062917], [133.50958528, 33.77055028], [133.50967945, 33.77048834], [133.50967945, 33.77042639], [133.50941, 33.77020083], [133.50935611, 33.77011639], [133.5093425, 33.77004861], [133.50938306, 33.76997528], [133.509545, 33.76983445], [133.50957834, 33.76976111], [133.50956472, 33.76964861], [133.50951778, 33.76953584], [133.50952472, 33.76947944], [133.50957166, 33.76938917], [133.509585, 33.76928778], [133.50957834, 33.76925972], [133.50952444, 33.76916945], [133.5095175, 33.76893306], [133.50953778, 33.76888778], [133.50963917, 33.76876389], [133.50946389, 33.7686625], [133.50936278, 33.76860611], [133.50932889, 33.76857777], [133.50935611, 33.76851028], [133.50946389, 33.76845944], [133.50960528, 33.7683525], [133.50986166, 33.76805361], [133.50980111, 33.76797472], [133.50959194, 33.76778889], [133.50948389, 33.76764222], [133.50936278, 33.76743945], [133.50933584, 33.76742805], [133.50924139, 33.76741667], [133.50903222, 33.76728722], [133.50875556, 33.76708417], [133.50868111, 33.76699416], [133.50860028, 33.76685889], [133.50858, 33.76672361], [133.50845861, 33.76656], [133.508415, 33.76640306], [133.50848556, 33.76640222], [133.5086475, 33.76641917], [133.50884306, 33.76645861], [133.50893777, 33.76649806], [133.50907944, 33.76658834], [133.5093425, 33.76683056], [133.50948389, 33.76698833], [133.50948389, 33.76700528], [133.50959861, 33.7671575], [133.50989556, 33.76740555], [133.50993583, 33.76742805], [133.51008444, 33.76749583], [133.51036111, 33.76758027], [133.51042861, 33.76758584], [133.51059055, 33.76764222], [133.51086722, 33.76783944], [133.51106945, 33.76792417], [133.51127861, 33.76807056], [133.51140695, 33.76818333], [133.51151472, 33.76834667], [133.51156194, 33.76834667], [133.51183861, 33.76823416], [133.51188583, 33.76821722], [133.51185222, 33.7681325], [133.51185889, 33.76801416], [133.51193305, 33.76789028], [133.5120275, 33.76781139], [133.51258083, 33.76761417], [133.51262139, 33.76756889], [133.51260778, 33.76738305], [133.51248639, 33.76715195], [133.51245945, 33.76703917], [133.51250667, 33.76688695], [133.51252028, 33.76680834], [133.5125675, 33.76663361], [133.51272917, 33.76679694], [133.51272917, 33.76681389], [133.51293833, 33.76699972], [133.51309333, 33.76706167], [133.51320139, 33.76706167], [133.51321472, 33.76705056], [133.51329583, 33.76704472], [133.51344416, 33.76709], [133.51355222, 33.76707889], [133.51363306, 33.76705084], [133.51370056, 33.767], [133.51372778, 33.76693222], [133.51374778, 33.76683667], [133.51374778, 33.76672389], [133.51382556, 33.76660139], [133.5138625, 33.76654334], [133.51391667, 33.76648694], [133.51414611, 33.76639139], [133.51414611, 33.76635167], [133.51401778, 33.76625611], [133.51395694, 33.76617695], [133.51385583, 33.7660925], [133.5138625, 33.76603056], [133.51411223, 33.76588389], [133.51420667, 33.76579944], [133.51442945, 33.765495], [133.51454417, 33.76537667], [133.51467223, 33.76527528], [133.51484778, 33.76519083], [133.51498945, 33.76515695], [133.51521195, 33.76514555], [133.51536056, 33.76510611], [133.51541444, 33.76507806], [133.51551555, 33.76499917], [133.51557639, 33.76490889], [133.51562361, 33.764785], [133.51565056, 33.76461611], [133.51565056, 33.76418778], [133.51571778, 33.76404111], [133.51577167, 33.76403556], [133.51585278, 33.76410306], [133.51593361, 33.76418222], [133.51605528, 33.76426111], [133.51617, 33.76431166], [133.51633861, 33.76434556], [133.51633861, 33.76435111], [133.51637222, 33.76439055], [133.51650722, 33.7646725], [133.51676361, 33.76486972], [133.51691222, 33.76493167], [133.51706722, 33.76497695], [133.51713472, 33.76498806], [133.51741805, 33.76497111], [133.51760694, 33.76491472], [133.51780944, 33.76489222], [133.51800528, 33.76490917], [133.51811972, 33.76492611], [133.51848417, 33.76492611], [133.51868, 33.76486417], [133.51874722, 33.76484722], [133.51890917, 33.76485278], [133.51922611, 33.7649825], [133.51945556, 33.76505], [133.51950278, 33.76506694], [133.51956361, 33.76506139], [133.51956361, 33.76501056], [133.51951639, 33.76494305], [133.51935445, 33.76477944], [133.51930028, 33.76468945], [133.51928, 33.76459361], [133.51916528, 33.76439639], [133.51915195, 33.76430611], [133.51916528, 33.76429472], [133.51918556, 33.76422167], [133.51929361, 33.76414833], [133.51940167, 33.76413139], [133.51973222, 33.76412584], [133.51985361, 33.7640975], [133.51994139, 33.76406361], [133.51999528, 33.76403], [133.52002222, 33.76398472], [133.52003584, 33.76389472], [133.52005333, 33.76386917], [133.52011667, 33.76377639], [133.52030556, 33.76363528], [133.52033944, 33.76358472], [133.52033278, 33.76349445], [133.520245, 33.76326333], [133.52019778, 33.76316194], [133.52020445, 33.76309416], [133.52025167, 33.76304389], [133.52032584, 33.76301], [133.52051472, 33.76285222], [133.52069695, 33.76277333], [133.5207375, 33.76272805], [133.52091306, 33.76258722], [133.52100055, 33.76254778], [133.52118278, 33.76250278], [133.52139861, 33.76247445], [133.52158083, 33.76245778], [133.52171584, 33.76242389], [133.52200584, 33.76228306], [133.52213389, 33.76224917], [133.52233639, 33.76223778], [133.52251166, 33.76226028], [133.52265333, 33.76228861], [133.52317306, 33.76227722], [133.5232675, 33.76225472], [133.52334167, 33.76219277], [133.52337556, 33.762125], [133.52336861, 33.76209694], [133.52332139, 33.76208], [133.52320667, 33.76200667], [133.52305834, 33.76180945], [133.52301111, 33.76170805], [133.52297055, 33.76156139], [133.52296389, 33.76145444], [133.52304472, 33.76128528], [133.52304472, 33.76121778], [133.52289639, 33.76120639], [133.52283556, 33.76115556], [133.52280861, 33.76108806], [133.522775, 33.76078945], [133.52274111, 33.7607275], [133.52246444, 33.76072195], [133.52226889, 33.76064861], [133.52222167, 33.76064306], [133.52207333, 33.76058111], [133.52199889, 33.76051333], [133.521945, 33.76042334], [133.52193139, 33.7603725], [133.52197861, 33.76033306], [133.52208, 33.76031056], [133.52212055, 33.76028222], [133.52208667, 33.76024278], [133.52199889, 33.76018639], [133.52188417, 33.76016944], [133.52176306, 33.76011333], [133.5215, 33.75991028], [133.52139194, 33.75986528], [133.52129083, 33.75984833], [133.52121666, 33.75985945], [133.52105472, 33.75992167], [133.52085222, 33.75990472], [133.52075111, 33.75992167], [133.52058222, 33.75992722], [133.52051472, 33.75989917], [133.52048777, 33.75987639], [133.5204675, 33.75984278], [133.52052833, 33.75976945], [133.52069028, 33.75963416], [133.52073083, 33.75956639], [133.52074417, 33.75951], [133.52070389, 33.75942], [133.52070389, 33.75932972], [133.52075111, 33.75916056], [133.52077111, 33.75894639], [133.52077083, 33.75894444], [133.52073083, 33.75872111], [133.52073083, 33.75864778], [133.52076445, 33.75857445], [133.5208725, 33.75843361], [133.52087916, 33.75836028], [133.52076445, 33.75830389], [133.52067, 33.758225], [133.52055528, 33.75809528], [133.52041361, 33.75813472], [133.52031916, 33.75812917], [133.52011667, 33.75801084], [133.51992777, 33.75792056], [133.51980639, 33.75781361], [133.51976584, 33.75774584], [133.51973889, 33.75761055], [133.51974556, 33.75755445], [133.51980639, 33.75743056], [133.51984694, 33.75730667], [133.51984694, 33.75722194], [133.51979278, 33.757115], [133.51981306, 33.75697972], [133.51980639, 33.75687833], [133.5197525, 33.75683305], [133.51957694, 33.75681055], [133.5194825, 33.7567825], [133.51933417, 33.75670361], [133.51928, 33.75670361], [133.51923278, 33.75673166], [133.51906417, 33.75691778], [133.51894278, 33.75698528], [133.51880111, 33.75703611], [133.51864584, 33.75710361], [133.51859861, 33.75708667], [133.51859861, 33.75703611], [133.51865944, 33.75692889], [133.51868639, 33.75685], [133.51871333, 33.75671472], [133.5187875, 33.75657389], [133.51891583, 33.75639917], [133.51889056, 33.75632667], [133.51881445, 33.75633722], [133.51877417, 33.75633722], [133.51877417, 33.75626944], [133.51891583, 33.75597639], [133.51891583, 33.75588611], [133.51883472, 33.75578472], [133.51869306, 33.75569473], [133.51855139, 33.75552], [133.51838306, 33.75538472], [133.5180725, 33.75520417], [133.51801861, 33.75513667], [133.51799167, 33.75506889], [133.51800528, 33.75502389], [133.51804555, 33.75502389], [133.51821444, 33.75506889], [133.51832222, 33.75507472], [133.51835611, 33.75505778], [133.51838972, 33.75499556], [133.51837611, 33.7546575], [133.51839611, 33.75448833], [133.51839611, 33.75439861], [133.51834917, 33.75435334], [133.51821444, 33.7542575], [133.51800528, 33.75406028], [133.51775555, 33.75388], [133.51746527, 33.75373333], [133.51729666, 33.75364333], [133.51706028, 33.75348195], [133.51699028, 33.75342305], [133.51692889, 33.75333889], [133.51683917, 33.75326], [133.51655611, 33.75309084], [133.51651555, 33.7530625], [133.51646833, 33.75302805], [133.51652917, 33.75302306], [133.51717611, 33.75316417], [133.51733139, 33.75322055], [133.51739194, 33.75326556], [133.51743306, 33.75333889], [133.51752611, 33.75343472], [133.51766778, 33.75349666], [133.51783639, 33.753525], [133.51797139, 33.75356444], [133.5180125, 33.75358333], [133.5183625, 33.75374472], [133.518565, 33.75384611], [133.51888889, 33.75404917], [133.51897639, 33.75412222], [133.51902361, 33.75420111], [133.51904389, 33.75435917], [133.51907083, 33.75506334], [133.51907778, 33.75526056], [133.519125, 33.75529444], [133.51921944, 33.75532834], [133.51938805, 33.75546916], [133.51944889, 33.75548056], [133.51953639, 33.75537889], [133.51966472, 33.75526611], [133.51972555, 33.75518722], [133.51976584, 33.75508028], [133.51988723, 33.75468611], [133.52003584, 33.75475361], [133.52012361, 33.75481556], [133.52015722, 33.75487195], [133.52015722, 33.75510833], [133.52014389, 33.75519861], [133.52014389, 33.75546361], [133.5201775, 33.75557056], [133.52016389, 33.75568333], [133.52010333, 33.75581861], [133.52000889, 33.75588611], [133.52000194, 33.75595944], [133.5200425, 33.75598778], [133.52020445, 33.75604417], [133.52040694, 33.75612861], [133.5207375, 33.75631472], [133.52081861, 33.75639361], [133.52086583, 33.7564725], [133.52089944, 33.75679944], [133.52091972, 33.75689528], [133.52094666, 33.75694028], [133.52102778, 33.75697972], [133.52126389, 33.75699667], [133.52142583, 33.75703611], [133.5215675, 33.75710945], [133.52177666, 33.75729527], [133.5218775, 33.75743611], [133.52196528, 33.757515], [133.52213389, 33.757515], [133.52233639, 33.7574475], [133.52252528, 33.75735722], [133.52263333, 33.75736861], [133.52266028, 33.75741361], [133.52261972, 33.75754889], [133.52249139, 33.7578025], [133.52241722, 33.75783639], [133.52241055, 33.75791528], [133.52245778, 33.75797167], [133.52248472, 33.7580225], [133.52248472, 33.75815778], [133.52246444, 33.75817472], [133.52235667, 33.75821944], [133.52235667, 33.75825334], [133.52242417, 33.75828139], [133.52251695, 33.75835889], [133.52267361, 33.75849], [133.52282222, 33.75864222], [133.52305834, 33.75878305], [133.52322028, 33.75892944], [133.52355083, 33.75920584], [133.52368584, 33.75929583], [133.52378028, 33.75933528], [133.52406361, 33.75939166], [133.52416472, 33.75944806], [133.52423222, 33.75952139], [133.5243875, 33.7600625], [133.5243875, 33.76028805], [133.52440778, 33.76036111], [133.52461028, 33.76073333], [133.52471806, 33.76104333], [133.52477222, 33.76113334], [133.52482611, 33.76118972], [133.52490695, 33.76124028], [133.52511611, 33.76134166], [133.52539278, 33.76151639], [133.52544, 33.76151639], [133.52552111, 33.76149389], [133.52558861, 33.76147695], [133.52581805, 33.76148833], [133.52589222, 33.76146555], [133.52592583, 33.76138666], [133.52593944, 33.7613025], [133.52597305, 33.76121222], [133.52606083, 33.76112778], [133.52618194, 33.76106], [133.52624945, 33.76098111], [133.52635056, 33.76078389], [133.52634389, 33.76073889], [133.52630333, 33.76069944], [133.52631695, 33.76066], [133.5265125, 33.76053028], [133.52635056, 33.76046833], [133.52629, 33.7604175], [133.52630333, 33.7603725], [133.5263575, 33.7603275], [133.52641806, 33.76029917], [133.52651945, 33.76027667], [133.52662056, 33.76022583], [133.52668139, 33.76016389], [133.526715, 33.76010194], [133.52672167, 33.76004555], [133.52669472, 33.76004555], [133.52643833, 33.76000055], [133.52628333, 33.75993861], [133.52623611, 33.75989333], [133.5262225, 33.75985945], [133.5262225, 33.75976945], [133.52628333, 33.75967361], [133.52632361, 33.75963972], [133.52653278, 33.75949889], [133.52680945, 33.75936916], [133.52702556, 33.75930167], [133.52711305, 33.75924527], [133.52709278, 33.75920584], [133.52699166, 33.75914944], [133.52687695, 33.75905361], [133.52684333, 33.75899722], [133.52672861, 33.75877195], [133.52672167, 33.75872139], [133.52678917, 33.75869306], [133.5269175, 33.75867611], [133.52718639, 33.75860389], [133.52733583, 33.75856361], [133.52737639, 33.75851833], [133.52739639, 33.75840556], [133.52742361, 33.75832667], [133.52743694, 33.75823667], [133.52746389, 33.75815194], [133.52752472, 33.75810695], [133.52757194, 33.7581125], [133.52786889, 33.75833805], [133.52791611, 33.75834945], [133.52793639, 33.75833805], [133.52798361, 33.75828722], [133.52801056, 33.75814639], [133.52811861, 33.75797722], [133.52813861, 33.75792083], [133.52815889, 33.75777444], [133.52819278, 33.75771806], [133.52829389, 33.75763916], [133.528395, 33.75761083], [133.5284625, 33.75756028], [133.52840194, 33.7574925], [133.52835472, 33.757425], [133.52834111, 33.75722194], [133.52821973, 33.75701917], [133.52819945, 33.75692889], [133.52822639, 33.75691195], [133.5283075, 33.75687833], [133.52833444, 33.75685], [133.528375, 33.75675417], [133.52845583, 33.75674306], [133.52870556, 33.75688389], [133.52872583, 33.75687833], [133.52877305, 33.75685], [133.52879333, 33.75677667], [133.52882695, 33.75671472], [133.52894166, 33.75663583], [133.52904278, 33.75660778], [133.52920472, 33.75659667], [133.52933972, 33.75656861], [133.52937333, 33.75655167], [133.52940055, 33.75654027], [133.52948806, 33.75645028], [133.52960973, 33.75619639], [133.52968389, 33.75612889], [133.52974444, 33.75611195], [133.52977834, 33.75608389], [133.52977834, 33.75603306], [133.52975139, 33.75594861], [133.52975139, 33.75581889], [133.52979167, 33.75573444], [133.52983917, 33.75565556], [133.52983917, 33.75562722], [133.529785, 33.75544694], [133.52976472, 33.75533972], [133.52977834, 33.75525528], [133.52981194, 33.75514805], [133.52981194, 33.75509167], [133.52976472, 33.75505222], [133.52962305, 33.75500722], [133.52954889, 33.75494528], [133.52948139, 33.75487195], [133.52931278, 33.75473666], [133.52894166, 33.75461833], [133.52890778, 33.75459583], [133.52896861, 33.75455084], [133.52927222, 33.75439861], [133.52940055, 33.75433639], [133.5295625, 33.75427444], [133.52990639, 33.75419028], [133.53003472, 33.75417333], [133.53029778, 33.75416195], [133.5305, 33.75410583], [133.53079, 33.75410583], [133.53089139, 33.75406056], [133.530925, 33.75401], [133.53068889, 33.75372806], [133.5305675, 33.75351944], [133.53046944, 33.75333917], [133.53033305, 33.7531475], [133.53021861, 33.75304028], [133.53016472, 33.75297278], [133.53004333, 33.75291639], [133.52994917, 33.75289945], [133.52983445, 33.75284861], [133.52977389, 33.75277556], [133.52974694, 33.75266278], [133.52970639, 33.75262334], [133.52935583, 33.75243722], [133.52924806, 33.75236972], [133.52919417, 33.75230194], [133.52919417, 33.75222861], [133.52928861, 33.75213861], [133.52937611, 33.75208222], [133.52947722, 33.75196945], [133.52954472, 33.75185667], [133.52957833, 33.75176667], [133.52957833, 33.75162556], [133.52948389, 33.7515525], [133.52928166, 33.75143972], [133.52915361, 33.75133278], [133.52901889, 33.75119195], [133.52878306, 33.75100583], [133.52876278, 33.75098889], [133.52883694, 33.75092694], [133.52901889, 33.75085361], [133.52918055, 33.7507975], [133.52921444, 33.75077472], [133.5292075, 33.75072417], [133.52914028, 33.75065639], [133.52901028, 33.7505825], [133.52899194, 33.75057194], [133.52872222, 33.75044805], [133.52822334, 33.75012111], [133.52803472, 33.74994639], [133.52787305, 33.74978861], [133.52781889, 33.74975472], [133.52781889, 33.74969277], [133.52790667, 33.74966444], [133.52809528, 33.74965306], [133.5282775, 33.749625], [133.52835167, 33.7496025], [133.52846611, 33.74950111], [133.52858083, 33.74933194], [133.52876944, 33.74910639], [133.52883694, 33.74905], [133.52888417, 33.74904445], [133.52892445, 33.74908389], [133.52893805, 33.74927], [133.52895833, 33.74932056], [133.52908639, 33.74942222], [133.5293425, 33.74954055], [133.52946389, 33.74958], [133.52969972, 33.74966444], [133.52980083, 33.74967584], [133.52988167, 33.74965306], [133.53003, 33.74958], [133.53008389, 33.7495575], [133.5302525, 33.74954055], [133.53031306, 33.74951805], [133.53051528, 33.74938833], [133.53058278, 33.74943889], [133.53062305, 33.74969277], [133.53059611, 33.74992361], [133.53054222, 33.75008722], [133.53044778, 33.75032944], [133.53045472, 33.75042528], [133.53046806, 33.75047055], [133.53054222, 33.750555], [133.53065, 33.75065639], [133.53074416, 33.7507975], [133.53092611, 33.75113556], [133.53108139, 33.75134972], [133.5311825, 33.75155833], [133.53128361, 33.7519525], [133.5313375, 33.75203139], [133.53139805, 33.75210472], [133.53162055, 33.752285], [133.53197778, 33.75253861], [133.53205195, 33.75257806], [133.53217333, 33.75257806], [133.53223389, 33.75247667], [133.53224056, 33.75231889], [133.53231473, 33.75208222], [133.53238222, 33.75194167], [133.53246972, 33.75180056], [133.53254389, 33.75171055], [133.5326125, 33.75166639], [133.53263167, 33.75165417], [133.53271916, 33.75160889], [133.53279333, 33.75152444], [133.53279333, 33.75144], [133.53272611, 33.75132166], [133.53272611, 33.75120889], [133.53284055, 33.75094945], [133.53288111, 33.75082556], [133.53296861, 33.75062278], [133.5330225, 33.75053806], [133.53337972, 33.75022805], [133.53357528, 33.75000278], [133.53372361, 33.74977722], [133.53376417, 33.74968694], [133.53376417, 33.74951833], [133.53380445, 33.74949], [133.53380445, 33.74947889], [133.5340875, 33.74949], [133.53412805, 33.74950139], [133.53429667, 33.74950139], [133.534445, 33.74939972], [133.53447194, 33.74939417], [133.53448528, 33.74937167], [133.53487639, 33.74908972], [133.53507861, 33.74890944], [133.53511889, 33.74881917], [133.53497056, 33.74845305], [133.53495722, 33.74836833], [133.53498416, 33.74830639], [133.53505167, 33.74826139], [133.5351325, 33.74823305], [133.53521334, 33.74823889], [133.53522666, 33.74824445], [133.53529417, 33.74834028], [133.53532111, 33.74835139], [133.53551667, 33.74836278], [133.53577945, 33.74840778], [133.53645333, 33.74841361], [133.53662861, 33.74841361], [133.53686444, 33.7482275], [133.53706, 33.74810361], [133.53715444, 33.74806389], [133.53741722, 33.74806972], [133.53772722, 33.74812611], [133.53782833, 33.74815972], [133.53794972, 33.74823889], [133.53809806, 33.74841361], [133.53834083, 33.74870084], [133.53844194, 33.74877417], [133.53882611, 33.74872361], [133.5391025, 33.74867834], [133.53935194, 33.74867834], [133.53940584, 33.74868972], [133.53945972, 33.74871777], [133.53947305, 33.74874028], [133.53943944, 33.74879667], [133.53944611, 33.74890389], [133.53946639, 33.74893194], [133.53953389, 33.74897722], [133.53965278, 33.74898944], [133.53969556, 33.74899389], [133.53988444, 33.74907306], [133.54011361, 33.74920833], [133.54043, 33.749445], [133.54051083, 33.74947889], [133.54061194, 33.74947305], [133.54072667, 33.74941111], [133.5409625, 33.74939972], [133.54127945, 33.74938306], [133.54131972, 33.74942805], [133.54138722, 33.74959139], [133.54142778, 33.7497325], [133.54151528, 33.74990722], [133.54159611, 33.75001417], [133.54168389, 33.7500875], [133.541785, 33.7501325], [133.54191972, 33.7501325], [133.5420075, 33.75011556], [133.54225695, 33.75012139], [133.54233778, 33.75014944], [133.54237806, 33.75020583], [133.54243195, 33.75036917], [133.54244555, 33.75058917], [133.5424725, 33.75065667], [133.54252639, 33.75073], [133.5426275, 33.75076944], [133.5429375, 33.75076944], [133.54305889, 33.75079194], [133.54340944, 33.75088777], [133.54362528, 33.75093305], [133.54392861, 33.75093305], [133.54415778, 33.75087667], [133.54433972, 33.75087084], [133.54440028, 33.75090472], [133.54442028, 33.75093861], [133.54446083, 33.75109639], [133.54448111, 33.75133861], [133.54454166, 33.75155278], [133.54457528, 33.75160889], [133.54480444, 33.75180056], [133.54489889, 33.75199223], [133.54494861, 33.75205], [133.54498611, 33.752055], [133.54504056, 33.75203305], [133.54512806, 33.75191333], [133.54520222, 33.75187944], [133.54565389, 33.75185694], [133.54579556, 33.75182889], [133.54586139, 33.75183083], [133.54588222, 33.75187334], [133.54586945, 33.75191333], [133.5458225, 33.75198111], [133.545755, 33.75203166], [133.54564028, 33.75206], [133.54558639, 33.752105], [133.54557306, 33.75213889], [133.54560805, 33.75218584], [133.54567417, 33.75222333], [133.54586278, 33.75232472], [133.54594361, 33.75238695], [133.54594361, 33.75249944], [133.54581556, 33.75280389], [133.54582916, 33.75284889], [133.54594361, 33.7530125], [133.54593695, 33.75311945], [133.54591667, 33.75315333], [133.54576834, 33.75328861], [133.54573194, 33.75333944], [133.54570861, 33.75336611], [133.54569389, 33.75344666], [133.54573444, 33.75348611], [133.54578861, 33.75351417], [133.54588972, 33.75351417], [133.54599778, 33.75349166], [133.54601778, 33.75350861], [133.54605834, 33.753565], [133.54607194, 33.75392556], [133.54610556, 33.7539425], [133.54624055, 33.7539425], [133.54632139, 33.75388055], [133.54642945, 33.75373972], [133.54657111, 33.75353667], [133.5467525, 33.75333944], [133.54685361, 33.75328306], [133.54704916, 33.75319833], [133.54710306, 33.75318722], [133.54713695, 33.75316472], [133.54723111, 33.75314778], [133.54737278, 33.75309694], [133.54746722, 33.75301806], [133.54760861, 33.75291667], [133.54765583, 33.75289972], [133.54773667, 33.75289972], [133.5477975, 33.75295056], [133.54797278, 33.75313083], [133.54797278, 33.75333944], [133.54802861, 33.75337333], [133.54802861, 33.75345222], [133.54800834, 33.75346916], [133.54791389, 33.75348611], [133.54782611, 33.75359861], [133.54785305, 33.75378472], [133.54781278, 33.75386361], [133.54781278, 33.75414556], [133.54783972, 33.75419056], [133.54781945, 33.75426944], [133.54781278, 33.75426944], [133.54777222, 33.75430333], [133.54765083, 33.75434833], [133.54749556, 33.75437639], [133.54734028, 33.75453972], [133.54736722, 33.75463], [133.54734722, 33.75465805], [133.54734722, 33.75469194], [133.547455, 33.75475389], [133.54750222, 33.75487222], [133.54757639, 33.75495111], [133.54747528, 33.75510333], [133.547455, 33.75519361], [133.54740778, 33.75525], [133.54740778, 33.75531195], [133.54744167, 33.75534583], [133.54744167, 33.75535139], [133.54744834, 33.75542472], [133.54734028, 33.75554305], [133.54734028, 33.75557667], [133.54742139, 33.75563305], [133.547455, 33.75566694], [133.54749556, 33.75579111], [133.54752222, 33.75598834], [133.54756278, 33.75608417], [133.54751555, 33.75613473], [133.54751555, 33.75619111], [133.5475425, 33.756225], [133.54752889, 33.75630389], [133.54756278, 33.75632083], [133.54772472, 33.75632639], [133.54779222, 33.75638833], [133.54792028, 33.75638278], [133.54805528, 33.75635473], [133.54810917, 33.75631528], [133.54816333, 33.75615722], [133.54826444, 33.75602194], [133.54833861, 33.75589806], [133.54844, 33.75580778], [133.54849389, 33.75578527], [133.54860861, 33.75575722], [133.54874361, 33.75574584], [133.54890556, 33.75568389], [133.55016, 33.75577306], [133.55046945, 33.75609028], [133.5508301174098, 33.756536720180165], [133.562888, 33.748523], [133.568735, 33.74841], [133.57631, 33.737869], [133.572426, 33.734606], [133.57229, 33.726947], [133.576979, 33.723166], [133.583932, 33.71196], [133.583379, 33.705644], [133.578591, 33.699682], [133.568118, 33.694226], [133.559866, 33.692536], [133.565934, 33.681941], [133.56395, 33.679036], [133.565305, 33.669715], [133.563395, 33.666008], [133.554737, 33.666314]]], [[[133.493175, 33.795608], [133.490156, 33.798969], [133.484086, 33.801914], [133.480129, 33.811062], [133.482692, 33.826506], [133.486621, 33.829707], [133.493388, 33.832157], [133.499503, 33.829242], [133.507931, 33.835872], [133.515517, 33.825652], [133.522744, 33.823036], [133.523769, 33.819347], [133.529764, 33.813848], [133.52914, 33.808538], [133.532978, 33.806617], [133.534363, 33.794076], [133.538804, 33.791382], [133.545819, 33.781286], [133.549097, 33.772814], [133.5452310384812, 33.76435678602072], [133.54520139, 33.76434028], [133.54510027, 33.76432334], [133.54491139, 33.76425], [133.54475611, 33.76410917], [133.54470222, 33.76407528], [133.54463472, 33.76406972], [133.54451333, 33.76411472], [133.54426361, 33.76411472], [133.54415556, 33.76409778], [133.54405444, 33.76412027], [133.54393972, 33.76416555], [133.54377778, 33.76415972], [133.54366305, 33.76412027], [133.54358889, 33.76408084], [133.54361583, 33.76418805], [133.54369695, 33.76434584], [133.54369695, 33.76440778], [133.54348778, 33.76439083], [133.54334583, 33.76436833], [133.54327861, 33.76436277], [133.54310973, 33.76432334], [133.54300861, 33.76428389], [133.54291417, 33.76428389], [133.542975, 33.76437389], [133.542995, 33.76444722], [133.54298834, 33.7645825], [133.542975, 33.76464445], [133.54298166, 33.76472333], [133.54300194, 33.76475722], [133.54298166, 33.76480806], [133.54295472, 33.76483611], [133.54279945, 33.76487], [133.54273194, 33.76494333], [133.54261722, 33.76521389], [133.54254305, 33.76532084], [133.54240806, 33.76545611], [133.54237444, 33.76563667], [133.54234055, 33.76569861], [133.5422125, 33.76580528], [133.54216528, 33.76589555], [133.54207083, 33.76598], [133.54193583, 33.76607584], [133.541875, 33.76614361], [133.54183444, 33.7662225], [133.54183444, 33.76634083], [133.54192916, 33.76660583], [133.54195611, 33.76671833], [133.54190889, 33.76676361], [133.54175361, 33.76676361], [133.54158528, 33.76672416], [133.5413625, 33.76671833], [133.54128167, 33.76659445], [133.54123445, 33.76660583], [133.54107916, 33.76671833], [133.54099806, 33.76674667], [133.5408025, 33.76678056], [133.54072833, 33.76681417], [133.54064055, 33.76690445], [133.5406, 33.76697194], [133.54052584, 33.76705111], [133.54019528, 33.76718639], [133.53995916, 33.76734417], [133.53993222, 33.76728194], [133.5398175, 33.76718639], [133.53999278, 33.7671525], [133.54003333, 33.76713555], [133.54013445, 33.76711861], [133.54020194, 33.76708472], [133.54028306, 33.76702834], [133.54045833, 33.76678056], [133.54062722, 33.76646472], [133.54083639, 33.76617167], [133.5413625, 33.7655575], [133.54148389, 33.76541111], [133.54149083, 33.76533777], [133.54140306, 33.7652475], [133.54137611, 33.76504472], [133.54138278, 33.76474028], [133.54145028, 33.76444722], [133.54145028, 33.76439667], [133.54139639, 33.76428944], [133.54134222, 33.76425], [133.54123445, 33.7642725], [133.54105222, 33.76433444], [133.54097805, 33.76434028], [133.54077556, 33.76428389], [133.54070805, 33.76423306], [133.54070139, 33.76403028], [133.54066083, 33.76384972], [133.54066083, 33.76375972], [133.54072167, 33.76369195], [133.54080916, 33.76365805], [133.54103194, 33.76359611], [133.54111972, 33.76355666], [133.54118722, 33.76351166], [133.54128167, 33.76339333], [133.54132194, 33.76335944], [133.54155833, 33.76323], [133.5416325, 33.76317361], [133.54167972, 33.76310611], [133.54167972, 33.76304972], [133.54161889, 33.76297639], [133.54154472, 33.76293139], [133.54142333, 33.76293139], [133.54140111, 33.76294], [133.54122083, 33.76301028], [133.54105222, 33.76303833], [133.54084306, 33.76303833], [133.54069445, 33.76300472], [133.54050556, 33.76300472], [133.54045833, 33.76301028], [133.54030333, 33.76306111], [133.54025611, 33.76307222], [133.54006695, 33.76307778], [133.53993889, 33.76306083], [133.53952055, 33.76295389], [133.53922361, 33.76290333], [133.53913584, 33.76290889], [133.53904139, 33.76294805], [133.53892667, 33.7629425], [133.53890666, 33.76293667], [133.53894028, 33.76284694], [133.53900111, 33.76279056], [133.53914278, 33.76275111], [133.53914278, 33.76270583], [133.5391225, 33.76266083], [133.53912916, 33.76261584], [133.53914278, 33.76259889], [133.53931805, 33.7625875], [133.53943278, 33.76255361], [133.53954083, 33.76250306], [133.53966222, 33.76241277], [133.53979055, 33.76224945], [133.54006028, 33.76202945], [133.54018167, 33.76191111], [133.5402425, 33.76180972], [133.54026944, 33.76170278], [133.54039083, 33.76147167], [133.54042472, 33.76138694], [133.54045833, 33.76123472], [133.54045833, 33.76106583], [133.54041805, 33.76091917], [133.54038417, 33.76086278], [133.54033028, 33.760705], [133.54033028, 33.76027695], [133.54023584, 33.76002333], [133.5402425, 33.759685], [133.54020194, 33.75955555], [133.54009417, 33.75940334], [133.54006028, 33.75929055], [133.54007389, 33.75886222], [133.53993889, 33.75843389], [133.53987806, 33.75828167], [133.53985778, 33.75814666], [133.53986472, 33.75803389], [133.53997944, 33.75778583], [133.54009417, 33.75740278], [133.54016139, 33.75720528], [133.54020889, 33.7570025], [133.54022889, 33.75676027], [133.54023972, 33.75674306], [133.54029639, 33.75665306], [133.5403775, 33.75657972], [133.540445, 33.75654027], [133.5405325, 33.75654583], [133.54070139, 33.75660805], [133.54074861, 33.75661917], [133.54082944, 33.75661361], [133.5409375, 33.75657972], [133.54096445, 33.75657417], [133.54099806, 33.75655167], [133.54105222, 33.7564275], [133.54111972, 33.75636555], [133.54121417, 33.75632055], [133.54137611, 33.75627555], [133.54145695, 33.75624167], [133.54150417, 33.75624167], [133.54161222, 33.75629805], [133.54172028, 33.75632611], [133.54180778, 33.75632611], [133.54186861, 33.75629805], [133.54201028, 33.75620778], [133.54208445, 33.75619083], [133.54252306, 33.75617389], [133.54257028, 33.75616278], [133.54262417, 33.75610667], [133.54271194, 33.75597694], [133.54277944, 33.75592056], [133.542955, 33.75585861], [133.54296833, 33.75584722], [133.54306278, 33.75579111], [133.54310333, 33.75572889], [133.54306972, 33.75567833], [133.54292111, 33.75554861], [133.54284695, 33.75540195], [133.54282, 33.75528944], [133.5427525, 33.75516528], [133.542685, 33.75508639], [133.542415, 33.75508083], [133.54231389, 33.75504139], [133.542125, 33.75491723], [133.54190916, 33.75483833], [133.54177417, 33.75472583], [133.54159861, 33.75463555], [133.54157834, 33.75460167], [133.54157167, 33.75456222], [133.54192944, 33.75452834], [133.54204389, 33.75446083], [133.54205083, 33.75444944], [133.54199, 33.75439889], [133.541565, 33.75426917], [133.54151777, 33.75425778], [133.54142333, 33.75419028], [133.54130861, 33.7540775], [133.54119389, 33.75404361], [133.54097805, 33.75425778], [133.54089695, 33.75425778], [133.54087667, 33.75423528], [133.54084306, 33.75411695], [133.54071472, 33.75394778], [133.54065417, 33.75388583], [133.54061361, 33.75373944], [133.54058667, 33.75371111], [133.54050556, 33.75369417], [133.54034361, 33.75368861], [133.54022889, 33.75371667], [133.540175, 33.753745], [133.53991861, 33.75394778], [133.53977695, 33.75401], [133.53966222, 33.7540325], [133.53960833, 33.75407194], [133.53948, 33.75421278], [133.53941944, 33.75421278], [133.53942611, 33.75399306], [133.53943944, 33.75390833], [133.53941944, 33.75386333], [133.53935194, 33.75379584], [133.539325, 33.75360417], [133.53927111, 33.7534575], [133.5392375, 33.7534125], [133.53913945, 33.75333917], [133.5391025, 33.75327722], [133.53902167, 33.75319833], [133.53895417, 33.75319805], [133.5388125, 33.75326028], [133.53870778, 33.75333917], [133.53867584, 33.7534025], [133.53857472, 33.75352278], [133.53845473, 33.75341805], [133.53841195, 33.75333917], [133.53831389, 33.75318139], [133.53821944, 33.75319805], [133.53814528, 33.75325444], [133.53808472, 33.75333917], [133.53805, 33.75339555], [133.53793527, 33.7534575], [133.5377125, 33.75363222], [133.53767194, 33.75364917], [133.53761805, 33.75361527], [133.53755056, 33.75349694], [133.53754416, 33.75333917], [133.53755195, 33.75322639], [133.5375925, 33.75311917], [133.53761278, 33.75308556], [133.53769361, 33.75292222], [133.53769361, 33.75282084], [133.53765306, 33.75276444], [133.53744416, 33.75252222], [133.53723528, 33.75233056], [133.53718139, 33.75230778], [133.5371275, 33.75231917], [133.53693861, 33.75244305], [133.53687139, 33.75246], [133.53667584, 33.75245445], [133.53653417, 33.75243195], [133.53648028, 33.75244889], [133.53644666, 33.75251639], [133.53643306, 33.75257278], [133.53639278, 33.75261777], [133.53635222, 33.75264055], [133.53619722, 33.75277], [133.53612306, 33.75289389], [133.53610278, 33.75295028], [133.53609583, 33.75333917], [133.53605861, 33.75336972], [133.53601222, 33.75339555], [133.53590417, 33.75344639], [133.53570195, 33.75344639], [133.53557361, 33.75342361], [133.53547917, 33.75342945], [133.53541833, 33.75345195], [133.53537111, 33.75351944], [133.53535778, 33.75357584], [133.53536445, 33.753745], [133.53552639, 33.75408306], [133.53560056, 33.75422972], [133.53560056, 33.75431417], [133.53556694, 33.7543425], [133.53551972, 33.75435945], [133.53518222, 33.75435945], [133.53514195, 33.75439889], [133.53505417, 33.75461861], [133.53498972, 33.75466361], [133.53497306, 33.754675], [133.53487195, 33.754675], [133.534845, 33.75471444], [133.53483139, 33.75479889], [133.53481805, 33.755075], [133.53474361, 33.75541861], [133.53469666, 33.7554975], [133.53470361, 33.75563278], [133.53473694, 33.75572306], [133.53473028, 33.75582444], [133.53458889, 33.7560275], [133.53456861, 33.75608945], [133.534555, 33.75619083], [133.53450111, 33.75623028], [133.53425139, 33.75630361], [133.53411639, 33.75637111], [133.53401528, 33.75645028], [133.53393444, 33.75645028], [133.5337725, 33.75637695], [133.53379277, 33.75647278], [133.53385334, 33.75657417], [133.53386, 33.75683333], [133.53386694, 33.75688417], [133.53354972, 33.7570025], [133.53342167, 33.75705889], [133.53327306, 33.75727278], [133.53317861, 33.75732917], [133.53311111, 33.75732917], [133.53296945, 33.75729527], [133.53288861, 33.75728417], [133.53275361, 33.75723889], [133.53254444, 33.75721083], [133.53247694, 33.75719389], [133.53242972, 33.75719389], [133.53241611, 33.75737417], [133.53237583, 33.75747556], [133.53229472, 33.75762223], [133.53226111, 33.75772944], [133.53226778, 33.75788139], [133.53233528, 33.75815778], [133.53241611, 33.75838306], [133.5323825, 33.75841139], [133.53222722, 33.75847889], [133.53199111, 33.75852417], [133.53178195, 33.75852417], [133.53170111, 33.75850722], [133.53149195, 33.75843389], [133.53124223, 33.75855778], [133.53117472, 33.75861416], [133.53097917, 33.75862556], [133.53116111, 33.75877778], [133.53122861, 33.75896361], [133.5312625, 33.7589975], [133.53133667, 33.75903695], [133.53138389, 33.75907083], [133.5314175, 33.75913833], [133.5313975, 33.75918361], [133.5314175, 33.75922305], [133.53149195, 33.75927361], [133.53147167, 33.75931889], [133.53139056, 33.75940306], [133.53130278, 33.75945389], [133.53122195, 33.75947639], [133.5311275, 33.7594875], [133.53079, 33.75950444], [133.53071583, 33.75954945], [133.53066195, 33.75956639], [133.53035194, 33.75956639], [133.53031806, 33.75961722], [133.53027278, 33.75991028], [133.53025722, 33.76001167], [133.53016277, 33.76035], [133.53004834, 33.76049083], [133.530055, 33.76052472], [133.53009556, 33.76059806], [133.53010222, 33.76065417], [133.53008861, 33.76069944], [133.530055, 33.76075], [133.52996055, 33.76080083], [133.52979167, 33.76081223], [133.5297175, 33.76082916], [133.52967028, 33.76087972], [133.52965695, 33.76117861], [133.52957583, 33.76141527], [133.52952194, 33.76164056], [133.52951528, 33.76196167], [133.52948139, 33.7620125], [133.52939361, 33.762035], [133.52938028, 33.76204611], [133.52936, 33.762125], [133.52938695, 33.76215889], [133.52939361, 33.76236194], [133.52945444, 33.76237861], [133.52957583, 33.7624125], [133.52960973, 33.762435], [133.52974444, 33.76250278], [133.53006833, 33.76268861], [133.5301225, 33.76273945], [133.53012917, 33.76280722], [133.53010222, 33.76286334], [133.53010222, 33.76295917], [133.53030472, 33.76318472], [133.53031806, 33.76321305], [133.5302775, 33.7633425], [133.53025056, 33.76338777], [133.53023028, 33.76348333], [133.53022361, 33.76372583], [133.53016973, 33.76377083], [133.53012917, 33.76375389], [133.52963667, 33.76343833], [133.52932611, 33.76329194], [133.52928583, 33.76328611], [133.52921834, 33.7632975], [133.5291575, 33.76330861], [133.52909, 33.76333139], [133.52896861, 33.76333694], [133.52884722, 33.763275], [133.52880667, 33.76326361], [133.52871889, 33.763275], [133.52843556, 33.76342139], [133.52824, 33.76351723], [133.52815222, 33.76362444], [133.52811166, 33.76372028], [133.52807806, 33.76383861], [133.52804417, 33.76386667], [133.52796333, 33.7638725], [133.52792278, 33.76386111], [133.52778778, 33.76384972], [133.52765973, 33.76394], [133.52753834, 33.76397945], [133.52730889, 33.76415944], [133.52692417, 33.76436806], [133.52672167, 33.7644525], [133.526715, 33.76446945], [133.52673528, 33.76450889], [133.52678917, 33.76455416], [133.52694444, 33.76474], [133.52705917, 33.76484167], [133.52714695, 33.76494305], [133.52714695, 33.765005], [133.52710639, 33.76508389], [133.52712, 33.76517417], [133.52712334, 33.76520694], [133.52713333, 33.76530361], [133.52711305, 33.7653375], [133.52705917, 33.76534889], [133.52681639, 33.76522473], [133.52664778, 33.76519111], [133.52612167, 33.76519111], [133.52595278, 33.76521917], [133.52579778, 33.76521917], [133.52569639, 33.76520778], [133.52544695, 33.76512889], [133.52533222, 33.76511777], [133.52532528, 33.76517417], [133.52541305, 33.76534889], [133.52544, 33.76548416], [133.5255075, 33.76563639], [133.5255075, 33.76570389], [133.52548722, 33.76573778], [133.52542667, 33.76574333], [133.52522417, 33.76568695], [133.52496111, 33.76563055], [133.52467777, 33.76561361], [133.52460333, 33.76559111], [133.52457639, 33.76556861], [133.52452916, 33.76549528], [133.52448194, 33.76545028], [133.52440111, 33.76542195], [133.52419861, 33.7653375], [133.52415139, 33.76535444], [133.52411083, 33.76537694], [133.52402305, 33.76548416], [133.52398944, 33.76557417], [133.52391528, 33.76563639], [133.52381389, 33.76568139], [133.52367916, 33.76568139], [133.52356445, 33.765625], [133.52351027, 33.76558], [133.52347, 33.7656025], [133.52343611, 33.76565889], [133.52338889, 33.76579417], [133.52329444, 33.76589], [133.52322028, 33.76588417], [133.52315278, 33.76586167], [133.52305834, 33.76585611], [133.52303806, 33.76587305], [133.52303139, 33.7659575], [133.52305834, 33.76609833], [133.52305834, 33.76636861], [133.52302444, 33.76651528], [133.523065, 33.76675194], [133.52305834, 33.76690417], [133.52299777, 33.76700556], [133.52292361, 33.76707889], [133.52267389, 33.7672875], [133.52259972, 33.76731], [133.52253222, 33.76734945], [133.52254584, 33.76740028], [133.52270778, 33.76759167], [133.52273472, 33.76765389], [133.52278861, 33.76785111], [133.52284278, 33.76800334], [133.52294389, 33.76813278], [133.52325417, 33.76839223], [133.52334194, 33.76853861], [133.52341583, 33.76868528], [133.52359806, 33.76910778], [133.52365194, 33.76931611], [133.52366556, 33.7693275], [133.52367916, 33.76939528], [133.52378695, 33.769615], [133.52375333, 33.76962055], [133.52357778, 33.76957555], [133.52349028, 33.76955305], [133.52330139, 33.76942889], [133.52317333, 33.76936695], [133.52309917, 33.76933889], [133.52306528, 33.76929945], [133.52303833, 33.76922056], [133.52305195, 33.76909083], [133.52303167, 33.76902306], [133.52299111, 33.7689725], [133.52293028, 33.76894416], [133.52270778, 33.76891056], [133.52249167, 33.76889361], [133.52239055, 33.76887111], [133.52208694, 33.7687525], [133.52201278, 33.76867972], [133.52198584, 33.76862889], [133.521925, 33.76872444], [133.52190472, 33.76876389], [133.5217025, 33.76888222], [133.52158083, 33.7689725], [133.52152028, 33.76903444], [133.52139194, 33.76911889], [133.52123, 33.76924861], [133.52117611, 33.76927667], [133.52118944, 33.76916416], [133.52120306, 33.76910778], [133.52122333, 33.76895556], [133.52121666, 33.76866806], [133.52119639, 33.76847111], [133.52118944, 33.76827944], [133.52117611, 33.76822861], [133.52108167, 33.76812722], [133.52098028, 33.76806528], [133.52089278, 33.76812722], [133.52076445, 33.76825139], [133.52069695, 33.76829083], [133.5206025, 33.76831889], [133.52025833, 33.76833028], [133.52013694, 33.7683075], [133.51998195, 33.76829639], [133.51989417, 33.76831333], [133.51971889, 33.76840889], [133.5195975, 33.76853278], [133.51953666, 33.76864], [133.51949639, 33.76875834], [133.51942889, 33.76880333], [133.51935472, 33.76879777], [133.51924666, 33.76877528], [133.51916555, 33.76874694], [133.51907111, 33.76873], [133.51897, 33.76869056], [133.51889583, 33.76862861], [133.51879445, 33.76849889], [133.51874056, 33.76839195], [133.51866639, 33.76830167], [133.51863278, 33.76827917], [133.51855833, 33.76831305], [133.51839639, 33.76840889], [133.51835611, 33.76842], [133.51830334, 33.76841639], [133.518275, 33.76841445], [133.5182075, 33.7683525], [133.51806583, 33.76816083], [133.51795111, 33.76804806], [133.51790389, 33.7680425], [133.51779611, 33.7680875], [133.51747889, 33.76825667], [133.51739778, 33.76830167], [133.51734389, 33.76836361], [133.51726972, 33.76852139], [133.51719555, 33.76862305], [133.51713472, 33.76867944], [133.51707389, 33.76871306], [133.51696611, 33.76874694], [133.51690527, 33.76874694], [133.51684472, 33.768685], [133.5167975, 33.76857222], [133.51677722, 33.7683525], [133.5167975, 33.76822833], [133.51677722, 33.76811], [133.51675694, 33.76809305], [133.51670306, 33.7680875], [133.51662195, 33.76812139], [133.51643972, 33.76825667], [133.516285, 33.76833], [133.51620389, 33.76832417], [133.51614306, 33.76827917], [133.51607583, 33.76827361], [133.516015, 33.76834667], [133.5159475, 33.76846528], [133.51589361, 33.76849889], [133.51578555, 33.76849334], [133.5156775, 33.76849334], [133.51560333, 33.76854417], [133.51557639, 33.76856667], [133.51548861, 33.7687075], [133.515455, 33.76874694], [133.51541444, 33.76876389], [133.51535361, 33.76876389], [133.51529305, 33.76873], [133.51521195, 33.76871889], [133.51519861, 33.76889917], [133.51455084, 33.76947417], [133.51442945, 33.76956417], [133.51432806, 33.76956417], [133.51422694, 33.76954722], [133.51412583, 33.769615], [133.51394361, 33.76979528], [133.51382889, 33.76988556], [133.51374111, 33.7699025], [133.5137075, 33.76993056], [133.51364667, 33.7700375], [133.51355889, 33.77011055], [133.51351861, 33.7701275], [133.51329583, 33.77013333], [133.51321472, 33.77019528], [133.51312028, 33.7703475], [133.51303305, 33.77042639], [133.512925, 33.77046584], [133.51275639, 33.77047139], [133.51269556, 33.77045444], [133.51261472, 33.77045444], [133.51261472, 33.77052222], [133.51260111, 33.77056167], [133.51253361, 33.77062917], [133.51264166, 33.77064611], [133.512655, 33.77067444], [133.51258083, 33.77077], [133.51256056, 33.77082083], [133.51255389, 33.77089972], [133.51251333, 33.77099], [133.51240556, 33.77113639], [133.512365, 33.77117028], [133.51227055, 33.77120972], [133.51220305, 33.77121528], [133.51214222, 33.77119861], [133.51204111, 33.77119861], [133.51197361, 33.77124361], [133.51192639, 33.7713225], [133.5118725, 33.77146334], [133.51187917, 33.77167194], [133.51189278, 33.77176222], [133.51188583, 33.77182417], [133.51182528, 33.77192556], [133.51175778, 33.77199889], [133.51175417, 33.77202889], [133.51175111, 33.77205528], [133.51179834, 33.77215083], [133.51179834, 33.77222417], [133.51172389, 33.77231972], [133.51175111, 33.77240444], [133.51185222, 33.77252833], [133.51191972, 33.77259028], [133.51215583, 33.77288361], [133.51227055, 33.77306945], [133.51213556, 33.77354306], [133.51213556, 33.77361056], [133.51214917, 33.77363306], [133.51214917, 33.77375722], [133.51215583, 33.77384722], [133.51212194, 33.77406722], [133.51212194, 33.7742025], [133.51213556, 33.77428695], [133.51220305, 33.77442777], [133.51226389, 33.77452889], [133.51223667, 33.77459111], [133.51211528, 33.774715], [133.51206806, 33.77481083], [133.5120275, 33.77487278], [133.51185889, 33.77496305], [133.5117375, 33.77499695], [133.51167, 33.77499111], [133.51151472, 33.77488972], [133.5114675, 33.77486722], [133.51143389, 33.77492917], [133.51142028, 33.77503639], [133.51138667, 33.77511528], [133.51133278, 33.77516028], [133.51126528, 33.77517722], [133.51112361, 33.77517722], [133.51111667, 33.77525055], [133.51102889, 33.77530694], [133.51090778, 33.77543083], [133.51090111, 33.77547583], [133.51092806, 33.77557166], [133.51091472, 33.77575778], [133.51089445, 33.77581416], [133.51089445, 33.77594361], [133.51084722, 33.776], [133.51075278, 33.77602833], [133.51057055, 33.77603389], [133.51051639, 33.77606778], [133.51063805, 33.77617472], [133.510665, 33.7762425], [133.51042194, 33.77625945], [133.51038167, 33.77629333], [133.51038833, 33.77635528], [133.51050306, 33.77654694], [133.51052333, 33.77658639], [133.51052333, 33.77668222], [133.5104625, 33.77678361], [133.51026695, 33.77703694], [133.51017916, 33.77718917], [133.51007805, 33.77731306], [133.50992278, 33.77745972], [133.50959889, 33.77773028], [133.50952472, 33.77787111], [133.50951111, 33.77792195], [133.50958528, 33.77801194], [133.5096325, 33.77811917], [133.50965972, 33.77816417], [133.50964611, 33.77823194], [133.50960556, 33.77829944], [133.50951778, 33.77837278], [133.50928861, 33.77847973], [133.50926139, 33.77850806], [133.50932222, 33.77869389], [133.50937611, 33.77875611], [133.50942333, 33.77878972], [133.50943028, 33.77878972], [133.509545, 33.77880111], [133.50965972, 33.77884055], [133.50969639, 33.77885694], [133.50984861, 33.778925], [133.51014528, 33.77902083], [133.51032083, 33.77904334], [133.51041528, 33.77904917], [133.51051639, 33.77909417], [133.51055695, 33.77913917], [133.51057055, 33.7791675], [133.51055695, 33.77923472], [133.51034111, 33.77937], [133.5101725, 33.77946028], [133.51009139, 33.77955056], [133.51001723, 33.77964639], [133.50994972, 33.77968], [133.509835, 33.77969139], [133.50977417, 33.77971389], [133.50978111, 33.77974778], [133.50984167, 33.77982667], [133.50995639, 33.77991667], [133.51007805, 33.78000139], [133.51015222, 33.78007472], [133.5101925, 33.78015361], [133.51019944, 33.78031694], [133.51014528, 33.78042417], [133.51007805, 33.78042417], [133.50997667, 33.78037333], [133.509835, 33.78037889], [133.50977417, 33.78039583], [133.50962584, 33.78048056], [133.50950445, 33.78052556], [133.50947055, 33.78055944], [133.50951111, 33.78067778], [133.50950445, 33.78078472], [133.50943695, 33.78091445], [133.50974055, 33.78102139], [133.50982167, 33.78108361], [133.50992278, 33.78147222], [133.50992278, 33.78156805], [133.50990916, 33.78159611], [133.50985528, 33.78163555], [133.5097675, 33.78163555], [133.50970695, 33.78161305], [133.50963944, 33.78162445], [133.50952472, 33.78172583], [133.50939639, 33.78178222], [133.50920778, 33.78190611], [133.50894473, 33.78215416], [133.50853306, 33.78263333], [133.50844528, 33.78268972], [133.508425, 33.78278555], [133.508425, 33.78296028], [133.50841833, 33.78298278], [133.50841167, 33.78297694], [133.50837111, 33.78306167], [133.50838473, 33.78312361], [133.508425, 33.7832025], [133.508425, 33.78321944], [133.50815528, 33.78321389], [133.50805389, 33.78323056], [133.50793944, 33.78328667], [133.5077775, 33.78343889], [133.50759527, 33.78356305], [133.50754111, 33.78359111], [133.50771, 33.78370389], [133.50760195, 33.78376583], [133.50751417, 33.78381083], [133.50739278, 33.78390666], [133.50729167, 33.78402528], [133.50725778, 33.78407028], [133.50721056, 33.78419417], [133.50719028, 33.78436889], [133.50719028, 33.78445917], [133.5072175, 33.78463944], [133.5072175, 33.78476917], [133.50712611, 33.78476917], [133.50711611, 33.78476917], [133.50705555, 33.78474667], [133.50685972, 33.7846225], [133.50680583, 33.78469028], [133.50679222, 33.78472972], [133.50673833, 33.78480861], [133.50649555, 33.78496084], [133.50635389, 33.78508473], [133.5063, 33.7851525], [133.50635389, 33.785355], [133.5063675, 33.78546778], [133.50644833, 33.78558611], [133.50661722, 33.78575528], [133.50706889, 33.78614417], [133.50723083, 33.78622861], [133.50748056, 33.78630195], [133.50755472, 33.78635833], [133.507575, 33.78645972], [133.50753445, 33.78658389], [133.50752111, 33.78665139], [133.50752111, 33.78689944], [133.50756833, 33.78701222], [133.50766944, 33.78718111], [133.50782473, 33.78732222], [133.50800667, 33.78739528], [133.5082025, 33.78746861], [133.50836445, 33.78755333], [133.50846556, 33.78765472], [133.50863417, 33.78788584], [133.50882334, 33.78806583], [133.50902556, 33.78820667], [133.50924167, 33.788325], [133.50955195, 33.78844333], [133.50999056, 33.78856194], [133.5103075, 33.78861806], [133.51088778, 33.78864639], [133.51125222, 33.78864639], [133.51160944, 33.78862389], [133.5117175, 33.78860139], [133.51185916, 33.78860694], [133.5119875, 33.78866889], [133.51210222, 33.7888325], [133.51221695, 33.78911417], [133.51232472, 33.78929444], [133.51262167, 33.78957084], [133.51285111, 33.78977361], [133.51284445, 33.78983], [133.51277, 33.78988083], [133.51267556, 33.78986944], [133.51248667, 33.78972861], [133.51189306, 33.78922695], [133.51181861, 33.78915917], [133.51167695, 33.78910306], [133.51136694, 33.78910306], [133.51109028, 33.78915917], [133.51094861, 33.78915361], [133.51077306, 33.78913111], [133.51055722, 33.78911417], [133.51051667, 33.78910306], [133.5103075, 33.78909167], [133.51005111, 33.78909167], [133.50984889, 33.78913111], [133.50949805, 33.7892325], [133.50939, 33.789255], [133.50919445, 33.78926083], [133.50899861, 33.7892325], [133.50873555, 33.78915917], [133.5086275, 33.78911972], [133.50846556, 33.78901278], [133.50837778, 33.788945], [133.50815528, 33.78867444], [133.50808111, 33.78857861], [133.50797306, 33.78849972], [133.50783805, 33.78851111], [133.50777055, 33.78852806], [133.50768333, 33.78852806], [133.507665, 33.78852361], [133.50761583, 33.78851111], [133.50739306, 33.78839278], [133.50700861, 33.78824611], [133.50684667, 33.78813917], [133.50677917, 33.78808833], [133.50671167, 33.78797555], [133.50664416, 33.78789111], [133.50661028, 33.78780083], [133.506435, 33.78764861], [133.50628639, 33.7875025], [133.50623917, 33.78742917], [133.50619889, 33.78723195], [133.50613806, 33.78708528], [133.50603, 33.78697278], [133.50601, 33.7868375], [133.50601667, 33.78684306], [133.50595583, 33.78677528], [133.50582778, 33.78666278], [133.50572639, 33.78651611], [133.505605, 33.78642028], [133.5053825, 33.78629055], [133.50529472, 33.78619472], [133.50528111, 33.78616111], [133.50529472, 33.78591861], [133.5052475, 33.78586222], [133.50517333, 33.78580028], [133.50506528, 33.78570444], [133.50489667, 33.78550722], [133.50486278, 33.78543944], [133.50485611, 33.78527611], [133.5048425, 33.78522528], [133.5046875, 33.78513528], [133.50453889, 33.78508445], [133.50445806, 33.78507889], [133.50428945, 33.78502805], [133.50401945, 33.785045], [133.50389111, 33.78507333], [133.50364833, 33.78514083], [133.50340555, 33.78523111], [133.50323, 33.78527611], [133.50310889, 33.78528167], [133.50294695, 33.78532111], [133.50275806, 33.78549027], [133.50272416, 33.78554111], [133.50263639, 33.78563694], [133.5025825, 33.785665], [133.50250166, 33.785665], [133.50242722, 33.78559167], [133.50235305, 33.78546222], [133.50229917, 33.78546222], [133.50205639, 33.78557472], [133.50196861, 33.7855975], [133.50156361, 33.7856875], [133.50148278, 33.78578917], [133.50135444, 33.78591306], [133.50123972, 33.785975], [133.50114528, 33.78598639], [133.50109139, 33.78600333], [133.5009025, 33.78616667], [133.50076084, 33.7862625], [133.50058528, 33.78635833], [133.50036945, 33.78644278], [133.50003889, 33.78654417], [133.49992417, 33.78660611], [133.49988361, 33.78671306], [133.49988361, 33.786775], [133.49982277, 33.78693861], [133.49977555, 33.7870175], [133.49970834, 33.78709639], [133.499695, 33.78724305], [133.49967472, 33.78729917], [133.49968139, 33.78741194], [133.49982972, 33.787705], [133.49987, 33.78782333], [133.49986361, 33.78793055], [133.4997625, 33.78800389], [133.49968834, 33.78803778], [133.49960722, 33.78802639], [133.49948583, 33.78802639], [133.49937111, 33.78806583], [133.49934417, 33.78816722], [133.49928333, 33.78826861], [133.49895945, 33.78862389], [133.49873, 33.78880389], [133.49846695, 33.78905194], [133.49821055, 33.78930556], [133.498015, 33.78944639], [133.49771139, 33.78961], [133.49755611, 33.7896775], [133.49746834, 33.78968889], [133.49739417, 33.78971695], [133.4972525, 33.78977666], [133.49694222, 33.7899625], [133.49676667, 33.79004139], [133.49627445, 33.79019361], [133.49600445, 33.79032334], [133.49559306, 33.79049195], [133.49523528, 33.79061028], [133.49506, 33.79070055], [133.49503972, 33.79072305], [133.4949925, 33.79074556], [133.49462139, 33.79110639], [133.49446611, 33.79124166], [133.49428389, 33.79138805], [133.49425028, 33.79144445], [133.49425028, 33.79163055], [133.49431083, 33.79174889], [133.494365, 33.79179389], [133.49450666, 33.79191805], [133.49476972, 33.79219973], [133.49486417, 33.79227861], [133.49503972, 33.79235195], [133.4952825, 33.79239695], [133.49562667, 33.79241389], [133.495775, 33.79243639], [133.49595055, 33.79252667], [133.49602472, 33.79254917], [133.49622056, 33.79255472], [133.49628778, 33.79257722], [133.49649028, 33.79272389], [133.49662528, 33.79278584], [133.49674667, 33.79281417], [133.49704333, 33.79285361], [133.49721194, 33.79291556], [133.49739417, 33.793055], [133.49744695, 33.79310806], [133.49749389, 33.793195], [133.49753806, 33.79326694], [133.49764333, 33.79334667], [133.49772055, 33.79339389], [133.49774611, 33.79346778], [133.49773667, 33.79352861], [133.49771111, 33.79357972], [133.49762472, 33.79367083], [133.49756861, 33.79375027], [133.49755694, 33.7939475], [133.49756389, 33.79410861], [133.49759417, 33.79428111], [133.49760583, 33.79443861], [133.49759195, 33.79450305], [133.49750555, 33.79463945], [133.49739417, 33.79475528], [133.49730639, 33.79486528], [133.49719194, 33.79510195], [133.49719194, 33.79512445], [133.4970975, 33.79532167], [133.49701666, 33.79559195], [133.49698972, 33.79584555], [133.49696944, 33.79611055], [133.49698972, 33.796195], [133.49707723, 33.79636417], [133.49705028, 33.79640916], [133.496875, 33.796505], [133.49678722, 33.79657278], [133.49674667, 33.79664028], [133.49657805, 33.79688833], [133.49643639, 33.79706861], [133.49608556, 33.79722639], [133.49601805, 33.79729389], [133.49594389, 33.79741222], [133.49580222, 33.79769389], [133.49575472, 33.79773334], [133.49568055, 33.79769389], [133.49564028, 33.79762055], [133.49556584, 33.79736695], [133.49555916, 33.79720916], [133.49559306, 33.79713056], [133.49565361, 33.79705167], [133.4957075, 33.79700667], [133.49582917, 33.79692222], [133.49599777, 33.79684889], [133.49609889, 33.79683195], [133.49621361, 33.79679805], [133.49632833, 33.79670222], [133.49636889, 33.79665166], [133.49646333, 33.79651056], [133.49653083, 33.79635861], [133.49657805, 33.79618389], [133.49659833, 33.79592444], [133.49657805, 33.795575], [133.49656445, 33.79553556], [133.49655111, 33.79540028], [133.49655111, 33.79510195], [133.49656445, 33.79496111], [133.49657805, 33.79493861], [133.49669944, 33.79478084], [133.4969425, 33.79461167], [133.49698972, 33.79454389], [133.49698972, 33.79433555], [133.49695584, 33.79422833], [133.49685472, 33.794065], [133.49682083, 33.79403111], [133.49676028, 33.79391833], [133.49669944, 33.79362528], [133.49665889, 33.79357472], [133.49657139, 33.7935125], [133.49638222, 33.79345639], [133.49595723, 33.79338305], [133.49566028, 33.79336055], [133.49526917, 33.79336055], [133.49494528, 33.79338861], [133.49478333, 33.79338861], [133.49470917, 33.79335472], [133.4945875, 33.79321944], [133.49440528, 33.79303917], [133.4942975, 33.79297166], [133.49414222, 33.79292639], [133.49397361, 33.79289278], [133.49377111, 33.79281944], [133.49374417, 33.79279694], [133.49366333, 33.79270111], [133.49365639, 33.79266722], [133.49354167, 33.79252639], [133.49337028, 33.79245694], [133.49331917, 33.79243611], [133.49319778, 33.79243611], [133.49309639, 33.79248111], [133.49304278, 33.7925375], [133.49301583, 33.79263333], [133.4930225, 33.79273472], [133.49299555, 33.79276861], [133.49267167, 33.79303917], [133.49248944, 33.7931575], [133.49231389, 33.79323083], [133.49201722, 33.7933775], [133.49197, 33.79338861], [133.4918169338237, 33.79347153003976], [133.493175, 33.795608]]], [[[133.54415556, 33.75972444], [133.54412194, 33.75977528], [133.54416917, 33.75979222], [133.54426361, 33.75971333], [133.54442556, 33.75945972], [133.5445875, 33.75927361], [133.544655, 33.75917222], [133.54478305, 33.758885], [133.54499222, 33.75871584], [133.54499222, 33.75869334], [133.54493834, 33.75864834], [133.5448775, 33.75864278], [133.54480333, 33.75865389], [133.54474278, 33.75868222], [133.54453361, 33.75886806], [133.54444583, 33.75892417], [133.54439166, 33.75894667], [133.54420278, 33.75896944], [133.54406111, 33.75903695], [133.54402056, 33.75907083], [133.54402056, 33.75915528], [133.54405444, 33.75920611], [133.54412861, 33.759285], [133.54420972, 33.75944834], [133.54420278, 33.75960611], [133.54415556, 33.75972444]]]]}, "properties": {"N03_001": "高知県", "N03_002": null, "N03_003": "土佐郡", "N03_004": "土佐町", "N03_005": null, "N03_007": "39363"}}, {"type": "Feature", "geometry": {"type": "Polygon", "coordinates": [[[133.482692, 33.826506], [133.480129, 33.811062], [133.484086, 33.801914], [133.490156, 33.798969], [133.493175, 33.795608], [133.4918169338237, 33.79347153003976], [133.49172028, 33.79352389], [133.49157861, 33.79357472], [133.49138972, 33.79361417], [133.49123445, 33.79370416], [133.49111306, 33.79370416], [133.49099833, 33.79367611], [133.49083639, 33.79365917], [133.49066083, 33.79355194], [133.49021555, 33.79335472], [133.4900875, 33.79335472], [133.48998611, 33.79340555], [133.48979056, 33.79358583], [133.48955444, 33.79383361], [133.48933195, 33.79404222], [133.48919028, 33.79415472], [133.48907555, 33.7942], [133.48887306, 33.7942225], [133.48851555, 33.79423944], [133.48852917, 33.79428444], [133.48877861, 33.7944875], [133.48885972, 33.79463389], [133.48887306, 33.79470722], [133.48887306, 33.79498333], [133.48885305, 33.79507917], [133.48878555, 33.79523139], [133.48875167, 33.79527084], [133.48868416, 33.79532139], [133.48857639, 33.79536083], [133.48838056, 33.79538917], [133.48805667, 33.79539472], [133.48789472, 33.79537778], [133.48747639, 33.7953775], [133.48702444, 33.79541139], [133.48666, 33.79546778], [133.48639028, 33.79547889], [133.48589806, 33.79547889], [133.4860125, 33.79541139], [133.48618111, 33.79534389], [133.48641722, 33.79519723], [133.4865725, 33.79511861], [133.48699084, 33.79505084], [133.48750361, 33.79502278], [133.48782056, 33.79496639], [133.48800277, 33.79491583], [133.48815111, 33.79489305], [133.48824583, 33.794865], [133.48831306, 33.79482], [133.48834694, 33.79476917], [133.48836028, 33.79470166], [133.48834694, 33.79466195], [133.48828611, 33.79449861], [133.48819167, 33.79440833], [133.48782056, 33.794245], [133.48763167, 33.79408722], [133.48747639, 33.79390695], [133.48730111, 33.79360805], [133.4872875, 33.79356306], [133.48730778, 33.79350666], [133.487355, 33.79346167], [133.48746305, 33.79341083], [133.48761139, 33.79337722], [133.48778694, 33.79332084], [133.48795555, 33.79321361], [133.48832667, 33.79294333], [133.48840695, 33.79290972], [133.488475, 33.79288139], [133.48879889, 33.7928025], [133.48895416, 33.79272361], [133.48915667, 33.79256584], [133.48919694, 33.79252084], [133.48920389, 33.79244167], [133.49007667144716, 33.79189869210003], [133.484727, 33.788996], [133.481107, 33.782064], [133.457647, 33.770778], [133.452689, 33.770814], [133.449008, 33.768265], [133.439908, 33.767471], [133.434445, 33.765698], [133.428813, 33.766605], [133.423039, 33.765106], [133.416854, 33.768191], [133.405711, 33.761177], [133.402339, 33.762186], [133.394014, 33.76072], [133.388843, 33.756545], [133.381738, 33.757027], [133.378345, 33.755635], [133.368306, 33.755039], [133.363778, 33.768674], [133.364564, 33.773382], [133.360599, 33.777052], [133.353068, 33.780288], [133.353041, 33.785924], [133.359069, 33.789507], [133.349451, 33.798132], [133.345989, 33.797944], [133.340069, 33.802751], [133.335516, 33.803631], [133.328486, 33.80954], [133.326331, 33.814764], [133.33331, 33.821295], [133.345614, 33.824819], [133.3558, 33.834358], [133.361854, 33.833167], [133.369017, 33.829333], [133.375707, 33.828676], [133.391673, 33.824434], [133.400833, 33.836237], [133.405958, 33.836259], [133.412053, 33.83914], [133.424894, 33.839263], [133.432486, 33.834936], [133.448061, 33.834053], [133.453652, 33.83666], [133.464297, 33.834518], [133.470499, 33.83679], [133.473465, 33.8337], [133.483214, 33.832991], [133.486621, 33.829707], [133.482692, 33.826506]]]}, "properties": {"N03_001": "高知県", "N03_002": null, "N03_003": "土佐郡", "N03_004": "大川村", "N03_005": null, "N03_007": "39364"}}, {"type": "Feature", "geometry": {"type": "Polygon", "coordinates": [[[133.436487, 33.670514], [133.427659, 33.664908], [133.412682, 33.660526], [133.400641, 33.650694], [133.399546, 33.643028], [133.39501, 33.63989], [133.395746, 33.629134], [133.398981, 33.619663], [133.406196, 33.617477], [133.409277, 33.61874], [133.412803, 33.614741], [133.415738, 33.608263], [133.409003, 33.604923], [133.406127, 33.599361], [133.401369, 33.595361], [133.401959, 33.592091], [133.413154, 33.587029], [133.412908, 33.581735], [133.418237, 33.576161], [133.42914, 33.574702], [133.433456, 33.57582], [133.438474, 33.572111], [133.442634, 33.571434], [133.44659, 33.567257], [133.452473, 33.572067], [133.458138, 33.573984], [133.463108, 33.573261], [133.469023, 33.56601], [133.474502, 33.562734], [133.471471, 33.556873], [133.467859, 33.553921], [133.465745, 33.545275], [133.463144, 33.544332], [133.464847, 33.538528], [133.463111, 33.535607], [133.455979, 33.532641], [133.458008, 33.523702], [133.44907, 33.514393], [133.441668, 33.513579], [133.436574, 33.510056], [133.431644, 33.518069], [133.430127, 33.522817], [133.410738, 33.520367], [133.408113, 33.521092], [133.393846, 33.518958], [133.394118, 33.522847], [133.397809, 33.527281], [133.399381, 33.532742], [133.403461, 33.536737], [133.401036, 33.54313], [133.3834, 33.55455], [133.37642, 33.5574], [133.365004, 33.566101], [133.363256, 33.572695], [133.364883, 33.57754], [133.359431, 33.579731], [133.356144, 33.575422], [133.357246, 33.561471], [133.352954, 33.558698], [133.348534, 33.559061], [133.347241, 33.563996], [133.341826, 33.565035], [133.332906, 33.558344], [133.330592, 33.559495], [133.323728, 33.570785], [133.313009, 33.573817], [133.310553, 33.578839], [133.304544, 33.586466], [133.303684, 33.591891], [133.289202, 33.585668], [133.285722, 33.59159], [133.277876, 33.595157], [133.280626, 33.601963], [133.274381, 33.607627], [133.268676, 33.608556], [133.265771, 33.612922], [133.259463, 33.613466], [133.255767, 33.609625], [133.252453, 33.61065], [133.245478, 33.608094], [133.24312, 33.604407], [133.237927, 33.60214], [133.232182, 33.605103], [133.228269, 33.605045], [133.224176, 33.613094], [133.22468, 33.617696], [133.222936, 33.631728], [133.234749, 33.638713], [133.232867, 33.642413], [133.233507, 33.649067], [133.229743, 33.657816], [133.225745, 33.661811], [133.229768, 33.67573], [133.225956, 33.683026], [133.220125, 33.685992], [133.212091, 33.686287], [133.206763, 33.693184], [133.199477, 33.694579], [133.192682, 33.700873], [133.186528, 33.701303], [133.174143, 33.707743], [133.171766, 33.713619], [133.166301, 33.720855], [133.167173, 33.728504], [133.16121, 33.731526], [133.159297, 33.733937], [133.157837, 33.750295], [133.164646, 33.756361], [133.170921, 33.757543], [133.179973, 33.764055], [133.183743, 33.768142], [133.182372, 33.771478], [133.187258, 33.777371], [133.19047, 33.783626], [133.192744, 33.793782], [133.203704, 33.794735], [133.215538, 33.785612], [133.219844, 33.780431], [133.231609, 33.783962], [133.236921, 33.782725], [133.245937, 33.788947], [133.249881, 33.788329], [133.25718, 33.793863], [133.262455, 33.804825], [133.260772, 33.811084], [133.267544, 33.820831], [133.269213, 33.825618], [133.27718, 33.830813], [133.28425, 33.831792], [133.293769, 33.828696], [133.302292, 33.823129], [133.310275, 33.81588], [133.319153, 33.816057], [133.326331, 33.814764], [133.328486, 33.80954], [133.335516, 33.803631], [133.340069, 33.802751], [133.345989, 33.797944], [133.349451, 33.798132], [133.359069, 33.789507], [133.353041, 33.785924], [133.353068, 33.780288], [133.360599, 33.777052], [133.364564, 33.773382], [133.363778, 33.768674], [133.368306, 33.755039], [133.362881, 33.751938], [133.359531, 33.74691], [133.363425, 33.741936], [133.359893, 33.733953], [133.361901, 33.728126], [133.36909, 33.726341], [133.368933, 33.719054], [133.380585, 33.713792], [133.381667, 33.709362], [133.385464, 33.707563], [133.382848, 33.703183], [133.396476, 33.700097], [133.400801, 33.694396], [133.396121, 33.68068], [133.398507, 33.680206], [133.404746, 33.684732], [133.414076, 33.685662], [133.426615, 33.691322], [133.435222, 33.693896], [133.445782, 33.68486], [133.44952, 33.678261], [133.449434, 33.672271], [133.436487, 33.670514]], [[133.23902694, 33.72599333], [133.23901361, 33.72564389], [133.23898666, 33.7255425], [133.23888556, 33.72533973], [133.23874833, 33.72515028], [133.23847444, 33.72478167], [133.23833944, 33.724675], [133.238225, 33.72453972], [133.23808334, 33.7243425], [133.23800916, 33.72417889], [133.23801667, 33.72411389], [133.23817111, 33.72435916], [133.23833278, 33.72455083], [133.23844055, 33.72464112], [133.23856194, 33.72466917], [133.23873722, 33.7248775], [133.23919555, 33.72523806], [133.23933028, 33.72532278], [133.23943806, 33.72534528], [133.23962695, 33.72535083], [133.23988973, 33.72529444], [133.24002444, 33.72528889], [133.24013917, 33.72533389], [133.24022, 33.72536223], [133.24043556, 33.72536778], [133.24058361, 33.72539583], [133.24088028, 33.72553111], [133.24123084, 33.72559889], [133.24171611, 33.72559889], [133.24185083, 33.72562695], [133.24199222, 33.72567222], [133.24226194, 33.72577361], [133.24238333, 33.72581306], [133.24260583, 33.72583], [133.24280111, 33.72588639], [133.24313805, 33.72604416], [133.24339417, 33.72625833], [133.24345472, 33.72629195], [133.24350861, 33.72628083], [133.24362305, 33.72619056], [133.24384917, 33.72597222], [133.24382528, 33.72617361], [133.24382528, 33.72634833], [133.24389944, 33.72656805], [133.24389944, 33.72683861], [133.24385917, 33.72701889], [133.24380528, 33.72713722], [133.24374444, 33.72722195], [133.24364333, 33.72730639], [133.24327945, 33.72750917], [133.24314472, 33.72762194], [133.24307722, 33.72771778], [133.24302333, 33.72786445], [133.24297612, 33.72797139], [133.24279416, 33.72816305], [133.24272, 33.72828139], [133.24272, 33.72833778], [133.24275361, 33.72839944], [133.24282111, 33.72845028], [133.24286834, 33.72846139], [133.24303, 33.72845584], [133.24315806, 33.72842778], [133.24339389, 33.72835472], [133.24362305, 33.728225], [133.24385917, 33.72805028], [133.24398028, 33.72799972], [133.24427027, 33.727915], [133.24445223, 33.72788111], [133.24465444, 33.72787556], [133.24474194, 33.7278925], [133.24488361, 33.7278925], [133.24493083, 33.72787556], [133.24520028, 33.72772333], [133.24529473, 33.72769528], [133.24583389, 33.72763333], [133.24600916, 33.72763333], [133.24623833, 33.72768973], [133.24640639, 33.72774611], [133.24656834, 33.727825], [133.24670973, 33.72798278], [133.24687167, 33.72813472], [133.24716138, 33.72831528], [133.2474175, 33.72847556], [133.24753027, 33.72857195], [133.24761973, 33.72862916], [133.24783528, 33.72873056], [133.24811166, 33.72883195], [133.2483275, 33.72893333], [133.24848917, 33.72896722], [133.24871167, 33.72896722], [133.24893417, 33.72891083], [133.24904195, 33.72883778], [133.2491025, 33.72877556], [133.24914305, 33.72871916], [133.2492575, 33.72866306], [133.24931166, 33.72860084], [133.24936555, 33.72846556], [133.2493925, 33.72833028], [133.24943973, 33.72827972], [133.24948667, 33.72827972], [133.24960139, 33.72831917], [133.24967556, 33.72832472], [133.24976306, 33.72828528], [133.24987111, 33.72813889], [133.24991805, 33.72813889], [133.24999223, 33.728195], [133.25012028, 33.72824028], [133.25014055, 33.72825722], [133.25014055, 33.72831361], [133.25007862, 33.72836223], [133.25003278, 33.72839806], [133.24998555, 33.72845444], [133.24999916, 33.72856722], [133.25005944, 33.72867416], [133.25013361, 33.7287475], [133.25023472, 33.72878138], [133.25042334, 33.72878138], [133.25060528, 33.72877556], [133.25079417, 33.72882083], [133.25084139, 33.72882083], [133.25092889, 33.72880388], [133.25113111, 33.72866306], [133.25119194, 33.72865166], [133.25132, 33.72866861], [133.25134, 33.72873056], [133.25130639, 33.72886583], [133.25130639, 33.72900112], [133.25134, 33.72907444], [133.25158278, 33.72939], [133.25165694, 33.72957583], [133.25167028, 33.72977889], [133.25163, 33.72994222], [133.25153555, 33.73017333], [133.25144111, 33.73035916], [133.25132667, 33.7304775], [133.25124583, 33.730545], [133.25109083, 33.73061833], [133.25102333, 33.73068583], [133.25100306, 33.73087194], [133.25085472, 33.73112], [133.25074028, 33.73126639], [133.25069305, 33.73137361], [133.25084805, 33.73139055], [133.2510975, 33.73136778], [133.25130639, 33.73131722], [133.25183222, 33.73117639], [133.2520075, 33.73115361], [133.25221639, 33.73115361], [133.25241861, 33.73119889], [133.25270167, 33.73131167], [133.25289027, 33.73132278], [133.25316, 33.73132278], [133.25324084, 33.73133417], [133.25332861, 33.73135667], [133.25348362, 33.73143555], [133.25396194, 33.73179611], [133.25411694, 33.73194278], [133.254245, 33.73202166], [133.25431222, 33.73204416], [133.2544675, 33.73203305], [133.25454139, 33.73198778], [133.2546425, 33.73186944], [133.25478416, 33.73164972], [133.25496612, 33.73136222], [133.25504028, 33.73121], [133.255155, 33.73109194], [133.25520195, 33.73106389], [133.25522222, 33.73104139], [133.25526278, 33.73101889], [133.25543111, 33.73100194], [133.25551889, 33.73097916], [133.25557278, 33.73093416], [133.25586944, 33.73072], [133.25594362, 33.73061862], [133.25595028, 33.7304325], [133.25617278, 33.73017889], [133.25631416, 33.72991972], [133.25636139, 33.72987472], [133.25659055, 33.72968861], [133.25688722, 33.72944056], [133.25694778, 33.72933917], [133.25698139, 33.72917611], [133.25696806, 33.72907472], [133.2569275, 33.72895639], [133.2569275, 33.7288775], [133.25695445, 33.72882112], [133.25698139, 33.72879833], [133.25704889, 33.72879278], [133.25722416, 33.72904084], [133.25725945, 33.72906666], [133.25739278, 33.72916472], [133.25746, 33.72919306], [133.257595, 33.72923806], [133.25783083, 33.72927194], [133.25829583, 33.72929444], [133.25841028, 33.72928889], [133.25855166, 33.72926639], [133.2586125, 33.7292325], [133.25869334, 33.7292325], [133.25880778, 33.72936194], [133.25894278, 33.72944083], [133.25923917, 33.72945222], [133.25940111, 33.72950861], [133.25946834, 33.72954805], [133.25958305, 33.72961555], [133.25963695, 33.7296325], [133.25985944, 33.72966083], [133.25996722, 33.72967777], [133.26015583, 33.72973972], [133.26020306, 33.72974527], [133.26024361, 33.72976777], [133.26040528, 33.72980167], [133.2610725, 33.72980167], [133.26127473, 33.72983556], [133.26177361, 33.729965], [133.26182083, 33.72998778], [133.26202306, 33.73004389], [133.26217778, 33.73004389], [133.26235972, 33.73003833], [133.26244751, 33.73007223], [133.262535, 33.73006666], [133.26257556, 33.73003833], [133.26265639, 33.729875], [133.26272361, 33.72979027], [133.26289223, 33.72964389], [133.26319556, 33.72928889], [133.26320917, 33.729255], [133.26320917, 33.72906334], [133.26323611, 33.7290125], [133.26335056, 33.7289], [133.26337083, 33.72884917], [133.26336417, 33.72878167], [133.26330333, 33.72869138], [133.26330333, 33.728635], [133.26333027, 33.72860111], [133.26338417, 33.72856166], [133.26354611, 33.72856166], [133.26369445, 33.7285675], [133.26376167, 33.72853361], [133.26390333, 33.72841], [133.26398417, 33.72828028], [133.26399083, 33.72799278], [133.26401778, 33.72791945], [133.26415278, 33.72775611], [133.26431445, 33.72762639], [133.264355, 33.72757], [133.26436834, 33.7275025], [133.26434139, 33.72742361], [133.26433472, 33.72732222], [133.26436167, 33.72727694], [133.26453027, 33.72718694], [133.26482, 33.72710222], [133.26527166, 33.72692195], [133.26539306, 33.72692195], [133.26540445, 33.72692556], [133.26550084, 33.72695583], [133.2656625, 33.72705167], [133.26614778, 33.72730527], [133.26641056, 33.72747417], [133.26653861, 33.72753056], [133.26666667, 33.72757], [133.26680805, 33.72757583], [133.2669025, 33.72755333], [133.26705083, 33.72756444], [133.26717223, 33.72760389], [133.26740139, 33.72768278], [133.26751583, 33.72770528], [133.26759, 33.72771111], [133.2676575, 33.72767167], [133.26772473, 33.72758694], [133.26773834, 33.72751361], [133.26771805, 33.72740111], [133.26763722, 33.72727694], [133.26759, 33.72716444], [133.26755639, 33.72699], [133.26746861, 33.72680945], [133.26740139, 33.72673056], [133.26714528, 33.72651639], [133.26713167, 33.72649389], [133.26729333, 33.72638694], [133.26740806, 33.72626278], [133.26751583, 33.72603166], [133.26765055, 33.72588528], [133.26775166, 33.72574444], [133.26779223, 33.72566556], [133.26780584, 33.72558084], [133.26782583, 33.72540055], [133.26786639, 33.72532722], [133.26793389, 33.72527083], [133.26812917, 33.72525972], [133.26825722, 33.72523139], [133.26863473, 33.72511306], [133.26897167, 33.72502861], [133.26936945, 33.72503445], [133.26945722, 33.72504583], [133.26967278, 33.72507389], [133.26990861, 33.72514167], [133.27005027, 33.72522055], [133.27011084, 33.72522055], [133.27015139, 33.72518111], [133.27017167, 33.72512472], [133.27017167, 33.72491056], [133.27013777, 33.72484861], [133.27009056, 33.72481472], [133.26998277, 33.72478084], [133.26974028, 33.72477528], [133.26928861, 33.72456667], [133.26914695, 33.72444278], [133.26912694, 33.7243975], [133.26915389, 33.7243075], [133.26913361, 33.72421166], [133.26911333, 33.72417223], [133.26904583, 33.72411028], [133.26890444, 33.7240425], [133.26888417, 33.72394667], [133.26885055, 33.72371], [133.26905944, 33.72369305], [133.26906223, 33.72369194], [133.26912694, 33.723665], [133.26915389, 33.72363111], [133.26918083, 33.72350722], [133.26921445, 33.72347333], [133.26939639, 33.72338889], [133.26951111, 33.72336611], [133.26963917, 33.72334944], [133.26974694, 33.72332667], [133.2698075, 33.72329306], [133.26982778, 33.72326472], [133.26982778, 33.72318028], [133.26976722, 33.72310139], [133.26951111, 33.72285888], [133.26946389, 33.722735], [133.26941, 33.72262223], [133.26930195, 33.72252083], [133.26917389, 33.72243056], [133.26913361, 33.72239111], [133.26912694, 33.72232389], [133.2691875, 33.72218306], [133.26919417, 33.72210972], [133.26914028, 33.72196305], [133.26908638, 33.72188417], [133.26897167, 33.72182778], [133.26883028, 33.72179417], [133.26875611, 33.72175473], [133.26878305, 33.72172639], [133.26889083, 33.72167], [133.26901222, 33.72158], [133.26906611, 33.72146722], [133.26907972, 33.72135444], [133.26905944, 33.72127555], [133.26903917, 33.72108388], [133.26897861, 33.72097111], [133.26871555, 33.72075694], [133.26848639, 33.72063306], [133.26837195, 33.72059361], [133.26826444, 33.72059361], [133.26821722, 33.72061056], [133.26809583, 33.72068389], [133.26796111, 33.7207175], [133.26783306, 33.7207175], [133.26756333, 33.7206275], [133.26737473, 33.72058806], [133.26713194, 33.72046389], [133.26697695, 33.72045278], [133.26688916, 33.72040195], [133.26685556, 33.72032861], [133.26684888, 33.72024973], [133.26691638, 33.71975389], [133.26693639, 33.71960722], [133.26703084, 33.71922972], [133.26703084, 33.71906055], [133.26696334, 33.71890861], [133.26691638, 33.71883555], [133.26681528, 33.71874528], [133.26660611, 33.718655], [133.26666694, 33.71859889], [133.26666694, 33.7185425], [133.26659944, 33.71848611], [133.26630278, 33.71842416], [133.26620166, 33.71839028], [133.2661075, 33.71833389], [133.26605361, 33.71805222], [133.26601972, 33.71793361], [133.26593888, 33.71779833], [133.26581083, 33.71766333], [133.26572333, 33.71752806], [133.26584445, 33.71756166], [133.26593222, 33.71764056], [133.26623555, 33.71809167], [133.26633666, 33.71818167], [133.26649833, 33.71829444], [133.26668695, 33.71837333], [133.2668825, 33.71847473], [133.26718583, 33.71875083], [133.26736112, 33.71897639], [133.26740167, 33.71906084], [133.26740833, 33.71913972], [133.26742862, 33.71922416], [133.26745556, 33.71924666], [133.26748917, 33.71925778], [133.26780611, 33.71925806], [133.26789361, 33.71921306], [133.26807555, 33.71906666], [133.26813639, 33.71899889], [133.2684125, 33.71873417], [133.26852056, 33.71861555], [133.26885055, 33.7183225], [133.26882361, 33.71837333], [133.26874944, 33.7185875], [133.26861444, 33.71894834], [133.2685475, 33.71908334], [133.26854056, 33.71911722], [133.26849361, 33.71919056], [133.26846667, 33.7192525], [133.2683925, 33.71932028], [133.26834528, 33.71934278], [133.26813639, 33.71939917], [133.26808222, 33.71946083], [133.2681025, 33.71960167], [133.26814305, 33.71968055], [133.26821028, 33.71975945], [133.26823528, 33.71980916], [133.26824417, 33.71982722], [133.26823056, 33.71990611], [133.26817, 33.71994556], [133.26812278, 33.71995667], [133.26765778, 33.7199625], [133.26759028, 33.71997917], [133.26759028, 33.72001306], [133.26761056, 33.7200525], [133.26769806, 33.72012028], [133.26780611, 33.72014278], [133.26811611, 33.72014278], [133.26826444, 33.72012028], [133.26845945, 33.72006389], [133.26860778, 33.720075], [133.26883028, 33.72016528], [133.26929527, 33.720385], [133.26938972, 33.7204075], [133.2694975, 33.72039639], [133.26965917, 33.72033445], [133.26974694, 33.72034], [133.26976722, 33.72037389], [133.26976722, 33.72052611], [133.26981444, 33.72057667], [133.26988861, 33.720605], [133.2700975, 33.72063306], [133.27014472, 33.7206725], [133.27015139, 33.72068944], [133.27009056, 33.72081334], [133.27005695, 33.72086972], [133.27000972, 33.72099945], [133.27003667, 33.72108972], [133.27016472, 33.72127555], [133.27016472, 33.72137139], [133.27001667, 33.72168694], [133.26997611, 33.72179417], [133.26996944, 33.72189], [133.26999638, 33.7220025], [133.27007722, 33.72212083], [133.27019166, 33.72222806], [133.27023222, 33.72225056], [133.27025916, 33.72229], [133.27026584, 33.72244223], [133.27029972, 33.7225325], [133.27038055, 33.72261695], [133.27043444, 33.72265083], [133.27050194, 33.72267333], [133.27075806, 33.72270722], [133.27077833, 33.72270722], [133.27083222, 33.72274083], [133.2708725, 33.72278612], [133.2708925, 33.72281972], [133.27090611, 33.72296639], [133.27097334, 33.72303944], [133.27100722, 33.72306194], [133.2712025, 33.72314639], [133.27139139, 33.72314639], [133.27145195, 33.72317472], [133.27148556, 33.72320278], [133.2715125, 33.72327056], [133.27155972, 33.72357472], [133.27155972, 33.72364805], [133.27150583, 33.72372139], [133.27139139, 33.72383972], [133.27134417, 33.72393556], [133.27135083, 33.72412139], [133.27138445, 33.72423973], [133.271425, 33.72433], [133.2715125, 33.72442028], [133.27164055, 33.72450472], [133.27171472, 33.72453861], [133.27176889, 33.72457805], [133.27191028, 33.72462305], [133.27203833, 33.72464555], [133.27217306, 33.72470194], [133.27222722, 33.72471334], [133.27246972, 33.7247075], [133.27259111, 33.72465694], [133.27265166, 33.72464555], [133.27265166, 33.72470194], [133.27263139, 33.72474139], [133.27254028, 33.72484306], [133.27251027, 33.72487666], [133.27242945, 33.72498945], [133.27241583, 33.72502333], [133.27238889, 33.72504583], [133.27234833, 33.72514167], [133.27234167, 33.72529361], [133.27228111, 33.72533889], [133.27205862, 33.72534445], [133.272025, 33.72536139], [133.27198444, 33.72545167], [133.27194389, 33.72566583], [133.27184278, 33.72590223], [133.27187, 33.72598666], [133.2719575, 33.72591916], [133.27207194, 33.72577278], [133.27212612, 33.72573333], [133.27220694, 33.72570528], [133.27246306, 33.72547972], [133.27255055, 33.72541777], [133.27280667, 33.72527695], [133.27286083, 33.72522611], [133.27297528, 33.72514722], [133.27309, 33.72505139], [133.2731775, 33.724995], [133.27325833, 33.72500056], [133.27331222, 33.72511889], [133.27336611, 33.72516972], [133.27348084, 33.72524305], [133.27348084, 33.72531639], [133.27339305, 33.72538945], [133.27323139, 33.72549667], [133.2731775, 33.72555306], [133.27315056, 33.72564306], [133.27314389, 33.72576723], [133.27305611, 33.72596445], [133.27305611, 33.72604889], [133.27306972, 33.72607139], [133.27320445, 33.72607139], [133.27336611, 33.72603778], [133.27351417, 33.72602639], [133.27368944, 33.72606028], [133.27371639, 33.72608278], [133.27371639, 33.72612222], [133.27358833, 33.72627444], [133.27355472, 33.72634167], [133.27353444, 33.72650528], [133.27350083, 33.72654472], [133.27330528, 33.72657278], [133.27309, 33.72667416], [133.27299556, 33.726725], [133.27302917, 33.72687138], [133.27331194, 33.72731111], [133.27342, 33.72761555], [133.27349389, 33.72787472], [133.27355472, 33.7280325], [133.27364917, 33.72817333], [133.27374333, 33.72824666], [133.27379056, 33.72826361], [133.273885, 33.72826361], [133.27404666, 33.72817333], [133.27415444, 33.72810028], [133.27428944, 33.72807194], [133.27438361, 33.72806083], [133.27448472, 33.7280325], [133.27467361, 33.72793111], [133.27471389, 33.72791972], [133.27505111, 33.72793667], [133.27513194, 33.72791417], [133.27526667, 33.72784667], [133.27537444, 33.72784667], [133.27547556, 33.72787472], [133.27558138, 33.72788528], [133.27559027, 33.72788611], [133.27606889, 33.72788611], [133.27635166, 33.72790861], [133.27659417, 33.72790861], [133.27676278, 33.72786333], [133.27681667, 33.72784083], [133.27695167, 33.72781833], [133.27707972, 33.72783527], [133.27714695, 33.72789722], [133.27728861, 33.72808889], [133.27740305, 33.72819028], [133.27753805, 33.72822973], [133.27789528, 33.7282975], [133.27798945, 33.72832], [133.27807056, 33.728365], [133.27815805, 33.72844388], [133.27820528, 33.72850583], [133.27834, 33.7289175], [133.27838055, 33.728985], [133.2785625, 33.72913722], [133.27868389, 33.7292725], [133.27882527, 33.72949222], [133.27894666, 33.72972889], [133.2790275, 33.72979666], [133.27927694, 33.72979083], [133.27935778, 33.72976278], [133.27960695, 33.72963306], [133.27982278, 33.72957667], [133.27998444, 33.72948084], [133.28010583, 33.72934], [133.280335, 33.72915972], [133.28038889, 33.72906944], [133.28042916, 33.7289175], [133.28049, 33.72882722], [133.28059778, 33.72873139], [133.28082694, 33.72857917], [133.28090778, 33.72855112], [133.28114388, 33.72855112], [133.28159528, 33.72862417], [133.28189195, 33.72870334], [133.28214805, 33.72874834], [133.28226945, 33.72875972], [133.28235694, 33.72872028], [133.28237055, 33.72870361], [133.28231666, 33.72853444], [133.28231666, 33.72839917], [133.28237723, 33.72827528], [133.28240417, 33.7282525], [133.28247833, 33.72824138], [133.28253222, 33.72825833], [133.28268056, 33.72828083], [133.28295666, 33.72828083], [133.28343528, 33.72823], [133.2836375, 33.72823583], [133.28398805, 33.7282525], [133.28403833, 33.72846889], [133.28410389, 33.72877694], [133.28418111, 33.72911472], [133.28427527, 33.72956556], [133.28391389, 33.72986973], [133.28384639, 33.72990916], [133.28368472, 33.72992056], [133.2836375, 33.72994306], [133.2833275, 33.7302025], [133.2831925, 33.73023611], [133.28292972, 33.73023611], [133.28280834, 33.73035444], [133.28273445, 33.73039389], [133.28266722, 33.73040528], [133.28241778, 33.73039389], [133.28233, 33.73043334], [133.28213472, 33.73058], [133.28207389, 33.73060806], [133.2819325, 33.73060806], [133.281865, 33.73056306], [133.2817975, 33.73056306], [133.28171, 33.73061916], [133.28162917, 33.73065861], [133.28149417, 33.73065861], [133.28145389, 33.7306925], [133.28142, 33.73082195], [133.28138639, 33.73085583], [133.28134611, 33.73087833], [133.28111694, 33.73091778], [133.2810225, 33.73095722], [133.28094167, 33.73100805], [133.2808875, 33.73110945], [133.28084722, 33.73141389], [133.28076639, 33.73161666], [133.28071917, 33.73178583], [133.28066528, 33.73191556], [133.2805775, 33.73212972], [133.28057084, 33.73224222], [133.28060444, 33.73233778], [133.28075278, 33.73255778], [133.28080667, 33.73267028], [133.28082028, 33.73295777], [133.28087417, 33.73311], [133.28090778, 33.73326778], [133.28092806, 33.73348195], [133.28090111, 33.73369611], [133.2808675, 33.73384278], [133.28081361, 33.73376944], [133.28063834, 33.73334111], [133.2805775, 33.73322833], [133.28051695, 33.73320583], [133.28049, 33.73318333], [133.28029445, 33.7328675], [133.28019333, 33.73274362], [133.28003167, 33.73259139], [133.27980917, 33.73234916], [133.27978889, 33.73229834], [133.27978223, 33.7322025], [133.27984278, 33.73200556], [133.27986972, 33.73182528], [133.27986972, 33.73159973], [133.27982944, 33.73149833], [133.27972834, 33.73141944], [133.27955972, 33.73136861], [133.27927694, 33.73136861], [133.27917583, 33.73138], [133.27905444, 33.73138], [133.27896695, 33.73134056], [133.27883889, 33.73134056], [133.27870417, 33.73137444], [133.27854889, 33.73124472], [133.27830639, 33.73116027], [133.27821194, 33.73103055], [133.278185, 33.73101361], [133.27782778, 33.73098555], [133.27774028, 33.73095167], [133.27757833, 33.73082778], [133.27741, 33.73075445], [133.27732222, 33.73068666], [133.27721445, 33.73062472], [133.27712666, 33.73060222], [133.27697861, 33.73059666], [133.27694472, 33.73062472], [133.27693806, 33.73072611], [133.27697167, 33.73080528], [133.27695167, 33.73088972], [133.27691778, 33.73093472], [133.27678305, 33.73105305], [133.27658084, 33.73118277], [133.27637861, 33.73134611], [133.27625722, 33.73138527], [133.27624388, 33.73139667], [133.27606, 33.7316225], [133.27600861, 33.73164945], [133.27596972, 33.73158528], [133.27600139, 33.73143611], [133.27600139, 33.73130639], [133.27597444, 33.73119389], [133.27596778, 33.731025], [133.27602167, 33.73089528], [133.27606223, 33.73075445], [133.27608222, 33.73053472], [133.27613611, 33.73034305], [133.27626389, 33.73017389], [133.27627083, 33.73004416], [133.27624388, 33.72993723], [133.27619, 33.72986389], [133.27612278, 33.72980194], [133.27604194, 33.72975111], [133.27587334, 33.72968361], [133.27575195, 33.72968361], [133.27567111, 33.72969472], [133.27561056, 33.72972861], [133.27553861, 33.72982056], [133.2754825, 33.72989223], [133.27531389, 33.72989223], [133.27521278, 33.72985833], [133.27508473, 33.72985278], [133.27503084, 33.72987528], [133.27490945, 33.72997666], [133.274795, 33.73006111], [133.27476111, 33.7300725], [133.27441083, 33.73008361], [133.2742825, 33.73008361], [133.2741075, 33.73007806], [133.27398611, 33.73011195], [133.27381083, 33.73010056], [133.27360194, 33.73015139], [133.27347389, 33.73015139], [133.27338611, 33.73012889], [133.27309639, 33.73012306], [133.27298167, 33.73014583], [133.27275278, 33.73023028], [133.27269889, 33.73023583], [133.27254389, 33.72997111], [133.27242945, 33.72979639], [133.27230111, 33.72966667], [133.27176889, 33.72923278], [133.27171472, 33.72917083], [133.27166084, 33.72905806], [133.27163389, 33.72892278], [133.27160695, 33.72881], [133.27159361, 33.72844945], [133.27156667, 33.72835916], [133.27147222, 33.72824666], [133.27148556, 33.72816223], [133.27151945, 33.728055], [133.27149917, 33.72795917], [133.27144528, 33.72789722], [133.27133056, 33.72782389], [133.27128333, 33.7277675], [133.27127, 33.72763805], [133.27119583, 33.72751389], [133.27098695, 33.72729417], [133.27062277, 33.72705194], [133.27045444, 33.72693362], [133.27028583, 33.72677583], [133.27021167, 33.72674195], [133.27015778, 33.72673056], [133.27001639, 33.726725], [133.26993528, 33.72677], [133.2698275, 33.72688278], [133.26976, 33.72699], [133.26969944, 33.72716472], [133.2696725, 33.72731667], [133.26967917, 33.72789695], [133.26966583, 33.72794195], [133.26962528, 33.72826333], [133.26959833, 33.72837028], [133.26954444, 33.728545], [133.26942862, 33.72872972], [133.26939611, 33.72878194], [133.269275, 33.72894528], [133.26906611, 33.72914806], [133.26901222, 33.72918194], [133.26885722, 33.72924972], [133.26832472, 33.72933417], [133.26782583, 33.72934555], [133.26764389, 33.72936805], [133.26756972, 33.72943], [133.26753611, 33.7295425], [133.26748889, 33.72958195], [133.26742139, 33.72958195], [133.26723278, 33.72946361], [133.26708444, 33.72937889], [133.26699694, 33.7293225], [133.26685528, 33.72915944], [133.26670027, 33.72913139], [133.26598584, 33.72913111], [133.26585111, 33.72916472], [133.26579695, 33.72921], [133.26576361, 33.729255], [133.26564917, 33.72944667], [133.26556805, 33.72961555], [133.26548723, 33.72975667], [133.26531195, 33.7299425], [133.26530528, 33.72995944], [133.265285, 33.73011166], [133.26524472, 33.73024695], [133.26524472, 33.73042722], [133.26527834, 33.73050055], [133.26527834, 33.73059084], [133.26525139, 33.73061334], [133.26517722, 33.73054555], [133.26509638, 33.73039333], [133.26506278, 33.73035388], [133.26504917, 33.73031445], [133.264975, 33.73019056], [133.26493472, 33.73009473], [133.2648875, 33.72985806], [133.26486055, 33.72977361], [133.26479972, 33.72971722], [133.26465139, 33.72971722], [133.26457055, 33.72976222], [133.26452334, 33.72982417], [133.26446277, 33.72992556], [133.26439528, 33.73013973], [133.26427417, 33.73040472], [133.26407194, 33.73067528], [133.26400444, 33.73073722], [133.26378194, 33.73087222], [133.26353945, 33.73097361], [133.26331028, 33.73103556], [133.26312806, 33.73109194], [133.26294611, 33.73117083], [133.26283166, 33.73119333], [133.26235306, 33.73119333], [133.26213722, 33.73116528], [133.26209028, 33.73116417], [133.26187472, 33.73115972], [133.2618275, 33.73118222], [133.26181417, 33.73119917], [133.26180056, 33.73119917], [133.26182083, 33.73130055], [133.26189472, 33.73148084], [133.26195528, 33.7317175], [133.26203611, 33.73194861], [133.26206305, 33.73198805], [133.26208333, 33.73204445], [133.26207667, 33.73209528], [133.26205639, 33.73211222], [133.26200917, 33.73208389], [133.26192166, 33.73197695], [133.26180722, 33.73187555], [133.26165222, 33.73180778], [133.26138278, 33.73164444], [133.26122777, 33.73152027], [133.26114666, 33.73142445], [133.26109277, 33.73132861], [133.2610525, 33.73120472], [133.26101195, 33.73115389], [133.2609175, 33.73110333], [133.26077612, 33.731075], [133.26061417, 33.73106389], [133.26053333, 33.73109778], [133.26021667, 33.73137389], [133.25990667, 33.73171194], [133.25986612, 33.73174028], [133.25981889, 33.73174583], [133.25980555, 33.73170083], [133.25987973, 33.73148667], [133.25994028, 33.73127805], [133.26000083, 33.73110333], [133.26000778, 33.73097361], [133.25997389, 33.73092306], [133.25991333, 33.73086666], [133.25981889, 33.73082722], [133.25955611, 33.73083278], [133.25952222, 33.73082139], [133.25936722, 33.7307425], [133.25926611, 33.7307425], [133.25919889, 33.73075944], [133.25894944, 33.73077639], [133.25875389, 33.73077639], [133.25861916, 33.73072555], [133.25849777, 33.73072555], [133.25839667, 33.73077639], [133.25812723, 33.73078194], [133.25802639, 33.73082139], [133.25793195, 33.73082722], [133.25783083, 33.73079334], [133.25770944, 33.73079889], [133.25743305, 33.73080472], [133.25735223, 33.73084416], [133.25725778, 33.73092306], [133.25703556, 33.73101889], [133.25676583, 33.73117083], [133.25655, 33.73132861], [133.25643555, 33.73148055], [133.25641528, 33.73153695], [133.25640195, 33.73177361], [133.25632777, 33.73199361], [133.25634806, 33.73204973], [133.25640195, 33.732095], [133.25651639, 33.73212889], [133.25694445, 33.73219389], [133.25703556, 33.73220778], [133.25719722, 33.73228083], [133.25733194, 33.73237667], [133.2573725, 33.73243305], [133.25746, 33.73265278], [133.25751389, 33.73290083], [133.25752722, 33.73300805], [133.25756083, 33.73306444], [133.25769583, 33.73319389], [133.25766888, 33.73325027], [133.25758111, 33.73332361], [133.25739278, 33.73349278], [133.25745972, 33.73362805], [133.25745972, 33.73369555], [133.257325, 33.73380833], [133.25731833, 33.73382528], [133.25729805, 33.73393778], [133.25729139, 33.7341575], [133.25733861, 33.73428139], [133.25733861, 33.73441111], [133.25729139, 33.73449556], [133.25720361, 33.73478862], [133.25712944, 33.73492944], [133.25705528, 33.73499722], [133.25694778, 33.73507056], [133.25681972, 33.73512694], [133.25665805, 33.73517194], [133.25643555, 33.73518306], [133.25626027, 33.73521694], [133.25607833, 33.73528473], [133.25590306, 33.73534083], [133.25581555, 33.73534667], [133.25564028, 33.73529583], [133.25546916, 33.73528834], [133.255445, 33.73532861], [133.25547834, 33.73538611], [133.25565361, 33.73553833], [133.25580862, 33.73570167], [133.25590972, 33.7358425], [133.2559975, 33.73598916], [133.25605806, 33.73611833], [133.25614583, 33.73643972], [133.25627389, 33.73672722], [133.25627389, 33.73677778], [133.25613889, 33.736885], [133.25607167, 33.73695833], [133.25605806, 33.73704833], [133.25606472, 33.73707667], [133.25613222, 33.73715555], [133.25622667, 33.73733584], [133.25636805, 33.73746556], [133.25673194, 33.73769666], [133.25686, 33.73782056], [133.25689361, 33.73789389], [133.25693417, 33.73809111], [133.25700139, 33.73837861], [133.25705528, 33.738525], [133.25714305, 33.73863222], [133.25735861, 33.73889139], [133.25739917, 33.73904889], [133.25739694, 33.73908945], [133.25742222, 33.73912639], [133.25739694, 33.7391675], [133.25738166, 33.73922278], [133.25733611, 33.73932361], [133.25737917, 33.73938723], [133.25733861, 33.73948389], [133.25739694, 33.73955972], [133.25734862, 33.73961945], [133.25732333, 33.73972], [133.25736639, 33.73977555], [133.25733611, 33.73984528], [133.25734111, 33.73989056], [133.25738556, 33.73991111], [133.25731139, 33.7399675], [133.25723055, 33.739945], [133.25723472, 33.73987611], [133.25721445, 33.73982694], [133.25725, 33.73974055], [133.25720944, 33.73965416], [133.25725, 33.73955556], [133.25717417, 33.73945306], [133.25722472, 33.73932972], [133.25719417, 33.73923111], [133.25722472, 33.73916139], [133.25718417, 33.73911611], [133.25719945, 33.73909139], [133.25722972, 33.73905862], [133.25723055, 33.73896445], [133.25720361, 33.738835], [133.25716334, 33.73877861], [133.25708223, 33.73869972], [133.25706222, 33.73866028], [133.25705528, 33.73862639], [133.25698806, 33.73856445], [133.25692056, 33.73847416], [133.25683306, 33.73837861], [133.25674528, 33.73809111], [133.25669138, 33.73800083], [133.25661722, 33.73789945], [133.2564825, 33.73775278], [133.25638139, 33.73767389], [133.25613889, 33.73751056], [133.25597722, 33.73737527], [133.25589639, 33.73724], [133.25588278, 33.73696389], [133.2558625, 33.73684], [133.25588944, 33.73669889], [133.25586944, 33.73663694], [133.2558625, 33.7362425], [133.25580862, 33.73608473], [133.25576139, 33.736], [133.25564028, 33.735865], [133.2555525, 33.73578611], [133.25540416, 33.73567917], [133.25510778, 33.73553833], [133.25489862, 33.73543111], [133.25479778, 33.73534667], [133.25477055, 33.73528473], [133.25476389, 33.73502527], [133.25482473, 33.73492389], [133.25501333, 33.73480555], [133.25519528, 33.73472667], [133.25529639, 33.73471528], [133.25552555, 33.73474362], [133.25590972, 33.73489584], [133.2559975, 33.73491834], [133.25604556, 33.73492055], [133.25612556, 33.73492389], [133.25619277, 33.73490139], [133.25635472, 33.7347775], [133.25640195, 33.73470417], [133.25645584, 33.73458], [133.25654333, 33.73438861], [133.25659722, 33.73408972], [133.25660416, 33.73394333], [133.25665805, 33.7336675], [133.256685, 33.73359973], [133.25670528, 33.73345889], [133.25663778, 33.73326722], [133.25655694, 33.73317695], [133.25645584, 33.73312055], [133.25635472, 33.73308111], [133.25615917, 33.73305861], [133.2556875, 33.73301361], [133.25540416, 33.73301361], [133.25535722, 33.73305305], [133.25531, 33.73312639], [133.25525611, 33.73317695], [133.25473028, 33.73318834], [133.25454139, 33.73322222], [133.2544, 33.73323917], [133.25428528, 33.73326167], [133.25406973, 33.73332889], [133.25384722, 33.73343027], [133.25353722, 33.73364444], [133.25345639, 33.73366723], [133.25339556, 33.73366139], [133.25337555, 33.73363333], [133.25336861, 33.73354306], [133.25345639, 33.73328945], [133.25345639, 33.73313167], [133.253335, 33.73292917], [133.25325417, 33.73285028], [133.25313972, 33.73276556], [133.253005, 33.73269222], [133.25272861, 33.732495], [133.25256694, 33.73241611], [133.25244555, 33.732405], [133.25239166, 33.73237667], [133.25233084, 33.73228667], [133.25227027, 33.73224722], [133.25205472, 33.73221333], [133.2518725, 33.73221333], [133.25175139, 33.73224722], [133.25154916, 33.73235972], [133.25132, 33.73242194], [133.25110417, 33.73245], [133.2507875, 33.73246139], [133.2506325, 33.73251167], [133.25050445, 33.73257944], [133.25041, 33.73266944], [133.25032917, 33.73279361], [133.250275, 33.73295139], [133.25023472, 33.73315972], [133.25018749, 33.7332275], [133.25010667, 33.73328945], [133.25003917, 33.73326139], [133.25001222, 33.7332275], [133.24998528, 33.73313722], [133.24998528, 33.7329175], [133.25003917, 33.73265834], [133.25003917, 33.73257361], [133.24997861, 33.73250611], [133.24983028, 33.73251722], [133.24976278, 33.73253417], [133.24974277, 33.73253417], [133.24964167, 33.73236528], [133.24948639, 33.7322525], [133.24945945, 33.73221333], [133.24937861, 33.73199916], [133.24937861, 33.73197083], [133.24930444, 33.73170611], [133.24927083, 33.73157084], [133.24921055, 33.73135111], [133.24921055, 33.73118194], [133.2492375, 33.7311425], [133.24933167, 33.73105806], [133.24935194, 33.73098472], [133.24936555, 33.73086055], [133.24938556, 33.73077612], [133.24945945, 33.73066333], [133.24949362, 33.73048861], [133.24958083, 33.73033639], [133.24960111, 33.73022389], [133.24957444, 33.73016194], [133.24950694, 33.73010556], [133.249325, 33.73003222], [133.2491025, 33.72998139], [133.24897445, 33.72998139], [133.24879917, 33.73000972], [133.248725, 33.73003222], [133.24857694, 33.73003222], [133.24846889, 33.72999277], [133.24815889, 33.72981805], [133.2478625, 33.72968278], [133.24765333, 33.729615], [133.2474175, 33.72942889], [133.24728277, 33.72932389], [133.24701306, 33.72916611], [133.24660195, 33.72902527], [133.24653445, 33.72898584], [133.24642, 33.72887305], [133.24635944, 33.728845], [133.24617722, 33.72883361], [133.24610333, 33.72880555], [133.24600916, 33.72870972], [133.245935, 33.72864778], [133.24581361, 33.72864194], [133.24555751, 33.72860833], [133.24526111, 33.7286025], [133.24513306, 33.72861945], [133.24501167, 33.72865333], [133.24483639, 33.72874361], [133.24477583, 33.72881667], [133.24448583, 33.72912639], [133.24436444, 33.72927861], [133.24412861, 33.72953778], [133.24397361, 33.729645], [133.24383889, 33.7297125], [133.24366361, 33.72976889], [133.24350195, 33.72979695], [133.24313111, 33.72980278], [133.24293139, 33.7297825], [133.24290862, 33.72978028], [133.24276722, 33.72974083], [133.24233583, 33.72956611], [133.24214055, 33.72939694], [133.24210027, 33.72932944], [133.24205972, 33.72913777], [133.24200584, 33.72900805], [133.24187111, 33.72882778], [133.24183722, 33.72877139], [133.24181722, 33.7286475], [133.24176333, 33.72850639], [133.2417025, 33.72841084], [133.241615, 33.72829805], [133.24158111, 33.72821917], [133.24156778, 33.72813445], [133.24158805, 33.72800528], [133.241635, 33.7278475], [133.24168222, 33.72775166], [133.24174972, 33.72765028], [133.24189138, 33.72753194], [133.24220139, 33.72737972], [133.24238333, 33.72726695], [133.24249111, 33.72716], [133.24256528, 33.72704167], [133.24259222, 33.72696278], [133.24259222, 33.72681056], [133.24256528, 33.72676528], [133.24249778, 33.72666972], [133.24234944, 33.726585], [133.24219444, 33.72652862], [133.24200584, 33.72648917], [133.24183056, 33.72646667], [133.24133861, 33.72645555], [133.24122389, 33.72643278], [133.24104888, 33.72637667], [133.24089361, 33.72629778], [133.24081278, 33.72623556], [133.24052305, 33.72602139], [133.24042195, 33.72601583], [133.24033445, 33.72604973], [133.24022639, 33.72615111], [133.24013222, 33.72629778], [133.23998611, 33.72654945], [133.23984555, 33.72667667], [133.23979167, 33.72675556], [133.23957945, 33.72715417], [133.23947833, 33.7272725], [133.23934389, 33.72740222], [133.23911473, 33.72757667], [133.238845, 33.7277175], [133.23871028, 33.72781333], [133.23860917, 33.72791473], [133.23849444, 33.72796556], [133.23835973, 33.72798806], [133.23815084, 33.72799945], [133.23786111, 33.72805556], [133.23775555, 33.72810473], [133.23761833, 33.72816833], [133.23743639, 33.72823612], [133.23727472, 33.728315], [133.23707917, 33.72847278], [133.23701167, 33.72850639], [133.23681639, 33.72856278], [133.23647945, 33.72874333], [133.23630417, 33.72882222], [133.23617611, 33.72884472], [133.23597389, 33.72885028], [133.23549528, 33.72878278], [133.23540083, 33.72876], [133.23523278, 33.7287375], [133.23507084, 33.72872639], [133.23472056, 33.72870944], [133.23403972, 33.72864166], [133.23397222, 33.728625], [133.23373639, 33.72859666], [133.23335889, 33.72858528], [133.23324445, 33.72861334], [133.2330825, 33.72869778], [133.23300862, 33.72878806], [133.23296805, 33.72886139], [133.23296861, 33.72899528], [133.23298833, 33.72906417], [133.233015, 33.72914833], [133.2330625, 33.72925584], [133.23309334, 33.72927528], [133.23306028, 33.72934], [133.23302083, 33.72941666], [133.23298833, 33.72938527], [133.23292083, 33.72925027], [133.23286694, 33.7291825], [133.23271861, 33.72896833], [133.23267112, 33.72883444], [133.23266472, 33.72881611], [133.23267139, 33.72868666], [133.23271861, 33.72857389], [133.23279944, 33.72845555], [133.23286028, 33.72839389], [133.23310278, 33.72828667], [133.23333195, 33.72823028], [133.233615, 33.72822472], [133.23369611, 33.72823612], [133.23409361, 33.72825278], [133.2343025, 33.72829805], [133.23454528, 33.7283825], [133.23472722, 33.7284275], [133.23501027, 33.72847278], [133.23575805, 33.72848389], [133.23596694, 33.72851222], [133.23615583, 33.72851222], [133.23629056, 33.72848389], [133.23641861, 33.72838805], [133.2367825, 33.728095], [133.23705222, 33.72795416], [133.2372275, 33.72789778], [133.23732195, 33.72788083], [133.23754417, 33.72786416], [133.23765889, 33.72782916], [133.2376925, 33.72781889], [133.23784083, 33.72774583], [133.23827222, 33.72750889], [133.23868333, 33.72727834], [133.23893277, 33.72711472], [133.23904723, 33.72700778], [133.239135, 33.72690639], [133.23921583, 33.72677667], [133.23927806, 33.72663028], [133.23927806, 33.72647222], [133.23919861, 33.72630222], [133.23902694, 33.72599333]], [[133.24393333, 33.69738417], [133.24383306, 33.69738444], [133.24369139, 33.69747472], [133.24363083, 33.69747472], [133.24346889, 33.69739584], [133.24336111, 33.69735084], [133.24320611, 33.69735084], [133.24313861, 33.69739028], [133.24308472, 33.69744666], [133.24305111, 33.69753111], [133.2430375, 33.69764944], [133.24300388, 33.69785222], [133.24298361, 33.69791445], [133.24290334, 33.69813], [133.24287361, 33.69810584], [133.24282194, 33.69792555], [133.24277472, 33.69786917], [133.24271417, 33.69784667], [133.24251861, 33.69784111], [133.24251195, 33.69784111], [133.242485, 33.69779583], [133.24246472, 33.69764389], [133.24245111, 33.69762694], [133.24241084, 33.69759861], [133.24228945, 33.69759861], [133.24197305, 33.69771694], [133.24189889, 33.69773389], [133.24168306, 33.69775083], [133.241555, 33.69779583], [133.24141362, 33.69790305], [133.24135973, 33.69790305], [133.24129222, 33.697875], [133.24123527, 33.69781583], [133.24114583, 33.69774334], [133.24096195, 33.69774528], [133.24091472, 33.69776778], [133.24080695, 33.69777917], [133.24074639, 33.69775639], [133.24068556, 33.69771139], [133.24059139, 33.69766639], [133.24044305, 33.69766639], [133.24032166, 33.69772278], [133.24022222, 33.69780556], [133.24015861, 33.69790222], [133.24008194, 33.69809194], [133.23996445, 33.69815111], [133.23991056, 33.69814527], [133.23971583, 33.69797472], [133.23956667, 33.69788611], [133.23950611, 33.69786917], [133.23932416, 33.69786917], [133.23920945, 33.69789167], [133.23914222, 33.69792555], [133.23911139, 33.69801945], [133.23904778, 33.69815723], [133.23897361, 33.69821277], [133.23884555, 33.69826917], [133.23871111, 33.69839861], [133.23865056, 33.69847194], [133.2385425, 33.6987425], [133.23850306, 33.69899278], [133.23846167, 33.69904667], [133.23829889, 33.69918611], [133.2381925, 33.69931056], [133.23811584, 33.69946278], [133.23804417, 33.69955722], [133.23792361, 33.69962889], [133.23791778, 33.69962528], [133.23790695, 33.69961889], [133.23797973, 33.69945222], [133.23802639, 33.69928639], [133.23801695, 33.69906362], [133.23813805, 33.69888333], [133.23815833, 33.69881], [133.23816528, 33.69865223], [133.23815167, 33.69856223], [133.2381975, 33.69851389], [133.23824361, 33.69846111], [133.23832861, 33.69835416], [133.23838083, 33.69817889], [133.23845639, 33.69807445], [133.23847083, 33.69802333], [133.23846167, 33.69793695], [133.23840111, 33.69769444], [133.23840111, 33.697565], [133.23872445, 33.6973], [133.23880556, 33.697255], [133.23896723, 33.69722667], [133.23906806, 33.69719862], [133.23922972, 33.69713667], [133.2393375, 33.69708028], [133.23942528, 33.69701833], [133.23947916, 33.69695638], [133.23951278, 33.69688861], [133.23952639, 33.69672528], [133.23957361, 33.69656167], [133.23957361, 33.69645472], [133.23949278, 33.69631945], [133.23946555, 33.69629139], [133.23932416, 33.69620111], [133.23923667, 33.69617861], [133.23922333, 33.69616723], [133.23908167, 33.69615028], [133.23872445, 33.69615028], [133.23861667, 33.69618417], [133.23840778, 33.69630805], [133.23827972, 33.6963475], [133.23811111, 33.6963475], [133.23805556, 33.69633805], [133.23778084, 33.69629139], [133.23770694, 33.69626861], [133.23753833, 33.69613333], [133.23733611, 33.69602083], [133.23727555, 33.69597], [133.23716084, 33.69573889], [133.23710695, 33.69567139], [133.23700584, 33.6955925], [133.23695861, 33.69549667], [133.23694528, 33.69523166], [133.23682389, 33.69502334], [133.23675639, 33.69486584], [133.23674306, 33.69460083], [133.23667556, 33.69446555], [133.236615, 33.69442055], [133.23655417, 33.69439223], [133.23639277, 33.69439223], [133.23619722, 33.69445445], [133.23610972, 33.69446555], [133.23602223, 33.69449945], [133.23586028, 33.69461778], [133.23577278, 33.69465722], [133.2355975, 33.69466861], [133.23546278, 33.69470195], [133.23534139, 33.69475278], [133.23520667, 33.69484306], [133.23518639, 33.69484861], [133.23519305, 33.69485417], [133.23501778, 33.69483722], [133.23494361, 33.69484861], [133.23479556, 33.6949275], [133.23473472, 33.69495], [133.23462028, 33.69493306], [133.23443833, 33.69493861], [133.23425612, 33.69501194], [133.23416861, 33.6950175], [133.23395306, 33.69495], [133.23385194, 33.69494444], [133.23372389, 33.694905], [133.23366306, 33.69484861], [133.23348111, 33.69462889], [133.23336695, 33.69445973], [133.23326583, 33.6943525], [133.23312417, 33.69424556], [133.23301639, 33.69420056], [133.23284111, 33.69420056], [133.23244334, 33.69429639], [133.23232222, 33.69435833], [133.23223444, 33.69438639], [133.23205917, 33.69437528], [133.231965, 33.6943525], [133.23179639, 33.6943525], [133.23157389, 33.69441473], [133.23144583, 33.69441473], [133.23111555, 33.69437528], [133.23091334, 33.69430194], [133.23078527, 33.69424], [133.23063028, 33.69418361], [133.23053612, 33.69417806], [133.23046222, 33.69421167], [133.230415, 33.69425111], [133.23038139, 33.69431306], [133.23038805, 33.69447111], [133.23040112, 33.69453861], [133.23040805, 33.6946625], [133.23036084, 33.69474139], [133.23032028, 33.69485417], [133.23026639, 33.69504584], [133.23024556, 33.69505639], [133.23009833, 33.69513028], [133.23000389, 33.69524306], [133.22996778, 33.69531889], [133.22988, 33.69560083], [133.22983833, 33.69574778], [133.22978723, 33.69579944], [133.22966695, 33.69585167], [133.22959945, 33.69596444], [133.22958584, 33.69607694], [133.22953195, 33.69611056], [133.22943084, 33.69611639], [133.22932972, 33.69615583], [133.22912083, 33.69631361], [133.22898305, 33.69645861], [133.22898305, 33.69669333], [133.22896166, 33.6967175], [133.22884444, 33.69664028], [133.22875695, 33.69659528], [133.22864917, 33.69658972], [133.22854138, 33.69661778], [133.22825806, 33.69676444], [133.22782695, 33.69693916], [133.22760444, 33.69696722], [133.22757083, 33.69698972], [133.22752361, 33.69705166], [133.22751667, 33.69714195], [133.22753694, 33.69727722], [133.22753028, 33.69742362], [133.22748972, 33.69764917], [133.22748972, 33.69781833], [133.22751667, 33.69794222], [133.22757083, 33.69806583], [133.22754361, 33.69809417], [133.22746972, 33.69804333], [133.22741556, 33.69798139], [133.2272875, 33.69775611], [133.22724055, 33.69762667], [133.22712584, 33.69738417], [133.22705834, 33.69727167], [133.22697778, 33.69718138], [133.22689694, 33.69714195], [133.22674862, 33.6971025], [133.22646555, 33.69709695], [133.22637806, 33.69707445], [133.22625667, 33.69702916], [133.22617583, 33.69701222], [133.22604112, 33.69700666], [133.22591973, 33.69702916], [133.22581861, 33.69709111], [133.22579834, 33.6971475], [133.22583194, 33.69719833], [133.22585223, 33.69728862], [133.22589944, 33.69740112], [133.22596694, 33.69759277], [133.22597362, 33.6978575], [133.22589278, 33.69812223], [133.22577805, 33.69830833], [133.22560972, 33.69862389], [133.22556916, 33.69880416], [133.22558277, 33.69896195], [133.22564334, 33.69916472], [133.22569583, 33.69936666], [133.22570527, 33.69944416], [133.2256475, 33.69938027], [133.22548167, 33.69915917], [133.22545111, 33.69904112], [133.22539223, 33.69888611], [133.22531972, 33.69880416], [133.2252075, 33.69869362], [133.22521861, 33.69864639], [133.225425, 33.69847555], [133.22549834, 33.69837], [133.2255625, 33.69819778], [133.22557916, 33.69803861], [133.22553084, 33.69791417], [133.22557833, 33.69774972], [133.22559195, 33.69757167], [133.22556666, 33.69749528], [133.22535973, 33.69723972], [133.22532528, 33.69716055], [133.22531778, 33.69702417], [133.22534306, 33.69693555], [133.22537862, 33.69687444], [133.22547472, 33.6967925], [133.22581861, 33.69662361], [133.22600028, 33.69654305], [133.22610167, 33.69646555], [133.22611584, 33.69644084], [133.22610862, 33.6963675], [133.22606556, 33.69629861], [133.22595528, 33.69620833], [133.225785, 33.69619639], [133.22573361, 33.69621417], [133.22565167, 33.69625777], [133.22549222, 33.69640916], [133.22543445, 33.69643195], [133.22519862, 33.69644305], [133.22504778, 33.69645722], [133.22494306, 33.69646722], [133.22474139, 33.69645861], [133.22450611, 33.69634777], [133.22410028, 33.69617278], [133.223925, 33.69611639], [133.22374972, 33.69611639], [133.22356778, 33.69613306], [133.223325, 33.69613306], [133.2232375, 33.69611056], [133.22306888, 33.696105], [133.223015, 33.6961275], [133.22296917, 33.69618611], [133.22292194, 33.69631306], [133.22283389, 33.69644667], [133.22275223, 33.69647695], [133.22251639, 33.6964825], [133.22233417, 33.69655028], [133.22226472, 33.69655666], [133.22216611, 33.69652084], [133.2220075, 33.69649], [133.22168306, 33.69648083], [133.22162723, 33.69644667], [133.22156944, 33.69628222], [133.22150139, 33.69620056], [133.22141083, 33.69614444], [133.22129639, 33.696105], [133.22109445, 33.69609944], [133.2209775, 33.69611528], [133.220775, 33.69590222], [133.22065639, 33.69585139], [133.22053777, 33.69581722], [133.220225, 33.69580084], [133.22017111, 33.69578944], [133.22010722, 33.69569362], [133.22000833, 33.69558277], [133.21992167, 33.69554139], [133.21982055, 33.69550778], [133.21961362, 33.69547223], [133.21932861, 33.69547945], [133.21919138, 33.69550611], [133.21895111, 33.69561111], [133.21872639, 33.69575833], [133.21847917, 33.6958625], [133.21840916, 33.69590722], [133.21822167, 33.69606389], [133.21810194, 33.6961875], [133.21801445, 33.69622861], [133.21791334, 33.69622861], [133.21780556, 33.69620611], [133.21764389, 33.69620056], [133.21755611, 33.69621194], [133.21728611, 33.69628862], [133.21704555, 33.69640805], [133.21685972, 33.6965425], [133.21683555, 33.69660805], [133.21689028, 33.69666861], [133.21699416, 33.69673833], [133.21697, 33.69678944], [133.21690917, 33.69681472], [133.21661944, 33.69689944], [133.21653833, 33.69693889], [133.21648444, 33.69698944], [133.21643556, 33.69709111], [133.21642083, 33.69715166], [133.21643139, 33.69741556], [133.21638501, 33.69736806], [133.21629583, 33.69724888], [133.21620778, 33.69714889], [133.21609361, 33.69707972], [133.21593862, 33.69702333], [133.21564194, 33.69700639], [133.21547361, 33.69697833], [133.21529862, 33.69697833], [133.21509389, 33.69701611], [133.21490278, 33.69701862], [133.21485139, 33.69704333], [133.21480416, 33.69708167], [133.21473917, 33.69713166], [133.21454361, 33.69714139], [133.21436167, 33.69718639], [133.21427167, 33.69723639], [133.21420555, 33.69729083], [133.21416778, 33.69729695], [133.2141325, 33.69728222], [133.21407861, 33.69724861], [133.21398417, 33.69724278], [133.21390333, 33.69725972], [133.21380444, 33.69732166], [133.21373416, 33.69743416], [133.21364583, 33.69763167], [133.21345167, 33.69778917], [133.21332139, 33.69796556], [133.21322584, 33.69807973], [133.21319334, 33.69818028], [133.21316723, 33.69838972], [133.21314, 33.69847916], [133.21309889, 33.69851333], [133.21293944, 33.69856083], [133.21272389, 33.69855583], [133.21254861, 33.69853333], [133.21252306, 33.69852556], [133.21250472, 33.69852], [133.2124075, 33.69849389], [133.21213778, 33.69837555], [133.21192833, 33.69819972], [133.2118225, 33.69816222], [133.21170639, 33.69811639], [133.2114975, 33.69804306], [133.21117389, 33.69797556], [133.21107055, 33.69793472], [133.21093806, 33.69786277], [133.21078306, 33.69786277], [133.21061805, 33.6979775], [133.21049111, 33.69803361], [133.21033028, 33.69806611], [133.21013916, 33.69808639], [133.21008195, 33.69809944], [133.20987361, 33.69815888], [133.20976027, 33.69821833], [133.20967305, 33.69830083], [133.20963527, 33.69837583], [133.20958584, 33.6985325], [133.20955639, 33.69859056], [133.20949278, 33.69856584], [133.20943278, 33.69856417], [133.20933945, 33.69862028], [133.20915889, 33.69878805], [133.20911138, 33.69884945], [133.20886778, 33.69907861], [133.20859584, 33.6992975], [133.20811194, 33.69966028], [133.20781362, 33.69992528], [133.20768667, 33.69998389], [133.20742528, 33.70006028], [133.20722555, 33.70016861], [133.20712583, 33.70019666], [133.20696861, 33.70021222], [133.206855, 33.70025195], [133.20659361, 33.70035833], [133.20638361, 33.70048889], [133.20617667, 33.70063778], [133.20595528, 33.70083388], [133.20590195, 33.70095056], [133.20585972, 33.70099973], [133.20545028, 33.70121694], [133.20530389, 33.70126055], [133.20520973, 33.70130555], [133.20505472, 33.70140694], [133.20487945, 33.70148028], [133.20462333, 33.7016775], [133.20444139, 33.70184639], [133.20419195, 33.7021675], [133.20413111, 33.70231972], [133.2040975, 33.70238167], [133.20407722, 33.70231417], [133.20407722, 33.70220139], [133.20412445, 33.70203778], [133.20414167, 33.70199611], [133.20419861, 33.7018575], [133.20432, 33.70170556], [133.20446139, 33.70161556], [133.20495778, 33.70135666], [133.20512862, 33.70124361], [133.20521639, 33.70117583], [133.20542306, 33.70109862], [133.20560277, 33.7010125], [133.2057025, 33.70090861], [133.20574639, 33.70077306], [133.20578, 33.7007075], [133.20584305, 33.70064056], [133.20589028, 33.7006125], [133.20595861, 33.70057889], [133.20611917, 33.70050834], [133.20626805, 33.70041722], [133.20636861, 33.70025722], [133.20655167, 33.70018111], [133.20672694, 33.70011472], [133.20689611, 33.70002111], [133.20706277, 33.69987444], [133.20714389, 33.69983972], [133.20740666, 33.69982917], [133.20753778, 33.69979889], [133.20765944, 33.69974528], [133.207755, 33.69968139], [133.2079525, 33.69956306], [133.20819195, 33.69942667], [133.20843861, 33.69926139], [133.20885862, 33.69887888], [133.20921778, 33.69851195], [133.20929973, 33.69839695], [133.20940695, 33.69827], [133.20959, 33.69810472], [133.20971805, 33.69803194], [133.20988, 33.69798111], [133.21009222, 33.69795], [133.21029167, 33.69790472], [133.21045333, 33.69786222], [133.21057222, 33.69781194], [133.21081, 33.69763167], [133.21094278, 33.697535], [133.21108639, 33.69747945], [133.21120084, 33.69747945], [133.21132083, 33.69750778], [133.21147722, 33.69757167], [133.21182055, 33.69778222], [133.21234, 33.69820667], [133.21246806, 33.69827973], [133.21259584, 33.69830805], [133.21273055, 33.69831917], [133.2128075, 33.69830945], [133.21288834, 33.69827445], [133.21297638, 33.69820805], [133.21301445, 33.69814166], [133.21306778, 33.69800528], [133.21308778, 33.6978425], [133.21316861, 33.69769], [133.21327361, 33.69760417], [133.21339972, 33.69746361], [133.21357611, 33.69717389], [133.21362694, 33.69714139], [133.21384389, 33.69709222], [133.21400861, 33.69703417], [133.21418833, 33.69692862], [133.21428167, 33.69685889], [133.21434139, 33.69677528], [133.21434139, 33.69675833], [133.21434694, 33.69656695], [133.2143175, 33.69646639], [133.21430806, 33.69639639], [133.21431, 33.696365], [133.21431417, 33.69634694], [133.21433112, 33.69633333], [133.21439, 33.69645445], [133.21458639, 33.69668361], [133.21463139, 33.69672472], [133.2147325, 33.69676417], [133.21490556, 33.69676444], [133.21535917, 33.69669083], [133.21554777, 33.69666833], [133.21562861, 33.69665139], [133.21599723, 33.69661611], [133.21625888, 33.69658805], [133.21632945, 33.69656111], [133.21642889, 33.6965225], [133.21649194, 33.69646806], [133.21652444, 33.69641778], [133.21655167, 33.696325], [133.21655917, 33.69621], [133.21660945, 33.69612555], [133.21665472, 33.69608389], [133.21672806, 33.69606], [133.21707472, 33.69600889], [133.21746833, 33.69592027], [133.21768417, 33.69585667], [133.21806583, 33.69573111], [133.21825166, 33.69563361], [133.21832417, 33.6955875], [133.21842834, 33.69542055], [133.21849611, 33.69527334], [133.21866139, 33.69519778], [133.21880944, 33.6951525], [133.21920722, 33.69514694], [133.21934195, 33.69512444], [133.21959555, 33.69511806], [133.21975305, 33.69513], [133.21999777, 33.69518194], [133.22008084, 33.69521277], [133.22048111, 33.69544556], [133.22110778, 33.69565972], [133.22120417, 33.69567694], [133.22127973, 33.69563777], [133.22130056, 33.69557805], [133.22128695, 33.69538555], [133.22114834, 33.69497222], [133.22112861, 33.6948575], [133.22112861, 33.69483278], [133.22115195, 33.69486], [133.2212, 33.69495722], [133.22134694, 33.69528167], [133.22142778, 33.69540361], [133.22149167, 33.6954775], [133.22158945, 33.69559361], [133.22168056, 33.69567112], [133.22178889, 33.69571361], [133.22196361, 33.6957275], [133.22222167, 33.6956975], [133.22249555, 33.69564194], [133.22260805, 33.69558167], [133.22266667, 33.69551694], [133.22269722, 33.69545194], [133.22271195, 33.69535333], [133.22271833, 33.69531056], [133.2227425, 33.69529972], [133.22278139, 33.69529695], [133.22280639, 33.6953225], [133.22286222, 33.69536944], [133.22294083, 33.6954175], [133.22300167, 33.69544556], [133.22312778, 33.69548027], [133.22331473, 33.69547945], [133.22350277, 33.69545028], [133.22364222, 33.69539417], [133.22378611, 33.69525694], [133.2238325, 33.69521861], [133.22386389, 33.69521528], [133.22389445, 33.69521861], [133.22392806, 33.69524861], [133.22399, 33.69529972], [133.22411167, 33.69541972], [133.22430889, 33.69556972], [133.22453806, 33.6957725], [133.22460527, 33.69580084], [133.22470055, 33.69580889], [133.22497611, 33.69581194], [133.2252525, 33.69580084], [133.22532, 33.69579445], [133.22538056, 33.69577805], [133.22549333, 33.69574], [133.2255625, 33.69570944], [133.22564334, 33.69565972], [133.22579166, 33.69557528], [133.225845, 33.69557388], [133.22589278, 33.69558083], [133.22608139, 33.69564862], [133.22620945, 33.69571055], [133.22634694, 33.69580305], [133.22663416, 33.69602611], [133.22680944, 33.69609944], [133.22699139, 33.69614444], [133.22715944, 33.69616139], [133.22727806, 33.69616333], [133.22741473, 33.69615139], [133.22763722, 33.69614111], [133.22775916, 33.69613694], [133.22782528, 33.69611306], [133.22789556, 33.69607389], [133.22796166, 33.69600222], [133.22798694, 33.69591806], [133.22799528, 33.69584139], [133.22802056, 33.69578778], [133.22813611, 33.69569472], [133.22823166, 33.69561833], [133.22837139, 33.69546167], [133.22849194, 33.69528889], [133.22854028, 33.6951475], [133.22856139, 33.69490639], [133.22861389, 33.69482528], [133.22890472, 33.69456472], [133.22897084, 33.69449222], [133.22902667, 33.69437222], [133.22903389, 33.69416861], [133.22901194, 33.69408], [133.22900973, 33.69390111], [133.2292375, 33.69357667], [133.22934055, 33.69336278], [133.22935222, 33.69322555], [133.22918722, 33.69286389], [133.22908222, 33.69272583], [133.22898611, 33.69265666], [133.22883111, 33.69254944], [133.22880389, 33.69251639], [133.22880084, 33.69249083], [133.22880195, 33.69248889], [133.22880806, 33.69247806], [133.22885805, 33.69244806], [133.22893722, 33.692455], [133.229195, 33.69254944], [133.22933111, 33.69257167], [133.22952111, 33.69257444], [133.22957695, 33.69264167], [133.22959473, 33.69269444], [133.22958306, 33.69275139], [133.22958306, 33.69289639], [133.2296125, 33.69296778], [133.22964, 33.69301167], [133.22971389, 33.69314694], [133.22976112, 33.69320334], [133.22988917, 33.69329305], [133.23005778, 33.69336084], [133.2301925, 33.69339444], [133.23036778, 33.69339444], [133.23049584, 33.69338916], [133.23061639, 33.69336055], [133.23078527, 33.69333861], [133.23094056, 33.69334972], [133.23110223, 33.69340056], [133.23117639, 33.69343445], [133.23141222, 33.69350195], [133.23150028, 33.69350972], [133.23165139, 33.69347305], [133.23175555, 33.69341945], [133.23190777, 33.69326944], [133.23200944, 33.69308361], [133.2320925, 33.69277778], [133.2320925, 33.69256916], [133.23201584, 33.69236722], [133.23193277, 33.69204778], [133.23182334, 33.69186194], [133.23170195, 33.69164222], [133.2317125, 33.69148306], [133.23172305, 33.69119278], [133.231685, 33.69105972], [133.23168945, 33.691035], [133.2317325, 33.69105638], [133.23178805, 33.69115166], [133.23191, 33.69142778], [133.23199917, 33.69167722], [133.23208611, 33.69185639], [133.23217556, 33.69197639], [133.2322775, 33.69208889], [133.23249889, 33.69227611], [133.23261333, 33.6924875], [133.23276473, 33.69270389], [133.232895, 33.69280305], [133.23302611, 33.6928725], [133.23312694, 33.69293278], [133.23323723, 33.69299944], [133.23331917, 33.69305473], [133.23340528, 33.69312027], [133.23346389, 33.69319862], [133.23357, 33.69341], [133.23375361, 33.69364583], [133.23404722, 33.69389639], [133.23419555, 33.69398084], [133.23425612, 33.69400361], [133.23442472, 33.69403722], [133.23455945, 33.69404306], [133.23479723, 33.69409055], [133.23495805, 33.69408973], [133.23507361, 33.69408278], [133.23516472, 33.69405805], [133.23523195, 33.69400528], [133.23531805, 33.69389723], [133.23534973, 33.69382138], [133.23535389, 33.69359805], [133.23541583, 33.69349417], [133.23545583, 33.69335722], [133.23545666, 33.69319944], [133.2354075, 33.69304028], [133.23539694, 33.69290833], [133.23547361, 33.69278139], [133.23548945, 33.69272167], [133.23549556, 33.69250277], [133.23555555, 33.69235361], [133.23558583, 33.6922225], [133.23574139, 33.69198667], [133.23585361, 33.69159417], [133.23598194, 33.69133527], [133.23606472, 33.6911], [133.23607389, 33.69109611], [133.23609, 33.69108889], [133.23611833, 33.69112056], [133.23619194, 33.69134111], [133.23616361, 33.69140916], [133.23605333, 33.6916675], [133.23605222, 33.69192528], [133.23603972, 33.69197639], [133.23599028, 33.69205805], [133.23588222, 33.69228138], [133.23585277, 33.69237583], [133.23584861, 33.69264417], [133.23589472, 33.69288527], [133.23589055, 33.69309138], [133.2358675, 33.69332889], [133.23588723, 33.69342306], [133.23596806, 33.69356945], [133.23604917, 33.69363722], [133.23614333, 33.69367111], [133.236285, 33.69368222], [133.23654778, 33.69365972], [133.23699917, 33.69365972], [133.23720805, 33.69369917], [133.23741694, 33.69377805], [133.23763944, 33.69387945], [133.23779445, 33.69396972], [133.23801695, 33.69412194], [133.23807861, 33.6941825], [133.23815861, 33.69431277], [133.23821834, 33.69448333], [133.23825833, 33.69463833], [133.23830444, 33.69475444], [133.23838333, 33.6949525], [133.23846167, 33.69509666], [133.23856945, 33.69522083], [133.23861, 33.69525472], [133.23865056, 33.69527138], [133.2387225, 33.69527445], [133.23881056, 33.69524805], [133.23904166, 33.69507], [133.23910861, 33.69502361], [133.23923, 33.69502916], [133.23941195, 33.69507416], [133.23964778, 33.69510806], [133.23991722, 33.695125], [133.24024084, 33.69513056], [133.24032166, 33.69517], [133.24040861, 33.69523361], [133.24061833, 33.69541805], [133.24076639, 33.69551944], [133.24094861, 33.69560389], [133.24111028, 33.69563777], [133.24122139, 33.69564167], [133.24129889, 33.69563222], [133.24134639, 33.69562028], [133.241445, 33.69554973], [133.24150472, 33.69549333], [133.24152472, 33.69548916], [133.24154056, 33.69549778], [133.24155417, 33.69552084], [133.24157195, 33.69567139], [133.24160889, 33.69577861], [133.24175889, 33.69595778], [133.24187195, 33.69603194], [133.24197973, 33.69607139], [133.24213472, 33.69607139], [133.24220945, 33.69605306], [133.24241111, 33.69593639], [133.24251195, 33.69593083], [133.24262639, 33.69595917], [133.24283528, 33.69600973], [133.24301667, 33.69601472], [133.24320139, 33.69600722], [133.24330056, 33.69600973], [133.24338222, 33.69604361], [133.24350944, 33.6961225], [133.24360389, 33.69615055], [133.24368667, 33.69615778], [133.24376972, 33.69615694], [133.24387139, 33.69612028], [133.24399111, 33.69600528], [133.24405944, 33.69588527], [133.24412139, 33.69576], [133.24415278, 33.69572084], [133.24421722, 33.69568861], [133.24435862, 33.69569417], [133.24478333, 33.69575611], [133.24512028, 33.6957675], [133.24526862, 33.69577861], [133.24553138, 33.69578444], [133.24563889, 33.69579556], [133.24578722, 33.6958575], [133.24592889, 33.69598167], [133.24600972, 33.69603223], [133.24631972, 33.69617333], [133.246495, 33.69624083], [133.24666333, 33.69626333], [133.24689528, 33.69626361], [133.24708139, 33.69618445], [133.24720277, 33.69616195], [133.24729861, 33.69612472], [133.24737861, 33.69605111], [133.24741833, 33.69600666], [133.24753972, 33.69584805], [133.24758694, 33.69576916], [133.24765417, 33.69568473], [133.24770806, 33.69557751], [133.24788334, 33.69542527], [133.24790361, 33.69536889], [133.24796416, 33.69532389], [133.24807889, 33.69530139], [133.24816639, 33.69522805], [133.24820694, 33.69514361], [133.24819361, 33.69505333], [133.24803834, 33.6946475], [133.24806528, 33.6946025], [133.24814639, 33.69457444], [133.24831472, 33.69455194], [133.24846972, 33.69456334], [133.24858444, 33.69463639], [133.24865861, 33.69471528], [133.2487125, 33.69473778], [133.24881361, 33.69473222], [133.24898889, 33.69465916], [133.24919111, 33.69448444], [133.24924472, 33.69446194], [133.24939972, 33.69445639], [133.2494325, 33.69444806], [133.25039028, 33.69516833], [133.25024889, 33.69536334], [133.25024889, 33.69545361], [133.25037028, 33.69567333], [133.25037028, 33.69575223], [133.25030972, 33.69582555], [133.25014777, 33.69597778], [133.25010083, 33.69609056], [133.2501075, 33.6961975], [133.25014777, 33.69630472], [133.25018833, 33.69635528], [133.25027584, 33.69642861], [133.25045111, 33.6965075], [133.25056584, 33.69659195], [133.2505725, 33.69662583], [133.25045111, 33.69674417], [133.25038389, 33.69676667], [133.25025583, 33.6967725], [133.25018833, 33.69678362], [133.2501075, 33.69685694], [133.25006695, 33.69690777], [133.25004667, 33.69698084], [133.25005361, 33.69709361], [133.25007389, 33.6971725], [133.25023556, 33.69742611], [133.25032305, 33.69776417], [133.25036361, 33.69787694], [133.25045805, 33.69804583], [133.25057917, 33.69817556], [133.25076805, 33.6983275], [133.25100389, 33.69849112], [133.25105111, 33.69854167], [133.25108472, 33.69863194], [133.251105, 33.69873334], [133.25114556, 33.69878972], [133.25142861, 33.69900944], [133.25169777, 33.69913917], [133.25189334, 33.6992575], [133.25200083, 33.69933834], [133.25202805, 33.69935889], [133.25204166, 33.69938722], [133.25197417, 33.69938167], [133.25158362, 33.69920111], [133.25152973, 33.69919], [133.2514825, 33.6991675], [133.25131389, 33.69912222], [133.25109167, 33.69909417], [133.25097695, 33.69904333], [133.25082861, 33.69893639], [133.25059944, 33.69872777], [133.25028277, 33.69851917], [133.25020195, 33.69847417], [133.25002667, 33.6983275], [133.24993889, 33.69807389], [133.24986472, 33.69795556], [133.24975028, 33.69782028], [133.24960195, 33.69757277], [133.24942, 33.69735278], [133.24931888, 33.69714444], [133.24917056, 33.69699777], [133.24905583, 33.69694722], [133.24895472, 33.69691889], [133.24878639, 33.69691889], [133.24871889, 33.69698667], [133.248665, 33.69718944], [133.24865167, 33.69732473], [133.24859084, 33.69739805], [133.24846945, 33.6974825], [133.24831472, 33.69772445], [133.24826083, 33.69782028], [133.24813944, 33.69787667], [133.24803834, 33.697905], [133.24797777, 33.69795], [133.24787, 33.69806833], [133.24785639, 33.69812472], [133.24786333, 33.69824861], [133.24791027, 33.69835028], [133.24801834, 33.698525], [133.24813278, 33.69868834], [133.24813917, 33.69880111], [133.24823361, 33.69889694], [133.24823361, 33.69908278], [133.24825389, 33.69912805], [133.24826056, 33.69919555], [133.24818639, 33.6992575], [133.24815278, 33.69930277], [133.24816611, 33.69941527], [133.24812583, 33.69948861], [133.24812583, 33.69955639], [133.24816611, 33.69964639], [133.24815278, 33.69968583], [133.24807194, 33.69977611], [133.24807194, 33.69982666], [133.24818639, 33.70003528], [133.24817972, 33.70009167], [133.2481325, 33.7001875], [133.24815944, 33.70039584], [133.24823361, 33.70055916], [133.24817305, 33.70068889], [133.24817305, 33.70071139], [133.24827417, 33.70082417], [133.2482875, 33.70091417], [133.24826444, 33.70117777], [133.24829166, 33.70125612], [133.24834944, 33.70131889], [133.24851, 33.70142723], [133.24853027, 33.70147223], [133.24857056, 33.70163], [133.24867166, 33.7018725], [133.24871889, 33.70194], [133.24871889, 33.70203584], [133.24869195, 33.70209222], [133.24871222, 33.70216556], [133.24883361, 33.7022725], [133.24884694, 33.70238528], [133.24882667, 33.70245278], [133.24884028, 33.70259389], [133.24890083, 33.70267834], [133.24911, 33.70283611], [133.24921111, 33.70294889], [133.24925138, 33.70303333], [133.24932556, 33.70326445], [133.24937277, 33.70332083], [133.24947389, 33.70338278], [133.24961528, 33.70343361], [133.24966945, 33.70347861], [133.24970305, 33.70354611], [133.24970305, 33.70384472], [133.24974361, 33.70399111], [133.24978389, 33.70413222], [133.24975028, 33.70414333], [133.24973, 33.70413778], [133.24958166, 33.704025], [133.24947389, 33.70397416], [133.24930527, 33.70394611], [133.24896833, 33.70378278], [133.24875945, 33.70372056], [133.24855056, 33.70372056], [133.24830111, 33.70374889], [133.24809889, 33.70383334], [133.24805167, 33.70385584], [133.24796389, 33.70385584], [133.24787639, 33.70382778], [133.24769445, 33.70372056], [133.24755277, 33.70368694], [133.24747194, 33.7036925], [133.24741806, 33.70371833], [133.24739917, 33.70374417], [133.24725639, 33.70410167], [133.24721583, 33.70416361], [133.24709444, 33.70429889], [133.24693277, 33.70441166], [133.24677111, 33.70453556], [133.24659611, 33.70471583], [133.24655555, 33.70477778], [133.24648834, 33.70496944], [133.24644111, 33.70500889], [133.24622527, 33.70506528], [133.24596917, 33.70506528], [133.24586139, 33.70512166], [133.24573333, 33.70526778], [133.24566583, 33.70536944], [133.24553778, 33.70547639], [133.24547056, 33.70551583], [133.24540306, 33.70551583], [133.2454975, 33.7053525], [133.2454975, 33.70523972], [133.24547056, 33.70516639], [133.24561194, 33.70502028], [133.24569973, 33.7048625], [133.2458075, 33.70481167], [133.24607695, 33.70475528], [133.246205, 33.70471028], [133.24632639, 33.70460306], [133.24638028, 33.70451861], [133.24644111, 33.70434389], [133.24646139, 33.70410722], [133.24652194, 33.70403972], [133.24670389, 33.70393805], [133.24675111, 33.70390445], [133.24677139, 33.70383667], [133.24676444, 33.70378611], [133.24669722, 33.70371278], [133.2465825, 33.70370139], [133.24654223, 33.70367333], [133.24654223, 33.70363944], [133.24664333, 33.70348167], [133.24666333, 33.70339722], [133.24667028, 33.70306472], [133.2467175, 33.70298583], [133.24678472, 33.70292972], [133.24707445, 33.70288472], [133.24741806, 33.70286083], [133.24746528, 33.70281361], [133.2475125, 33.70270084], [133.2475125, 33.70256555], [133.24749222, 33.70244167], [133.24741806, 33.70244139], [133.24734611, 33.70244361], [133.24734278, 33.7024325], [133.24733917, 33.70242306], [133.24741806, 33.70233278], [133.24756638, 33.70219916], [133.24755972, 33.70208084], [133.24752583, 33.70203584], [133.24741806, 33.70196444], [133.24734389, 33.70186444], [133.24720945, 33.70172361], [133.24720277, 33.70169556], [133.24720277, 33.7014475], [133.24714667, 33.70132], [133.24702056, 33.70121083], [133.24702778, 33.70111194], [133.24714944, 33.70065083], [133.24714583, 33.70059083], [133.24710834, 33.70056278], [133.24696, 33.70052333], [133.24683861, 33.70052333], [133.24677139, 33.70053445], [133.24662167, 33.70061416], [133.24658333, 33.70061222], [133.24656444, 33.70059667], [133.24656222, 33.70055722], [133.24667055, 33.70044111], [133.24674417, 33.70029805], [133.2467575, 33.70017612], [133.246705, 33.70004945], [133.24657583, 33.69986972], [133.2465775, 33.69980917], [133.24666083, 33.69966417], [133.24668833, 33.69950166], [133.24673833, 33.69943694], [133.2468075, 33.6993275], [133.24683834, 33.69925028], [133.24685639, 33.69915472], [133.24685639, 33.69900583], [133.24681111, 33.69889055], [133.2467175, 33.69879333], [133.24658583, 33.69872138], [133.24658472, 33.69864222], [133.24658944, 33.69848472], [133.24656194, 33.69838695], [133.24647861, 33.69826028], [133.24640111, 33.69813667], [133.24633666, 33.69782334], [133.24627, 33.69772194], [133.24616472, 33.6976775], [133.24590862, 33.69767194], [133.24582083, 33.697655], [133.24568611, 33.697655], [133.24561194, 33.6976775], [133.24553778, 33.69773972], [133.24549055, 33.69785805], [133.24543138, 33.69816445], [133.24530778, 33.69840277], [133.24525695, 33.69840277], [133.2452075, 33.69826361], [133.24512917, 33.69803], [133.24499889, 33.697875], [133.24497194, 33.69781278], [133.24496777, 33.69774584], [133.24495861, 33.69760444], [133.24491805, 33.69736194], [133.24486416, 33.69720417], [133.24476972, 33.69711417], [133.24468888, 33.69710833], [133.24462833, 33.69712528], [133.2445475, 33.69718167], [133.24445972, 33.6973], [133.24439222, 33.69735639], [133.24408666, 33.697405], [133.24393333, 33.69738417]]]}, "properties": {"N03_001": "高知県", "N03_002": null, "N03_003": "吾川郡", "N03_004": "いの町", "N03_005": null, "N03_007": "39386"}}, {"type": "Feature", "geometry": {"type": "Polygon", "coordinates": [[[133.16121, 33.731526], [133.167173, 33.728504], [133.166301, 33.720855], [133.171766, 33.713619], [133.174143, 33.707743], [133.186528, 33.701303], [133.192682, 33.700873], [133.199477, 33.694579], [133.206763, 33.693184], [133.212091, 33.686287], [133.220125, 33.685992], [133.225956, 33.683026], [133.229768, 33.67573], [133.225745, 33.661811], [133.229743, 33.657816], [133.233507, 33.649067], [133.232867, 33.642413], [133.234749, 33.638713], [133.222936, 33.631728], [133.22468, 33.617696], [133.224176, 33.613094], [133.228269, 33.605045], [133.223992, 33.601239], [133.219782, 33.601932], [133.213518, 33.597327], [133.215391, 33.586168], [133.212542, 33.574599], [133.213977, 33.570296], [133.209708, 33.568597], [133.203651, 33.570072], [133.198977, 33.574471], [133.196003, 33.573337], [133.194569, 33.566313], [133.183937, 33.56594], [133.18078, 33.563034], [133.185229, 33.554752], [133.181254, 33.551482], [133.181111, 33.54572], [133.175068, 33.535855], [133.166954, 33.533056], [133.162183, 33.529949], [133.158407, 33.524268], [133.1483, 33.518553], [133.151154, 33.513168], [133.151743, 33.504623], [133.146879, 33.500631], [133.150835, 33.495676], [133.147669, 33.491631], [133.146326, 33.484817], [133.153151, 33.479299], [133.15818, 33.478559], [133.159432, 33.466992], [133.151239, 33.461008], [133.140331, 33.458465], [133.137481, 33.456737], [133.125795, 33.456318], [133.119273, 33.453224], [133.116766, 33.450254], [133.111686, 33.450396], [133.10232, 33.443035], [133.092753, 33.447794], [133.090639, 33.451709], [133.073379, 33.452594], [133.073641, 33.455658], [133.069131, 33.459196], [133.068283, 33.465781], [133.061139, 33.469019], [133.058802, 33.479738], [133.044736, 33.474597], [133.034433, 33.479317], [133.024068, 33.481554], [133.015364, 33.481006], [133.013401, 33.490582], [133.0207, 33.496108], [133.026163, 33.505189], [133.034255, 33.511834], [133.038253, 33.519322], [133.037942, 33.526406], [133.046289, 33.530287], [133.059163, 33.538713], [133.062619, 33.545368], [133.060252, 33.55409], [133.062309, 33.56145], [133.055476, 33.567448], [133.053997, 33.570424], [133.046757, 33.575217], [133.049214, 33.584962], [133.055198, 33.589951], [133.057416, 33.59636], [133.069951, 33.601142], [133.07962, 33.6087], [133.078982, 33.611669], [133.073203, 33.61436], [133.06723, 33.622552], [133.072358, 33.638387], [133.07502, 33.650619], [133.077509, 33.653553], [133.08478, 33.654922], [133.090756, 33.657813], [133.097409, 33.658243], [133.106662, 33.656651], [133.116533, 33.660146], [133.118426, 33.667821], [133.1215, 33.674037], [133.119484, 33.679461], [133.121477, 33.686284], [133.119227, 33.688602], [133.125322, 33.698326], [133.134172, 33.699852], [133.144581, 33.704652], [133.139817, 33.715691], [133.145826, 33.719521], [133.145837, 33.721939], [133.151713, 33.724696], [133.16121, 33.731526]]]}, "properties": {"N03_001": "高知県", "N03_002": null, "N03_003": "吾川郡", "N03_004": "仁淀川町", "N03_005": null, "N03_007": "39387"}}, {"type": "Feature", "geometry": {"type": "Polygon", "coordinates": [[[133.175476, 33.398646], [133.175233, 33.393663], [133.179126, 33.383127], [133.175986, 33.379346], [133.177155, 33.376363], [133.183715, 33.378295], [133.19525, 33.377768], [133.200657, 33.380866], [133.209063, 33.382189], [133.21423, 33.378475], [133.225216, 33.380072], [133.228009, 33.379126], [133.228651, 33.373604], [133.231223, 33.369413], [133.240991, 33.36479], [133.243755, 33.357977], [133.249557, 33.353909], [133.254093, 33.347731], [133.263827, 33.340569], [133.260001, 33.341436], [133.256076, 33.332835], [133.24285, 33.333489], [133.237611, 33.329599], [133.232215, 33.328315], [133.231565, 33.324094], [133.237159, 33.322557], [133.260485, 33.30989], [133.253195, 33.308062], [133.238515, 33.29708], [133.242895, 33.289747], [133.243862, 33.282352], [133.242127, 33.276339], [133.24967, 33.275273], [133.251611, 33.279913], [133.25763, 33.280709], [133.260249, 33.277308], [133.255483, 33.270421], [133.258361, 33.261154], [133.264217, 33.257314], [133.256221, 33.253406], [133.255479, 33.249742], [133.247732, 33.24965], [133.247732, 33.243961], [133.256094, 33.23781], [133.241495, 33.236524], [133.234642, 33.234852], [133.228542, 33.235682], [133.222704, 33.240501], [133.220144, 33.246154], [133.215953, 33.250547], [133.205997, 33.254034], [133.198066, 33.253863], [133.193076, 33.256591], [133.19183, 33.260136], [133.196872, 33.27059], [133.195034, 33.273104], [133.194786, 33.286462], [133.198391, 33.28967], [133.195124, 33.295214], [133.190308, 33.294679], [133.188043, 33.302401], [133.179222, 33.308526], [133.18232, 33.317155], [133.178536, 33.321697], [133.171987, 33.321087], [133.169083, 33.317304], [133.164193, 33.315632], [133.162881, 33.309528], [133.149311, 33.306984], [133.140354, 33.303345], [133.131749, 33.303232], [133.121643, 33.306665], [133.117444, 33.313475], [133.112968, 33.317188], [133.105323, 33.318539], [133.106347, 33.312016], [133.097604, 33.310116], [133.094044, 33.314335], [133.088933, 33.317163], [133.087681, 33.32035], [133.076584, 33.328684], [133.075867, 33.335305], [133.072051, 33.337879], [133.06733, 33.334659], [133.05785, 33.333351], [133.056699, 33.342717], [133.062778, 33.344708], [133.06818, 33.341362], [133.071583, 33.348766], [133.0637, 33.353073], [133.062665, 33.355327], [133.050947, 33.356402], [133.049829, 33.361474], [133.053063, 33.369289], [133.056934, 33.371716], [133.057999, 33.376404], [133.069938, 33.383788], [133.071241, 33.388034], [133.076185, 33.389225], [133.088378, 33.381349], [133.09408, 33.371728], [133.098666, 33.375305], [133.09876, 33.383226], [133.105521, 33.386859], [133.10796, 33.391504], [133.106175, 33.395323], [133.109766, 33.401123], [133.109033, 33.407543], [133.106547, 33.411249], [133.110911, 33.414519], [133.110999, 33.420038], [133.115651, 33.421729], [133.125699, 33.419826], [133.131553, 33.421019], [133.140252, 33.417892], [133.140953, 33.415813], [133.149956, 33.415476], [133.152111, 33.419011], [133.158253, 33.420834], [133.169747, 33.41748], [133.168912, 33.407997], [133.175476, 33.398646]]]}, "properties": {"N03_001": "高知県", "N03_002": null, "N03_003": "高岡郡", "N03_004": "中土佐町", "N03_005": null, "N03_007": "39401"}}, {"type": "Feature", "geometry": {"type": "Polygon", "coordinates": [[[133.335983, 33.501595], [133.329867, 33.498228], [133.322932, 33.489605], [133.327174, 33.481761], [133.319528, 33.474572], [133.308396, 33.470044], [133.30559, 33.459149], [133.293813, 33.452033], [133.287081, 33.446614], [133.271416, 33.440291], [133.258239, 33.441401], [133.251867, 33.445377], [133.251285, 33.452033], [133.233333, 33.461455], [133.22092, 33.462006], [133.214553, 33.466824], [133.205055, 33.467133], [133.202495, 33.472152], [133.196819, 33.474283], [133.194563, 33.482457], [133.196167, 33.48842], [133.199574, 33.49296], [133.200625, 33.499525], [133.204315, 33.502684], [133.20236, 33.507871], [133.212683, 33.506327], [133.211885, 33.513135], [133.224258, 33.509731], [133.226418, 33.507649], [133.235225, 33.505797], [133.244065, 33.501911], [133.249432, 33.503843], [133.248415, 33.515529], [133.260498, 33.524021], [133.267009, 33.524136], [133.266944, 33.529003], [133.264386, 33.535571], [133.265012, 33.540647], [133.261468, 33.547223], [133.262151, 33.551896], [133.274113, 33.557439], [133.280558, 33.557895], [133.302197, 33.553809], [133.310699, 33.558561], [133.314424, 33.557377], [133.316653, 33.548448], [133.321484, 33.544175], [133.323078, 33.540065], [133.328096, 33.534753], [133.328253, 33.522774], [133.332176, 33.517978], [133.33769, 33.518259], [133.34153, 33.515916], [133.341086, 33.506321], [133.335983, 33.501595]]]}, "properties": {"N03_001": "高知県", "N03_002": null, "N03_003": "高岡郡", "N03_004": "佐川町", "N03_005": null, "N03_007": "39402"}}, {"type": "Feature", "geometry": {"type": "Polygon", "coordinates": [[[133.228269, 33.605045], [133.232182, 33.605103], [133.237927, 33.60214], [133.24312, 33.604407], [133.245478, 33.608094], [133.252453, 33.61065], [133.255767, 33.609625], [133.259463, 33.613466], [133.265771, 33.612922], [133.268676, 33.608556], [133.274381, 33.607627], [133.280626, 33.601963], [133.277876, 33.595157], [133.285722, 33.59159], [133.289202, 33.585668], [133.303684, 33.591891], [133.304544, 33.586466], [133.310553, 33.578839], [133.306603, 33.580958], [133.300023, 33.579322], [133.30139, 33.574404], [133.299163, 33.568387], [133.302197, 33.553809], [133.280558, 33.557895], [133.274113, 33.557439], [133.262151, 33.551896], [133.261468, 33.547223], [133.265012, 33.540647], [133.264386, 33.535571], [133.266944, 33.529003], [133.267009, 33.524136], [133.260498, 33.524021], [133.248415, 33.515529], [133.249432, 33.503843], [133.244065, 33.501911], [133.235225, 33.505797], [133.226418, 33.507649], [133.224258, 33.509731], [133.211885, 33.513135], [133.212683, 33.506327], [133.20236, 33.507871], [133.204315, 33.502684], [133.200625, 33.499525], [133.199574, 33.49296], [133.196167, 33.48842], [133.194563, 33.482457], [133.196819, 33.474283], [133.189389, 33.470797], [133.183293, 33.472555], [133.178406, 33.465219], [133.166979, 33.463919], [133.159432, 33.466992], [133.15818, 33.478559], [133.153151, 33.479299], [133.146326, 33.484817], [133.147669, 33.491631], [133.150835, 33.495676], [133.146879, 33.500631], [133.151743, 33.504623], [133.151154, 33.513168], [133.1483, 33.518553], [133.158407, 33.524268], [133.162183, 33.529949], [133.166954, 33.533056], [133.175068, 33.535855], [133.181111, 33.54572], [133.181254, 33.551482], [133.185229, 33.554752], [133.18078, 33.563034], [133.183937, 33.56594], [133.194569, 33.566313], [133.196003, 33.573337], [133.198977, 33.574471], [133.203651, 33.570072], [133.209708, 33.568597], [133.213977, 33.570296], [133.212542, 33.574599], [133.215391, 33.586168], [133.213518, 33.597327], [133.219782, 33.601932], [133.223992, 33.601239], [133.228269, 33.605045]]]}, "properties": {"N03_001": "高知県", "N03_002": null, "N03_003": "高岡郡", "N03_004": "越知町", "N03_005": null, "N03_007": "39403"}}, {"type": "Feature", "geometry": {"type": "Polygon", "coordinates": [[[132.901747, 33.327306], [132.903501, 33.331047], [132.902885, 33.338041], [132.900436, 33.343737], [132.894734, 33.349526], [132.890134, 33.357509], [132.883797, 33.362349], [132.874133, 33.363961], [132.866743, 33.368097], [132.86002, 33.368455], [132.856585, 33.378114], [132.856503, 33.382586], [132.853063, 33.388482], [132.855556, 33.390056], [132.854509, 33.398302], [132.841054, 33.397895], [132.835435, 33.400644], [132.831619, 33.408852], [132.833299, 33.411951], [132.834013, 33.420152], [132.824915, 33.422934], [132.823385, 33.429843], [132.824517, 33.434673], [132.827773, 33.438324], [132.826562, 33.445604], [132.821946, 33.448621], [132.808131, 33.453855], [132.80699, 33.460778], [132.811056, 33.466062], [132.814823, 33.464335], [132.818932, 33.466552], [132.822973, 33.472944], [132.827157, 33.472406], [132.840419, 33.474726], [132.847534, 33.47919], [132.862418, 33.47453], [132.864529, 33.472339], [132.881056, 33.470953], [132.884129, 33.473018], [132.893873, 33.472476], [132.899633, 33.470072], [132.915213, 33.467654], [132.929001, 33.468575], [132.938521, 33.472079], [132.944224, 33.471949], [132.951666, 33.466578], [132.959638, 33.466312], [132.972674, 33.469786], [132.978838, 33.472918], [132.989258, 33.473866], [132.992675, 33.468612], [132.993841, 33.46142], [132.992816, 33.455895], [132.995671, 33.4534], [132.996903, 33.447175], [132.993765, 33.44301], [132.988537, 33.440503], [132.986559, 33.434695], [132.9937, 33.430425], [132.989222, 33.425993], [132.983809, 33.424867], [132.985369, 33.415292], [132.975629, 33.414923], [132.970743, 33.412371], [132.963072, 33.413083], [132.95952, 33.408637], [132.956095, 33.400542], [132.958495, 33.393645], [132.962701, 33.391911], [132.969397, 33.382617], [132.97829, 33.387109], [132.97962, 33.39083], [132.985519, 33.391518], [132.988696, 33.386935], [132.996981, 33.381186], [132.996887, 33.376115], [132.994307, 33.373983], [132.994024, 33.362136], [132.992322, 33.360808], [133.002295, 33.355023], [133.007759, 33.354295], [133.012923, 33.351223], [133.017923, 33.345836], [133.028473, 33.342968], [133.031905, 33.328477], [133.035524, 33.321241], [133.030819, 33.31922], [133.028252, 33.30944], [133.025827, 33.306386], [133.019178, 33.307352], [133.014494, 33.310182], [133.007212, 33.308369], [133.00034, 33.308759], [132.997772, 33.306304], [132.994117, 33.298074], [132.981605, 33.290755], [132.980434, 33.283807], [132.971161, 33.286257], [132.967754, 33.292483], [132.963546, 33.292789], [132.959097, 33.296059], [132.959766, 33.300024], [132.95613, 33.309046], [132.952251, 33.313485], [132.940635, 33.314714], [132.933043, 33.319172], [132.928937, 33.323074], [132.911227, 33.327371], [132.901747, 33.327306]]]}, "properties": {"N03_001": "高知県", "N03_002": null, "N03_003": "高岡郡", "N03_004": "檮原町", "N03_005": null, "N03_007": "39405"}}, {"type": "Feature", "geometry": {"type": "Polygon", "coordinates": [[[133.393846, 33.518958], [133.392165, 33.515994], [133.395661, 33.511229], [133.385435, 33.5097], [133.380455, 33.510904], [133.363342, 33.505137], [133.358202, 33.502147], [133.344115, 33.497876], [133.337139, 33.498705], [133.335983, 33.501595], [133.341086, 33.506321], [133.34153, 33.515916], [133.33769, 33.518259], [133.332176, 33.517978], [133.328253, 33.522774], [133.328096, 33.534753], [133.323078, 33.540065], [133.321484, 33.544175], [133.316653, 33.548448], [133.314424, 33.557377], [133.310699, 33.558561], [133.302197, 33.553809], [133.299163, 33.568387], [133.30139, 33.574404], [133.300023, 33.579322], [133.306603, 33.580958], [133.310553, 33.578839], [133.313009, 33.573817], [133.323728, 33.570785], [133.330592, 33.559495], [133.332906, 33.558344], [133.341826, 33.565035], [133.347241, 33.563996], [133.348534, 33.559061], [133.352954, 33.558698], [133.357246, 33.561471], [133.356144, 33.575422], [133.359431, 33.579731], [133.364883, 33.57754], [133.363256, 33.572695], [133.365004, 33.566101], [133.37642, 33.5574], [133.3834, 33.55455], [133.401036, 33.54313], [133.403461, 33.536737], [133.399381, 33.532742], [133.397809, 33.527281], [133.394118, 33.522847], [133.393846, 33.518958]]]}, "properties": {"N03_001": "高知県", "N03_002": null, "N03_003": "高岡郡", "N03_004": "日高村", "N03_005": null, "N03_007": "39410"}}, {"type": "Feature", "geometry": {"type": "Polygon", "coordinates": [[[133.258239, 33.441401], [133.251203, 33.433262], [133.245404, 33.431071], [133.242834, 33.432649], [133.236333, 33.431348], [133.231983, 33.428767], [133.224449, 33.428898], [133.217148, 33.430582], [133.208072, 33.428686], [133.208027, 33.418108], [133.206523, 33.410389], [133.209593, 33.404714], [133.203222, 33.402856], [133.195512, 33.397816], [133.18372, 33.399945], [133.175476, 33.398646], [133.168912, 33.407997], [133.169747, 33.41748], [133.158253, 33.420834], [133.152111, 33.419011], [133.149956, 33.415476], [133.140953, 33.415813], [133.140252, 33.417892], [133.131553, 33.421019], [133.125699, 33.419826], [133.115651, 33.421729], [133.110999, 33.420038], [133.110911, 33.414519], [133.106547, 33.411249], [133.109033, 33.407543], [133.109766, 33.401123], [133.106175, 33.395323], [133.10796, 33.391504], [133.105521, 33.386859], [133.09876, 33.383226], [133.098666, 33.375305], [133.09408, 33.371728], [133.088378, 33.381349], [133.076185, 33.389225], [133.071241, 33.388034], [133.069938, 33.383788], [133.057999, 33.376404], [133.056934, 33.371716], [133.053063, 33.369289], [133.049829, 33.361474], [133.050947, 33.356402], [133.042446, 33.352259], [133.041077, 33.347159], [133.028473, 33.342968], [133.017923, 33.345836], [133.012923, 33.351223], [133.007759, 33.354295], [133.002295, 33.355023], [132.992322, 33.360808], [132.994024, 33.362136], [132.994307, 33.373983], [132.996887, 33.376115], [132.996981, 33.381186], [132.988696, 33.386935], [132.985519, 33.391518], [132.97962, 33.39083], [132.97829, 33.387109], [132.969397, 33.382617], [132.962701, 33.391911], [132.958495, 33.393645], [132.956095, 33.400542], [132.95952, 33.408637], [132.963072, 33.413083], [132.970743, 33.412371], [132.975629, 33.414923], [132.985369, 33.415292], [132.983809, 33.424867], [132.989222, 33.425993], [132.9937, 33.430425], [132.986559, 33.434695], [132.988537, 33.440503], [132.993765, 33.44301], [132.996903, 33.447175], [132.995671, 33.4534], [132.992816, 33.455895], [132.993841, 33.46142], [132.992675, 33.468612], [132.989258, 33.473866], [132.992728, 33.475829], [132.99903, 33.475754], [133.015364, 33.481006], [133.024068, 33.481554], [133.034433, 33.479317], [133.044736, 33.474597], [133.058802, 33.479738], [133.061139, 33.469019], [133.068283, 33.465781], [133.069131, 33.459196], [133.073641, 33.455658], [133.073379, 33.452594], [133.090639, 33.451709], [133.092753, 33.447794], [133.10232, 33.443035], [133.111686, 33.450396], [133.116766, 33.450254], [133.119273, 33.453224], [133.125795, 33.456318], [133.137481, 33.456737], [133.140331, 33.458465], [133.151239, 33.461008], [133.159432, 33.466992], [133.166979, 33.463919], [133.178406, 33.465219], [133.183293, 33.472555], [133.189389, 33.470797], [133.196819, 33.474283], [133.202495, 33.472152], [133.205055, 33.467133], [133.214553, 33.466824], [133.22092, 33.462006], [133.233333, 33.461455], [133.251285, 33.452033], [133.251867, 33.445377], [133.258239, 33.441401]]]}, "properties": {"N03_001": "高知県", "N03_002": null, "N03_003": "高岡郡", "N03_004": "津野町", "N03_005": null, "N03_007": "39411"}}, {"type": "Feature", "geometry": {"type": "Polygon", "coordinates": [[[133.051345, 33.122666], [133.056853, 33.129767], [133.056838, 33.133444], [133.047813, 33.13561], [133.034458, 33.140479], [133.030577, 33.144771], [133.027346, 33.145094], [133.022186, 33.150198], [133.016952, 33.149931], [133.010891, 33.146079], [133.003441, 33.147242], [133.000398, 33.151072], [133.002526, 33.155907], [132.994037, 33.160136], [132.989377, 33.157416], [132.984675, 33.157336], [132.978971, 33.160121], [132.972752, 33.160905], [132.969233, 33.155884], [132.965704, 33.154681], [132.96318, 33.147969], [132.958539, 33.146584], [132.951439, 33.149256], [132.946353, 33.146293], [132.940281, 33.145291], [132.935453, 33.137548], [132.923849, 33.138973], [132.911643, 33.143819], [132.901689, 33.145159], [132.899176, 33.144177], [132.893154, 33.148572], [132.890509, 33.152707], [132.884146, 33.153593], [132.876025, 33.160924], [132.880084, 33.167009], [132.877624, 33.17956], [132.867784, 33.179993], [132.861198, 33.177257], [132.84552, 33.184526], [132.838891, 33.188668], [132.833703, 33.187435], [132.826447, 33.190893], [132.818798, 33.19205], [132.82453, 33.20193], [132.824512, 33.206582], [132.817647, 33.213892], [132.819072, 33.222944], [132.822998, 33.222706], [132.825763, 33.229319], [132.827457, 33.237756], [132.822406, 33.239604], [132.804668, 33.235789], [132.800313, 33.243837], [132.799951, 33.247572], [132.794823, 33.251744], [132.786893, 33.26224], [132.789136, 33.27047], [132.793117, 33.274841], [132.80051, 33.275497], [132.809941, 33.280168], [132.814535, 33.280659], [132.817563, 33.283831], [132.824397, 33.282231], [132.839551, 33.287862], [132.849717, 33.289642], [132.857703, 33.293186], [132.872462, 33.304926], [132.884949, 33.307103], [132.898546, 33.314703], [132.900667, 33.320622], [132.898984, 33.32445], [132.901747, 33.327306], [132.911227, 33.327371], [132.928937, 33.323074], [132.933043, 33.319172], [132.940635, 33.314714], [132.952251, 33.313485], [132.95613, 33.309046], [132.959766, 33.300024], [132.959097, 33.296059], [132.963546, 33.292789], [132.967754, 33.292483], [132.971161, 33.286257], [132.980434, 33.283807], [132.981605, 33.290755], [132.994117, 33.298074], [132.997772, 33.306304], [133.00034, 33.308759], [133.007212, 33.308369], [133.014494, 33.310182], [133.019178, 33.307352], [133.025827, 33.306386], [133.028252, 33.30944], [133.030819, 33.31922], [133.035524, 33.321241], [133.031905, 33.328477], [133.028473, 33.342968], [133.041077, 33.347159], [133.042446, 33.352259], [133.050947, 33.356402], [133.062665, 33.355327], [133.0637, 33.353073], [133.071583, 33.348766], [133.06818, 33.341362], [133.062778, 33.344708], [133.056699, 33.342717], [133.05785, 33.333351], [133.06733, 33.334659], [133.072051, 33.337879], [133.075867, 33.335305], [133.076584, 33.328684], [133.087681, 33.32035], [133.088933, 33.317163], [133.094044, 33.314335], [133.097604, 33.310116], [133.106347, 33.312016], [133.105323, 33.318539], [133.112968, 33.317188], [133.117444, 33.313475], [133.121643, 33.306665], [133.131749, 33.303232], [133.140354, 33.303345], [133.149311, 33.306984], [133.162881, 33.309528], [133.164193, 33.315632], [133.169083, 33.317304], [133.171987, 33.321087], [133.178536, 33.321697], [133.18232, 33.317155], [133.179222, 33.308526], [133.188043, 33.302401], [133.190308, 33.294679], [133.195124, 33.295214], [133.198391, 33.28967], [133.194786, 33.286462], [133.195034, 33.273104], [133.196872, 33.27059], [133.19183, 33.260136], [133.193076, 33.256591], [133.198066, 33.253863], [133.205997, 33.254034], [133.215953, 33.250547], [133.220144, 33.246154], [133.222704, 33.240501], [133.228542, 33.235682], [133.234642, 33.234852], [133.241495, 33.236524], [133.256094, 33.23781], [133.249492, 33.232928], [133.255098, 33.229329], [133.256067, 33.225186], [133.239163, 33.216656], [133.238731, 33.209152], [133.234983, 33.20518], [133.235807, 33.198156], [133.219403, 33.194232], [133.215252, 33.192319], [133.210535, 33.183691], [133.214794, 33.179871], [133.216817, 33.175233], [133.221601, 33.173939], [133.218993, 33.166928], [133.220266, 33.156539], [133.223005, 33.153297], [133.214557, 33.15139], [133.212077, 33.148115], [133.208123, 33.157178], [133.20542, 33.159265], [133.206995, 33.165016], [133.198707, 33.167475], [133.191919, 33.167416], [133.184623, 33.163511], [133.182901, 33.160256], [133.170624, 33.150416], [133.167427, 33.145896], [133.163996, 33.135294], [133.158009, 33.138149], [133.153178, 33.14667], [133.156147, 33.15209], [133.166103, 33.160012], [133.175747, 33.173061], [133.18259, 33.177843], [133.183211, 33.182367], [133.177187, 33.188561], [133.173225, 33.189742], [133.164467, 33.188264], [133.160358, 33.183499], [133.151546, 33.178811], [133.146171, 33.171909], [133.138726, 33.167214], [133.132075, 33.167992], [133.124803, 33.161919], [133.114467, 33.158861], [133.1114, 33.163571], [133.104729, 33.163164], [133.098596, 33.164857], [133.090846, 33.158371], [133.089411, 33.154085], [133.093869, 33.150989], [133.095493, 33.144136], [133.07874, 33.148016], [133.075763, 33.147399], [133.073104, 33.141907], [133.072787, 33.135911], [133.074563, 33.13229], [133.07192, 33.129622], [133.071046, 33.123196], [133.064887, 33.122056], [133.05891, 33.117802], [133.051345, 33.122666]]]}, "properties": {"N03_001": "高知県", "N03_002": null, "N03_003": "高岡郡", "N03_004": "四万十町", "N03_005": null, "N03_007": "39412"}}, {"type": "Feature", "geometry": {"type": "MultiPolygon", "coordinates": [[[[132.704804, 32.888131], [132.705059, 32.887199], [132.705156, 32.886412], [132.705152, 32.886008], [132.704967, 32.885465], [132.704914, 32.884898], [132.70489, 32.884751], [132.704736, 32.884243], [132.704389, 32.88383], [132.704223, 32.883676], [132.703717, 32.883344], [132.703596, 32.883333], [132.70335, 32.883332], [132.703252, 32.883333], [132.703135, 32.883335], [132.702938, 32.883117], [132.702919, 32.883017], [132.702703, 32.882659], [132.702901, 32.881417], [132.702727, 32.881101], [132.702086, 32.880906], [132.701511, 32.880631], [132.7013, 32.880093], [132.701207, 32.879852], [132.701061, 32.879537], [132.700726, 32.879212], [132.700417, 32.879046], [132.700213, 32.878647], [132.700124, 32.87839], [132.700039, 32.878258], [132.699838, 32.877998], [132.699811, 32.877754], [132.699765, 32.877673], [132.698756, 32.876785], [132.698647, 32.876669], [132.698128, 32.876124], [132.698051, 32.876001], [132.697935, 32.875673], [132.697607, 32.875485], [132.697518, 32.875463], [132.697476, 32.875206], [132.697461, 32.874979], [132.697267, 32.874613], [132.697248, 32.874513], [132.697163, 32.874109], [132.696878, 32.873745], [132.696755, 32.873651], [132.696727, 32.873359], [132.696855, 32.873175], [132.697133, 32.872943], [132.697585, 32.872752], [132.698017, 32.872539], [132.698361, 32.872376], [132.698928, 32.871919], [132.699291, 32.871565], [132.699665, 32.871418], [132.7, 32.871203], [132.700221, 32.87107], [132.700634, 32.870642], [132.700935, 32.870438], [132.701522, 32.870842], [132.702124, 32.870748], [132.702553, 32.870588], [132.702684, 32.870557], [132.703043, 32.870673], [132.703263, 32.871042], [132.703104, 32.871571], [132.703286, 32.871797], [132.70371, 32.871734], [132.704015, 32.871365], [132.704363, 32.871011], [132.70476, 32.870069], [132.704922, 32.869642], [132.704953, 32.869113], [132.70493, 32.868985], [132.704934, 32.868809], [132.704976, 32.868418], [132.704899, 32.868111], [132.704784, 32.867939], [132.705945, 32.867156], [132.706266, 32.866827], [132.706358, 32.866621], [132.706536, 32.866286], [132.707014, 32.865462], [132.707142, 32.865199], [132.707408, 32.864867], [132.707624, 32.864629], [132.707902, 32.864329], [132.708613, 32.863638], [132.708808, 32.863492], [132.709281, 32.863254], [132.709655, 32.86312], [132.709809, 32.863021], [132.710415, 32.863136], [132.710979, 32.863517], [132.71216, 32.864548], [132.712623, 32.864892], [132.71297, 32.865067], [132.713061, 32.865174], [132.713221, 32.865381], [132.713491, 32.865716], [132.714024, 32.866048], [132.71441, 32.866151], [132.714723, 32.866101], [132.714881, 32.866111], [132.715483, 32.866411], [132.715617, 32.866667], [132.716379, 32.866937], [132.716667, 32.866836], [132.716922, 32.866731], [132.717239, 32.866551], [132.718792, 32.86598], [132.719077, 32.865783], [132.719401, 32.865414], [132.71968, 32.865224], [132.719988, 32.865492], [132.720134, 32.865837], [132.720442, 32.866548], [132.720503, 32.866667], [132.720604, 32.866871], [132.720473, 32.867172], [132.720216, 32.867452], [132.720123, 32.867553], [132.720041, 32.867861], [132.72016, 32.868299], [132.720334, 32.868681], [132.720488, 32.868994], [132.720534, 32.869273], [132.720291, 32.869663], [132.720641, 32.869992], [132.720569, 32.870282], [132.72046, 32.870702], [132.720306, 32.870896], [132.720226, 32.870963], [132.720103, 32.871041], [132.720303, 32.871154], [132.720502, 32.871215], [132.720752, 32.871379], [132.720813, 32.871626], [132.720889, 32.871671], [132.721371, 32.871338], [132.721799, 32.87095], [132.722282, 32.870653], [132.722658, 32.87046], [132.723307, 32.87015], [132.723626, 32.869972], [132.723961, 32.869697], [132.724147, 32.869531], [132.724244, 32.86932], [132.724136, 32.869185], [132.724386, 32.868753], [132.724659, 32.868247], [132.724991, 32.867784], [132.725061, 32.867571], [132.725111, 32.867371], [132.725342, 32.866934], [132.725701, 32.866486], [132.726131, 32.865631], [132.726441, 32.86517], [132.726472, 32.864854], [132.726287, 32.864464], [132.726391, 32.863733], [132.726561, 32.863495], [132.726693, 32.863401], [132.727047, 32.863207], [132.727461, 32.862953], [132.727862, 32.862502], [132.727991, 32.862326], [132.728236, 32.862011], [132.72846, 32.861832], [132.728629, 32.861696], [132.728937, 32.86143], [132.729138, 32.860972], [132.729196, 32.860743], [132.729219, 32.860405], [132.729578, 32.859872], [132.729724, 32.859405], [132.729752, 32.858591], [132.729691, 32.858333], [132.729636, 32.857983], [132.729462, 32.857153], [132.729196, 32.856727], [132.72935, 32.85653], [132.730059, 32.8561], [132.730712, 32.85352], [132.731131, 32.852872], [132.731708, 32.853007], [132.732094, 32.852969], [132.732785, 32.852685], [132.733236, 32.852739], [132.73414, 32.853052], [132.734934, 32.853623], [132.735584, 32.853789], [132.736228, 32.853846], [132.736491, 32.853905], [132.736946, 32.854074], [132.738216, 32.854106], [132.738437, 32.853962], [132.738935, 32.85364], [132.739344, 32.853373], [132.739626, 32.852946], [132.739561, 32.852717], [132.739742, 32.852235], [132.74027, 32.851905], [132.739864, 32.851266], [132.73976, 32.851019], [132.739664, 32.850683], [132.739584, 32.850521], [132.73939, 32.85], [132.739387, 32.849994], [132.739244, 32.849819], [132.738836, 32.849282], [132.738762, 32.849197], [132.738951, 32.848928], [132.739318, 32.84864], [132.739492, 32.848467], [132.738933, 32.848101], [132.738802, 32.847985], [132.738674, 32.847649], [132.738686, 32.847623], [132.73979, 32.846722], [132.739886, 32.846656], [132.740241, 32.846422], [132.740553, 32.846109], [132.740604, 32.845934], [132.740604, 32.845563], [132.7406, 32.845297], [132.740774, 32.845131], [132.740859, 32.844524], [132.740469, 32.843995], [132.739902, 32.843602], [132.739829, 32.843295], [132.739783, 32.842886], [132.739682, 32.842501], [132.739497, 32.841902], [132.739377, 32.841742], [132.739219, 32.841589], [132.739168, 32.841011], [132.739199, 32.840692], [132.73935, 32.840369], [132.739289, 32.840251], [132.739108, 32.840123], [132.738907, 32.839609], [132.738595, 32.838976], [132.739027, 32.838634], [132.739356, 32.838641], [132.740058, 32.838691], [132.740417, 32.838541], [132.740649, 32.838465], [132.741108, 32.838271], [132.741623, 32.838225], [132.74216, 32.838237], [132.742746, 32.838049], [132.743275, 32.837805], [132.743485, 32.837758], [132.743898, 32.837777], [132.744257, 32.837833], [132.74462, 32.837977], [132.744736, 32.838103], [132.744821, 32.838438], [132.745037, 32.838497], [132.745589, 32.838713], [132.745915, 32.838772], [132.746367, 32.838853], [132.746409, 32.839088], [132.746408, 32.83909], [132.746286, 32.839373], [132.747022, 32.839142], [132.747436, 32.838956], [132.747485, 32.838992], [132.747726, 32.83926], [132.748753, 32.838548], [132.749439, 32.838038], [132.750193, 32.837226], [132.762875, 32.830286], [132.762832, 32.830069], [132.762724, 32.829754], [132.76262, 32.829363], [132.762535, 32.829051], [132.76251, 32.828691], [132.76254, 32.828128], [132.762661, 32.827865], [132.762875, 32.827636], [132.764013, 32.827057], [132.764145, 32.826697], [132.764161, 32.826477], [132.764031, 32.826057], [132.7641, 32.825724], [132.764057, 32.825308], [132.763799, 32.825116], [132.76364, 32.825], [132.763587, 32.824739], [132.763751, 32.824463], [132.763749, 32.824411], [132.763433, 32.824018], [132.763507, 32.823727], [132.763574, 32.823364], [132.763879, 32.823026], [132.764263, 32.822759], [132.764555, 32.822609], [132.764831, 32.822551], [132.765247, 32.822498], [132.765455, 32.822365], [132.765761, 32.822148], [132.766221, 32.821834], [132.76662, 32.821633], [132.767261, 32.821413], [132.767378, 32.821327], [132.767441, 32.82115], [132.767888, 32.820521], [132.768214, 32.820392], [132.768459, 32.820205], [132.768656, 32.819895], [132.768982, 32.818882], [132.769027, 32.81879], [132.769329, 32.818387], [132.769871, 32.81771], [132.770191, 32.817329], [132.770321, 32.817005], [132.770314, 32.816782], [132.770286, 32.81661], [132.769966, 32.815839], [132.769892, 32.815689], [132.769771, 32.815297], [132.76978, 32.814916], [132.769782, 32.814827], [132.769615, 32.814491], [132.769581, 32.814465], [132.76888, 32.814428], [132.768665, 32.814311], [132.76867, 32.814193], [132.768501, 32.81383], [132.768405, 32.81342], [132.768481, 32.813095], [132.768485, 32.812779], [132.768312, 32.812096], [132.768171, 32.811799], [132.768091, 32.811593], [132.767883, 32.81107], [132.767794, 32.810906], [132.767525, 32.810775], [132.767306, 32.810679], [132.767071, 32.810294], [132.766932, 32.809941], [132.766932, 32.80949], [132.766725, 32.809199], [132.766479, 32.808917], [132.7661, 32.808535], [132.765986, 32.808333], [132.765968, 32.808262], [132.765943, 32.808059], [132.765635, 32.807524], [132.765442, 32.80715], [132.765093, 32.806645], [132.764739, 32.806231], [132.764552, 32.805925], [132.764502, 32.805795], [132.764258, 32.805096], [132.764019, 32.80429], [132.763768, 32.804039], [132.763704, 32.803967], [132.763487, 32.803417], [132.763294, 32.802956], [132.763371, 32.802734], [132.763693, 32.802452], [132.763918, 32.802196], [132.763904, 32.802048], [132.76382, 32.802026], [132.763414, 32.802009], [132.762516, 32.801939], [132.761723, 32.801628], [132.761593, 32.800706], [132.761703, 32.800646], [132.762152, 32.800267], [132.762606, 32.800201], [132.762729, 32.800158], [132.763967, 32.799319], [132.764289, 32.79889], [132.764336, 32.798643], [132.7644, 32.798534], [132.764546, 32.798439], [132.765235, 32.797744], [132.765531, 32.797535], [132.76612, 32.797352], [132.766493, 32.797302], [132.766681, 32.797335], [132.768502, 32.796399], [132.768779, 32.796141], [132.769111, 32.795851], [132.769357, 32.795764], [132.769727, 32.795754], [132.77018, 32.795736], [132.771164, 32.795527], [132.772607, 32.795311], [132.773004, 32.795085], [132.77332, 32.794849], [132.773484, 32.794184], [132.773717, 32.793806], [132.774196, 32.793415], [132.774287, 32.793111], [132.774025, 32.792236], [132.77402, 32.791986], [132.774018, 32.791693], [132.773801, 32.791421], [132.77358, 32.791019], [132.773601, 32.790933], [132.773827, 32.790714], [132.773977, 32.790563], [132.774009, 32.790484], [132.774034, 32.790398], [132.773811, 32.789692], [132.773603, 32.789527], [132.773311, 32.789358], [132.773051, 32.789289], [132.772598, 32.789053], [132.772177, 32.788879], [132.771895, 32.788763], [132.771736, 32.788631], [132.771724, 32.788576], [132.771939, 32.788311], [132.77257, 32.787632], [132.772949, 32.787147], [132.773086, 32.787021], [132.773398, 32.786792], [132.773624, 32.786744], [132.774065, 32.786679], [132.775, 32.786546], [132.775367, 32.786496], [132.775766, 32.786214], [132.776101, 32.785956], [132.776421, 32.785347], [132.776502, 32.784891], [132.777276, 32.783964], [132.777597, 32.783373], [132.777896, 32.783133], [132.778778, 32.783196], [132.779064, 32.783333], [132.779365, 32.783449], [132.779847, 32.783397], [132.780028, 32.783105], [132.78021, 32.782949], [132.780465, 32.782915], [132.780798, 32.782978], [132.780983, 32.782934], [132.781203, 32.782778], [132.781437, 32.782593], [132.781954, 32.782013], [132.782288, 32.781607], [132.782639, 32.781264], [132.782716, 32.781067], [132.782853, 32.780464], [132.782942, 32.780034], [132.78307, 32.779604], [132.783207, 32.779456], [132.783333, 32.779332], [132.783506, 32.779173], [132.783752, 32.778923], [132.78419, 32.778341], [132.784081, 32.778035], [132.783834, 32.777668], [132.783809, 32.777561], [132.783857, 32.777042], [132.783923, 32.776461], [132.783692, 32.775568], [132.783656, 32.775355], [132.783672, 32.775224], [132.783831, 32.775119], [132.784205, 32.775], [132.784238, 32.774988], [132.784753, 32.774863], [132.785011, 32.774741], [132.785238, 32.774442], [132.785391, 32.774059], [132.785823, 32.773652], [132.786114, 32.773282], [132.786292, 32.772848], [132.786337, 32.77251], [132.786417, 32.772275], [132.786447, 32.772089], [132.786322, 32.771722], [132.786075, 32.771441], [132.785975, 32.771252], [132.785968, 32.771089], [132.786068, 32.770757], [132.786107, 32.770396], [132.786093, 32.770134], [132.785868, 32.769698], [132.785199, 32.769184], [132.784908, 32.768927], [132.784753, 32.768766], [132.784595, 32.768496], [132.784593, 32.768152], [132.784677, 32.767928], [132.784928, 32.767289], [132.785352, 32.766527], [132.78556, 32.766081], [132.785589, 32.765814], [132.785581, 32.765301], [132.785676, 32.764951], [132.78579, 32.764384], [132.785784, 32.763524], [132.785806, 32.763274], [132.785834, 32.762909], [132.785768, 32.762644], [132.785385, 32.761938], [132.785405, 32.761727], [132.785507, 32.76157], [132.785731, 32.76099], [132.785697, 32.760227], [132.785736, 32.759908], [132.785852, 32.759081], [132.785968, 32.758706], [132.786107, 32.758333], [132.786215, 32.757941], [132.786283, 32.757597], [132.78632, 32.757363], [132.779375, 32.754141], [132.770675, 32.761978], [132.765647, 32.760566], [132.765769, 32.756002], [132.757629, 32.753092], [132.749664, 32.760736], [132.747755, 32.767246], [132.742359, 32.773454], [132.738419, 32.772937], [132.732299, 32.779318], [132.729294, 32.778844], [132.726472, 32.785902], [132.722971, 32.788814], [132.718503, 32.797827], [132.714033, 32.794857], [132.708532, 32.796462], [132.687218, 32.791535], [132.690941, 32.788284], [132.683805, 32.783656], [132.667922, 32.784291], [132.663059, 32.780535], [132.654563, 32.781159], [132.652867, 32.777689], [132.647747, 32.773878], [132.649818, 32.766428], [132.64554, 32.7656], [132.640394, 32.769482], [132.636929, 32.776445], [132.635693, 32.7848], [132.641067, 32.783145], [132.644189, 32.7876], [132.635638, 32.789177], [132.62859, 32.800185], [132.631056, 32.801515], [132.638002, 32.798948], [132.639571, 32.801822], [132.647353, 32.800409], [132.652321, 32.806423], [132.644436, 32.814002], [132.644048, 32.819539], [132.650534, 32.820455], [132.650381, 32.825962], [132.656178, 32.823829], [132.659944, 32.826801], [132.662886, 32.835475], [132.659451, 32.839289], [132.668613, 32.841408], [132.668048, 32.845443], [132.661667, 32.849333], [132.662612, 32.856245], [132.67458, 32.865069], [132.681455, 32.871299], [132.690498, 32.874904], [132.690617, 32.882407], [132.696869, 32.886922], [132.699434, 32.885024], [132.704804, 32.888131]]], [[[132.627484, 32.773248], [132.62526, 32.767288], [132.618087, 32.766347], [132.620521, 32.771463], [132.627484, 32.773248]]]]}, "properties": {"N03_001": "高知県", "N03_002": null, "N03_003": "幡多郡", "N03_004": "大月町", "N03_005": null, "N03_007": "39424"}}, {"type": "Feature", "geometry": {"type": "Polygon", "coordinates": [[[132.783839, 32.867441], [132.779613, 32.87013], [132.780356, 32.876199], [132.772217, 32.887976], [132.768909, 32.889586], [132.766178, 32.894796], [132.767258, 32.899004], [132.772681, 32.900178], [132.780136, 32.907809], [132.782854, 32.903528], [132.794455, 32.901228], [132.796901, 32.898869], [132.804843, 32.899504], [132.804854, 32.90566], [132.799824, 32.910365], [132.800053, 32.913384], [132.806302, 32.918087], [132.816501, 32.923056], [132.822592, 32.924137], [132.824636, 32.936462], [132.829778, 32.940254], [132.843252, 32.940417], [132.846024, 32.938591], [132.853607, 32.939929], [132.853822, 32.942294], [132.860717, 32.945198], [132.868722, 32.943502], [132.876489, 32.939743], [132.883239, 32.942639], [132.892776, 32.944967], [132.912507, 32.935021], [132.917903, 32.935265], [132.918257, 32.927165], [132.912905, 32.919839], [132.908992, 32.916848], [132.909021, 32.916667], [132.909052, 32.916363], [132.909059, 32.916164], [132.908957, 32.915922], [132.908911, 32.915882], [132.908845, 32.91581], [132.90892, 32.915614], [132.909147, 32.914927], [132.909311, 32.914537], [132.909444, 32.914247], [132.909477, 32.914015], [132.909527, 32.913909], [132.909582, 32.913848], [132.910684, 32.913141], [132.911931, 32.911785], [132.912262, 32.911568], [132.912518, 32.911362], [132.912756, 32.910242], [132.912814, 32.909946], [132.912921, 32.909576], [132.912706, 32.909507], [132.912481, 32.909469], [132.911988, 32.909327], [132.911528, 32.909239], [132.911404, 32.90923], [132.910801, 32.909302], [132.910314, 32.909354], [132.909817, 32.909366], [132.909857, 32.908829], [132.909997, 32.908417], [132.910021, 32.908333], [132.910016, 32.908273], [132.909569, 32.908248], [132.90939, 32.9082], [132.909097, 32.908158], [132.908717, 32.908084], [132.907872, 32.907864], [132.907523, 32.907684], [132.907352, 32.907651], [132.906405, 32.907609], [132.905867, 32.907484], [132.905529, 32.907059], [132.905321, 32.906694], [132.905268, 32.90646], [132.90534, 32.906201], [132.905628, 32.905333], [132.905585, 32.904919], [132.905034, 32.904862], [132.904748, 32.904812], [132.904463, 32.904681], [132.903868, 32.904472], [132.903694, 32.904386], [132.903553, 32.904286], [132.903307, 32.904047], [132.903267, 32.903976], [132.903165, 32.903754], [132.903141, 32.903507], [132.903385, 32.903074], [132.903635, 32.902752], [132.903884, 32.902444], [132.903967, 32.902133], [132.903872, 32.901975], [132.90387, 32.901911], [132.903967, 32.901547], [132.904044, 32.901304], [132.904279, 32.901119], [132.904517, 32.901028], [132.904965, 32.900755], [132.905373, 32.900555], [132.905528, 32.900269], [132.905575, 32.9], [132.905738, 32.899771], [132.906268, 32.899313], [132.906303, 32.899183], [132.906208, 32.899055], [132.906092, 32.898967], [132.906049, 32.898786], [132.906065, 32.898491], [132.906143, 32.898351], [132.90621, 32.898272], [132.906543, 32.897837], [132.906686, 32.897805], [132.907219, 32.897882], [132.907596, 32.89787], [132.907862, 32.897788], [132.908333, 32.897608], [132.908453, 32.897561], [132.908567, 32.897467], [132.908863, 32.896934], [132.9098, 32.89636], [132.90987, 32.896209], [132.909905, 32.895924], [132.909937, 32.89586], [132.910786, 32.895619], [132.910997, 32.895644], [132.911514, 32.895628], [132.911825, 32.895459], [132.91196, 32.895286], [132.912159, 32.894952], [132.912269, 32.894557], [132.912209, 32.894393], [132.911931, 32.894141], [132.911669, 32.893877], [132.911612, 32.893787], [132.911575, 32.893619], [132.9116, 32.893512], [132.911825, 32.89333], [132.912815, 32.893114], [132.912952, 32.892861], [132.913027, 32.892333], [132.913147, 32.891963], [132.913444, 32.891779], [132.913524, 32.891746], [132.913598, 32.891667], [132.913605, 32.891637], [132.913556, 32.890887], [132.913649, 32.890195], [132.913891, 32.889635], [132.914107, 32.888927], [132.914049, 32.888482], [132.913966, 32.887825], [132.914092, 32.887591], [132.914339, 32.887368], [132.914431, 32.887115], [132.914359, 32.887016], [132.913962, 32.886437], [132.913949, 32.886145], [132.913911, 32.885359], [132.913893, 32.885287], [132.914369, 32.884872], [132.914512, 32.884749], [132.914504, 32.884404], [132.914502, 32.884262], [132.914444, 32.884074], [132.914276, 32.883951], [132.914065, 32.88384], [132.91316, 32.883333], [132.913017, 32.883263], [132.912656, 32.882925], [132.912661, 32.882657], [132.912691, 32.882528], [132.91265, 32.882426], [132.912536, 32.882301], [132.912437, 32.88209], [132.912551, 32.881639], [132.912793, 32.881073], [132.912867, 32.88072], [132.913199, 32.879982], [132.913338, 32.879768], [132.913449, 32.879507], [132.913449, 32.879467], [132.913423, 32.879112], [132.913421, 32.878977], [132.913338, 32.878734], [132.91312, 32.878383], [132.913087, 32.878206], [132.913135, 32.878026], [132.91353, 32.877236], [132.913184, 32.877366], [132.912613, 32.877358], [132.912007, 32.877159], [132.911883, 32.877121], [132.911741, 32.87712], [132.911687, 32.87714], [132.911584, 32.877255], [132.911395, 32.877408], [132.91132, 32.877475], [132.911273, 32.877517], [132.910202, 32.878594], [132.909387, 32.879379], [132.909114, 32.87969], [132.909095, 32.879724], [132.908973, 32.880009], [132.908915, 32.8801], [132.908696, 32.880167], [132.908333, 32.880227], [132.906229, 32.88039], [132.905618, 32.880476], [132.905514, 32.880549], [132.905311, 32.880635], [132.904932, 32.880565], [132.904783, 32.880559], [132.903961, 32.880721], [132.903735, 32.880705], [132.903428, 32.880724], [132.902857, 32.880656], [132.902743, 32.88063], [132.902277, 32.880401], [132.901972, 32.88019], [132.901666, 32.880031], [132.901203, 32.879617], [132.900896, 32.878864], [132.900594, 32.87843], [132.900337, 32.87771], [132.9, 32.877134], [132.899925, 32.877021], [132.899788, 32.876762], [132.899504, 32.87574], [132.899293, 32.875349], [132.899221, 32.875268], [132.899099, 32.875184], [132.898422, 32.874939], [132.898173, 32.874842], [132.898001, 32.874706], [132.897908, 32.874564], [132.897833, 32.874432], [132.897752, 32.8742], [132.89765, 32.874072], [132.897052, 32.873914], [132.896725, 32.873906], [132.896137, 32.8739], [132.896066, 32.8739], [132.895664, 32.873884], [132.895325, 32.873772], [132.895037, 32.873631], [132.894783, 32.873562], [132.893978, 32.873159], [132.893605, 32.873348], [132.893321, 32.873498], [132.8926, 32.87375], [132.892182, 32.87376], [132.892103, 32.873725], [132.891667, 32.873207], [132.891436, 32.872968], [132.89121, 32.872704], [132.890918, 32.871901], [132.890821, 32.871695], [132.890572, 32.871259], [132.890373, 32.870976], [132.890031, 32.871001], [132.889858, 32.87103], [132.88886, 32.871263], [132.888408, 32.871426], [132.888101, 32.871539], [132.887355, 32.8721], [132.887136, 32.872189], [132.886355, 32.872414], [132.885881, 32.872502], [132.885384, 32.872827], [132.885286, 32.872945], [132.884953, 32.873061], [132.884793, 32.873092], [132.884466, 32.87314], [132.884297, 32.873209], [132.88394, 32.873332], [132.883707, 32.8734], [132.88359, 32.87343], [132.883344, 32.873422], [132.882537, 32.873422], [132.882323, 32.873436], [132.882197, 32.873422], [132.881905, 32.873342], [132.881736, 32.873276], [132.881152, 32.87281], [132.880651, 32.872586], [132.880545, 32.872562], [132.8802, 32.872597], [132.880091, 32.872639], [132.879963, 32.872676], [132.87974, 32.87271], [132.879642, 32.872704], [132.879537, 32.872689], [132.879321, 32.872732], [132.87909, 32.872906], [132.878702, 32.873174], [132.878534, 32.873211], [132.876966, 32.873092], [132.875765, 32.872702], [132.875413, 32.872528], [132.875342, 32.872317], [132.875309, 32.871727], [132.875176, 32.871606], [132.875, 32.871529], [132.874853, 32.871462], [132.869292, 32.866787], [132.859116, 32.868231], [132.856466, 32.865196], [132.849107, 32.865628], [132.845246, 32.859273], [132.834849, 32.863013], [132.830257, 32.862142], [132.826702, 32.865079], [132.81719, 32.864916], [132.809655, 32.87542], [132.799524, 32.880924], [132.794995, 32.877751], [132.794417, 32.874613], [132.785894, 32.87713], [132.783839, 32.867441]]]}, "properties": {"N03_001": "高知県", "N03_002": null, "N03_003": "幡多郡", "N03_004": "三原村", "N03_005": null, "N03_007": "39427"}}, {"type": "Feature", "geometry": {"type": "Polygon", "coordinates": [[[132.999296, 32.980301], [132.994474, 32.979832], [132.990972, 32.977059], [132.985462, 32.981906], [132.980247, 32.981965], [132.976433, 32.985097], [132.979995, 32.988903], [132.977581, 32.992282], [132.97564, 32.999644], [132.969225, 33.003243], [132.961819, 33.003845], [132.956682, 33.015034], [132.953392, 33.019672], [132.964224, 33.030266], [132.964721, 33.0336], [132.961015, 33.041012], [132.961625, 33.046877], [132.965579, 33.05376], [132.963937, 33.056343], [132.970144, 33.066864], [132.970524, 33.073157], [132.973999, 33.076751], [132.97105, 33.082649], [132.973944, 33.08764], [132.983102, 33.088329], [132.984799, 33.093916], [132.988721, 33.098759], [132.996881, 33.099179], [133.006529, 33.110417], [133.021893, 33.113897], [133.02984, 33.110169], [133.039269, 33.111649], [133.043643, 33.110669], [133.051345, 33.122666], [133.05891, 33.117802], [133.064887, 33.122056], [133.071046, 33.123196], [133.07192, 33.129622], [133.074563, 33.13229], [133.072787, 33.135911], [133.073104, 33.141907], [133.075763, 33.147399], [133.07874, 33.148016], [133.095493, 33.144136], [133.093869, 33.150989], [133.089411, 33.154085], [133.090846, 33.158371], [133.098596, 33.164857], [133.104729, 33.163164], [133.1114, 33.163571], [133.114467, 33.158861], [133.124803, 33.161919], [133.132075, 33.167992], [133.138726, 33.167214], [133.146171, 33.171909], [133.151546, 33.178811], [133.160358, 33.183499], [133.164467, 33.188264], [133.173225, 33.189742], [133.177187, 33.188561], [133.183211, 33.182367], [133.18259, 33.177843], [133.175747, 33.173061], [133.166103, 33.160012], [133.156147, 33.15209], [133.153178, 33.14667], [133.158009, 33.138149], [133.163996, 33.135294], [133.154836, 33.125433], [133.153857, 33.118567], [133.147456, 33.110427], [133.148319, 33.108325], [133.138364, 33.094078], [133.130684, 33.090081], [133.128484, 33.091336], [133.118113, 33.086394], [133.110947, 33.075625], [133.105154, 33.073066], [133.107997, 33.069636], [133.108851, 33.062644], [133.09932, 33.058127], [133.096138, 33.048897], [133.096143, 33.041776], [133.093054, 33.034049], [133.097096, 33.028977], [133.094468, 33.023567], [133.089282, 33.026235], [133.081182, 33.027606], [133.079818, 33.031599], [133.075568, 33.033127], [133.072521, 33.037472], [133.060424, 33.036941], [133.056215, 33.039098], [133.050346, 33.03795], [133.044456, 33.038896], [133.034898, 33.036391], [133.027943, 33.03148], [133.018622, 33.023221], [133.008334, 33.009332], [133.005622, 33.00134], [133.006928, 32.995356], [133.002924, 32.992729], [132.999296, 32.980301]]]}, "properties": {"N03_001": "高知県", "N03_002": null, "N03_003": "幡多郡", "N03_004": "黒潮町", "N03_005": null, "N03_007": "39428"}}]}