{"type": "FeatureCollection", "features": [{"type": "Feature", "geometry": {"type": "MultiPolygon", "coordinates": [[[[134.434575, 35.463634], [134.438182, 35.461229], [134.440101, 35.442804], [134.440768, 35.43986], [134.427987, 35.434911], [134.4231, 35.436125], [134.415644, 35.433885], [134.404727, 35.439512], [134.397429, 35.440308], [134.394015, 35.43822], [134.379714, 35.437561], [134.377296, 35.431595], [134.363322, 35.426304], [134.348378, 35.425349], [134.340731, 35.430331], [134.330368, 35.428103], [134.325515, 35.429714], [134.310355, 35.43868], [134.30355, 35.440198], [134.296853, 35.44508], [134.288836, 35.441861], [134.280047, 35.444443], [134.278096, 35.449888], [134.274301, 35.449263], [134.272866, 35.443359], [134.265143, 35.440134], [134.262171, 35.431435], [134.248363, 35.428921], [134.244878, 35.429758], [134.238056, 35.424856], [134.238119, 35.421088], [134.231976, 35.418724], [134.226995, 35.414234], [134.218501, 35.413856], [134.215525, 35.411766], [134.217272, 35.406475], [134.215922, 35.403288], [134.219749, 35.397679], [134.225415, 35.393198], [134.231838, 35.391283], [134.235887, 35.386198], [134.232347, 35.381482], [134.233799, 35.378931], [134.230776, 35.371634], [134.234293, 35.360868], [134.241282, 35.355833], [134.242197, 35.352803], [134.238365, 35.347746], [134.239218, 35.340954], [134.245009, 35.3281], [134.254126, 35.327409], [134.254629, 35.320495], [134.257373, 35.315375], [134.262676, 35.312664], [134.26902, 35.312463], [134.270537, 35.309014], [134.265696, 35.305071], [134.257297, 35.302878], [134.252349, 35.296052], [134.244415, 35.298254], [134.235725, 35.296246], [134.223746, 35.297355], [134.219775, 35.301416], [134.213822, 35.294259], [134.207812, 35.289693], [134.19914, 35.287178], [134.197901, 35.280785], [134.194695, 35.278825], [134.186762, 35.278791], [134.177856, 35.276953], [134.160097, 35.271944], [134.156562, 35.271714], [134.148039, 35.277919], [134.148778, 35.281141], [134.140015, 35.280934], [134.13924, 35.279047], [134.135684, 35.282335], [134.131532, 35.280333], [134.122303, 35.281074], [134.113819, 35.285953], [134.114107, 35.288464], [134.102793, 35.296394], [134.097914, 35.303299], [134.086297, 35.307326], [134.08168, 35.302257], [134.075838, 35.302748], [134.070661, 35.299259], [134.062199, 35.303043], [134.054656, 35.298189], [134.04813, 35.29848], [134.044136, 35.302756], [134.033879, 35.303954], [134.029662, 35.307345], [134.021695, 35.305569], [134.007836, 35.308398], [133.999468, 35.314651], [134.004161, 35.325283], [134.011988, 35.329887], [134.015365, 35.333864], [134.010822, 35.340396], [134.015421, 35.345294], [134.014806, 35.350391], [134.019847, 35.356083], [134.017765, 35.361086], [134.024234, 35.364428], [134.028497, 35.369026], [134.03157, 35.366393], [134.041503, 35.376476], [134.031622, 35.379199], [134.027013, 35.382342], [134.016677, 35.38692], [134.002838, 35.390809], [133.999548, 35.389214], [133.991313, 35.393663], [133.991084, 35.396447], [133.994974, 35.403027], [134.000838, 35.406389], [133.998873, 35.411384], [133.995235, 35.413967], [133.993702, 35.4235], [133.988766, 35.420697], [133.98306, 35.425126], [133.977995, 35.425118], [133.970871, 35.422108], [133.964784, 35.426611], [133.951384, 35.428148], [133.950852, 35.436818], [133.947407, 35.441128], [133.953691, 35.450804], [133.948283, 35.456596], [133.946037, 35.461827], [133.951736, 35.474843], [133.952257, 35.479781], [133.955794, 35.485949], [133.954234, 35.488365], [133.957248, 35.499213], [133.964336, 35.503143], [133.9709, 35.512169], [133.9706, 35.518255], [133.9652, 35.522837], [133.980086, 35.522178], [133.989386, 35.522918], [134.000743, 35.526072], [134.002395, 35.531712], [134.008459, 35.537675], [134.015219, 35.529961], [134.018413, 35.522009], [134.021799, 35.51969], [134.033756, 35.518485], [134.056975, 35.518929], [134.076672, 35.52093], [134.082635, 35.525333], [134.098439, 35.524403], [134.152207, 35.530903], [134.169491, 35.53359], [134.186292, 35.538495], [134.187093, 35.542887], [134.193049, 35.543012], [134.19714, 35.540856], [134.207785, 35.541656], [134.231167, 35.546463], [134.257554, 35.55457], [134.272517, 35.560665], [134.277791, 35.572709], [134.282716, 35.567068], [134.286636, 35.567859], [134.291605, 35.56216], [134.29472, 35.561971], [134.299348, 35.548651], [134.306076, 35.547145], [134.309279, 35.538189], [134.316866, 35.538391], [134.317547, 35.535653], [134.326834, 35.533774], [134.328819, 35.528143], [134.32305, 35.513007], [134.326618, 35.510408], [134.32347, 35.502448], [134.324332, 35.497639], [134.318925, 35.491827], [134.319435, 35.487033], [134.328604, 35.484929], [134.335916, 35.478165], [134.338646, 35.479337], [134.350431, 35.477892], [134.352688, 35.482027], [134.36111, 35.483882], [134.365266, 35.489539], [134.367821, 35.489902], [134.378884, 35.500689], [134.387462, 35.498129], [134.393172, 35.500636], [134.400316, 35.492182], [134.400437, 35.490085], [134.408845, 35.486894], [134.413569, 35.489816], [134.427099, 35.486072], [134.427148, 35.48173], [134.434437, 35.470831], [134.434575, 35.463634]], [[134.13568473, 35.50630111], [134.13547889, 35.50617583], [134.13540444, 35.50611139], [134.13526, 35.50595667], [134.13515917, 35.50587444], [134.13502778, 35.50580278], [134.1349625, 35.50574917], [134.13480917, 35.50566334], [134.13471723, 35.50557388], [134.13468667, 35.505495], [134.13472167, 35.50543055], [134.13478722, 35.50537334], [134.13488362, 35.50535556], [134.13500194, 35.50538056], [134.135085, 35.50539472], [134.13518111, 35.50539139], [134.13530361, 35.50540555], [134.13546555, 35.50542694], [134.13554889, 35.50542694], [134.13560139, 35.50538778], [134.13564944, 35.50531611], [134.13565389, 35.50525166], [134.13562777, 35.50510861], [134.13563194, 35.50504056], [134.13566278, 35.50493334], [134.13566722, 35.50485444], [134.13563639, 35.50476861], [134.13554, 35.50465417], [134.13533028, 35.50450028], [134.13522611, 35.50442694], [134.13517361, 35.50433417], [134.135165, 35.50425166], [134.13520861, 35.50414444], [134.1352, 35.50408], [134.13512555, 35.50400833], [134.13502916, 35.50396556], [134.13477972, 35.50384389], [134.13453445, 35.50375778], [134.13410083, 35.50356111], [134.13397834, 35.50352889], [134.13371139, 35.50347889], [134.13341361, 35.50343222], [134.13326917, 35.50337861], [134.13309833, 35.50330695], [134.13297556, 35.50322111], [134.13290195, 35.50314638], [134.13288667, 35.50311472], [134.13281222, 35.50305361], [134.13271305, 35.50298], [134.13257972, 35.50291139], [134.13244305, 35.50283472], [134.13235944, 35.50278917], [134.13232222, 35.50273583], [134.13231277, 35.50264167], [134.13230972, 35.50258584], [134.132285, 35.5025175], [134.13221361, 35.50242333], [134.13197778, 35.50216972], [134.13186916, 35.50206056], [134.13171694, 35.50193862], [134.131575, 35.50181556], [134.13146028, 35.50169889], [134.13135167, 35.50157444], [134.13128028, 35.50146528], [134.13123694, 35.50134362], [134.13122444, 35.50123194], [134.13123056, 35.50114805], [134.13128028, 35.50103388], [134.13146334, 35.50075695], [134.13154722, 35.50065305], [134.13169834, 35.50049695], [134.13174194, 35.50044445], [134.13175111, 35.50043333], [134.13177917, 35.5003775], [134.13180084, 35.50028361], [134.13183194, 35.50013639], [134.13186611, 35.50001194], [134.13192194, 35.49992055], [134.1320025, 35.49981917], [134.13215778, 35.49970722], [134.13223834, 35.49963917], [134.13229417, 35.49958056], [134.13239667, 35.49945361], [134.13246806, 35.49938], [134.1326075, 35.49930389], [134.13272389, 35.49926472], [134.13281389, 35.49925444], [134.13291, 35.49925694], [134.13304361, 35.49927723], [134.13327944, 35.49934834], [134.13339722, 35.49938389], [134.13346555, 35.49939666], [134.13353694, 35.49939167], [134.13360195, 35.49936361], [134.13367333, 35.4992875], [134.1339525, 35.4989675], [134.1341075, 35.49881028], [134.134185, 35.49874167], [134.13427194, 35.49869333], [134.13437445, 35.49866027], [134.13444889, 35.49864528], [134.13463194, 35.49864528], [134.13470639, 35.49863], [134.13475306, 35.49860444], [134.13479944, 35.49855111], [134.13484056, 35.49852278], [134.13492445, 35.49849972], [134.13504222, 35.49849972], [134.1351975, 35.49852], [134.13529056, 35.49852527], [134.13538056, 35.49852278], [134.13552944, 35.4985025], [134.13560083, 35.49848194], [134.13570333, 35.49844389], [134.1358925, 35.49830945], [134.135995, 35.49824333], [134.13613444, 35.49821027], [134.13627722, 35.49819278], [134.13658139, 35.49816972], [134.13666472, 35.49816694], [134.13675167, 35.49813916], [134.13683833, 35.49808833], [134.13691917, 35.49799944], [134.13693695, 35.49796694], [134.13695638, 35.49793111], [134.13696556, 35.497865], [134.13694083, 35.49744861], [134.13695333, 35.49734722], [134.13697806, 35.49726083], [134.13708055, 35.49713639], [134.13712361, 35.49708723], [134.13720139, 35.49699917], [134.13726973, 35.49694083], [134.13739389, 35.496875], [134.13748667, 35.49682667], [134.13752694, 35.49678361], [134.137555, 35.49673028], [134.13757194, 35.49666305], [134.13808222, 35.49612111], [134.13814639, 35.49607805], [134.13823389, 35.49605417], [134.13841473, 35.49604945], [134.13847889, 35.49601612], [134.13854305, 35.495935], [134.13863611, 35.49587277], [134.13905028, 35.49570112], [134.13926028, 35.49562944], [134.13942944, 35.49560083], [134.13956945, 35.49558666], [134.13971528, 35.49562944], [134.14007667, 35.49579667], [134.14031, 35.49592055], [134.1405025, 35.49604472], [134.14079972, 35.49628806], [134.14099639, 35.49641695], [134.14143972, 35.49670277], [134.14155056, 35.49675528], [134.14168473, 35.49680306], [134.14184223, 35.49682222], [134.14219778, 35.49682222], [134.14231444, 35.49684445], [134.14276333, 35.49692889], [134.1430175, 35.4969875], [134.14316833, 35.49702639], [134.14331917, 35.49709472], [134.14352528, 35.49720833], [134.14369806, 35.49732333], [134.14374472, 35.49740916], [134.14379723, 35.49752389], [134.14405389, 35.49796277], [134.14419388, 35.49826333], [134.1441975, 35.49826445], [134.14466056, 35.49841611], [134.14466639, 35.49830639], [134.14524361, 35.49825389], [134.14534139, 35.49825389], [134.14565056, 35.49833972], [134.14569111, 35.49839695], [134.14570861, 35.49851139], [134.14701472, 35.49878834], [134.14715472, 35.4986975], [134.14749889, 35.49878333], [134.14798305, 35.49892666], [134.14817528, 35.49895056], [134.14828111, 35.49895667], [134.14845611, 35.49891389], [134.14856111, 35.49886139], [134.14863666, 35.49878972], [134.14866, 35.49871333], [134.148695, 35.49820778], [134.14871833, 35.49811222], [134.1490275, 35.49763055], [134.14909167, 35.49754], [134.14917334, 35.49747305], [134.14939473, 35.49740639], [134.14980889, 35.49733473], [134.15024028, 35.49726806], [134.15047361, 35.49722027], [134.15063111, 35.4971725], [134.15075945, 35.49712], [134.15087611, 35.49705333], [134.15099278, 35.49691], [134.15114416, 35.49666194], [134.15120834, 35.49659528], [134.15127833, 35.49653778], [134.151395, 35.49650444], [134.15150445, 35.49649027], [134.15239083, 35.49650444], [134.15264139, 35.49652834], [134.15302638, 35.49659027], [134.15303583, 35.49656861], [134.15305278, 35.49653028], [134.15313444, 35.49654445], [134.15326278, 35.4965875], [134.15350166, 35.49668278], [134.153875, 35.49684972], [134.1541025, 35.49697389], [134.15477306, 35.4974225], [134.15474083, 35.49755445], [134.15550195, 35.49799972], [134.15568861, 35.49811417], [134.15582861, 35.49813333], [134.15664945, 35.49812389], [134.15687084, 35.49813333], [134.157005, 35.49814778], [134.15716833, 35.49820028], [134.15731416, 35.49825278], [134.1574425, 35.49833389], [134.15764083, 35.49853416], [134.1577575, 35.49863917], [134.15803111, 35.49885861], [134.15809444, 35.49892278], [134.15816445, 35.49894194], [134.15824612, 35.49892278], [134.15846194, 35.49876056], [134.15900444, 35.49876056], [134.15940389, 35.49846472], [134.15947972, 35.49805444], [134.15953806, 35.498045], [134.15969556, 35.49820722], [134.16064028, 35.49779222], [134.16078028, 35.49777306], [134.16143305, 35.497735], [134.16153223, 35.49774944], [134.16201417, 35.4979025], [134.16220861, 35.49796417], [134.16241861, 35.49788306], [134.16249445, 35.49786388], [134.16271611, 35.49786861], [134.16279194, 35.49785916], [134.16294944, 35.49780667], [134.16305195, 35.49780972], [134.16320361, 35.49782389], [134.16416, 35.4979625], [134.16414222, 35.49808166], [134.16437555, 35.49821528], [134.16452722, 35.49831056], [134.16462056, 35.49838695], [134.16468472, 35.49847778], [134.16473112, 35.49859194], [134.16475444, 35.49899278], [134.16495861, 35.49903083], [134.16485362, 35.50023889], [134.1648175, 35.50028416], [134.16480444, 35.5003375], [134.16482083, 35.50040139], [134.16486639, 35.50046278], [134.16490223, 35.50053222], [134.16496, 35.50066778], [134.16502527, 35.50083833], [134.16506778, 35.50092361], [134.16511, 35.50099306], [134.16516555, 35.50103027], [134.16522416, 35.50104889], [134.1653675, 35.50107556], [134.16556972, 35.50112889], [134.16568055, 35.50116083], [134.16574583, 35.50121167], [134.16578472, 35.50125166], [134.16580778, 35.50130223], [134.16583056, 35.50141167], [134.16584028, 35.50147305], [134.16587944, 35.50156639], [134.16590555, 35.50160112], [134.16593805, 35.50161972], [134.1660325, 35.50161972], [134.16606833, 35.50160889], [134.16611667, 35.50156583], [134.16701999, 35.50127889], [134.16716584, 35.501255], [134.16728834, 35.50126944], [134.16742833, 35.50132667], [134.16808722, 35.50169889], [134.16858777, 35.50197778], [134.16875694, 35.50210666], [134.16952666, 35.502765], [134.16961417, 35.5028175], [134.16970722, 35.50284139], [134.16985306, 35.50286528], [134.16995222, 35.50289861], [134.17020888, 35.50302278], [134.17030806, 35.50306083], [134.17043056, 35.50308944], [134.17090667, 35.50314722], [134.17209805, 35.50318944], [134.17276944, 35.50426278], [134.17299111, 35.50419138], [134.17338917, 35.50503056], [134.173355, 35.50514889], [134.17336361, 35.50523834], [134.17342944, 35.50538862], [134.17348639, 35.50549945], [134.1735475, 35.50564639], [134.17359583, 35.50575361], [134.17364722, 35.50582777], [134.17369972, 35.50594945], [134.17373473, 35.50609639], [134.17378695, 35.50625362], [134.17385278, 35.50641112], [134.17394028, 35.50660778], [134.17396666, 35.50672222], [134.17402778, 35.50694417], [134.17407611, 35.50716972], [134.17408916, 35.50737], [134.17408916, 35.50749528], [134.17406278, 35.507565], [134.17399722, 35.50769389], [134.17397972, 35.50777972], [134.1739825, 35.50785695], [134.17400166, 35.50793722], [134.17404084, 35.50801583], [134.17415472, 35.50814112], [134.17421167, 35.50826639], [134.17422917, 35.50837389], [134.17421167, 35.50865611], [134.17420723, 35.50877083], [134.174225, 35.50888527], [134.17426861, 35.50899612], [134.1742775, 35.50906611], [134.17426861, 35.50915889], [134.17418556, 35.50930945], [134.17417667, 35.50939528], [134.17418556, 35.5095025], [134.17422917, 35.50967444], [134.17426417, 35.50981028], [134.1743125, 35.50993555], [134.1743475, 35.51006444], [134.17437361, 35.51023972], [134.17436945, 35.51067277], [134.17436945, 35.51079055], [134.1744, 35.51090167], [134.17444555, 35.511005], [134.17451139, 35.51107389], [134.17462389, 35.51114306], [134.17478361, 35.51119944], [134.17495556, 35.51127611], [134.17516805, 35.51138611], [134.17524027, 35.51138861], [134.17531528, 35.51137833], [134.17534667, 35.51143972], [134.17535277, 35.51149861], [134.17535916, 35.51159834], [134.17522278, 35.51169889], [134.17507111, 35.51181055], [134.17480056, 35.51167306], [134.1742225, 35.51137972], [134.17342555, 35.51101833], [134.17301444, 35.51085056], [134.17274278, 35.51075027], [134.17235306, 35.51064305], [134.1710925, 35.51034611], [134.17057778, 35.51022389], [134.17039833, 35.51017722], [134.17024056, 35.51011639], [134.17010056, 35.51005556], [134.16994306, 35.50994111], [134.16958833, 35.50960111], [134.1695075, 35.50952917], [134.1690325, 35.50910722], [134.16882222, 35.50893194], [134.16862528, 35.50878889], [134.16842833, 35.50867444], [134.16820444, 35.50856889], [134.16812139, 35.50850805], [134.16802055, 35.50845084], [134.16772722, 35.50831834], [134.16751722, 35.50824694], [134.16720611, 35.50811806], [134.16702694, 35.50805], [134.16675111, 35.50798556], [134.16665473, 35.50796417], [134.16650167, 35.507975], [134.16636361, 35.50799278], [134.16624555, 35.50801778], [134.16608333, 35.5081], [134.16592583, 35.5082075], [134.1658075, 35.50828611], [134.16569361, 35.50834], [134.16560167, 35.50835777], [134.16549667, 35.50840444], [134.16534334, 35.50846861], [134.16519889, 35.50855472], [134.16507639, 35.50865472], [134.16498444, 35.50876223], [134.16493195, 35.50882305], [134.16484861, 35.50889445], [134.16473639, 35.50897], [134.16472722, 35.50897611], [134.16456528, 35.50906195], [134.16433305, 35.50916556], [134.16425862, 35.5092225], [134.16417111, 35.509305], [134.16409667, 35.50944445], [134.16393917, 35.50972361], [134.16379445, 35.50995277], [134.16367639, 35.51015667], [134.16353611, 35.51045], [134.16340583, 35.51069639], [134.16328333, 35.51095028], [134.16317388, 35.51121139], [134.16309083, 35.51142972], [134.16303806, 35.51162278], [134.16296806, 35.51189833], [134.16294195, 35.51206667], [134.16293306, 35.5121775], [134.16293306, 35.51236361], [134.16296361, 35.51275639], [134.16298555, 35.51292111], [134.163025, 35.51308917], [134.16309083, 35.5132825], [134.16315194, 35.51345028], [134.16324389, 35.51364722], [134.16334027, 35.51388694], [134.16340166, 35.51407305], [134.16348917, 35.51424472], [134.16355056, 35.51435944], [134.16364667, 35.5145275], [134.16374306, 35.51469222], [134.16380223, 35.51477389], [134.16388111, 35.5148525], [134.16399916, 35.51498139], [134.16420945, 35.51515306], [134.16439333, 35.51531417], [134.16459472, 35.5155075], [134.16469084, 35.51560389], [134.16486167, 35.51570778], [134.16497111, 35.51577583], [134.16516806, 35.51585778], [134.1654175, 35.51595805], [134.16564528, 35.5160475], [134.16577222, 35.5160975], [134.16597138, 35.51619862], [134.16610722, 35.51628111], [134.16626056, 35.51634889], [134.16634639, 35.51636973], [134.1664225, 35.51638833], [134.16656694, 35.51640972], [134.16667195, 35.51643139], [134.16680778, 35.51647056], [134.16689972, 35.51651723], [134.16694361, 35.51658861], [134.16698305, 35.51667112], [134.16698305, 35.51685167], [134.16699167, 35.51697], [134.16702667, 35.51708806], [134.16713583, 35.51730639], [134.16722777, 35.51745666], [134.16728473, 35.51753889], [134.16735056, 35.51762472], [134.16736361, 35.51770361], [134.16737222, 35.51783945], [134.16735056, 35.51803277], [134.16734611, 35.51813638], [134.16735916, 35.51824556], [134.16739416, 35.51840277], [134.16742917, 35.51849222], [134.16750806, 35.5186175], [134.16758694, 35.51873916], [134.1676, 35.518825], [134.16756945, 35.51889667], [134.16749944, 35.51902194], [134.16746, 35.519115], [134.16744667, 35.51920083], [134.16745111, 35.51932972], [134.167425, 35.51940834], [134.16739861, 35.51945861], [134.16730222, 35.51956584], [134.16711389, 35.51971612], [134.16697389, 35.51983056], [134.16675944, 35.51993444], [134.16659528, 35.52000417], [134.1663325, 35.52008305], [134.16586416, 35.52022611], [134.16509805, 35.52041556], [134.16437112, 35.52058722], [134.16357001, 35.52076277], [134.16326945, 35.52081222], [134.16314694, 35.52083], [134.1630725, 35.52084444], [134.1628275, 35.52092306], [134.16266472, 35.52097583], [134.16108083, 35.52108361], [134.16106305, 35.52104834], [134.16102805, 35.52101611], [134.16084417, 35.52103056], [134.16059195, 35.52105222], [134.16011028, 35.52106639], [134.15954584, 35.52106306], [134.15905111, 35.52104861], [134.15862639, 35.52105583], [134.15832416, 35.52104861], [134.15812278, 35.52104139], [134.15796944, 35.52101639], [134.15773306, 35.52095195], [134.15765444, 35.52094473], [134.157545, 35.52093417], [134.15735, 35.52089861], [134.15709639, 35.52084306], [134.15693667, 35.52081084], [134.15689278, 35.52080361], [134.15685333, 35.52081806], [134.15682417, 35.52084889], [134.15275638, 35.51979472], [134.15280334, 35.51964695], [134.15194694, 35.51945], [134.15189472, 35.51941473], [134.15175778, 35.51938194], [134.15155639, 35.5193175], [134.1513375, 35.51923166], [134.15114917, 35.51915639], [134.15101361, 35.51906694], [134.15092584, 35.51898472], [134.15089084, 35.51888806], [134.15090833, 35.51876277], [134.15099167, 35.51844445], [134.15100778, 35.51830473], [134.15099917, 35.51819722], [134.15095527, 35.517995], [134.15091388, 35.51785194], [134.15086333, 35.51774111], [134.15079333, 35.51764611], [134.15073861, 35.517605], [134.15068834, 35.51758528], [134.15065333, 35.51758528], [134.1506225, 35.51760333], [134.15060723, 35.51762833], [134.15059445, 35.51768083], [134.14883417, 35.51858611], [134.14830277, 35.51848111], [134.14825472, 35.51847833], [134.14733611, 35.51828666], [134.14724416, 35.51826889], [134.14718305, 35.51826889], [134.14714362, 35.51829027], [134.14707777, 35.51829027], [134.14512306, 35.51789222], [134.14286972, 35.51745305], [134.14270639, 35.51731], [134.14253111, 35.51711916], [134.14242028, 35.51701889], [134.14225028, 35.51688972], [134.14163138, 35.51651278], [134.14149722, 35.5164175], [134.14138027, 35.51628862], [134.14120805, 35.51605473], [134.141045, 35.51590695], [134.14084056, 35.51574472], [134.14044944, 35.51546334], [134.14019862, 35.51531556], [134.13995333, 35.51514861], [134.13978972, 35.51501972], [134.13959139, 35.51483833], [134.13946278, 35.51472389], [134.13929945, 35.51459972], [134.13903667, 35.51445666], [134.13862445, 35.51427305], [134.13859, 35.51416445], [134.13855944, 35.51411805], [134.13847611, 35.51408222], [134.13792889, 35.51396417], [134.13728083, 35.51384611], [134.13701806, 35.51379611], [134.1369, 35.51376722], [134.13682555, 35.51372806], [134.13670723, 35.51370306], [134.13657167, 35.513685], [134.13647528, 35.51367444], [134.13639194, 35.51364917], [134.13629584, 35.51358834], [134.13622555, 35.51352055], [134.1361425, 35.51341667], [134.13607055, 35.51330333], [134.13604861, 35.51323889], [134.13604, 35.51317973], [134.13605111, 35.51312611], [134.13607944, 35.5130975], [134.13612528, 35.51309028], [134.13615139, 35.51308305], [134.13618861, 35.51303389], [134.13635777, 35.51275223], [134.13626139, 35.51268778], [134.13651472, 35.51231277], [134.13655056, 35.51226195], [134.13659556, 35.51222417], [134.13668306, 35.51216694], [134.1368275, 35.51213473], [134.137055, 35.51211305], [134.13725889, 35.51209111], [134.13748444, 35.51206306], [134.13763334, 35.51204528], [134.13776028, 35.51201666], [134.13784333, 35.51198084], [134.13788778, 35.51195945], [134.13793528, 35.51192361], [134.13796889, 35.51189445], [134.13801417, 35.51184139], [134.13804473, 35.51176972], [134.13805222, 35.51173583], [134.13804583, 35.51168611], [134.13803306, 35.5116325], [134.13801417, 35.51158361], [134.13799194, 35.51155278], [134.13795972, 35.51151944], [134.13785389, 35.51145305], [134.13754305, 35.51133861], [134.13695611, 35.51115944], [134.13654055, 35.51102945], [134.13637, 35.51096639], [134.136275, 35.51095139], [134.13617612, 35.51094277], [134.13601305, 35.51092722], [134.13588222, 35.51090722], [134.13578972, 35.51088639], [134.13574223, 35.51084528], [134.13570362, 35.510795], [134.13557749, 35.51054806], [134.1355075, 35.51046222], [134.13543723, 35.51039778], [134.13534806, 35.51035806], [134.13521389, 35.51015278], [134.1350125, 35.51020945], [134.13487527, 35.5102675], [134.13472334, 35.5103675], [134.13429139, 35.51048667], [134.13419222, 35.51048667], [134.13380723, 35.5103625], [134.13366111, 35.51030083], [134.13329916, 35.51002417], [134.13313, 35.50990472], [134.13298972, 35.50995722], [134.13273305, 35.50975194], [134.13255778, 35.50958972], [134.13261611, 35.50945612], [134.13238862, 35.509375], [134.13210138, 35.50926305], [134.13204834, 35.50919334], [134.13200445, 35.50917722], [134.13196945, 35.50923277], [134.13196722, 35.50926861], [134.1319475, 35.50929194], [134.13191917, 35.50930805], [134.13186694, 35.50930667], [134.13156445, 35.509215], [134.13152278, 35.50918806], [134.13152527, 35.50908833], [134.13134583, 35.50900973], [134.13106139, 35.50889139], [134.13102194, 35.50888083], [134.13096945, 35.508895], [134.1309125, 35.50890583], [134.13084695, 35.50887722], [134.1307375, 35.50880917], [134.13056666, 35.50864445], [134.13044416, 35.50851945], [134.13028639, 35.50831889], [134.1302075, 35.50825445], [134.13010361, 35.50817028], [134.13002916, 35.50810611], [134.12998556, 35.50802361], [134.12997667, 35.50795222], [134.13001611, 35.50784139], [134.1300775, 35.50776277], [134.1301475, 35.50765889], [134.13017361, 35.50759805], [134.13018695, 35.50754084], [134.13026556, 35.50746917], [134.13027445, 35.50741917], [134.13026556, 35.50735833], [134.1301825, 35.50726167], [134.13013, 35.50720806], [134.13006861, 35.50718305], [134.12998972, 35.50717583], [134.12991973, 35.50713277], [134.12985417, 35.50705417], [134.12977528, 35.50686277], [134.12973138, 35.50676972], [134.12965695, 35.50669805], [134.12955194, 35.50661583], [134.12942055, 35.506555], [134.12928056, 35.50651917], [134.12922361, 35.50650834], [134.12921916, 35.5064725], [134.12928056, 35.50642611], [134.12938111, 35.50636528], [134.12949945, 35.50632222], [134.12953889, 35.50629], [134.12952139, 35.50620417], [134.12943362, 35.50611833], [134.129285, 35.50600028], [134.12924972, 35.50594667], [134.12925222, 35.50592695], [134.12927167, 35.50591445], [134.12939, 35.50590361], [134.12950805, 35.50586778], [134.12962639, 35.50581777], [134.12971389, 35.50574278], [134.12974472, 35.50566778], [134.12976639, 35.50553889], [134.12979723, 35.50546722], [134.12987583, 35.505385], [134.12998111, 35.50523834], [134.13002472, 35.50519889], [134.13009055, 35.50518806], [134.130165, 35.5052025], [134.13022611, 35.50520611], [134.13027445, 35.50519167], [134.13031833, 35.50514528], [134.13033139, 35.50507362], [134.13036194, 35.50501278], [134.13043195, 35.50496638], [134.13049778, 35.50494833], [134.13055889, 35.50497], [134.13065305, 35.504995], [134.13071889, 35.504995], [134.13078, 35.50498416], [134.13084584, 35.50498778], [134.13092028, 35.50503444], [134.13102083, 35.50511666], [134.13108667, 35.50513444], [134.13116556, 35.50513083], [134.13124, 35.50513083], [134.13130111, 35.50515611], [134.13137555, 35.50523112], [134.13139306, 35.50526333], [134.13136695, 35.50532056], [134.13138444, 35.50537416], [134.13144139, 35.50543166], [134.13154639, 35.50550667], [134.13162084, 35.50552444], [134.13170834, 35.50551389], [134.13176528, 35.50552805], [134.13179166, 35.50557833], [134.13181777, 35.50563556], [134.13188362, 35.50569277], [134.13203667, 35.50575], [134.13209472, 35.50576194], [134.13228167, 35.5058], [134.13247862, 35.50581806], [134.13269333, 35.50582889], [134.13282889, 35.50581806], [134.13303028, 35.50579306], [134.13328111, 35.50577861], [134.13366194, 35.50576083], [134.13398611, 35.50575], [134.13413056, 35.50576083], [134.1342575, 35.50580362], [134.13437138, 35.50587528], [134.13448528, 35.50599694], [134.13464722, 35.50610778], [134.13482222, 35.50621167], [134.13518973, 35.50637278], [134.135365, 35.50643723], [134.1355575, 35.50646583], [134.13568889, 35.50648], [134.13575472, 35.506455], [134.13577667, 35.50641917], [134.13577222, 35.50636556], [134.13568473, 35.50630111]]], [[[134.16025194, 35.49973333], [134.1602, 35.49970834], [134.16014111, 35.49970639], [134.16011056, 35.49974889], [134.16009167, 35.499795], [134.16007528, 35.4998875], [134.16007278, 35.49995667], [134.16008472, 35.4999875], [134.16013195, 35.50004139], [134.16018833, 35.50007805], [134.160245, 35.50012639], [134.16030139, 35.50016083], [134.16037916, 35.50018973], [134.16044945, 35.50019361], [134.16049667, 35.50018028], [134.16053444, 35.5001475], [134.16055805, 35.50010111], [134.16055555, 35.50005306], [134.16053916, 35.50002222], [134.16049888, 35.49998195], [134.1604475, 35.49990694], [134.160405, 35.49985472], [134.16035806, 35.49980472], [134.16032028, 35.49976611], [134.16025194, 35.49973333]]], [[[134.15399194, 35.50498778], [134.15416389, 35.50563472], [134.15424556, 35.50563222], [134.15429722, 35.50567417], [134.1543675, 35.50573139], [134.15447694, 35.50583889], [134.15456889, 35.50592833], [134.15476583, 35.50607139], [134.15490167, 35.50616806], [134.15508972, 35.50625389], [134.15522111, 35.50631111], [134.15536139, 35.50634333], [134.15550028, 35.50634694], [134.15575834, 35.50634333], [134.15588528, 35.5063325], [134.15599916, 35.5063075], [134.15612166, 35.50624306], [134.1562225, 35.50616806], [134.156345, 35.50602472], [134.15644583, 35.50586389], [134.15653778, 35.50569583], [134.15660777, 35.50560277], [134.15673916, 35.50548472], [134.15682223, 35.50539528], [134.15689666, 35.50528445], [134.15692306, 35.50521278], [134.15693611, 35.50512334], [134.15692306, 35.50506972], [134.15685195, 35.50497667], [134.1565425, 35.50441834], [134.15643167, 35.50423694], [134.15601639, 35.50368194], [134.15588889, 35.50347862], [134.15583056, 35.50334028], [134.15578028, 35.50314694], [134.15575277, 35.50311], [134.15577028, 35.50302], [134.15580528, 35.50276722], [134.15583444, 35.50248083], [134.15584028, 35.50212666], [134.15582861, 35.5017925], [134.15579944, 35.501535], [134.15574112, 35.50128722], [134.15567195, 35.50111472], [134.15569445, 35.5010575], [134.15568833, 35.50100416], [134.15565417, 35.50092305], [134.15556444, 35.50082416], [134.15547444, 35.50071], [134.15538861, 35.50060889], [134.15532028, 35.50051028], [134.15527695, 35.50040611], [134.15526139, 35.50027944], [134.15528306, 35.50015528], [134.15531111, 35.50002334], [134.15530473, 35.49994223], [134.15528639, 35.49988139], [134.15524278, 35.49981806], [134.15519333, 35.4997875], [134.15511584, 35.49979527], [134.15505389, 35.49982305], [134.15499806, 35.49990166], [134.15493917, 35.49996], [134.15488334, 35.50000305], [134.15480194, 35.50005139], [134.15407334, 35.50038056], [134.1539625, 35.5004425], [134.15386917, 35.50052361], [134.15375834, 35.50063333], [134.1536825, 35.50074806], [134.15363584, 35.50088278], [134.15356584, 35.50113528], [134.15351917, 35.50130722], [134.15348444, 35.50139778], [134.15339694, 35.50149805], [134.15311694, 35.50182722], [134.15267527, 35.50230305], [134.15261389, 35.50230555], [134.1525575, 35.50234805], [134.15250556, 35.50241916], [134.1524925, 35.50250417], [134.1524925, 35.50265334], [134.15251416, 35.50272445], [134.1525575, 35.50278473], [134.15262695, 35.50283389], [134.15279028, 35.50290556], [134.15295944, 35.5029675], [134.15330166, 35.50308361], [134.15353889, 35.50314667], [134.15371417, 35.50323972], [134.15379, 35.50330167], [134.15389528, 35.50340667], [134.15397111, 35.50353084], [134.15403527, 35.50367388], [134.15407028, 35.50382194], [134.15408194, 35.50398416], [134.15406445, 35.50411778], [134.15395611, 35.50456056], [134.15381611, 35.50463111], [134.153755, 35.50468139], [134.15372417, 35.50473139], [134.15375056, 35.50479583], [134.153825, 35.50484223], [134.15386, 35.50487805], [134.15389056, 35.50492472], [134.15393444, 35.50496028], [134.15399194, 35.50498778]]], [[[134.14617056, 35.51215139], [134.14609167, 35.51212277], [134.14601722, 35.51211555], [134.14595166, 35.51212639], [134.14587278, 35.51218722], [134.14579833, 35.51227666], [134.14576333, 35.5123625], [134.14577639, 35.51253055], [134.14579833, 35.51270583], [134.14585972, 35.51288111], [134.14590778, 35.51299917], [134.14597333, 35.51313166], [134.14605222, 35.51324611], [134.14611361, 35.51331778], [134.14622306, 35.51340361], [134.14627111, 35.51344305], [134.1463675, 35.51348584], [134.14653833, 35.51355389], [134.14667389, 35.51360389], [134.14684028, 35.51366139], [134.14704195, 35.513715], [134.14718639, 35.51373278], [134.14731778, 35.51372917], [134.14741834, 35.51370778], [134.14754972, 35.51363611], [134.14772472, 35.51352888], [134.14793916, 35.51340722], [134.14811417, 35.51333556], [134.1481975, 35.51331417], [134.14824139, 35.51326416], [134.1483025, 35.5131925], [134.14831139, 35.51310305], [134.14829389, 35.51301], [134.14823694, 35.51293111], [134.14817111, 35.51288834], [134.14804417, 35.5128525], [134.14793473, 35.51282028], [134.14779889, 35.51277028], [134.14769416, 35.51269889], [134.14758473, 35.51260222], [134.14748834, 35.51256305], [134.14739638, 35.512545], [134.14719056, 35.51252723], [134.14708111, 35.51252], [134.1470025, 35.51248417], [134.14684916, 35.51239472], [134.14673528, 35.51231945], [134.14661278, 35.51226583], [134.14649, 35.51223722], [134.14635889, 35.51223361], [134.14627111, 35.51221223], [134.14617056, 35.51215139]]], [[[134.13998556, 35.50646917], [134.1399525, 35.50653556], [134.13994389, 35.50657305], [134.13995473, 35.50660694], [134.14002472, 35.50664472], [134.14009695, 35.50667861], [134.14017806, 35.5067], [134.14027889, 35.50672167], [134.14046695, 35.50676972], [134.14059834, 35.50680917], [134.14068778, 35.50681806], [134.14076667, 35.50682889], [134.14084111, 35.50682889], [134.14088723, 35.50681806], [134.14094611, 35.506795], [134.14102056, 35.50673222], [134.14106888, 35.50667139], [134.14107528, 35.50661055], [134.14104917, 35.50645139], [134.14098139, 35.50636], [134.14090028, 35.50629916], [134.14083027, 35.50626694], [134.14075833, 35.50625806], [134.14049778, 35.50628305], [134.14034222, 35.50631167], [134.14018472, 35.50636195], [134.14004028, 35.50642444], [134.13998556, 35.50646917]]], [[[134.13836611, 35.5067475], [134.13833306, 35.50675027], [134.13831139, 35.50676361], [134.13829472, 35.50678222], [134.138285, 35.50681278], [134.13828833, 35.50684778], [134.13829805, 35.50689333], [134.13833, 35.50694667], [134.13835833, 35.50698611], [134.13838472, 35.50700666], [134.13840972, 35.50700944], [134.13842834, 35.50699944], [134.13844055, 35.50697278], [134.13842834, 35.50682361], [134.13841417, 35.50677778], [134.13839444, 35.50675472], [134.13836611, 35.5067475]]]]}, "properties": {"N03_001": "鳥取県", "N03_002": null, "N03_003": null, "N03_004": "鳥取市", "N03_005": null, "N03_007": "31201"}}, {"type": "Feature", "geometry": {"type": "MultiPolygon", "coordinates": [[[[133.319024, 35.383492], [133.313567, 35.387346], [133.315141, 35.391763], [133.321057, 35.395506], [133.320573, 35.410278], [133.31926136787268, 35.4125516943693], [133.31991056, 35.41297945], [133.32099639, 35.41264973], [133.32105527, 35.41277805], [133.32114834, 35.41299445], [133.32124167, 35.41321056], [133.32105333, 35.41330389], [133.32103861, 35.41331111], [133.320935, 35.41335444], [133.32084722, 35.41338917], [133.32081583, 35.41333861], [133.32054528, 35.41349194], [133.31929555, 35.41424056], [133.31910639, 35.41440305], [133.31835611, 35.41526834], [133.31785945, 35.41583334], [133.31772695, 35.41604639], [133.317665, 35.4161425], [133.3176225, 35.4162775], [133.3175775, 35.41652694], [133.31757473, 35.41675806], [133.31759723, 35.41688166], [133.31763389, 35.41698028], [133.31793584, 35.41738305], [133.31917666, 35.41897583], [133.31985694, 35.41980806], [133.31998944, 35.4199925], [133.32024195, 35.42034362], [133.32047223, 35.42067916], [133.3206675, 35.42090111], [133.32075584, 35.42096805], [133.321065, 35.42105584], [133.32155083, 35.42116444], [133.32167722, 35.42117472], [133.32177166, 35.42113333], [133.3222475, 35.42123611], [133.32308111, 35.42143805], [133.32325777, 35.42155139], [133.32335889, 35.42155666], [133.32358583, 35.42148444], [133.32446916, 35.42175278], [133.32511889, 35.421985], [133.32523888, 35.42209361], [133.32528111, 35.42233694], [133.32532084, 35.42256806], [133.32441861, 35.42271778], [133.32386333, 35.42282612], [133.32304001, 35.42303778], [133.32216944, 35.42328056], [133.32190417, 35.42337861], [133.3217275, 35.42345084], [133.32166444, 35.42352306], [133.32162028, 35.42364194], [133.32162028, 35.42377611], [133.32181278, 35.42434389], [133.32191389, 35.4246275], [133.32189472, 35.42477194], [133.32182555, 35.42489583], [133.32150667, 35.42508167], [133.32133305, 35.42522389], [133.3213175, 35.42523667], [133.32124806, 35.42537611], [133.32117222, 35.42560306], [133.32004278, 35.42580445], [133.32013444, 35.42625861], [133.32068944, 35.42864833], [133.32120361, 35.43069222], [133.32239, 35.43086277], [133.32216556, 35.43203444], [133.32240527, 35.43252472], [133.32232917, 35.43262416], [133.32226666, 35.43270556], [133.32171445, 35.43259722], [133.32152528, 35.43258167], [133.32142416, 35.43259195], [133.3213675, 35.43264862], [133.32132333, 35.43320111], [133.3215, 35.43326806], [133.32112139, 35.43365027], [133.32086889, 35.43371195], [133.32000167, 35.43381], [133.31860084, 35.43398028], [133.31756916, 35.4326075], [133.31705861, 35.43191917], [133.31669222, 35.43142527], [133.31544612, 35.43198806], [133.31364778, 35.43282417], [133.31258444, 35.43324222], [133.31151166, 35.43352084], [133.31157472, 35.43370667], [133.31089667, 35.43391833], [133.30852416, 35.43458417], [133.30748945, 35.43488361], [133.30735861, 35.43492139], [133.30723861, 35.43495583], [133.30607306, 35.43530139], [133.30459805, 35.43574528], [133.30265139, 35.4362925], [133.30038334, 35.43690695], [133.29939584, 35.43716973], [133.29929833, 35.43719194], [133.29920056, 35.43721444], [133.29858805, 35.4373925], [133.29572528, 35.43820417], [133.293815, 35.43874472], [133.29499556, 35.44034222], [133.29510055, 35.440285], [133.29515778, 35.44031028], [133.29522333, 35.44033917], [133.29568861, 35.44109278], [133.29545195, 35.44119584], [133.29537722, 35.44107556], [133.29525306, 35.44087583], [133.29471694, 35.44105917], [133.29442805, 35.44113389], [133.293835, 35.44126056], [133.29391389, 35.44152639], [133.29376889, 35.44162194], [133.29370556, 35.44171722], [133.29364111, 35.44186694], [133.29360945, 35.44199861], [133.29359695, 35.44213028], [133.29359361, 35.44223611], [133.29362834, 35.4424475], [133.29321666, 35.44249389], [133.29320084, 35.44268222], [133.29297056, 35.44271583], [133.29292, 35.44258694], [133.29181778, 35.44286556], [133.2918525, 35.44296111], [133.29148944, 35.44305389], [133.2912875, 35.44326555], [133.29103056, 35.44335611], [133.2899025, 35.44375083], [133.28892305, 35.44410972], [133.28857583, 35.44423362], [133.288475, 35.4442925], [133.28822083, 35.44458166], [133.288095, 35.44472111], [133.28794666, 35.44483972], [133.28780805, 35.44495333], [133.28777167, 35.44499972], [133.28775278, 35.44507222], [133.28774639, 35.44511333], [133.28801556, 35.4453025], [133.28874305, 35.44581278], [133.28863278, 35.44591361], [133.28805361, 35.44555223], [133.28748305, 35.44519083], [133.28739472, 35.44514944], [133.28729695, 35.44514445], [133.28718944, 35.445165], [133.28687889, 35.44526056], [133.28568472, 35.44567333], [133.28524277, 35.44583861], [133.28482333, 35.44602194], [133.28471139, 35.44620778], [133.28465445, 35.44631611], [133.28460083, 35.44637805], [133.28444333, 35.44648611], [133.2840775, 35.44673388], [133.28303, 35.44743084], [133.28215444, 35.44800639], [133.28190834, 35.44816389], [133.28182306, 35.44824917], [133.28181361, 35.44831362], [133.2818325, 35.44836], [133.28205027, 35.44854334], [133.2819825, 35.44864139], [133.28178056, 35.44864388], [133.28137361, 35.44888666], [133.28134528, 35.44903083], [133.28133139, 35.44904472], [133.28128527, 35.44909027], [133.28116361, 35.44917806], [133.28105334, 35.44923472], [133.28087027, 35.44930195], [133.28079778, 35.44933028], [133.28078194, 35.44936388], [133.28078528, 35.44943861], [133.28081972, 35.44950306], [133.28092723, 35.44962695], [133.28159611, 35.45020778], [133.28144139, 35.45030583], [133.28018278, 35.44923222], [133.27937667, 35.44849389], [133.27839722, 35.44898695], [133.27733889, 35.44954444], [133.276375, 35.45006055], [133.27597444, 35.45026445], [133.27516834, 35.45064361], [133.27481473, 35.45081139], [133.27469806, 35.45089666], [133.27460972, 35.45097917], [133.27455306, 35.4510875], [133.274515, 35.451165], [133.27446139, 35.45121667], [133.27429777, 35.45135334], [133.27392861, 35.45165028], [133.27363195, 35.45187222], [133.27349305, 35.45196], [133.27336694, 35.4520425], [133.27344889, 35.45214583], [133.27427222, 35.45255889], [133.27452472, 35.45269806], [133.27460027, 35.45280666], [133.27465084, 35.45289944], [133.27461916, 35.4529975], [133.27416167, 35.45373584], [133.27409222, 35.45381806], [133.27396611, 35.45383361], [133.27378945, 35.45380778], [133.27348694, 35.45374584], [133.27333555, 35.45373028], [133.27319028, 35.45377667], [133.2726475, 35.45425167], [133.27237972, 35.45445722], [133.27193472, 35.45479889], [133.27186833, 35.4549175], [133.2717675, 35.45502083], [133.27123722, 35.45543361], [133.27222167, 35.45611], [133.27201972, 35.45627528], [133.27185583, 35.45617194], [133.27097223, 35.45550611], [133.26925306, 35.4566775], [133.26767722, 35.45773834], [133.26734916, 35.45795], [133.26721361, 35.4579475], [133.26683972, 35.45822361], [133.26638222, 35.45855916], [133.2660275, 35.45880417], [133.26600528, 35.45881972], [133.26595806, 35.45881722], [133.265805, 35.45873473], [133.26569139, 35.45865195], [133.26558722, 35.45853334], [133.26551167, 35.45847639], [133.26538861, 35.45843528], [133.26528111, 35.45840944], [133.26518972, 35.45841973], [133.26502556, 35.45845833], [133.26489, 35.45852305], [133.26476055, 35.45860556], [133.26457139, 35.45875778], [133.26387445, 35.45940806], [133.26607778, 35.46108056], [133.26612222, 35.46112639], [133.26543388, 35.46174556], [133.26408056, 35.46294583], [133.26308916, 35.46359139], [133.26236638, 35.46432973], [133.26186305, 35.46511778], [133.26111611, 35.46664889], [133.25967944, 35.46789555], [133.25939445, 35.46814278], [133.25793694, 35.46943945], [133.25779972, 35.46959416], [133.25763361, 35.46983805], [133.25678556, 35.4710825], [133.256655, 35.4712], [133.25604861, 35.47088528], [133.25575166, 35.47118917], [133.25379194, 35.47296611], [133.25266361, 35.47339305], [133.25218306, 35.47369806], [133.2512025, 35.47427889], [133.25092861, 35.47415611], [133.25057556, 35.47458556], [133.24934222, 35.47587083], [133.24831362, 35.47693944], [133.2481875, 35.47706334], [133.248055, 35.47706833], [133.24785306, 35.47703222], [133.24758195, 35.47692389], [133.24800444, 35.47641278], [133.24747473, 35.47605167], [133.24737277, 35.47617028], [133.24732944, 35.47620222], [133.24608083, 35.47756389], [133.24590889, 35.47777194], [133.24525138, 35.47848472], [133.24460528, 35.47918055], [133.24400833, 35.479825], [133.2434775, 35.48038944], [133.24318027, 35.48072778], [133.24271278, 35.48128527], [133.2423575, 35.48171555], [133.24178333, 35.48239], [133.24218666, 35.48264222], [133.24230028, 35.48272694], [133.24229389, 35.48276], [133.2420575, 35.48298972], [133.24170361, 35.48333306], [133.24139277, 35.48362083], [133.24121556, 35.48380166], [133.24110805, 35.48389556], [133.2409425, 35.48405278], [133.24089583, 35.48410139], [133.24089445, 35.48416056], [133.24095, 35.48425555], [133.24095834, 35.484295], [133.24095362, 35.48432806], [133.240945, 35.48435917], [133.24084, 35.48449666], [133.24075805, 35.4845775], [133.24047972, 35.48478111], [133.24043305, 35.48479972], [133.2398425, 35.48456195], [133.23979833, 35.484565], [133.23905861, 35.48554527], [133.23901306, 35.48554527], [133.23885, 35.48551444], [133.23881334, 35.48551945], [133.23860084, 35.48583723], [133.23853, 35.48590944], [133.23846056, 35.48595389], [133.23839473, 35.48598917], [133.23794972, 35.48599111], [133.23750972, 35.48598722], [133.23648347443486, 35.48598097783241], [133.243376, 35.492292], [133.250949, 35.497008], [133.256094, 35.497313], [133.262828, 35.500983], [133.268848, 35.495049], [133.279872, 35.486472], [133.29344, 35.477821], [133.30687, 35.472046], [133.323186, 35.466276], [133.348368, 35.460698], [133.354345, 35.460591], [133.374054, 35.456292], [133.367559, 35.434361], [133.37654, 35.433302], [133.379817, 35.429989], [133.384568, 35.432567], [133.386586, 35.441494], [133.390548, 35.446034], [133.391608, 35.453822], [133.402472, 35.45328], [133.411782, 35.454706], [133.422636, 35.458364], [133.427699, 35.462933], [133.429315, 35.469895], [133.434596, 35.468754], [133.434121, 35.459625], [133.441838, 35.459704], [133.452864, 35.462066], [133.459154, 35.451716], [133.45844, 35.447223], [133.464977, 35.445415], [133.47121, 35.439965], [133.474337, 35.440396], [133.480246, 35.437202], [133.47968, 35.429879], [133.470285, 35.422953], [133.46566, 35.415951], [133.450971, 35.416557], [133.441835, 35.414563], [133.445677, 35.397765], [133.445369, 35.39238], [133.440436, 35.390378], [133.429941, 35.391682], [133.414846, 35.389608], [133.403074, 35.397913], [133.399825, 35.403917], [133.395059, 35.395868], [133.389312, 35.396876], [133.386703, 35.386423], [133.383065, 35.386559], [133.380613, 35.382143], [133.372992, 35.378761], [133.359987, 35.381009], [133.355761, 35.386311], [133.349941, 35.387044], [133.339249, 35.385319], [133.328843, 35.374672], [133.324434, 35.374279], [133.319024, 35.383492]]], [[[133.28576285019955, 35.441362972572634], [133.28294028, 35.44235138], [133.28259722, 35.44246889], [133.27996472, 35.44336972], [133.27705139, 35.44439417], [133.27468222, 35.44524694], [133.27242139, 35.44604166], [133.27241862, 35.4460425], [133.27197528, 35.446195], [133.27148111, 35.44649417], [133.26917473, 35.44794527], [133.2663625, 35.44974], [133.26384556, 35.45136278], [133.26362139, 35.45150139], [133.26240251, 35.45225361], [133.26159334, 35.45275], [133.26134833, 35.45294111], [133.261115, 35.45315111], [133.26092834, 35.45337389], [133.26080388, 35.45364111], [133.26073361, 35.45387028], [133.2607025, 35.45414389], [133.26073778, 35.45444945], [133.26076111, 35.45466583], [133.2608, 35.45488861], [133.26093222, 35.45518778], [133.26144945, 35.45626305], [133.26242944, 35.45823612], [133.26277194, 35.45889806], [133.26288862, 35.45895528], [133.26305973, 35.45898695], [133.26335722, 35.45884083], [133.26434139, 35.45835722], [133.26461361, 35.45819805], [133.26482361, 35.45812166], [133.26499472, 35.45810889], [133.26539944, 35.45814055], [133.26595944, 35.45818528], [133.26614611, 35.45815973], [133.26631722, 35.45807695], [133.26667528, 35.45788611], [133.26793917, 35.45700778], [133.26871722, 35.45645417], [133.26979472, 35.455735], [133.27034083, 35.45536333], [133.27117361, 35.45479639], [133.27232305, 35.4539975], [133.27270027, 35.4537175], [133.27286778, 35.45358389], [133.27290667, 35.45349472], [133.27290861, 35.45322778], [133.27291834, 35.45255], [133.27291444, 35.45238444], [133.272965, 35.45218722], [133.27306805, 35.45197389], [133.27334805, 35.45170666], [133.27367084, 35.45143278], [133.27427778, 35.45091111], [133.27458111, 35.45065638], [133.27504, 35.45037028], [133.2756975, 35.44998194], [133.27687223, 35.44936472], [133.27748556, 35.4490525], [133.2784475, 35.44856277], [133.27889083, 35.44833361], [133.27915528, 35.44823195], [133.27934194, 35.44820028], [133.27958334, 35.4481875], [133.27988667, 35.44820028], [133.28050139, 35.44827666], [133.2808125, 35.44830834], [133.28104555, 35.44828945], [133.28134139, 35.44818111], [133.28178083, 35.44788195], [133.2831775, 35.4468], [133.28408389, 35.44612556], [133.28427055, 35.44592833], [133.28443389, 35.44571833], [133.28461277, 35.44557195], [133.28486945, 35.44541917], [133.28547612, 35.44512], [133.28658222, 35.4446], [133.2868025, 35.44449639], [133.287705, 35.4440825], [133.2882575, 35.44387278], [133.28981723, 35.44324917], [133.2912525, 35.44268888], [133.29189834, 35.44244084], [133.29220944, 35.44231333], [133.29241945, 35.44216084], [133.29280083, 35.44170917], [133.29331805, 35.4410725], [133.29359056, 35.44073528], [133.293715, 35.44053806], [133.29376945, 35.44038528], [133.29377722, 35.44013055], [133.29369167, 35.43986333], [133.29359056, 35.43962139], [133.29344278, 35.43941778], [133.29327917, 35.43929056], [133.29306917, 35.43920139], [133.29285889, 35.43917389], [133.29282806, 35.43916973], [133.2924275, 35.43915694], [133.29219377498413, 35.43918668972278], [133.28576285019955, 35.441362972572634]]], [[[133.24924445, 35.47415722], [133.24962, 35.473925], [133.25033583, 35.47442584], [133.25088305, 35.47384667], [133.25120917, 35.47405472], [133.25175694, 35.47373473], [133.25259195, 35.47321167], [133.25361583, 35.47280083], [133.25385389, 35.47259278], [133.25497528, 35.47158389], [133.25539, 35.47121055], [133.2560225, 35.47062389], [133.25664194, 35.4709175], [133.25766278, 35.46949278], [133.25827889, 35.46890584], [133.259815, 35.46748111], [133.2609175, 35.46653667], [133.26107722, 35.46621139], [133.26145694, 35.46548028], [133.26164611, 35.46512527], [133.26167, 35.46508945], [133.26168861, 35.46506167], [133.26188583, 35.46470666], [133.26193472, 35.4645975], [133.26208805, 35.46433334], [133.26252666, 35.46383694], [133.26295889, 35.46339667], [133.2639875, 35.46275917], [133.26571444, 35.46107862], [133.26490389, 35.46047556], [133.26380833, 35.45965638], [133.26378278, 35.45963444], [133.26374972, 35.45961111], [133.26369778, 35.45957306], [133.262745, 35.46047917], [133.26268055, 35.4605375], [133.26148278, 35.46162], [133.26073694, 35.4622675], [133.26001306, 35.46288944], [133.25956639, 35.46328945], [133.25838667, 35.46441222], [133.25767222, 35.46504472], [133.25702389, 35.46563028], [133.25695139, 35.46569472], [133.25690083, 35.46579027], [133.25686917, 35.46590639], [133.25687861, 35.46600972], [133.25691028, 35.46613861], [133.25716584, 35.4666625], [133.25627805, 35.46741389], [133.25597944, 35.46766667], [133.25474611, 35.46878917], [133.2540475, 35.4694525], [133.25368139, 35.46980333], [133.25325389, 35.47029389], [133.25321278, 35.47029389], [133.25282167, 35.47020611], [133.252385, 35.4700925], [133.25184222, 35.469935], [133.25147945, 35.46985777], [133.25124445, 35.46985], [133.25104889, 35.46986028], [133.25086889, 35.46988611], [133.25069222, 35.4699325], [133.25045555, 35.47001778], [133.25035472, 35.47007194], [133.24992083, 35.47043833], [133.24876333, 35.47148361], [133.24806, 35.47209805], [133.24800444, 35.47214666], [133.24764945, 35.4724925], [133.24757056, 35.4725675], [133.24753611, 35.47266806], [133.247555, 35.47283083], [133.24758972, 35.47294694], [133.24772361, 35.47309917], [133.24924445, 35.47415722]]], [[[133.24056083, 35.48162056], [133.24064472, 35.48167417], [133.24155889, 35.48225194], [133.24156972, 35.48225444], [133.24158417, 35.48224361], [133.24235639, 35.48132862], [133.24326361, 35.48026861], [133.24416722, 35.47927361], [133.24568694, 35.47761306], [133.24588278, 35.47744694], [133.24673139, 35.47650334], [133.24712694, 35.47605445], [133.24725611, 35.47592611], [133.24737277, 35.47582889], [133.24742, 35.4757825], [133.24817222, 35.47624444], [133.24885389, 35.47548556], [133.24862972, 35.47447917], [133.24816917, 35.47430361], [133.24784722, 35.47415916], [133.24737277, 35.47388056], [133.247335, 35.47382473], [133.24721694, 35.47373028], [133.24677556, 35.47343333], [133.24627361, 35.47397111], [133.24565389, 35.474665], [133.24551556, 35.47482028], [133.24541889, 35.47492888], [133.24494473, 35.47544306], [133.24463584, 35.47541528], [133.24429028, 35.47550778], [133.24415833, 35.47561472], [133.2439725, 35.4758225], [133.24376278, 35.47605222], [133.24352889, 35.47630861], [133.24311277, 35.47677], [133.24201111, 35.4779825], [133.24160944, 35.4784125], [133.24134639, 35.47869695], [133.24116944, 35.47888223], [133.24072666, 35.47942722], [133.23973305, 35.48057195], [133.23962305, 35.48070111], [133.23963972, 35.48079639], [133.2396675, 35.48092055], [133.23975584, 35.48110556], [133.24006195, 35.48130222], [133.24056083, 35.48162056]]]]}, "properties": {"N03_001": "鳥取県", "N03_002": null, "N03_003": null, "N03_004": "米子市", "N03_005": null, "N03_007": "31202"}}, {"type": "Feature", "geometry": {"type": "Polygon", "coordinates": [[[133.576561, 35.359928], [133.576235, 35.365865], [133.584564, 35.368093], [133.588219, 35.367306], [133.593875, 35.370543], [133.601059, 35.370626], [133.605592, 35.373859], [133.615249, 35.37744], [133.626164, 35.379159], [133.638811, 35.386854], [133.639692, 35.390796], [133.644177, 35.395554], [133.644446, 35.400951], [133.650009, 35.406959], [133.659664, 35.410901], [133.658863, 35.412511], [133.665827, 35.41871], [133.67059, 35.420214], [133.681829, 35.420794], [133.689836, 35.422791], [133.698867, 35.426637], [133.709537, 35.432826], [133.717394, 35.433774], [133.726257, 35.440346], [133.730983, 35.440833], [133.73714, 35.446841], [133.743115, 35.449168], [133.749554, 35.454966], [133.746935, 35.460405], [133.751672, 35.465914], [133.761187, 35.47111], [133.765601, 35.468465], [133.776547, 35.469386], [133.784464, 35.463254], [133.796407, 35.469889], [133.804425, 35.464601], [133.803835, 35.460763], [133.818491, 35.457891], [133.822152, 35.463425], [133.825411, 35.463903], [133.826554, 35.472315], [133.825388, 35.475541], [133.827562, 35.481395], [133.838725, 35.477266], [133.846635, 35.478431], [133.854579, 35.476469], [133.858945, 35.477929], [133.865804, 35.471738], [133.866584, 35.463246], [133.862837, 35.459121], [133.863166, 35.452291], [133.860353, 35.443554], [133.867678, 35.440685], [133.870708, 35.435262], [133.881157, 35.432591], [133.887456, 35.427219], [133.887477, 35.423455], [133.87146, 35.419431], [133.866968, 35.421802], [133.85974, 35.410056], [133.850514, 35.407736], [133.845724, 35.401269], [133.841719, 35.391883], [133.835309, 35.384906], [133.831467, 35.371393], [133.831897, 35.365465], [133.830164, 35.357045], [133.819984, 35.348523], [133.807825, 35.347417], [133.797246, 35.337316], [133.786625, 35.334269], [133.783097, 35.327718], [133.77906, 35.324763], [133.775444, 35.326521], [133.77183, 35.320445], [133.764564, 35.316939], [133.762338, 35.311087], [133.75696, 35.308198], [133.750693, 35.311396], [133.748685, 35.317062], [133.742309, 35.316523], [133.727134, 35.31701], [133.724727, 35.319649], [133.717206, 35.31992], [133.709023, 35.32506], [133.704957, 35.324297], [133.696062, 35.326924], [133.691531, 35.323888], [133.691756, 35.320844], [133.683566, 35.318751], [133.677362, 35.319293], [133.673965, 35.323373], [133.665739, 35.32401], [133.649177, 35.336338], [133.640693, 35.336661], [133.638901, 35.338948], [133.631613, 35.339502], [133.622191, 35.336709], [133.618002, 35.339601], [133.605811, 35.341063], [133.596414, 35.344896], [133.593678, 35.350435], [133.58536, 35.351963], [133.580388, 35.358971], [133.576561, 35.359928]]]}, "properties": {"N03_001": "鳥取県", "N03_002": null, "N03_003": null, "N03_004": "倉吉市", "N03_005": null, "N03_007": "31203"}}, {"type": "Feature", "geometry": {"type": "MultiPolygon", "coordinates": [[[[133.256094, 35.497313], [133.250949, 35.497008], [133.243376, 35.492292], [133.23648347443486, 35.48598097783241], [133.23645917, 35.48598083], [133.23630139, 35.48598222], [133.23611916, 35.48598389], [133.23481167, 35.487045], [133.2331225, 35.48840944], [133.23242084, 35.48898333], [133.23222277, 35.48913722], [133.23220861, 35.48914056], [133.23206333, 35.48908389], [133.22978417, 35.48817195], [133.22799833, 35.4874625], [133.22636777, 35.486815], [133.22454833, 35.48680889], [133.22413361, 35.48751139], [133.22371139, 35.48824889], [133.22372639, 35.48829973], [133.22405639, 35.48904223], [133.22447083, 35.49000944], [133.224495, 35.49003111], [133.227335, 35.49116056], [133.23062556, 35.49246944], [133.23040556, 35.49393361], [133.23028666, 35.49460277], [133.23021584, 35.49498028], [133.23016777, 35.49525139], [133.23010584, 35.49543556], [133.22998944, 35.49564333], [133.22978195, 35.49593], [133.22969861, 35.49603555], [133.22960778, 35.49613695], [133.22943833, 35.49631667], [133.22925639, 35.49647389], [133.22890472, 35.49677889], [133.22867083, 35.49694862], [133.22845472, 35.49710806], [133.22842306, 35.49711722], [133.2283675, 35.49711], [133.228255, 35.49708], [133.22820194, 35.49707889], [133.22797416, 35.49718861], [133.22761639, 35.49735611], [133.22749389, 35.49740194], [133.22735722, 35.49745333], [133.22710806, 35.49755278], [133.22706888, 35.49755167], [133.22699944, 35.49752583], [133.22687805, 35.49745556], [133.22683639, 35.49744834], [133.22668694, 35.49750306], [133.22654556, 35.49758278], [133.22639361, 35.49773278], [133.22614333, 35.49801722], [133.22609417, 35.4980875], [133.22608028, 35.49816611], [133.22609917, 35.49821389], [133.22615472, 35.49829028], [133.22587667, 35.49867695], [133.22588166, 35.49869861], [133.22610027, 35.49885278], [133.22609417, 35.49887861], [133.22597278, 35.49902361], [133.22547083, 35.49956778], [133.22509778, 35.49998972], [133.22491056, 35.5001925], [133.22482583, 35.50028777], [133.2247575, 35.50030223], [133.22447194, 35.50031778], [133.22420639, 35.50034055], [133.22415694, 35.50037777], [133.22406083, 35.50048222], [133.22401027, 35.50055222], [133.2239675, 35.50057194], [133.22391167, 35.50057389], [133.22386889, 35.50055111], [133.22373361, 35.50048945], [133.22353889, 35.50040667], [133.22318055, 35.50023222], [133.22221388, 35.50167056], [133.22177277, 35.50235944], [133.22160333, 35.50260889], [133.22134028, 35.50303167], [133.22131111, 35.50313083], [133.22079389, 35.50380917], [133.22043527, 35.50442639], [133.22014306, 35.50487945], [133.21998888, 35.50509139], [133.21998055, 35.50516139], [133.2200625, 35.50522417], [133.22011056, 35.50527139], [133.22010555, 35.50534416], [133.21994333, 35.50558695], [133.21974583, 35.50579917], [133.21909861, 35.5064775], [133.21870778, 35.50687556], [133.21843306, 35.50713667], [133.21832638, 35.50723805], [133.21797361, 35.50753556], [133.21755139, 35.507855], [133.21705222, 35.50821388], [133.2167225, 35.50844], [133.21625, 35.50871416], [133.21576388, 35.50894417], [133.21528861, 35.50915139], [133.21501194, 35.50924195], [133.21464139, 35.50932805], [133.21437416, 35.50945777], [133.21409639, 35.50959056], [133.21375944, 35.50979888], [133.21336611, 35.51004167], [133.21277277, 35.51041805], [133.21213889, 35.51081806], [133.21025139, 35.51197278], [133.20961028, 35.512355], [133.20951139, 35.51239444], [133.20842277, 35.51272556], [133.20699083, 35.51370055], [133.20736028, 35.51394916], [133.20776444, 35.51422028], [133.208045, 35.51438639], [133.20852861, 35.5146675], [133.20908917, 35.51427639], [133.209285, 35.51443278], [133.20797277, 35.515375], [133.20777778, 35.51525694], [133.20808472, 35.51492223], [133.20812555, 35.514865], [133.20812555, 35.51480416], [133.20808472, 35.51475695], [133.20743028, 35.51437889], [133.20663833, 35.51392167], [133.20592389, 35.51468222], [133.2047419080084, 35.51591525731889], [133.2047347371442, 35.515927112007006], [133.20474861, 35.51601778], [133.20403028, 35.51715472], [133.20399716667035, 35.51714644453305], [133.20332855220892, 35.518251780753914], [133.20373777, 35.51842166], [133.20355723, 35.51876361], [133.20346806, 35.518805], [133.20331666, 35.51907973], [133.20298694, 35.51896583], [133.20224972, 35.52024917], [133.20219528, 35.52034389], [133.20146611, 35.52155639], [133.20111973, 35.52216], [133.20124722, 35.52220722], [133.20192222, 35.52118583], [133.20293528, 35.52122527], [133.20283305, 35.52246278], [133.20262083, 35.52475444], [133.20107945, 35.52464916], [133.20100888, 35.52464444], [133.20042417, 35.52414306], [133.20118694, 35.5225925], [133.20098972, 35.52230945], [133.20082611, 35.52250972], [133.19951, 35.52505888], [133.19898417, 35.52608583], [133.19891917, 35.52621778], [133.19881094427313, 35.52670713386699], [133.1996982847371, 35.53013429605241], [133.20094611, 35.53060556], [133.20280945, 35.53132055], [133.20414, 35.53181972], [133.20339528, 35.53353083], [133.20308556, 35.53424695], [133.20448111, 35.53485445], [133.20545861, 35.53528667], [133.20627889, 35.53562833], [133.20628778, 35.53563195], [133.20653917, 35.53573611], [133.20676, 35.53583944], [133.20753944, 35.53624556], [133.20846, 35.53669805], [133.20866194, 35.53679416], [133.20884528, 35.53687917], [133.20908583, 35.53702306], [133.20893694, 35.53731417], [133.20992611, 35.53797223], [133.21157139, 35.53906583], [133.21193834, 35.53868111], [133.21176, 35.53856778], [133.21201278, 35.53830861], [133.21235473, 35.53849472], [133.21206889, 35.53914], [133.21220889, 35.53922278], [133.21242306, 35.53898722], [133.21322361, 35.53945055], [133.21330889, 35.53949333], [133.21301889, 35.53998361], [133.21377389, 35.54043445], [133.21465, 35.54095278], [133.21575, 35.54161361], [133.21669084, 35.54217778], [133.217075, 35.54241556], [133.21760778, 35.54277223], [133.21894805, 35.54370306], [133.21971833, 35.54420472], [133.22057111, 35.54476667], [133.22060861, 35.54479195], [133.22065861, 35.54478972], [133.22068889, 35.54475361], [133.22071667, 35.54465195], [133.22076278, 35.54444416], [133.22083167, 35.54414], [133.22090055, 35.54388083], [133.22103139, 35.54340778], [133.22105195, 35.54335695], [133.22108667, 35.54325556], [133.22126555, 35.54283861], [133.22145639, 35.54248], [133.22150056, 35.54247528], [133.22148945, 35.54252722], [133.22140667, 35.54269667], [133.22133444, 35.54283305], [133.22123805, 35.54309778], [133.22118306, 35.543295], [133.22114806, 35.54339611], [133.22107972, 35.54365], [133.22093223, 35.54422305], [133.22086611, 35.54450028], [133.22082444, 35.54473111], [133.22081334, 35.54483055], [133.22080417, 35.54492278], [133.22121361, 35.54519528], [133.22116889, 35.54528445], [133.2219125, 35.54567195], [133.22185945, 35.54576222], [133.22217361, 35.54592722], [133.22226028, 35.54582528], [133.22256473, 35.54599556], [133.222475, 35.54608972], [133.22401083, 35.54689917], [133.22436361, 35.54692778], [133.22468083, 35.54695666], [133.22503667, 35.54700917], [133.22521416, 35.5470375], [133.22540389, 35.54706806], [133.22568917, 35.54711778], [133.22668806, 35.54735222], [133.22690861, 35.54740639], [133.22711444, 35.54745695], [133.22731306, 35.54750417], [133.22764028, 35.54754611], [133.2284625, 35.54763389], [133.22898028, 35.54770833], [133.22946778, 35.54778972], [133.23033472, 35.54795583], [133.23109778, 35.54809222], [133.23129833, 35.54811167], [133.23244611, 35.54808028], [133.232555, 35.54806472], [133.23271361, 35.54800305], [133.23306972, 35.54789306], [133.23336472, 35.54784111], [133.2335825, 35.54782278], [133.23398972, 35.54781222], [133.23429278, 35.54780555], [133.23454917, 35.54777167], [133.23484111, 35.54772195], [133.23500444, 35.54767195], [133.23584611, 35.54773611], [133.23606917, 35.54775194], [133.23685778, 35.54780833], [133.23748278, 35.54785028], [133.23782084, 35.54788028], [133.23824722, 35.54789611], [133.23852639, 35.547875], [133.23887583, 35.54784889], [133.23922361, 35.54780305], [133.23971417, 35.54772445], [133.23990972, 35.54769556], [133.24012611, 35.54768639], [133.24040833, 35.54769167], [133.24071945, 35.5477075], [133.24110083, 35.54773611], [133.24166667, 35.54780833], [133.24240056, 35.54791028], [133.24264917, 35.54792472], [133.24304361, 35.54793], [133.24305305, 35.54784361], [133.24349889, 35.54782278], [133.24351166, 35.54791945], [133.24375361, 35.54791028], [133.24376972, 35.54772694], [133.24424416, 35.54772195], [133.24425389, 35.54791306], [133.24517417, 35.54792361], [133.24519333, 35.54763278], [133.24538555, 35.54761972], [133.24536, 35.54796278], [133.24567694, 35.547965], [133.24467222, 35.54904972], [133.24461432911485, 35.549111904459124], [133.244621, 35.549112], [133.249821, 35.546453], [133.258504, 35.550235], [133.265219, 35.548924], [133.258489, 35.5417], [133.250369, 35.537208], [133.246289, 35.527692], [133.255777, 35.528284], [133.260567, 35.519764], [133.253081, 35.516958], [133.253403, 35.512948], [133.262828, 35.500983], [133.256094, 35.497313]]], [[[133.20872806, 35.50958639], [133.20837917, 35.51021306], [133.20942056, 35.51122555], [133.20976611, 35.51157444], [133.20995027, 35.51173639], [133.21146472, 35.51086139], [133.21209694, 35.51050667], [133.21249361, 35.51026084], [133.21287473, 35.50996417], [133.21346612, 35.50961362], [133.21367528, 35.50948945], [133.21435917, 35.50909028], [133.21514916, 35.50861556], [133.21626166, 35.50795277], [133.21734723, 35.50729139], [133.21788917, 35.50693584], [133.21822056, 35.50672889], [133.21847555, 35.50655806], [133.21869, 35.50631639], [133.21889527, 35.50607333], [133.21912916, 35.50576639], [133.21946055, 35.50527889], [133.2197775, 35.50475389], [133.21999195, 35.50440223], [133.22043306, 35.50371195], [133.22080472, 35.50313083], [133.22087861, 35.50302528], [133.22097111, 35.50289306], [133.2213075, 35.50241528], [133.22170944, 35.50184222], [133.22256972, 35.500615], [133.22281777, 35.50028084], [133.22317055, 35.49976889], [133.22351944, 35.49931695], [133.22402388, 35.49866], [133.22447666, 35.49807667], [133.22471416, 35.49778306], [133.22503167, 35.49736084], [133.22520361, 35.4971425], [133.22552362, 35.49673195], [133.22564611, 35.49652389], [133.22570166, 35.49639472], [133.22573222, 35.49629445], [133.22572583, 35.49615917], [133.22570556, 35.49604223], [133.22566889, 35.49593138], [133.22560556, 35.49581861], [133.22541361, 35.4956025], [133.22528583, 35.49547528], [133.22506888, 35.49525889], [133.22493417, 35.49512472], [133.22464611, 35.49485056], [133.22428305, 35.49450194], [133.22399361, 35.49422167], [133.22287611, 35.49315112], [133.22253222, 35.49282528], [133.22236278, 35.49268027], [133.22219083, 35.49253972], [133.22194945, 35.49238556], [133.22175194, 35.49229028], [133.22152694, 35.49223361], [133.22126917, 35.49222833], [133.22105528, 35.49225], [133.22088333, 35.49228722], [133.22077083, 35.49233889], [133.22014889, 35.49273222], [133.21949916, 35.49315611], [133.2182525, 35.493965], [133.21756472, 35.49441805], [133.21719806, 35.49467472], [133.21683138, 35.49496], [133.21681167, 35.49497528], [133.21636861, 35.49532], [133.21616362, 35.49570277], [133.21449972, 35.49887722], [133.21432417, 35.49921639], [133.21320028, 35.50135278], [133.21261222, 35.50242139], [133.21226416, 35.50304695], [133.21219917, 35.50313083], [133.21185666, 35.50375222], [133.21108778, 35.50519056], [133.21030806, 35.50664889], [133.21009416, 35.50704555], [133.20951805, 35.50811334], [133.20872806, 35.50958639]]]]}, "properties": {"N03_001": "鳥取県", "N03_002": null, "N03_003": null, "N03_004": "境港市", "N03_005": null, "N03_007": "31204"}}, {"type": "Feature", "geometry": {"type": "Polygon", "coordinates": [[[134.434437, 35.470831], [134.427148, 35.48173], [134.427099, 35.486072], [134.413569, 35.489816], [134.408845, 35.486894], [134.400437, 35.490085], [134.400316, 35.492182], [134.393172, 35.500636], [134.387462, 35.498129], [134.378884, 35.500689], [134.367821, 35.489902], [134.365266, 35.489539], [134.36111, 35.483882], [134.352688, 35.482027], [134.350431, 35.477892], [134.338646, 35.479337], [134.335916, 35.478165], [134.328604, 35.484929], [134.319435, 35.487033], [134.318925, 35.491827], [134.324332, 35.497639], [134.32347, 35.502448], [134.326618, 35.510408], [134.32305, 35.513007], [134.328819, 35.528143], [134.326834, 35.533774], [134.317547, 35.535653], [134.316866, 35.538391], [134.309279, 35.538189], [134.306076, 35.547145], [134.299348, 35.548651], [134.29472, 35.561971], [134.291605, 35.56216], [134.286636, 35.567859], [134.282716, 35.567068], [134.277791, 35.572709], [134.28274, 35.574722], [134.287407, 35.573549], [134.293278, 35.582669], [134.291298, 35.586149], [134.296853, 35.590063], [134.302158, 35.589359], [134.315859, 35.593917], [134.32394, 35.590528], [134.331522, 35.591124], [134.337056, 35.593371], [134.340642, 35.598609], [134.337616, 35.600221], [134.344472, 35.606194], [134.347722, 35.601314], [134.35958, 35.600473], [134.366444, 35.602095], [134.374841, 35.608251], [134.381635, 35.603339], [134.387287, 35.603721], [134.39309, 35.60137], [134.393104, 35.598274], [134.401637, 35.595027], [134.408259, 35.587318], [134.405615, 35.584431], [134.407135, 35.579303], [134.405074, 35.570709], [134.409954, 35.562897], [134.414112, 35.564064], [134.421499, 35.562911], [134.422284, 35.556566], [134.42506, 35.552031], [134.421017, 35.544887], [134.424014, 35.542004], [134.423329, 35.534908], [134.42019, 35.53344], [134.420675, 35.528572], [134.413103, 35.5176], [134.413779, 35.51383], [134.418873, 35.513946], [134.424426, 35.50875], [134.427632, 35.508655], [134.430876, 35.502469], [134.427433, 35.496565], [134.430219, 35.492277], [134.437914, 35.474276], [134.434437, 35.470831]]]}, "properties": {"N03_001": "鳥取県", "N03_002": null, "N03_003": "岩美郡", "N03_004": "岩美町", "N03_005": null, "N03_007": "31302"}}, {"type": "Feature", "geometry": {"type": "Polygon", "coordinates": [[[134.440768, 35.43986], [134.440101, 35.442804], [134.445979, 35.442021], [134.452258, 35.436451], [134.462735, 35.436799], [134.471448, 35.430321], [134.47739, 35.429011], [134.479866, 35.424963], [134.476703, 35.414563], [134.481434, 35.410498], [134.477436, 35.400086], [134.477265, 35.39522], [134.474417, 35.392026], [134.474404, 35.386189], [134.471385, 35.380032], [134.474749, 35.374708], [134.482839, 35.373084], [134.486556, 35.369189], [134.502975, 35.36581], [134.504595, 35.359434], [134.513498, 35.354094], [134.510279, 35.350849], [134.509396, 35.342131], [134.50455, 35.337269], [134.501921, 35.326543], [134.505048, 35.316303], [134.514802, 35.307672], [134.511629, 35.305291], [134.511591, 35.299896], [134.509284, 35.293776], [134.5131, 35.286527], [134.515241, 35.277232], [134.504787, 35.2718], [134.501983, 35.268734], [134.495087, 35.266851], [134.489908, 35.261392], [134.483588, 35.260278], [134.482343, 35.254649], [134.476524, 35.249092], [134.471415, 35.248303], [134.461769, 35.243101], [134.463821, 35.237403], [134.448022, 35.237936], [134.444193, 35.236845], [134.440345, 35.231661], [134.435319, 35.229173], [134.415301, 35.239101], [134.408353, 35.239564], [134.401527, 35.242393], [134.401693, 35.245824], [134.393665, 35.251749], [134.389727, 35.252122], [134.381383, 35.248853], [134.387081, 35.255727], [134.387487, 35.279002], [134.383954, 35.282348], [134.382203, 35.287327], [134.383564, 35.291884], [134.375579, 35.296155], [134.369165, 35.294938], [134.362303, 35.300157], [134.359258, 35.305399], [134.354133, 35.307261], [134.354517, 35.313769], [134.359463, 35.319853], [134.359166, 35.326476], [134.361324, 35.331742], [134.358143, 35.337393], [134.364603, 35.337599], [134.375422, 35.342568], [134.375372, 35.350811], [134.373839, 35.356984], [134.378474, 35.360177], [134.386421, 35.354484], [134.388253, 35.358188], [134.387293, 35.363309], [134.391927, 35.372461], [134.388289, 35.377164], [134.397894, 35.37996], [134.40649, 35.384807], [134.407599, 35.387694], [134.41825, 35.390459], [134.424678, 35.39099], [134.433996, 35.396265], [134.438406, 35.408334], [134.443737, 35.412231], [134.445619, 35.418802], [134.444715, 35.423039], [134.447226, 35.432043], [134.440768, 35.43986]]]}, "properties": {"N03_001": "鳥取県", "N03_002": null, "N03_003": "八頭郡", "N03_004": "若桜町", "N03_005": null, "N03_007": "31325"}}, {"type": "Feature", "geometry": {"type": "Polygon", "coordinates": [[[134.13924, 35.279047], [134.140015, 35.280934], [134.148778, 35.281141], [134.148039, 35.277919], [134.156562, 35.271714], [134.160097, 35.271944], [134.177856, 35.276953], [134.186762, 35.278791], [134.194695, 35.278825], [134.197901, 35.280785], [134.19914, 35.287178], [134.207812, 35.289693], [134.213822, 35.294259], [134.219775, 35.301416], [134.223746, 35.297355], [134.235725, 35.296246], [134.244415, 35.298254], [134.252349, 35.296052], [134.257297, 35.302878], [134.265696, 35.305071], [134.270537, 35.309014], [134.274881, 35.303195], [134.28349, 35.302041], [134.288539, 35.303759], [134.289989, 35.308477], [134.295616, 35.310697], [134.302743, 35.311427], [134.306727, 35.313587], [134.317307, 35.311826], [134.319955, 35.3141], [134.330951, 35.308739], [134.34008, 35.307121], [134.346849, 35.30807], [134.354133, 35.307261], [134.359258, 35.305399], [134.362303, 35.300157], [134.369165, 35.294938], [134.375579, 35.296155], [134.383564, 35.291884], [134.382203, 35.287327], [134.383954, 35.282348], [134.387487, 35.279002], [134.387081, 35.255727], [134.381383, 35.248853], [134.373163, 35.245881], [134.374672, 35.237244], [134.3689, 35.231719], [134.35466, 35.226547], [134.350399, 35.222818], [134.336554, 35.219483], [134.334682, 35.212893], [134.322697, 35.202754], [134.313794, 35.200594], [134.298996, 35.20186], [134.278461, 35.196871], [134.26854, 35.203927], [134.267973, 35.208419], [134.260902, 35.210457], [134.254099, 35.208293], [134.249759, 35.200681], [134.244237, 35.198455], [134.234682, 35.199262], [134.227629, 35.197115], [134.221618, 35.190422], [134.212644, 35.190723], [134.203174, 35.188794], [134.198409, 35.190533], [134.192851, 35.188562], [134.193679, 35.184345], [134.189937, 35.175865], [134.177598, 35.169171], [134.167323, 35.172252], [134.168894, 35.180167], [134.164951, 35.187981], [134.160861, 35.191822], [134.153977, 35.194641], [134.153113, 35.200155], [134.154344, 35.205553], [134.162164, 35.216453], [134.162301, 35.225465], [134.164184, 35.227976], [134.158246, 35.234563], [134.144462, 35.231301], [134.137475, 35.239246], [134.14542, 35.242837], [134.142763, 35.249426], [134.150579, 35.257956], [134.150026, 35.259928], [134.142249, 35.263939], [134.137601, 35.269564], [134.141297, 35.27494], [134.13924, 35.279047]]]}, "properties": {"N03_001": "鳥取県", "N03_002": null, "N03_003": "八頭郡", "N03_004": "智頭町", "N03_005": null, "N03_007": "31328"}}, {"type": "Feature", "geometry": {"type": "Polygon", "coordinates": [[[134.270537, 35.309014], [134.26902, 35.312463], [134.262676, 35.312664], [134.257373, 35.315375], [134.254629, 35.320495], [134.254126, 35.327409], [134.245009, 35.3281], [134.239218, 35.340954], [134.238365, 35.347746], [134.242197, 35.352803], [134.241282, 35.355833], [134.234293, 35.360868], [134.230776, 35.371634], [134.233799, 35.378931], [134.232347, 35.381482], [134.235887, 35.386198], [134.231838, 35.391283], [134.225415, 35.393198], [134.219749, 35.397679], [134.215922, 35.403288], [134.217272, 35.406475], [134.215525, 35.411766], [134.218501, 35.413856], [134.226995, 35.414234], [134.231976, 35.418724], [134.238119, 35.421088], [134.238056, 35.424856], [134.244878, 35.429758], [134.248363, 35.428921], [134.262171, 35.431435], [134.265143, 35.440134], [134.272866, 35.443359], [134.274301, 35.449263], [134.278096, 35.449888], [134.280047, 35.444443], [134.288836, 35.441861], [134.296853, 35.44508], [134.30355, 35.440198], [134.310355, 35.43868], [134.325515, 35.429714], [134.330368, 35.428103], [134.340731, 35.430331], [134.348378, 35.425349], [134.363322, 35.426304], [134.377296, 35.431595], [134.379714, 35.437561], [134.394015, 35.43822], [134.397429, 35.440308], [134.404727, 35.439512], [134.415644, 35.433885], [134.4231, 35.436125], [134.427987, 35.434911], [134.440768, 35.43986], [134.447226, 35.432043], [134.444715, 35.423039], [134.445619, 35.418802], [134.443737, 35.412231], [134.438406, 35.408334], [134.433996, 35.396265], [134.424678, 35.39099], [134.41825, 35.390459], [134.407599, 35.387694], [134.40649, 35.384807], [134.397894, 35.37996], [134.388289, 35.377164], [134.391927, 35.372461], [134.387293, 35.363309], [134.388253, 35.358188], [134.386421, 35.354484], [134.378474, 35.360177], [134.373839, 35.356984], [134.375372, 35.350811], [134.375422, 35.342568], [134.364603, 35.337599], [134.358143, 35.337393], [134.361324, 35.331742], [134.359166, 35.326476], [134.359463, 35.319853], [134.354517, 35.313769], [134.354133, 35.307261], [134.346849, 35.30807], [134.34008, 35.307121], [134.330951, 35.308739], [134.319955, 35.3141], [134.317307, 35.311826], [134.306727, 35.313587], [134.302743, 35.311427], [134.295616, 35.310697], [134.289989, 35.308477], [134.288539, 35.303759], [134.28349, 35.302041], [134.274881, 35.303195], [134.270537, 35.309014]]]}, "properties": {"N03_001": "鳥取県", "N03_002": null, "N03_003": "八頭郡", "N03_004": "八頭町", "N03_005": null, "N03_007": "31329"}}, {"type": "Feature", "geometry": {"type": "Polygon", "coordinates": [[[133.951384, 35.428148], [133.964784, 35.426611], [133.970871, 35.422108], [133.977995, 35.425118], [133.98306, 35.425126], [133.988766, 35.420697], [133.993702, 35.4235], [133.995235, 35.413967], [133.998873, 35.411384], [134.000838, 35.406389], [133.994974, 35.403027], [133.991084, 35.396447], [133.991313, 35.393663], [133.999548, 35.389214], [134.002838, 35.390809], [134.016677, 35.38692], [134.027013, 35.382342], [134.031622, 35.379199], [134.041503, 35.376476], [134.03157, 35.366393], [134.028497, 35.369026], [134.024234, 35.364428], [134.017765, 35.361086], [134.019847, 35.356083], [134.014806, 35.350391], [134.009655, 35.349524], [133.997668, 35.3529], [133.992336, 35.348147], [133.989666, 35.348567], [133.97978, 35.34341], [133.969633, 35.347834], [133.964766, 35.346686], [133.954071, 35.340698], [133.953889, 35.338291], [133.945321, 35.332616], [133.937126, 35.335566], [133.931535, 35.333206], [133.927823, 35.322097], [133.932019, 35.317921], [133.931266, 35.314714], [133.925222, 35.306899], [133.917562, 35.307581], [133.906837, 35.306641], [133.881378, 35.293945], [133.877263, 35.295225], [133.872805, 35.293042], [133.862009, 35.292361], [133.860823, 35.288091], [133.865129, 35.285864], [133.863463, 35.277095], [133.865943, 35.272259], [133.855557, 35.268117], [133.852239, 35.262374], [133.843729, 35.253485], [133.832076, 35.248833], [133.826386, 35.249542], [133.818146, 35.252634], [133.818154, 35.259236], [133.815222, 35.264888], [133.807606, 35.270286], [133.809279, 35.276917], [133.801379, 35.284831], [133.799874, 35.292693], [133.79348, 35.292851], [133.782373, 35.297873], [133.775705, 35.299558], [133.762338, 35.311087], [133.764564, 35.316939], [133.77183, 35.320445], [133.775444, 35.326521], [133.77906, 35.324763], [133.783097, 35.327718], [133.786625, 35.334269], [133.797246, 35.337316], [133.807825, 35.347417], [133.819984, 35.348523], [133.830164, 35.357045], [133.831897, 35.365465], [133.831467, 35.371393], [133.835309, 35.384906], [133.841719, 35.391883], [133.845724, 35.401269], [133.850514, 35.407736], [133.85974, 35.410056], [133.866968, 35.421802], [133.87146, 35.419431], [133.887477, 35.423455], [133.896161, 35.422023], [133.90169, 35.423551], [133.909001, 35.428433], [133.921389, 35.426697], [133.93223, 35.430103], [133.941249, 35.429975], [133.944731, 35.431605], [133.951384, 35.428148]]]}, "properties": {"N03_001": "鳥取県", "N03_002": null, "N03_003": "東伯郡", "N03_004": "三朝町", "N03_005": null, "N03_007": "31364"}}, {"type": "Feature", "geometry": {"type": "MultiPolygon", "coordinates": [[[[133.9706, 35.518255], [133.9709, 35.512169], [133.964336, 35.503143], [133.957248, 35.499213], [133.954234, 35.488365], [133.955794, 35.485949], [133.952257, 35.479781], [133.951736, 35.474843], [133.946037, 35.461827], [133.948283, 35.456596], [133.953691, 35.450804], [133.947407, 35.441128], [133.950852, 35.436818], [133.951384, 35.428148], [133.944731, 35.431605], [133.941249, 35.429975], [133.93223, 35.430103], [133.921389, 35.426697], [133.909001, 35.428433], [133.90169, 35.423551], [133.896161, 35.422023], [133.887477, 35.423455], [133.887456, 35.427219], [133.881157, 35.432591], [133.870708, 35.435262], [133.867678, 35.440685], [133.860353, 35.443554], [133.863166, 35.452291], [133.862837, 35.459121], [133.866584, 35.463246], [133.865804, 35.471738], [133.858945, 35.477929], [133.854579, 35.476469], [133.846635, 35.478431], [133.855492, 35.498826], [133.855595, 35.504514], [133.874274, 35.506025], [133.876028, 35.507088], [133.896981, 35.507511], [133.902198, 35.51018], [133.910375, 35.508958], [133.919797, 35.509285], [133.933306, 35.512062], [133.939802, 35.516335], [133.948365, 35.518888], [133.952706, 35.517138], [133.959337, 35.519583], [133.960197, 35.5231], [133.9652, 35.522837], [133.9706, 35.518255]], [[133.8984175, 35.49176334], [133.8993575, 35.49219333], [133.89937194, 35.49221889], [133.8996475, 35.492705], [133.89948861, 35.49317222], [133.8993825, 35.49329722], [133.89943861, 35.49345139], [133.89931111, 35.49343473], [133.89926, 35.49337639], [133.89884112, 35.49347639], [133.89832, 35.49343473], [133.89820361, 35.49344306], [133.89813111, 35.49350555], [133.89797611, 35.49364806], [133.8975975, 35.49358555], [133.8973275, 35.49366889], [133.89723527, 35.49348972], [133.89678639, 35.49333889], [133.89685277, 35.49324722], [133.89657277, 35.49303056], [133.89626639, 35.49275889], [133.89616389, 35.49276305], [133.89580639, 35.4922625], [133.89593889, 35.4922], [133.89549528, 35.49160333], [133.89516917, 35.49164084], [133.89447667, 35.49171083], [133.89357916, 35.49163583], [133.89350667, 35.49139417], [133.89266584, 35.49131916], [133.89251195, 35.49146917], [133.89226055, 35.49134361], [133.89204694, 35.491275], [133.89199944, 35.49126917], [133.89168945, 35.49113916], [133.89147584, 35.4911], [133.89128334, 35.4911], [133.89104195, 35.49113916], [133.89079445, 35.4912125], [133.89064944, 35.491275], [133.89047833, 35.49137084], [133.89031972, 35.49144917], [133.89019611, 35.49149417], [133.88951611, 35.49153417], [133.88944973, 35.49152166], [133.88908222, 35.4903325], [133.88905111, 35.49026583], [133.88897972, 35.49023167], [133.8873825, 35.49049083], [133.8870275, 35.49054667], [133.8867675, 35.4906675], [133.88478166, 35.49169722], [133.88455167, 35.49149056], [133.88430278, 35.49125972], [133.88442527, 35.49119639], [133.88452667, 35.49112555], [133.88460278, 35.49100472], [133.88466528, 35.49087139], [133.88467528, 35.49075833], [133.88464417, 35.4906375], [133.88457278, 35.49054166], [133.88441528, 35.49038416], [133.88414528, 35.490215], [133.88411778, 35.49020416], [133.88383167, 35.490055], [133.88427278, 35.48992084], [133.88441528, 35.48984167], [133.88413306, 35.48838666], [133.88410278, 35.48823111], [133.88410666, 35.48820528], [133.88408777, 35.48792777], [133.88469917, 35.48789778], [133.88458277, 35.48729528], [133.88374445, 35.48729861], [133.88372556, 35.48705861], [133.88452778, 35.48705861], [133.88452416, 35.48648695], [133.88455666, 35.48590889], [133.88448667, 35.48573806], [133.88419305, 35.48511139], [133.88384444, 35.48459223], [133.88315805, 35.48360833], [133.88240694, 35.48376917], [133.88217723, 35.48354834], [133.88184223, 35.48317166], [133.88180472, 35.48300583], [133.88175472, 35.48265333], [133.88147472, 35.48272083], [133.88145722, 35.48256167], [133.88152083, 35.48254333], [133.88169583, 35.4824275], [133.88169972, 35.48236], [133.88168083, 35.48180417], [133.88172333, 35.48110111], [133.88220083, 35.48110111], [133.88224722, 35.48076944], [133.88226583, 35.48070528], [133.88309084, 35.48016111], [133.88301334, 35.48007528], [133.88401056, 35.47951806], [133.88401944, 35.47913889], [133.88405556, 35.47886472], [133.88406944, 35.47879722], [133.88409305, 35.47874472], [133.88491055, 35.47844638], [133.88579055, 35.47826306], [133.88577556, 35.477875], [133.88574056, 35.47746667], [133.88566056, 35.47702], [133.88553556, 35.47698417], [133.88547167, 35.47675278], [133.88542444, 35.47658167], [133.88471195, 35.47659499], [133.88475805, 35.47686334], [133.88443694, 35.47681417], [133.88440306, 35.47677], [133.88437472, 35.47648333], [133.88384833, 35.47648], [133.88382334, 35.4762], [133.88345222, 35.47619333], [133.88344222, 35.47588167], [133.88294972, 35.475885], [133.88291973, 35.47595334], [133.88203083, 35.47600083], [133.88198111, 35.475445], [133.88119361, 35.47544834], [133.88118111, 35.47554417], [133.88115111, 35.47559833], [133.880535, 35.47565667], [133.8805225, 35.47550334], [133.87935889, 35.47552333], [133.87932112, 35.4761275], [133.87880389, 35.4761], [133.87901278, 35.4752375], [133.87904139, 35.47511833], [133.87891278, 35.47482166], [133.87841028, 35.47376278], [133.87828889, 35.47376944], [133.87805528, 35.47327444], [133.87764139, 35.47332944], [133.87723306, 35.47341445], [133.87721666, 35.47323445], [133.87733805, 35.47317028], [133.87717556, 35.47269194], [133.87703305, 35.47218195], [133.87697056, 35.47193611], [133.87694916, 35.47183362], [133.87697805, 35.47174861], [133.87711417, 35.47166777], [133.87720167, 35.47161722], [133.87735667, 35.47162889], [133.87982139, 35.47071639], [133.87969889, 35.47022222], [133.87981028, 35.4701725], [133.87989888, 35.47013334], [133.88006639, 35.47076639], [133.88023139, 35.47075972], [133.88063889, 35.47061722], [133.88068139, 35.47057055], [133.88066778, 35.47048055], [133.880925, 35.47036], [133.88087139, 35.4700125], [133.88145861, 35.46971722], [133.88182611, 35.4695325], [133.88196111, 35.46910917], [133.88210361, 35.46861778], [133.88224, 35.46813777], [133.88227861, 35.46805944], [133.88241112, 35.46799194], [133.88288111, 35.46819361], [133.8833825, 35.46760194], [133.88355611, 35.46740445], [133.88366861, 35.46730195], [133.883775, 35.46721861], [133.88491334, 35.46634555], [133.88479972, 35.46624555], [133.88502223, 35.46604806], [133.88542222, 35.46636222], [133.88702833, 35.4652375], [133.88730584, 35.46526083], [133.88746722, 35.46457416], [133.88786722, 35.46448917], [133.88798723, 35.4642575], [133.88823056, 35.46415583], [133.88822972, 35.46391861], [133.88826222, 35.46382361], [133.88835722, 35.46355444], [133.88841056, 35.46355028], [133.88848555, 35.46383195], [133.88857695, 35.46407417], [133.88883945, 35.46403195], [133.88903444, 35.46400945], [133.88920695, 35.46399778], [133.88975805, 35.46399778], [133.88972194, 35.46425278], [133.89056806, 35.46444194], [133.89070195, 35.46447861], [133.89077306, 35.46437778], [133.89083278, 35.46440944], [133.89075417, 35.46457472], [133.89048945, 35.4651325], [133.89118528, 35.46548084], [133.89146417, 35.46562916], [133.89160917, 35.4657275], [133.89264027, 35.4663575], [133.89272417, 35.4664325], [133.893755, 35.46757472], [133.8933675, 35.46796389], [133.8929475, 35.46769555], [133.89184027, 35.46876305], [133.8931, 35.46957861], [133.89335889, 35.46933695], [133.8940025, 35.46873389], [133.8940025, 35.46873306], [133.89400639, 35.46873139], [133.8940925, 35.46869722], [133.89418889, 35.46869222], [133.89424389, 35.46867472], [133.89444389, 35.46858472], [133.89444389, 35.46878222], [133.8944575, 35.46883805], [133.894445, 35.46887722], [133.8937175, 35.46958111], [133.89432222, 35.46992861], [133.89468972, 35.46951528], [133.89537972, 35.46973694], [133.89548611, 35.46979528], [133.89558361, 35.46993694], [133.89623723, 35.46969555], [133.89636472, 35.46958639], [133.89759195, 35.46984556], [133.89777083, 35.46961639], [133.89823028, 35.46973667], [133.89831195, 35.46975806], [133.89907944, 35.46995973], [133.90053417, 35.46983472], [133.90064056, 35.46990555], [133.90095667, 35.46986389], [133.90118167, 35.46966306], [133.90123806, 35.46966306], [133.90128417, 35.46970056], [133.90113055, 35.46990555], [133.90146805, 35.47015806], [133.90210056, 35.47063112], [133.90259278, 35.47134027], [133.90263278, 35.47134861], [133.90289889, 35.47126528], [133.90301639, 35.47149445], [133.90308778, 35.47156944], [133.90315639, 35.47158111], [133.90322028, 35.47154028], [133.90351639, 35.47211944], [133.90368888, 35.47248028], [133.90373027, 35.4725925], [133.90380528, 35.47279], [133.90389528, 35.47307167], [133.90392889, 35.47315], [133.90404611, 35.47349416], [133.90415612, 35.47377583], [133.904225, 35.47393917], [133.90428, 35.47408584], [133.904335, 35.4742775], [133.904405, 35.47488555], [133.90297028, 35.47493556], [133.90306612, 35.47584917], [133.90278028, 35.47602222], [133.90273139, 35.47606722], [133.90271138, 35.47607306], [133.90267028, 35.47611806], [133.90258028, 35.47629306], [133.90257389, 35.47637723], [133.90231139, 35.47684777], [133.90212139, 35.47722361], [133.90197389, 35.47764944], [133.90183639, 35.47811278], [133.90181639, 35.47817528], [133.90189138, 35.47827028], [133.90181027, 35.47840445], [133.90180889, 35.47840611], [133.90146778, 35.47899583], [133.90164139, 35.4790125], [133.90166139, 35.47913334], [133.90000639, 35.4793125], [133.89995028, 35.47938084], [133.89976389, 35.47939167], [133.89964027, 35.47940833], [133.89943389, 35.47948167], [133.89932389, 35.47953834], [133.89898055, 35.47982], [133.89848417, 35.48026473], [133.89835305, 35.48036055], [133.89802306, 35.48056389], [133.89769306, 35.48067055], [133.89752667, 35.48073805], [133.89748667, 35.48074972], [133.89739667, 35.48078305], [133.89701805, 35.48076639], [133.89670167, 35.48084556], [133.89646056, 35.48096388], [133.89634305, 35.48099722], [133.89604667, 35.48100306], [133.89595834, 35.48102556], [133.89583444, 35.48112722], [133.89575194, 35.48121139], [133.89562695, 35.48140305], [133.89533195, 35.48140305], [133.89517334, 35.48143139], [133.89508334, 35.48147639], [133.89495333, 35.48158889], [133.89484945, 35.48179778], [133.89482944, 35.48187611], [133.89483584, 35.48203695], [133.89475444, 35.48226195], [133.89476444, 35.48290945], [133.89478944, 35.48293028], [133.89472583, 35.48299195], [133.89457444, 35.48313862], [133.89451944, 35.48322278], [133.89442944, 35.48342027], [133.89436833, 35.48362861], [133.89426445, 35.48369111], [133.89413333, 35.48373], [133.89395444, 35.4838425], [133.89386444, 35.48392167], [133.89379694, 35.48404], [133.89378195, 35.48412416], [133.89378944, 35.4843275], [133.89383083, 35.48444583], [133.89389333, 35.48458083], [133.89407833, 35.48482917], [133.89396944, 35.48517333], [133.89546916, 35.48616473], [133.89551055, 35.48673888], [133.89553055, 35.48710556], [133.89557167, 35.48729139], [133.89560667, 35.48737556], [133.89562055, 35.48738722], [133.89572417, 35.48764055], [133.89585417, 35.48792222], [133.89600666, 35.48799139], [133.89587083, 35.48808972], [133.89619056, 35.48851695], [133.89636389, 35.48843361], [133.89640528, 35.48860945], [133.89661889, 35.48880111], [133.89668778, 35.48897611], [133.89672889, 35.48913945], [133.89683139, 35.48939278], [133.89692139, 35.48952778], [133.89701778, 35.48964611], [133.89706639, 35.48977027], [133.89708639, 35.48990028], [133.89714139, 35.49003528], [133.89730638, 35.49032278], [133.89749277, 35.49059278], [133.89771278, 35.49095916], [133.89783027, 35.49103833], [133.89798139, 35.491145], [133.89804361, 35.4912075], [133.8981675, 35.4912975], [133.89826361, 35.49134834], [133.8984175, 35.49176334]]], [[[133.88593194, 35.47711583], [133.88593806, 35.4774575], [133.88594945, 35.4777925], [133.88595306, 35.47790417], [133.88604306, 35.4780125], [133.88632945, 35.47800417], [133.88648056, 35.47800417], [133.88709666, 35.47805666], [133.88715028, 35.47799834], [133.88714278, 35.4775875], [133.88710278, 35.47757583], [133.88708917, 35.47754333], [133.88708917, 35.4775025], [133.88626195, 35.4775325], [133.88624306, 35.47712167], [133.88593194, 35.47711583]]]]}, "properties": {"N03_001": "鳥取県", "N03_002": null, "N03_003": "東伯郡", "N03_004": "湯梨浜町", "N03_005": null, "N03_007": "31370"}}, {"type": "Feature", "geometry": {"type": "Polygon", "coordinates": [[[133.67059, 35.420214], [133.665827, 35.41871], [133.658863, 35.412511], [133.659664, 35.410901], [133.650009, 35.406959], [133.644446, 35.400951], [133.644177, 35.395554], [133.639692, 35.390796], [133.638811, 35.386854], [133.626164, 35.379159], [133.615249, 35.37744], [133.605592, 35.373859], [133.601059, 35.370626], [133.593875, 35.370543], [133.588219, 35.367306], [133.584564, 35.368093], [133.576235, 35.365865], [133.576561, 35.359928], [133.571951, 35.355098], [133.565859, 35.361636], [133.55894, 35.363649], [133.560843, 35.381052], [133.578501, 35.378947], [133.576573, 35.382271], [133.582778, 35.389008], [133.580842, 35.396182], [133.583757, 35.401941], [133.58367, 35.408607], [133.580656, 35.418451], [133.577111, 35.422272], [133.575638, 35.429027], [133.585826, 35.430529], [133.589355, 35.440039], [133.596831, 35.445753], [133.599863, 35.458875], [133.597865, 35.464837], [133.597587, 35.474504], [133.601024, 35.48913], [133.601771, 35.50594], [133.599794, 35.512141], [133.608165, 35.522167], [133.623396, 35.519621], [133.633187, 35.519436], [133.655362, 35.512706], [133.656062, 35.509942], [133.671871, 35.506376], [133.689222, 35.507485], [133.701172, 35.506684], [133.717433, 35.504014], [133.722, 35.495385], [133.720594, 35.4919], [133.720536, 35.482247], [133.718161, 35.477438], [133.725198, 35.466079], [133.723817, 35.461898], [133.714313, 35.455333], [133.710837, 35.45006], [133.70043, 35.445315], [133.691908, 35.435806], [133.677141, 35.425512], [133.672645, 35.424071], [133.67059, 35.420214]]]}, "properties": {"N03_001": "鳥取県", "N03_002": null, "N03_003": "東伯郡", "N03_004": "琴浦町", "N03_005": null, "N03_007": "31371"}}, {"type": "Feature", "geometry": {"type": "Polygon", "coordinates": [[[133.846635, 35.478431], [133.838725, 35.477266], [133.827562, 35.481395], [133.825388, 35.475541], [133.826554, 35.472315], [133.825411, 35.463903], [133.822152, 35.463425], [133.818491, 35.457891], [133.803835, 35.460763], [133.804425, 35.464601], [133.796407, 35.469889], [133.784464, 35.463254], [133.776547, 35.469386], [133.765601, 35.468465], [133.761187, 35.47111], [133.751672, 35.465914], [133.746935, 35.460405], [133.749554, 35.454966], [133.743115, 35.449168], [133.73714, 35.446841], [133.730983, 35.440833], [133.726257, 35.440346], [133.717394, 35.433774], [133.709537, 35.432826], [133.698867, 35.426637], [133.689836, 35.422791], [133.681829, 35.420794], [133.67059, 35.420214], [133.672645, 35.424071], [133.677141, 35.425512], [133.691908, 35.435806], [133.70043, 35.445315], [133.710837, 35.45006], [133.714313, 35.455333], [133.723817, 35.461898], [133.725198, 35.466079], [133.718161, 35.477438], [133.720536, 35.482247], [133.720594, 35.4919], [133.722, 35.495385], [133.717433, 35.504014], [133.72457, 35.502864], [133.755185, 35.500822], [133.770138, 35.500592], [133.799873, 35.500901], [133.846053, 35.503411], [133.855595, 35.504514], [133.855492, 35.498826], [133.846635, 35.478431]]]}, "properties": {"N03_001": "鳥取県", "N03_002": null, "N03_003": "東伯郡", "N03_004": "北栄町", "N03_005": null, "N03_007": "31372"}}, {"type": "Feature", "geometry": {"type": "Polygon", "coordinates": [[[133.391608, 35.453822], [133.390548, 35.446034], [133.386586, 35.441494], [133.384568, 35.432567], [133.379817, 35.429989], [133.37654, 35.433302], [133.367559, 35.434361], [133.374054, 35.456292], [133.37786, 35.45663], [133.391608, 35.453822]]]}, "properties": {"N03_001": "鳥取県", "N03_002": null, "N03_003": "西伯郡", "N03_004": "日吉津村", "N03_005": null, "N03_007": "31384"}}, {"type": "Feature", "geometry": {"type": "Polygon", "coordinates": [[[133.445677, 35.397765], [133.441835, 35.414563], [133.450971, 35.416557], [133.46566, 35.415951], [133.470285, 35.422953], [133.47968, 35.429879], [133.480246, 35.437202], [133.474337, 35.440396], [133.47121, 35.439965], [133.464977, 35.445415], [133.45844, 35.447223], [133.459154, 35.451716], [133.452864, 35.462066], [133.441838, 35.459704], [133.434121, 35.459625], [133.434596, 35.468754], [133.429315, 35.469895], [133.434578, 35.478729], [133.433149, 35.482085], [133.442757, 35.487376], [133.446391, 35.494193], [133.460322, 35.498747], [133.472591, 35.499018], [133.484895, 35.505051], [133.49548, 35.512489], [133.497716, 35.515734], [133.502273, 35.515211], [133.514901, 35.517476], [133.519875, 35.52092], [133.530414, 35.519455], [133.535336, 35.52393], [133.541827, 35.521104], [133.556707, 35.524318], [133.559439, 35.527338], [133.567981, 35.530364], [133.578261, 35.529953], [133.590548, 35.531986], [133.594934, 35.526463], [133.600702, 35.526059], [133.608165, 35.522167], [133.599794, 35.512141], [133.601771, 35.50594], [133.601024, 35.48913], [133.597587, 35.474504], [133.597865, 35.464837], [133.599863, 35.458875], [133.596831, 35.445753], [133.589355, 35.440039], [133.585826, 35.430529], [133.575638, 35.429027], [133.577111, 35.422272], [133.580656, 35.418451], [133.58367, 35.408607], [133.583757, 35.401941], [133.580842, 35.396182], [133.582778, 35.389008], [133.576573, 35.382271], [133.578501, 35.378947], [133.560843, 35.381052], [133.55894, 35.363649], [133.556405, 35.357104], [133.55071, 35.351913], [133.550413, 35.346728], [133.542591, 35.349551], [133.536929, 35.355339], [133.527486, 35.359668], [133.521117, 35.369961], [133.523945, 35.383119], [133.523621, 35.386826], [133.5159, 35.392908], [133.513603, 35.397244], [133.491139, 35.400143], [133.476369, 35.397528], [133.471048, 35.399061], [133.461735, 35.398417], [133.449752, 35.396352], [133.445677, 35.397765]]]}, "properties": {"N03_001": "鳥取県", "N03_002": null, "N03_003": "西伯郡", "N03_004": "大山町", "N03_005": null, "N03_007": "31386"}}, {"type": "Feature", "geometry": {"type": "MultiPolygon", "coordinates": [[[[133.328843, 35.374672], [133.339249, 35.385319], [133.349941, 35.387044], [133.355761, 35.386311], [133.359987, 35.381009], [133.372992, 35.378761], [133.374456, 35.37467], [133.382234, 35.372232], [133.391481, 35.37435], [133.393074, 35.370299], [133.401599, 35.366413], [133.404161, 35.357098], [133.410378, 35.356314], [133.414802, 35.351913], [133.422094, 35.353724], [133.4276, 35.348874], [133.427126, 35.344523], [133.41833, 35.338923], [133.416816, 35.334935], [133.408159, 35.33203], [133.412067, 35.324022], [133.405804, 35.321503], [133.383783, 35.322577], [133.384007, 35.314594], [133.379533, 35.306318], [133.382255, 35.302762], [133.384977, 35.294438], [133.381834, 35.290209], [133.386045, 35.280805], [133.386229, 35.274779], [133.3842, 35.271481], [133.375914, 35.269857], [133.368904, 35.265693], [133.359647, 35.263392], [133.358076, 35.26103], [133.354024, 35.256599], [133.360273, 35.247193], [133.355979, 35.245318], [133.357265, 35.240101], [133.351957, 35.236301], [133.346097, 35.237893], [133.343281, 35.232405], [133.336586, 35.234399], [133.330207, 35.244731], [133.333491, 35.249018], [133.332261, 35.257466], [133.327277, 35.262833], [133.317692, 35.264612], [133.310467, 35.268377], [133.307257, 35.281903], [133.299512, 35.292269], [133.306906, 35.303483], [133.302627, 35.305363], [133.301234, 35.308969], [133.292636, 35.320747], [133.298559, 35.325104], [133.295574, 35.328868], [133.29689, 35.339066], [133.295253, 35.340606], [133.296046, 35.34937], [133.302494, 35.356736], [133.308657, 35.366486], [133.315974, 35.36549], [133.319284, 35.368952], [133.318231, 35.372403], [133.324434, 35.374279], [133.328843, 35.374672]], [[133.33016944, 35.30855611], [133.330245, 35.30883778], [133.32960278, 35.30893361], [133.32896084, 35.30902944], [133.32880278, 35.30864055], [133.32874805, 35.3085675], [133.3286725, 35.30849416], [133.32858306, 35.30844916], [133.32852167, 35.30840806], [133.32850583, 35.30834889], [133.32852806, 35.30830833], [133.32858306, 35.30822944], [133.32859694, 35.30812222], [133.32859, 35.30799834], [133.32854194, 35.30786889], [133.32846639, 35.30773361], [133.32837, 35.30765472], [133.32821222, 35.30757], [133.32819167, 35.30753639], [133.32832195, 35.30737889], [133.32835639, 35.30733945], [133.32838389, 35.30726611], [133.32838389, 35.30711389], [133.32826027, 35.30668583], [133.32821889, 35.30637583], [133.32817778, 35.3062575], [133.32810916, 35.30615611], [133.32804723, 35.30609972], [133.32795806, 35.30604917], [133.3278275, 35.30601527], [133.32758055, 35.30601527], [133.32729194, 35.30606611], [133.3272575, 35.30606611], [133.32712722, 35.30606611], [133.32680445, 35.30593639], [133.32650195, 35.30573917], [133.32637167, 35.30562083], [133.32615861, 35.30536722], [133.32578777, 35.30501805], [133.32574639, 35.30493362], [133.32575333, 35.30486583], [133.32581528, 35.30478138], [133.32610361, 35.30452806], [133.32639917, 35.3042125], [133.32651583, 35.30404361], [133.3265775, 35.30391945], [133.3265775, 35.30386334], [133.32652278, 35.30380111], [133.32645389, 35.30375611], [133.32634416, 35.30372805], [133.32601444, 35.30367722], [133.325925, 35.30364361], [133.32591139, 35.30359278], [133.32591833, 35.30357583], [133.32598695, 35.30353083], [133.32647473, 35.3033675], [133.32659833, 35.30329972], [133.32665306, 35.30323222], [133.32666694, 35.30313084], [133.32663945, 35.30304055], [133.32654334, 35.30292222], [133.32647473, 35.30287722], [133.32635083, 35.30283778], [133.32597333, 35.30278695], [133.32586362, 35.30275333], [133.32578806, 35.3027025], [133.32569195, 35.3026125], [133.3256025, 35.30255611], [133.32551333, 35.30252778], [133.32532778, 35.30252778], [133.32476444, 35.302635], [133.32459972, 35.302635], [133.32455167, 35.3026125], [133.32451028, 35.30255611], [133.32446916, 35.30243194], [133.32444167, 35.30215056], [133.32440723, 35.30206611], [133.32433167, 35.30199861], [133.32420805, 35.30194777], [133.324105, 35.30194222], [133.32376195, 35.30196472], [133.32342528, 35.30196472], [133.32330166, 35.30193083], [133.32306806, 35.30179555], [133.32302694, 35.30173945], [133.32302694, 35.30163222], [133.3230475, 35.30157583], [133.32304083, 35.30146333], [133.3229925, 35.30138444], [133.32278528, 35.30127889], [133.32263417, 35.30118861], [133.32271778, 35.30113084], [133.32295139, 35.30113084], [133.32308194, 35.30115889], [133.32322611, 35.30122084], [133.32333611, 35.30131667], [133.32338417, 35.30142389], [133.32341861, 35.30164361], [133.32343222, 35.30167722], [133.32348722, 35.30172805], [133.32356972, 35.30176195], [133.32378944, 35.30176195], [133.32405028, 35.30172805], [133.32416944, 35.30171472], [133.3243525, 35.30169417], [133.32477834, 35.30167167], [133.32486055, 35.30162111], [133.32488139, 35.30158722], [133.32487445, 35.30146333], [133.32481944, 35.30137861], [133.32475778, 35.30130556], [133.32455167, 35.30115889], [133.32438, 35.30109139], [133.32427695, 35.30107444], [133.32405055, 35.30106305], [133.32399555, 35.30104055], [133.32396806, 35.30099555], [133.32396806, 35.30089972], [133.32400916, 35.30079833], [133.32402306, 35.30059], [133.32406416, 35.30049973], [133.32410528, 35.30046583], [133.32424973, 35.30044916], [133.32435944, 35.30040973], [133.32443472, 35.3003475], [133.32446223, 35.30028556], [133.32447639, 35.30012777], [133.32447639, 35.29979], [133.32442833, 35.29953667], [133.32438694, 35.29939], [133.32436639, 35.29935611], [133.32433195, 35.29920417], [133.32433195, 35.2990125], [133.32441445, 35.29866333], [133.32441445, 35.2985675], [133.32435944, 35.29848278], [133.32431834, 35.29844916], [133.32413972, 35.29826889], [133.32409861, 35.29820694], [133.32394056, 35.29791389], [133.32365194, 35.29755917], [133.32352833, 35.29735056], [133.32342528, 35.29710277], [133.32339778, 35.29699555], [133.32333611, 35.29684362], [133.32326056, 35.29655611], [133.3232125, 35.29644361], [133.32313028, 35.29629139], [133.32307528, 35.29615611], [133.32303417, 35.2959025], [133.32293805, 35.29564333], [133.32256028, 35.29491694], [133.32222166, 35.29446083], [133.32221556, 35.29437584], [133.32227833, 35.29433], [133.32236083, 35.29434222], [133.32247083, 35.29438166], [133.32265639, 35.2944775], [133.32282806, 35.29458445], [133.32352194, 35.29519861], [133.3237275, 35.29541278], [133.32379639, 35.29551389], [133.32387861, 35.29573916], [133.32393361, 35.29585195], [133.32400223, 35.29595333], [133.32410528, 35.29603778], [133.32427027, 35.29613917], [133.32432527, 35.29619], [133.32438028, 35.29628584], [133.324435, 35.29645472], [133.324435, 35.29672528], [133.32438694, 35.29700139], [133.32438694, 35.29717611], [133.32444889, 35.29728306], [133.32456555, 35.29738444], [133.32479222, 35.29750278], [133.32484722, 35.29751973], [133.32495028, 35.29751973], [133.32510833, 35.29746889], [133.32527305, 35.29738444], [133.32541723, 35.29726611], [133.32552722, 35.29710834], [133.32556167, 35.29697889], [133.32558222, 35.296545], [133.32561666, 35.29639278], [133.32565083, 35.29631944], [133.32594639, 35.29589139], [133.32636528, 35.29523806], [133.32648195, 35.29513667], [133.32659861, 35.29508584], [133.32665333, 35.29508027], [133.32683889, 35.29503527], [133.32705195, 35.2950125], [133.32768389, 35.29499], [133.32771806, 35.2949675], [133.32774555, 35.29491694], [133.32782528, 35.2946125], [133.32788889, 35.2945775], [133.32801361, 35.29466333], [133.32807528, 35.29473083], [133.32811667, 35.29482112], [133.32810972, 35.2950125], [133.32807528, 35.29510277], [133.32802722, 35.29513667], [133.32779361, 35.29518722], [133.32740917, 35.29523806], [133.32728528, 35.29526611], [133.327155, 35.29531694], [133.326935, 35.29544083], [133.32681139, 35.29553666], [133.32672889, 35.2956325], [133.32668778, 35.29573916], [133.32668778, 35.29599278], [133.32670833, 35.29607167], [133.32675638, 35.29615611], [133.32687333, 35.29626889], [133.32692139, 35.29634778], [133.32692139, 35.29653361], [133.32690083, 35.29670833], [133.32690083, 35.29711389], [133.32705195, 35.29764917], [133.32705195, 35.29783527], [133.32696944, 35.29807722], [133.32685444, 35.29831055], [133.32683889, 35.29834194], [133.32674972, 35.29858445], [133.32674972, 35.29873083], [133.32679084, 35.29877028], [133.32687333, 35.29879833], [133.32702444, 35.29879833], [133.32723055, 35.29876472], [133.32751889, 35.29864056], [133.32760833, 35.29862388], [133.32767, 35.29864056], [133.32767694, 35.29867445], [133.32764945, 35.29872528], [133.32751195, 35.29884917], [133.32736778, 35.29891112], [133.32719611, 35.29900694], [133.3271, 35.29908027], [133.32700388, 35.29917027], [133.32694195, 35.2993], [133.32688695, 35.29933944], [133.32670167, 35.29939], [133.32659861, 35.299435], [133.32645417, 35.29955333], [133.32635806, 35.2996775], [133.32629638, 35.29979], [133.326255, 35.29991972], [133.326255, 35.3000775], [133.32628945, 35.30019], [133.32639945, 35.30041528], [133.32649556, 35.30064056], [133.32672889, 35.30099555], [133.32689361, 35.30118722], [133.32702417, 35.30129972], [133.32709972, 35.30135611], [133.32732639, 35.30146889], [133.32741556, 35.30149694], [133.32756667, 35.30149694], [133.32764916, 35.30145194], [133.32769028, 35.30140694], [133.32780028, 35.30127167], [133.32787583, 35.30120972], [133.32797194, 35.30115889], [133.32840472, 35.30102944], [133.32854889, 35.30097862], [133.32902306, 35.30078138], [133.32909861, 35.30077583], [133.32931139, 35.30087167], [133.32933195, 35.30091112], [133.32931139, 35.30093917], [133.32865889, 35.3013675], [133.32850778, 35.30145194], [133.32822611, 35.30157583], [133.32809555, 35.30166055], [133.32802694, 35.301745], [133.32802, 35.30182945], [133.32806806, 35.30197583], [133.32817111, 35.30216194], [133.32834305, 35.30253388], [133.32848028, 35.30271417], [133.32868639, 35.30292778], [133.32881695, 35.303035], [133.32894028, 35.30304612], [133.32905028, 35.30300667], [133.32917389, 35.30291694], [133.32927, 35.30278167], [133.32950361, 35.30258445], [133.32954472, 35.3025225], [133.32968888, 35.30228583], [133.32975083, 35.30221833], [133.3298125, 35.30222944], [133.32986055, 35.30228028], [133.32990889, 35.30241556], [133.3299775, 35.30247166], [133.33012861, 35.30251695], [133.33008722, 35.30255638], [133.32986055, 35.30264083], [133.32976444, 35.30269722], [133.32955833, 35.30291694], [133.32951722, 35.30300667], [133.32949667, 35.30317028], [133.32944862, 35.30323778], [133.3292975, 35.30332222], [133.32916, 35.30342361], [133.329105, 35.30351389], [133.32908444, 35.30360417], [133.3290775, 35.30379555], [133.32905028, 35.30386889], [133.32899528, 35.30391945], [133.32878917, 35.30401527], [133.32872722, 35.30408306], [133.32869973, 35.30420694], [133.328645, 35.30424639], [133.32848694, 35.30426889], [133.32839083, 35.30430278], [133.32829473, 35.30435916], [133.32817806, 35.30446611], [133.328075, 35.30460695], [133.3279925, 35.30477611], [133.3279925, 35.30487167], [133.32802694, 35.30490555], [133.32806139, 35.30491694], [133.32821889, 35.30492805], [133.32854861, 35.30495055], [133.3286725, 35.30497334], [133.32889917, 35.30513084], [133.32904333, 35.30519861], [133.3292975, 35.30527195], [133.32935916, 35.30527195], [133.32942806, 35.3052325], [133.32946916, 35.30516472], [133.32948972, 35.30504084], [133.32951028, 35.30466333], [133.32959972, 35.30459], [133.32960667, 35.30462389], [133.32960667, 35.3049], [133.32960667, 35.30509139], [133.32966139, 35.30524361], [133.32981945, 35.30553083], [133.3298675, 35.30557028], [133.3299225, 35.30557583], [133.32998445, 35.30554194], [133.33003917, 35.30547444], [133.33012861, 35.30526611], [133.33028667, 35.30504639], [133.33036889, 35.30495639], [133.33063, 35.30480417], [133.33082916, 35.30466333], [133.33086361, 35.30465195], [133.33098695, 35.30465195], [133.3311175, 35.30472528], [133.33099389, 35.30473667], [133.33084972, 35.30477611], [133.33067805, 35.30486055], [133.33058195, 35.30495055], [133.3304925, 35.30511416], [133.33028667, 35.30584639], [133.33020417, 35.30606611], [133.33020417, 35.30613917], [133.3302725, 35.30619], [133.3303275, 35.30617861], [133.33047166, 35.30609972], [133.33060222, 35.30604917], [133.33077389, 35.30601527], [133.33089417, 35.30601362], [133.33119972, 35.30600972], [133.33123416, 35.30599834], [133.33135778, 35.30594777], [133.33142639, 35.30589695], [133.33146778, 35.30584639], [133.33177694, 35.30535639], [133.33183861, 35.30531139], [133.33200361, 35.3053], [133.33212723, 35.30532806], [133.33220945, 35.30531695], [133.33242944, 35.30523806], [133.332505, 35.3052325], [133.33249111, 35.30527195], [133.33235389, 35.30537333], [133.33225083, 35.30546917], [133.33218889, 35.30556472], [133.33216138, 35.30566055], [133.33217528, 35.30579555], [133.33223028, 35.30588584], [133.33223028, 35.30591389], [133.33208584, 35.30603222], [133.33205167, 35.30609417], [133.33201722, 35.30624056], [133.33192112, 35.30620111], [133.331825, 35.30617861], [133.33165306, 35.30617861], [133.33155028, 35.30621806], [133.33139917, 35.30632528], [133.33132361, 35.30643778], [133.33128223, 35.30647166], [133.33113806, 35.30649416], [133.33091833, 35.30655611], [133.33081528, 35.30660139], [133.33076028, 35.30665195], [133.33076028, 35.30675333], [133.33080138, 35.30682667], [133.33093195, 35.30693944], [133.3310075, 35.30702389], [133.33107611, 35.30723806], [133.33115167, 35.30741833], [133.33128916, 35.30766611], [133.33130278, 35.30771695], [133.33126862, 35.3077225], [133.33091833, 35.30728861], [133.33051305, 35.30693944], [133.33041667, 35.30687167], [133.33034111, 35.30683805], [133.33022445, 35.30682111], [133.33014195, 35.30684361], [133.32997722, 35.30692805], [133.3298675, 35.30702944], [133.32981945, 35.30712528], [133.32981916, 35.30726056], [133.32986028, 35.30742389], [133.32986723, 35.30766055], [133.32980555, 35.30782361], [133.32965444, 35.30806584], [133.3296475, 35.30813361], [133.32966805, 35.30820111], [133.32973667, 35.30827444], [133.32982611, 35.30831389], [133.32997028, 35.30834778], [133.33005972, 35.30839278], [133.33011444, 35.30844333], [133.33016944, 35.30855611]]], [[[133.32591861, 35.2990575], [133.32590472, 35.29911389], [133.32592528, 35.29915889], [133.32598722, 35.29918722], [133.32617278, 35.29918167], [133.32635111, 35.29912527], [133.32667417, 35.2990125], [133.32676333, 35.298945], [133.32676333, 35.29886612], [133.32671528, 35.29879833], [133.32664667, 35.29874778], [133.32659166, 35.29872528], [133.32648166, 35.29872528], [133.32637194, 35.29875888], [133.32607639, 35.29891667], [133.32598028, 35.29899], [133.32591861, 35.2990575]]]]}, "properties": {"N03_001": "鳥取県", "N03_002": null, "N03_003": "西伯郡", "N03_004": "南部町", "N03_005": null, "N03_007": "31389"}}, {"type": "Feature", "geometry": {"type": "Polygon", "coordinates": [[[133.372992, 35.378761], [133.380613, 35.382143], [133.383065, 35.386559], [133.386703, 35.386423], [133.389312, 35.396876], [133.395059, 35.395868], [133.399825, 35.403917], [133.403074, 35.397913], [133.414846, 35.389608], [133.429941, 35.391682], [133.440436, 35.390378], [133.445369, 35.39238], [133.445677, 35.397765], [133.449752, 35.396352], [133.461735, 35.398417], [133.471048, 35.399061], [133.476369, 35.397528], [133.491139, 35.400143], [133.513603, 35.397244], [133.5159, 35.392908], [133.523621, 35.386826], [133.523945, 35.383119], [133.521117, 35.369961], [133.527486, 35.359668], [133.52452, 35.355034], [133.51946, 35.352075], [133.519009, 35.347039], [133.508622, 35.334594], [133.505129, 35.327234], [133.499496, 35.325073], [133.488328, 35.323799], [133.479699, 35.320011], [133.475819, 35.313695], [133.470387, 35.310768], [133.463944, 35.309438], [133.459164, 35.302795], [133.450399, 35.300951], [133.44512, 35.296309], [133.443892, 35.29099], [133.449058, 35.285078], [133.449403, 35.279681], [133.444617, 35.27061], [133.430013, 35.265328], [133.423959, 35.25784], [133.412375, 35.254714], [133.411001, 35.251584], [133.399801, 35.244015], [133.399581, 35.239861], [133.391955, 35.236328], [133.38014, 35.234988], [133.375714, 35.239998], [133.374687, 35.245593], [133.369404, 35.248204], [133.369964, 35.25252], [133.362076, 35.254273], [133.358076, 35.26103], [133.359647, 35.263392], [133.368904, 35.265693], [133.375914, 35.269857], [133.3842, 35.271481], [133.386229, 35.274779], [133.386045, 35.280805], [133.381834, 35.290209], [133.384977, 35.294438], [133.382255, 35.302762], [133.379533, 35.306318], [133.384007, 35.314594], [133.383783, 35.322577], [133.405804, 35.321503], [133.412067, 35.324022], [133.408159, 35.33203], [133.416816, 35.334935], [133.41833, 35.338923], [133.427126, 35.344523], [133.4276, 35.348874], [133.422094, 35.353724], [133.414802, 35.351913], [133.410378, 35.356314], [133.404161, 35.357098], [133.401599, 35.366413], [133.393074, 35.370299], [133.391481, 35.37435], [133.382234, 35.372232], [133.374456, 35.37467], [133.372992, 35.378761]]]}, "properties": {"N03_001": "鳥取県", "N03_002": null, "N03_003": "西伯郡", "N03_004": "伯耆町", "N03_005": null, "N03_007": "31390"}}, {"type": "Feature", "geometry": {"type": "Polygon", "coordinates": [[[133.317692, 35.264612], [133.327277, 35.262833], [133.332261, 35.257466], [133.333491, 35.249018], [133.330207, 35.244731], [133.336586, 35.234399], [133.343281, 35.232405], [133.346097, 35.237893], [133.351957, 35.236301], [133.35149, 35.226454], [133.353872, 35.224521], [133.353713, 35.218724], [133.350217, 35.214712], [133.345407, 35.213571], [133.334603, 35.215], [133.330856, 35.208873], [133.321048, 35.205629], [133.317477, 35.206502], [133.311666, 35.202684], [133.308108, 35.202684], [133.306559, 35.211797], [133.3038, 35.213172], [133.298835, 35.209803], [133.293812, 35.203067], [133.293816, 35.197066], [133.299983, 35.189669], [133.303592, 35.189991], [133.312253, 35.183657], [133.329023, 35.176688], [133.334801, 35.165797], [133.343677, 35.162719], [133.353384, 35.167349], [133.356811, 35.16689], [133.359232, 35.162049], [133.364887, 35.159723], [133.369736, 35.160723], [133.374063, 35.171109], [133.374854, 35.175612], [133.378156, 35.177119], [133.38648, 35.174344], [133.394639, 35.17733], [133.396947, 35.172461], [133.393362, 35.169145], [133.398515, 35.163581], [133.400722, 35.158433], [133.400359, 35.153271], [133.404514, 35.148668], [133.405138, 35.142928], [133.411224, 35.138753], [133.412618, 35.133493], [133.411826, 35.121146], [133.405764, 35.118024], [133.403363, 35.114321], [133.386994, 35.113115], [133.378788, 35.114666], [133.366681, 35.110155], [133.358396, 35.102126], [133.354874, 35.100771], [133.347271, 35.105595], [133.338223, 35.106563], [133.332359, 35.101272], [133.32814, 35.094998], [133.319428, 35.093856], [133.316324, 35.096563], [133.308341, 35.099447], [133.302829, 35.099581], [133.299032, 35.103804], [133.29094, 35.100359], [133.288263, 35.095914], [133.29066, 35.084424], [133.288859, 35.074446], [133.290824, 35.070944], [133.283421, 35.06595], [133.276912, 35.066109], [133.272631, 35.059751], [133.269139, 35.057678], [133.260814, 35.063439], [133.253785, 35.075218], [133.248782, 35.078691], [133.239935, 35.079038], [133.233193, 35.075125], [133.231602, 35.069441], [133.227229, 35.068193], [133.214904, 35.073872], [133.199387, 35.072537], [133.194236, 35.070491], [133.186451, 35.069921], [133.179534, 35.067297], [133.173446, 35.069195], [133.16846, 35.067438], [133.161259, 35.074136], [133.15827, 35.071646], [133.14201, 35.064748], [133.136283, 35.069572], [133.136419, 35.07426], [133.140814, 35.075638], [133.14129, 35.082841], [133.136682, 35.088697], [133.139819, 35.100005], [133.145586, 35.105338], [133.144209, 35.111278], [133.140304, 35.117284], [133.146649, 35.123694], [133.145313, 35.131725], [133.148404, 35.139773], [133.155156, 35.144299], [133.157455, 35.148906], [133.16613, 35.14921], [133.170914, 35.153548], [133.184164, 35.156903], [133.191863, 35.16273], [133.194905, 35.16989], [133.193647, 35.177502], [133.188657, 35.18513], [133.182133, 35.188034], [133.184658, 35.195372], [133.180813, 35.20267], [133.173772, 35.205376], [133.171821, 35.208723], [133.157634, 35.203905], [133.152881, 35.203798], [133.153424, 35.209808], [133.151453, 35.212579], [133.152473, 35.2188], [133.158882, 35.222659], [133.163291, 35.222584], [133.177265, 35.230374], [133.181624, 35.23444], [133.193524, 35.237282], [133.198121, 35.239872], [133.206323, 35.242058], [133.212023, 35.241697], [133.225607, 35.24956], [133.228185, 35.246797], [133.243422, 35.250476], [133.25194, 35.259291], [133.258668, 35.261392], [133.264064, 35.258419], [133.275211, 35.257806], [133.282242, 35.262403], [133.291795, 35.260767], [133.298687, 35.264572], [133.302537, 35.263121], [133.310467, 35.268377], [133.317692, 35.264612]], [[133.30943944, 35.20387612], [133.30943, 35.20376917], [133.30943944, 35.20373194], [133.30945416, 35.20370055], [133.30950028, 35.203625], [133.30952778, 35.20359723], [133.30960694, 35.20358306], [133.30965945, 35.20359], [133.3097325, 35.20359694], [133.30977222, 35.20358556], [133.30985111, 35.20349639], [133.30992167, 35.20348722], [133.31002584, 35.20350556], [133.31020916, 35.20350084], [133.31032473, 35.20348473], [133.31053055, 35.20340472], [133.31058417, 35.20339556], [133.31064889, 35.20341611], [133.3107675, 35.20352138], [133.31093083, 35.20366333], [133.31100417, 35.20369777], [133.31108889, 35.20371361], [133.31120444, 35.2037], [133.31127222, 35.2036725], [133.31134556, 35.20360833], [133.31138223, 35.20351694], [133.31141611, 35.20349166], [133.31146666, 35.20349861], [133.31153167, 35.20355361], [133.31170084, 35.20366111], [133.31180528, 35.20371833], [133.31192945, 35.20374333], [133.31207583, 35.20377778], [133.31219167, 35.20381889], [133.31233556, 35.20388084], [133.31243139, 35.20390584], [133.31253861, 35.20390361], [133.31267389, 35.20387389], [133.31275555, 35.20388084], [133.31282056, 35.20390361], [133.31288833, 35.20394362], [133.31294167, 35.20394694], [133.31299806, 35.20394362], [133.31305389, 35.20397973], [133.31311, 35.20401555], [133.31308, 35.20403639], [133.31299528, 35.20410722], [133.31291083, 35.20425611], [133.31287972, 35.20434056], [133.31288527, 35.20443445], [133.31293333, 35.20449389], [133.31299528, 35.20453056], [133.31323778, 35.20456028], [133.31330834, 35.20457639], [133.31337056, 35.20461305], [133.31343528, 35.20466111], [133.31352, 35.20467917], [133.31358473, 35.20465861], [133.31369805, 35.20462], [133.31375389, 35.20461305], [133.31381472, 35.20462], [133.31396944, 35.20496556], [133.31412417, 35.20531111], [133.3142475, 35.20557417], [133.31437056, 35.20583694], [133.31427083, 35.20584889], [133.31410945, 35.20584889], [133.31403889, 35.20585611], [133.31395972, 35.20589417], [133.3138775, 35.20594888], [133.31383056, 35.20601306], [133.31382194, 35.20609167], [133.31382472, 35.20620361], [133.31388333, 35.20633695], [133.31397139, 35.20652028], [133.31397723, 35.20657722], [133.31403306, 35.20668445], [133.31410611, 35.2067675], [133.3141825, 35.20682695], [133.31421167, 35.20687694], [133.31424694, 35.20698639], [133.31430277, 35.20705305], [133.31443167, 35.20713639], [133.31458972, 35.20721723], [133.31463778, 35.20723973], [133.31469806, 35.2072525], [133.31475805, 35.20726528], [133.31479416, 35.20731166], [133.31483, 35.20735806], [133.31501861, 35.20745306], [133.31509778, 35.20748389], [133.31522972, 35.20748861], [133.31527389, 35.20751], [133.31529139, 35.20760777], [133.31530306, 35.2078625], [133.31534416, 35.20793611], [133.31541166, 35.20797666], [133.31549667, 35.20799334], [133.3156025, 35.20796944], [133.31585473, 35.20787917], [133.31596028, 35.20786], [133.31606889, 35.20787445], [133.31610111, 35.20788861], [133.31609528, 35.20792194], [133.31602472, 35.20798389], [133.31593389, 35.2080625], [133.31588694, 35.20812195], [133.31586361, 35.20820277], [133.31586639, 35.20833361], [133.31586639, 35.20838861], [133.31573445, 35.20846473], [133.3156375, 35.20852417], [133.31555555, 35.20864555], [133.31553777, 35.20873139], [133.31556722, 35.20885972], [133.31562305, 35.20896445], [133.31568444, 35.20902166], [133.31570806, 35.2090575], [133.31570806, 35.20923361], [133.31573722, 35.20931445], [133.31581361, 35.20944056], [133.31588694, 35.209505], [133.31600139, 35.20954306], [133.3161275, 35.20953584], [133.31625084, 35.20952389], [133.31641805, 35.2094525], [133.31650306, 35.20937389], [133.31657056, 35.20926916], [133.31662334, 35.20924556], [133.31674667, 35.20923583], [133.31684333, 35.20921444], [133.31690194, 35.20915973], [133.31694028, 35.20907167], [133.3169725, 35.20903834], [133.3170575, 35.20904084], [133.31720417, 35.20903111], [133.31738306, 35.20899555], [133.31742416, 35.20899305], [133.31738916, 35.20907639], [133.31728056, 35.20924055], [133.31723055, 35.20934528], [133.31716612, 35.20954306], [133.317125, 35.20959777], [133.317105, 35.20960806], [133.31698416, 35.20966917], [133.31686972, 35.20975], [133.31681695, 35.20982389], [133.31673778, 35.20995], [133.31664695, 35.21003556], [133.31650889, 35.21015695], [133.31646194, 35.21022583], [133.31644445, 35.2102925], [133.31647083, 35.21034722], [133.3165325, 35.21038306], [133.31671416, 35.21038056], [133.31684916, 35.21037834], [133.31688139, 35.21041167], [133.31689028, 35.21051167], [133.31691389, 35.21059251], [133.3168875, 35.21071862], [133.3169225, 35.21082805], [133.3169725, 35.21088056], [133.31706639, 35.21092083], [133.3172275, 35.21096612], [133.31740333, 35.21103278], [133.31749139, 35.21107806], [133.31757056, 35.2110875], [133.31763806, 35.21106861], [133.31773778, 35.21099722], [133.31779667, 35.21093527], [133.31782, 35.21083528], [133.31784639, 35.21078777], [133.31791389, 35.21077583], [133.31806944, 35.21077111], [133.31817222, 35.21075444], [133.31835695, 35.21066389], [133.31841556, 35.21066861], [133.31853583, 35.2106425], [133.31867667, 35.21056638], [133.31893194, 35.21037389], [133.31899056, 35.21035223], [133.31902, 35.21035945], [133.31897889, 35.21053806], [133.31896723, 35.21062806], [133.31899639, 35.21073056], [133.31898777, 35.21077806], [133.31889973, 35.2108875], [133.31888195, 35.21095195], [133.31887917, 35.21103055], [133.3189025, 35.21108056], [133.31890861, 35.21111611], [133.31888806, 35.21114944], [133.31871472, 35.21121611], [133.31865916, 35.21124695], [133.31855639, 35.21134222], [133.31848611, 35.21144945], [133.31844777, 35.21150639], [133.31824556, 35.21157083], [133.31819555, 35.21159944], [133.31814861, 35.21165889], [133.31813389, 35.21174444], [133.31814861, 35.21188028], [133.31821028, 35.21211361], [133.31828056, 35.2122825], [133.31836583, 35.21238972], [133.31839222, 35.21244667], [133.31838639, 35.21265611], [133.31840972, 35.21275611], [133.31847417, 35.21296583], [133.3185125, 35.21308945], [133.3185475, 35.21313472], [133.31863278, 35.21316806], [133.31874722, 35.21318694], [133.31882334, 35.21331806], [133.318885, 35.21338473], [133.31898194, 35.213425], [133.31910223, 35.21344167], [133.31915195, 35.21345611], [133.31918417, 35.21349167], [133.31922527, 35.21358222], [133.31928388, 35.21361806], [133.31936027, 35.21363945], [133.31943055, 35.21363695], [133.31951861, 35.21361305], [133.31963889, 35.21353472], [133.31975639, 35.21345611], [133.31986778, 35.21343222], [133.32000862, 35.2133775], [133.32016416, 35.2132775], [133.32033416, 35.21316806], [133.32052055, 35.21309361], [133.32053084, 35.21308945], [133.32063944, 35.21306555], [133.32066584, 35.21308], [133.32066861, 35.21311805], [133.32065111, 35.21320861], [133.32064223, 35.21335611], [133.32060416, 35.21341556], [133.32039, 35.21364638], [133.32034305, 35.213725], [133.32031972, 35.21381778], [133.32028444, 35.21386556], [133.3201875, 35.2139775], [133.32008194, 35.21412222], [133.32005861, 35.21418167], [133.32007305, 35.21427], [133.32006445, 35.2143175], [133.31999111, 35.21443639], [133.31998806, 35.21450305], [133.32000278, 35.21456028], [133.32009666, 35.21463639], [133.32043973, 35.21478416], [133.3205275, 35.21484362], [133.32061278, 35.214965], [133.32065667, 35.21500778], [133.32070944, 35.21501972], [133.32076528, 35.21500306], [133.32079472, 35.21495777], [133.32080334, 35.21487445], [133.32085333, 35.21478167], [133.320915, 35.21471278], [133.32100584, 35.21467944], [133.32106445, 35.21467694], [133.32107917, 35.21472223], [133.32108806, 35.21480555], [133.32112917, 35.2148675], [133.32118778, 35.21492222], [133.32119667, 35.21497695], [133.32114972, 35.21517194], [133.32114972, 35.21524111], [133.32119667, 35.21530778], [133.32125222, 35.21535306], [133.3213725, 35.21540305], [133.3214225, 35.21544111], [133.32144305, 35.21552444], [133.32149, 35.21562194], [133.32169222, 35.21574583], [133.32179222, 35.21579806], [133.32187139, 35.2158125], [133.32197111, 35.2158075], [133.32205611, 35.21577917], [133.32217639, 35.21569111], [133.32234361, 35.21560778], [133.32248444, 35.21560056], [133.32249917, 35.21574805], [133.32254611, 35.21581945], [133.32261055, 35.21590056], [133.32273666, 35.21601694], [133.32283361, 35.21609805], [133.32291584, 35.21614084], [133.32302722, 35.21617194], [133.3230975, 35.21616695], [133.3231475, 35.21614556], [133.32323833, 35.21607194], [133.32330306, 35.21600277], [133.32337056, 35.2160075], [133.32347028, 35.21599805], [133.32353778, 35.21600056], [133.32357889, 35.21606222], [133.32362861, 35.21618361], [133.32364334, 35.21624083], [133.32362583, 35.216305], [133.32350556, 35.21643833], [133.32346444, 35.21651472], [133.32346444, 35.21657416], [133.3235025, 35.21664306], [133.32357277, 35.21670972], [133.32365805, 35.21676222], [133.32375473, 35.21678583], [133.32385166, 35.21677639], [133.32402473, 35.21672889], [133.32410111, 35.2167075], [133.32428861, 35.21671695], [133.32444138, 35.2167075], [133.32459944, 35.21665278], [133.32489, 35.21650028], [133.32505723, 35.21641], [133.32528, 35.21635027], [133.32542667, 35.21629333], [133.32570194, 35.21612556], [133.32577888, 35.21607889], [133.32611916, 35.21591722], [133.32618666, 35.21589806], [133.32613389, 35.21600528], [133.32602528, 35.21607194], [133.32583167, 35.21619083], [133.325685, 35.21633361], [133.3253475, 35.21666694], [133.32491334, 35.21701694], [133.32470806, 35.21715028], [133.32460528, 35.21724056], [133.32452889, 35.21733833], [133.32445862, 35.21747861], [133.32441472, 35.21761916], [133.32440278, 35.21776667], [133.32441166, 35.21787611], [133.32445862, 35.21796194], [133.32449389, 35.21803333], [133.32448805, 35.21809056], [133.32443806, 35.21816889], [133.32443806, 35.21827861], [133.32445555, 35.2184], [133.32449972, 35.21849472], [133.32456139, 35.21855195], [133.32455833, 35.21857806], [133.32452612, 35.2185925], [133.32445278, 35.21859], [133.324265, 35.21857333], [133.32418861, 35.21857333], [133.32406556, 35.21864945], [133.32400388, 35.21872333], [133.32397445, 35.21880417], [133.32394805, 35.21895416], [133.32395694, 35.21916611], [133.32393945, 35.21923028], [133.32390111, 35.2192875], [133.32367834, 35.21942778], [133.3234025, 35.21962555], [133.32329389, 35.21972778], [133.32325278, 35.21979916], [133.32322361, 35.21990861], [133.32322055, 35.21999694], [133.32325278, 35.22005639], [133.32330861, 35.22011834], [133.32337611, 35.22013722], [133.32354027, 35.22015389], [133.32365472, 35.22015389], [133.32372222, 35.22018722], [133.32377222, 35.22023722], [133.32383361, 35.2202825], [133.32391305, 35.22030389], [133.32416806, 35.22029444], [133.32416528, 35.22032305], [133.32400388, 35.22048], [133.32386611, 35.22067278], [133.32382194, 35.22085139], [133.323775, 35.22089889], [133.32359611, 35.22106334], [133.32352556, 35.22117277], [133.32347861, 35.22127277], [133.3234025, 35.22156306], [133.32336722, 35.22164166], [133.32332333, 35.22169889], [133.32324111, 35.22172028], [133.32305333, 35.22176556], [133.32294195, 35.22181778], [133.32286556, 35.22188167], [133.32275694, 35.22199834], [133.322675, 35.22208916], [133.32263944, 35.22211833], [133.32263666, 35.22203167], [133.32265444, 35.22196028], [133.32272778, 35.22185084], [133.32283333, 35.22161305], [133.32303583, 35.22139167], [133.32317361, 35.22124167], [133.32329083, 35.22110361], [133.32342305, 35.22093], [133.32352556, 35.2207325], [133.32356389, 35.22047778], [133.32356389, 35.22040861], [133.32352556, 35.22036584], [133.32318528, 35.22020639], [133.32309139, 35.22015639], [133.3230475, 35.22011834], [133.32297445, 35.21995639], [133.32297722, 35.21988722], [133.32300972, 35.21981361], [133.32306249, 35.21974917], [133.32325583, 35.21957556], [133.32330861, 35.21951361], [133.32334666, 35.21943027], [133.32344944, 35.21926361], [133.32349333, 35.21911139], [133.32349667, 35.21899223], [133.32347889, 35.21893028], [133.32345555, 35.21882333], [133.32341139, 35.21875195], [133.32326472, 35.21859722], [133.32320611, 35.21853056], [133.32305361, 35.2183], [133.32295972, 35.21821416], [133.32279528, 35.21811417], [133.32264584, 35.21805722], [133.32258139, 35.21803806], [133.32251972, 35.21804278], [133.32241389, 35.21810222], [133.32220861, 35.21825666], [133.32199334, 35.21839583], [133.32176694, 35.21859861], [133.32168805, 35.21854528], [133.32160917, 35.21849167], [133.32178166, 35.21833111], [133.32184611, 35.21827], [133.32185694, 35.21822416], [133.32184611, 35.21815417], [133.32178694, 35.21808639], [133.32170084, 35.21801222], [133.32143722, 35.21784861], [133.32138584, 35.21782028], [133.32137778, 35.21756694], [133.32135639, 35.2175125], [133.32131611, 35.21746861], [133.32120028, 35.21743611], [133.32108806, 35.21741612], [133.3209175, 35.21738583], [133.32077222, 35.21732472], [133.32057584, 35.21726139], [133.32046, 35.21724806], [133.32037111, 35.21725472], [133.32030112, 35.21728306], [133.32022583, 35.21737277], [133.32011, 35.21767583], [133.320075, 35.21771528], [133.32003473, 35.2177175], [133.31995139, 35.21767389], [133.31988389, 35.21766944], [133.31971167, 35.21773722], [133.31950723, 35.21776111], [133.31928916, 35.21787472], [133.31879028, 35.21706666], [133.31890611, 35.21703], [133.31903, 35.21696861], [133.31910639, 35.21690444], [133.31917111, 35.21683361], [133.31921333, 35.21674195], [133.31922195, 35.21666416], [133.319205, 35.21658416], [133.31916278, 35.21652695], [133.31910056, 35.21647889], [133.31907528, 35.21641722], [133.31908084, 35.21634862], [133.31910056, 35.21623639], [133.31910056, 35.21617916], [133.3190725, 35.21612416], [133.31903, 35.21607611], [133.3189625, 35.21603055], [133.31890334, 35.21600972], [133.31884667, 35.2160075], [133.31862973, 35.21606472], [133.31844639, 35.21605777], [133.31840972, 35.21604639], [133.31841527, 35.21602139], [133.31847722, 35.21596861], [133.31859306, 35.21588389], [133.31864083, 35.21580388], [133.31864666, 35.21574889], [133.31862084, 35.21571278], [133.31859306, 35.21567333], [133.31849417, 35.21554083], [133.31842084, 35.21550416], [133.31836167, 35.21548139], [133.31829695, 35.21547667], [133.31822917, 35.21550639], [133.31816722, 35.21556583], [133.31807111, 35.21563695], [133.31771028, 35.21584278], [133.31765111, 35.21585667], [133.31762556, 35.21583139], [133.31760306, 35.21573972], [133.3175975, 35.21548139], [133.31762278, 35.2153875], [133.31772445, 35.21528222], [133.31778917, 35.21519528], [133.31779472, 35.21512667], [133.31778362, 35.2150625], [133.31769888, 35.21497555], [133.31760306, 35.214875], [133.31756361, 35.21477639], [133.31752973, 35.21471916], [133.31744222, 35.21463695], [133.31740556, 35.21457278], [133.31737194, 35.21448139], [133.31729555, 35.21442639], [133.31717722, 35.21437834], [133.317135, 35.21432334], [133.31711528, 35.21427083], [133.31711528, 35.21416555], [133.31710945, 35.21400306], [133.31708138, 35.21388639], [133.31701639, 35.21372611], [133.3169375, 35.21358667], [133.31684167, 35.213495], [133.31673722, 35.21343111], [133.31659333, 35.21339222], [133.31652583, 35.21336916], [133.31653416, 35.21332333], [133.31657945, 35.21324806], [133.31659333, 35.2131725], [133.31657945, 35.21309916], [133.31652, 35.21301444], [133.31642972, 35.21295055], [133.31633667, 35.21292528], [133.31623278, 35.21293], [133.31603528, 35.21298945], [133.31589416, 35.21305583], [133.31582083, 35.21305583], [133.31573083, 35.21302834], [133.31562639, 35.213035], [133.31557555, 35.21302361], [133.31557, 35.21300306], [133.31558972, 35.21295722], [133.31564334, 35.21288862], [133.31573361, 35.21281306], [133.31583778, 35.21269639], [133.3159225, 35.21255945], [133.31592528, 35.21242917], [133.31591417, 35.212255], [133.31585194, 35.21208584], [133.31578723, 35.21200584], [133.31555584, 35.21182722], [133.31549945, 35.21178361], [133.31547695, 35.21169666], [133.31549667, 35.21159612], [133.31549667, 35.21154584], [133.31545722, 35.2114725], [133.31538388, 35.21141084], [133.31520056, 35.21133528], [133.31508777, 35.21127333], [133.31501167, 35.21119556], [133.31492417, 35.211015], [133.31480278, 35.21088917], [133.31476889, 35.21083417], [133.31479445, 35.21072194], [133.31479723, 35.21065805], [133.31476056, 35.21057333], [133.31467584, 35.21049556], [133.3145575, 35.21042222], [133.31445889, 35.21038333], [133.3143375, 35.21020473], [133.31416278, 35.21006305], [133.31407139, 35.20999167], [133.3139875, 35.20996583], [133.31386417, 35.20982083], [133.31373889, 35.20967389], [133.31372556, 35.20959389], [133.31364083, 35.20934], [133.31363084, 35.20927945], [133.31360694, 35.20913639], [133.31358166, 35.20907944], [133.31353084, 35.20902667], [133.31347167, 35.20898334], [133.3134125, 35.20895583], [133.3133475, 35.20894444], [133.31326861, 35.20895806], [133.312795, 35.20922333], [133.31269083, 35.20925528], [133.31263167, 35.20925305], [133.31260055, 35.20923222], [133.31260611, 35.20919112], [133.31263167, 35.20911111], [133.31268527, 35.20901945], [133.31281194, 35.20887806], [133.31292472, 35.20866278], [133.31298139, 35.20848222], [133.31298139, 35.208425], [133.31295583, 35.20836306], [133.31292194, 35.20831723], [133.31283167, 35.20827167], [133.31271612, 35.20818223], [133.31263722, 35.20809083], [133.3125525, 35.20791916], [133.31243694, 35.20779778], [133.31231861, 35.2077225], [133.31225639, 35.20771555], [133.31217194, 35.20772695], [133.31211833, 35.20771334], [133.31209, 35.20767195], [133.31204222, 35.20752111], [133.31199695, 35.20743639], [133.31181639, 35.20726472], [133.31156833, 35.2070725], [133.311385, 35.20694888], [133.31100138, 35.20664], [133.31096195, 35.20657139], [133.31093388, 35.20647528], [133.31094223, 35.20640445], [133.31098167, 35.20636555], [133.31130333, 35.20628778], [133.31152889, 35.20617778], [133.31158528, 35.20612972], [133.31162472, 35.20603611], [133.31164167, 35.20592861], [133.311605, 35.20585306], [133.31156, 35.20578917], [133.31151195, 35.20575694], [133.3114725, 35.20559], [133.31143, 35.20551222], [133.31130611, 35.20540472], [133.31124694, 35.20535194], [133.31124111, 35.20532], [133.31126666, 35.20525583], [133.31130333, 35.20517139], [133.31130889, 35.20510722], [133.31129194, 35.20504306], [133.31124389, 35.20497666], [133.31119027, 35.20494472], [133.31110862, 35.20493333], [133.31094778, 35.20494472], [133.31090278, 35.20493333], [133.31086889, 35.2048875], [133.31086611, 35.20481194], [133.31088306, 35.20459472], [133.31087444, 35.20451], [133.31086333, 35.20444361], [133.31081528, 35.20438194], [133.31074778, 35.20433139], [133.31064611, 35.20427889], [133.3104825, 35.20424445], [133.31043166, 35.20423305], [133.31033306, 35.20406389], [133.31025972, 35.20401333], [133.31019778, 35.20398138], [133.31011861, 35.20395611], [133.31004528, 35.20394472], [133.30996944, 35.20393778], [133.30978611, 35.20396777], [133.30968195, 35.20396777], [133.30952389, 35.20394028], [133.30945917, 35.203915], [133.30943944, 35.20387612]]]}, "properties": {"N03_001": "鳥取県", "N03_002": null, "N03_003": "日野郡", "N03_004": "日南町", "N03_005": null, "N03_007": "31401"}}, {"type": "Feature", "geometry": {"type": "Polygon", "coordinates": [[[133.351957, 35.236301], [133.357265, 35.240101], [133.355979, 35.245318], [133.360273, 35.247193], [133.354024, 35.256599], [133.358076, 35.26103], [133.362076, 35.254273], [133.369964, 35.25252], [133.369404, 35.248204], [133.374687, 35.245593], [133.375714, 35.239998], [133.38014, 35.234988], [133.391955, 35.236328], [133.399581, 35.239861], [133.399801, 35.244015], [133.411001, 35.251584], [133.412375, 35.254714], [133.423959, 35.25784], [133.430013, 35.265328], [133.444617, 35.27061], [133.444912, 35.266466], [133.455215, 35.25448], [133.460799, 35.257552], [133.463251, 35.252735], [133.469475, 35.245313], [133.46569, 35.242971], [133.467074, 35.235272], [133.470177, 35.229773], [133.476801, 35.232438], [133.48788, 35.234436], [133.495254, 35.239753], [133.500438, 35.236639], [133.506076, 35.235844], [133.508087, 35.233031], [133.505541, 35.228173], [133.511312, 35.221516], [133.51541, 35.220534], [133.521514, 35.210573], [133.520683, 35.206016], [133.526821, 35.193669], [133.529076, 35.186937], [133.526251, 35.183046], [133.519182, 35.182911], [133.516341, 35.190517], [133.51047, 35.190114], [133.508051, 35.193092], [133.500412, 35.192367], [133.49846, 35.188229], [133.485438, 35.186401], [133.482562, 35.182413], [133.474845, 35.182019], [133.473161, 35.178594], [133.466972, 35.175157], [133.459826, 35.177787], [133.456515, 35.173109], [133.447556, 35.171296], [133.438052, 35.173075], [133.428124, 35.177409], [133.42218, 35.176113], [133.420849, 35.180984], [133.415573, 35.184724], [133.407439, 35.185882], [133.402776, 35.182178], [133.396101, 35.180596], [133.394639, 35.17733], [133.38648, 35.174344], [133.378156, 35.177119], [133.374854, 35.175612], [133.374063, 35.171109], [133.369736, 35.160723], [133.364887, 35.159723], [133.359232, 35.162049], [133.356811, 35.16689], [133.353384, 35.167349], [133.343677, 35.162719], [133.334801, 35.165797], [133.329023, 35.176688], [133.312253, 35.183657], [133.303592, 35.189991], [133.299983, 35.189669], [133.293816, 35.197066], [133.293812, 35.203067], [133.298835, 35.209803], [133.3038, 35.213172], [133.306559, 35.211797], [133.308108, 35.202684], [133.311666, 35.202684], [133.317477, 35.206502], [133.321048, 35.205629], [133.330856, 35.208873], [133.334603, 35.215], [133.345407, 35.213571], [133.350217, 35.214712], [133.353713, 35.218724], [133.353872, 35.224521], [133.35149, 35.226454], [133.351957, 35.236301]]]}, "properties": {"N03_001": "鳥取県", "N03_002": null, "N03_003": "日野郡", "N03_004": "日野町", "N03_005": null, "N03_007": "31402"}}, {"type": "Feature", "geometry": {"type": "Polygon", "coordinates": [[[133.580388, 35.358971], [133.58536, 35.351963], [133.593678, 35.350435], [133.596414, 35.344896], [133.594528, 35.340786], [133.589341, 35.337859], [133.589123, 35.333904], [133.592446, 35.330814], [133.587933, 35.324891], [133.576786, 35.314414], [133.575764, 35.300815], [133.577553, 35.297261], [133.570544, 35.287086], [133.572318, 35.281658], [133.568849, 35.277495], [133.571916, 35.272569], [133.56677, 35.26581], [133.568181, 35.257056], [133.562223, 35.254116], [133.561806, 35.248878], [133.55491, 35.24181], [133.545947, 35.243681], [133.541495, 35.242179], [133.534831, 35.236717], [133.528355, 35.236662], [133.525669, 35.239449], [133.517227, 35.240737], [133.514493, 35.235489], [133.508087, 35.233031], [133.506076, 35.235844], [133.500438, 35.236639], [133.495254, 35.239753], [133.48788, 35.234436], [133.476801, 35.232438], [133.470177, 35.229773], [133.467074, 35.235272], [133.46569, 35.242971], [133.469475, 35.245313], [133.463251, 35.252735], [133.460799, 35.257552], [133.455215, 35.25448], [133.444912, 35.266466], [133.444617, 35.27061], [133.449403, 35.279681], [133.449058, 35.285078], [133.443892, 35.29099], [133.44512, 35.296309], [133.450399, 35.300951], [133.459164, 35.302795], [133.463944, 35.309438], [133.470387, 35.310768], [133.475819, 35.313695], [133.479699, 35.320011], [133.488328, 35.323799], [133.499496, 35.325073], [133.505129, 35.327234], [133.508622, 35.334594], [133.519009, 35.347039], [133.51946, 35.352075], [133.52452, 35.355034], [133.527486, 35.359668], [133.536929, 35.355339], [133.542591, 35.349551], [133.550413, 35.346728], [133.55071, 35.351913], [133.556405, 35.357104], [133.55894, 35.363649], [133.565859, 35.361636], [133.571951, 35.355098], [133.576561, 35.359928], [133.580388, 35.358971]], [[133.51647389, 35.2691225], [133.51652388, 35.26914917], [133.51673778, 35.2692], [133.51677778, 35.26925084], [133.51684639, 35.26932583], [133.51689528, 35.2694025], [133.51697139, 35.26952], [133.51705028, 35.2696525], [133.51711639, 35.26979917], [133.51720888, 35.26992334], [133.51725278, 35.26996834], [133.51734388, 35.27003667], [133.51721139, 35.27000833], [133.51707889, 35.26995583], [133.51698027, 35.26987083], [133.51666528, 35.26957833], [133.51654638, 35.269485], [133.51631278, 35.26933834], [133.51611639, 35.26910584], [133.51598167, 35.2689325], [133.51593416, 35.2688775], [133.51585667, 35.26882083], [133.51569806, 35.268735], [133.51552667, 35.26868], [133.51497056, 35.2684825], [133.51491556, 35.26846583], [133.51463417, 35.26837], [133.51452667, 35.2683125], [133.51440305, 35.26823166], [133.51404917, 35.268035], [133.51398916, 35.26797583], [133.51392055, 35.26794], [133.51383417, 35.26792167], [133.51374667, 35.26790416], [133.51365917, 35.26788833], [133.51353916, 35.2678575], [133.51342305, 35.26783833], [133.51328055, 35.26784], [133.51317417, 35.26783666], [133.51311556, 35.26783417], [133.51307555, 35.26781917], [133.51303167, 35.26778583], [133.51298444, 35.26771917], [133.51293944, 35.26766167], [133.51285084, 35.26759083], [133.51276694, 35.26754084], [133.51266445, 35.2675025], [133.51255694, 35.26747167], [133.51240694, 35.2674175], [133.51215194, 35.26735583], [133.51187445, 35.26730667], [133.51173694, 35.26728833], [133.51159944, 35.2672925], [133.51148333, 35.26730417], [133.51137083, 35.267325], [133.51127584, 35.26735583], [133.51112333, 35.26741333], [133.51105722, 35.26744], [133.51086084, 35.26751917], [133.51071194, 35.2675725], [133.51054083, 35.2676175], [133.51036444, 35.26764583], [133.51022833, 35.26766167], [133.51011195, 35.26768083], [133.50998194, 35.2677075], [133.50977583, 35.2677425], [133.50962861, 35.26774417], [133.50953972, 35.26773917], [133.50947723, 35.26772917], [133.50937722, 35.2676925], [133.50925472, 35.26765916], [133.50914361, 35.26764417], [133.50890722, 35.26762917], [133.50878111, 35.26763084], [133.50873222, 35.267615], [133.50867972, 35.26758916], [133.50861472, 35.2675525], [133.50841111, 35.26745583], [133.50824862, 35.26737083], [133.50790972, 35.2671825], [133.50773861, 35.267085], [133.50759472, 35.266965], [133.50751472, 35.266885], [133.50747473, 35.26682583], [133.50741472, 35.26672583], [133.50726111, 35.26639667], [133.50716611, 35.2662375], [133.50702472, 35.26603916], [133.50695722, 35.26598084], [133.50688611, 35.2659225], [133.50674389, 35.26582861], [133.50665139, 35.26577861], [133.5065425, 35.26573528], [133.5064325, 35.26570445], [133.50629139, 35.26568861], [133.50621888, 35.26567028], [133.5061425, 35.26563944], [133.506025, 35.26559195], [133.50590889, 35.26555862], [133.505715, 35.26550195], [133.5055525, 35.26545777], [133.5052675, 35.26538027], [133.50513889, 35.26534028], [133.50502139, 35.26530194], [133.504895, 35.26528111], [133.50473, 35.26522694], [133.5045975, 35.26516777], [133.50448, 35.26509944], [133.50422639, 35.26493194], [133.50391389, 35.26475361], [133.50360167, 35.26459112], [133.50350028, 35.26452278], [133.50340917, 35.26444944], [133.50328417, 35.26434445], [133.50320667, 35.26430945], [133.50311417, 35.26430111], [133.50303028, 35.26430861], [133.50296028, 35.26433028], [133.50287528, 35.26438027], [133.50275166, 35.26452362], [133.50264667, 35.26459528], [133.50260666, 35.26464361], [133.50258166, 35.26471361], [133.50254667, 35.26483528], [133.50250416, 35.26505333], [133.50246916, 35.26521417], [133.50245889, 35.26526416], [133.50245528, 35.2652825], [133.50244167, 35.26537833], [133.50242777, 35.26544583], [133.50242777, 35.26546833], [133.50240667, 35.2655525], [133.50239667, 35.265655], [133.50239278, 35.26581334], [133.50240777, 35.2658925], [133.50240777, 35.265975], [133.50239278, 35.26610916], [133.50236778, 35.26616333], [133.50232917, 35.2661925], [133.50228277, 35.26620083], [133.50217417, 35.266195], [133.50211667, 35.26616917], [133.50205528, 35.2661275], [133.50202527, 35.26606083], [133.50191528, 35.26554167], [133.50193166, 35.26535917], [133.50206278, 35.26483444], [133.50207666, 35.26476778], [133.50208167, 35.26471111], [133.50212416, 35.26460944], [133.50228167, 35.26434694], [133.50233028, 35.26416528], [133.50232528, 35.26411778], [133.50231528, 35.26406278], [133.50228417, 35.26400611], [133.50221278, 35.26393945], [133.50211028, 35.26388278], [133.50199667, 35.26383862], [133.50190167, 35.26381695], [133.50184667, 35.26381445], [133.50169528, 35.26382445], [133.50159917, 35.26383361], [133.50149278, 35.26384278], [133.50114667, 35.26385695], [133.50099167, 35.26385277], [133.50091028, 35.26384111], [133.50083028, 35.26382111], [133.50073277, 35.26379944], [133.50058166, 35.26375444], [133.50042666, 35.26368945], [133.50029556, 35.26362278], [133.50023055, 35.26354861], [133.50016445, 35.26344361], [133.50011056, 35.26329945], [133.50005445, 35.26312945], [133.50002694, 35.26303444], [133.49999194, 35.26287527], [133.49993556, 35.26264944], [133.49988944, 35.26245973], [133.49981306, 35.26227556], [133.49975444, 35.26213722], [133.49972555, 35.26207306], [133.49969194, 35.26202139], [133.49966306, 35.26196473], [133.49964805, 35.26190389], [133.49961305, 35.26185223], [133.49953555, 35.26180055], [133.49940694, 35.26175722], [133.49924695, 35.26170055], [133.49899695, 35.26161972], [133.49881194, 35.26157306], [133.49868694, 35.26152972], [133.49857694, 35.26146555], [133.49841694, 35.26137056], [133.49828555, 35.26131889], [133.49811694, 35.26124222], [133.49781945, 35.26113473], [133.49750944, 35.26104222], [133.49735833, 35.26102223], [133.49714777, 35.26108416], [133.49703527, 35.26111472], [133.49679611, 35.26121972], [133.49650611, 35.2612975], [133.49625, 35.26138611], [133.49618528, 35.26143861], [133.49612028, 35.26153833], [133.49601778, 35.26166584], [133.49586778, 35.26180694], [133.49574834, 35.26188195], [133.49559806, 35.26192611], [133.49527361, 35.26197611], [133.49510306, 35.26200639], [133.49501417, 35.2620425], [133.49484361, 35.26218334], [133.49467639, 35.26237445], [133.49450222, 35.26261], [133.49426334, 35.26300334], [133.4940825, 35.26330805], [133.49389472, 35.26360722], [133.4937375, 35.26380639], [133.49362501, 35.26390055], [133.49353278, 35.26394194], [133.49339639, 35.26396417], [133.4932975, 35.26396972], [133.49323611, 35.26395028], [133.49318139, 35.26389777], [133.49313723, 35.26382833], [133.49312694, 35.26375667], [133.49314389, 35.26359333], [133.49318139, 35.26347695], [133.49319861, 35.26338555], [133.49325666, 35.26328305], [133.49326, 35.26318055], [133.4932225, 35.26311972], [133.49315416, 35.2630725], [133.49307222, 35.26305306], [133.49291528, 35.26304473], [133.49263194, 35.26303945], [133.49233833, 35.26303111], [133.49217445, 35.26303805], [133.49205167, 35.26304889], [133.49174444, 35.26299917], [133.4918125, 35.26240639], [133.49184389, 35.26197778], [133.49191555, 35.26194861], [133.49197694, 35.26196527], [133.49208417, 35.2620025], [133.49220694, 35.2620275], [133.49231417, 35.2620275], [133.49244722, 35.262015], [133.49259028, 35.26195694], [133.49276417, 35.26188222], [133.49304556, 35.26172084], [133.49331639, 35.26154222], [133.49357222, 35.26135139], [133.4938175, 35.26115639], [133.49394028, 35.26100722], [133.4940375, 35.26086611], [133.49412945, 35.26071667], [133.49423694, 35.2605175], [133.49425722, 35.26042639], [133.49430333, 35.2603475], [133.49439028, 35.26027695], [133.49444639, 35.26029361], [133.49453305, 35.260335], [133.49463555, 35.26031], [133.49478889, 35.26021056], [133.49487583, 35.26018139], [133.49490639, 35.26021056], [133.49496777, 35.26030611], [133.495065, 35.26041389], [133.49516222, 35.26047194], [133.49527472, 35.26051333], [133.49542278, 35.26052583], [133.49554555, 35.260505], [133.4956275, 35.26046778], [133.49568361, 35.26040972], [133.49569889, 35.26031834], [133.49572972, 35.26002806], [133.49579611, 35.25960111], [133.49583194, 35.25943083], [133.49582167, 35.25926917], [133.49583694, 35.25909472], [133.49582695, 35.25890389], [133.49584722, 35.25883334], [133.495965, 35.25870472], [133.49600056, 35.25861778], [133.49599555, 35.25855138], [133.49591889, 35.25842278], [133.49591361, 35.25833972], [133.49594444, 35.2583025], [133.49607722, 35.25822778], [133.49616944, 35.25820695], [133.49632777, 35.25816972], [133.49647611, 35.25807416], [133.49659389, 35.25794139], [133.49670639, 35.25778417], [133.49684945, 35.25761389], [133.49692611, 35.25756], [133.49697222, 35.2575725], [133.4969925, 35.25763889], [133.49697222, 35.25770944], [133.49689555, 35.25779639], [133.49684945, 35.25789583], [133.49683417, 35.25802862], [133.49684444, 35.25817806], [133.49684945, 35.25832306], [133.49680334, 35.2584475], [133.49674722, 35.25872556], [133.49674722, 35.25885833], [133.49683417, 35.25898694], [133.49684444, 35.25906583], [133.49683167, 35.25917667], [133.4967575, 35.25938417], [133.49669084, 35.25963944], [133.49670639, 35.25971416], [133.49673444, 35.25976167], [133.49678055, 35.25978667], [133.49684444, 35.25977638], [133.49697472, 35.25972861], [133.49713333, 35.25966417], [133.49726862, 35.25964973], [133.49735833, 35.25962333], [133.49794222, 35.259875], [133.49809306, 35.25995083], [133.49820556, 35.26000334], [133.49833806, 35.26007667], [133.49847444, 35.26013167], [133.49868055, 35.26020417], [133.49881056, 35.2602375], [133.49888944, 35.26025583], [133.49899444, 35.26025917], [133.49906806, 35.26025667], [133.49914195, 35.26026084], [133.49921306, 35.26027833], [133.49932445, 35.26031167], [133.49934944, 35.2603325], [133.49938805, 35.26037833], [133.49944695, 35.26043389], [133.49951695, 35.26050889], [133.49958055, 35.26056555], [133.49963306, 35.26060889], [133.49972306, 35.26064722], [133.49986944, 35.26070139], [133.50006305, 35.26078639], [133.50022556, 35.26086805], [133.50042194, 35.26096306], [133.50059195, 35.26106472], [133.50068195, 35.26112223], [133.50074444, 35.26114805], [133.50078806, 35.26119639], [133.50082555, 35.26127472], [133.50084944, 35.26134806], [133.50088778, 35.26147305], [133.50092528, 35.26158472], [133.50098778, 35.26171472], [133.50106278, 35.26187306], [133.50114167, 35.26202472], [133.50118277, 35.26209305], [133.50123416, 35.26214638], [133.50130166, 35.26219389], [133.50137916, 35.26222722], [133.50148166, 35.26225222], [133.50165417, 35.26227472], [133.50181167, 35.26227889], [133.50191667, 35.26225972], [133.50202028, 35.26222389], [133.50208528, 35.26217389], [133.50213777, 35.26211472], [133.50217528, 35.26204638], [133.50222167, 35.26199389], [133.50227277, 35.26195555], [133.50231278, 35.26191973], [133.50236778, 35.26189806], [133.50242528, 35.26188306], [133.50250416, 35.26187889], [133.50257278, 35.26186889], [133.50263528, 35.26184722], [133.50266917, 35.26182389], [133.50270666, 35.26179556], [133.50274028, 35.26179389], [133.50278528, 35.26180055], [133.50282028, 35.26181722], [133.50284166, 35.26184889], [133.50283528, 35.26186972], [133.50278416, 35.26191138], [133.50267278, 35.26198806], [133.50257667, 35.26205722], [133.50248028, 35.26212223], [133.50240527, 35.26220806], [133.50234278, 35.26230555], [133.50232167, 35.26239223], [133.50232167, 35.26245973], [133.50233416, 35.26252639], [133.50236167, 35.26259473], [133.50242666, 35.26266472], [133.50251777, 35.26274305], [133.50259416, 35.26279139], [133.50270778, 35.26284555], [133.50277528, 35.26286972], [133.50283778, 35.26290472], [133.50290528, 35.26295473], [133.50301277, 35.26305028], [133.50314416, 35.26315527], [133.50327667, 35.26325944], [133.50337667, 35.26332861], [133.50347527, 35.26337611], [133.50360167, 35.26343362], [133.50376278, 35.26351361], [133.50388917, 35.26356361], [133.50401, 35.26358694], [133.504085, 35.26359528], [133.50416389, 35.26359528], [133.5041975, 35.26360861], [133.50426639, 35.26365862], [133.50427, 35.26368028], [133.5042625, 35.26370195], [133.50424889, 35.26373778], [133.50426, 35.26379195], [133.5043, 35.26386528], [133.50433889, 35.26391861], [133.50440639, 35.26396278], [133.5045175, 35.26400695], [133.5047775, 35.26406611], [133.5050275, 35.26411194], [133.50522889, 35.26415195], [133.50541139, 35.26420194], [133.50555638, 35.26425111], [133.505855, 35.26436028], [133.50612, 35.26443611], [133.506295, 35.26446361], [133.50651639, 35.26450861], [133.50661139, 35.26452944], [133.5067025, 35.26452944], [133.50679139, 35.26451861], [133.50691, 35.26450195], [133.50717972, 35.26446778], [133.50745223, 35.26444944], [133.50765972, 35.26445611], [133.50776972, 35.26447695], [133.50784611, 35.26451028], [133.50800611, 35.26479445], [133.50802111, 35.26519778], [133.50802111, 35.26532361], [133.50810861, 35.26561944], [133.50849111, 35.26602027], [133.50953972, 35.26665666], [133.51091333, 35.26667361], [133.51153695, 35.26681278], [133.51158445, 35.26682111], [133.51165195, 35.26682361], [133.51172834, 35.26683528], [133.51188444, 35.26687195], [133.51204944, 35.26691861], [133.51221694, 35.26696861], [133.51238195, 35.26702945], [133.51261334, 35.26709361], [133.51275583, 35.26713444], [133.51289333, 35.26718833], [133.51300834, 35.26724083], [133.51311333, 35.26727167], [133.51325056, 35.2673075], [133.51334305, 35.26732], [133.51342806, 35.26733416], [133.51349556, 35.2673625], [133.51354667, 35.2673975], [133.51358917, 35.26741917], [133.51375556, 35.26748833], [133.51392556, 35.2675725], [133.51409667, 35.26765334], [133.51430305, 35.26776916], [133.51445805, 35.267855], [133.51455056, 35.26792584], [133.51461806, 35.26801584], [133.51483166, 35.2682325], [133.51492055, 35.26829667], [133.51497056, 35.2683275], [133.51502556, 35.26834167], [133.51528055, 35.26841667], [133.51554417, 35.26851583], [133.51596417, 35.2686475], [133.51612639, 35.26876667], [133.51629888, 35.26891417], [133.51641528, 35.26906833], [133.51647389, 35.2691225]]]}, "properties": {"N03_001": "鳥取県", "N03_002": null, "N03_003": "日野郡", "N03_004": "江府町", "N03_005": null, "N03_007": "31403"}}]}